Date,AdjClose,Close,High,Low,Open,Volume
1980-12-08,0.09812241047620773,0.1283479928970337,0.1289059966802597,0.1283479928970337,0.1283479928970337,469033600
1980-12-15,0.09641601145267487,0.12611599266529083,0.12667399644851685,0.11272300034761429,0.12221000343561172,490134400
1980-12-22,0.12115994840860367,0.15848200023174286,0.15904000401496887,0.1322540044784546,0.1322540044784546,187891200
1980-12-29,0.11774716526269913,0.15401799976825714,0.16127200424671173,0.1523440033197403,0.16071400046348572,219452800
1981-01-05,0.10878799110651016,0.14229899644851685,0.15122799575328827,0.13504500687122345,0.15122799575328827,197904000
1981-01-12,0.10580183565616608,0.13839299976825714,0.14229899644851685,0.13616099953651428,0.14229899644851685,88502400
1981-01-19,0.11177413165569305,0.14620499312877655,0.1478790044784546,0.14229899644851685,0.14676299691200256,134332800
1981-01-26,0.09641601145267487,0.12611599266529083,0.1445309966802597,0.12611599266529083,0.1445309966802597,166588800
1981-02-02,0.09812241047620773,0.1283479928970337,0.1289059966802597,0.11886200308799744,0.11941999942064285,92579200
1981-02-09,0.08703022450208664,0.11383900046348572,0.12276799976825714,0.11383900046348572,0.12276799976825714,74659200
1981-02-16,0.08276430517435074,0.10825899988412857,0.12276799976825714,0.10825899988412857,0.11662899702787399,78198400
1981-02-23,0.09044378250837326,0.11830399930477142,0.11941999942064285,0.10602699965238571,0.10993299633264542,76182400
1981-03-02,0.0874568372964859,0.11439699679613113,0.11941999942064285,0.11439699679613113,0.11886200308799744,58620800
1981-03-09,0.07593804597854614,0.09933000057935715,0.10602699965238571,0.09653999656438828,0.10602699965238571,364112000
1981-03-16,0.08788339793682098,0.11495500057935715,0.11607100069522858,0.10323700308799744,0.10323700308799744,170329600
1981-03-23,0.08447065204381943,0.11049100011587143,0.12053599953651428,0.11049100011587143,0.11941999942064285,81760000
1981-03-30,0.09044378250837326,0.11830399930477142,0.11886200308799744,0.10825899988412857,0.11049100011587143,107856000
1981-04-06,0.09513621032238007,0.12444200366735458,0.125,0.11495500057935715,0.11662899702787399,101404800
1981-04-13,0.08532384783029556,0.11160700023174286,0.125,0.11160700023174286,0.12444200366735458,80640000
1981-04-20,0.09897556900978088,0.12946400046348572,0.13113799691200256,0.11495500057935715,0.11495500057935715,175952000
1981-04-27,0.09684266149997711,0.12667399644851685,0.1289059966802597,0.12444200366735458,0.1289059966802597,113523200
1981-05-04,0.09556284546852112,0.125,0.12667399644851685,0.12221000343561172,0.12667399644851685,68208000
1981-05-11,0.09385647624731064,0.12276799976825714,0.12444200366735458,0.11997800320386887,0.12276799976825714,30934400
1981-05-18,0.10708162188529968,0.140066996216774,0.141183003783226,0.12276799976825714,0.125,106512000
1981-05-25,0.11305389553308487,0.1478790044784546,0.1484380066394806,0.13950900733470917,0.140066996216774,368211200
1981-06-01,0.10793481022119522,0.141183003783226,0.1484380066394806,0.140625,0.1478790044784546,244876800
1981-06-08,0.11092095077037811,0.14508900046348572,0.14732100069522858,0.13616099953651428,0.1367190033197403,303094400
1981-06-15,0.10324228554964066,0.13504500687122345,0.14508900046348572,0.13504500687122345,0.14508900046348572,259145600
1981-06-22,0.09940220415592194,0.13002200424671173,0.1333709955215454,0.1289059966802597,0.13057999312877655,96947200
1981-06-29,0.08788339793682098,0.11495500057935715,0.12667399644851685,0.11495500057935715,0.12667399644851685,247251200
1981-07-06,0.07593804597854614,0.09933000057935715,0.1171879991889,0.09933000057935715,0.11216499656438828,137043200
1981-07-13,0.08831001818180084,0.11551299691200256,0.11607100069522858,0.1015629991889,0.1015629991889,111529600
1981-07-20,0.08191113919019699,0.10714299976825714,0.10825899988412857,0.10100399702787399,0.10825899988412857,141568000
1981-07-27,0.08532384783029556,0.11160700023174286,0.11216499656438828,0.10602699965238571,0.11160700023174286,76540800
1981-08-03,0.0861770287156105,0.11272300034761429,0.11607100069522858,0.11049100011587143,0.11160700023174286,81334400
1981-08-10,0.07807181030511856,0.10212100297212601,0.11272300034761429,0.10212100297212601,0.11272300034761429,149408000
1981-08-17,0.06868597120046616,0.0898440033197403,0.09988799691200256,0.0898440033197403,0.09988799691200256,115606400
1981-08-24,0.06868597120046616,0.0898440033197403,0.09040199965238571,0.08426299691200256,0.08482100069522858,161324800
1981-08-31,0.06953918188810349,0.09096000343561172,0.0976559966802597,0.0898440033197403,0.0898440033197403,150080000
1981-09-07,0.06697959452867508,0.08761200308799744,0.08928599953651428,0.08761200308799744,0.08872800320386887,108326400
1981-09-14,0.060579974204301834,0.07924100011587143,0.08537899702787399,0.07868299633264542,0.08537899702787399,112246400
1981-09-21,0.048634596168994904,0.06361600011587143,0.08035700023174286,0.06361600011587143,0.07979899644851685,177564800
1981-09-28,0.056314025074243546,0.07366099953651428,0.0742190033197403,0.06417399644851685,0.06417399644851685,342585600
1981-10-05,0.06356610357761383,0.08314699679613113,0.08426299691200256,0.07533500343561172,0.07589299976825714,195910400
1981-10-12,0.06228633224964142,0.08147300034761429,0.08705399930477142,0.08091499656438828,0.0859379991889,168425600
1981-10-19,0.06484590470790863,0.08482100069522858,0.08816999942064285,0.08314699679613113,0.08314699679613113,193401600
1981-10-26,0.06825941801071167,0.08928599953651428,0.0898440033197403,0.08482100069522858,0.08482100069522858,240262400
1981-11-02,0.06143313646316528,0.08035700023174286,0.0898440033197403,0.07979899644851685,0.08928599953651428,137065600
1981-11-09,0.061859745532274246,0.08091499656438828,0.08761200308799744,0.08091499656438828,0.08147300034761429,125507200
1981-11-16,0.06484590470790863,0.08482100069522858,0.08537899702787399,0.07979899644851685,0.08035700023174286,165222400
1981-11-23,0.06441929191350937,0.08426299691200256,0.08482100069522858,0.08035700023174286,0.0820309966802597,134915200
1981-11-30,0.06484590470790863,0.08482100069522858,0.08537899702787399,0.08258900046348572,0.08370500057935715,242502400
1981-12-07,0.06399267166852951,0.08370500057935715,0.0859379991889,0.08370500057935715,0.08537899702787399,257689600
1981-12-14,0.07807181030511856,0.10212100297212601,0.10267899930477142,0.08091499656438828,0.0820309966802597,245190400
1981-12-21,0.07465830445289612,0.0976559966802597,0.09988799691200256,0.09709800034761429,0.09821400046348572,168044800
1981-12-28,0.07551149278879166,0.09877199679613113,0.09933000057935715,0.09319200366735458,0.09430799633264542,147660800
1982-01-04,0.06783278286457062,0.08872800320386887,0.09877199679613113,0.08482100069522858,0.09877199679613113,299824000
1982-01-11,0.06825941801071167,0.08928599953651428,0.09040199965238571,0.07979899644851685,0.08370500057935715,207424000
1982-01-18,0.0708189383149147,0.09263399988412857,0.09319200366735458,0.08872800320386887,0.09096000343561172,166924800
1982-01-25,0.06953918188810349,0.09096000343561172,0.09151799976825714,0.08649600297212601,0.09040199965238571,190041600
1982-02-01,0.06740621477365494,0.08816999942064285,0.09151799976825714,0.08816999942064285,0.09096000343561172,186614400
1982-02-08,0.06399267166852951,0.08370500057935715,0.08426299691200256,0.08258900046348572,0.08314699679613113,172569600
1982-02-15,0.06399267166852951,0.08370500057935715,0.08482100069522858,0.0820309966802597,0.08258900046348572,101875200
1982-02-22,0.06228633224964142,0.08147300034761429,0.08314699679613113,0.08147300034761429,0.08314699679613113,147347200
1982-03-01,0.056740615516901016,0.0742190033197403,0.08258900046348572,0.0742190033197403,0.0820309966802597,177452800
1982-03-08,0.05204733461141586,0.06808000057935715,0.0742190033197403,0.06808000057935715,0.07366099953651428,243712000
1982-03-15,0.056740615516901016,0.0742190033197403,0.07477699965238571,0.06305799633264542,0.06808000057935715,271152000
1982-03-22,0.0554608479142189,0.07254499942064285,0.08035700023174286,0.07254499942064285,0.07979899644851685,311651200
1982-03-29,0.060579974204301834,0.07924100011587143,0.07979899644851685,0.0742190033197403,0.0742190033197403,339651200
1982-04-05,0.05972674861550331,0.078125,0.07979899644851685,0.07756700366735458,0.07924100011587143,211321600
1982-04-12,0.057593800127506256,0.07533500343561172,0.07868299633264542,0.07142899930477142,0.078125,511526400
1982-04-19,0.05247396230697632,0.06863799691200256,0.07477699965238571,0.06863799691200256,0.07477699965238571,295747200
1982-04-26,0.05034097284078598,0.06584800034761429,0.07087100297212601,0.06528999656438828,0.0703129991889,587059200
1982-05-03,0.0554608479142189,0.07254499942064285,0.07310300320386887,0.06808000057935715,0.06808000057935715,370809600
1982-05-10,0.04991438239812851,0.06528999656438828,0.07198700308799744,0.06528999656438828,0.07198700308799744,355824000
1982-05-17,0.048634596168994904,0.06361600011587143,0.06473200023174286,0.0625,0.06473200023174286,339987200
1982-05-24,0.04778142273426056,0.0625,0.06473200023174286,0.0625,0.06417399644851685,177273600
1982-05-31,0.044795263558626175,0.05859399959445,0.06305799633264542,0.05859399959445,0.061941999942064285,157942400
1982-06-07,0.04564846679568291,0.059709999710321426,0.06026799976825714,0.05691999942064285,0.05859399959445,191452800
1982-06-14,0.04394209757447243,0.05747799947857857,0.06026799976825714,0.05747799947857857,0.059709999710321426,155971200
1982-06-21,0.04522189125418663,0.05915199965238571,0.0625,0.05747799947857857,0.05747799947857857,169680000
1982-06-28,0.04095517098903656,0.05357100069522858,0.05915199965238571,0.05357100069522858,0.05915199965238571,242435200
1982-07-05,0.03882220759987831,0.05078100040555,0.05189700052142143,0.04910700023174286,0.05189700052142143,410816000
1982-07-12,0.04522189125418663,0.05915199965238571,0.059709999710321426,0.05189700052142143,0.05189700052142143,391686400
1982-07-19,0.04820800572633743,0.06305799633264542,0.06473200023174286,0.059709999710321426,0.059709999710321426,258697600
1982-07-26,0.04607505351305008,0.06026799976825714,0.060825999826192856,0.05747799947857857,0.060825999826192856,243174400
1982-08-02,0.041809141635894775,0.054687999188899994,0.0625,0.054687999188899994,0.061941999942064285,434716800
1982-08-09,0.044795263558626175,0.05859399959445,0.059709999710321426,0.05524599924683571,0.05524599924683571,294828800
1982-08-16,0.05034097284078598,0.06584800034761429,0.0664059966802597,0.059709999710321426,0.059709999710321426,313689600
1982-08-23,0.057593800127506256,0.07533500343561172,0.07979899644851685,0.06863799691200256,0.06863799691200256,891766400
1982-08-30,0.0627129077911377,0.0820309966802597,0.08258900046348572,0.07645100355148315,0.07645100355148315,483526400
1982-09-06,0.061859745532274246,0.08091499656438828,0.08147300034761429,0.07756700366735458,0.078125,273369600
1982-09-13,0.060579974204301834,0.07924100011587143,0.08482100069522858,0.07924100011587143,0.08147300034761429,366553600
1982-09-20,0.061859745532274246,0.08091499656438828,0.08426299691200256,0.07979899644851685,0.07979899644851685,497190400
1982-09-27,0.06313949823379517,0.08258900046348572,0.08370500057935715,0.08091499656438828,0.08091499656438828,310172800
1982-10-04,0.08020474761724472,0.10491099953651428,0.1054690033197403,0.08035700023174286,0.08258900046348572,910313600
1982-10-11,0.07849837839603424,0.10267899930477142,0.11049100011587143,0.10100399702787399,0.10491099953651428,1094800000
1982-10-18,0.08831001818180084,0.11551299691200256,0.11941999942064285,0.10267899930477142,0.10267899930477142,848489600
1982-10-25,0.08660365641117096,0.1132809966802597,0.11607100069522858,0.10379499942064285,0.11551299691200256,879648000
1982-11-01,0.10281559079885483,0.13448700308799744,0.14229899644851685,0.11216499656438828,0.1132809966802597,1120918400
1982-11-08,0.11049433797597885,0.1445309966802597,0.15178599953651428,0.1283479928970337,0.13448700308799744,756022400
1982-11-15,0.1053752601146698,0.13783499598503113,0.14620499312877655,0.1333709955215454,0.1445309966802597,700739200
1982-11-22,0.09897556900978088,0.12946400046348572,0.13783499598503113,0.125558003783226,0.13783499598503113,365478400
1982-11-29,0.1083613783121109,0.14174099266529083,0.15067000687122345,0.125,0.12946400046348572,628297600
1982-12-06,0.09982876479625702,0.13057999312877655,0.155691996216774,0.1289059966802597,0.14174099266529083,788323200
1982-12-13,0.10281559079885483,0.13448700308799744,0.13560299575328827,0.12332600355148315,0.12946400046348572,718121600
1982-12-20,0.10921456664800644,0.14285700023174286,0.14285700023174286,0.13169600069522858,0.13448700308799744,337926400
1982-12-27,0.10196252167224884,0.1333709955215454,0.15067000687122345,0.1322540044784546,0.14285700023174286,462470400
1983-01-03,0.09385647624731064,0.12276799976825714,0.13616099953651428,0.12276799976825714,0.1333709955215454,747936000
1983-01-10,0.1126272976398468,0.14732100069522858,0.14732100069522858,0.12165199965238571,0.12276799976825714,720630400
1983-01-17,0.1275595873594284,0.16685299575328827,0.17410700023174286,0.14508900046348572,0.14732100069522858,1734745600
1983-01-24,0.13993152976036072,0.18303599953651428,0.1875,0.15457600355148315,0.16685299575328827,1187715200
1983-01-31,0.15017050504684448,0.19642899930477142,0.202566996216774,0.1791290044784546,0.18303599953651428,1132902400
1983-02-07,0.15870240330696106,0.20758900046348572,0.2109380066394806,0.18192000687122345,0.19642899930477142,932108800
1983-02-14,0.15486299991607666,0.202566996216774,0.20814700424671173,0.19029000401496887,0.20758900046348572,608988800
1983-02-21,0.15955553948879242,0.20870499312877655,0.21707600355148315,0.203683003783226,0.203683003783226,535001600
1983-02-28,0.15230347216129303,0.1992190033197403,0.2109380066394806,0.19307999312877655,0.20870499312877655,661852800
1983-03-07,0.1446240246295929,0.18917399644851685,0.1997770071029663,0.18470999598503113,0.1992190033197403,773024000
1983-03-14,0.14675702154636383,0.19196400046348572,0.19419600069522858,0.1791290044784546,0.18861599266529083,488185600
1983-03-21,0.14718365669250488,0.19252200424671173,0.20145100355148315,0.18861599266529083,0.19196400046348572,506307200
1983-03-28,0.14419744908809662,0.18861599266529083,0.19866099953651428,0.18638400733470917,0.19196400046348572,351254400
1983-04-04,0.1343851089477539,0.1757809966802597,0.18861599266529083,0.172433003783226,0.18861599266529083,759248000
1983-04-11,0.15614280104637146,0.20424099266529083,0.20591500401496887,0.17299099266529083,0.1757809966802597,845667200
1983-04-18,0.17406125366687775,0.22767899930477142,0.23549099266529083,0.20535700023174286,0.20535700023174286,1035014400
1983-04-25,0.172354057431221,0.22544600069522858,0.22935299575328827,0.21595999598503113,0.22767899930477142,698902400
1983-05-02,0.18813949823379517,0.2460940033197403,0.24888400733470917,0.21261200308799744,0.22544600069522858,572835200
1983-05-09,0.18131330609321594,0.23716500401496887,0.24720999598503113,0.233816996216774,0.2460940033197403,323724800
1983-05-16,0.1941118836402893,0.2539060115814209,0.2544640004634857,0.22823700308799744,0.23716500401496887,596937600
1983-05-23,0.20264442265033722,0.2650670111179352,0.2723209857940674,0.24888400733470917,0.2539060115814209,545372800
1983-05-30,0.20947065949440002,0.2739959955215454,0.27511200308799744,0.25279000401496887,0.264508992433548,287593600
1983-06-06,0.20221784710884094,0.264508992433548,0.282366007566452,0.26060301065444946,0.2739959955215454,378537600
1983-06-13,0.19155225157737732,0.2505579888820648,0.2650670111179352,0.2377229928970337,0.264508992433548,722086400
1983-06-20,0.18173988163471222,0.2377229928970337,0.25223198533058167,0.233816996216774,0.2505579888820648,587641600
1983-06-27,0.1680881530046463,0.21986599266529083,0.2377229928970337,0.20424099266529083,0.2377229928970337,1049417600
1983-07-04,0.15784916281700134,0.2064729928970337,0.22042399644851685,0.20535700023174286,0.21986599266529083,337590400
1983-07-11,0.15145021677017212,0.19810299575328827,0.2154020071029663,0.19698700308799744,0.2064729928970337,459984000
1983-07-18,0.14931733906269073,0.1953130066394806,0.2070309966802597,0.18192000687122345,0.19810299575328827,991468800
1983-07-25,0.11902691423892975,0.155691996216774,0.1953130066394806,0.15122799575328827,0.1953130066394806,1136531200
1983-08-01,0.11561418324708939,0.15122799575328827,0.16238799691200256,0.14174099266529083,0.155691996216774,881462400
1983-08-08,0.11433441936969757,0.14955399930477142,0.155691996216774,0.1478790044784546,0.15122799575328827,553974400
1983-08-15,0.11518760025501251,0.15067000687122345,0.15513400733470917,0.14620499312877655,0.14955399930477142,478419200
1983-08-22,0.1053752601146698,0.13783499598503113,0.1523440033197403,0.13392899930477142,0.15067000687122345,575209600
1983-08-29,0.12969253957271576,0.16964299976825714,0.171875,0.13392899930477142,0.13783499598503113,919945600
1983-09-05,0.10452207177877426,0.1367190033197403,0.17745499312877655,0.13616099953651428,0.17299099266529083,1086288000
1983-09-12,0.10025536268949509,0.13113799691200256,0.14620499312877655,0.13002200424671173,0.1367190033197403,1036604800
1983-09-19,0.08276430517435074,0.10825899988412857,0.14955399930477142,0.09933000057935715,0.13113799691200256,3511222400
1983-09-26,0.07892497628927231,0.10323700308799744,0.11551299691200256,0.09877199679613113,0.10881700366735458,1960022400
1983-10-03,0.06953918188810349,0.09096000343561172,0.10602699965238571,0.0898440033197403,0.10323700308799744,992454400
1983-10-10,0.0776451975107193,0.1015629991889,0.10714299976825714,0.0820309966802597,0.0898440033197403,1942281600
1983-10-17,0.06783278286457062,0.08872800320386887,0.1015629991889,0.08426299691200256,0.1015629991889,1178172800
1983-10-24,0.07124554365873337,0.09319200366735458,0.0976559966802597,0.07979899644851685,0.08872800320386887,735795200
1983-10-31,0.07209872454404831,0.09430799633264542,0.10770100355148315,0.09375,0.09430799633264542,1136777600
1983-11-07,0.06825941801071167,0.08928599953651428,0.09653999656438828,0.07700899988412857,0.09430799633264542,2065212800
1983-11-14,0.07039237022399902,0.09207600355148315,0.09319200366735458,0.08482100069522858,0.08928599953651428,499475200
1983-11-21,0.06996576488018036,0.09151799976825714,0.09709800034761429,0.08928599953651428,0.09207600355148315,361849600
1983-11-28,0.06783278286457062,0.08872800320386887,0.09598200023174286,0.08816999942064285,0.09151799976825714,394060800
1983-12-05,0.07380511611700058,0.09653999656438828,0.09877199679613113,0.08816999942064285,0.08872800320386887,406694400
1983-12-12,0.08447065204381943,0.11049100011587143,0.11160700023174286,0.09375,0.09653999656438828,966044800
1983-12-19,0.08404407650232315,0.10993299633264542,0.11160700023174286,0.10267899930477142,0.11049100011587143,702240000
1983-12-26,0.08319089561700821,0.10881700366735458,0.11272300034761429,0.10825899988412857,0.10993299633264542,419596800
1984-01-02,0.09470967203378677,0.12388399988412857,0.12946400046348572,0.10881700366735458,0.10881700366735458,917011200
1984-01-09,0.0930032953619957,0.12165199965238571,0.12723200023174286,0.1132809966802597,0.12388399988412857,795961600
1984-01-16,0.09769579023122787,0.12779000401496887,0.13169600069522858,0.1210940033197403,0.12165199965238571,798224000
1984-01-23,0.0891631692647934,0.11662899702787399,0.13002200424671173,0.11439699679613113,0.12779000401496887,1225056000
1984-01-30,0.08361748605966568,0.109375,0.11886200308799744,0.10323700308799744,0.11662899702787399,1066083200
1984-02-06,0.08319089561700821,0.10881700366735458,0.11160700023174286,0.09988799691200256,0.109375,910268800
1984-02-13,0.08532384783029556,0.11160700023174286,0.11941999942064285,0.10658500343561172,0.10881700366735458,755507200
1984-02-20,0.09257668256759644,0.1210940033197403,0.12332600355148315,0.11104899644851685,0.11160700023174286,576531200
1984-02-27,0.0930032953619957,0.12165199965238571,0.125,0.11216499656438828,0.1210940033197403,749145600
1984-03-05,0.09001713991165161,0.11774600297212601,0.12221000343561172,0.11216499656438828,0.12165199965238571,465001600
1984-03-12,0.09087032824754715,0.11886200308799744,0.12388399988412857,0.11774600297212601,0.11830399930477142,517507200
1984-03-19,0.08703022450208664,0.11383900046348572,0.11941999942064285,0.11160700023174286,0.11830399930477142,343100800
1984-03-26,0.08447065204381943,0.11049100011587143,0.11662899702787399,0.109375,0.11383900046348572,316668800
1984-04-02,0.08020474761724472,0.10491099953651428,0.11272300034761429,0.10267899930477142,0.11049100011587143,374841600
1984-04-09,0.08788339793682098,0.11495500057935715,0.11774600297212601,0.10491099953651428,0.10491099953651428,363753600
1984-04-16,0.09641601145267487,0.12611599266529083,0.12667399644851685,0.11216499656438828,0.11495500057935715,724147200
1984-04-23,0.10281559079885483,0.13448700308799744,0.1372770071029663,0.12221000343561172,0.12611599266529083,1460816000
1984-04-30,0.10281559079885483,0.13448700308799744,0.14955399930477142,0.1333709955215454,0.13448700308799744,1604848000
1984-05-07,0.11006777733564377,0.1439729928970337,0.15345999598503113,0.1333709955215454,0.13448700308799744,1256438400
1984-05-14,0.10153593122959137,0.1328130066394806,0.14341500401496887,0.1283479928970337,0.14341500401496887,887129600
1984-05-21,0.10068194568157196,0.13169600069522858,0.1439729928970337,0.1289059966802597,0.1328130066394806,1218694400
1984-05-28,0.10366886109113693,0.13560299575328827,0.13560299575328827,0.125,0.13169600069522858,884016000
1984-06-04,0.09769579023122787,0.12779000401496887,0.1372770071029663,0.12388399988412857,0.13560299575328827,849699200
1984-06-11,0.09897556900978088,0.12946400046348572,0.1333709955215454,0.12611599266529083,0.12779000401496887,507830400
1984-06-18,0.09769579023122787,0.12779000401496887,0.1367190033197403,0.12667399644851685,0.12946400046348572,621577600
1984-06-25,0.09044378250837326,0.11830399930477142,0.1289059966802597,0.10825899988412857,0.12779000401496887,953724800
1984-07-02,0.08575046062469482,0.11216499656438828,0.11886200308799744,0.10825899988412857,0.11830399930477142,527564800
1984-07-09,0.09001713991165161,0.11774600297212601,0.12165199965238571,0.11049100011587143,0.11216499656438828,788704000
1984-07-16,0.08660365641117096,0.1132809966802597,0.11774600297212601,0.11160700023174286,0.11774600297212601,502947200
1984-07-23,0.09257668256759644,0.1210940033197403,0.12332600355148315,0.109375,0.1132809966802597,691017600
1984-07-30,0.09342987835407257,0.12221000343561172,0.12276799976825714,0.10714299976825714,0.1210940033197403,1532137600
1984-08-06,0.09726919233798981,0.12723200023174286,0.13783499598503113,0.12165199965238571,0.12221000343561172,1908681600
1984-08-13,0.09385647624731064,0.12276799976825714,0.13504500687122345,0.1210940033197403,0.12723200023174286,893155200
1984-08-20,0.09598943591117859,0.125558003783226,0.13057999312877655,0.11886200308799744,0.12276799976825714,692720000
1984-08-27,0.09044378250837326,0.11830399930477142,0.12667399644851685,0.11662899702787399,0.125558003783226,409763200
1984-09-03,0.09044378250837326,0.11830399930477142,0.11997800320386887,0.11607100069522858,0.11830399930477142,437830400
1984-09-10,0.09513621032238007,0.12444200366735458,0.12723200023174286,0.11551299691200256,0.11830399930477142,804339200
1984-09-17,0.09172351658344269,0.11997800320386887,0.12946400046348572,0.11830399930477142,0.12779000401496887,562352000
1984-09-24,0.08575046062469482,0.11216499656438828,0.12165199965238571,0.10993299633264542,0.11997800320386887,696102400
1984-10-01,0.08489728718996048,0.11104899644851685,0.11439699679613113,0.109375,0.11160700023174286,559507200
1984-10-08,0.0776451975107193,0.1015629991889,0.11160700023174286,0.10044600069522858,0.11104899644851685,985644800
1984-10-15,0.0874568372964859,0.11439699679613113,0.12221000343561172,0.10658500343561172,0.10714299976825714,1091216000
1984-10-22,0.08404407650232315,0.10993299633264542,0.11830399930477142,0.109375,0.11439699679613113,741216000
1984-10-29,0.08489728718996048,0.11104899644851685,0.11272300034761429,0.11049100011587143,0.11049100011587143,260198400
1984-11-05,0.07935159653425217,0.10379499942064285,0.11774600297212601,0.10267899930477142,0.11104899644851685,944496000
1984-11-12,0.07935159653425217,0.10379499942064285,0.10993299633264542,0.10323700308799744,0.10770100355148315,616627200
1984-11-19,0.08105795085430145,0.10602699965238571,0.10770100355148315,0.0976559966802597,0.10379499942064285,812044800
1984-11-26,0.08447065204381943,0.11049100011587143,0.11830399930477142,0.10714299976825714,0.10714299976825714,922163200
1984-12-03,0.0930032953619957,0.12165199965238571,0.12667399644851685,0.10881700366735458,0.11049100011587143,1293084800
1984-12-10,0.09001713991165161,0.11774600297212601,0.12165199965238571,0.11383900046348572,0.12165199965238571,508323200
1984-12-17,0.09215010702610016,0.12053599953651428,0.1283479928970337,0.11941999942064285,0.12053599953651428,1047043200
1984-12-24,0.09812241047620773,0.1283479928970337,0.1289059966802597,0.12276799976825714,0.12276799976825714,398809600
1984-12-31,0.09684266149997711,0.12667399644851685,0.13057999312877655,0.12444200366735458,0.13002200424671173,686940800
1985-01-07,0.10153593122959137,0.1328130066394806,0.13504500687122345,0.125,0.12667399644851685,960870400
1985-01-14,0.09769579023122787,0.12779000401496887,0.13895100355148315,0.125,0.1367190033197403,1625478400
1985-01-21,0.10110855102539062,0.1322540044784546,0.13504500687122345,0.12667399644851685,0.13057999312877655,1896294400
1985-01-28,0.09769579023122787,0.12779000401496887,0.1367190033197403,0.12667399644851685,0.13504500687122345,1542329600
1985-02-04,0.10196252167224884,0.1333709955215454,0.13560299575328827,0.13057999312877655,0.13057999312877655,980000000
1985-02-11,0.09556284546852112,0.125,0.1372770071029663,0.12221000343561172,0.13616099953651428,1700944000
1985-02-18,0.0942830890417099,0.12332600355148315,0.12444200366735458,0.11774600297212601,0.12444200366735458,904556800
1985-02-25,0.08489728718996048,0.11104899644851685,0.12388399988412857,0.10714299976825714,0.12332600355148315,1257580800
1985-03-04,0.07337851077318192,0.09598200023174286,0.11607100069522858,0.09263399988412857,0.11272300034761429,1685017600
1985-03-11,0.07721781730651855,0.10100399702787399,0.10379499942064285,0.09653999656438828,0.09933000057935715,1179584000
1985-03-18,0.07593804597854614,0.09933000057935715,0.10323700308799744,0.09821400046348572,0.10212100297212601,944025600
1985-03-25,0.07551149278879166,0.09877199679613113,0.1015629991889,0.09653999656438828,0.09933000057935715,559529600
1985-04-01,0.07124554365873337,0.09319200366735458,0.10100399702787399,0.09207600355148315,0.09877199679613113,746009600
1985-04-08,0.07124554365873337,0.09319200366735458,0.09821400046348572,0.08761200308799744,0.09319200366735458,908745600
1985-04-15,0.07679124176502228,0.10044600069522858,0.10267899930477142,0.09542399644851685,0.09542399644851685,549180800
1985-04-22,0.07465830445289612,0.0976559966802597,0.10100399702787399,0.09653999656438828,0.10044600069522858,507158400
1985-04-29,0.06825941801071167,0.08928599953651428,0.09821400046348572,0.0859379991889,0.0976559966802597,702172800
1985-05-06,0.06911259889602661,0.09040199965238571,0.09151799976825714,0.08816999942064285,0.08928599953651428,571289600
1985-05-13,0.07423169910907745,0.09709800034761429,0.09877199679613113,0.08816999942064285,0.09040199965238571,781804800
1985-05-20,0.061859745532274246,0.08091499656438828,0.09933000057935715,0.08091499656438828,0.09709800034761429,1298931200
1985-05-27,0.05930016189813614,0.07756700366735458,0.08035700023174286,0.07533500343561172,0.07979899644851685,1441865600
1985-06-03,0.055887456983327866,0.07310300320386887,0.07924100011587143,0.07142899930477142,0.07589299976825714,2010780800
1985-06-10,0.05034097284078598,0.06584800034761429,0.07366099953651428,0.06584800034761429,0.07310300320386887,1810032000
1985-06-17,0.05503428354859352,0.07198700308799744,0.07366099953651428,0.0664059966802597,0.0664059966802597,1030489600
1985-06-24,0.06143313646316528,0.08035700023174286,0.08258900046348572,0.07700899988412857,0.07700899988412857,960086400
1985-07-01,0.06015337258577347,0.07868299633264542,0.08147300034761429,0.07700899988412857,0.08091499656438828,286249600
1985-07-08,0.06100655347108841,0.07979899644851685,0.08091499656438828,0.07868299633264542,0.07868299633264542,458102400
1985-07-15,0.05930016189813614,0.07756700366735458,0.08147300034761429,0.07700899988412857,0.07979899644851685,633203200
1985-07-22,0.056740615516901016,0.0742190033197403,0.07756700366735458,0.07254499942064285,0.07756700366735458,975318400
1985-07-29,0.053754452615976334,0.0703129991889,0.0742190033197403,0.0703129991889,0.0742190033197403,396704000
1985-08-05,0.05204733461141586,0.06808000057935715,0.07142899930477142,0.0664059966802597,0.0703129991889,515872000
1985-08-12,0.04991438239812851,0.06528999656438828,0.06919600069522858,0.06473200023174286,0.06808000057935715,576217600
1985-08-19,0.05034097284078598,0.06584800034761429,0.06808000057935715,0.06584800034761429,0.06696400046348572,359161600
1985-08-26,0.05119416490197182,0.06696400046348572,0.06863799691200256,0.0664059966802597,0.06752199679613113,218512000
1985-09-02,0.05119416490197182,0.06696400046348572,0.06752199679613113,0.06584800034761429,0.06696400046348572,210627200
1985-09-09,0.053754452615976334,0.0703129991889,0.07198700308799744,0.06808000057935715,0.06808000057935715,522883200
1985-09-16,0.057167209684848785,0.07477699965238571,0.07645100355148315,0.06808000057935715,0.0703129991889,662368000
1985-09-23,0.05418107286095619,0.07087100297212601,0.07700899988412857,0.07087100297212601,0.07533500343561172,364672000
1985-09-30,0.05119416490197182,0.06696400046348572,0.07142899930477142,0.06696400046348572,0.07087100297212601,264947200
1985-10-07,0.05460765212774277,0.07142899930477142,0.07254499942064285,0.06696400046348572,0.06696400046348572,641760000
1985-10-14,0.060579974204301834,0.07924100011587143,0.08537899702787399,0.0742190033197403,0.0742190033197403,1316134400
1985-10-21,0.06143313646316528,0.08035700023174286,0.08426299691200256,0.07700899988412857,0.07924100011587143,1027712000
1985-10-28,0.06356610357761383,0.08314699679613113,0.0859379991889,0.07979899644851685,0.08035700023174286,664563200
1985-11-04,0.06996576488018036,0.09151799976825714,0.09263399988412857,0.08314699679613113,0.08370500057935715,1074976000
1985-11-11,0.06783278286457062,0.08872800320386887,0.09263399988412857,0.08649600297212601,0.09151799976825714,675068800
1985-11-18,0.06484590470790863,0.08482100069522858,0.08928599953651428,0.08426299691200256,0.08872800320386887,489664000
1985-11-25,0.06868597120046616,0.0898440033197403,0.0898440033197403,0.08482100069522858,0.08482100069522858,552406400
1985-12-02,0.06740621477365494,0.08816999942064285,0.09263399988412857,0.08761200308799744,0.0898440033197403,610982400
1985-12-09,0.06825941801071167,0.08928599953651428,0.09040199965238571,0.0859379991889,0.08816999942064285,954800000
1985-12-16,0.07636465132236481,0.09988799691200256,0.10212100297212601,0.08928599953651428,0.08928599953651428,1433936000
1985-12-23,0.07636465132236481,0.09988799691200256,0.10100399702787399,0.09653999656438828,0.09988799691200256,376566400
1985-12-30,0.07636465132236481,0.09988799691200256,0.10100399702787399,0.09709800034761429,0.09988799691200256,554512000
1986-01-06,0.0776451975107193,0.1015629991889,0.10491099953651428,0.0976559966802597,0.09988799691200256,1863657600
1986-01-13,0.08191113919019699,0.10714299976825714,0.11049100011587143,0.10044600069522858,0.1015629991889,1791753600
1986-01-20,0.07721781730651855,0.10100399702787399,0.10770100355148315,0.09988799691200256,0.10714299976825714,690771200
1986-01-27,0.07892497628927231,0.10323700308799744,0.10881700366735458,0.09821400046348572,0.10100399702787399,1586032000
1986-02-03,0.08191113919019699,0.10714299976825714,0.10881700366735458,0.10212100297212601,0.10323700308799744,1070988800
1986-02-10,0.08105795085430145,0.10602699965238571,0.109375,0.10491099953651428,0.10714299976825714,645254400
1986-02-17,0.0861770287156105,0.11272300034761429,0.11495500057935715,0.10379499942064285,0.10602699965238571,834780800
1986-02-24,0.08532384783029556,0.11160700023174286,0.11941999942064285,0.11104899644851685,0.11272300034761429,869836800
1986-03-03,0.08447065204381943,0.11049100011587143,0.11495500057935715,0.10825899988412857,0.11160700023174286,572476800
1986-03-10,0.0891631692647934,0.11662899702787399,0.1171879991889,0.10881700366735458,0.11049100011587143,765049600
1986-03-17,0.0942830890417099,0.12332600355148315,0.1322540044784546,0.1132809966802597,0.11607100069522858,1722470400
1986-03-24,0.09641601145267487,0.12611599266529083,0.12946400046348572,0.11774600297212601,0.12332600355148315,1016534400
1986-03-31,0.09129693359136581,0.11941999942064285,0.12723200023174286,0.1171879991889,0.12611599266529083,1072848000
1986-04-07,0.09215010702610016,0.12053599953651428,0.12388399988412857,0.1171879991889,0.11941999942064285,634323200
1986-04-14,0.10153593122959137,0.1328130066394806,0.1333709955215454,0.11941999942064285,0.12053599953651428,944966400
1986-04-21,0.11006777733564377,0.1439729928970337,0.14564700424671173,0.13113799691200256,0.1333709955215454,1582336000
1986-04-28,0.1040954738855362,0.13616099953651428,0.14620499312877655,0.11997800320386887,0.1439729928970337,767536000
1986-05-05,0.1139078289270401,0.1489959955215454,0.15011200308799744,0.13616099953651428,0.13616099953651428,1022537600
1986-05-12,0.12286627292633057,0.16071400046348572,0.16685299575328827,0.1484380066394806,0.1489959955215454,1896966400
1986-05-19,0.1262797713279724,0.16517899930477142,0.16741099953651428,0.1529020071029663,0.16071400046348572,1162380800
1986-05-26,0.1262797713279724,0.16517899930477142,0.16741099953651428,0.16238799691200256,0.16517899930477142,520643200
1986-06-02,0.12883935868740082,0.1685270071029663,0.17466500401496887,0.1640630066394806,0.16517899930477142,1151046400
1986-06-09,0.12414609640836716,0.16238799691200256,0.16908499598503113,0.156808003783226,0.1685270071029663,952873600
1986-06-16,0.12286627292633057,0.16071400046348572,0.1646209955215454,0.14508900046348572,0.16238799691200256,1331254400
1986-06-23,0.12243975698947906,0.1601559966802597,0.1640630066394806,0.15345999598503113,0.16071400046348572,557424000
1986-06-30,0.12841284275054932,0.1679690033197403,0.1685270071029663,0.15513400733470917,0.1601559966802597,484489600
1986-07-07,0.12670640647411346,0.16573700308799744,0.1685270071029663,0.15178599953651428,0.1679690033197403,1253190400
1986-07-14,0.1083613783121109,0.14174099266529083,0.16685299575328827,0.13950900733470917,0.16573700308799744,1635200000
1986-07-21,0.11604083329439163,0.15178599953651428,0.15457600355148315,0.14620499312877655,0.14732100069522858,1009680000
1986-07-28,0.10708162188529968,0.140066996216774,0.15178599953651428,0.13392899930477142,0.15122799575328827,1529920000
1986-08-04,0.10793481022119522,0.141183003783226,0.14564700424671173,0.1367190033197403,0.140066996216774,716800000
1986-08-11,0.12201310694217682,0.1595979928970337,0.16517899930477142,0.14174099266529083,0.14229899644851685,1250211200
1986-08-18,0.12371949106454849,0.16182999312877655,0.1635040044784546,0.15457600355148315,0.1595979928970337,766819200
1986-08-25,0.1262797713279724,0.16517899930477142,0.16964299976825714,0.16182999312877655,0.16294600069522858,759606400
1986-09-01,0.11988014727830887,0.156808003783226,0.16573700308799744,0.1523440033197403,0.16573700308799744,647740800
1986-09-08,0.1083613783121109,0.14174099266529083,0.16071400046348572,0.14174099266529083,0.15625,715478400
1986-09-15,0.11476103961467743,0.15011200308799744,0.156808003783226,0.14285700023174286,0.1439729928970337,812627200
1986-09-22,0.1168939471244812,0.1529020071029663,0.16238799691200256,0.14955399930477142,0.14955399930477142,1012614400
1986-09-29,0.11518760025501251,0.15067000687122345,0.15513400733470917,0.141183003783226,0.15011200308799744,761891200
1986-10-06,0.11348123103380203,0.1484380066394806,0.1529020071029663,0.1439729928970337,0.15067000687122345,470556800
1986-10-13,0.11476103961467743,0.15011200308799744,0.15736599266529083,0.14620499312877655,0.1478790044784546,792064000
1986-10-20,0.1126272976398468,0.14732100069522858,0.15011200308799744,0.1439729928970337,0.14955399930477142,555654400
1986-10-27,0.11817377805709839,0.15457600355148315,0.155691996216774,0.14732100069522858,0.14955399930477142,793609600
1986-11-03,0.12201310694217682,0.1595979928970337,0.16573700308799744,0.15122799575328827,0.15513400733470917,1497865600
1986-11-10,0.12030674517154694,0.15736599266529083,0.1635040044784546,0.155691996216774,0.1601559966802597,559686400
1986-11-17,0.12286627292633057,0.16071400046348572,0.16517899930477142,0.15401799976825714,0.15736599266529083,1196540800
1986-11-24,0.13651801645755768,0.17857100069522858,0.1841520071029663,0.16071400046348572,0.16182999312877655,1952070400
1986-12-01,0.14931733906269073,0.1953130066394806,0.1953130066394806,0.17466500401496887,0.17857100069522858,1583680000
1986-12-08,0.14078474044799805,0.1841520071029663,0.1958709955215454,0.1835940033197403,0.1947540044784546,1300118400
1986-12-15,0.14377090334892273,0.188058003783226,0.18973200023174286,0.1802459955215454,0.18303599953651428,886256000
1986-12-22,0.13993152976036072,0.18303599953651428,0.18973200023174286,0.18303599953651428,0.1875,594160000
1986-12-29,0.13950496912002563,0.18247799575328827,0.18526799976825714,0.1791290044784546,0.18303599953651428,519232000
1987-01-05,0.15486299991607666,0.202566996216774,0.20424099266529083,0.18303599953651428,0.1841520071029663,1529920000
1987-01-12,0.16638179123401642,0.21763400733470917,0.22935299575328827,0.19866099953651428,0.203125,1902924800
1987-01-19,0.17150092124938965,0.22432999312877655,0.24888400733470917,0.21372799575328827,0.21763400733470917,2602880000
1987-01-26,0.18941934406757355,0.24776799976825714,0.25558000802993774,0.22098200023174286,0.22321400046348572,2112320000
1987-02-02,0.18429945409297943,0.24107100069522858,0.2505579888820648,0.23604899644851685,0.24776799976825714,1276777600
1987-02-09,0.212030291557312,0.2773439884185791,0.27901801466941833,0.2304690033197403,0.23604899644851685,1887312000
1987-02-16,0.20904414355754852,0.2734380066394806,0.3007810115814209,0.27064698934555054,0.2773439884185791,1384566400
1987-02-23,0.23890699446201324,0.3125,0.31863799691200256,0.2661829888820648,0.27176299691200256,2067520000
1987-03-02,0.2295212596654892,0.3002229928970337,0.31473198533058167,0.2890630066394806,0.313616007566452,1795897600
1987-03-09,0.2167227566242218,0.28348198533058167,0.3035709857940674,0.28348198533058167,0.296875,1218000000
1987-03-16,0.232934832572937,0.3046880066394806,0.311383992433548,0.27901801466941833,0.28348198533058167,1346889600
1987-03-23,0.22184264659881592,0.2901790142059326,0.3058040142059326,0.2890630066394806,0.3035709857940674,1065411200
1987-03-30,0.24488022923469543,0.3203130066394806,0.3208709955215454,0.2779020071029663,0.28348198533058167,2068102400
1987-04-06,0.23976029455661774,0.313616007566452,0.3247770071029663,0.3013390004634857,0.3191959857940674,1234800000
1987-04-13,0.24402621388435364,0.3191959857940674,0.327008992433548,0.296875,0.3125,1246537600
1987-04-20,0.2551184892654419,0.33370500802993774,0.344866007566452,0.31026801466941833,0.3191959857940674,1544681600
1987-04-27,0.2730368971824646,0.35714301466941833,0.35714301466941833,0.327008992433548,0.3314729928970337,1384880000
1987-05-04,0.26962417364120483,0.3526790142059326,0.3671880066394806,0.3482140004634857,0.3549109995365143,1025068800
1987-05-11,0.26747027039527893,0.34933000802993774,0.3549109995365143,0.3348209857940674,0.34375,1062924800
1987-05-18,0.25337058305740356,0.33091500401496887,0.3504459857940674,0.3236609995365143,0.34933000802993774,1041465600
1987-05-25,0.2700345516204834,0.3526790142059326,0.359375,0.33035698533058167,0.3325890004634857,576777600
1987-06-01,0.2657613158226013,0.3470979928970337,0.3549109995365143,0.34375,0.3549109995365143,676636800
1987-06-08,0.2700345516204834,0.3526790142059326,0.358258992433548,0.342633992433548,0.3470979928970337,702262400
1987-06-15,0.2802882492542267,0.3660709857940674,0.3794640004634857,0.3392859995365143,0.3526790142059326,1255520000
1987-06-22,0.27687034010887146,0.36160698533058167,0.3861609995365143,0.35714301466941833,0.3683040142059326,617332800
1987-06-29,0.2777247428894043,0.3627229928970337,0.3660709857940674,0.3549109995365143,0.36160698533058167,422172800
1987-07-06,0.25977998971939087,0.3392859995365143,0.37276801466941833,0.32589301466941833,0.3638390004634857,1027409600
1987-07-13,0.2956705093383789,0.3861609995365143,0.3995540142059326,0.34598198533058167,0.3482140004634857,970782400
1987-07-20,0.2905428409576416,0.3794640004634857,0.38839301466941833,0.36160698533058167,0.3839290142059326,488577600
1987-07-27,0.2819978892803192,0.3683040142059326,0.3839290142059326,0.36160698533058167,0.3794640004634857,407097600
1987-08-03,0.31788867712020874,0.4151790142059326,0.421875,0.35714301466941833,0.3660709857940674,718558400
1987-08-10,0.33541202545166016,0.4375,0.4486609995365143,0.40848198533058167,0.4308040142059326,811171200
1987-08-17,0.36279234290122986,0.4732140004634857,0.4799109995365143,0.4308040142059326,0.4419640004634857,765755200
1987-08-24,0.3559476435184479,0.4642859995365143,0.4776790142059326,0.4598209857940674,0.4732140004634857,673736000
1987-08-31,0.34567996859550476,0.45089301466941833,0.4933040142059326,0.4464290142059326,0.46651801466941833,811798400
1987-09-07,0.37306010723114014,0.48660698533058167,0.4955359995365143,0.4330359995365143,0.4486609995365143,598080000
1987-09-14,0.35423654317855835,0.4620540142059326,0.4933040142059326,0.45535698533058167,0.4888390004634857,492508800
1987-09-21,0.39359602332115173,0.513392984867096,0.517857015132904,0.4486609995365143,0.4620540142059326,825899200
1987-09-28,0.40044063329696655,0.5223209857940674,0.5245540142059326,0.484375,0.513392984867096,710259200
1987-10-05,0.37049341201782227,0.483258992433548,0.533482015132904,0.4754459857940674,0.5223209857940674,870240000
1987-10-12,0.33027851581573486,0.4308040142059326,0.4888390004634857,0.42410698533058167,0.484375,1388800000
1987-10-19,0.24300245940685272,0.3169640004634857,0.4308040142059326,0.29129499197006226,0.4308040142059326,2162720000
1987-10-26,0.26439356803894043,0.344866007566452,0.3839290142059326,0.2466520071029663,0.3080359995365143,1940960000
1987-11-02,0.25840455293655396,0.3370540142059326,0.3526790142059326,0.3058040142059326,0.34598198533058167,1178240000
1987-11-09,0.2549814283847809,0.3325890004634857,0.35714301466941833,0.3214290142059326,0.33035698533058167,1029280000
1987-11-16,0.2435324490070343,0.3169640004634857,0.34375,0.296875,0.3370540142059326,1152480000
1987-11-23,0.24010245501995087,0.3125,0.3370540142059326,0.31026801466941833,0.3169640004634857,457598400
1987-11-30,0.21094755828380585,0.2745540142059326,0.3080359995365143,0.265625,0.3013390004634857,1303680000
1987-12-07,0.23324213922023773,0.3035709857940674,0.3236609995365143,0.2767859995365143,0.2767859995365143,1036000000
1987-12-14,0.2778328061103821,0.36160698533058167,0.3683040142059326,0.3058040142059326,0.3080359995365143,1599360000
1987-12-21,0.29241037368774414,0.38058000802993774,0.3839290142059326,0.359375,0.36160698533058167,558264000
1987-12-28,0.2881229817867279,0.375,0.390625,0.3526790142059326,0.37723198533058167,621600000
1988-01-04,0.27440300583839417,0.35714301466941833,0.4129459857940674,0.3526790142059326,0.3816959857940674,1607200000
1988-01-11,0.2941259741783142,0.3828130066394806,0.4017859995365143,0.3549109995365143,0.35714301466941833,1492960000
1988-01-18,0.26925745606422424,0.3504459857940674,0.3861609995365143,0.34151801466941833,0.3839290142059326,2020480000
1988-01-25,0.2846930921077728,0.3705359995365143,0.37276801466941833,0.34598198533058167,0.3526790142059326,1100960000
1988-02-01,0.26497018337249756,0.344866007566452,0.3794640004634857,0.34375,0.37276801466941833,948640000
1988-02-08,0.28181737661361694,0.3660709857940674,0.3705359995365143,0.3370540142059326,0.34375,834400000
1988-02-15,0.28697311878204346,0.37276801466941833,0.3816959857940674,0.35714301466941833,0.3660709857940674,645164800
1988-02-22,0.28697311878204346,0.37276801466941833,0.390625,0.3683040142059326,0.3705359995365143,828262400
1988-02-29,0.32220029830932617,0.4185270071029663,0.41964301466941833,0.3705359995365143,0.37276801466941833,1258880000
1988-03-07,0.31446710228919983,0.40848198533058167,0.4263390004634857,0.3973209857940674,0.4174109995365143,820960000
1988-03-14,0.3075940012931824,0.3995540142059326,0.4151790142059326,0.3950890004634857,0.40848198533058167,931403200
1988-03-21,0.27580344676971436,0.358258992433548,0.3984380066394806,0.35714301466941833,0.39620500802993774,1007339200
1988-03-28,0.2749442458152771,0.35714301466941833,0.375,0.34598198533058167,0.35714301466941833,975520000
1988-04-04,0.28181737661361694,0.3660709857940674,0.3783479928970337,0.34375,0.3549109995365143,885920000
1988-04-11,0.27150771021842957,0.3526790142059326,0.37723198533058167,0.34375,0.37276801466941833,887040000
1988-04-18,0.27580344676971436,0.358258992433548,0.3705359995365143,0.3482140004634857,0.3549109995365143,883332800
1988-04-25,0.28181737661361694,0.3660709857940674,0.375,0.35714301466941833,0.359375,641636800
1988-05-02,0.2835363745689392,0.3683040142059326,0.38504499197006226,0.36160698533058167,0.3638390004634857,608014400
1988-05-09,0.27838075160980225,0.36160698533058167,0.3683040142059326,0.3526790142059326,0.3683040142059326,501379200
1988-05-16,0.266879141330719,0.34598198533058167,0.375,0.34375,0.36160698533058167,774737600
1988-05-23,0.273766428232193,0.3549109995365143,0.35714301466941833,0.33370500802993774,0.34375,631176000
1988-05-30,0.29614996910095215,0.3839290142059326,0.3861609995365143,0.3549109995365143,0.35714301466941833,661920000
1988-06-06,0.3064801096916199,0.3973209857940674,0.40625,0.3816959857940674,0.3816959857940674,1181600000
1988-06-13,0.3082025945186615,0.3995540142059326,0.4107140004634857,0.3950890004634857,0.4017859995365143,766225600
1988-06-20,0.3099242150783539,0.4017859995365143,0.4095979928970337,0.391741007566452,0.39620500802993774,543860800
1988-06-27,0.3202552795410156,0.4151790142059326,0.4185270071029663,0.3973209857940674,0.3973209857940674,598864000
1988-07-04,0.3116460144519806,0.40401801466941833,0.42410698533058167,0.4017859995365143,0.4151790142059326,472001600
1988-07-11,0.3099242150783539,0.4017859995365143,0.40625,0.3950890004634857,0.40625,435534400
1988-07-18,0.29270583391189575,0.3794640004634857,0.4107140004634857,0.3794640004634857,0.405133992433548,608764800
1988-07-25,0.3056194484233856,0.39620500802993774,0.3973209857940674,0.37723198533058167,0.3816959857940674,575579200
1988-08-01,0.30475831031799316,0.3950890004634857,0.40848198533058167,0.39285698533058167,0.3973209857940674,439644800
1988-08-08,0.29270583391189575,0.3794640004634857,0.3995540142059326,0.37276801466941833,0.3973209857940674,531305600
1988-08-15,0.28118231892585754,0.3638390004634857,0.3861609995365143,0.36160698533058167,0.37723198533058167,709800000
1988-08-22,0.27773261070251465,0.359375,0.3638390004634857,0.3504459857940674,0.359375,627076800
1988-08-29,0.27428266406059265,0.3549109995365143,0.3671880066394806,0.34375,0.3638390004634857,778523200
1988-09-05,0.27945733070373535,0.36160698533058167,0.3660709857940674,0.3370540142059326,0.35714301466941833,764489600
1988-09-12,0.2915327548980713,0.37723198533058167,0.3816959857940674,0.35714301466941833,0.3660709857940674,795804800
1988-09-19,0.3018830418586731,0.390625,0.3950890004634857,0.3683040142059326,0.375,533310400
1988-09-26,0.2984332740306854,0.3861609995365143,0.3950890004634857,0.3794640004634857,0.390625,533680000
1988-10-03,0.27428266406059265,0.3549109995365143,0.3861609995365143,0.342633992433548,0.3839290142059326,890982400
1988-10-10,0.2673822343349457,0.34598198533058167,0.3549109995365143,0.3348209857940674,0.3526790142059326,981848000
1988-10-17,0.28290706872940063,0.3660709857940674,0.37276801466941833,0.34151801466941833,0.34375,810678400
1988-10-24,0.26565712690353394,0.34375,0.3683040142059326,0.34151801466941833,0.3683040142059326,637235200
1988-10-31,0.26048240065574646,0.3370540142059326,0.34598198533058167,0.328125,0.34598198533058167,991379200
1988-11-07,0.26565712690353394,0.34375,0.3549109995365143,0.33035698533058167,0.3325890004634857,734932800
1988-11-14,0.26220738887786865,0.3392859995365143,0.3504459857940674,0.3370540142059326,0.34598198533058167,450206400
1988-11-21,0.2525213360786438,0.32589301466941833,0.3370540142059326,0.3169640004634857,0.3348209857940674,606379200
1988-11-28,0.27154672145843506,0.3504459857940674,0.3560270071029663,0.3214290142059326,0.32589301466941833,945750400
1988-12-05,0.27068182826042175,0.34933000802993774,0.35714301466941833,0.34598198533058167,0.3526790142059326,461899200
1988-12-12,0.27760061621665955,0.358258992433548,0.36160698533058167,0.34151801466941833,0.3504459857940674,729792000
1988-12-19,0.2845194637775421,0.3671880066394806,0.375,0.35714301466941833,0.359375,897467200
1988-12-26,0.27846550941467285,0.359375,0.3705359995365143,0.3549109995365143,0.3660709857940674,311035200
1989-01-02,0.2948963940143585,0.38058000802993774,0.38839301466941833,0.35714301466941833,0.359375,845958400
1989-01-09,0.2992207705974579,0.3861609995365143,0.38839301466941833,0.3683040142059326,0.3839290142059326,682976000
1989-01-16,0.2836539149284363,0.3660709857940674,0.39285698533058167,0.3526790142059326,0.3861609995365143,1842848000
1989-01-23,0.2603050172328949,0.3359380066394806,0.376116007566452,0.3236609995365143,0.3638390004634857,2927198400
1989-01-30,0.27154672145843506,0.3504459857940674,0.359375,0.328125,0.3359380066394806,2186811200
1989-02-06,0.257709801197052,0.3325890004634857,0.3526790142059326,0.33035698533058167,0.3526790142059326,948057600
1989-02-13,0.25495201349258423,0.328125,0.3325890004634857,0.31473198533058167,0.328125,1829934400
1989-02-20,0.24974913895130157,0.3214290142059326,0.3370540142059326,0.3214290142059326,0.329241007566452,676379200
1989-02-27,0.24107718467712402,0.31026801466941833,0.328125,0.3035709857940674,0.3214290142059326,1226176000
1989-03-06,0.24281135201454163,0.3125,0.3236609995365143,0.3058040142059326,0.3125,881652800
1989-03-13,0.2419443279504776,0.311383992433548,0.3191959857940674,0.3035709857940674,0.3125,812470400
1989-03-20,0.23847582936286926,0.30691999197006226,0.3169640004634857,0.3013390004634857,0.3125,573406400
1989-03-27,0.24714715778827667,0.31808000802993774,0.3191959857940674,0.29910698533058167,0.3058040142059326,657910400
1989-04-03,0.2592875361442566,0.33370500802993774,0.3348209857940674,0.30245500802993774,0.3169640004634857,913628800
1989-04-10,0.26882678270339966,0.34598198533058167,0.3526790142059326,0.328125,0.3325890004634857,974456000
1989-04-17,0.27836593985557556,0.358258992433548,0.3716520071029663,0.3392859995365143,0.34375,1421996800
1989-04-24,0.27056097984313965,0.3482140004634857,0.36160698533058167,0.34375,0.35714301466941833,656342400
1989-05-01,0.28790515661239624,0.3705359995365143,0.3816959857940674,0.34375,0.34375,1166614400
1989-05-08,0.3121863901615143,0.4017859995365143,0.4017859995365143,0.3705359995365143,0.3705359995365143,1555220800
1989-05-15,0.31738901138305664,0.40848198533058167,0.4129459857940674,0.3995540142059326,0.3995540142059326,1337056000
1989-05-22,0.3372046947479248,0.4330359995365143,0.4375,0.40401801466941833,0.40848198533058167,967355200
1989-05-29,0.34068071842193604,0.4375,0.4419640004634857,0.41964301466941833,0.4308040142059326,531115200
1989-06-05,0.32677558064460754,0.41964301466941833,0.4375,0.4129459857940674,0.43526801466941833,717225600
1989-06-12,0.3093932271003723,0.3973209857940674,0.4486609995365143,0.38839301466941833,0.4174109995365143,1266552000
1989-06-19,0.3050483465194702,0.391741007566452,0.3995540142059326,0.375,0.3973209857940674,708612800
1989-06-26,0.2867978811264038,0.3683040142059326,0.3950890004634857,0.3526790142059326,0.39285698533058167,944910400
1989-07-03,0.2867978811264038,0.3683040142059326,0.375,0.35714301466941833,0.37276801466941833,447540800
1989-07-10,0.2833211123943329,0.3638390004634857,0.3683040142059326,0.3526790142059326,0.3660709857940674,1054502400
1989-07-17,0.2781069278717041,0.35714301466941833,0.3683040142059326,0.34598198533058167,0.3638390004634857,1222737600
1989-07-24,0.27376165986061096,0.3515630066394806,0.3549109995365143,0.3370540142059326,0.3549109995365143,851984000
1989-07-31,0.2972261607646942,0.3816959857940674,0.3816959857940674,0.3482140004634857,0.3504459857940674,709105600
1989-08-07,0.2911430597305298,0.373883992433548,0.40848198533058167,0.3683040142059326,0.3839290142059326,952011200
1989-08-14,0.293750137090683,0.37723198533058167,0.3794640004634857,0.35714301466941833,0.3705359995365143,624478400
1989-08-21,0.31187063455581665,0.3995540142059326,0.4017859995365143,0.375,0.37723198533058167,747622400
1989-08-28,0.31099945306777954,0.3984380066394806,0.4017859995365143,0.390625,0.3973209857940674,505075200
1989-09-04,0.31361281871795654,0.4017859995365143,0.40625,0.39285698533058167,0.3973209857940674,371302400
1989-09-11,0.31361281871795654,0.4017859995365143,0.4174109995365143,0.3950890004634857,0.3995540142059326,587025600
1989-09-18,0.31274160742759705,0.40066999197006226,0.4107140004634857,0.3839290142059326,0.3973209857940674,535561600
1989-09-25,0.3101273775100708,0.3973209857940674,0.40848198533058167,0.39285698533058167,0.3995540142059326,452838400
1989-10-02,0.3353915214538574,0.4296880066394806,0.4308040142059326,0.38504499197006226,0.3973209857940674,1074057600
1989-10-09,0.31883925199508667,0.40848198533058167,0.4497770071029663,0.4017859995365143,0.4285709857940674,923395200
1989-10-16,0.334519624710083,0.4285709857940674,0.4419640004634857,0.3794640004634857,0.3995540142059326,1192396800
1989-10-23,0.31535494327545166,0.40401801466941833,0.4330359995365143,0.3973209857940674,0.4285709857940674,756224000
1989-10-30,0.30141669511795044,0.3861609995365143,0.4174109995365143,0.3839290142059326,0.40625,867484800
1989-11-06,0.32580867409706116,0.4174109995365143,0.41964301466941833,0.3839290142059326,0.38839301466941833,570091200
1989-11-13,0.3126389682292938,0.3995540142059326,0.421875,0.390625,0.4151790142059326,435310400
1989-11-20,0.3126389682292938,0.3995540142059326,0.4151790142059326,0.3973209857940674,0.4017859995365143,374113600
1989-11-27,0.3073987364768982,0.39285698533058167,0.40401801466941833,0.3794640004634857,0.3995540142059326,603142400
1989-12-04,0.2916797399520874,0.37276801466941833,0.40848198533058167,0.3660709857940674,0.390625,985107200
1989-12-11,0.23578867316246033,0.3013390004634857,0.3705359995365143,0.2901790142059326,0.3660709857940674,2888110400
1989-12-18,0.2550012171268463,0.32589301466941833,0.3325890004634857,0.3013390004634857,0.3013390004634857,1225784000
1989-12-25,0.24626821279525757,0.31473198533058167,0.328125,0.3058040142059326,0.328125,695956800
1990-01-01,0.26373448967933655,0.3370540142059326,0.34598198533058167,0.3125,0.31473198533058167,736019200
1990-01-08,0.24102893471717834,0.3080359995365143,0.3392859995365143,0.3013390004634857,0.3348209857940674,770380800
1990-01-15,0.23928220570087433,0.3058040142059326,0.3191959857940674,0.2879459857940674,0.3080359995365143,1111712000
1990-01-22,0.22880277037620544,0.2924109995365143,0.31026801466941833,0.2879459857940674,0.3035709857940674,749067200
1990-01-29,0.23928220570087433,0.3058040142059326,0.31026801466941833,0.28683000802993774,0.29464301466941833,615865600
1990-02-05,0.23928220570087433,0.3058040142059326,0.31473198533058167,0.2879459857940674,0.3058040142059326,842833600
1990-02-12,0.2365483045578003,0.3013390004634857,0.3125,0.29910698533058167,0.3058040142059326,498321600
1990-02-19,0.23304404318332672,0.296875,0.3080359995365143,0.2901790142059326,0.29910698533058167,644291200
1990-02-26,0.2365483045578003,0.3013390004634857,0.31026801466941833,0.29464301466941833,0.29464301466941833,571692800
1990-03-05,0.25845110416412354,0.329241007566452,0.3348209857940674,0.29910698533058167,0.29910698533058167,997024000
1990-03-12,0.2821059226989746,0.359375,0.3638390004634857,0.3236609995365143,0.3325890004634857,1179315200
1990-03-19,0.29612356424331665,0.37723198533058167,0.3839290142059326,0.35714301466941833,0.36160698533058167,1435492800
1990-03-26,0.2821059226989746,0.359375,0.3872770071029663,0.35714301466941833,0.3794640004634857,635846400
1990-04-02,0.2794777750968933,0.3560270071029663,0.375,0.3526790142059326,0.35714301466941833,664641600
1990-04-09,0.30313268303871155,0.3861609995365143,0.39285698533058167,0.3526790142059326,0.3549109995365143,661763200
1990-04-16,0.2821059226989746,0.359375,0.3950890004634857,0.3549109995365143,0.38839301466941833,1356443200
1990-04-23,0.27422067523002625,0.34933000802993774,0.36160698533058167,0.3404020071029663,0.359375,823233600
1990-04-30,0.2803537845611572,0.35714301466941833,0.3638390004634857,0.3482140004634857,0.3504459857940674,771276800
1990-05-07,0.29875171184539795,0.38058000802993774,0.3816959857940674,0.3549109995365143,0.3549109995365143,739972800
1990-05-14,0.2786017656326294,0.3549109995365143,0.3816959857940674,0.3526790142059326,0.3816959857940674,875123200
1990-05-21,0.281131774187088,0.35714301466941833,0.3794640004634857,0.34598198533058167,0.3526790142059326,1242539200
1990-05-28,0.28640255331993103,0.3638390004634857,0.375,0.3504459857940674,0.35714301466941833,780348800
1990-06-04,0.26883214712142944,0.34151801466941833,0.3660709857940674,0.3348209857940674,0.3638390004634857,1210921600
1990-06-11,0.27761775255203247,0.3526790142059326,0.3638390004634857,0.3370540142059326,0.3370540142059326,746345600
1990-06-18,0.2916741967201233,0.3705359995365143,0.38058000802993774,0.342633992433548,0.3504459857940674,915936000
1990-06-25,0.3145163357257843,0.3995540142059326,0.40066999197006226,0.359375,0.3705359995365143,921614400
1990-07-02,0.3145163357257843,0.3995540142059326,0.4017859995365143,0.3861609995365143,0.3973209857940674,551432000
1990-07-09,0.32857269048690796,0.4174109995365143,0.4263390004634857,0.3995540142059326,0.4017859995365143,1336484800
1990-07-16,0.28815969824790955,0.3660709857940674,0.420758992433548,0.35714301466941833,0.4174109995365143,1382752000
1990-07-23,0.29079580307006836,0.36941999197006226,0.3861609995365143,0.35714301466941833,0.3660709857940674,711681600
1990-07-30,0.2899172902107239,0.3683040142059326,0.390625,0.3549109995365143,0.3638390004634857,767065600
1990-08-06,0.272346168756485,0.34598198533058167,0.3638390004634857,0.34151801466941833,0.3482140004634857,679817600
1990-08-13,0.25653257966041565,0.32589301466941833,0.359375,0.3191959857940674,0.3392859995365143,716340800
1990-08-20,0.2502581775188446,0.3169640004634857,0.3348209857940674,0.29910698533058167,0.32589301466941833,575937600
1990-08-27,0.26083263754844666,0.33035698533058167,0.342633992433548,0.3214290142059326,0.328125,570640000
1990-09-03,0.2564268112182617,0.3247770071029663,0.3348209857940674,0.313616007566452,0.32589301466941833,292600000
1990-09-10,0.23968380689620972,0.3035709857940674,0.33035698533058167,0.29464301466941833,0.33035698533058167,565835200
1990-09-17,0.22206030786037445,0.28125,0.31473198533058167,0.2767859995365143,0.3035709857940674,639542400
1990-09-24,0.2044367790222168,0.2589290142059326,0.28125,0.24330399930477142,0.28125,708971200
1990-10-01,0.19738689064979553,0.25,0.2857140004634857,0.234375,0.26339301466941833,1007865600
1990-10-08,0.1991492062807083,0.25223198533058167,0.2611609995365143,0.22767899930477142,0.2566959857940674,764646400
1990-10-15,0.22117917239665985,0.280133992433548,0.28348198533058167,0.21651799976825714,0.2544640004634857,2064048000
1990-10-22,0.21148589253425598,0.26785698533058167,0.28125,0.264508992433548,0.28125,849273600
1990-10-29,0.22382256388664246,0.28348198533058167,0.2890630066394806,0.2578130066394806,0.2700890004634857,609548800
1990-11-05,0.2502581775188446,0.3169640004634857,0.3191959857940674,0.2857140004634857,0.2879459857940674,969696000
1990-11-12,0.2484426498413086,0.313616007566452,0.3325890004634857,0.31026801466941833,0.3169640004634857,822528000
1990-11-19,0.2572841942310333,0.3247770071029663,0.33035698533058167,0.31026801466941833,0.3169640004634857,553952000
1990-11-26,0.2599363327026367,0.328125,0.34375,0.3214290142059326,0.3214290142059326,669166400
1990-12-03,0.30060654878616333,0.3794640004634857,0.3816959857940674,0.33035698533058167,0.3325890004634857,1397849600
1990-12-10,0.2820401191711426,0.3560270071029663,0.3794640004634857,0.3482140004634857,0.37723198533058167,1088628800
1990-12-17,0.31828972697257996,0.4017859995365143,0.40401801466941833,0.3482140004634857,0.3482140004634857,1239963200
1990-12-24,0.30414360761642456,0.3839290142059326,0.4017859995365143,0.3816959857940674,0.3995540142059326,323377600
1990-12-31,0.30591192841529846,0.3861609995365143,0.3950890004634857,0.375,0.3839290142059326,490963200
1991-01-07,0.3324359655380249,0.41964301466941833,0.421875,0.3794640004634857,0.3839290142059326,1739729600
1991-01-14,0.3554235100746155,0.4486609995365143,0.47098198533058167,0.4107140004634857,0.4107140004634857,2328446400
1991-01-21,0.378411203622818,0.4776790142059326,0.47879499197006226,0.4441959857940674,0.4441959857940674,1454040000
1991-01-28,0.3943254351615906,0.49776801466941833,0.5167409777641296,0.46651801466941833,0.4754459857940674,1512952000
1991-02-04,0.4235016405582428,0.5345979928970337,0.5379459857940674,0.4888390004634857,0.49776801466941833,1680257600
1991-02-11,0.40844520926475525,0.5145090222358704,0.549107015132904,0.5066959857940674,0.5357139706611633,1546619200
1991-02-18,0.42350709438323975,0.533482015132904,0.5558040142059326,0.5122770071029663,0.513392984867096,863329600
1991-02-25,0.4093310534954071,0.515625,0.5401790142059326,0.502232015132904,0.5379459857940674,1137158400
1991-03-04,0.46071869134902954,0.580357015132904,0.609375,0.5089290142059326,0.517857015132904,1697718400
1991-03-11,0.4695790112018585,0.591517984867096,0.6026790142059326,0.5558040142059326,0.575892984867096,1015504000
1991-03-18,0.44831493496894836,0.564732015132904,0.627232015132904,0.5558040142059326,0.5870540142059326,1632836800
1991-03-25,0.481982946395874,0.607142984867096,0.627232015132904,0.564732015132904,0.5669639706611633,738404800
1991-04-01,0.49172911047935486,0.6194199919700623,0.6495540142059326,0.6026790142059326,0.607142984867096,974825600
1991-04-08,0.5085627436637878,0.640625,0.654017984867096,0.595982015132904,0.6183040142059326,1131636800
1991-04-15,0.422620952129364,0.5323659777641296,0.580357015132904,0.53125,0.5513389706611633,3178235200
1991-04-22,0.4155333340167999,0.5234379768371582,0.5625,0.515625,0.53125,1040200000
1991-04-29,0.34731119871139526,0.4375,0.5379459857940674,0.41964301466941833,0.5223209857940674,3841364800
1991-05-06,0.3632590174674988,0.4575890004634857,0.4754459857940674,0.4308040142059326,0.4330359995365143,1139532800
1991-05-13,0.3331354260444641,0.41964301466941833,0.4799109995365143,0.4151790142059326,0.46651801466941833,1833428800
1991-05-20,0.3259929418563843,0.4095979928970337,0.42410698533058167,0.39285698533058167,0.421875,1145020800
1991-05-27,0.33398768305778503,0.41964301466941833,0.4263390004634857,0.40401801466941833,0.4107140004634857,931649600
1991-06-03,0.32776939868927,0.41183000802993774,0.4419640004634857,0.407366007566452,0.41964301466941833,858894400
1991-06-10,0.29223954677581787,0.3671880066394806,0.420758992433548,0.3638390004634857,0.4107140004634857,1228292800
1991-06-17,0.29845699667930603,0.375,0.3861609995365143,0.3638390004634857,0.3660709857940674,940284800
1991-06-24,0.2949042320251465,0.3705359995365143,0.38839301466941833,0.359375,0.37276801466941833,1064190400
1991-07-01,0.3242167532444,0.407366007566452,0.4107140004634857,0.37276801466941833,0.37723198533058167,956894400
1991-07-08,0.3322112262248993,0.4174109995365143,0.4308040142059326,0.4017859995365143,0.40401801466941833,968766400
1991-07-15,0.3268813192844391,0.4107140004634857,0.4174109995365143,0.37723198533058167,0.4174109995365143,1096648000
1991-07-22,0.3188873529434204,0.40066999197006226,0.4151790142059326,0.3973209857940674,0.40848198533058167,513217600
1991-07-29,0.35530632734298706,0.4464290142059326,0.4486609995365143,0.3973209857940674,0.40401801466941833,969404800
1991-08-05,0.3606356084346771,0.453125,0.4620540142059326,0.4263390004634857,0.4441959857940674,876657600
1991-08-12,0.37840041518211365,0.4754459857940674,0.4910709857940674,0.45089301466941833,0.453125,934180800
1991-08-19,0.3774743378162384,0.4732140004634857,0.4955359995365143,0.4330359995365143,0.4419640004634857,1151348800
1991-08-26,0.3774743378162384,0.4732140004634857,0.484375,0.46651801466941833,0.4732140004634857,489025600
1991-09-02,0.3667910099029541,0.4598209857940674,0.4754459857940674,0.45089301466941833,0.47098198533058167,345318400
1991-09-09,0.34631532430648804,0.4341520071029663,0.4776790142059326,0.4330359995365143,0.4620540142059326,773270400
1991-09-16,0.36055952310562134,0.452008992433548,0.45535698533058167,0.4151790142059326,0.43973198533058167,829024000
1991-09-23,0.34898602962493896,0.4375,0.453125,0.4308040142059326,0.4464290142059326,382256000
1991-09-30,0.34364476799964905,0.4308040142059326,0.4620540142059326,0.42410698533058167,0.43973198533058167,472942400
1991-10-07,0.34542518854141235,0.4330359995365143,0.4375,0.4151790142059326,0.4285709857940674,646968000
1991-10-14,0.3917185962200165,0.4910709857940674,0.4955359995365143,0.43526801466941833,0.4375,1199531200
1991-10-21,0.3650105595588684,0.4575890004634857,0.502232015132904,0.453125,0.4933040142059326,778601600
1991-10-28,0.3632301688194275,0.45535698533058167,0.47098198533058167,0.4419640004634857,0.4598209857940674,760412800
1991-11-04,0.3792547583580017,0.4754459857940674,0.4799109995365143,0.42410698533058167,0.453125,1320244800
1991-11-11,0.35610857605934143,0.4464290142059326,0.4933040142059326,0.4441959857940674,0.4776790142059326,962505600
1991-11-18,0.3658883571624756,0.4575890004634857,0.46875,0.4441959857940674,0.4464290142059326,896985600
1991-11-25,0.36231887340545654,0.453125,0.46651801466941833,0.4464290142059326,0.45535698533058167,315033600
1991-12-02,0.34804052114486694,0.43526801466941833,0.4642859995365143,0.4330359995365143,0.453125,598494400
1991-12-09,0.359641969203949,0.4497770071029663,0.453125,0.4330359995365143,0.4375,491881600
1991-12-16,0.3587494492530823,0.4486609995365143,0.4642859995365143,0.4464290142059326,0.4497770071029663,605147200
1991-12-23,0.39266064763069153,0.4910709857940674,0.49776801466941833,0.4464290142059326,0.45089301466941833,593969600
1991-12-30,0.42121851444244385,0.5267860293388367,0.5379459857940674,0.4910709857940674,0.4910709857940674,741563200
1992-01-06,0.4444212317466736,0.5558040142059326,0.5580360293388367,0.513392984867096,0.5245540142059326,893188800
1992-01-13,0.46226897835731506,0.578125,0.6160709857940674,0.549107015132904,0.5558040142059326,1849288000
1992-01-20,0.46137672662734985,0.5770090222358704,0.5870540142059326,0.544642984867096,0.575892984867096,903392000
1992-01-27,0.46226897835731506,0.578125,0.5870540142059326,0.560267984867096,0.578125,633404800
1992-02-03,0.456915020942688,0.5714290142059326,0.595982015132904,0.560267984867096,0.578125,753244800
1992-02-10,0.4586637020111084,0.5725449919700623,0.5848209857940674,0.5558040142059326,0.5714290142059326,495017600
1992-02-17,0.4649217128753662,0.580357015132904,0.5848209857940674,0.5513389706611633,0.5736610293388367,446465600
1992-02-24,0.4828038513660431,0.6026790142059326,0.625,0.5825889706611633,0.591517984867096,840268800
1992-03-02,0.4577696919441223,0.5714290142059326,0.611607015132904,0.5625,0.6049110293388367,674912000
1992-03-09,0.4515106976032257,0.5636159777641296,0.578125,0.549107015132904,0.5691959857940674,595380800
1992-03-16,0.4524047374725342,0.564732015132904,0.5714290142059326,0.5513389706611633,0.560267984867096,395102400
1992-03-23,0.436311274766922,0.544642984867096,0.5825889706611633,0.5401790142059326,0.5625,768600000
1992-03-30,0.4220063090324402,0.5267860293388367,0.546875,0.5111610293388367,0.546875,961755200
1992-04-06,0.3969719409942627,0.4955359995365143,0.546875,0.4888390004634857,0.5267860293388367,1165427200
1992-04-13,0.4220063090324402,0.5267860293388367,0.5435270071029663,0.4933040142059326,0.4955359995365143,743276800
1992-04-20,0.40412405133247375,0.5044639706611633,0.5267860293388367,0.5,0.5267860293388367,839036800
1992-04-27,0.42379432916641235,0.529017984867096,0.5424110293388367,0.4732140004634857,0.5,907939200
1992-05-04,0.44346359372138977,0.5535709857940674,0.5613840222358704,0.529017984867096,0.53125,852364800
1992-05-11,0.43362924456596375,0.5412949919700623,0.564732015132904,0.5379459857940674,0.5535709857940674,543648000
1992-05-18,0.4255823791027069,0.53125,0.549107015132904,0.5245540142059326,0.549107015132904,618139200
1992-05-25,0.42737042903900146,0.533482015132904,0.5412949919700623,0.5245540142059326,0.53125,555195200
1992-06-01,0.39329057931900024,0.48995500802993774,0.53125,0.4776790142059326,0.5111610293388367,997180800
1992-06-08,0.3914988338947296,0.4877229928970337,0.4910709857940674,0.4776790142059326,0.4910709857940674,569251200
1992-06-15,0.32072505354881287,0.3995540142059326,0.48214301466941833,0.390625,0.48214301466941833,1719950400
1992-06-22,0.3243083655834198,0.40401801466941833,0.4151790142059326,0.3816959857940674,0.39285698533058167,1183526400
1992-06-29,0.3314748704433441,0.4129459857940674,0.4419640004634857,0.40401801466941833,0.40848198533058167,781950400
1992-07-06,0.32789158821105957,0.40848198533058167,0.4174109995365143,0.38839301466941833,0.4151790142059326,834635200
1992-07-13,0.32251662015914917,0.4017859995365143,0.4375,0.3984380066394806,0.40848198533058167,989452800
1992-07-20,0.3287873864173889,0.4095979928970337,0.4129459857940674,0.390625,0.3995540142059326,792534400
1992-07-27,0.33505892753601074,0.4174109995365143,0.4263390004634857,0.40401801466941833,0.40848198533058167,616011200
1992-08-03,0.3108702003955841,0.3872770071029663,0.421875,0.3705359995365143,0.4174109995365143,804652800
1992-08-10,0.32072505354881287,0.3995540142059326,0.40625,0.3839290142059326,0.3861609995365143,641233600
1992-08-17,0.3206888437271118,0.3984380066394806,0.40401801466941833,0.390625,0.3950890004634857,629944000
1992-08-24,0.3233834505081177,0.4017859995365143,0.40401801466941833,0.3861609995365143,0.3950890004634857,549584000
1992-08-31,0.33955249190330505,0.421875,0.43973198533058167,0.3995540142059326,0.4017859995365143,646396800
1992-09-07,0.3422471284866333,0.4252229928970337,0.4419640004634857,0.4151790142059326,0.4174109995365143,635264000
1992-09-14,0.33416318893432617,0.4151790142059326,0.4464290142059326,0.40401801466941833,0.4375,899964800
1992-09-21,0.3269765079021454,0.40625,0.4263390004634857,0.40401801466941833,0.4174109995365143,588313600
1992-09-28,0.31440043449401855,0.390625,0.40625,0.3839290142059326,0.4017859995365143,643115200
1992-10-05,0.31170573830604553,0.3872770071029663,0.40401801466941833,0.3705359995365143,0.3861609995365143,677432000
1992-10-12,0.35212835669517517,0.4375,0.4419640004634857,0.3861609995365143,0.3861609995365143,841310400
1992-10-19,0.3503320515155792,0.43526801466941833,0.4464290142059326,0.4285709857940674,0.4375,773438400
1992-10-26,0.37728041410446167,0.46875,0.48214301466941833,0.4330359995365143,0.43526801466941833,1002971200
1992-11-02,0.40063607692718506,0.49776801466941833,0.5044639706611633,0.4598209857940674,0.46875,986832000
1992-11-09,0.40422892570495605,0.502232015132904,0.5200889706611633,0.4888390004634857,0.5,567929600
1992-11-16,0.4132120609283447,0.513392984867096,0.53125,0.48995500802993774,0.502232015132904,937193600
1992-11-23,0.40602535009384155,0.5044639706611633,0.513392984867096,0.5,0.5044639706611633,474084800
1992-11-30,0.4095904529094696,0.5078129768371582,0.5267860293388367,0.4966520071029663,0.502232015132904,671798400
1992-12-07,0.41409122943878174,0.513392984867096,0.5245540142059326,0.5044639706611633,0.5066959857940674,760648000
1992-12-14,0.41949203610420227,0.5200889706611633,0.529017984867096,0.48660698533058167,0.513392984867096,988299200
1992-12-21,0.4248937964439392,0.5267860293388367,0.546875,0.517857015132904,0.5200889706611633,694534400
1992-12-28,0.4302947223186493,0.533482015132904,0.5424110293388367,0.5245540142059326,0.529017984867096,379545600
1993-01-04,0.44829899072647095,0.5558040142059326,0.5625,0.5111610293388367,0.53125,1189865600
1993-01-11,0.433895081281662,0.5379459857940674,0.5825889706611633,0.5357139706611633,0.5535709857940674,2089964800
1993-01-18,0.4284941852092743,0.53125,0.5401790142059326,0.517857015132904,0.53125,1097779200
1993-01-25,0.4284941852092743,0.53125,0.5535709857940674,0.5245540142059326,0.529017984867096,1164654400
1993-02-01,0.412291020154953,0.5111610293388367,0.549107015132904,0.502232015132904,0.529017984867096,1262844800
1993-02-08,0.3888316750526428,0.4810270071029663,0.513392984867096,0.4799109995365143,0.5089290142059326,1231686400
1993-02-15,0.39695051312446594,0.4910709857940674,0.4955359995365143,0.4598209857940674,0.4776790142059326,1115240000
1993-02-22,0.38251596689224243,0.4732140004634857,0.5,0.4654020071029663,0.4910709857940674,1041510400
1993-03-01,0.39695051312446594,0.4910709857940674,0.49776801466941833,0.47098198533058167,0.4732140004634857,769652800
1993-03-08,0.40597236156463623,0.502232015132904,0.513392984867096,0.4910709857940674,0.4910709857940674,735638400
1993-03-15,0.3879295885562897,0.4799109995365143,0.515625,0.4776790142059326,0.5,673825600
1993-03-22,0.3843201696872711,0.4754459857940674,0.4888390004634857,0.46875,0.4776790142059326,733611200
1993-03-29,0.36176690459251404,0.44754499197006226,0.47098198533058167,0.4419640004634857,0.46651801466941833,1110793600
1993-04-05,0.3590596914291382,0.4441959857940674,0.453125,0.4330359995365143,0.4464290142059326,643820800
1993-04-12,0.3473324775695801,0.4296880066394806,0.4575890004634857,0.4174109995365143,0.4419640004634857,1333091200
1993-04-19,0.3554513454437256,0.43973198533058167,0.453125,0.4308040142059326,0.4330359995365143,965003200
1993-04-26,0.3698858320713043,0.4575890004634857,0.46875,0.4330359995365143,0.43973198533058167,610500800
1993-05-03,0.39514631032943726,0.4888390004634857,0.4955359995365143,0.45535698533058167,0.4575890004634857,641424000
1993-05-10,0.4005597233772278,0.4955359995365143,0.5,0.4732140004634857,0.4910709857940674,880667200
1993-05-17,0.4149942994117737,0.513392984867096,0.5279020071029663,0.48660698533058167,0.4955359995365143,844614400
1993-05-24,0.4095330834388733,0.5055800080299377,0.5245540142059326,0.49441999197006226,0.5066959857940674,833840000
1993-05-31,0.39687636494636536,0.48995500802993774,0.5200889706611633,0.48660698533058167,0.5044639706611633,706092800
1993-06-07,0.31641653180122375,0.390625,0.4888390004634857,0.3816959857940674,0.48660698533058167,3077849600
1993-06-14,0.29652705788612366,0.3660709857940674,0.40401801466941833,0.3549109995365143,0.39285698533058167,1771627200
1993-06-21,0.2892950177192688,0.35714301466941833,0.375,0.3526790142059326,0.36160698533058167,1270684800
1993-06-28,0.27844658493995667,0.34375,0.36160698533058167,0.3370540142059326,0.36160698533058167,1257939200
1993-07-05,0.26578983664512634,0.328125,0.3482140004634857,0.3236609995365143,0.34151801466941833,678137600
1993-07-12,0.19889064133167267,0.24553599953651428,0.34598198533058167,0.23660700023174286,0.328125,3036924800
1993-07-19,0.18984991312026978,0.234375,0.2566959857940674,0.22767899930477142,0.25,2239003200
1993-07-26,0.200698584318161,0.24776799976825714,0.25223198533058167,0.23214299976825714,0.23883900046348572,779049600
1993-08-02,0.21154725551605225,0.2611609995365143,0.2745540142059326,0.25,0.25223198533058167,971073600
1993-08-09,0.19798661768436432,0.24442000687122345,0.2700890004634857,0.23214299976825714,0.2611609995365143,958148800
1993-08-16,0.20339784026145935,0.25,0.265625,0.24107100069522858,0.24553599953651428,651414400
1993-08-23,0.19250135123729706,0.23660700023174286,0.2566959857940674,0.234375,0.25,700918400
1993-08-30,0.18705356121063232,0.22991099953651428,0.23883900046348572,0.22544600069522858,0.23660700023174286,1072377600
1993-09-06,0.1906854212284088,0.234375,0.24107100069522858,0.2265630066394806,0.23214299976825714,654192000
1993-09-13,0.1834208220243454,0.22544600069522858,0.23660700023174286,0.20982100069522858,0.234375,1048140800
1993-09-20,0.18160492181777954,0.22321400046348572,0.22767899930477142,0.21317000687122345,0.22544600069522858,575545600
1993-09-27,0.16526073217391968,0.203125,0.22544600069522858,0.20089299976825714,0.22321400046348572,1055364800
1993-10-04,0.16435275971889496,0.20200900733470917,0.21428599953651428,0.19642899930477142,0.20200900733470917,818742400
1993-10-11,0.20521369576454163,0.25223198533058167,0.2544640004634857,0.203125,0.203125,1760427200
1993-10-18,0.21974201500415802,0.2700890004634857,0.28125,0.24330399930477142,0.25,1708168000
1993-10-25,0.22337469458580017,0.2745540142059326,0.2879459857940674,0.2589290142059326,0.2700890004634857,1281996800
1993-11-01,0.23154641687870026,0.2845979928970337,0.29464301466941833,0.2700890004634857,0.2745540142059326,1070585600
1993-11-08,0.23063844442367554,0.28348198533058167,0.28683000802993774,0.265625,0.2857140004634857,701310400
1993-11-15,0.24058040976524353,0.29464301466941833,0.3125,0.28125,0.28125,1000182400
1993-11-22,0.23784670233726501,0.29129499197006226,0.29910698533058167,0.27901801466941833,0.2924109995365143,470657600
1993-11-29,0.229644775390625,0.28125,0.29129499197006226,0.2767859995365143,0.2879459857940674,541710400
1993-12-06,0.20595110952854156,0.25223198533058167,0.2901790142059326,0.24776799976825714,0.28125,940441600
1993-12-13,0.21506434679031372,0.26339301466941833,0.265625,0.24776799976825714,0.25223198533058167,933396800
1993-12-20,0.19866129755973816,0.24330399930477142,0.265625,0.23660700023174286,0.2611609995365143,848489600
1993-12-27,0.2132418304681778,0.2611609995365143,0.2700890004634857,0.24330399930477142,0.24776799976825714,902305600
1994-01-03,0.24149157106876373,0.295758992433548,0.3035709857940674,0.2589290142059326,0.26339301466941833,1744142400
1994-01-10,0.22599977254867554,0.2767859995365143,0.30245500802993774,0.265625,0.29464301466941833,1742216000
1994-01-17,0.24331407248973846,0.297991007566452,0.29910698533058167,0.2566959857940674,0.2767859995365143,2038321600
1994-01-24,0.24787022173404694,0.3035709857940674,0.31473198533058167,0.29464301466941833,0.296875,1568974400
1994-01-31,0.24422532320022583,0.29910698533058167,0.3125,0.2879459857940674,0.29910698533058167,1033558400
1994-02-07,0.27071070671081543,0.33035698533058167,0.3348209857940674,0.29910698533058167,0.29910698533058167,1664096000
1994-02-14,0.2652237117290497,0.3236609995365143,0.3392859995365143,0.3236609995365143,0.33035698533058167,791571200
1994-02-21,0.26339465379714966,0.3214290142059326,0.34151801466941833,0.3169640004634857,0.3236609995365143,909787200
1994-02-28,0.2688817083835602,0.328125,0.3348209857940674,0.31026801466941833,0.3236609995365143,1045161600
1994-03-07,0.2725397050380707,0.3325890004634857,0.3404020071029663,0.3214290142059326,0.33035698533058167,1050593600
1994-03-14,0.26613810658454895,0.3247770071029663,0.34375,0.3191959857940674,0.34375,1173323200
1994-03-21,0.2396157830953598,0.2924109995365143,0.32589301466941833,0.2924109995365143,0.3247770071029663,1237756800
1994-03-28,0.24327383935451508,0.296875,0.3035709857940674,0.28125,0.29464301466941833,874977600
1994-04-04,0.24510294198989868,0.29910698533058167,0.3058040142059326,0.28348198533058167,0.2879459857940674,649510400
1994-04-11,0.2213241308927536,0.2700890004634857,0.29910698533058167,0.26785698533058167,0.29910698533058167,887140800
1994-04-18,0.21766608953475952,0.265625,0.2857140004634857,0.24107100069522858,0.2723209857940674,1786758400
1994-04-25,0.21949510276317596,0.26785698533058167,0.28125,0.26339301466941833,0.265625,718726400
1994-05-02,0.2364143282175064,0.2885040044784546,0.3013390004634857,0.26339301466941833,0.26785698533058167,1096390400
1994-05-09,0.21949510276317596,0.26785698533058167,0.2901790142059326,0.2611609995365143,0.2879459857940674,632553600
1994-05-16,0.22726917266845703,0.2773439884185791,0.2901790142059326,0.2566959857940674,0.26785698533058167,811081600
1994-05-23,0.21990269422531128,0.26729899644851685,0.28348198533058167,0.26339301466941833,0.2767859995365143,564233600
1994-05-30,0.20291678607463837,0.2466520071029663,0.26339301466941833,0.23883900046348572,0.26339301466941833,1381766400
1994-06-06,0.19465288519859314,0.23660700023174286,0.24776799976825714,0.22767899930477142,0.24553599953651428,976707200
1994-06-13,0.19465288519859314,0.23660700023174286,0.25,0.2310270071029663,0.23549099266529083,849452800
1994-06-20,0.18811087310314178,0.22865499556064606,0.24330399930477142,0.22098200023174286,0.234375,1053785600
1994-06-27,0.18914419412612915,0.22991099953651428,0.2421880066394806,0.21986599266529083,0.22544600069522858,846753600
1994-07-04,0.19878438115119934,0.2416290044784546,0.2466520071029663,0.22767899930477142,0.22879500687122345,561612800
1994-07-11,0.20750726759433746,0.25223198533058167,0.2700890004634857,0.23549099266529083,0.2421880066394806,1074628800
1994-07-18,0.22770744562149048,0.2767859995365143,0.2854349911212921,0.23549099266529083,0.251116007566452,1486217600
1994-07-25,0.24744774401187897,0.3007810115814209,0.3035709857940674,0.2734380066394806,0.2779020071029663,1546328000
1994-08-01,0.2442343831062317,0.296875,0.3013390004634857,0.28683000802993774,0.3002229928970337,997449600
1994-08-08,0.2552526593208313,0.31026801466941833,0.313616007566452,0.29464301466941833,0.295758992433548,951182400
1994-08-15,0.2570580840110779,0.311383992433548,0.3158479928970337,0.3035709857940674,0.31026801466941833,898800000
1994-08-22,0.26350709795951843,0.3191959857940674,0.3247770071029663,0.3058040142059326,0.31026801466941833,1041443200
1994-08-29,0.26074323058128357,0.3158479928970337,0.33370500802993774,0.3091520071029663,0.3191959857940674,991614400
1994-09-05,0.26350709795951843,0.3191959857940674,0.327008992433548,0.3125,0.31473198533058167,611396800
1994-09-12,0.2681144177913666,0.3247770071029663,0.3325890004634857,0.3125,0.31808000802993774,916955200
1994-09-19,0.2501475214958191,0.30301299691200256,0.328125,0.3002229928970337,0.3247770071029663,885561600
1994-09-26,0.24830499291419983,0.3007810115814209,0.3080359995365143,0.297991007566452,0.30245500802993774,513139200
1994-10-03,0.27272096276283264,0.33035698533058167,0.3404020071029663,0.2901790142059326,0.3002229928970337,1893091200
1994-10-10,0.30312618613243103,0.3671880066394806,0.3828130066394806,0.33035698533058167,0.3314729928970337,2664390400
1994-10-17,0.31418171525001526,0.38058000802993774,0.3816959857940674,0.3470979928970337,0.36495500802993774,1664611200
1994-10-24,0.31049656867980957,0.376116007566452,0.390625,0.3705359995365143,0.3816959857940674,1135489600
1994-10-31,0.2975975573062897,0.360491007566452,0.38825300335884094,0.35714301466941833,0.375,1095315200
1994-11-07,0.30312618613243103,0.3671880066394806,0.3839290142059326,0.358258992433548,0.360491007566452,1083600000
1994-11-14,0.2957204580307007,0.35714301466941833,0.3839290142059326,0.35379499197006226,0.3683040142059326,792120000
1994-11-21,0.2790865898132324,0.3370540142059326,0.359375,0.3247770071029663,0.35714301466941833,838969600
1994-11-28,0.27030709385871887,0.32645100355148315,0.3515630066394806,0.31808000802993774,0.3359380066394806,1076420800
1994-12-05,0.2679969072341919,0.3236609995365143,0.342633992433548,0.31026801466941833,0.32589301466941833,986249600
1994-12-12,0.27538928389549255,0.3325890004634857,0.342633992433548,0.3169640004634857,0.3247770071029663,1062084800
1994-12-19,0.2874031364917755,0.3470979928970337,0.3515630066394806,0.3325890004634857,0.3325890004634857,892371200
1994-12-26,0.28832709789276123,0.3482140004634857,0.3560270071029663,0.34151801466941833,0.3504459857940674,365512000
1995-01-02,0.31050634384155273,0.375,0.38504499197006226,0.33816999197006226,0.3470979928970337,1412812800
1995-01-09,0.33176156878471375,0.40066999197006226,0.4291290044784546,0.3660709857940674,0.3716520071029663,2665857600
1995-01-16,0.3151267468929291,0.38058000802993774,0.41964301466941833,0.3794640004634857,0.40066999197006226,1961400000
1995-01-23,0.2947964370250702,0.3560270071029663,0.38058000802993774,0.3482140004634857,0.373883992433548,1678667200
1995-01-30,0.29941675066947937,0.36160698533058167,0.376116007566452,0.3560270071029663,0.358258992433548,1124524800
1995-02-06,0.3234442174434662,0.390625,0.3945310115814209,0.3526790142059326,0.3638390004634857,1673851200
1995-02-13,0.3150666654109955,0.3794640004634857,0.3973209857940674,0.3794640004634857,0.38839301466941833,974030400
1995-02-20,0.28911975026130676,0.3482140004634857,0.3816959857940674,0.34375,0.38058000802993774,1478523200
1995-02-27,0.29838669300079346,0.359375,0.3638390004634857,0.3392859995365143,0.34151801466941833,1130740800
1995-03-06,0.29282712936401367,0.3526790142059326,0.360491007566452,0.3370540142059326,0.3549109995365143,982475200
1995-03-13,0.26039332151412964,0.313616007566452,0.35379499197006226,0.3080359995365143,0.35379499197006226,2316966400
1995-03-20,0.2798537313938141,0.3370540142059326,0.3526790142059326,0.3125,0.313616007566452,1272611200
1995-03-27,0.26131996512413025,0.31473198533058167,0.3359380066394806,0.30245500802993774,0.3359380066394806,1786131200
1995-04-03,0.27243998646736145,0.328125,0.3392859995365143,0.3002229928970337,0.3169640004634857,1865908800
1995-04-10,0.2835600972175598,0.34151801466941833,0.35379499197006226,0.32254499197006226,0.329241007566452,981388800
1995-04-17,0.2900465130805969,0.34933000802993774,0.3526790142059326,0.31808000802993774,0.3404020071029663,1715504000
1995-04-24,0.2835600972175598,0.34151801466941833,0.35379499197006226,0.3325890004634857,0.3482140004634857,1111499200
1995-05-01,0.2881931662559509,0.3470979928970337,0.3560270071029663,0.3348209857940674,0.34151801466941833,978398400
1995-05-08,0.32340672612190247,0.389508992433548,0.3900670111179352,0.3549109995365143,0.3560270071029663,2156548800
1995-05-15,0.3169196546077728,0.3816959857940674,0.39620500802993774,0.3794640004634857,0.38504499197006226,1683180800
1995-05-22,0.3173339366912842,0.38113799691200256,0.39620500802993774,0.37723198533058167,0.3794640004634857,1210630400
1995-05-29,0.3131527304649353,0.376116007566452,0.3828130066394806,0.3660709857940674,0.38058000802993774,648334400
1995-06-05,0.32337436079978943,0.38839301466941833,0.39620500802993774,0.376116007566452,0.3783479928970337,1017206400
1995-06-12,0.3261619806289673,0.391741007566452,0.3984380066394806,0.3872770071029663,0.39285698533058167,638075200
1995-06-19,0.36240237951278687,0.43526801466941833,0.44754499197006226,0.38839301466941833,0.391741007566452,2539958400
1995-06-26,0.34521180391311646,0.4146209955215454,0.4330359995365143,0.405133992433548,0.4308040142059326,1034286400
1995-07-03,0.3614732027053833,0.4341520071029663,0.43973198533058167,0.40848198533058167,0.4151790142059326,787662400
1995-07-10,0.36240237951278687,0.43526801466941833,0.4453130066394806,0.41183000802993774,0.4341520071029663,1426689600
1995-07-17,0.3252328038215637,0.390625,0.4441959857940674,0.3839290142059326,0.436383992433548,2090984000
1995-07-24,0.33824217319488525,0.40625,0.42410698533058167,0.390625,0.39285698533058167,1235718400
1995-07-31,0.3289494812488556,0.3950890004634857,0.407366007566452,0.38839301466941833,0.40625,1050817600
1995-08-07,0.32012227177619934,0.38448700308799744,0.3984380066394806,0.373883992433548,0.3939729928970337,1168328000
1995-08-14,0.3345068097114563,0.40066999197006226,0.40625,0.3828130066394806,0.3839290142059326,1265958400
1995-08-21,0.3335750997066498,0.3995540142059326,0.4129459857940674,0.3939729928970337,0.40066999197006226,1164900800
1995-08-28,0.3200644850730896,0.3833709955215454,0.4017859995365143,0.3794640004634857,0.40066999197006226,899819200
1995-09-04,0.3335750997066498,0.3995540142059326,0.40457600355148315,0.3816959857940674,0.38839301466941833,817835200
1995-09-11,0.26741930842399597,0.3203130066394806,0.40625,0.3169640004634857,0.40066999197006226,2584019200
1995-09-18,0.27627065777778625,0.33091500401496887,0.3348209857940674,0.3203130066394806,0.3247770071029663,2179296000
1995-09-25,0.27766814827919006,0.3325890004634857,0.34165701270103455,0.31026801466941833,0.34151801466941833,1631952000
1995-10-02,0.26602092385292053,0.31863799691200256,0.34375,0.31808000802993774,0.3370540142059326,1501707200
1995-10-09,0.2683509588241577,0.3214290142059326,0.329241007566452,0.3002229928970337,0.3158479928970337,1502950400
1995-10-16,0.26182830333709717,0.313616007566452,0.35323700308799744,0.3091520071029663,0.3236609995365143,2204316800
1995-10-23,0.2590331435203552,0.31026801466941833,0.3169640004634857,0.3046880066394806,0.313616007566452,824678400
1995-10-30,0.27207785844802856,0.32589301466941833,0.3314729928970337,0.3091520071029663,0.311383992433548,990281600
1995-11-06,0.2963041663169861,0.3549109995365143,0.3660709857940674,0.3247770071029663,0.32589301466941833,1890212800
1995-11-13,0.29909923672676086,0.358258992433548,0.3794640004634857,0.3526790142059326,0.359375,1327547200
1995-11-20,0.300498366355896,0.3588170111179352,0.360491007566452,0.33816999197006226,0.359375,548822400
1995-11-27,0.28133782744407654,0.3359380066394806,0.3627229928970337,0.3314729928970337,0.3627229928970337,776496000
1995-12-04,0.29442331194877625,0.3515630066394806,0.358258992433548,0.33816999197006226,0.358258992433548,1328667200
1995-12-11,0.26357850432395935,0.31473198533058167,0.35379499197006226,0.30691999197006226,0.3526790142059326,2034491200
1995-12-18,0.24114613234996796,0.2879459857940674,0.31473198533058167,0.282366007566452,0.313616007566452,2030672000
1995-12-25,0.23834222555160522,0.2845979928970337,0.297991007566452,0.282366007566452,0.2901790142059326,962203200
1996-01-01,0.25610166788101196,0.3058040142059326,0.3058040142059326,0.280133992433548,0.2879459857940674,1315238400
1996-01-08,0.25329673290252686,0.30245500802993774,0.3169640004634857,0.2879459857940674,0.3080359995365143,1896585600
1996-01-15,0.22338755428791046,0.266741007566452,0.31026801466941833,0.2622770071029663,0.3013390004634857,2480016000
1996-01-22,0.22899594902992249,0.2734380066394806,0.3035709857940674,0.25558000802993774,0.265625,3324876800
1996-01-29,0.2187143862247467,0.2611609995365143,0.265625,0.23981599509716034,0.2589290142059326,2172520000
1996-02-05,0.20749826729297638,0.24776799976825714,0.26785698533058167,0.24553599953651428,0.2650670111179352,1374128000
1996-02-12,0.2056289166212082,0.24553599953651428,0.2578130066394806,0.24442000687122345,0.251116007566452,864483200
1996-02-19,0.22338755428791046,0.266741007566452,0.2700890004634857,0.25,0.25,956222400
1996-02-26,0.20095498859882355,0.23995499312877655,0.2689729928970337,0.2377229928970337,0.26785698533058167,799377600
1996-03-04,0.1944127380847931,0.23214299976825714,0.24442000687122345,0.22321400046348572,0.24330399930477142,814116800
1996-03-11,0.19347809255123138,0.2310270071029663,0.23549099266529083,0.22767899930477142,0.234375,517585600
1996-03-18,0.18973961472511292,0.2265630066394806,0.23660700023174286,0.2220979928970337,0.23158499598503113,567033600
1996-03-25,0.1836637705564499,0.219308003783226,0.22991099953651428,0.20535700023174286,0.22767899930477142,1216880000
1996-04-01,0.18039263784885406,0.2154020071029663,0.2310270071029663,0.21428599953651428,0.22432999312877655,418364800
1996-04-08,0.19067426025867462,0.22767899930477142,0.23660700023174286,0.21205399930477142,0.21317000687122345,758374400
1996-04-15,0.18740229308605194,0.22377200424671173,0.23214299976825714,0.21651799976825714,0.22767899930477142,659948800
1996-04-22,0.18506573140621185,0.22098200023174286,0.22767899930477142,0.2154020071029663,0.22544600069522858,772676800
1996-04-29,0.17852337658405304,0.21317000687122345,0.22321400046348572,0.20982100069522858,0.22321400046348572,667184000
1996-05-06,0.20375971496105194,0.24330399930477142,0.24442000687122345,0.22098200023174286,0.2220979928970337,1038486400
1996-05-13,0.20656360685825348,0.2466520071029663,0.2578130066394806,0.2377229928970337,0.2421880066394806,930384000
1996-05-20,0.20002037286758423,0.23883900046348572,0.251116007566452,0.22991099953651428,0.24888400733470917,638075200
1996-05-27,0.195347398519516,0.23325900733470917,0.24330399930477142,0.22098200023174286,0.23883900046348572,587484800
1996-06-03,0.1822618842124939,0.21763400733470917,0.23214299976825714,0.20982100069522858,0.2310270071029663,2027670400
1996-06-10,0.1789906769990921,0.21372799575328827,0.2225169986486435,0.21317000687122345,0.21763400733470917,747723200
1996-06-17,0.16917642951011658,0.20200900733470917,0.2154020071029663,0.1997770071029663,0.2154020071029663,779564800
1996-06-24,0.1570255309343338,0.1875,0.20200900733470917,0.1752229928970337,0.20200900733470917,1118980800
1996-07-01,0.1458093225955963,0.17410700023174286,0.19196400046348572,0.171875,0.18861599266529083,615753600
1996-07-08,0.13506048917770386,0.16127200424671173,0.17745499312877655,0.15401799976825714,0.1752229928970337,1106268800
1996-07-15,0.15515631437301636,0.18526799976825714,0.19419600069522858,0.14285700023174286,0.16182999312877655,1819070400
1996-07-22,0.16450336575508118,0.19642899930477142,0.19642899930477142,0.17745499312877655,0.18638400733470917,784515200
1996-07-29,0.1616986244916916,0.19307999312877655,0.203125,0.18861599266529083,0.19642899930477142,715993600
1996-08-05,0.17291483283042908,0.2064729928970337,0.20870499312877655,0.18526799976825714,0.19307999312877655,775364800
1996-08-12,0.16824179887771606,0.20089299976825714,0.2109380066394806,0.19754500687122345,0.20870499312877655,576094400
1996-08-19,0.17852337658405304,0.21317000687122345,0.21428599953651428,0.1997770071029663,0.1997770071029663,842564800
1996-08-26,0.18132728338241577,0.21651799976825714,0.22321400046348572,0.20982100069522858,0.21317000687122345,755238400
1996-09-02,0.17198023200035095,0.20535700023174286,0.21986599266529083,0.20200900733470917,0.2154020071029663,690166400
1996-09-09,0.1570255309343338,0.1875,0.203125,0.18080399930477142,0.20200900733470917,878684800
1996-09-16,0.17104564607143402,0.20424099266529083,0.2154020071029663,0.1908479928970337,0.19196400046348572,1075804800
1996-09-23,0.1668398678302765,0.1992190033197403,0.20424099266529083,0.19642899930477142,0.20424099266529083,483448000
1996-09-30,0.17057831585407257,0.203683003783226,0.22098200023174286,0.19642899930477142,0.19754500687122345,1262688000
1996-10-07,0.18132728338241577,0.21651799976825714,0.21986599266529083,0.20424099266529083,0.20535700023174286,768745600
1996-10-14,0.19861848652362823,0.23716500401496887,0.24776799976825714,0.21651799976825714,0.21875,2376774400
1996-10-21,0.1831965148448944,0.21875,0.2377229928970337,0.21651799976825714,0.23660700023174286,723318400
1996-10-28,0.18132728338241577,0.21651799976825714,0.22432999312877655,0.19866099953651428,0.22432999312877655,982228800
1996-11-04,0.19628196954727173,0.234375,0.234375,0.21205399930477142,0.21763400733470917,993473600
1996-11-11,0.1869349479675293,0.22321400046348572,0.23549099266529083,0.22321400046348572,0.23549099266529083,498344000
1996-11-18,0.18880414962768555,0.22544600069522858,0.2265630066394806,0.21763400733470917,0.22321400046348572,554948800
1996-11-25,0.18039263784885406,0.2154020071029663,0.22767899930477142,0.21428599953651428,0.2265630066394806,323265600
1996-12-02,0.1878695785999298,0.22432999312877655,0.22767899930477142,0.21317000687122345,0.2154020071029663,1012860800
1996-12-09,0.17384949326515198,0.20758900046348572,0.2265630066394806,0.20758900046348572,0.22544600069522858,682393600
1996-12-16,0.1757187396287918,0.20982100069522858,0.2109380066394806,0.1908479928970337,0.20982100069522858,1194883200
1996-12-23,0.17291483283042908,0.2064729928970337,0.21651799976825714,0.20424099266529083,0.21428599953651428,611800000
1996-12-30,0.1626332402229309,0.19419600069522858,0.20758900046348572,0.18526799976825714,0.2064729928970337,908376000
1997-01-06,0.13646234571933746,0.16294600069522858,0.1640630066394806,0.15401799976825714,0.15736599266529083,4760268800
1997-01-13,0.12524697184562683,0.14955399930477142,0.16517899930477142,0.1484380066394806,0.16517899930477142,1991068800
1997-01-20,0.12618157267570496,0.15067000687122345,0.15625,0.14955399930477142,0.15067000687122345,1142702400
1997-01-27,0.12431229650974274,0.1484380066394806,0.15401799976825714,0.14732100069522858,0.1529020071029663,915868800
1997-02-03,0.1182364895939827,0.141183003783226,0.15178599953651428,0.13504500687122345,0.15067000687122345,2110012800
1997-02-10,0.12197495251893997,0.14564700424671173,0.14620499312877655,0.13839299976825714,0.1439729928970337,934830400
1997-02-17,0.12244223803281784,0.14620499312877655,0.1595979928970337,0.14285700023174286,0.1484380066394806,945604800
1997-02-24,0.12150765210390091,0.14508900046348572,0.15513400733470917,0.14508900046348572,0.14508900046348572,583721600
1997-03-03,0.12337684631347656,0.14732100069522858,0.15178599953651428,0.14285700023174286,0.14732100069522858,516723200
1997-03-10,0.1238441914319992,0.1478790044784546,0.14955399930477142,0.14285700023174286,0.1484380066394806,604195200
1997-03-17,0.12431229650974274,0.1484380066394806,0.15625,0.14174099266529083,0.14508900046348572,981556800
1997-03-24,0.13926707208156586,0.16629500687122345,0.171875,0.14355500042438507,0.14732100069522858,1429523200
1997-03-31,0.14394009113311768,0.171875,0.1752229928970337,0.15401799976825714,0.16629500687122345,2437041600
1997-04-07,0.13646234571933746,0.16294600069522858,0.17745499312877655,0.16182999312877655,0.17633900046348572,890624000
1997-04-14,0.13739775121212006,0.1640630066394806,0.171875,0.16071400046348572,0.1640630066394806,695531200
1997-04-21,0.13085465133190155,0.15625,0.16629500687122345,0.15513400733470917,0.16629500687122345,400612800
1997-04-28,0.12711621820926666,0.15178599953651428,0.16071400046348572,0.14955399930477142,0.15848200023174286,530488000
1997-05-05,0.12758348882198334,0.1523440033197403,0.15625,0.14620499312877655,0.15178599953651428,567168000
1997-05-12,0.12898540496826172,0.15401799976825714,0.16071400046348572,0.15178599953651428,0.15401799976825714,689942400
1997-05-19,0.12618157267570496,0.15067000687122345,0.15736599266529083,0.14732100069522858,0.15625,403132800
1997-05-26,0.12431229650974274,0.1484380066394806,0.15625,0.14620499312877655,0.14955399930477142,458136000
1997-06-02,0.12524697184562683,0.14955399930477142,0.1529020071029663,0.14732100069522858,0.15178599953651428,304718400
1997-06-09,0.1182364895939827,0.141183003783226,0.15122799575328827,0.140625,0.1489959955215454,530017600
1997-06-16,0.11636725068092346,0.13895100355148315,0.14732100069522858,0.1372770071029663,0.14174099266529083,617120000
1997-06-23,0.10982410609722137,0.13113799691200256,0.13950900733470917,0.13057999312877655,0.13839299976825714,949267200
1997-06-30,0.10234718769788742,0.12221000343561172,0.13169600069522858,0.11607100069522858,0.13169600069522858,1058601600
1997-07-07,0.11356336623430252,0.13560299575328827,0.13839299976825714,0.11383900046348572,0.12444200366735458,1656636800
1997-07-14,0.1296863555908203,0.15485499799251556,0.16182999312877655,0.1328130066394806,0.13616099953651428,2339444800
1997-07-21,0.12150765210390091,0.14508900046348572,0.15792399644851685,0.13950900733470917,0.156808003783226,1078996800
1997-07-28,0.14347286522388458,0.171316996216774,0.171316996216774,0.14508900046348572,0.14676299691200256,1301787200
1997-08-04,0.2004876732826233,0.23939700424671173,0.26395100355148315,0.171316996216774,0.171316996216774,10618529600
1997-08-11,0.17384949326515198,0.20758900046348572,0.23604899644851685,0.18247799575328827,0.234933003783226,4496228800
1997-08-18,0.1766541600227356,0.2109380066394806,0.22432999312877655,0.203125,0.20814700424671173,1318217600
1997-08-25,0.1626332402229309,0.19419600069522858,0.2114959955215454,0.19196400046348572,0.2109380066394806,760816000
1997-09-01,0.1659052073955536,0.19810299575328827,0.20758900046348572,0.1958709955215454,0.19642899930477142,729422400
1997-09-08,0.16497063636779785,0.19698700308799744,0.2064729928970337,0.18973200023174286,0.19866099953651428,931806400
1997-09-15,0.16403600573539734,0.1958709955215454,0.20089299976825714,0.19196400046348572,0.1953130066394806,581996800
1997-09-22,0.1593620926141739,0.19029000401496887,0.20591500401496887,0.1875,0.19754500687122345,1055040000
1997-09-29,0.1654379814863205,0.19754500687122345,0.1992190033197403,0.1908479928970337,0.19363799691200256,735918400
1997-10-06,0.16964371502399445,0.202566996216774,0.203125,0.18917399644851685,0.19810299575328827,769160000
1997-10-13,0.15048323571681976,0.1796880066394806,0.22098200023174286,0.17745499312877655,0.203125,2313169600
1997-10-20,0.1238441914319992,0.1478790044784546,0.1802459955215454,0.14732100069522858,0.1796880066394806,1613304000
1997-10-27,0.1273498386144638,0.1520649939775467,0.16517899930477142,0.14174099266529083,0.14955399930477142,1306300800
1997-11-03,0.14767858386039734,0.17633900046348572,0.17857100069522858,0.1523440033197403,0.156808003783226,2094422400
1997-11-10,0.1378650963306427,0.1646209955215454,0.19196400046348572,0.15625,0.1875,2331347200
1997-11-17,0.13599500060081482,0.16238799691200256,0.16908499598503113,0.1595979928970337,0.1685270071029663,657204800
1997-11-24,0.1327238827943802,0.15848200023174286,0.16071400046348572,0.15067000687122345,0.156808003783226,464508800
1997-12-01,0.1182364895939827,0.141183003783226,0.1601559966802597,0.13895100355148315,0.15792399644851685,1248217600
1997-12-08,0.10561830550432205,0.12611599266529083,0.140625,0.12388399988412857,0.13895100355148315,989016000
1997-12-15,0.10234718769788742,0.12221000343561172,0.13002200424671173,0.11830399930477142,0.12611599266529083,1009478400
1997-12-22,0.09954330325126648,0.11886200308799744,0.125,0.11551299691200256,0.12388399988412857,824017600
1997-12-29,0.12150765210390091,0.14508900046348572,0.14508900046348572,0.11383900046348572,0.11886200308799744,1745172800
1998-01-05,0.13599500060081482,0.16238799691200256,0.17857100069522858,0.13169600069522858,0.14732100069522858,5166537600
1998-01-12,0.14066891372203827,0.1679690033197403,0.17801299691200256,0.1529020071029663,0.155691996216774,2548145600
1998-01-19,0.1458093225955963,0.17410700023174286,0.17633900046348572,0.16573700308799744,0.17020100355148315,994660800
1998-01-26,0.13692963123321533,0.1635040044784546,0.1757809966802597,0.16294600069522858,0.17354899644851685,784123200
1998-02-02,0.13833241164684296,0.16517899930477142,0.16685299575328827,0.15513400733470917,0.16517899930477142,1650163200
1998-02-09,0.1458093225955963,0.17410700023174286,0.17745499312877655,0.1640630066394806,0.1640630066394806,1540100800
1998-02-16,0.14954780042171478,0.17857100069522858,0.186941996216774,0.17410700023174286,0.17410700023174286,1402419200
1998-02-23,0.1766541600227356,0.2109380066394806,0.21317000687122345,0.17857100069522858,0.1796880066394806,2761483200
1998-03-02,0.18272916972637177,0.218191996216774,0.22098200023174286,0.19307999312877655,0.2103790044784546,2893934400
1998-03-09,0.2028251439332962,0.2421880066394806,0.24330399930477142,0.20089299976825714,0.21205399930477142,3812692800
1998-03-16,0.19721658527851105,0.23549099266529083,0.24330399930477142,0.2310270071029663,0.2421880066394806,1465150400
1998-03-23,0.2014222890138626,0.24051299691200256,0.25,0.21986599266529083,0.23158499598503113,1936603200
1998-03-30,0.20235700905323029,0.2416290044784546,0.24832600355148315,0.23883900046348572,0.23883900046348572,1101856000
1998-04-06,0.19160890579223633,0.22879500687122345,0.24107100069522858,0.22042399644851685,0.24107100069522858,1035798400
1998-04-13,0.20890012383460999,0.249441996216774,0.264508992433548,0.22321400046348572,0.22879500687122345,3603779200
1998-04-20,0.20890012383460999,0.249441996216774,0.26339301466941833,0.2427459955215454,0.2466520071029663,1841593600
1998-04-27,0.20936739444732666,0.25,0.25223198533058167,0.234375,0.23883900046348572,1200528000
1998-05-04,0.22759324312210083,0.27176299691200256,0.2734380066394806,0.2578130066394806,0.2578130066394806,2711150400
1998-05-11,0.2210509032011032,0.26395100355148315,0.282366007566452,0.2611609995365143,0.27566999197006226,1672518400
1998-05-18,0.20843282341957092,0.24888400733470917,0.266741007566452,0.24386200308799744,0.2622770071029663,1038419200
1998-05-25,0.1990857869386673,0.2377229928970337,0.25223198533058167,0.22879500687122345,0.2505579888820648,1197179200
1998-06-01,0.20095498859882355,0.23995499312877655,0.2466520071029663,0.22879500687122345,0.23660700023174286,923596800
1998-06-08,0.21030201017856598,0.251116007566452,0.2589290142059326,0.23939700424671173,0.24107100069522858,1035574400
1998-06-15,0.20235700905323029,0.2416290044784546,0.25502198934555054,0.23883900046348572,0.24330399930477142,711076800
1998-06-22,0.21076934039592743,0.25167399644851685,0.2572540044784546,0.23883900046348572,0.24107100069522858,942345600
1998-06-29,0.21684518456459045,0.2589290142059326,0.26841500401496887,0.2505579888820648,0.25223198533058167,909473600
1998-07-06,0.2397441565990448,0.28627198934555054,0.3002229928970337,0.26004499197006226,0.26339301466941833,2314368000
1998-07-13,0.27572935819625854,0.329241007566452,0.3404020071029663,0.2845979928970337,0.2851560115814209,5049788800
1998-07-20,0.2593727111816406,0.30970999598503113,0.33035698533058167,0.30189698934555054,0.32645100355148315,1518540800
1998-07-27,0.25890541076660156,0.3091520071029663,0.328125,0.29464301466941833,0.3058040142059326,1432737600
1998-08-03,0.272925466299057,0.32589301466941833,0.33370500802993774,0.296875,0.3058040142059326,1786400000
1998-08-10,0.3028348684310913,0.36160698533058167,0.3660709857940674,0.3236609995365143,0.3242189884185791,3779406400
1998-08-17,0.321528822183609,0.3839290142059326,0.390625,0.3482140004634857,0.3660709857940674,3228120000
1998-08-24,0.25563421845436096,0.3052459955215454,0.38839301466941833,0.3046880066394806,0.38783499598503113,3558721600
1998-08-31,0.262643963098526,0.313616007566452,0.33370500802993774,0.2734380066394806,0.31026801466941833,3367324800
1998-09-07,0.28133782744407654,0.3359380066394806,0.35379499197006226,0.3191959857940674,0.3392859995365143,1636656000
1998-09-14,0.27479463815689087,0.328125,0.34654000401496887,0.31752198934555054,0.34151801466941833,1513971200
1998-09-21,0.2897494435310364,0.34598198533058167,0.35323700308799744,0.31529000401496887,0.31863799691200256,1552857600
1998-09-28,0.2621765732765198,0.3130579888820648,0.3588170111179352,0.3046880066394806,0.3549109995365143,1723523200
1998-10-05,0.262643963098526,0.313616007566452,0.31473198533058167,0.2544640004634857,0.3035709857940674,2782550400
1998-10-12,0.27432742714881897,0.3275670111179352,0.36886200308799744,0.3169640004634857,0.3348209857940674,5300780800
1998-10-19,0.2654477655887604,0.3169640004634857,0.34095999598503113,0.313616007566452,0.3275670111179352,1961836800
1998-10-26,0.27759861946105957,0.3314729928970337,0.3476560115814209,0.3130579888820648,0.32198700308799744,2039968000
1998-11-02,0.2846090495586395,0.3398439884185791,0.3515630066394806,0.3325890004634857,0.3348209857940674,2656561600
1998-11-09,0.2668496370315552,0.31863799691200256,0.3404020071029663,0.2924109995365143,0.3364959955215454,3880195200
1998-11-16,0.2640458643436432,0.31529000401496887,0.3320310115814209,0.31026801466941833,0.3208709955215454,1670670400
1998-11-23,0.2621765732765198,0.3130579888820648,0.3286829888820648,0.31026801466941833,0.31752198934555054,1354606400
1998-11-30,0.24488535523414612,0.2924109995365143,0.329241007566452,0.282366007566452,0.3085939884185791,3737126400
1998-12-07,0.25236228108406067,0.3013390004634857,0.3035709857940674,0.282366007566452,0.297991007566452,2920870400
1998-12-14,0.2631111741065979,0.31417399644851685,0.3158479928970337,0.2879459857940674,0.2935270071029663,2262612800
1998-12-21,0.29348787665367126,0.3504459857940674,0.36160698533058167,0.3058040142059326,0.3158479928970337,2943270400
1998-12-28,0.30610600113868713,0.36551299691200256,0.3705359995365143,0.3482140004634857,0.3482140004634857,1621715200
1999-01-04,0.33648359775543213,0.4017859995365143,0.4185270071029663,0.35714301466941833,0.376116007566452,5819419200
1999-01-11,0.3089107275009155,0.36886200308799744,0.4224329888820648,0.35714301466941833,0.40848198533058167,5159392000
1999-01-18,0.2897494435310364,0.34598198533058167,0.37779000401496887,0.33091500401496887,0.3744420111179352,2259264000
1999-01-25,0.307976096868515,0.3677459955215454,0.3710939884185791,0.34654000401496887,0.3504459857940674,1889328000
1999-02-01,0.27152350544929504,0.3242189884185791,0.3744420111179352,0.3169640004634857,0.37220999598503113,2165800000
1999-02-08,0.28180521726608276,0.3364959955215454,0.3549109995365143,0.3214290142059326,0.3275670111179352,2727110400
1999-02-15,0.27806586027145386,0.3320310115814209,0.3470979928970337,0.31752198934555054,0.3470979928970337,1458150400
1999-02-22,0.26030734181404114,0.31082600355148315,0.35323700308799744,0.3080359995365143,0.33370500802993774,1765456000
1999-03-01,0.24815648794174194,0.2963170111179352,0.31529000401496887,0.2890630066394806,0.31082600355148315,2299539200
1999-03-08,0.24815648794174194,0.2963170111179352,0.30970999598503113,0.2857140004634857,0.296875,2161700800
1999-03-15,0.2504930794239044,0.29910698533058167,0.32198700308799744,0.2935270071029663,0.2974329888820648,1881891200
1999-03-22,0.24862369894981384,0.296875,0.31417399644851685,0.2901790142059326,0.3035709857940674,2063118400
1999-03-29,0.26965436339378357,0.32198700308799744,0.3314729928970337,0.29854899644851685,0.29910698533058167,1807803200
1999-04-05,0.27479463815689087,0.328125,0.34207600355148315,0.3208709955215454,0.3214290142059326,2066288000
1999-04-12,0.26498040556907654,0.3164060115814209,0.33091500401496887,0.30636200308799744,0.3125,3725926400
1999-04-19,0.2930205762386322,0.34988799691200256,0.3521209955215454,0.29910698533058167,0.31863799691200256,3584089600
1999-04-26,0.3439604640007019,0.4107140004634857,0.420758992433548,0.3504459857940674,0.3526790142059326,6250608000
1999-05-03,0.3430258631706238,0.4095979928970337,0.4464290142059326,0.3816959857940674,0.41127198934555054,3728838400
1999-05-10,0.3318096697330475,0.39620500802993774,0.41908499598503113,0.38895100355148315,0.4174109995365143,1768872000
1999-05-17,0.3285384476184845,0.39229899644851685,0.4107140004634857,0.3794640004634857,0.390625,1808318400
1999-05-24,0.3294730484485626,0.39341500401496887,0.39620500802993774,0.36551299691200256,0.389508992433548,1602876800
1999-05-31,0.35985061526298523,0.4296880066394806,0.4302459955215454,0.39285698533058167,0.4017859995365143,1839275200
1999-06-07,0.34723255038261414,0.4146209955215454,0.4375,0.4129459857940674,0.4296880066394806,1587824000
1999-06-14,0.352372944355011,0.420758992433548,0.4291290044784546,0.4029020071029663,0.4151790142059326,944955200
1999-06-21,0.3154529333114624,0.37667399644851685,0.421875,0.3755579888820648,0.41964301466941833,1545219200
1999-06-28,0.346297025680542,0.4135040044784546,0.41908499598503113,0.3783479928970337,0.3789060115814209,1274246400
1999-07-05,0.4159311354160309,0.4966520071029663,0.4966520071029663,0.40904000401496887,0.4101560115814209,3786708800
1999-07-12,0.396769642829895,0.47377198934555054,0.5055800080299377,0.45814698934555054,0.4955359995365143,3315032000
1999-07-19,0.3986389636993408,0.4760040044784546,0.49832600355148315,0.4564729928970337,0.48158499598503113,2357320000
1999-07-26,0.416398286819458,0.49720999598503113,0.5011159777641296,0.454241007566452,0.4720979928970337,1734622400
1999-08-02,0.40471476316452026,0.483258992433548,0.517857015132904,0.4654020071029663,0.4966520071029663,1860342400
1999-08-09,0.44911161065101624,0.5362719893455505,0.5535709857940674,0.47879499197006226,0.4852119982242584,2464392000
1999-08-16,0.4425692558288574,0.5284600257873535,0.5535709857940674,0.5195310115814209,0.5340399742126465,1944409600
1999-08-23,0.4841620624065399,0.578125,0.580357015132904,0.5295760035514832,0.5301340222358704,2004318400
1999-08-30,0.5495892763137817,0.65625,0.671875,0.5535709857940674,0.580357015132904,4290182400
1999-09-06,0.5790317058563232,0.6914060115814209,0.6958709955215454,0.65625,0.658482015132904,2739844800
1999-09-13,0.5752930045127869,0.6869419813156128,0.7064729928970337,0.6595979928970337,0.6880580186843872,1719032000
1999-09-20,0.4855639636516571,0.5797989964485168,0.7154020071029663,0.5625,0.6875,7261027200
1999-09-27,0.461495965719223,0.5510600209236145,0.595982015132904,0.5128350257873535,0.5926340222358704,4543313600
1999-10-04,0.4902369976043701,0.5853790044784546,0.6216520071029663,0.5569199919700623,0.5569199919700623,3066526400
1999-10-11,0.5575345754623413,0.665736973285675,0.6768969893455505,0.5691959857940674,0.5892860293388367,4535585600
1999-10-18,0.5528604984283447,0.6601560115814209,0.689732015132904,0.6110489964485168,0.6595979928970337,4093353600
1999-10-25,0.599127471446991,0.7154020071029663,0.7237719893455505,0.6545760035514832,0.6629459857940674,2158240000
1999-11-01,0.6603481769561768,0.7885040044784546,0.7890629768371582,0.6902899742126465,0.7142860293388367,1802169600
1999-11-08,0.6776403188705444,0.8091520071029663,0.8726279735565186,0.7745540142059326,0.783482015132904,2886934400
1999-11-15,0.6911929249763489,0.8253350257873535,0.845982015132904,0.7862719893455505,0.8002229928970337,1535632000
1999-11-22,0.7108209133148193,0.8487719893455505,0.8526790142059326,0.7901790142059326,0.8191959857940674,1092851200
1999-11-29,0.8599022626876831,1.026785969734192,1.0318080186843872,0.8325889706611633,0.841517984867096,3141185600
1999-12-06,0.7701730132102966,0.919642984867096,1.0535709857940674,0.8839290142059326,1.0228790044784546,2817113600
1999-12-13,0.7477407455444336,0.892857015132904,0.9151790142059326,0.8130580186843872,0.9142019748687744,2547641600
1999-12-20,0.7739114761352539,0.924107015132904,0.9335939884185791,0.8627229928970337,0.8889510035514832,1148190400
1999-12-27,0.7687709927558899,0.9179689884185791,0.9324780106544495,0.8482139706611633,0.9319199919700623,1071425600
2000-01-03,0.7440020442008972,0.888392984867096,1.004464030265808,0.8482139706611633,0.9363840222358704,3055203200
2000-01-10,0.7510117292404175,0.896763026714325,0.9129459857940674,0.7723209857940674,0.9107139706611633,3345742400
2000-01-17,0.8323293328285217,0.993861973285675,1.0848209857940674,0.896763026714325,0.9017860293388367,3383878400
2000-01-24,0.7598913908004761,0.9073659777641296,1.019531011581421,0.8984379768371582,0.9681919813156128,2068673600
2000-01-31,0.8075602650642395,0.9642860293388367,0.982142984867096,0.84375,0.9017860293388367,2384424000
2000-02-07,0.8131680488586426,0.970982015132904,1.0457589626312256,0.9458709955215454,0.9642860293388367,1664308800
2000-02-14,0.8318622708320618,0.9933040142059326,1.0708709955215454,0.9698659777641296,0.9760040044784546,1754468800
2000-02-21,0.8253188133239746,0.9854909777641296,1.0636160373687744,0.9525669813156128,0.9832590222358704,1520971200
2000-02-28,0.957108199596405,1.1428569555282593,1.1791290044784546,0.9676340222358704,0.9832590222358704,2408918400
2000-03-06,0.9402843117713928,1.1227680444717407,1.1529020071029663,1.0558040142059326,1.125,1280126400
2000-03-13,0.9346758723258972,1.1160709857940674,1.129464030265808,1.0178569555282593,1.0904020071029663,1859289600
2000-03-20,1.0370230674743652,1.238281011581421,1.3426339626312256,1.0859379768371582,1.1026790142059326,2306292800
2000-03-27,1.0155256986618042,1.2126120328903198,1.292410969734192,1.1199779510498047,1.228795051574707,1541019200
2000-04-03,0.9851484298706055,1.176339030265808,1.245535969734192,1.042410969734192,1.2098209857940674,1948620800
2000-04-10,0.8365351557731628,0.9988840222358704,1.1852680444717407,0.9363840222358704,1.175781011581421,2892668800
2000-04-17,0.8888770341873169,1.0613839626312256,1.1629459857940674,0.9737719893455505,0.9776790142059326,2042756800
2000-04-24,0.9276657104492188,1.1077009439468384,1.1495540142059326,1.0245540142059326,1.026785969734192,1778358400
2000-05-01,0.8458821773529053,1.010045051574707,1.1272319555282593,0.9871649742126465,1.114954948425293,1636017600
2000-05-08,0.8047564029693604,0.9609379768371582,1.0150669813156128,0.8816959857940674,1.000836968421936,1853790400
2000-05-15,0.7028766870498657,0.8392860293388367,0.9737719893455505,0.8337050080299377,0.9648439884185791,2631921600
2000-05-22,0.6458609104156494,0.7712050080299377,0.8370540142059326,0.7410709857940674,0.8370540142059326,2539454400
2000-05-29,0.6921277642250061,0.8264510035514832,0.890625,0.7176340222358704,0.7823659777641296,2843254400
2000-06-05,0.7159620523452759,0.8549110293388367,0.8794639706611633,0.8007810115814209,0.8331469893455505,1677054400
2000-06-12,0.6818460822105408,0.8141739964485168,0.8610489964485168,0.787388026714325,0.8604909777641296,1471377600
2000-06-19,0.7729768753051758,0.9229909777641296,1.0290180444717407,0.8018969893455505,0.8085939884185791,2058072800
2000-06-26,0.7832589149475098,0.935267984867096,0.9910709857940674,0.9118300080299377,0.9375,1202012000
2000-07-03,0.8141025304794312,0.9720979928970337,0.9854909777641296,0.8861610293388367,0.9308040142059326,909193600
2000-07-10,0.8627058267593384,1.0301339626312256,1.082589030265808,0.9598209857940674,0.9659600257873535,1617061600
2000-07-17,0.8010173439979553,0.9564729928970337,1.051339030265808,0.924107015132904,1.0401790142059326,1698088000
2000-07-24,0.7225044965744019,0.8627229928970337,0.950892984867096,0.8370540142059326,0.9386159777641296,1367128000
2000-07-31,0.7084842920303345,0.845982015132904,0.921875,0.7901790142059326,0.8777899742126465,1057957600
2000-08-07,0.7131581902503967,0.8515629768371582,0.8761159777641296,0.8136159777641296,0.8549110293388367,1233433600
2000-08-14,0.7477407455444336,0.892857015132904,0.9363840222358704,0.8270090222358704,0.849888026714325,875610400
2000-08-21,0.8496204614639282,1.0145089626312256,1.026785969734192,0.8861610293388367,0.8973209857940674,1293359200
2000-08-28,0.9486962556838989,1.1328129768371582,1.136160969734192,1.0189729928970337,1.0223209857940674,1587896800
2000-09-04,0.8804641962051392,1.051339030265808,1.145089030265808,1.03125,1.1188620328903198,1067029600
2000-09-11,0.8260196447372437,0.9863280057907104,1.078125,0.96875,1.0479910373687744,1502429600
2000-09-18,0.7804548740386963,0.9319199919700623,1.0970979928970337,0.892857015132904,0.986607015132904,2160625600
2000-09-25,0.3850860893726349,0.4598209857940674,0.9910709857940674,0.453125,0.9419639706611633,9529973600
2000-10-02,0.3318096697330475,0.39620500802993774,0.4776790142059326,0.375,0.4765630066394806,7414596000
2000-10-09,0.329940527677536,0.3939729928970337,0.40848198533058167,0.34151801466941833,0.40401801466941833,4925905600
2000-10-16,0.2916186451911926,0.3482140004634857,0.4151790142059326,0.327008992433548,0.3984380066394806,4554149600
2000-10-23,0.27759861946105957,0.3314729928970337,0.37276801466941833,0.3125,0.36188599467277527,3486067200
2000-10-30,0.3327442705631256,0.3973209857940674,0.4107140004634857,0.3348209857940674,0.34151801466941833,3206952000
2000-11-06,0.2850763499736786,0.3404020071029663,0.40401801466941833,0.3404020071029663,0.40066999197006226,2016616000
2000-11-13,0.27666395902633667,0.33035698533058167,0.3660709857940674,0.32589301466941833,0.3348209857940674,1808727200
2000-11-20,0.28881481289863586,0.344866007566452,0.3482140004634857,0.32589301466941833,0.3320310115814209,1151483200
2000-11-27,0.2551669776439667,0.3046880066394806,0.3560270071029663,0.2879459857940674,0.3549109995365143,2215371200
2000-12-04,0.22525666654109955,0.2689729928970337,0.311383992433548,0.25,0.30691999197006226,3204504800
2000-12-11,0.21030201017856598,0.251116007566452,0.2857140004634857,0.25,0.27120500802993774,1840921600
2000-12-18,0.2243220955133438,0.26785698533058167,0.2723209857940674,0.24330399930477142,0.26004499197006226,1950043200
2000-12-25,0.22245286405086517,0.265625,0.26785698533058167,0.2533479928970337,0.265625,1477795200
2001-01-01,0.24488535523414612,0.2924109995365143,0.33035698533058167,0.2578130066394806,0.265625,2421137600
2001-01-08,0.2570362389087677,0.30691999197006226,0.33035698533058167,0.2845979928970337,0.30245500802993774,2770521600
2001-01-15,0.2916186451911926,0.3482140004634857,0.34933000802993774,0.29464301466941833,0.311383992433548,3150666400
2001-01-22,0.2925533354282379,0.34933000802993774,0.373883992433548,0.329241007566452,0.3404020071029663,3088478400
2001-01-29,0.30844348669052124,0.3683040142059326,0.4017859995365143,0.34933000802993774,0.34933000802993774,3075693600
2001-02-05,0.28601083159446716,0.34151801466941833,0.381974995136261,0.33370500802993774,0.3660709857940674,2336924800
2001-02-12,0.28414177894592285,0.3392859995365143,0.3671880066394806,0.33035698533058167,0.3404020071029663,1395637600
2001-02-19,0.28133782744407654,0.3359380066394806,0.3560270071029663,0.3214290142059326,0.342633992433548,1430979200
2001-02-26,0.28788018226623535,0.34375,0.36495500802993774,0.30691999197006226,0.3404020071029663,1799851200
2001-03-05,0.3028348684310913,0.36160698533058167,0.3939729928970337,0.34375,0.34598198533058167,1979510400
2001-03-12,0.29348787665367126,0.3504459857940674,0.3816959857940674,0.3236609995365143,0.3515630066394806,2311758400
2001-03-19,0.3439604640007019,0.4107140004634857,0.420758992433548,0.34598198533058167,0.3526790142059326,2894780000
2001-03-26,0.3300526440143585,0.39410701394081116,0.42410698533058167,0.3773210048675537,0.4130359888076782,2876350400
2001-04-02,0.307919979095459,0.36767899990081787,0.4046429991722107,0.3348209857940674,0.39446398615837097,2166735200
2001-04-09,0.33528682589530945,0.4003570079803467,0.4110710024833679,0.35821399092674255,0.3694640100002289,1356986400
2001-04-16,0.37446868419647217,0.44714298844337463,0.4598209857940674,0.3499999940395355,0.39446398615837097,4638340000
2001-04-23,0.39181602001190186,0.4678570032119751,0.4694640040397644,0.41982099413871765,0.4346430003643036,2502152800
2001-04-30,0.3850860893726349,0.4598209857940674,0.48428601026535034,0.42785701155662537,0.4767859876155853,1873149600
2001-05-07,0.34171777963638306,0.4080359935760498,0.46000000834465027,0.4064289927482605,0.45750001072883606,1408898400
2001-05-14,0.35188713669776917,0.42017900943756104,0.45535698533058167,0.40625,0.4087499976158142,1359747200
2001-05-21,0.3403720259666443,0.4064289927482605,0.4308930039405823,0.4017859995365143,0.42196398973464966,1585455200
2001-05-28,0.3124063313007355,0.3730359971523285,0.4017859995365143,0.3446429967880249,0.3985710144042969,2192036000
2001-06-04,0.31883639097213745,0.3807139992713928,0.38749998807907104,0.36303600668907166,0.3764289915561676,1644697600
2001-06-11,0.3056764006614685,0.36500000953674316,0.38803601264953613,0.3455359935760498,0.3758929967880249,1861255200
2001-06-18,0.3328941762447357,0.39750000834465027,0.4107140004634857,0.35678601264953613,0.36446401476860046,1725976000
2001-06-25,0.3476998805999756,0.4151790142059326,0.44821399450302124,0.4008930027484894,0.4017859995365143,1950261600
2001-07-02,0.3294547498226166,0.39339300990104675,0.4326789975166321,0.38785699009895325,0.42214301228523254,797804000
2001-07-09,0.37162718176841736,0.4437499940395355,0.44660699367523193,0.3721430003643036,0.39446398615837097,2272788000
2001-07-16,0.2987975776195526,0.35678601264953613,0.45035699009895325,0.348035991191864,0.4442859888076782,3369234400
2001-07-23,0.28354305028915405,0.3385710120201111,0.3660709857940674,0.3187499940395355,0.35874998569488525,1736890400
2001-07-30,0.2916186451911926,0.3482140004634857,0.35535699129104614,0.33053600788116455,0.3414289951324463,1220665600
2001-08-06,0.2844406068325043,0.3396430015563965,0.3517859876155853,0.33107098937034607,0.3400000035762787,931996800
2001-08-13,0.2702338695526123,0.3226790130138397,0.3457140028476715,0.32089298963546753,0.3410710096359253,1162744800
2001-08-20,0.2777107357978821,0.33160701394081116,0.33250001072883606,0.3139289915561676,0.3239290118217468,1119389600
2001-08-27,0.2774118185043335,0.33125001192092896,0.3446429967880249,0.3085710108280182,0.33214300870895386,1172948000
2001-09-03,0.25841882824897766,0.3085710108280182,0.3407140076160431,0.3071430027484894,0.33035698533058167,1232470400
2001-09-10,0.2597655653953552,0.3101789951324463,0.3125,0.30214300751686096,0.3035709857940674,308845600
2001-09-17,0.23523934185504913,0.2808929979801178,0.3164289891719818,0.26214298605918884,0.2857140004634857,2140118400
2001-09-24,0.23194904625415802,0.276964008808136,0.30071398615837097,0.26660698652267456,0.287678986787796,1850088800
2001-10-01,0.24137046933174133,0.2882139980792999,0.2901790142059326,0.26482099294662476,0.2766070067882538,1870943200
2001-10-08,0.269336074590683,0.32160699367523193,0.32285699248313904,0.2767859995365143,0.2780359983444214,1311744000
2001-10-15,0.2736733853816986,0.32678601145744324,0.32875001430511475,0.30285701155662537,0.3205359876155853,1586603200
2001-10-22,0.2792065143585205,0.33339300751686096,0.3467859923839569,0.3169640004634857,0.32517901062965393,1985261600
2001-10-29,0.2777107357978821,0.33160701394081116,0.3367860019207001,0.30464300513267517,0.33160701394081116,1299894400
2001-11-05,0.279804527759552,0.33410701155662537,0.35946398973464966,0.33089300990104675,0.33642899990081787,1411239200
2001-11-12,0.2836928963661194,0.3387500047683716,0.35535699129104614,0.32071399688720703,0.33321401476860046,1091014400
2001-11-19,0.2967037558555603,0.35428598523139954,0.36071398854255676,0.3385710120201111,0.3392859995365143,870760800
2001-11-26,0.31853732466697693,0.3803569972515106,0.38482099771499634,0.35499998927116394,0.35607099533081055,1486531200
2001-12-03,0.33708158135414124,0.4025000035762787,0.42910701036453247,0.3678570091724396,0.3760710060596466,1672613600
2001-12-10,0.30492857098579407,0.36410701274871826,0.410535991191864,0.35874998569488525,0.39803600311279297,955673600
2001-12-17,0.3140510618686676,0.375,0.38714298605918884,0.36053600907325745,0.36428600549697876,1176106400
2001-12-24,0.33543676137924194,0.4005360007286072,0.4107140004634857,0.3732140064239502,0.3732140064239502,687663200
2001-12-31,0.35427993535995483,0.42303600907325745,0.42767900228500366,0.38982099294662476,0.401964008808136,1689262400
2002-01-07,0.3147989511489868,0.3758929967880249,0.4285709857940674,0.36160698533058167,0.42357099056243896,2023996800
2002-01-14,0.3315483629703522,0.39589300751686096,0.4060710072517395,0.3660709857940674,0.3751789927482605,2272597600
2002-01-21,0.3476998805999756,0.4151790142059326,0.41982099413871765,0.38553598523139954,0.39767900109291077,1300510400
2002-01-28,0.3650471568107605,0.4358929991722107,0.44571399688720703,0.4057140052318573,0.41785699129104614,1765097600
2002-02-04,0.3593640625476837,0.42910701036453247,0.4639289975166321,0.41732099652290344,0.4342859983444214,2280000800
2002-02-11,0.3574203848838806,0.42678600549697876,0.45071399211883545,0.42392900586128235,0.4273209869861603,1456112000
2002-02-18,0.3400721549987793,0.4060710072517395,0.42625001072883606,0.3830359876155853,0.42428600788116455,1528928800
2002-02-25,0.3506903648376465,0.41874998807907104,0.4414289891719818,0.3739289939403534,0.4080359935760498,2523068800
2002-03-04,0.3687855899333954,0.4403569996356964,0.44803598523139954,0.4064289927482605,0.41535699367523193,1377191200
2002-03-11,0.37312284111976624,0.4455359876155853,0.4489290118217468,0.42625001072883606,0.4392859935760498,1175804000
2002-03-18,0.3602617681026459,0.43017899990081787,0.45178601145744324,0.41535699367523193,0.4455359876155853,1659767200
2002-03-25,0.3539809286594391,0.42267900705337524,0.43017899990081787,0.4107140004634857,0.4298210144042969,756828800
2002-04-01,0.3699823021888733,0.441785991191864,0.44982099533081055,0.41571399569511414,0.41749998927116394,1234217600
2002-04-08,0.3747676908969879,0.44749999046325684,0.44999998807907104,0.42464300990104675,0.431428998708725,1405521600
2002-04-15,0.3735710084438324,0.44607099890708923,0.4673210084438324,0.4428569972515106,0.44749999046325684,2087316000
2002-04-22,0.3441103994846344,0.4108929932117462,0.4451789855957031,0.4107140004634857,0.443571001291275,1142528800
2002-04-29,0.35158732533454895,0.41982099413871765,0.435357004404068,0.412321001291275,0.41357100009918213,1238081600
2002-05-06,0.348746657371521,0.4164290130138397,0.4378570020198822,0.39535701274871826,0.41696399450302124,1389108000
2002-05-13,0.3740198016166687,0.44660699367523193,0.4639289975166321,0.4096429944038391,0.41999998688697815,1591486400
2002-05-20,0.3611588478088379,0.4312500059604645,0.45071399211883545,0.4164290130138397,0.4387499988079071,1377353600
2002-05-27,0.34844687581062317,0.41607099771499634,0.4364289939403534,0.41571399569511414,0.42303600907325745,933380000
2002-06-03,0.32003313302993774,0.3821429908275604,0.41874998807907104,0.3737500011920929,0.4176790118217468,1732388000
2002-06-10,0.30059218406677246,0.35892900824546814,0.38999998569488525,0.32339298725128174,0.38357099890708923,1932772800
2002-06-17,0.25198885798454285,0.30089300870895386,0.3683930039405823,0.29982098937034607,0.36142900586128235,3229251200
2002-06-24,0.26499971747398376,0.3164289891719818,0.3182139992713928,0.2853569984436035,0.29946398735046387,1813604800
2002-07-01,0.2802532911300659,0.33464300632476807,0.3348209857940674,0.29910698533058167,0.3162499964237213,888557600
2002-07-08,0.26185914874076843,0.3126789927482605,0.33553600311279297,0.30303600430488586,0.33071398735046387,1462003200
2002-07-15,0.2237241566181183,0.26714301109313965,0.33214300870895386,0.25946399569511414,0.3112500011920929,2902916800
2002-07-22,0.21445171535015106,0.256071001291275,0.27178600430488586,0.24642899632453918,0.26339301466941833,1924440000
2002-07-29,0.21609731018543243,0.2580359876155853,0.276964008808136,0.2544640004634857,0.25857099890708923,1348513600
2002-08-05,0.2243220955133438,0.26785698533058167,0.2746430039405823,0.2494640052318573,0.25910699367523193,1242617600
2002-08-12,0.2364353984594345,0.2823210060596466,0.2874999940395355,0.25964298844337463,0.26607099175453186,1416021600
2002-08-19,0.23523934185504913,0.2808929979801178,0.2901790142059326,0.2758930027484894,0.2817859947681427,1027168800
2002-08-26,0.2205837219953537,0.26339301466941833,0.2848210036754608,0.25910699367523193,0.2848210036754608,1057862400
2002-09-02,0.21505053341388702,0.2567859888076782,0.26392900943756104,0.2508929967880249,0.25874999165534973,1105367200
2002-09-09,0.2119099497795105,0.2530359923839569,0.26071399450302124,0.2508929967880249,0.2549999952316284,1162907200
2002-09-16,0.22237831354141235,0.26553601026535034,0.26946398615837097,0.252142995595932,0.2524999976158142,1602014400
2002-09-23,0.22013473510742188,0.26285699009895325,0.27125000953674316,0.2571429908275604,0.26357099413871765,1183851200
2002-09-30,0.20981624722480774,0.2505359947681427,0.26124998927116394,0.2498210072517395,0.2571429908275604,1218190400
2002-10-07,0.21699418127536774,0.25910699367523193,0.26392900943756104,0.23857100307941437,0.2494640052318573,1671280800
2002-10-14,0.21445171535015106,0.256071001291275,0.2723209857940674,0.2482140064239502,0.25982099771499634,1665143200
2002-10-21,0.23060311377048492,0.2753570079803467,0.2758930027484894,0.25,0.2546429932117462,1119524000
2002-10-28,0.24466094374656677,0.29214298725128174,0.29464301466941833,0.26714301109313965,0.2776789963245392,1364820800
2002-11-04,0.2368841916322708,0.2828570008277893,0.310357004404068,0.2771430015563965,0.29464301466941833,1330145600
2002-11-11,0.23852884769439697,0.2848210036754608,0.29303601384162903,0.27000001072883606,0.2810710072517395,911215200
2002-11-18,0.23942670226097107,0.2858929932117462,0.29357099533081055,0.26803600788116455,0.28910699486732483,1230611200
2002-11-25,0.23179981112480164,0.2767859995365143,0.2882139980792999,0.27267900109291077,0.2862499952316284,869920800
2002-12-02,0.22357425093650818,0.26696398854255676,0.2874999940395355,0.2589290142059326,0.2839289903640747,1441126400
2002-12-09,0.2211816906929016,0.26410698890686035,0.2776789963245392,0.26160699129104614,0.26678600907325745,1112316800
2002-12-16,0.21146106719970703,0.2524999976158142,0.27125000953674316,0.246070995926857,0.26446399092674255,1290604000
2002-12-23,0.2102643847465515,0.2510710060596466,0.26446399092674255,0.2501789927482605,0.2528569996356964,330624000
2002-12-30,0.22282633185386658,0.26607099175453186,0.26660698652267456,0.2471430003643036,0.2514289915561676,684650400
2003-01-06,0.22013473510742188,0.26285699009895325,0.2746430039405823,0.25785699486732483,0.26839300990104675,1352876000
2003-01-13,0.2108631581068039,0.2517859935760498,0.26607099175453186,0.2514289915561676,0.26607099175453186,1562764000
2003-01-20,0.2063767910003662,0.24642899632453918,0.25732100009918213,0.24214300513267517,0.2537499964237213,1002321600
2003-01-27,0.2147514671087265,0.256428986787796,0.26964300870895386,0.24375000596046448,0.24428600072860718,1798988800
2003-02-03,0.21161098778247833,0.2526789903640747,0.26660698652267456,0.2512499988079071,0.25732100009918213,1252664000
2003-02-10,0.21938683092594147,0.26196399331092834,0.26285699009895325,0.2510710060596466,0.2546429932117462,1013146400
2003-02-17,0.2243220955133438,0.26785698533058167,0.2732140123844147,0.26160699129104614,0.26339301466941833,913063200
2003-02-24,0.2244720309972763,0.26803600788116455,0.26946398615837097,0.24642899632453918,0.26535698771476746,935429600
2003-03-03,0.21729326248168945,0.25946399569511414,0.27071401476860046,0.2555359899997711,0.26803600788116455,757702400
2003-03-10,0.22103258967399597,0.26392900943756104,0.26803600788116455,0.2510710060596466,0.25910699367523193,1006868800
2003-03-17,0.2243220955133438,0.26785698533058167,0.27053600549697876,0.26071399450302124,0.26589301228523254,1232336000
2003-03-24,0.21789208054542542,0.2601790130138397,0.26482099294662476,0.2553569972515106,0.26196399331092834,774838400
2003-03-31,0.21549846231937408,0.25732100009918213,0.26249998807907104,0.2507140040397644,0.2558929920196533,874104000
2003-04-07,0.19740332663059235,0.23571400344371796,0.26696398854255676,0.23089300096035004,0.26517900824546814,1972331200
2003-04-14,0.1962074488401413,0.23428599536418915,0.24553599953651428,0.22714300453662872,0.2448209971189499,2439360000
2003-04-21,0.19964687526226044,0.23839299380779266,0.24339300394058228,0.23178599774837494,0.23446400463581085,1192996000
2003-04-28,0.21609731018543243,0.2580359876155853,0.26053598523139954,0.23982100188732147,0.24071399867534637,2217152000
2003-05-05,0.2736733853816986,0.32678601145744324,0.32857099175453186,0.26339301466941833,0.26374998688697815,5400701600
2003-05-12,0.28115034103393555,0.3357140123844147,0.339464008808136,0.3205359876155853,0.32410699129104614,1848280000
2003-05-19,0.27397242188453674,0.32714301347732544,0.33303600549697876,0.3142859935760498,0.33089300990104675,1552297600
2003-05-26,0.2684391438961029,0.3205359876155853,0.3375000059604645,0.3130359947681427,0.32071399688720703,1346324000
2003-06-02,0.25647515058517456,0.3062500059604645,0.32660698890686035,0.30392900109291077,0.32321399450302124,1497535200
2003-06-09,0.26051250100135803,0.3110710084438324,0.3205359876155853,0.29696398973464966,0.30250000953674316,1105546400
2003-06-16,0.2871324121952057,0.3428570032119751,0.350178986787796,0.3116070032119751,0.3142859935760498,1609048000
2003-06-23,0.2801034450531006,0.33446401357650757,0.35160699486732483,0.33000001311302185,0.3446429967880249,1679053600
2003-06-30,0.28608545660972595,0.341607004404068,0.3491069972515106,0.33053600788116455,0.3335709869861603,866213600
2003-07-07,0.29685288667678833,0.35446399450302124,0.3660709857940674,0.341607004404068,0.3441070020198822,1064448000
2003-07-14,0.31195738911628723,0.3725000023841858,0.3782140016555786,0.3460710048675537,0.35732099413871765,1696032800
2003-07-21,0.3221268653869629,0.38464298844337463,0.3851790130138397,0.36250001192092896,0.3694640100002289,971191200
2003-07-28,0.31001371145248413,0.3701789975166321,0.3839290142059326,0.36017900705337524,0.3839290142059326,992140800
2003-08-04,0.2937122583389282,0.3507139980792999,0.3839290142059326,0.3467859923839569,0.36660701036453247,1037058400
2003-08-11,0.29475921392440796,0.35196399688720703,0.36321398615837097,0.3474999964237213,0.3539290130138397,904411200
2003-08-18,0.31225645542144775,0.372857004404068,0.39285698533058167,0.35214298963546753,0.35464298725128174,1105266400
2003-08-25,0.33812832832336426,0.4037500023841858,0.4080359935760498,0.36339300870895386,0.3710710108280182,1111224800
2003-09-01,0.33648359775543213,0.4017859995365143,0.4164290130138397,0.4000000059604645,0.4046429991722107,950874400
2003-09-08,0.34545621275901794,0.4124999940395355,0.4132139980792999,0.39464300870895386,0.4014289975166321,966179200
2003-09-15,0.33767950534820557,0.4032140076160431,0.4116069972515106,0.39017900824546814,0.4073210060596466,1244112800
2003-09-22,0.30941489338874817,0.3694640100002289,0.4017859995365143,0.35982099175453186,0.3960709869861603,1535189600
2003-09-29,0.3243696689605713,0.38732099533081055,0.39035698771476746,0.36053600907325745,0.38374999165534973,1390900000
2003-10-06,0.35412973165512085,0.42285698652267456,0.42517900466918945,0.38535699248313904,0.38696399331092834,1637759200
2003-10-13,0.3402221202850342,0.40625,0.44660699367523193,0.400178998708725,0.42375001311302185,2500881600
2003-10-20,0.3379784822463989,0.4035710096359253,0.41785699129104614,0.39696401357650757,0.4035710096359253,1002260000
2003-10-27,0.34231576323509216,0.4087499976158142,0.4285709857940674,0.4000000059604645,0.40625,1159519200
2003-11-03,0.33648359775543213,0.4017859995365143,0.41607099771499634,0.4008930027484894,0.4076789915561676,1481765600
2003-11-10,0.3209300935268402,0.38321399688720703,0.4057140052318573,0.3799999952316284,0.4008930027484894,1199172800
2003-11-17,0.30328384041786194,0.36214300990104675,0.3816069960594177,0.35446399450302124,0.3812499940395355,1321460000
2003-11-24,0.31270527839660645,0.3733929991722107,0.3798210024833679,0.36160698533058167,0.3660709857940674,971706400
2003-12-01,0.3118074834346771,0.3723210096359253,0.39107099175453186,0.3701789975166321,0.3757140040397644,1122245600
2003-12-08,0.3124063313007355,0.3730359971523285,0.381071001291275,0.35642901062965393,0.3710710108280182,930529600
2003-12-15,0.29461005330085754,0.3517859876155853,0.38374999165534973,0.3503569960594177,0.38374999165534973,1821601600
2003-12-22,0.3107607662677765,0.3710710108280182,0.3733929991722107,0.34375,0.3508929908275604,966733600
2003-12-29,0.31823840737342834,0.3799999952316284,0.38839301466941833,0.3725000023841858,0.3733929991722107,757405600
2004-01-05,0.3439604640007019,0.4107140004634857,0.4308930039405823,0.3824999928474426,0.3824999928474426,2379003200
2004-01-12,0.33977317810058594,0.4057140052318573,0.443571001291275,0.4017859995365143,0.4151790142059326,3177636000
2004-01-19,0.3373805582523346,0.4028570055961609,0.4101789891719818,0.3960709869861603,0.4048210084438324,974780800
2004-01-26,0.3373805582523346,0.4028570055961609,0.41749998927116394,0.39625000953674316,0.4010710120201111,1251740000
2004-02-02,0.33962395787239075,0.4055359959602356,0.4091069996356964,0.38749998807907104,0.4010710120201111,1319981600
2004-02-09,0.3439604640007019,0.4107140004634857,0.4303570091724396,0.4007140100002289,0.4039289951324463,1292116000
2004-02-16,0.3349878191947937,0.4000000059604645,0.42214301228523254,0.39660701155662537,0.4124999940395355,913276000
2004-02-23,0.35771942138671875,0.42714300751686096,0.42892900109291077,0.39089301228523254,0.39892899990081787,1396656800
2004-03-01,0.39989182353019714,0.47749999165534973,0.49089300632476807,0.42142900824546814,0.4303570091724396,3004321600
2004-03-08,0.4121549129486084,0.49214300513267517,0.5024999976158142,0.4598209857940674,0.4753569960594177,3073274400
2004-03-15,0.38673168420791626,0.4617860019207001,0.48839300870895386,0.45339301228523254,0.48267900943756104,2228240000
2004-03-22,0.40437811613082886,0.48285698890686035,0.4885709881782532,0.45035699009895325,0.45303601026535034,2219100800
2004-03-29,0.41125696897506714,0.4910709857940674,0.4998210072517395,0.4753569960594177,0.48875001072883606,1693988800
2004-04-05,0.4117060601711273,0.49160701036453247,0.5066069960594177,0.48071399331092834,0.49071401357650757,1139700800
2004-04-12,0.43638113141059875,0.5210710167884827,0.5282139778137207,0.4698210060596466,0.4910709857940674,3471048000
2004-04-19,0.4142485558986664,0.4946430027484894,0.513392984867096,0.48303601145744324,0.5021430253982544,2053161600
2004-04-26,0.38553497195243835,0.46035701036453247,0.493571013212204,0.45517900586128235,0.4925000071525574,1673453600
2004-05-03,0.3988448679447174,0.4762499928474426,0.4923210144042969,0.45535698533058167,0.4642859995365143,1498319200
2004-05-10,0.40467700362205505,0.48321399092674255,0.4950000047683716,0.4632140100002289,0.4691070020198822,1288224000
2004-05-17,0.40542489290237427,0.48410698771476746,0.4910709857940674,0.4707140028476715,0.4767859876155853,1258292000
2004-05-24,0.419631689786911,0.5010709762573242,0.513929009437561,0.48410698771476746,0.48732098937034607,1259440000
2004-05-31,0.43039998412132263,0.513929009437561,0.5223209857940674,0.4930360019207001,0.4962500035762787,1150889600
2004-06-07,0.45971137285232544,0.54892897605896,0.5530359745025635,0.5144640207290649,0.5185710191726685,1318279200
2004-06-14,0.4921632409095764,0.5876790285110474,0.5966070294380188,0.5267860293388367,0.5473210215568542,2555834400
2004-06-21,0.5039777159690857,0.6017860174179077,0.6041070222854614,0.5735710263252258,0.5914289951324463,1717536800
2004-06-28,0.46479570865631104,0.5550000071525574,0.6105359792709351,0.5308930277824402,0.6103569865226746,2737319200
2004-07-05,0.44909292459487915,0.5362499952316284,0.56107097864151,0.5348209738731384,0.5583930015563965,1189216000
2004-07-12,0.481545090675354,0.574999988079071,0.6005359888076782,0.5132139921188354,0.5360710024833679,3919703200
2004-07-19,0.45911261439323425,0.5482140183448792,0.584106981754303,0.5442860126495361,0.5716069936752319,1765864800
2004-07-26,0.4836386740207672,0.5774999856948853,0.5892860293388367,0.5496429800987244,0.5508930087089539,1569170400
2004-08-02,0.44535475969314575,0.5317860245704651,0.5767859816551208,0.5303570032119751,0.5567860007286072,1590002400
2004-08-09,0.46120622754096985,0.5507140159606934,0.5632140040397644,0.5323209762573242,0.5330359935760498,1518524000
2004-08-16,0.46060827374458313,0.550000011920929,0.5689290165901184,0.5419639945030212,0.5535709857940674,1829049600
2004-08-23,0.5136980414390564,0.6133930087089539,0.6282140016555786,0.5464289784431458,0.5510709881782532,2479086400
2004-08-30,0.5268581509590149,0.6291069984436035,0.64267897605896,0.6064289808273315,0.607142984867096,1810222400
2004-09-06,0.5364292860031128,0.6405360102653503,0.6530359983444214,0.6291069984436035,0.6321430206298828,1434837600
2004-09-13,0.5554214715957642,0.6632140278816223,0.6675000190734863,0.6210709810256958,0.6407139897346497,1773693600
2004-09-20,0.5576652884483337,0.665893018245697,0.6941069960594177,0.6573209762573242,0.6585710048675537,1800232000
2004-09-27,0.5783028602600098,0.6905360221862793,0.7012500166893005,0.65767902135849,0.6598209738731384,1914628800
2004-10-04,0.5841352343559265,0.6974999904632568,0.7308930158615112,0.6857140064239502,0.6996430158615112,2211927200
2004-10-11,0.6804442405700684,0.8125,0.8169639706611633,0.6723210215568542,0.692857027053833,5746624800
2004-10-18,0.7090075612068176,0.8466070294380188,0.8633930087089539,0.7982140183448792,0.7982140183448792,3815425600
2004-10-25,0.7836320400238037,0.9357140064239502,0.949999988079071,0.8387500047683716,0.8428570032119751,3854984000
2004-11-01,0.8183278441429138,0.9771429896354675,1.0019639730453491,0.929286003112793,0.9375,4669884800
2004-11-08,0.8299921751022339,0.9910709857940674,0.9944639801979065,0.9532139897346497,0.9691069722175598,2314362400
2004-11-15,0.825057864189148,0.9851790070533752,1.0162500143051147,0.9682139754295349,0.9857140183448792,2293328800
2004-11-22,0.9653336405754089,1.1526789665222168,1.1742860078811646,1.0339289903640747,1.1035710573196411,5420592800
2004-11-29,0.9373681545257568,1.1192859411239624,1.2423210144042969,1.1026790142059326,1.2312500476837158,5768280000
2004-12-06,0.9743067026138306,1.1633930206298828,1.1916069984436035,1.1080360412597656,1.1473209857940674,4513997600
2004-12-13,0.9719135165214539,1.1605360507965088,1.2053569555282593,1.1535710096359253,1.1717859506607056,3118735200
2004-12-20,0.9572577476501465,1.1430360078811646,1.1785709857940674,1.100000023841858,1.1691069602966309,3044300000
2004-12-27,0.963090181350708,1.149999976158142,1.1633930206298828,1.1080360412597656,1.157142996788025,2244737600
2005-01-03,1.0356206893920898,1.2366069555282593,1.2433929443359375,1.1178569793701172,1.1567859649658203,5402241600
2005-01-10,1.0498276948928833,1.2535710334777832,1.3289289474487305,1.130357027053833,1.2469639778137207,11192098400
2005-01-17,1.054165005683899,1.2587499618530273,1.2785710096359253,1.2098209857940674,1.2473210096359253,3584610400
2005-01-24,1.106357216835022,1.3210710287094116,1.3210710287094116,1.2598210573196411,1.2675000429153442,3848196800
2005-01-31,1.1790374517440796,1.4078569412231445,1.4269640445709229,1.3305360078811646,1.331786036491394,4674762400
2005-02-07,1.2144807577133179,1.4501789808273315,1.4641070365905762,1.3689290285110474,1.4094640016555786,4900005600
2005-02-14,1.2982279062271118,1.5501790046691895,1.6228569746017456,1.4651789665222168,1.4773210287094116,7904652000
2005-02-21,1.33082914352417,1.5891070365905762,1.6055359840393066,1.523036003112793,1.5410710573196411,4999013600
2005-02-28,1.2804316282272339,1.5289289951324463,1.6121430397033691,1.4721430540084839,1.5957139730453491,3746232000
2005-03-07,1.204460859298706,1.4382139444351196,1.5446430444717407,1.3867859840393066,1.5285710096359253,4204488400
2005-03-14,1.2849184274673462,1.5342860221862793,1.551429033279419,1.4114290475845337,1.4471429586410522,3553877600
2005-03-21,1.2711595296859741,1.5178569555282593,1.5703569650650024,1.5007139444351196,1.5460710525512695,2055071200
2005-03-28,1.2230048179626465,1.4603569507598877,1.5342860221862793,1.448928952217102,1.526785969734192,2409145200
2005-04-04,1.3082475662231445,1.5621429681777954,1.587499976158142,1.4342859983444214,1.4639290571212769,2708017200
2005-04-11,1.0573056936264038,1.2625000476837158,1.5803569555282593,1.2599999904632568,1.5767860412597656,7655950400
2005-04-18,1.0617918968200684,1.2678569555282593,1.3478569984436035,1.214285969734192,1.25,4952673600
2005-04-25,1.0785413980484009,1.2878570556640625,1.3396430015563965,1.2578569650650024,1.3032139539718628,3417593200
2005-05-02,1.1138347387313843,1.3300000429153442,1.3332140445709229,1.2864290475845337,1.293213963508606,2124449600
2005-05-09,1.039958119392395,1.241786003112793,1.337499976158142,1.1825000047683716,1.3314290046691895,4510895200
2005-05-16,1.1231063604354858,1.3410710096359253,1.3457139730453491,1.233214020729065,1.2342859506607056,2945174400
2005-05-23,1.2131346464157104,1.448570966720581,1.4621429443359375,1.3517860174179077,1.3517860174179077,2873570000
2005-05-30,1.1437437534332275,1.3657139539718628,1.4557139873504639,1.3489290475845337,1.4521429538726807,2188860800
2005-06-06,1.0710643529891968,1.2789289951324463,1.3796429634094238,1.2685710191726685,1.3689290285110474,3030426000
2005-06-13,1.1458377838134766,1.3682140111923218,1.3764289617538452,1.276785969734192,1.2817859649658203,2490762400
2005-06-20,1.1293871402740479,1.3485709428787231,1.420714020729065,1.3350000381469727,1.3517860174179077,2204132000
2005-06-27,1.091700792312622,1.3035709857940674,1.3607139587402344,1.2899999618530273,1.3157140016555786,2067220400
2005-07-04,1.1440426111221313,1.3660709857940674,1.3671430349349976,1.3035709857940674,1.3053569793701172,1523354000
2005-07-11,1.2427457571029663,1.4839290380477905,1.5003570318222046,1.3492859601974487,1.3703570365905762,4244405200
2005-07-18,1.3160241842269897,1.5714290142059326,1.5728570222854614,1.4667860269546509,1.478929042816162,2416125600
2005-07-25,1.2756457328796387,1.5232139825820923,1.5850000381469727,1.5092860460281372,1.5710710287094116,1660360800
2005-08-01,1.2858147621154785,1.5353569984436035,1.5535709857940674,1.5007139444351196,1.5203570127487183,1380682800
2005-08-08,1.37883460521698,1.6464289426803589,1.6507140398025513,1.5217859745025635,1.535714030265808,2106188000
2005-08-15,1.3707585334777832,1.6367859840393066,1.7260710000991821,1.6339290142059326,1.659999966621399,2943203200
2005-08-22,1.3680657148361206,1.6335710287094116,1.6828570365905762,1.6164289712905884,1.6482139825820923,1792719600
2005-08-29,1.3824234008789062,1.6507140398025513,1.684643030166626,1.6164289712905884,1.616786003112793,1756759200
2005-09-05,1.5346629619598389,1.8324999809265137,1.8339289426803589,1.662500023841858,1.667857050895691,3099975200
2005-09-12,1.5316725969314575,1.8289289474487305,1.8439290523529053,1.7617859840393066,1.8250000476837158,2426267200
2005-09-19,1.5911922454833984,1.899999976158142,1.9217859506607056,1.823214054107666,1.823214054107666,3060492400
2005-09-26,1.6034553050994873,1.9146430492401123,1.948570966720581,1.8067859411239624,1.9296430349349976,3182289600
2005-10-03,1.5343639850616455,1.832142949104309,1.9767860174179077,1.8053569793701172,1.9342859983444214,3093202000
2005-10-10,1.6151195764541626,1.9285709857940674,1.9410710334777832,1.709643006324768,1.8485709428787231,7332004400
2005-10-17,1.6647700071334839,1.9878569841384888,2.0350000858306885,1.8289289474487305,1.9278570413589478,4389593600
2005-10-24,1.6291773319244385,1.9453569650650024,2.0557138919830322,1.934643030166626,1.973214030265808,2887802400
2005-10-31,1.8289738893508911,2.183928966522217,2.2257139682769775,1.9553569555282593,1.9714289903640747,4310009200
2005-11-07,1.840638518333435,2.197856903076172,2.2182140350341797,2.1075000762939453,2.1732139587402344,2756320000
2005-11-14,1.930965542793274,2.3057138919830322,2.3528571128845215,2.1753571033477783,2.197856903076172,2892456000
2005-11-21,2.073934316635132,2.476428985595703,2.4835710525512695,2.2757139205932617,2.315000057220459,1932859600
2005-11-28,2.1723361015319824,2.5939290523529053,2.5978569984436035,2.4053568840026855,2.5257139205932617,4214282800
2005-12-05,2.2231826782226562,2.6546430587768555,2.672499895095825,2.5532140731811523,2.569643020629883,3466047200
2005-12-12,2.126873731613159,2.5396430492401123,2.694999933242798,2.509643077850342,2.67392897605896,3701860400
2005-12-19,2.1938717365264893,2.619642972946167,2.6603569984436035,2.5371429920196533,2.5396430492401123,2084608400
2005-12-26,2.1502034664154053,2.567500114440918,2.684999942779541,2.5121428966522217,2.642857074737549,2102993200
2006-01-02,2.2821044921875,2.7249999046325684,2.739285945892334,2.580357074737549,2.5850000381469727,2580718000
2006-01-09,2.559965133666992,3.056786060333252,3.085714101791382,2.7049999237060547,2.740356922149658,6505819600
2006-01-16,2.2758233547210693,2.7174999713897705,3.0850000381469727,2.708214044570923,3.06071400642395,4866867600
2006-01-23,2.154390811920166,2.572499990463257,2.8414289951324463,2.539285898208618,2.7178568840026855,5613022800
2006-01-30,2.1490063667297363,2.566071033477783,2.7357139587402344,2.5310709476470947,2.541785955429077,4232575200
2006-02-06,2.013216495513916,2.4039289951324463,2.5896430015563965,2.246428966522217,2.572143077850342,6903954400
2006-02-13,2.1023473739624023,2.510356903076172,2.5360710620880127,2.3085711002349854,2.379642963409424,4728382400
2006-02-20,2.1373422145843506,2.552143096923828,2.607142925262451,2.4285709857940674,2.521070957183838,3149507200
2006-02-27,2.025480031967163,2.4185709953308105,2.585714101791382,2.4117860794067383,2.571070909500122,4184980800
2006-03-06,1.8899891376495361,2.2567861080169678,2.4185709953308105,2.2303569316864014,2.4175000190734863,4281242000
2006-03-13,1.9339563846588135,2.309286117553711,2.430000066757202,2.2896430492401123,2.323214054107666,3956884400
2006-03-20,1.793381929397583,2.1414289474487305,2.3378570079803467,2.1082139015197754,2.3292860984802246,5796509600
2006-03-27,1.8759318590164185,2.240000009536743,2.2717859745025635,2.059643030166626,2.1553568840026855,7031236800
2006-04-03,2.087393045425415,2.492500066757202,2.573214054107666,2.180356979370117,2.2739291191101074,8190131600
2006-04-10,1.9880925416946411,2.373929023742676,2.5332140922546387,2.3503570556640625,2.510356903076172,3317403600
2006-04-17,2.005141496658325,2.3942859172821045,2.5,2.2982139587402344,2.375356912612915,5058785200
2006-04-24,2.1053388118743896,2.5139288902282715,2.546428918838501,2.3392860889434814,2.387500047683716,3552962000
2006-05-01,2.1502034664154053,2.567500114440918,2.6032140254974365,2.4700000286102295,2.5274999141693115,3633366800
2006-05-08,2.0248823165893555,2.4178569316864014,2.635714054107666,2.387856960296631,2.606786012649536,3040870000
2006-05-15,1.929470419883728,2.303929090499878,2.442142963409424,2.2435710430145264,2.4060709476470947,3864420000
2006-05-22,1.9007564783096313,2.2696430683135986,2.328213930130005,2.198570966720581,2.2810709476470947,3225742800
2006-05-29,1.8442280292510986,2.2021429538726807,2.260714054107666,2.0960710048675537,2.260356903076172,3472674800
2006-06-05,1.7718462944030762,2.1157140731811523,2.198570966720581,2.0410709381103516,2.183928966522217,4255650000
2006-06-12,1.7215980291366577,2.0557138919830322,2.133570909500122,2.0246429443359375,2.121428966522217,4705050000
2006-06-19,1.75958251953125,2.1010708808898926,2.1489291191101074,2.0357139110565186,2.065356969833374,3866682400
2006-06-26,1.7129243612289429,2.0453569889068604,2.115000009536743,1.978929042816162,2.1132140159606934,3480946000
2006-07-03,1.6569932699203491,1.9785710573196411,2.07785701751709,1.9524999856948853,2.054286003112793,2145581200
2006-07-10,1.515520691871643,1.809643030166626,2.0174999237060547,1.791429042816162,1.989285945892334,4524640400
2006-07-17,1.8161133527755737,2.1685709953308105,2.1996428966522217,1.844642996788025,1.847499966621399,6279772800
2006-07-24,1.9617730379104614,2.3424999713897705,2.3457140922546387,2.1582140922546387,2.187856912612915,3636906000
2006-07-31,2.042827606201172,2.43928599357605,2.5,2.319999933242798,2.3867859840393066,4849286400
2006-08-07,1.9037480354309082,2.273214101791382,2.4857139587402344,2.234999895095825,2.4185709953308105,4674504800
2006-08-14,2.031163215637207,2.4253571033477783,2.4521429538726807,2.2714290618896484,2.2874999046325684,3477759600
2006-08-21,2.0562870502471924,2.455357074737549,2.4660708904266357,2.362499952316284,2.4035708904266357,2838603600
2006-08-28,2.045219898223877,2.442142963409424,2.4517860412597656,2.325714111328125,2.4464290142059326,3348828000
2006-09-04,2.169046401977539,2.5899999141693115,2.627500057220459,2.448214054107666,2.4632139205932617,4150440000
2006-09-11,2.216303825378418,2.6464290618896484,2.677856922149658,2.5507140159606934,2.5867860317230225,5563532800
2006-09-18,2.1834025382995605,2.607142925262451,2.7164289951324463,2.5921430587768555,2.635714054107666,3697355200
2006-09-25,2.302442789077759,2.749285936355591,2.7778570652008057,2.632857084274292,2.636070966720581,3901735600
2006-10-02,2.2198920249938965,2.6507139205932617,2.7200000286102295,2.6128571033477783,2.682142972946167,3483272800
2006-10-09,2.243821144104004,2.679286003112793,2.745713949203491,2.5928568840026855,2.635714054107666,2818718000
2006-10-16,2.3912744522094727,2.8553569316864014,2.856786012649536,2.6396429538726807,2.685357093811035,4275916400
2006-10-23,2.405034065246582,2.871786117553711,2.950000047683716,2.8482139110565186,2.856786012649536,2808657600
2006-10-30,2.3416247367858887,2.7960710525512695,2.9171431064605713,2.7782139778137207,2.856786012649536,2509956400
2006-11-06,2.486088514328003,2.9685709476470947,3.0246429443359375,2.8010709285736084,2.819643020629883,2948344000
2006-11-13,2.567742109298706,3.066071033477783,3.0821430683135986,2.9514288902282715,2.9721429347991943,2855316800
2006-11-20,2.7406198978424072,3.2725000381469727,3.3242859840393066,3.0428569316864014,3.049999952316284,2384079600
2006-11-27,2.7313485145568848,3.2614290714263916,3.3271429538726807,3.1964290142059326,3.303929090499878,4933658800
2006-12-04,2.6398251056671143,3.1521430015563965,3.297499895095825,3.1035709381103516,3.2814290523529053,3799664400
2006-12-11,2.623671531677246,3.132857084274292,3.2142860889434814,3.054642915725708,3.174999952316284,3955722400
2006-12-18,2.458570957183838,2.93571400642395,3.142857074737549,2.914285898208618,3.129642963409424,3717576800
2006-12-25,2.5375332832336426,3.0299999713897705,3.049999952316284,2.741786003112793,2.933928966522217,4622749600
2007-01-01,2.5438129901885986,3.0374999046325684,3.0921430587768555,2.924999952316284,3.0817859172821045,2920321600
2007-01-08,2.830049991607666,3.379286050796509,3.492856979370117,3.0410709381103516,3.069999933242798,9852228400
2007-01-15,2.6470019817352295,3.1607139110565186,3.4857139587402344,3.1471428871154785,3.4171431064605713,6619415600
2007-01-22,2.553684711456299,3.049285888671875,3.184286117553711,3.0353569984436035,3.1835711002349854,5482111600
2007-01-29,2.5348427295684814,3.0267860889434814,3.0946431159973145,2.989285945892334,3.0821430683135986,3621576000
2007-02-05,2.490575075149536,2.973928928375244,3.0896430015563965,2.9592859745025635,3.010714054107666,4049642800
2007-02-12,2.5372345447540283,3.0296430587768555,3.0585711002349854,2.986785888671875,3.01535701751709,2576568400
2007-02-19,2.664050817489624,3.1810710430145264,3.2432138919830322,3.005713939666748,3.023214101791382,3129134400
2007-02-26,2.5545809268951416,3.0503571033477783,3.2142860889434814,2.9642860889434814,3.208570957183838,4956666400
2007-03-05,2.631150245666504,3.1417860984802246,3.177500009536743,3.062856912612915,3.067500114440918,3151218000
2007-03-12,2.679603099822998,3.1996428966522217,3.2357139587402344,3.140000104904175,3.1453568935394287,3525088000
2007-03-19,2.7971484661102295,3.3399999141693115,3.369999885559082,3.1996428966522217,3.2228569984436035,2901150000
2007-03-26,2.778904438018799,3.318213939666748,3.458214044570923,3.293929100036621,3.356786012649536,4065658800
2007-04-02,2.8318448066711426,3.3814289569854736,3.401071071624756,3.322143077850342,3.362143039703369,1918226800
2007-04-09,2.699045181274414,3.2228569984436035,3.4035708904266357,3.2164289951324463,3.4003570079803467,2691444000
2007-04-16,2.7208802700042725,3.248929023742676,3.296428918838501,3.200000047683716,3.23464298248291,2773691200
2007-04-23,2.9885709285736084,3.568571090698242,3.6607139110565186,3.260714054107666,3.271070957183838,5459868400
2007-04-30,3.015190601348877,3.6003570556640625,3.628571033477783,3.5196430683135986,3.5746428966522217,2612243200
2007-05-07,3.2523727416992188,3.883570909500122,3.8975000381469727,3.6075000762939453,3.609999895095825,4214266000
2007-05-14,3.2906582355499268,3.929286003112793,3.9514288902282715,3.693571090698242,3.9149999618530273,4089864800
2007-05-21,3.398332118988037,4.057857036590576,4.107142925262451,3.930356979370117,3.939642906188965,3643998400
2007-05-28,3.5412991046905518,4.228570938110352,4.363214015960693,4.0246429443359375,4.087500095367432,4306467200
2007-06-04,3.723449230194092,4.446071147918701,4.557499885559082,4.210713863372803,4.236785888671875,6076462000
2007-06-11,3.604109287261963,4.3035712242126465,4.505356788635254,4.121428966522217,4.5,6806662800
2007-06-18,3.6788837909698486,4.392857074737549,4.470714092254639,4.311429023742676,4.402856826782227,4250064000
2007-06-25,3.6501717567443848,4.3585710525512695,4.46750020980835,4.239999771118164,4.435357093811035,5261090800
2007-07-02,3.9570467472076416,4.724999904632568,4.762143135070801,4.260714054107666,4.323214054107666,4485090400
2007-07-09,4.119452953338623,4.918929100036621,4.923213958740234,4.6003570556640625,4.7278571128845215,4684814400
2007-07-16,4.2995100021362305,5.1339287757873535,5.149285793304443,4.8585710525512695,4.942500114440918,4303594400
2007-07-23,4.3025007247924805,5.137499809265137,5.318571090698242,4.791070938110352,5.118214130401611,7675693200
2007-07-30,3.9435832500457764,4.708929061889648,5.194643020629883,4.56321382522583,5.1546430587768555,6151370400
2007-08-06,3.7387049198150635,4.464285850524902,4.901429176330566,4.29642915725708,4.746428966522217,5219348400
2007-08-13,3.6507694721221924,4.359285831451416,4.619643211364746,3.98642897605896,4.582857131958008,5546522800
2007-08-20,4.046773433685303,4.8321428298950195,4.8346428871154785,4.3035712242126465,4.427143096923828,4946802000
2007-08-27,4.141886234283447,4.945713996887207,4.987500190734863,4.522500038146973,4.7639288902282715,5366135600
2007-09-03,3.9411919116973877,4.706070899963379,5.208570957183838,4.642857074737549,4.997857093811035,6976902800
2007-09-10,4.151753902435303,4.957499980926514,4.978570938110352,4.776785850524902,4.892499923706055,4745977600
2007-09-17,4.311474323272705,5.148213863372803,5.166070938110352,4.914286136627197,4.963929176330566,4715062800
2007-09-24,4.590231418609619,5.4810709953308105,5.535714149475098,5.237500190734863,5.240356922149658,4493280400
2007-10-01,4.828909397125244,5.76607084274292,5.770713806152344,5.461785793304443,5.522500038146973,3922086000
2007-10-08,5.002385139465332,5.973214149475098,6.138570785522461,5.471786022186279,5.838929176330566,5239973200
2007-10-15,5.097202301025391,6.086429119110107,6.236785888671875,5.839285850524902,5.99928617477417,5388829600
2007-10-22,5.524309158325195,6.596428871154785,6.735713958740234,6.070000171661377,6.083929061889648,6413624000
2007-10-29,5.619122505187988,6.7096428871154785,6.789999961853027,6.4285712242126465,6.623213768005371,4120429600
2007-11-05,4.946155071258545,5.906071186065674,6.881429195404053,5.900356769561768,6.617499828338623,6169990400
2007-11-12,4.976665019989014,5.942500114440918,6.341785907745361,5.379642963409424,5.902856826782227,7828584400
2007-11-19,5.130699157714844,6.126429080963135,6.1553568840026855,5.789286136627197,5.932143211364746,4381638800
2007-11-26,5.45013427734375,6.507856845855713,6.70357084274292,6.071785926818848,6.199643135070801,6012426000
2007-12-03,5.811441421508789,6.939286231994629,6.963929176330566,6.321071147918701,6.494999885559082,4593548400
2007-12-10,5.694495677947998,6.799643039703369,7.0296430587768555,6.634285926818848,6.913928985595703,4597894000
2007-12-17,5.799776077270508,6.925356864929199,6.925356864929199,6.378571033477783,6.811429023742676,4842793200
2007-12-24,5.976843357086182,7.136785984039307,7.248570919036865,6.956786155700684,6.965356826782227,2679110000
2007-12-31,5.385229110717773,6.430356979370117,7.160714149475098,6.3889288902282715,7.125,3916410400
2008-01-07,5.165094375610352,6.167500019073486,6.557143211364746,6.010714054107666,6.473214149475098,8125152000
2008-01-14,4.826219081878662,5.762856960296631,6.4078569412231445,5.596428871154785,6.340000152587891,9139776800
2008-01-21,3.8885507583618164,4.643214225769043,5.713571071624756,4.505000114440918,5.2878570556640625,9368329600
2008-01-28,4.000412940979004,4.776785850524902,4.880356788635254,4.51607084274292,4.57714319229126,6174296800
2008-02-04,3.7530617713928223,4.481429100036621,4.853570938110352,4.18821382522583,4.793213844299316,7052852800
2008-02-11,3.727637767791748,4.451070785522461,4.6785712242126465,4.414999961853027,4.571785926818848,5251344000
2008-02-18,3.5730042457580566,4.2664289474487305,4.526785850524902,4.138214111328125,4.499642848968506,4440478000
2008-02-25,3.739301919937134,4.465000152587891,4.721428871154785,4.122857093811035,4.23535680770874,7110535600
2008-03-03,3.6564502716064453,4.3660712242126465,4.5535712242126465,4.214285850524902,4.444285869598389,7304424400
2008-03-10,3.7868587970733643,4.521786212921143,4.653571128845215,4.263214111328125,4.356429100036621,5641904800
2008-03-17,3.9860568046569824,4.759643077850342,4.7960710525512695,4.376786231994629,4.376786231994629,4197043200
2008-03-24,4.277377605438232,5.107500076293945,5.204999923706055,4.772857189178467,4.786070823669434,5015836000
2008-03-31,4.578567981719971,5.4671430587768555,5.525356769561768,5.090000152587891,5.116786003112793,4751586000
2008-04-07,4.400904178619385,5.255000114440918,5.703214168548584,5.228570938110352,5.576070785522461,5211858400
2008-04-14,4.816647529602051,5.751429080963135,5.795000076293945,5.162143230438232,5.241786003112793,4069931600
2008-04-21,5.076563358306885,6.06178617477417,6.110713958740234,5.646070957183838,5.793213844299316,6671456400
2008-04-28,5.411848545074463,6.4621429443359375,6.497142791748047,6.0403571128845215,6.0625,4759874000
2008-05-05,5.486921787261963,6.551785945892334,6.721428871154785,6.447856903076172,6.497142791748047,4502719200
2008-05-12,5.611644744873047,6.700714111328125,6.865714073181152,6.5303568840026855,6.614643096923828,4197600400
2008-05-19,5.418725967407227,6.4703569412231445,6.73892879486084,6.142857074737549,6.709286212921143,5186980400
2008-05-26,5.64544153213501,6.7410712242126465,6.769286155700684,6.494286060333252,6.526785850524902,2791255600
2008-06-02,5.55242395401001,6.630000114440918,6.783928871154785,6.512143135070801,6.735713958740234,3879212400
2008-06-09,5.155522346496582,6.156071186065674,6.670713901519775,5.903929233551025,6.599643230438232,6645175600
2008-06-16,5.2422637939453125,6.259643077850342,6.512143135070801,6.038214206695557,6.117856979370117,4443171600
2008-06-23,5.087329387664795,6.074643135070801,6.386785984039307,5.862500190734863,6.240714073181152,3824038400
2008-06-30,5.088225841522217,6.075714111328125,6.337500095367432,5.857142925262451,6.078214168548584,3156358800
2008-07-07,5.161802768707275,6.163570880889893,6.461071014404297,6.107142925262451,6.184286117553711,4375218400
2008-07-14,4.9395751953125,5.898213863372803,6.403571128845215,5.892857074737549,6.401429176330566,4299828400
2008-07-21,4.848949432373047,5.789999961853027,6.013214111328125,5.233213901519775,5.960713863372803,5775086800
2008-07-28,4.685643196105957,5.59499979019165,5.802499771118164,5.487500190734863,5.79785680770874,3372104400
2008-08-04,5.071177959442139,6.055356979370117,6.058928966522217,5.461071014404297,5.5928568840026855,3458677600
2008-08-11,5.256318092346191,6.276429176330566,6.444643020629883,6.059642791748047,6.0739288330078125,3989482000
2008-08-18,5.28772497177124,6.313929080963135,6.3503570556640625,6.13607120513916,6.270357131958008,2654526000
2008-08-25,5.070581436157227,6.054643154144287,6.294642925262451,6.037143230438232,6.291070938110352,2438430400
2008-09-01,4.7909255027771,5.720714092254639,6.1964287757873535,5.630356788635254,6.1571431159973145,3045868000
2008-09-08,4.45474100112915,5.319285869598389,5.8889288902282715,5.214285850524902,5.877500057220459,5028310000
2008-09-15,4.214566230773926,5.03249979019165,5.2746429443359375,4.309999942779541,5.072500228881836,6428055200
2008-09-22,3.8356106281280518,4.579999923706055,5.0089287757873535,4.392857074737549,4.997857093811035,5316589600
2008-09-29,2.9033281803131104,3.4667859077453613,4.274285793304443,3.380357027053833,4.2721428871154785,9448986400
2008-10-06,2.8952524662017822,3.4571430683135986,3.625,3.0357139110565186,3.2842860221862793,10030613600
2008-10-13,2.9131970405578613,3.4785709381103516,4.1571431159973145,3.067500114440918,3.733928918838501,8846994800
2008-10-20,2.882690191268921,3.442142963409424,3.6160709857940674,3.2182140350341797,3.563570976257324,9257127600
2008-10-27,3.217977523803711,3.8424999713897705,4.006785869598389,3.2807140350341797,3.3953568935394287,8091728400
2008-11-03,2.9383230209350586,3.508570909500122,3.992500066757202,3.4185709953308105,3.7832140922546387,6127402400
2008-11-10,2.699045181274414,3.2228569984436035,3.585714101791382,3.072143077850342,3.577500104904175,6786690400
2008-11-17,2.4699368476867676,2.9492859840393066,3.270714044570923,2.8264288902282715,3.1600000858306885,6830208000
2008-11-24,2.77172589302063,3.309643030166626,3.4017860889434814,3.0299999713897705,3.0432140827178955,3875160800
2008-12-01,2.8115060329437256,3.357142925262451,3.436785936355591,3.0892860889434814,3.260714054107666,5546335200
2008-12-08,2.9392197132110596,3.509643077850342,3.700000047683716,3.304642915725708,3.4742860794067383,5408477200
2008-12-15,2.6918675899505615,3.2142860889434814,3.445713996887207,3.143570899963379,3.4282140731811523,4938460800
2008-12-22,2.5665457248687744,3.064642906188965,3.2153570652008057,3.0196430683135986,3.2149999141693115,2059430800
2008-12-29,2.714298725128174,3.2410709857940674,3.2514290809631348,3.0257139205932617,3.0899999141693115,3007158000
2009-01-05,2.709214210510254,3.234999895095825,3.4703569412231445,3.2157139778137207,3.327500104904175,4444314000
2009-01-12,2.4624595642089844,2.940356969833374,3.249643087387085,2.858928918838501,3.2307140827178955,5317037600
2009-01-19,2.642815589904785,3.1557140350341797,3.2142860889434814,2.7928569316864014,2.9260709285736084,4182483200
2009-01-26,2.6957554817199707,3.2189290523529053,3.392857074737549,3.1535708904266357,3.1735711097717285,3415890800
2009-02-02,2.982588529586792,3.561429023742676,3.5714290142059326,3.174999952316284,3.182142972946167,3402434000
2009-02-09,2.9658398628234863,3.541429042816162,3.6785709857940674,3.4203569889068604,3.5714290142059326,3665211200
2009-02-16,2.7277586460113525,3.257143020629883,3.4657139778137207,3.1785709857940674,3.4596428871154785,3036138000
2009-02-23,2.671229600906372,3.189642906188965,3.318571090698242,3.0896430015563965,3.273214101791382,3763667600
2009-03-02,2.5512921810150146,3.046428918838501,3.313214063644409,2.940356969833374,3.1471428871154785,3954720000
2009-03-09,2.8692307472229004,3.4260709285736084,3.4714291095733643,2.9489290714263916,3.0064289569854736,3758554800
2009-03-16,3.0385189056396484,3.628213882446289,3.695713996887207,3.3635709285736084,3.447499990463257,3575695200
2009-03-23,3.1958439350128174,3.816071033477783,3.927856922149658,3.6339290142059326,3.6682140827178955,3062752000
2009-03-30,3.469217300415039,4.142499923706055,4.147500038146973,3.6646430492401123,3.7325000762939453,3110856000
2009-04-06,3.576293706893921,4.270357131958008,4.285714149475098,4.045713901519775,4.105000019073486,2181032000
2009-04-13,3.6914470195770264,4.4078569412231445,4.4375,4.134285926818848,4.286070823669434,2347682400
2009-04-20,3.705803632736206,4.425000190734863,4.5428571701049805,4.235713958740234,4.347499847412109,3361839600
2009-04-27,3.8057007789611816,4.544285774230957,4.569643020629883,4.380713939666748,4.389286041259766,2290663200
2009-05-04,3.8640265464782715,4.61392879486084,4.767857074737549,4.509285926818848,4.579999923706055,2480892400
2009-05-11,3.66153621673584,4.372142791748047,4.677143096923828,4.263570785522461,4.548929214477539,2425505600
2009-05-18,3.6639280319213867,4.375,4.618214130401611,4.341785907745361,4.418929100036621,1925792400
2009-05-25,4.0620269775390625,4.8503570556640625,4.853570938110352,4.448214054107666,4.455714225769043,2227436400
2009-06-01,4.327026844024658,5.166786193847656,5.228570938110352,4.857142925262451,4.873929023742676,2657272800
2009-06-08,4.096723556518555,4.891786098480225,5.1628570556640625,4.8585710525512695,5.1364288330078125,3385149600
2009-06-15,4.1717963218688965,4.981429100036621,4.982142925262451,4.804643154144287,4.857500076293945,2775505600
2009-06-22,4.2603278160095215,5.0871429443359375,5.127142906188965,4.74571418762207,5.023929119110107,2855804000
2009-06-29,4.18794584274292,5.00071382522583,5.166429042816162,4.992499828338623,5.123570919036865,1786498000
2009-07-06,4.143081188201904,4.947143077850342,4.9885711669921875,4.800714015960693,4.95357084274292,2324515200
2009-07-13,4.5387864112854,5.419642925262451,5.429286003112793,4.911786079406738,4.9835710525512695,2312060800
2009-07-20,4.785242080688477,5.713929176330566,5.714285850524902,5.348214149475098,5.473928928375244,3449737200
2009-07-27,4.886932849884033,5.835357189178467,5.892857074737549,5.616428852081299,5.7203569412231445,2071165600
2009-08-03,4.95034122467041,5.911070823669434,5.978213787078857,5.824643135070801,5.900356769561768,1942206000
2009-08-10,4.988329887390137,5.9564290046691895,6.023929119110107,5.781428813934326,5.916429042816162,1846504800
2009-08-17,5.061307907104492,6.0435709953308105,6.048929214477539,5.693571090698242,5.841071128845215,2126910800
2009-08-24,5.0861334800720215,6.073214054107666,6.1603569984436035,5.886785984039307,6.075714111328125,1938165600
2009-08-31,5.093907833099365,6.082499980926514,6.096428871154785,5.8610711097717285,6.005713939666748,1813198800
2009-09-07,5.149240493774414,6.148571014404297,6.2310709953308105,6.060713768005371,6.177856922149658,1966230000
2009-09-14,5.53387975692749,6.6078572273254395,6.6710710525512695,6.080357074737549,6.101070880889893,2914660000
2009-09-21,5.454618453979492,6.513214111328125,6.746428966522217,6.480000019073486,6.581786155700684,2384152400
2009-09-28,5.530289649963379,6.603570938110352,6.692856788635254,6.45357084274292,6.56678581237793,2300435200
2009-10-05,5.696887493133545,6.802499771118164,6.837500095367432,6.581070899963379,6.650000095367432,2225370000
2009-10-12,5.624505996704102,6.716071128845215,6.868570804595947,6.708570957183838,6.822143077850342,1816539200
2009-10-19,6.099769592285156,7.283570766448975,7.4539289474487305,6.626786231994629,6.708929061889648,4489175600
2009-10-26,5.637966156005859,6.732142925262451,7.3839287757873535,6.7203569412231445,7.273929119110107,3347072400
2009-11-02,5.812638759613037,6.940713882446289,6.971070766448975,6.627500057220459,6.778571128845215,2368954000
2009-11-09,6.115025520324707,7.301785945892334,7.3214287757873535,7.009285926818848,7.033570766448975,2080892800
2009-11-16,5.979534149169922,7.139999866485596,7.4285712242126465,7.062857151031494,7.338571071624756,2205033600
2009-11-23,5.99957275390625,7.163928985595703,7.357142925262451,7.0846428871154785,7.25,1375046400
2009-11-30,5.782129764556885,6.904285907745361,7.241786003112793,6.795713901519775,7.182499885559082,2881485600
2009-12-07,5.822508335113525,6.952499866485596,7.132143020629883,6.7385711669921875,6.904285907745361,3009384000
2009-12-14,5.84523868560791,6.979642868041992,7.053928852081299,6.8214287757873535,6.977499961853027,2265844000
2009-12-21,6.252310276031494,7.465713977813721,7.476786136627197,6.988214015960693,7.001786231994629,1807836800
2009-12-28,6.3028564453125,7.526071071624756,7.64107084274292,7.439642906188965,7.561429023742676,1854266400
2010-01-04,6.340243339538574,7.570713996887207,7.699643135070801,7.466071128845215,7.622499942779541,2572536400
2010-01-11,6.159289836883545,7.354642868041992,7.607142925262451,7.289286136627197,7.599999904632568,2689542800
2010-01-18,5.914629936218262,7.0625,7.698214054107666,7.041429042816162,7.440357208251953,2832082400
2010-01-25,5.744442939758301,6.859285831451416,7.632500171661377,6.794642925262451,7.232500076293945,7074832800
2010-02-01,5.846136569976807,6.980713844299316,7.150000095367432,6.816071033477783,6.870357036590576,3671505600
2010-02-08,5.993292331695557,7.156428813934326,7.2014288902282715,6.9285712242126465,6.98892879486084,2687333600
2010-02-15,6.031874656677246,7.202499866485596,7.296785831451416,7.1735711097717285,7.2121429443359375,1818429200
2010-02-22,6.120109558105469,7.307857036590576,7.327499866485596,6.989643096923828,7.226428985595703,2598811600
2010-03-01,6.548714637756348,7.819643020629883,7.846428871154785,7.337500095367432,7.348214149475098,2754354400
2010-03-08,6.777523517608643,8.092857360839844,8.133213996887207,7.78178596496582,7.857500076293945,2768390800
2010-03-15,6.6474151611328125,7.9375,8.087499618530273,7.8660712242126465,8.049285888671875,2292922800
2010-03-22,6.906134128570557,8.246429443359375,8.283928871154785,7.862500190734863,7.873929023742676,2839790800
2010-03-29,7.057775020599365,8.427499771118164,8.526070594787598,8.272143363952637,8.321429252624512,2101859200
2010-04-05,7.231847286224365,8.635356903076172,8.640000343322754,8.384642601013184,8.392143249511719,2667198800
2010-04-12,7.399641990661621,8.835714340209961,8.96928596496582,8.61107063293457,8.649999618530273,2170644000
2010-04-19,8.10042667388916,9.672499656677246,9.72071361541748,8.634642601013184,8.822500228881836,3878022400
2010-04-26,7.809105396270752,9.3246431350708,9.730713844299316,9.157500267028809,9.710000038146973,3048119200
2010-05-03,7.054485321044922,8.42357063293457,9.567143440246582,7.1160712242126465,9.422857284545898,5023144000
2010-05-10,7.591664791107178,9.0649995803833,9.464285850524902,8.876070976257324,8.9375,3846668000
2010-05-17,7.247702121734619,8.65428638458252,9.233928680419922,8.262499809265137,9.096428871154785,5078046400
2010-05-24,7.68319034576416,9.174285888671875,9.264286041259766,8.470000267028809,8.831428527832031,4134796400
2010-05-31,7.655666351318359,9.14142894744873,9.497857093811035,9.093929290771484,9.274642944335938,2973432000
2010-06-07,7.582393169403076,9.053929328918457,9.255356788635254,8.649999618530273,9.224642753601074,4064457600
2010-06-14,8.197331428527832,9.788213729858398,9.821429252624512,9.071785926818848,9.14142894744873,3629189200
2010-06-21,7.976899147033691,9.524999618530273,9.964642524719238,9.493213653564453,9.917499542236328,3526429200
2010-06-28,7.38588285446167,8.819286346435547,9.633929252624512,8.685713768005371,9.53321361541748,4174483600
2010-07-05,7.76513671875,9.272143363952637,9.389286041259766,8.791428565979004,8.964285850524902,2441258400
2010-07-12,7.474416255950928,8.925000190734863,9.351785659790039,8.801071166992188,9.233214378356934,4430574400
2010-07-19,7.7747087478637695,9.283571243286133,9.469642639160156,8.557143211364746,8.924285888671875,4463807600
2010-07-26,7.694252967834473,9.1875,9.499643325805664,9.103570938110352,9.285714149475098,2617325200
2010-08-02,7.7791972160339355,9.288928985595703,9.438570976257324,9.201070785522461,9.30142879486084,2000079200
2010-08-09,7.450491428375244,8.896429061889648,9.362500190734863,8.789999961853027,9.338570594787598,2264892000
2010-08-16,7.466639041900635,8.915714263916016,9.095356941223145,8.807856559753418,8.842143058776855,1891702400
2010-08-23,7.2267656326293945,8.62928581237793,9.0,8.412857055664062,8.992500305175781,2628371200
2010-08-30,7.739712238311768,9.241786003112793,9.242142677307129,8.583929061889648,8.598570823669434,2437330000
2010-09-06,7.878493785858154,9.407500267028809,9.518570899963379,9.151785850524902,9.165714263916016,1695226400
2010-09-13,8.236213684082031,9.834643363952637,9.927143096923828,9.482856750488281,9.493571281433105,2512879600
2010-09-20,8.743185043334961,10.4399995803833,10.483214378356934,9.851785659790039,9.859999656677246,3347646400
2010-09-27,8.450068473815918,10.09000015258789,10.526070594787598,9.821429252624512,10.499285697937012,3109055600
2010-10-04,8.795522689819336,10.5024995803833,10.51785659790039,9.920356750488281,10.057143211364746,2674940800
2010-10-11,9.41375732421875,11.240714073181152,11.25,10.446070671081543,10.526429176330566,2973880000
2010-10-18,9.196313858032227,10.981071472167969,11.39285659790039,10.71500015258789,11.373929023742676,3971657200
2010-10-25,9.002202033996582,10.749285697937012,11.128570556640625,10.745356559753418,11.038928985595703,2165956800
2010-11-01,9.485237121582031,11.326070785522461,11.4350004196167,10.79285717010498,10.793571472167969,2369908800
2010-11-08,9.213064193725586,11.001070976257324,11.475000381469727,10.843929290771484,11.328571319580078,2206660400
2010-11-15,9.17418098449707,10.954643249511719,11.090714454650879,10.634285926818848,11.01642894744873,2420040000
2010-11-22,9.421533584594727,11.25,11.346428871154785,10.923929214477539,10.95285701751709,1563833600
2010-11-29,9.494512557983398,11.337142944335938,11.39285659790039,11.102499961853027,11.26785659790039,2214324000
2010-12-06,9.58782958984375,11.44857120513916,11.571070671081543,11.325357437133789,11.380000114440918,1718533600
2010-12-13,9.589327812194824,11.450357437133789,11.609286308288574,11.39285659790039,11.584643363952637,1917095600
2010-12-20,9.678753852844238,11.557143211364746,11.632857322692871,11.365357398986816,11.485713958740234,1131043200
2010-12-27,9.647650718688965,11.520000457763672,11.666428565979004,11.475357055664062,11.530357360839844,939881600
2011-01-03,10.053224563598633,12.00428581237793,12.012499809265137,11.601428985595703,11.630000114440918,1622098800
2011-01-10,10.422908782958984,12.445713996887207,12.445713996887207,12.041786193847656,12.10107135772705,1800878800
2011-01-17,9.772078514099121,11.668571472167969,12.449999809265137,11.64285659790039,11.768570899963379,4535801200
2011-01-24,10.052626609802246,12.003570556640625,12.342857360839844,11.668571472167969,11.673929214477539,2505510000
2011-01-31,10.363687515258789,12.375,12.382143020629883,11.939286231994629,11.992856979370117,1778473200
2011-02-07,10.673253059387207,12.744643211364746,12.85714340209961,12.415714263916016,12.424642562866211,2644930400
2011-02-14,10.485118865966797,12.520000457763672,13.032142639160156,12.482856750488281,12.742500305175781,2422389200
2011-02-21,10.413339614868164,12.434286117553711,12.443928718566895,12.061429023742676,12.219642639160156,2424329600
2011-02-28,10.767470359802246,12.85714340209961,12.867500305175781,12.417142868041992,12.544285774230957,2415856800
2011-03-07,10.5278902053833,12.571070671081543,12.916786193847656,12.317856788635254,12.907142639160156,2334365600
2011-03-14,9.890216827392578,11.809642791748047,12.731429100036621,11.652142524719238,12.613571166992188,3731686000
2011-03-21,10.51443099975586,12.555000305175781,12.57357120513916,11.973570823669434,11.999643325805664,1961943200
2011-03-28,10.305663108825684,12.305713653564453,12.65428638458252,12.260713577270508,12.612500190734863,1684342800
2011-04-04,10.02152156829834,11.966428756713867,12.307143211364746,11.926786422729492,12.296786308288574,2096337600
2011-04-11,9.794210433959961,11.694999694824219,12.005000114440918,11.671428680419922,11.930713653564453,1926212400
2011-04-18,10.489304542541504,12.524999618530273,12.68321418762207,11.434286117553711,11.646429061889648,2483754000
2011-04-25,10.472259521484375,12.504643440246582,12.678214073181152,12.34000015258789,12.5121431350708,2328863600
2011-05-02,10.368474006652832,12.380714416503906,12.565357208251953,12.339285850524902,12.490714073181152,1761415600
2011-05-09,10.184228897094727,12.160714149475098,12.5,12.155357360839844,12.42357063293457,1470954800
2011-05-16,10.026309967041016,11.972143173217773,12.228928565979004,11.811785697937012,12.114286422729492,1836024400
2011-05-23,10.09181022644043,12.0503568649292,12.091428756713867,11.765000343322754,11.784643173217773,1425911200
2011-05-30,10.272159576416016,12.265713691711426,12.576070785522461,12.178570747375488,12.182143211364746,1624470400
2011-06-06,9.747550010681152,11.639286041259766,12.39464282989502,11.625356674194336,12.346428871154785,2034494000
2011-06-13,9.578856468200684,11.437856674194336,11.901785850524902,11.368928909301758,11.685713768005371,2188849600
2011-06-20,9.761007308959961,11.655357360839844,11.898214340209961,11.089285850524902,11.334285736083984,2524177600
2011-06-27,10.266780853271484,12.259285926818848,12.26785659790039,11.6875,11.6996431350708,1744926400
2011-07-04,10.758794784545898,12.846785545349121,12.85714340209961,12.23214340209961,12.25,1688976800
2011-07-11,10.914621353149414,13.032856941223145,13.035714149475098,12.450714111328125,12.726428985595703,2200923200
2011-07-18,11.763459205627441,14.046428680419922,14.15250015258789,13.045714378356934,13.051071166992188,3376402400
2011-07-25,11.679115295410156,13.945713996887207,14.446429252624512,13.714285850524902,13.941070556640625,2952331200
2011-08-01,11.174835205078125,13.343570709228516,14.26785659790039,12.948928833007812,14.206428527832031,4060882000
2011-08-08,11.275633811950684,13.463929176330566,13.558570861816406,12.607856750488281,12.917499542236328,4376019200
2011-08-15,10.648723602294922,12.715356826782227,13.748929023742676,12.714285850524902,13.55821418762207,3028678800
2011-08-22,11.472735404968262,13.699286460876465,13.70714282989502,12.681785583496094,13.018214225769043,3331241200
2011-08-29,11.18769645690918,13.358928680419922,14.002857208251953,13.279643058776855,13.863571166992188,2128442400
2011-09-05,11.290287017822266,13.481429100036621,13.878929138183594,13.088570594787598,13.120356559753418,1841246400
2011-09-12,11.978804588317871,14.303570747375488,14.303570747375488,13.282142639160156,13.321429252624512,2559449200
2011-09-19,12.092467308044434,14.439286231994629,15.102143287658691,14.114286422729492,14.178570747375488,3720348800
2011-09-26,11.405139923095703,13.618571281433105,14.616070747375488,13.613571166992188,14.28071403503418,3073739200
2011-10-03,11.060580253601074,13.20714282989502,13.742142677307129,12.651429176330566,13.584643363952637,4037286400
2011-10-10,12.621866226196289,15.071429252624512,15.071429252624512,13.507499694824219,13.538928985595703,2670040800
2011-10-17,11.750593185424805,14.031070709228516,15.239286422729492,13.95535659790039,15.062143325805664,3842221600
2011-10-24,12.111903190612793,14.462499618530273,14.60714340209961,14.041070938110352,14.149286270141602,2206377600
2011-10-31,11.971034049987793,14.294285774230957,14.618928909301758,14.043571472167969,14.372142791748047,1988257600
2011-11-07,11.50384521484375,13.736429214477539,14.571429252624512,13.580714225769043,14.282500267028809,2627940000
2011-11-14,11.21431827545166,13.390713691711426,13.96928596496582,13.388570785522461,13.697142601013184,2064764800
2011-11-21,10.87424373626709,12.98464298248291,13.4975004196167,12.975713729858398,13.228570938110352,1540033600
2011-11-28,11.655787467956543,13.91785717010498,14.05821418762207,13.221428871154785,13.298213958740234,1894443600
2011-12-05,11.773030281066895,14.057856559753418,14.157500267028809,13.812856674194336,14.053214073181152,1618904000
2011-12-12,11.396170616149902,13.607856750488281,14.121429443359375,13.488571166992188,13.988571166992188,1724562000
2011-12-19,12.06345272064209,14.404643058776855,14.413928985595703,13.588570594787598,13.659643173217773,1307451600
2011-12-26,12.113399505615234,14.464285850524902,14.610357284545898,14.303929328918457,14.396429061889648,889378000
2012-01-02,12.633827209472656,15.085714340209961,15.098214149475098,14.60714340209961,14.621429443359375,1151805200
2012-01-09,12.556364059448242,14.993213653564453,15.276785850524902,14.952142715454102,15.196429252624512,1305914400
2012-01-16,12.571020126342773,15.010713577270508,15.406070709228516,14.991070747375488,15.149999618530273,1195401200
2012-01-23,13.377978324890137,15.974286079406738,16.230356216430664,14.983928680419922,15.095356941223145,2435708800
2012-01-30,13.748859405517578,16.417142868041992,16.428571701049805,15.90678596496582,15.918213844299316,1514466800
2012-02-06,14.758009910583496,17.622142791748047,17.77214241027832,16.364286422729492,16.37071418762207,2489043200
2012-02-13,15.018221855163574,17.932857513427734,18.796070098876953,17.379642486572266,17.840356826782227,3964091600
2012-02-20,15.625089645385742,18.657499313354492,18.674999237060547,18.00428581237793,18.10285758972168,2071997200
2012-02-27,16.30613136291504,19.470714569091797,19.578929901123047,18.43857192993164,18.618213653564453,3214962800
2012-03-05,16.305824279785156,19.47035789489746,19.562143325805664,18.43642807006836,19.479286193847656,3353260400
2012-03-12,17.514184951782227,20.9132137298584,21.42892837524414,19.53571319580078,19.606428146362305,4502187200
2012-03-19,17.827632904052734,21.287500381469727,21.77321434020996,21.037500381469727,21.370357513427734,3416299600
2012-03-26,17.93231773376465,21.412500381469727,22.194643020629883,21.259286880493164,21.421070098876953,3197608400
2012-04-02,18.953134536743164,22.63142967224121,22.66642951965332,21.442142486572266,21.493928909301758,2647190000
2012-04-09,18.102203369140625,21.6153564453125,23.0,21.55392837524414,22.361785888671875,3657858400
2012-04-16,17.137611389160156,20.463571548461914,22.15178680419922,20.372142791748047,21.787857055664062,4896550400
2012-04-23,18.035505294799805,21.53571319580078,22.071428298950195,19.821428298950195,20.378929138183594,3891246800
2012-04-30,16.906415939331055,20.1875,21.371429443359375,20.184642791748047,21.350000381469727,2465075200
2012-05-07,16.950092315673828,20.239643096923828,20.567142486572266,19.95464324951172,20.053571701049805,2170820400
2012-05-14,15.863468170166016,18.942142486572266,20.268213272094727,18.6492862701416,20.091785430908203,2839370800
2012-05-21,16.817882537841797,20.081785202026367,20.58928680419922,19.073213577270508,19.08928680419922,2735611200
2012-05-28,16.77899742126465,20.035356521606445,20.76785659790039,20.018571853637695,20.389286041259766,1922600400
2012-06-04,17.357154846191406,20.7257137298584,20.735000610351562,19.58928680419922,20.053571701049805,2073948800
2012-06-11,17.172012329101562,20.504642486572266,21.01785659790039,20.239286422729492,20.989999771118164,2001053600
2012-06-18,17.410402297973633,20.78928565979004,21.071428298950195,20.370357513427734,20.391429901123047,1771582400
2012-06-25,17.467220306396484,20.85714340209961,20.85714340209961,20.20035743713379,20.617856979370117,1488253200
2012-07-02,18.121646881103516,21.63857078552246,21.94071388244629,20.842857360839844,20.883214950561523,1545118400
2012-07-09,18.094436645507812,21.60607147216797,22.138214111328125,21.167142868041992,21.617856979370117,2100154000
2012-07-16,18.07439422607422,21.582143783569336,21.97678565979004,21.54107093811035,21.61142921447754,1681918000
2012-07-23,17.50192642211914,20.898571014404297,21.7742862701416,20.35714340209961,21.22857093811035,2740990000
2012-07-30,18.415361404418945,21.989286422729492,22.070714950561523,20.99357032775879,21.104286193847656,1903050800
2012-08-06,18.674654006958008,22.203571319580078,22.321428298950195,21.97357177734375,22.046070098876953,1253837200
2012-08-13,19.467960357666016,23.146785736083984,23.149642944335938,22.258928298950195,22.26392936706543,1573639200
2012-08-20,19.921833038330078,23.68642807006836,24.10285758972168,23.146785736083984,23.214643478393555,2848896400
2012-08-27,19.98250961303711,23.75857162475586,24.31678581237793,23.47321319580078,24.285356521606445,1538252800
2012-09-03,20.439088821411133,24.301429748535156,24.374286651611328,23.73214340209961,23.777143478393555,1425130000
2012-09-10,20.76469612121582,24.68857192993164,24.89214324951172,23.428571701049805,24.301786422729492,2903048400
2012-09-17,21.02933120727539,25.00321388244629,25.18107032775879,24.77214241027832,24.97678565979004,2006566800
2012-09-24,20.03838348388672,23.825000762939453,24.825714111328125,23.58392906188965,24.53071403503418,2864260000
2012-10-01,19.60252571105957,23.306785583496094,24.16964340209961,23.237499237060547,23.969999313354492,2560600000
2012-10-08,18.915260314941406,22.489643096923828,23.12714385986328,22.269643783569336,23.10285758972168,2993043200
2012-10-15,18.31840705871582,21.780000686645508,23.313928604125977,21.77214241027832,22.58392906188965,2592021600
2012-10-22,18.142980575561523,21.571428298950195,22.692142486572266,21.10714340209961,21.872142791748047,3487162000
2012-10-29,17.325942993164062,20.600000381469727,21.53571319580078,20.52678680419922,21.24571418762207,1470674800
2012-11-05,16.507675170898438,19.537857055664062,21.097856521606445,19.06142807006836,20.84000015258789,3683761200
2012-11-12,15.922874450683594,18.845714569091797,19.803571701049805,18.0625,19.79107093811035,3582726000
2012-11-19,17.245147705078125,20.41071319580078,20.428571701049805,19.281429290771484,19.311071395874023,2111900000
2012-11-26,17.660964965820312,20.902856826782227,21.22321319580078,20.437856674194336,20.56785774230957,2590792400
2012-12-03,16.090946197509766,19.04464340209961,21.2353572845459,18.522499084472656,21.201786041259766,3930239600
2012-12-10,15.383039474487305,18.206785202026367,19.62714385986328,18.056428909301758,18.75,3344812800
2012-12-17,15.670918464660645,18.547500610351562,19.10357093811035,17.901071548461914,18.176071166992188,2910619600
2012-12-24,15.377005577087402,18.199642181396484,18.72321319580078,18.023571014404297,18.58392906188965,1287588400
2012-12-31,15.902359962463379,18.821428298950195,19.821428298950195,18.178571701049805,18.233213424682617,2167309200
2013-01-07,15.700182914733887,18.582143783569336,18.996070861816406,18.399999618530273,18.64285659790039,2302120800
2013-01-14,15.087621688842773,17.85714340209961,18.241071701049805,17.26357078552246,17.952856063842773,3228386000
2013-01-21,13.273486137390137,15.710000038146973,18.392499923706055,15.535714149475098,18.020000457763672,3991934800
2013-01-28,13.68809700012207,16.200714111328125,16.52142906188965,15.566429138183594,15.636786460876465,2632649600
2013-02-04,14.416169166564941,16.963571548461914,17.100357055664062,15.785714149475098,16.211071014404297,2981910400
2013-02-11,13.966364860534668,16.43428611755371,17.319286346435547,16.42571449279785,17.01785659790039,2348771600
2013-02-18,13.682580947875977,16.100357055664062,16.526071548461914,15.8149995803833,16.467857360839844,1689923200
2013-02-25,13.065242767333984,15.373929023742676,16.25428581237793,15.356429100036621,16.20892906188965,2336392800
2013-03-04,13.103179931640625,15.418571472167969,15.551071166992188,14.964285850524902,15.278571128845215,2541394800
2013-03-11,13.465574264526367,15.845000267028809,15.865357398986816,15.183570861816406,15.348214149475098,2293533200
2013-03-18,14.019479751586914,16.49678611755371,16.503570556640625,15.757143020629883,15.766071319580078,2219994000
2013-03-25,13.435221672058105,15.809286117553711,16.7839298248291,15.772143363952637,16.596071243286133,1569506400
2013-04-01,12.844590187072754,15.114286422729492,15.846428871154785,14.988571166992188,15.782142639160156,2024610000
2013-04-08,13.044907569885254,15.350000381469727,15.642499923706055,15.088929176330566,15.173213958740234,1550348800
2013-04-15,11.853015899658203,13.947500228881836,15.28178596496582,13.753570556640625,15.25,2843920800
2013-04-22,12.662480354309082,14.899999618530273,14.956070899963379,13.973929405212402,14.022856712341309,3212745200
2013-04-29,13.657389640808105,16.070714950561523,16.186786651611328,15.0,15.016071319580078,2621903200
2013-05-06,13.839140892028809,16.177499771118164,16.633928298950195,16.088571548461914,16.27535629272461,2186332400
2013-05-13,13.236961364746094,15.473570823669434,16.35357093811035,14.960714340209961,16.125356674194336,2536788800
2013-05-20,13.600225448608398,15.898214340209961,16.012500762939453,15.360713958740234,15.4253568649292,1979826800
2013-05-27,13.740152359008789,16.061786651611328,16.325000762939453,15.692856788635254,16.06785774230957,1454544000
2013-06-03,13.498181343078613,15.778928756713867,16.229642868041992,15.456070899963379,16.09749984741211,1777140400
2013-06-10,13.138887405395508,15.358928680419922,16.038570404052734,15.303570747375488,15.883213996887207,1559191200
2013-06-17,12.63325023651123,14.76785659790039,15.560713768005371,14.574999809265137,15.408571243286133,1603809200
2013-06-24,12.114785194396973,14.161786079406738,14.595000267028809,13.888214111328125,14.550000190734863,2078395200
2013-07-01,12.753019332885742,14.907856941223145,15.117500305175781,14.329285621643066,14.381786346435547,1375872400
2013-07-08,13.03073787689209,15.232500076293945,15.349642753601074,14.656429290771484,15.003929138183594,1537984000
2013-07-15,12.983073234558105,15.176786422729492,15.531070709228516,15.14892864227295,15.178929328918457,1145046000
2013-07-22,13.473130226135254,15.749643325805664,15.878213882446289,14.95392894744873,15.337857246398926,1598774800
2013-07-29,14.131526947021484,16.519285202026367,16.530357360839844,15.721428871154785,15.742856979370117,1361472000
2013-08-05,13.976032257080078,16.230356216430664,16.853214263916016,16.201786041259766,16.596071243286133,1475213600
2013-08-12,15.448521614074707,17.940357208251953,18.008928298950195,16.30821418762207,16.316429138183594,2855347600
2013-08-19,15.408228874206543,17.893571853637695,18.347856521606445,17.792856216430664,18.012142181396484,1672025600
2013-08-26,14.983831405639648,17.400714874267578,18.2214298248291,17.35714340209961,17.883928298950195,1574717200
2013-09-02,15.322127342224121,17.79357147216797,17.937143325805664,17.405357360839844,17.610713958740234,1272854800
2013-09-09,14.297403335571289,16.60357093811035,18.139999389648438,16.5964298248291,18.03571319580078,2685466000
2013-09-16,14.374602317810059,16.693214416503906,17.0910701751709,15.972143173217773,16.46428680419922,2503793600
2013-09-23,14.84636402130127,17.241071701049805,17.74678611755371,17.16857147216797,17.717857360839844,1908670400
2013-09-30,14.85497760772705,17.25107192993164,17.58392906188965,16.943214416503906,17.04464340209961,1484845600
2013-10-07,15.155746459960938,17.600357055664062,17.637142181396484,17.08142852783203,17.37714385986328,1451276400
2013-10-14,15.650269508361816,18.17464256286621,18.187856674194336,17.47678565979004,17.493928909301758,1377208000
2013-10-21,16.17522621154785,18.784286499023438,19.043928146362305,18.14392852783203,18.27750015258789,1968450400
2013-10-28,15.992871284484863,18.572500228881836,19.258928298950195,18.376428604125977,18.894285202026367,2090998000
2013-11-04,16.102624893188477,18.591428756713867,18.88892936706543,18.299285888671875,18.610713958740234,1275153600
2013-11-11,16.239662170410156,18.749643325805664,18.902856826782227,18.37178611755371,18.57107162475586,1229289600
2013-11-18,16.079120635986328,18.564285278320312,18.828214645385742,18.34535789489746,18.749643325805664,1133552000
2013-11-25,17.201068878173828,19.859643936157227,19.940357208251953,18.60714340209961,18.60785675048828,1312270400
2013-12-02,17.323259353637695,20.000713348388672,20.540714263916016,19.672143936157227,19.928571701049805,2093254800
2013-12-09,17.150341033935547,19.801071166992188,20.391786575317383,19.773929595947266,20.032142639160156,1553594000
2013-12-16,16.98299789428711,19.60785675048828,20.09428596496582,19.242856979370117,19.8221435546875,1835080800
2013-12-23,17.325422286987305,20.00321388244629,20.424285888671875,19.98214340209961,20.28571319580078,1098753600
2013-12-30,16.734283447265625,19.320714950561523,20.045713424682617,19.301071166992188,19.909286499023438,1103866400
2014-01-06,16.485584259033203,19.033571243286133,19.53071403503418,18.96821403503418,19.194643020629883,1572474400
2014-01-13,16.724702835083008,19.309642791748047,20.007143020629883,18.924285888671875,18.925357818603516,1758710800
2014-01-20,16.89173698425293,19.502500534057617,19.903213500976562,19.30071449279785,19.32107162475586,1541106000
2014-01-27,15.485199928283691,17.878570556640625,19.814285278320312,17.626785278320312,19.645357131958008,3266510800
2014-02-03,16.17163848876953,18.559999465942383,18.676071166992188,17.832143783569336,17.95035743713379,1734535600
2014-02-10,16.928125381469727,19.428213119506836,19.499286651611328,18.5,18.523571014404297,1516239200
2014-02-17,16.344959259033203,18.758928298950195,19.68535614013672,18.735713958740234,19.5,1158662400
2014-02-24,16.375770568847656,18.794286727905273,19.02678680419922,18.41428565979004,18.683929443359375,1470929600
2014-03-03,16.5064697265625,18.944286346435547,19.09821319580078,18.671785354614258,18.693571090698242,1104202400
2014-03-10,16.327537536621094,18.738929748535156,19.273571014404297,18.678571701049805,18.8700008392334,1152076800
2014-03-17,16.582090377807617,19.031070709228516,19.15142822265625,18.757143020629883,18.8464298248291,1216392800
2014-03-24,16.70624542236328,19.17357063293457,19.60714340209961,19.08035659790039,19.229286193847656,1360357600
2014-03-31,16.549413681030273,18.99357032775879,19.40999984741211,18.94928550720215,19.258214950561523,987445200
2014-04-07,16.16945457458496,18.5575008392334,19.00857162475586,18.46928596496582,18.85785675048828,1251278000
2014-04-14,16.3353214263916,18.74785614013672,18.84857177734375,18.26178550720215,18.639286041259766,971264000
2014-04-21,17.797887802124023,20.426429748535156,20.428213119506836,18.71285629272461,18.762142181396484,1930238800
2014-04-28,18.440160751342773,21.163570404052734,21.408214569091797,20.448213577270508,20.457143783569336,1899066400
2014-05-05,18.322874069213867,20.91214370727539,21.586071014404297,20.726070404052734,21.07642936706543,1466390800
2014-05-12,18.69743537902832,21.339643478393555,21.340356826782227,20.907142639160156,20.981786727905273,1046452400
2014-05-19,19.21750831604004,21.93321418762207,21.95464324951172,21.333213806152344,21.35178565979004,1182420400
2014-05-26,19.807998657226562,22.60714340209961,23.006071090698242,21.986785888671875,21.99571418762207,1604842400
2014-06-02,20.201337814331055,23.05607032775879,23.259286880493164,22.23214340209961,22.641429901123047,1651286000
2014-06-09,19.99449920654297,22.81999969482422,23.762500762939453,22.719999313354492,23.174999237060547,1172588000
2014-06-16,19.913455963134766,22.727500915527344,23.1875,22.725000381469727,22.877500534057617,940908000
2014-06-23,20.147830963134766,22.9950008392334,23.0,22.412500381469727,22.829999923706055,865028000
2014-06-30,20.59687614440918,23.50749969482422,23.524999618530273,23.022499084472656,23.024999618530273,556248400
2014-07-07,20.857542037963867,23.80500030517578,24.200000762939453,23.3799991607666,23.53499984741211,927320000
2014-07-14,20.68449592590332,23.607500076293945,24.274999618530273,23.142499923706055,23.96500015258789,995880800
2014-07-21,21.394201278686523,24.417499542236328,24.469999313354492,23.43000030517578,23.747499465942383,1105568000
2014-07-28,21.05687141418457,24.032499313354492,24.860000610351562,23.702499389648438,24.454999923706055,947300000
2014-08-04,20.855621337890625,23.684999465942383,24.145000457763672,23.31999969482422,24.092500686645508,892100000
2014-08-11,21.568862915039062,24.4950008392334,24.547500610351562,23.709999084472656,23.8174991607666,717452000
2014-08-18,22.304109573364258,25.329999923706055,25.36750030517578,24.4950008392334,24.622499465942383,989328000
2014-08-25,22.563875198364258,25.625,25.725000381469727,25.174999237060547,25.447500228881836,955384000
2014-09-01,21.786794662475586,24.74250030517578,25.934999465942383,24.447500228881836,25.764999389648438,1292640000
2014-09-08,22.37895965576172,25.415000915527344,25.770000457763672,24.03499984741211,24.825000762939453,1848207200
2014-09-15,22.224863052368164,25.239999771118164,25.762500762939453,24.72249984741211,25.702499389648438,1189411600
2014-09-22,22.17863655090332,25.1875,25.735000610351562,24.43000030517578,25.450000762939453,1355299600
2014-09-29,21.929889678955078,24.905000686645508,25.385000228881836,24.510000228881836,24.662500381469727,990996400
2014-10-06,22.17423439025879,25.1825008392334,25.594999313354492,24.577499389648438,24.987499237060547,1121032800
2014-10-13,21.500614166259766,24.417499542236328,25.44499969482422,23.795000076293945,25.332500457763672,1434159200
2014-10-20,23.162643432617188,26.30500030517578,26.372499465942383,24.55500030517578,24.579999923706055,1434131600
2014-10-27,23.774620056152344,27.0,27.010000228881836,26.174999237060547,26.212499618530273,880922400
2014-11-03,24.101011276245117,27.252500534057617,27.575000762939453,26.93000030517578,27.05500030517578,799811600
2014-11-10,25.244043350219727,28.545000076293945,28.547500610351562,27.100000381469727,27.2549991607666,820666800
2014-11-17,25.75033950805664,29.11750030517578,29.392499923706055,28.325000762939453,28.5674991607666,933658800
2014-11-24,26.294214248657227,29.732500076293945,29.9375,29.155000686645508,29.212499618530273,727495600
2014-12-01,25.425336837768555,28.75,29.8125,27.8174991607666,29.702499389648438,1066358800
2014-12-08,24.260190963745117,27.4325008392334,28.712499618530273,27.337499618530273,28.524999618530273,1039472000
2014-12-15,24.713428497314453,27.94499969482422,28.309999465942383,26.565000534057617,27.674999237060547,1315426400
2014-12-22,25.2020320892334,28.497499465942383,28.6299991607666,27.99250030517578,28.040000915527344,477586000
2014-12-29,24.17176055908203,27.332500457763672,28.6924991607666,26.837499618530273,28.447500228881836,608353600
2015-01-05,24.76427459716797,28.002500534057617,28.3125,26.157499313354492,27.072500228881836,1133010000
2015-01-12,23.433317184448242,26.497499465942383,28.200000762939453,26.299999237060547,28.149999618530273,1216906400
2015-01-19,24.97873306274414,28.2450008392334,28.4375,26.625,26.959999084472656,794948000
2015-01-26,25.902881622314453,29.290000915527344,30.0,27.25749969482422,28.434999465942383,1863370800
2015-02-02,26.397987365722656,29.732500076293945,30.127500534057617,29.020000457763672,29.512500762939453,1083029200
2015-02-09,28.206989288330078,31.770000457763672,31.8700008392334,29.607500076293945,29.637500762939453,1212827200
2015-02-16,28.7441349029541,32.375,32.375,31.729999542236328,31.872499465942383,777419600
2015-02-23,28.513294219970703,32.1150016784668,33.400001525878906,31.65250015258789,32.505001068115234,1472864800
2015-03-02,28.10044288635254,31.649999618530273,32.56999969482422,31.440000534057617,32.3125,987754000
2015-03-09,27.432336807250977,30.897499084472656,32.39250183105469,30.407499313354492,31.989999771118164,1306056400
2015-03-16,27.945066452026367,31.475000381469727,32.3125,30.717500686645508,30.969999313354492,1066691600
2015-03-23,27.356868743896484,30.8125,32.0099983215332,30.649999618530273,31.780000686645508,837305200
2015-03-30,27.816335678100586,31.329999923706055,31.622499465942383,30.774999618530273,31.012500762939453,648127200
2015-04-06,28.21142578125,31.774999618530273,32.029998779296875,31.082500457763672,31.11750030517578,728830000
2015-04-13,27.6898136138916,31.1875,32.14250183105469,31.114999771118164,32.092498779296875,684744400
2015-04-20,28.917266845703125,32.56999969482422,32.657501220703125,31.292499542236328,31.392499923706055,829762800
2015-04-27,28.622060775756836,32.23749923706055,33.6349983215332,31.145000457763672,33.07749938964844,1683889200
2015-05-04,28.445175170898438,31.905000686645508,32.64250183105469,30.84000015258789,32.375,1087568000
2015-05-11,28.701496124267578,32.192501068115234,32.372501373291016,31.204999923706055,31.84749984741211,833206000
2015-05-18,29.541776657104492,33.1349983215332,33.24250030517578,32.09000015258789,32.095001220703125,869189600
2015-05-25,29.038057327270508,32.56999969482422,33.227500915527344,32.279998779296875,33.150001525878906,792594400
2015-06-01,28.67474365234375,32.162498474121094,32.84749984741211,32.09000015258789,32.56999969482422,683363200
2015-06-08,28.34486961364746,31.792499542236328,32.54499816894531,31.405000686645508,32.224998474121094,880458400
2015-06-15,28.217819213867188,31.649999618530273,32.07749938964844,31.427499771118164,31.524999618530273,794100800
2015-06-22,28.25125503540039,31.6875,32.45000076293945,31.627500534057617,31.872499465942383,782376000
2015-06-29,28.182159423828125,31.610000610351562,31.735000610351562,31.1200008392334,31.364999771118164,603927600
2015-07-06,27.477827072143555,30.81999969482422,31.5575008392334,29.80500030517578,31.235000610351562,1102873200
2015-07-13,28.890947341918945,32.404998779296875,32.404998779296875,31.079999923706055,31.25749969482422,756979600
2015-07-20,27.749746322631836,31.125,33.24250030517578,30.497499465942383,32.74250030517578,1377076000
2015-07-27,27.036514282226562,30.325000762939453,30.977500915527344,30.227500915527344,30.772499084472656,766394400
2015-08-03,25.86475372314453,28.8799991607666,30.642499923706055,28.024999618530273,30.375,1540002400
2015-08-10,25.963268280029297,28.989999771118164,29.997499465942383,27.407499313354492,29.13249969482422,1378868800
2015-08-17,23.67951202392578,26.440000534057617,29.412500381469727,26.412500381469727,29.010000228881836,1282036000
2015-08-24,25.365463256835938,28.322500228881836,28.327499389648438,23.0,23.717500686645508,2001452000
2015-08-31,24.465389251708984,27.3174991607666,28.63249969482422,26.84000015258789,28.00749969482422,1192776800
2015-09-07,25.57145118713379,28.552499771118164,28.552499771118164,27.4424991607666,27.9375,1010650800
2015-09-14,25.401283264160156,28.362499237060547,29.22249984741211,27.967500686645508,29.145000457763672,1109104000
2015-09-21,25.68340301513672,28.677499771118164,29.172500610351562,28.092500686645508,28.417499542236328,970785200
2015-09-28,24.71391487121582,27.594999313354492,28.642499923706055,26.827499389648438,28.462499618530273,1255585200
2015-10-05,25.10350227355957,28.030000686645508,28.06999969482422,27.052499771118164,27.469999313354492,1047091200
2015-10-12,24.8616886138916,27.760000228881836,28.1875,27.389999389648438,28.1825008392334,739540000
2015-10-19,26.66183090209961,29.770000457763672,29.8075008392334,27.52750015258789,27.700000762939453,886172800
2015-10-26,26.755876541137695,29.875,30.30500030517578,28.497499465942383,29.520000457763672,1289448800
2015-11-02,27.221176147460938,30.264999389648438,30.954999923706055,29.90250015258789,30.200000762939453,780813600
2015-11-09,25.260421752929688,28.084999084472656,30.452499389648438,28.0674991607666,30.239999771118164,866221200
2015-11-16,26.82542610168457,29.825000762939453,29.979999542236328,27.75,27.844999313354492,759924800
2015-11-23,26.49039077758789,29.452499389648438,29.9325008392334,29.280000686645508,29.8174991607666,438881600
2015-11-30,26.764711380004883,29.75749969482422,29.852500915527344,28.55500030517578,29.497499465942383,827063200
2015-12-07,25.449302673339844,28.295000076293945,29.96500015258789,28.212499618530273,29.7450008392334,755416000
2015-12-14,23.84157943725586,26.50749969482422,28.200000762939453,26.452499389648438,28.045000076293945,1260425600
2015-12-21,24.291284561157227,27.00749969482422,27.25,26.392499923706055,26.81999969482422,506431200
2015-12-28,23.668434143066406,26.315000534057617,27.357500076293945,26.204999923706055,26.897499084472656,495046000
2016-01-04,21.802127838134766,24.239999771118164,26.462499618530273,24.107500076293945,25.65250015258789,1375160800
2016-01-11,21.84034538269043,24.282499313354492,25.297500610351562,23.84000015258789,24.74250030517578,1217348800
2016-01-18,22.804981231689453,25.354999542236328,25.364999771118164,23.354999542236328,24.602500915527344,973536400
2016-01-25,21.887569427490234,24.334999084472656,25.38249969482422,23.09749984741211,25.3799991607666,1521346000
2016-02-01,21.255762100219727,23.5049991607666,24.332500457763672,23.422500610351562,24.11750030517578,868619200
2016-02-08,21.248981475830078,23.497499465942383,24.087499618530273,23.147499084472656,23.282499313354492,924489200
2016-02-15,21.712432861328125,24.010000228881836,24.72249984741211,23.65250015258789,23.7549991607666,673265200
2016-02-22,21.90912437438965,24.227500915527344,24.5049991607666,23.329999923706055,24.077499389648438,636211600
2016-02-29,23.288188934326172,25.752500534057617,25.9375,24.162500381469727,24.21500015258789,807215200
2016-03-07,23.118633270263672,25.565000534057617,25.707500457763672,25.037500381469727,25.59749984741211,622057200
2016-03-14,23.946073532104492,26.479999542236328,26.625,25.44499969482422,25.477500915527344,728292800
2016-03-21,23.88956069946289,26.417499542236328,26.912500381469727,26.22249984741211,26.482500076293945,479134400
2016-03-28,24.866212844848633,27.497499465942383,27.604999542236328,26.219999313354492,26.5,591860000
2016-04-04,24.56553077697754,27.165000915527344,28.047500610351562,27.030000686645508,27.604999542236328,582890400
2016-04-11,24.834564208984375,27.462499618530273,28.09749984741211,27.165000915527344,27.24250030517578,649240000
2016-04-18,23.89181900024414,26.420000076293945,27.237499237060547,26.155000686645508,27.22249984741211,756212000
2016-04-25,21.192455291748047,23.434999465942383,26.412500381469727,23.127500534057617,26.25,1397696400
2016-05-02,21.089488983154297,23.18000030517578,23.975000381469727,22.962499618530273,23.49250030517578,902429200
2016-05-09,20.58908462524414,22.6299991607666,23.4424991607666,22.36750030517578,23.25,864199200
2016-05-16,21.65812110900879,23.80500030517578,23.857500076293945,22.912500381469727,23.09749984741211,850828800
2016-05-23,22.824954986572266,25.087499618530273,25.1825008392334,23.917499542236328,23.967500686645508,816000000
2016-05-30,22.272245407104492,24.479999542236328,25.100000381469727,24.157499313354492,24.899999618530273,560708000
2016-06-06,22.479230880737305,24.707500457763672,25.47249984741211,24.387500762939453,24.497499465942383,499457600
2016-06-13,21.683143615722656,23.832500457763672,24.780000686645508,23.825000762939453,24.672500610351562,766930400
2016-06-20,21.244159698486328,23.350000381469727,24.22249984741211,23.162500381469727,24.0,826916000
2016-06-27,21.810523986816406,23.97249984741211,24.11750030517578,22.875,23.25,737313600
2016-07-04,21.990203857421875,24.170000076293945,24.22249984741211,23.592500686645508,23.84749984741211,450824000
2016-07-11,22.46785545349121,24.69499969482422,24.825000762939453,24.1825008392334,24.1875,571642400
2016-07-18,22.44055938720703,24.665000915527344,25.25,24.577499389648438,24.674999237060547,590262000
2016-07-25,23.702932357788086,26.052499771118164,26.137500762939453,24.104999542236328,24.5625,1026284000
2016-08-01,24.579137802124023,26.8700008392334,26.912500381469727,26.0,26.102500915527344,680596800
2016-08-08,24.739212036132812,27.045000076293945,27.235000610351562,26.790000915527344,26.8799991607666,498023200
2016-08-15,25.009061813354492,27.34000015258789,27.5575008392334,27.020000457763672,27.03499984741211,529485600
2016-08-22,24.455646514892578,26.735000610351562,27.329999923706055,26.577499389648438,27.21500015258789,494422000
2016-08-29,24.636302947998047,26.9325008392334,27.0,26.375,26.655000686645508,532002400
2016-09-05,23.5843448638916,25.782499313354492,27.190000534057617,25.782499313354492,26.975000381469727,675214800
2016-09-12,26.280553817749023,28.729999542236328,29.032499313354492,25.63249969482422,25.662500381469727,1552912800
2016-09-19,25.775163650512695,28.177499771118164,29.045000076293945,27.887500762939453,28.797500610351562,804382800
2016-09-26,25.85291290283203,28.262500762939453,28.65999984741211,27.887500762939453,27.90999984741211,625536000
2016-10-03,26.083881378173828,28.514999389648438,28.639999389648438,28.06999969482422,28.177499771118164,504117600
2016-10-10,26.900285720825195,29.407499313354492,29.672500610351562,28.68000030517578,28.7549991607666,834833600
2016-10-17,26.664745330810547,29.149999618530273,29.552499771118164,28.450000762939453,29.332500457763672,462126000
2016-10-24,26.006132125854492,28.43000030517578,29.59000015258789,28.327499389648438,29.274999618530273,840902400
2016-10-31,25.017940521240234,27.209999084472656,28.5575008392334,27.02750015258789,28.412500381469727,625386000
2016-11-07,24.923694610595703,27.107500076293945,27.93000030517578,26.457500457763672,27.520000457763672,829076000
2016-11-14,25.29836654663086,27.514999389648438,27.635000228881836,26.020000457763672,26.927499771118164,793365600
2016-11-21,25.69603157043457,27.947500228881836,28.104999542236328,27.502500534057617,27.530000686645508,376529600
2016-11-28,25.26158332824707,27.475000381469727,28.11750030517578,27.212499618530273,27.857500076293945,622000000
2016-12-05,26.192520141601562,28.487499237060547,28.674999237060547,27.0625,27.5,607958400
2016-12-12,26.656837463378906,28.99250030517578,29.1825008392334,28.122499465942383,28.322500228881836,780062400
2016-12-19,26.78325653076172,29.1299991607666,29.375,28.897499084472656,28.950000762939453,453292000
2016-12-26,26.622358322143555,28.954999923706055,29.5049991607666,28.857500076293945,29.1299991607666,339314400
2017-01-02,27.102766036987305,29.477500915527344,29.540000915527344,28.690000534057617,28.950000762939453,415382000
2017-01-09,27.362506866455078,29.760000228881836,29.982500076293945,29.485000610351562,29.487499237060547,555242800
2017-01-16,27.58317756652832,30.0,30.125,29.55500030517578,29.584999084472656,465392000
2017-01-23,28.031394958496094,30.487499237060547,30.610000610351562,29.875,30.0,498157200
2017-01-30,29.670297622680664,32.27000045776367,32.622501373291016,30.155000686645508,30.232500076293945,999124800
2017-02-06,30.500736236572266,33.029998779296875,33.23500061035156,32.224998474121094,32.282501220703125,545796800
2017-02-13,31.33182144165039,33.93000030517578,34.067501068115234,33.1875,33.27000045776367,546670000
2017-02-20,31.548828125,34.165000915527344,34.369998931884766,33.81999969482422,34.057498931884766,351635600
2017-02-27,32.26910400390625,34.94499969482422,35.06999969482422,34.06999969482422,34.28499984741211,509896000
2017-03-06,32.121360778808594,34.78499984741211,34.994998931884766,34.26250076293945,34.842498779296875,398688800
2017-03-13,32.317588806152344,34.997501373291016,35.255001068115234,34.70500183105469,34.712501525878906,486158400
2017-03-20,32.46763610839844,35.15999984741211,35.70000076293945,34.932498931884766,35.099998474121094,518696000
2017-03-27,33.16481018066406,35.915000915527344,36.125,34.654998779296875,34.84749984741211,508035600
2017-04-03,33.09095001220703,35.834999084472656,36.3650016784668,35.76250076293945,35.9275016784668,421664800
2017-04-10,32.56228256225586,35.26250076293945,35.970001220703125,35.01499938964844,35.900001525878906,349942800
2017-04-17,32.84392547607422,35.567501068115234,35.72999954223633,35.11249923706055,35.369998931884766,356994000
2017-04-24,33.16250991821289,35.912498474121094,36.224998474121094,35.79499816894531,35.875,364614800
2017-05-01,34.38835906982422,37.2400016784668,37.244998931884766,36.067501068115234,36.275001525878906,701406800
2017-05-08,36.1854133605957,39.025001525878906,39.10499954223633,37.25749969482422,37.25749969482422,693882400
2017-05-15,35.480716705322266,38.26499938964844,39.162498474121094,37.4275016784668,39.002498626708984,629419600
2017-05-22,35.60821533203125,38.40250015258789,38.724998474121094,38.16749954223633,38.5,412906000
2017-05-29,36.03474044799805,38.86249923706055,38.86249923706055,38.05500030517578,38.35499954223633,355011600
2017-06-05,34.53493118286133,37.244998931884766,38.994998931884766,36.505001068115234,38.584999084472656,636638800
2017-06-12,32.9794921875,35.567501068115234,36.875,35.54999923706055,36.435001373291016,882121600
2017-06-19,33.90903854370117,36.56999969482422,36.790000915527344,35.915000915527344,35.915000915527344,533012000
2017-06-26,33.385154724121094,36.005001068115234,37.06999969482422,35.56999969482422,36.79249954223633,508240800
2017-07-03,33.42225646972656,36.04499816894531,36.32500076293945,35.602500915527344,36.220001220703125,316711600
2017-07-10,34.54884338378906,37.2599983215332,37.33250045776367,35.842498779296875,36.02750015258789,444353600
2017-07-17,34.8339729309082,37.567501068115234,37.935001373291016,37.14250183105469,37.20500183105469,424326400
2017-07-24,34.65547561645508,37.375,38.497501373291016,36.82500076293945,37.64500045776367,423272400
2017-07-31,36.25263214111328,39.09749984741211,39.9375,37.032501220703125,37.474998474121094,691234000
2017-08-07,36.648677825927734,39.369998931884766,40.45750045776367,38.657501220703125,39.26499938964844,605076400
2017-08-14,36.653316497802734,39.375,40.627498626708984,39.18000030517578,39.83000183105469,538514000
2017-08-21,37.202537536621094,39.96500015258789,40.185001373291016,38.77750015258789,39.375,450684800
2017-08-28,38.17764663696289,41.01250076293945,41.23500061035156,39.98249816894531,40.03499984741211,504514800
2017-09-04,36.91630554199219,39.657501220703125,41.0625,39.63249969482422,40.9375,406640800
2017-09-11,37.20720672607422,39.970001220703125,40.9900016784668,39.477500915527344,40.125,884310000
2017-09-18,35.34775924682617,37.97249984741211,40.125,37.63999938964844,40.02750015258789,744754000
2017-09-25,35.86672592163086,38.529998779296875,38.68000030517578,37.290000915527344,37.497501373291016,619427200
2017-10-02,36.14134979248047,38.82500076293945,38.872501373291016,38.1150016784668,38.564998626708984,375137200
2017-10-09,36.53464889526367,39.247501373291016,39.5,38.775001525878906,38.95249938964844,325219200
2017-10-16,36.362430572509766,39.0625,40.217498779296875,38.755001068115234,39.474998474121094,504205200
2017-10-23,37.944915771484375,40.76250076293945,40.900001525878906,38.817501068115234,39.22249984741211,489613200
2017-10-30,40.14411926269531,43.125,43.564998626708984,40.93000030517578,40.97249984741211,860709600
2017-11-06,40.795249938964844,43.66749954223633,44.060001373291016,42.93000030517578,43.092498779296875,553701600
2017-11-13,39.73956298828125,42.537498474121094,43.625,42.095001220703125,43.375,465838800
2017-11-20,40.865318298339844,43.74250030517578,43.875,42.38999938964844,42.5724983215332,324037200
2017-11-27,39.94977951049805,42.76250076293945,43.77000045776367,41.790000915527344,43.76250076293945,680394000
2017-12-04,39.557395935058594,42.342498779296875,43.154998779296875,41.6150016784668,43.119998931884766,549924400
2017-12-11,40.63175964355469,43.49250030517578,43.54249954223633,42.1974983215332,42.29999923706055,556588800
2017-12-18,40.87466812133789,43.752498626708984,44.29999923706055,43.3125,43.720001220703125,470529600
2017-12-25,39.52470397949219,42.307498931884766,42.962501525878906,42.30500030517578,42.70000076293945,388655200
2018-01-01,40.8723258972168,43.75,43.842498779296875,42.314998626708984,42.540000915527344,404673600
2018-01-08,41.360450744628906,44.272499084472656,44.34000015258789,43.25,43.587501525878906,440790000
2018-01-15,41.68042755126953,44.6150016784668,45.025001525878906,43.76750183105469,44.474998474121094,510284800
2018-01-22,40.05720520019531,42.877498626708984,44.86000061035156,42.51499938964844,44.32500076293945,766299200
2018-01-29,37.485748291015625,40.125,42.540000915527344,40.025001525878906,42.540000915527344,1051968400
2018-02-05,36.6794548034668,39.102500915527344,40.970001220703125,37.560001373291016,39.775001525878906,1270616000
2018-02-12,40.436283111572266,43.10749816894531,43.70500183105469,39.377498626708984,39.625,901347600
2018-02-19,41.156219482421875,43.875,43.912498474121094,42.752498626708984,43.01250076293945,544825600
2018-02-26,41.32272720336914,44.0525016784668,45.154998779296875,43.11249923706055,44.087501525878906,808513600
2018-03-05,42.206817626953125,44.994998931884766,45.0,43.567501068115234,43.8025016784668,559410800
2018-03-12,41.7471809387207,44.505001068115234,45.875,44.404998779296875,45.0724983215332,621670000
2018-03-19,38.679813385009766,41.23500061035156,44.36750030517578,41.23500061035156,44.33000183105469,690682800
2018-03-26,39.3458137512207,41.94499969482422,43.787498474121094,41.29750061035156,42.01750183105469,634123200
2018-04-02,39.48652648925781,42.095001220703125,43.557498931884766,41.11750030517578,41.65999984741211,657635200
2018-04-09,40.97564697265625,43.682498931884766,43.959999084472656,42.462501525878906,42.470001220703125,511486000
2018-04-16,38.862728118896484,41.43000030517578,44.73500061035156,41.35749816894531,43.75749969482422,676952800
2018-04-23,38.06539535522461,40.58000183105469,41.72999954223633,40.157501220703125,41.70750045776367,648833600
2018-04-30,43.109676361083984,45.95750045776367,46.0625,40.459999084472656,40.532501220703125,1011222800
2018-05-07,44.39646911621094,47.147499084472656,47.592498779296875,45.91749954223633,46.29499816894531,593067600
2018-05-14,43.8597297668457,46.57749938964844,47.38249969482422,46.275001525878906,47.252498626708984,396995200
2018-05-21,44.39411544799805,47.14500045776367,47.412498474121094,46.439998626708984,47.0,377579600
2018-05-28,44.7849006652832,47.560001373291016,47.564998626708984,46.53499984741211,46.900001525878906,368519600
2018-06-04,45.12860107421875,47.92499923706055,48.54999923706055,47.442501068115234,47.90999984741211,467079200
2018-06-11,44.455322265625,47.209999084472656,48.220001220703125,47.064998626708984,47.837501525878906,560749200
2018-06-18,43.532508850097656,46.22999954223633,47.30500030517578,45.86249923706055,46.970001220703125,502417600
2018-06-25,43.57723617553711,46.27750015258789,46.81999969482422,45.182498931884766,45.849998474121094,486482000
2018-07-02,44.25050354003906,46.99250030517578,47.10749816894531,45.85499954223633,45.95500183105469,263102000
2018-07-09,45.04150390625,47.83250045776367,47.959999084472656,46.90250015258789,47.375,340328800
2018-07-16,45.0673942565918,47.86000061035156,48.162498474121094,47.29999923706055,47.880001068115234,351736000
2018-07-23,44.9590950012207,47.744998931884766,48.9900016784668,47.38999938964844,47.66999816894531,377988800
2018-07-30,48.96347427368164,51.997501373291016,52.185001373291016,47.26750183105469,47.974998474121094,896758400
2018-08-06,49.02653121948242,51.88249969482422,52.44499969482422,51.130001068115234,52.0,486568400
2018-08-13,51.40072250366211,54.39500045776367,54.48749923706055,51.92499923706055,52.32749938964844,557495600
2018-08-20,51.065269470214844,54.040000915527344,54.79499816894531,53.459999084472656,54.525001525878906,451300800
2018-08-27,53.7749137878418,56.907501220703125,57.217498779296875,54.08250045776367,54.287498474121094,650762400
2018-09-03,52.27953338623047,55.32500076293945,57.41749954223633,55.1775016784668,57.102500915527344,530531600
2018-09-10,52.879581451416016,55.959999084472656,57.087501525878906,54.11750030517578,55.23749923706055,792999600
2018-09-17,51.41962814331055,54.415000915527344,55.73749923706055,53.82500076293945,55.537498474121094,874984400
2018-09-24,53.32842254638672,56.435001373291016,56.61000061035156,54.157501220703125,54.20500183105469,517372400
2018-10-01,52.98588180541992,56.0724983215332,58.36750030517578,55.14500045776367,56.98749923706055,570665200
2018-10-08,52.47087478637695,55.52750015258789,56.817501068115234,53.08000183105469,55.5525016784668,768031200
2018-10-15,51.809410095214844,54.82749938964844,55.747501373291016,53.25,55.290000915527344,594081600
2018-10-22,51.098323822021484,54.07500076293945,56.057498931884766,53.16749954223633,54.9474983215332,742398400
2018-10-29,49.014705657958984,51.869998931884766,55.59000015258789,51.35749816894531,54.79750061035156,1082425200
2018-11-05,48.472171783447266,51.11750030517578,52.529998779296875,49.54249954223633,51.07500076293945,764797600
2018-11-12,45.87872314453125,48.38249969482422,49.962501525878906,46.48249816894531,49.75,968906000
2018-11-19,40.84351348876953,43.0724983215332,47.67499923706055,43.025001525878906,47.5,657994800
2018-11-26,42.33462905883789,44.64500045776367,45.70000076293945,42.564998626708984,43.560001373291016,854999600
2018-12-03,39.94266891479492,42.122501373291016,46.23500061035156,42.07500076293945,46.1150016784668,670107200
2018-12-10,39.2291145324707,41.369998931884766,43.14250183105469,40.83250045776367,41.25,870150800
2018-12-17,35.73244857788086,37.682498931884766,42.087501525878906,37.407501220703125,41.36249923706055,1150777200
2018-12-24,37.03628158569336,39.057498931884766,39.630001068115234,36.647499084472656,37.037498474121094,764640800
2018-12-31,35.14689254760742,37.064998626708984,39.84000015258789,35.5,39.63249969482422,887850000
2019-01-07,36.10225296020508,38.0724983215332,38.63249969482422,36.474998474121094,37.17499923706055,814824400
2019-01-14,37.17613983154297,39.20500183105469,39.470001220703125,37.30500030517578,37.712501525878906,621168000
2019-01-21,37.39898681640625,39.439998626708984,39.532501220703125,37.92499923706055,39.102500915527344,450006400
2019-01-28,39.475650787353516,41.630001068115234,42.25,38.415000915527344,38.9474983215332,809187200
2019-02-04,40.571075439453125,42.602500915527344,43.89250183105469,41.81999969482422,41.852500915527344,605593600
2019-02-11,40.57346725463867,42.60499954223633,43.119998931884766,42.3125,42.76250076293945,448918400
2019-02-18,41.18057632446289,43.24250030517578,43.33000183105469,42.372501373291016,42.4275016784668,325000400
2019-02-25,41.656734466552734,43.74250030517578,43.967498779296875,43.182498931884766,43.540000915527344,483522400
2019-03-04,41.16628646850586,43.227500915527344,44.4375,42.375,43.92250061035156,467119200
2019-03-11,44.31131362915039,46.529998779296875,46.83250045776367,43.837501525878906,43.872501373291016,632534000
2019-03-18,45.485050201416016,47.76250076293945,49.42250061035156,46.182498931884766,46.45000076293945,729373200
2019-03-25,45.2231559753418,47.48749923706055,48.220001220703125,46.14500045776367,47.877498626708984,671354400
2019-04-01,46.9016227722168,49.25,49.275001525878906,47.095001220703125,47.90999984741211,446161600
2019-04-08,47.34682083129883,49.717498779296875,50.712501525878906,49.0525016784668,49.10499954223633,528026800
2019-04-15,48.534828186035156,50.96500015258789,51.037498474121094,49.502498626708984,49.64500045776367,385342400
2019-04-22,48.63958740234375,51.07500076293945,52.119998931884766,50.529998779296875,50.70750045776367,389981600
2019-04-29,50.41328811645508,52.9375,53.82749938964844,49.77750015258789,51.099998474121094,745822400
2019-05-06,47.1252555847168,49.29499816894531,52.209999084472656,48.192501068115234,51.0724983215332,694654400
2019-05-13,45.170265197753906,47.25,48.11750030517578,45.712501525878906,46.9275016784668,745662000
2019-05-20,42.77314376831055,44.74250030517578,47.0,44.45249938964844,45.880001068115234,627880400
2019-05-27,41.8410530090332,43.76750183105469,45.147499084472656,43.747501373291016,44.72999954223633,418765600
2019-06-03,45.445106506347656,47.537498474121094,47.97999954223633,42.567501068115234,43.900001525878906,617392800
2019-06-10,46.06410217285156,48.185001373291016,49.1974983215332,47.57500076293945,47.95249938964844,447372400
2019-06-17,47.50763702392578,49.69499969482422,50.212501525878906,48.04249954223633,48.224998474121094,526635600
2019-06-24,47.30210876464844,49.47999954223633,50.39250183105469,48.8224983215332,49.6349983215332,469474000
2019-07-01,48.81016540527344,51.057498931884766,51.27000045776367,50.162498474121094,50.79249954223633,291262800
2019-07-08,48.587913513183594,50.82500076293945,51.09749984741211,49.602500915527344,50.20249938964844,406402800
2019-07-15,48.41822052001953,50.647499084472656,51.625,50.59000015258789,51.022499084472656,349566400
2019-07-22,49.649051666259766,51.935001373291016,52.432498931884766,50.90250015258789,50.912498474121094,348612800
2019-07-29,48.75999450683594,51.005001068115234,55.342498779296875,50.407501220703125,52.1150016784668,879082000
2019-08-05,48.21833038330078,50.247501373291016,50.88249969482422,48.14500045776367,49.497501373291016,692845600
2019-08-12,49.540218353271484,51.625,53.03499984741211,49.787498474121094,49.904998779296875,644382400
2019-08-19,48.61418151855469,50.65999984741211,53.61000061035156,50.25,52.654998779296875,567620000
2019-08-26,50.07760238647461,52.185001373291016,52.61249923706055,50.83000183105469,51.46500015258789,439958400
2019-09-02,51.161956787109375,53.314998626708984,53.60499954223633,51.05500030517578,51.60749816894531,329948400
2019-09-09,52.479034423828125,54.6875,56.60499954223633,52.76750183105469,53.709999084472656,701467600
2019-09-16,52.23433303833008,54.432498931884766,55.939998626708984,54.36750030517578,54.432498931884766,569162000
2019-09-23,52.495826721191406,54.70500183105469,55.622501373291016,54.28499984741211,54.73749923706055,465780800
2019-09-30,54.46063995361328,56.752498626708984,57.05500030517578,53.782501220703125,55.224998474121094,634486800
2019-10-07,56.66776657104492,59.0525016784668,59.40999984741211,56.08250045776367,56.567501068115234,588705600
2019-10-14,56.71574783325195,59.102500915527344,59.532501220703125,58.29999923706055,58.724998474121094,422709600
2019-10-21,59.15556716918945,61.64500045776367,61.682498931884766,59.33000183105469,59.380001068115234,388122000
2019-10-28,61.372291564941406,63.95500183105469,63.98249816894531,59.314998626708984,61.85499954223633,654221600
2019-11-04,62.596046447753906,65.03500366210938,65.11000061035156,63.842498779296875,64.3324966430664,423960800
2019-11-11,63.94834899902344,66.44000244140625,66.44499969482422,64.56999969482422,64.57499694824219,461333600
2019-11-18,62.99066162109375,65.44499969482422,67.0,65.0999984741211,66.44999694824219,455825200
2019-11-25,64.30687713623047,66.8125,67.0,65.625,65.67749786376953,301081200
2019-12-02,65.13945770263672,67.67749786376953,67.75,64.07250213623047,66.81749725341797,456599200
2019-12-09,66.20779418945312,68.7874984741211,68.82499694824219,66.22750091552734,67.5,568117600
2019-12-16,67.24009704589844,69.86000061035156,70.6624984741211,69.24500274658203,69.25,732720000
2019-12-23,69.73294067382812,72.44999694824219,73.49250030517578,70.09249877929688,70.13249969482422,386438000
2019-12-30,71.56891632080078,74.35749816894531,75.1500015258789,71.30500030517578,72.36499786376953,526723200
2020-01-06,74.67296600341797,77.5824966430664,78.1675033569336,73.1875,73.44750213623047,670091600
2020-01-13,76.69420623779297,79.68250274658203,79.68499755859375,77.38749694824219,77.91000366210938,652055600
2020-01-20,76.59317779541016,79.57749938964844,80.8324966430664,78.9124984741211,79.29750061035156,463685200
2020-01-27,74.47567749023438,77.37750244140625,81.9625015258789,76.22000122070312,77.51499938964844,866734800
2020-02-03,77.18978881835938,80.00749969482422,81.30500030517578,75.55500030517578,76.07499694824219,652341200
2020-02-10,78.3764877319336,81.23750305175781,81.80500030517578,78.4625015258789,78.54499816894531,492263600
2020-02-17,75.50623321533203,78.26249694824219,81.1624984741211,77.625,78.83999633789062,476635200
2020-02-24,65.93318939208984,68.33999633789062,76.04499816894531,64.09249877929688,74.31500244140625,1398039200
2020-03-02,69.71273040771484,72.25749969482422,76.0,69.43000030517578,70.56999969482422,1293800800
2020-03-09,67.04510498046875,69.49250030517578,71.61000061035156,62.0,65.9375,1616839600
2020-03-16,55.29166030883789,57.310001373291016,64.7699966430664,57.0,60.48749923706055,1620263600
2020-03-23,59.7537727355957,61.935001373291016,64.66999816894531,53.15250015258789,57.02000045776367,1384190000
2020-03-30,58.22700500488281,60.352500915527344,65.62249755859375,59.224998474121094,62.685001373291016,837010800
2020-04-06,64.63796997070312,66.99749755859375,67.92500305175781,62.345001220703125,62.724998474121094,735437600
2020-04-13,68.21009063720703,70.69999694824219,72.0625,66.4574966430664,67.07749938964844,829547200
2020-04-20,68.2510757446289,70.74250030517578,70.75250244140625,66.35749816894531,69.48750305175781,678844800
2020-04-27,69.7223892211914,72.26750183105469,74.75,69.55000305175781,70.44999694824219,790054000
2020-05-04,75.00444793701172,77.53250122070312,77.5875015258789,71.58000183105469,72.2925033569336,672706400
2020-05-11,74.41915893554688,76.92749786376953,79.92250061035156,75.05249786376953,77.0250015258789,834147600
2020-05-18,77.12303924560547,79.72250366210938,80.22250366210938,77.58000183105469,78.2925033569336,532904800
2020-05-25,76.89329528808594,79.48500061035156,81.05999755859375,78.27249908447266,80.875,525560400
2020-06-01,80.17274475097656,82.875,82.9375,79.30249786376953,79.4375,497736000
2020-06-08,81.93822479248047,84.69999694824219,88.69249725341797,81.83000183105469,82.5625,811826800
2020-06-15,84.57923126220703,87.43000030517578,89.13999938964844,83.1449966430664,83.3125,779940400
2020-06-22,85.52484893798828,88.40750122070312,93.09500122070312,87.7874984741211,87.83499908447266,883003200
2020-06-29,88.05941772460938,91.02749633789062,92.61750030517578,87.81999969482422,88.3125,495648000
2020-07-06,92.79238891601562,95.91999816894531,96.31749725341797,92.46749877929688,92.5,564072000
2020-07-13,93.18661499023438,96.32749938964844,99.95500183105469,93.87750244140625,97.26499938964844,718600800
2020-07-20,89.59514617919922,92.61499786376953,99.25,89.1449966430664,96.4175033569336,665196000
2020-07-27,102.79524993896484,106.26000213623047,106.41500091552734,93.24749755859375,93.70999908447266,847635600
2020-08-03,107.68333435058594,111.11250305175781,114.4124984741211,107.89250183105469,108.19999694824219,1003474000
2020-08-10,111.3612060546875,114.90750122070312,116.0425033569336,109.10749816894531,112.5999984741211,941551200
2020-08-17,120.53167724609375,124.37000274658203,124.86750030517578,113.9625015258789,116.0625,835695200
2020-08-24,120.95567321777344,124.80750274658203,128.78500366210938,123.05249786376953,128.69749450683594,1063638000
2020-08-31,117.22692108154297,120.95999908447266,137.97999572753906,110.88999938964844,127.58000183105469,1167976600
2020-09-07,108.54341125488281,112.0,120.5,110.0,113.94999694824219,771441800
2020-09-14,103.54267120361328,106.83999633789062,118.83000183105469,106.08999633789062,114.72000122070312,944587000
2020-09-21,108.81481170654297,112.27999877929688,112.86000061035156,103.0999984741211,104.54000091552734,847212600
2020-09-28,109.5319595336914,113.0199966430664,117.72000122070312,112.22000122070312,115.01000213623047,640562200
2020-10-05,113.36005401611328,116.97000122070312,117.0,112.25,113.91000366210938,548575100
2020-10-12,115.34679412841797,119.0199966430664,125.38999938964844,118.1500015258789,120.05999755859375,881222300
2020-10-19,111.48961639404297,115.04000091552734,120.41999816894531,114.27999877929688,119.95999908447266,519569600
2020-10-26,105.5003433227539,108.86000061035156,117.27999877929688,107.72000122070312,114.01000213623047,684467100
2020-11-02,115.22541809082031,118.69000244140625,119.62000274658203,107.31999969482422,109.11000061035156,609571800
2020-11-09,115.77877807617188,119.26000213623047,121.98999786376953,114.12999725341797,120.5,589577900
2020-11-16,113.91481018066406,117.33999633789062,120.98999786376953,116.80999755859375,118.91999816894531,389493400
2020-11-23,113.18671417236328,116.58999633789062,117.62000274658203,112.58999633789062,117.18000030517578,365024000
2020-11-30,118.68148040771484,122.25,123.77999877929688,116.80999755859375,116.97000122070312,543370600
2020-12-07,118.83683013916016,122.41000366210938,125.94999694824219,120.1500015258789,122.30999755859375,452278700
2020-12-14,122.96276092529297,126.66000366210938,129.5800018310547,121.54000091552734,122.5999984741211,621538100
2020-12-21,128.11778259277344,131.97000122070312,134.41000366210938,123.44999694824219,125.0199966430664,433310200
2020-12-28,128.81678771972656,132.69000244140625,138.7899932861328,131.72000122070312,133.99000549316406,441102200
2021-01-04,128.19541931152344,132.0500030517578,133.61000061035156,126.37999725341797,133.52000427246094,610791200
2021-01-11,123.42876434326172,127.13999938964844,131.4499969482422,126.86000061035156,129.19000244140625,482792700
2021-01-18,135.01051330566406,139.07000732421875,139.85000610351562,126.94000244140625,127.77999877929688,429687100
2021-01-25,128.10809326171875,131.9600067138672,145.08999633789062,130.2100067138672,143.07000732421875,716991000
2021-02-01,132.96632385253906,136.75999450683594,137.4199981689453,130.92999267578125,133.75,439303000
2021-02-08,131.61489868164062,135.3699951171875,137.8800048828125,133.69000244140625,136.02999877929688,345543100
2021-02-15,126.26747131347656,129.8699951171875,136.00999450683594,127.41000366210938,135.49000549316406,363020300
2021-02-22,117.89632415771484,121.26000213623047,129.72000122070312,118.38999938964844,128.00999450683594,685989200
2021-03-01,118.05186462402344,121.41999816894531,128.72000122070312,117.56999969482422,123.75,663456700
2021-03-08,117.67269134521484,121.02999877929688,123.20999908447266,116.20999908447266,120.93000030517578,586977300
2021-03-15,116.66152954101562,119.98999786376953,127.22000122070312,119.68000030517578,121.41000366210938,626343500
2021-03-22,117.84770965576172,121.20999908447266,124.23999786376953,118.91999816894531,120.33000183105469,488825800
2021-03-29,119.58805084228516,123.0,124.18000030517578,118.86000061035156,121.6500015258789,359904000
2021-04-05,129.3106689453125,133.0,133.0399932861328,123.06999969482422,123.87000274658203,447820500
2021-04-12,130.43841552734375,134.16000366210938,135.0,130.6300048828125,132.52000427246094,444178800
2021-04-19,130.5940704345703,134.32000732421875,135.52999877929688,131.3000030517578,133.50999450683594,421147600
2021-04-26,127.81336975097656,131.4600067138672,137.07000732421875,131.07000732421875,134.8300018310547,501621500
2021-05-03,126.81307983398438,130.2100067138672,134.07000732421875,126.69999694824219,132.0399932861328,453802300
2021-05-10,124.12507629394531,127.44999694824219,129.5399932861328,122.25,129.41000366210938,514165600
2021-05-17,122.15777587890625,125.43000030517578,128.0,122.86000061035156,126.81999969482422,386352000
2021-05-24,121.35916137695312,124.61000061035156,128.32000732421875,124.55000305175781,126.01000213623047,357615000
2021-05-31,122.60576629638672,125.88999938964844,126.16000366210938,123.12999725341797,125.08000183105469,278314500
2021-06-07,124.02769470214844,127.3499984741211,128.4600067138672,124.83000183105469,126.16999816894531,327048100
2021-06-14,127.05656433105469,130.4600067138672,132.5500030517578,127.06999969482422,127.81999969482422,457142800
2021-06-21,129.6374053955078,133.11000061035156,134.63999938964844,129.2100067138672,130.3000030517578,354155800
2021-06-28,136.30868530273438,139.9600067138672,140.0,133.35000610351562,133.41000366210938,321267200
2021-07-05,141.32435607910156,145.11000061035156,145.64999389648438,140.07000732421875,140.07000732421875,418559700
2021-07-12,142.57095336914062,146.38999938964844,150.0,143.6300048828125,146.2100067138672,504249300
2021-07-19,144.68434143066406,148.55999755859375,148.72000122070312,141.6699981689453,143.75,441563700
2021-07-26,142.05477905273438,145.86000061035156,149.8300018310547,142.5399932861328,148.27000427246094,423324000
2021-08-02,142.54071044921875,146.13999938964844,148.0399932861328,145.17999267578125,146.36000061035156,284559400
2021-08-09,145.42784118652344,149.10000610351562,149.44000244140625,145.3000030517578,146.1999969482422,298082900
2021-08-16,144.5402374267578,148.19000244140625,151.67999267578125,144.5,148.5399932861328,429361600
2021-08-23,144.94017028808594,148.60000610351562,150.86000061035156,146.8300018310547,148.30999755859375,272129100
2021-08-30,150.49977111816406,154.3000030517578,154.97999572753906,148.61000061035156,149.0,386647700
2021-09-06,145.301025390625,148.97000122070312,157.25999450683594,148.6999969482422,154.97000122070312,354897400
2021-09-13,142.4626922607422,146.05999755859375,151.4199981689453,145.75999450683594,150.6300048828125,492884800
2021-09-20,143.30152893066406,146.9199981689453,147.47000122070312,141.27000427246094,143.8000030517578,394033300
2021-09-27,139.1366729736328,142.64999389648438,145.9600067138672,139.11000061035156,145.47000122070312,441421300
2021-10-04,139.38052368164062,142.89999389648438,144.22000122070312,138.27000427246094,141.75999450683594,382910100
2021-10-11,141.27268981933594,144.83999633789062,144.89999389648438,139.1999969482422,142.27000427246094,354098200
2021-10-18,145.02793884277344,148.69000244140625,150.17999267578125,143.16000366210938,143.4499969482422,340691300
2021-10-25,146.11061096191406,149.8000030517578,153.1699981689453,146.41000366210938,148.67999267578125,392740000
2021-11-01,147.76947021484375,151.27999877929688,152.42999267578125,147.8000030517578,148.99000549316406,324080300
2021-11-08,146.50941467285156,149.99000549316406,151.57000732421875,147.47999572753906,151.41000366210938,281799900
2021-11-15,156.8244171142578,160.5500030517578,161.02000427246094,149.33999633789062,150.3699951171875,462419300
2021-11-22,153.17117309570312,156.80999755859375,165.6999969482422,156.36000061035156,161.67999267578125,359933200
2021-11-29,158.0844268798828,161.83999633789062,170.3000030517578,157.8000030517578,159.3699951171875,669611100
2021-12-06,175.28582763671875,179.4499969482422,179.6300048828125,164.27999877929688,164.2899932861328,569227700
2021-12-13,167.16859436035156,171.13999938964844,182.1300048828125,169.69000244140625,181.1199951171875,769299200
2021-12-20,172.18939208984375,176.27999877929688,176.85000610351562,167.4600067138672,168.27999877929688,359176900
2021-12-27,173.44944763183594,177.57000732421875,181.3300018310547,177.07000732421875,177.08999633789062,340248100
2022-01-03,168.17474365234375,172.1699981689453,182.94000244140625,171.02999877929688,177.8300018310547,481949000
2022-01-10,169.05384826660156,173.07000732421875,177.17999267578125,168.1699981689453,169.0800018310547,422655700
2022-01-17,158.64122009277344,162.41000366210938,172.5399932861328,162.3000030517578,171.50999450683594,400041100
2022-01-24,166.37742614746094,170.3300018310547,170.35000610351562,154.6999969482422,160.02000427246094,688258600
2022-01-31,168.6041717529297,172.38999938964844,176.24000549316406,169.50999450683594,170.16000366210938,458553300
2022-02-07,164.93655395507812,168.63999938964844,176.64999389648438,168.0399932861328,172.86000061035156,412902000
2022-02-14,163.6259765625,167.3000030517578,173.33999633789062,166.19000244140625,167.3699951171875,362252300
2022-02-21,161.22976684570312,164.85000610351562,166.69000244140625,152.0,164.97999572753906,414293700
2022-02-28,159.5866241455078,163.1699981689453,168.91000366210938,161.97000122070312,163.05999755859375,418671400
2022-03-07,151.33201599121094,154.72999572753906,165.02000427246094,154.5,163.36000061035156,521334100
2022-03-14,160.37884521484375,163.97999572753906,164.47999572753906,150.10000610351562,151.4499969482422,503123700
2022-03-21,170.88299560546875,174.72000122070312,175.27999877929688,163.00999450683594,163.50999450683594,446083700
2022-03-28,170.48202514648438,174.30999755859375,179.61000061035156,171.94000244140625,172.1699981689453,465395100
2022-04-04,166.3546905517578,170.08999633789062,178.49000549316406,169.1999969482422,174.57000732421875,393099200
2022-04-11,161.66009521484375,165.2899932861328,171.27000427246094,165.0399932861328,168.7100067138672,297460200
2022-04-18,158.2369384765625,161.7899932861328,171.52999877929688,161.5,163.9199981689453,376787700
2022-04-25,154.1878662109375,157.64999389648438,166.1999969482422,155.3800048828125,161.1199951171875,541697200
2022-05-02,154.052001953125,157.27999877929688,166.47999572753906,153.27000427246094,156.7100067138672,566928200
2022-05-09,144.0907440185547,147.11000061035156,156.74000549316406,138.8000030517578,154.92999267578125,686227300
2022-05-16,134.7661590576172,137.58999633789062,149.77000427246094,132.61000061035156,145.5500030517578,548244700
2022-05-23,146.56881713867188,149.63999938964844,149.67999267578125,137.13999938964844,137.7899932861328,495921700
2022-05-30,142.39627075195312,145.3800048828125,151.74000549316406,144.4600067138672,149.07000732421875,338923400
2022-06-06,134.3155517578125,137.1300048828125,149.8699951171875,137.05999755859375,147.02999877929688,354267700
2022-06-13,128.8599090576172,131.55999755859375,137.33999633789062,129.0399932861328,132.8699951171875,541168600
2022-06-20,138.7526092529297,141.66000366210938,141.91000366210938,133.32000732421875,133.4199981689453,315960300
2022-06-27,136.07862854003906,138.92999267578125,143.49000549316406,133.77000427246094,142.6999969482422,373549800
2022-07-04,144.02218627929688,147.0399932861328,147.5500030517578,136.92999267578125,137.77000427246094,278219600
2022-07-11,147.08792114257812,150.1699981689453,150.86000061035156,142.1199951171875,145.6699981689453,366316600
2022-07-18,150.92747497558594,154.08999633789062,156.27999877929688,146.6999969482422,150.74000549316406,360988700
2022-07-25,159.1746826171875,162.50999450683594,163.6300048828125,150.8000030517578,154.00999450683594,370548900
2022-08-01,162.1813507080078,165.35000610351562,167.19000244140625,159.6300048828125,161.00999450683594,322415000
2022-08-08,168.80201721191406,172.10000610351562,172.1699981689453,163.25,166.3699951171875,318771500
2022-08-15,168.2330780029297,171.52000427246094,176.14999389648438,171.30999755859375,171.52000427246094,322647200
2022-08-22,160.48451232910156,163.6199951171875,171.0500030517578,163.55999755859375,169.69000244140625,307194600
2022-08-29,152.82418823242188,155.80999755859375,162.89999389648438,154.6699981689453,161.14999389648438,390399000
2022-09-05,154.35427856445312,157.3699951171875,157.82000732421875,152.67999267578125,156.47000122070312,314117000
2022-09-12,147.8120880126953,150.6999969482422,164.25999450683594,148.3699951171875,159.58999633789062,568337900
2022-09-19,147.54725646972656,150.42999267578125,158.74000549316406,148.55999755859375,149.30999755859375,473543200
2022-09-26,135.5516357421875,138.1999969482422,154.72000122070312,138.0,149.66000366210938,577537000
2022-10-03,137.40541076660156,140.08999633789062,147.5399932861328,137.69000244140625,138.2100067138672,435940600
2022-10-10,135.7281494140625,138.3800048828125,144.52000427246094,134.3699951171875,140.4199981689453,424188400
2022-10-17,144.44781494140625,147.27000427246094,147.85000610351562,140.27000427246094,141.07000732421875,397216400
2022-10-24,152.7554931640625,155.74000549316406,157.5,144.1300048828125,147.19000244140625,512851100
2022-10-31,135.95333862304688,138.3800048828125,155.4499969482422,134.3800048828125,153.16000366210938,510660400
2022-11-07,147.07479858398438,149.6999969482422,150.00999450683594,134.58999633789062,137.11000061035156,461034600
2022-11-14,148.63694763183594,151.2899932861328,153.58999633789062,146.14999389648438,148.97000122070312,382679700
2022-11-21,145.51271057128906,148.11000061035156,151.8300018310547,146.92999267578125,150.16000366210938,204025500
2022-11-28,145.21795654296875,147.80999755859375,149.1300048828125,140.35000610351562,145.13999938964844,401088500
2022-12-05,139.6670684814453,142.16000366210938,150.9199981689453,140.0,147.77000427246094,341500000
2022-12-12,132.15121459960938,134.50999450683594,149.97000122070312,133.72999572753906,142.6999969482422,505728900
2022-12-19,129.54766845703125,131.86000061035156,136.80999755859375,129.63999938964844,135.11000061035156,384620400
2022-12-26,127.65149688720703,129.92999267578125,131.41000366210938,125.87000274658203,131.3800048828125,307184100
2023-01-02,127.34693145751953,129.6199951171875,130.89999389648438,124.16999816894531,130.27999877929688,369948500
2023-01-09,132.39678955078125,134.75999450683594,134.9199981689453,128.1199951171875,130.47000122070312,333335200
2023-01-16,135.45228576660156,137.8699951171875,138.61000061035156,133.77000427246094,134.8300018310547,271823400
2023-01-23,143.3709259033203,145.92999267578125,147.22999572753906,137.89999389648438,138.1199951171875,338655600
2023-01-30,151.7906494140625,154.5,157.3800048828125,141.32000732421875,144.9600067138672,480249700
2023-02-06,148.58836364746094,151.00999450683594,155.22999572753906,149.22000122070312,152.57000732421875,330758800
2023-02-13,150.10369873046875,152.5500030517578,156.3300018310547,150.85000610351562,150.9499969482422,316792400
2023-02-20,144.35733032226562,146.7100067138672,151.3000030517578,145.72000122070312,150.1999969482422,213742300
2023-02-27,148.60806274414062,151.02999877929688,151.11000061035156,143.89999389648438,147.7100067138672,273994900
2023-03-06,146.11862182617188,148.5,156.3000030517578,147.61000061035156,153.7899932861328,313350800
2023-03-13,152.514404296875,155.0,156.74000549316406,147.6999969482422,147.80999755859375,410426600
2023-03-20,157.6802215576172,160.25,162.13999938964844,154.14999389648438,155.07000732421875,350100100
2023-03-27,162.25559997558594,164.89999389648438,165.0,155.97999572753906,159.94000244140625,267939700
2023-04-03,162.0194549560547,164.66000366210938,166.83999633789062,161.8000030517578,164.27000427246094,200156300
2023-04-10,162.5606689453125,165.2100067138672,166.32000732421875,159.77999877929688,161.4199981689453,263326300
2023-04-17,162.37371826171875,165.02000427246094,168.16000366210938,164.02999877929688,165.08999633789062,249953100
2023-04-24,166.95896911621094,169.67999267578125,169.85000610351562,162.8000030517578,165.0,256340700
2023-05-01,170.78662109375,173.57000732421875,174.3000030517578,164.30999755859375,169.27999877929688,360723200
2023-05-08,170.03749084472656,172.57000732421875,174.58999633789062,171.0,172.47999572753906,250062000
2023-05-15,172.58950805664062,175.16000366210938,176.38999938964844,170.4199981689453,173.16000366210938,258634800
2023-05-22,172.85552978515625,175.42999267578125,175.77000427246094,170.52000427246094,173.97999572753906,250355000
2023-05-29,178.29452514648438,180.9499969482422,181.77999877929688,176.57000732421875,176.9600067138672,286488400
2023-06-05,178.3043975830078,180.9600067138672,184.9499969482422,177.32000732421875,182.6300048828125,347854400
2023-06-12,182.2062530517578,184.9199981689453,186.99000549316406,180.97000122070312,181.27000427246094,333356300
2023-06-19,183.94041442871094,186.67999267578125,187.55999755859375,182.58999633789062,184.41000366210938,203677100
2023-06-26,191.12342834472656,193.97000122070312,194.47999572753906,185.22999572753906,186.8300018310547,281596800
2023-07-03,187.88172912597656,190.67999267578125,193.8800048828125,189.1999969482422,193.77999877929688,170287800
2023-07-10,187.89158630371094,190.69000244140625,191.6999969482422,186.60000610351562,189.25999450683594,250269000
2023-07-17,189.12326049804688,191.94000244140625,198.22999572753906,191.22999572753906,191.89999389648438,310848600
2023-07-24,192.9561767578125,195.8300018310547,197.1999969482422,192.25,193.41000366210938,225884500
2023-07-31,179.31927490234375,181.99000549316406,196.72999572753906,181.9199981689453,196.05999755859375,301580500
2023-08-07,175.41744995117188,177.7899932861328,183.1300048828125,176.5500030517578,182.1300048828125,332501200
2023-08-14,172.16151428222656,174.49000549316406,179.69000244140625,171.9600067138672,177.97000122070312,261498200
2023-08-21,176.2265167236328,178.61000061035156,181.5500030517578,173.74000549316406,175.07000732421875,247469000
2023-08-28,186.93170166015625,189.4600067138672,189.9199981689453,178.5500030517578,180.08999633789062,264199500
2023-09-04,175.80221557617188,178.17999267578125,189.97999572753906,173.5399932861328,188.27999877929688,305075900
2023-09-11,172.67454528808594,175.00999450683594,180.3000030517578,173.5800018310547,180.07000732421875,403746500
2023-09-18,172.4574737548828,174.7899932861328,179.6999969482422,173.86000061035156,176.47999572753906,297395200
2023-09-25,168.9252471923828,171.2100067138672,176.97000122070312,167.6199951171875,174.1999969482422,285838900
2023-10-02,175.12147521972656,177.49000549316406,177.99000549316406,170.82000732421875,171.22000122070312,260574000
2023-10-09,176.46331787109375,178.85000610351562,182.33999633789062,175.8000030517578,176.80999755859375,241810100
2023-10-16,170.57296752929688,172.8800048828125,179.0800018310547,172.63999938964844,176.75,288377700
2023-10-23,165.9751739501953,168.22000122070312,174.00999450683594,165.6699981689453,170.91000366210938,286078100
2023-10-30,174.29266357421875,176.64999389648438,177.77999877929688,167.89999389648438,169.02000427246094,310075900
2023-11-06,184.15484619140625,186.39999389648438,186.57000732421875,176.2100067138672,176.3800048828125,303608500
2023-11-13,187.40524291992188,189.69000244140625,190.9600067138672,184.2100067138672,185.82000732421875,262862000
2023-11-20,187.68186950683594,189.97000122070312,192.92999267578125,189.25,189.88999938964844,148305600
2023-11-27,188.9365692138672,191.24000549316406,192.08999633789062,188.19000244140625,189.9199981689453,216481400
2023-12-04,193.35272216796875,195.7100067138672,195.99000549316406,187.4499969482422,189.97999572753906,251991700
2023-12-11,195.1903533935547,197.57000732421875,199.6199951171875,191.4199981689453,193.11000061035156,379414800
2023-12-18,191.2681427001953,193.60000610351562,197.67999267578125,192.97000122070312,196.08999633789062,232340900
2023-12-25,190.21104431152344,192.52999877929688,194.66000366210938,191.08999633789062,193.61000061035156,153729000
2024-01-01,178.9977264404297,181.17999267578125,188.44000244140625,180.1699981689453,187.14999389648438,275266500
2024-01-08,183.68064880371094,185.9199981689453,187.0500030517578,181.5,182.08999633789062,238385400
2024-01-15,189.25271606445312,191.55999755859375,191.9499969482422,180.3000030517578,182.16000366210938,259829200
2024-01-22,190.10232543945312,192.4199981689453,196.3800048828125,191.94000244140625,192.3000030517578,255536900
2024-01-29,183.61151123046875,185.85000610351562,192.1999969482422,179.25,192.00999450683594,325909900
2024-02-05,186.8134307861328,188.85000610351562,191.0500030517578,185.83999633789062,188.14999389648438,252715800
2024-02-12,180.3439483642578,182.30999755859375,188.6699981689453,181.35000610351562,188.4199981689453,268128900
2024-02-19,180.55169677734375,182.52000427246094,185.0399932861328,180.0,181.7899932861328,192448900
2024-02-26,177.72254943847656,179.66000366210938,183.9199981689453,177.3800048828125,182.24000549316406,354385900
2024-03-04,168.88882446289062,170.72999572753906,176.89999389648438,168.49000549316406,176.14999389648438,393262300
2024-03-11,170.75845336914062,172.6199951171875,174.3800048828125,170.2899932861328,172.94000244140625,367119800
2024-03-18,170.422119140625,172.27999877929688,178.6699981689453,170.05999755859375,175.57000732421875,361583900
2024-03-25,169.6307373046875,171.47999572753906,173.60000610351562,169.4499969482422,170.57000732421875,237622700
2024-04-01,167.75123596191406,169.5800018310547,171.9199981689453,168.22999572753906,171.19000244140625,239070900
2024-04-08,174.6460723876953,176.5500030517578,178.36000061035156,167.11000061035156,169.02999877929688,322249800
2024-04-15,163.2206268310547,165.0,176.6300048828125,164.0800018310547,175.36000061035156,309416500
2024-04-22,167.4742431640625,169.3000030517578,171.33999633789062,164.77000427246094,165.52000427246094,241302700
2024-04-29,181.4024200439453,183.3800048828125,187.0,169.11000061035156,173.3699951171875,441926300
2024-05-06,181.32156372070312,183.0500030517578,185.08999633789062,180.4199981689453,182.35000610351562,300675100
2024-05-13,188.07717895507812,189.8699951171875,191.10000610351562,184.6199951171875,185.44000244140625,288966500
2024-05-20,188.18612670898438,189.97999572753906,192.82000732421875,186.6300048828125,189.3300018310547,208652100
2024-05-27,190.4346923828125,192.25,193.0,189.10000610351562,191.50999450683594,230395500
2024-06-03,195.0308837890625,196.88999938964844,196.94000244140625,192.52000427246094,192.89999389648438,245994400
2024-06-10,210.4835968017578,212.49000549316406,220.1999969482422,192.14999389648438,196.89999389648438,635503200
2024-06-17,205.5308074951172,207.49000549316406,218.9499969482422,207.11000061035156,213.3699951171875,501649200
2024-06-24,208.63125610351562,210.6199951171875,216.07000732421875,206.58999633789062,207.72000122070312,334805300
2024-07-01,224.20278930664062,226.33999633789062,226.4499969482422,211.9199981689453,212.08999633789062,216231300
2024-07-08,228.36312866210938,230.5399932861328,233.0800018310547,223.25,227.08999633789062,287546800
2024-07-15,222.1919708251953,224.30999755859375,237.22999572753906,222.27000427246094,236.47999572753906,278397600
2024-07-22,215.90196228027344,217.9600067138672,227.77999877929688,214.6199951171875,227.00999450683594,242932200
2024-07-29,217.7840118408203,219.86000061035156,225.60000610351562,215.75,216.9600067138672,296061500
2024-08-05,214.19818115234375,216.24000549316406,216.77999877929688,196.0,199.08999633789062,342088200
2024-08-12,224.1747283935547,226.0500030517578,226.8300018310547,215.60000610351562,216.07000732421875,214898200
2024-08-19,224.95816040039062,226.83999633789062,228.33999633789062,223.0399932861328,225.72000122070312,188124900
2024-08-26,227.1002655029297,229.0,232.9199981689453,223.88999938964844,226.75999450683594,209486100
2024-09-02,218.9881134033203,220.82000732421875,229.0,217.47999572753906,228.5500030517578,179069200
2024-09-09,220.65415954589844,222.5,224.0399932861328,216.7100067138672,220.82000732421875,237580300
2024-09-16,226.30690002441406,228.1999969482422,233.08999633789062,213.9199981689453,216.5399932861328,550232800
2024-09-23,225.9002685546875,227.7899932861328,229.52000427246094,224.02000427246094,227.33999633789062,210673500
2024-09-30,224.91851806640625,226.8000030517578,233.0,223.02000427246094,230.0399932861328,221996800
2024-10-07,225.66229248046875,227.5500030517578,229.75,221.3300018310547,224.5,164894900
2024-10-14,233.0504913330078,235.0,237.49000549316406,228.60000610351562,228.6999969482422,218141000
2024-10-21,229.49029541015625,231.41000366210938,236.85000610351562,227.75999450683594,234.4499969482422,197299900
2024-10-28,221.06076049804688,222.91000366210938,234.72999572753906,220.27000427246094,233.32000732421875,248222000
2024-11-04,225.32481384277344,226.9600067138672,228.66000366210938,219.7100067138672,220.99000549316406,208083400
2024-11-11,223.37893676757812,225.0,228.8699951171875,221.5,225.0,223817700
2024-11-18,228.21383666992188,229.8699951171875,230.72000122070312,225.1699981689453,225.25,196291700
2024-11-25,235.62010192871094,237.3300018310547,237.80999755859375,229.74000549316406,231.4600067138672,198118800
2024-12-02,241.09039306640625,242.83999633789062,244.6300048828125,237.16000366210938,237.27000427246094,208286500
2024-12-09,246.34228515625,248.1300048828125,250.8000030517578,241.75,241.8300018310547,192702600
2024-12-16,252.65650939941406,254.49000549316406,255.0,245.69000244140625,247.99000549316406,368202900
2024-12-23,253.74855041503906,255.58999633789062,260.1000061035156,253.05999755859375,254.77000427246094,133685900
2024-12-30,241.6066436767578,243.36000061035156,253.5,241.82000732421875,252.22999572753906,171023000
2025-01-06,235.1435546875,236.85000610351562,247.3300018310547,233.0,244.30999755859375,185241400
2025-01-13,228.32305908203125,229.97999572753906,238.9600067138672,228.02999877929688,233.52999877929688,269145400
2025-01-20,221.17491149902344,222.77999877929688,227.02999877929688,219.3800048828125,224.0,277129600
2025-01-27,234.29969787597656,236.0,247.19000244140625,223.97999572753906,224.02000427246094,372675200
2025-02-03,225.99002075195312,227.6300048828125,234.0,225.6999969482422,229.99000549316406,227383400
2025-02-10,243.10470581054688,244.60000610351562,245.5500030517578,227.1999969482422,229.57000732421875,226587600
2025-02-17,244.0489044189453,245.5500030517578,248.69000244140625,241.83999633789062,244.14999389648438,166541000
2025-02-24,240.36158752441406,241.83999633789062,250.0,230.1999969482422,244.92999267578125,241760300
2025-03-03,237.6085205078125,239.07000732421875,244.02999877929688,229.22999572753906,241.7899932861328,239653700
2025-03-10,212.18490600585938,213.49000549316406,236.16000366210938,208.4199981689453,235.5399932861328,332232000
2025-03-17,216.93568420410156,218.27000427246094,218.83999633789062,209.97000122070312,213.30999755859375,287881900
2025-03-24,216.56793212890625,217.89999389648438,225.02000427246094,217.67999267578125,221.0,190172600
2025-03-31,187.22842407226562,188.3800048828125,225.6199951171875,187.33999633789062,217.00999450683594,366947800
2025-04-07,196.93865966796875,198.14999389648438,200.61000061035156,169.2100067138672,177.1999969482422,675037600
2025-04-14,195.7758026123047,196.97999572753906,212.94000244140625,192.3699951171875,211.44000244140625,264593900
2025-04-21,208.00064086914062,209.27999877929688,209.75,189.80999755859375,193.27000427246094,238181400
2025-04-28,204.09466552734375,205.35000610351562,214.55999755859375,202.16000366210938,210.0,286233500
2025-05-05,197.31634521484375,198.52999877929688,204.10000610351562,193.25,203.10000610351562,275704500
2025-05-12,210.24388122558594,211.25999450683594,213.94000244140625,206.75,210.97000122070312,264778300
2025-05-19,194.33078002929688,195.27000427246094,209.47999572753906,193.4600067138672,207.91000366210938,273024200
2025-05-26,199.88394165039062,200.85000610351562,203.80999755859375,196.77999877929688,198.3000030517578,223844900
2025-06-02,202.93917846679688,203.9199981689453,206.24000549316406,200.1199951171875,200.27999877929688,227142700
2025-06-09,195.50511169433594,196.4499969482422,206.0,195.6999969482422,204.38999938964844,283877000
2025-06-16,200.03323364257812,201.0,201.6999969482422,195.07000732421875,197.3000030517578,224085100
2025-06-23,200.1128387451172,201.0800018310547,203.6699981689453,198.9600067138672,201.6300048828125,273391700
2025-06-30,212.5228729248047,213.5500030517578,214.64999389648438,199.25999450683594,202.00999450683594,273599300
2025-07-07,210.14434814453125,211.16000366210938,216.22999572753906,207.22000122070312,212.67999267578125,226036700
2025-07-14,210.16424560546875,211.17999267578125,212.39999389648438,207.5399932861328,209.92999267578125,225669600
2025-07-21,212.85128784179688,213.8800048828125,215.77999877929688,211.6300048828125,212.10000610351562,231062200
2025-07-28,201.40660095214844,202.3800048828125,214.85000610351562,201.5,214.02999877929688,319915100
2025-08-04,228.2468719482422,229.35000610351562,231.0,201.67999267578125,204.50999450683594,431826300
2025-08-11,230.73765563964844,231.58999633789062,235.1199951171875,224.75999450683594,227.9199981689453,295265800
2025-08-18,226.92173767089844,227.75999450683594,233.1199951171875,223.77999877929688,231.6999969482422,192241700
2025-08-25,231.28562927246094,232.13999938964844,233.41000366210938,224.69000244140625,226.47999572753906,194310800
2025-09-01,238.80783081054688,239.69000244140625,241.32000732421875,226.97000122070312,229.25,212923200
2025-09-08,233.2085418701172,234.07000732421875,240.14999389648438,225.9499969482422,239.3000030517578,304787000
2025-09-15,244.59645080566406,245.5,246.3000030517578,235.02999877929688,237.0,360619500
2025-09-22,254.51980590820312,255.4600067138672,257.6000061035156,248.1199951171875,248.3000030517578,309374700
2025-09-29,257.07037353515625,258.0199890136719,259.239990234375,253.00999450683594,254.55999755859375,218331700
2025-10-06,244.3673095703125,245.27000427246094,259.07000732421875,244.0,257.989990234375,213437900
2025-10-13,251.36146545410156,252.2899932861328,253.3800048828125,244.6999969482422,249.3800048828125,196438500
2025-10-20,261.85272216796875,262.82000732421875,265.2900085449219,255.42999267578125,255.88999938964844,253202800
2025-10-27,269.37493896484375,270.3699951171875,277.32000732421875,264.6499938964844,264.8800048828125,293563300
2025-11-03,267.48193359375,268.4700012207031,273.3999938964844,266.25,270.4200134277344,242583900
2025-11-10,271.6705017089844,272.4100036621094,276.70001220703125,267.4599914550781,268.9599914550781,232952800
2025-11-17,270.75299072265625,271.489990234375,275.42999267578125,265.32000732421875,268.82000732421875,235974500
2025-11-24,278.0930480957031,278.8500061035156,280.3800048828125,270.8999938964844,270.8999938964844,166067000
2025-12-01,278.0232238769531,278.7799987792969,288.6199951171875,276.1400146484375,278.010009765625,235050800
2025-12-08,277.52459716796875,278.2799987792969,280.0299987792969,273.80999755859375,278.1300048828125,176224300
2025-12-15,272.9271240234375,273.6700134277344,280.1499938964844,266.95001220703125,280.1499938964844,334459100
2025-12-22,272.6578369140625,273.3999938964844,275.42999267578125,269.55999755859375,272.8599853515625,105646200
2025-12-29,270.2743225097656,271.010009765625,277.8399963378906,269.0,272.69000244140625,110986500
2026-01-05,258.6659240722656,259.3699951171875,271.510009765625,255.6999969482422,270.6400146484375,236725400
2026-01-12,254.8363494873047,255.52999877929688,261.82000732421875,254.92999267578125,259.1600036621094,242545400
2026-01-19,247.36666870117188,248.0399932861328,254.7899932861328,243.4199981689453,252.72999572753906,216306500
2026-01-26,258.775634765625,259.4800109863281,261.95001220703125,249.8000030517578,251.47999572753906,306601900
2026-02-02,277.364990234375,278.1199951171875,280.9100036621094,259.2099914550781,260.0299987792969,332284600
2026-02-09,255.32435607910156,255.77999877929688,280.17999267578125,255.4499969482422,277.9100036621094,268299500
2026-02-16,264.1086730957031,264.5799865722656,266.82000732421875,255.5399932861328,258.04998779296875,165588200
2026-02-23,263.7093811035156,264.17999267578125,276.1099853515625,262.8900146484375,263.489990234375,222748700
2026-03-02,257.0013427734375,257.4599914550781,266.5299987792969,254.3699951171875,262.4100036621094,210978500
2026-03-09,249.6744384765625,250.1199951171875,262.4800109863281,249.52000427246094,255.69000244140625,172752200
2026-03-16,247.54823303222656,247.99000549316406,255.1300048828125,246.0,252.11000061035156,223388900
2026-03-23,248.35679626464844,248.8000030517578,257.0,248.07000732421875,253.97000122070312,203871800
2026-03-30,255.464111328125,255.9199981689453,256.17999267578125,245.50999450683594,250.07000732421875,160393100
2026-04-06,260.0159912109375,260.4800109863281,262.19000244140625,245.6999969482422,256.510009765625,191923800
2026-04-13,269.7486267089844,270.2300109863281,272.29998779296875,256.6600036621094,259.7300109863281,239278200
2026-04-20,270.5771179199219,271.05999755859375,275.7699890136719,265.3999938964844,270.3299865722656,201605900
2026-04-27,279.6409606933594,280.1400146484375,287.2200012207031,265.07000732421875,266.0899963378906,283297200
2026-05-04,292.7974853515625,293.32000732421875,294.760009765625,274.8599853515625,279.6600036621094,252233300
2026-05-11,299.9713134765625,300.2300109863281,303.20001220703125,290.2300109863281,291.9800109863281,230867400
2026-05-18,308.55389404296875,308.82000732421875,311.3999938964844,294.9100036621094,300.239990234375,201591700
2026-05-25,311.7911071777344,312.05999755859375,315.0,307.6700134277344,309.55999755859375,216678600
2026-06-01,307.0751647949219,307.3399963378906,316.94000244140625,305.0199890136719,309.6300048828125,254400900
2026-06-08,290.879150390625,291.1300048828125,317.3999938964844,287.3800048828125,308.739990234375,282165800
2026-06-15,297.7532043457031,298.010009765625,302.07000732421875,291.70001220703125,294.1199951171875,214314300
2026-06-22,283.53546142578125,283.7799987792969,302.4200134277344,273.75,297.30999755859375,518761900
2026-06-29,308.3640441894531,308.6300048828125,309.4200134277344,279.8500061035156,286.7300109863281,257044200
2026-07-06,315.0483093261719,315.32000732421875,316.9100036621094,307.0,307.3599853515625,219660300
2026-07-13,333.452392578125,333.739990234375,334.989990234375,311.9100036621094,317.0199890136719,266929900
2026-07-20,332.7330322265625,333.0199890136719,334.3699951171875,319.3500061035156,333.510009765625,221893000
2026-07-27,308.6438293457031,308.9100036621094,344.57000732421875,300.0,334.5400085449219,364861000
2026-08-03,313.05999755859375,313.3299865722656,316.2900085449219,301.32000732421875,309.5799865722656,273068900
2026-08-10,305.92999267578125,305.92999267578125,309.9700012207031,300.57000732421875,306.8299865722656,192525700
2026-08-17,309.3500061035156,309.3500061035156,320.2799987792969,302.94000244140625,306.2099914550781,229935400
2026-08-24,319.70001220703125,319.70001220703125,322.3699951171875,308.2099914550781,311.4700012207031,165636500
2026-08-31,319.9700012207031,319.9700012207031,330.80999755859375,312.79998779296875,319.6000061035156,205019200
2026-09-07,332.2699890136719,332.2699890136719,336.2200012207031,309.8999938964844,317.1000061035156,221845900
2026-09-14,336.1300048828125,336.1300048828125,338.489990234375,328.3500061035156,334.7900085449219,230286700
2026-09-21,341.07000732421875,341.07000732421875,345.3399963378906,333.04998779296875,335.2799987792969,162105400
2026-09-28,333.69000244140625,333.69000244140625,342.989990234375,325.80999755859375,340.3699951171875,189472133
