Date,AdjClose,Close,High,Low,Open,Volume
2021-09-07,822.1985473632812,861.77001953125,868.8800048828125,857.760009765625,865.2899780273438,780900
2021-09-08,818.5921020507812,857.989990234375,859.9000244140625,849.9199829101562,857.6099853515625,714900
2021-09-09,814.3081665039062,853.5,862.760009765625,852.0999755859375,855.47998046875,641900
2021-09-10,819.431640625,858.8699951171875,875.3599853515625,857.4000244140625,870.9400024414062,1137400
2021-09-13,831.2335815429688,871.239990234375,872.2100219726562,861.0399780273438,869.219970703125,636000
2021-09-14,847.290771484375,888.0700073242188,895.9299926757812,879.6799926757812,883.8200073242188,978300
2021-09-15,848.4929809570312,889.3300170898438,890.010009765625,879.4400024414062,886.989990234375,799700
2021-09-16,846.565673828125,887.3099975585938,889.780029296875,875.4400024414062,877.1400146484375,811400
2021-09-17,820.3665771484375,859.8499755859375,875.3099975585938,852.4099731445312,875.0999755859375,1670500
2021-09-20,802.134033203125,840.739990234375,845.489990234375,829.7000122070312,838.8800048828125,1122600
2021-09-21,815.4818725585938,854.72998046875,862.3699951171875,844.489990234375,860.0,905700
2021-09-22,825.0322265625,864.739990234375,871.6500244140625,849.4600219726562,851.8300170898438,669400
2021-09-23,839.381591796875,879.780029296875,888.719970703125,877.260009765625,877.3900146484375,744500
2021-09-24,828.9246215820312,868.8200073242188,873.3599853515625,865.1199951171875,867.3599853515625,510400
2021-09-27,796.9534301757812,835.3099975585938,847.8800048828125,833.0499877929688,843.280029296875,1063900
2021-09-28,744.3455200195312,780.1699829101562,799.3400268554688,773.0700073242188,794.8400268554688,2390100
2021-09-29,715.96142578125,750.4199829101562,786.22998046875,749.1199951171875,785.0,2216000
2021-09-30,710.8953857421875,745.1099853515625,762.3200073242188,742.2899780273438,754.25,1078800
2021-10-01,707.7470092773438,741.8099975585938,745.0,728.3699951171875,745.0,1180400
2021-10-04,680.2025146484375,712.9400024414062,730.1599731445312,709.030029296875,728.9000244140625,1663500
2021-10-05,699.2175903320312,732.8699951171875,742.6300048828125,722.6199951171875,725.0399780273438,1201500
2021-10-06,698.8643798828125,732.5,734.7000122070312,719.010009765625,725.3800048828125,973000
2021-10-07,712.52685546875,746.8200073242188,753.6699829101562,742.22998046875,745.4099731445312,1267500
2021-10-08,696.7368774414062,730.27001953125,749.739990234375,729.3300170898438,749.3599853515625,1039700
2021-10-11,688.7416381835938,721.8900146484375,735.8300170898438,721.3599853515625,722.780029296875,702500
2021-10-12,691.75634765625,725.0499877929688,734.0,722.4000244140625,734.0,868400
2021-10-13,710.2369384765625,744.4199829101562,749.4600219726562,740.0,743.1500244140625,1170000
2021-10-14,742.5518798828125,778.2899780273438,778.6400146484375,765.6799926757812,769.5999755859375,1370500
2021-10-15,753.1517333984375,789.4000244140625,789.6400146484375,775.8400268554688,780.9600219726562,877400
2021-10-18,752.0258178710938,788.219970703125,788.3300170898438,772.989990234375,774.0900268554688,1014600
2021-10-19,764.1807861328125,800.9600219726562,801.6199951171875,786.2999877929688,788.1799926757812,956600
2021-10-20,732.4481201171875,767.7000122070312,785.1400146484375,758.239990234375,782.239990234375,1894900
2021-10-21,751.3960571289062,787.5599975585938,787.5599975585938,763.8699951171875,764.530029296875,1083100
2021-10-22,764.190185546875,800.969970703125,808.7999877929688,796.27001953125,798.1900024414062,1294600
2021-10-25,752.2356567382812,788.4400024414062,803.1900024414062,787.010009765625,799.6900024414062,786000
2021-10-26,754.8976440429688,791.22998046875,797.989990234375,784.1900024414062,796.4000244140625,741400
2021-10-27,764.2189331054688,801.0,818.9500122070312,797.2000122070312,798.0599975585938,949800
2021-10-28,775.84912109375,813.1900024414062,821.9199829101562,810.719970703125,814.1199951171875,687500
2021-10-29,775.5535278320312,812.8800048828125,814.4600219726562,804.75,807.22998046875,583800
2021-11-01,770.372802734375,807.4500122070312,808.0,796.47998046875,806.9099731445312,573600
2021-11-02,776.7376708984375,812.02001953125,817.6900024414062,811.2899780273438,812.3200073242188,503800
2021-11-03,793.9556274414062,830.02001953125,831.5800170898438,810.47998046875,818.4000244140625,566900
2021-11-04,813.5361938476562,850.489990234375,853.1500244140625,829.5999755859375,831.6400146484375,1058200
2021-11-05,810.1978149414062,847.0,854.6400146484375,841.6400146484375,852.22998046875,735300
2021-11-08,813.00048828125,849.9299926757812,856.9500122070312,848.0,855.510009765625,728100
2021-11-09,813.1151733398438,850.0499877929688,855.4600219726562,842.0,852.010009765625,676500
2021-11-10,782.3143310546875,817.8499755859375,835.4400024414062,815.1099853515625,829.6099853515625,737700
2021-11-11,797.1790771484375,833.3900146484375,839.0399780273438,829.2000122070312,833.27001953125,416000
2021-11-12,814.626708984375,851.6300048828125,855.0,835.0999755859375,840.0,531200
2021-11-15,819.4955444335938,856.719970703125,861.5999755859375,852.989990234375,855.0,638000
2021-11-16,823.158935546875,860.5499877929688,862.6099853515625,847.239990234375,851.52001953125,690900
2021-11-17,822.116455078125,859.4600219726562,868.0,857.5999755859375,859.2000122070312,549400
2021-11-18,840.9219970703125,879.1199951171875,881.1199951171875,870.5599975585938,877.4199829101562,865800
2021-11-19,819.926025390625,857.1699829101562,867.5499877929688,854.469970703125,866.8499755859375,778200
2021-11-22,789.8711547851562,825.75,859.6599731445312,824.719970703125,855.0,880800
2021-11-23,772.3948974609375,807.47998046875,819.3599853515625,793.1199951171875,811.6599731445312,1193000
2021-11-24,767.5261840820312,802.3900146484375,803.47998046875,777.4400024414062,782.0,1246700
2021-11-26,748.0411376953125,782.02001953125,795.9199829101562,776.010009765625,786.9600219726562,786300
2021-11-29,779.5977172851562,815.010009765625,815.72998046875,789.989990234375,795.010009765625,1410700
2021-11-30,757.1188354492188,791.510009765625,821.3499755859375,787.1500244140625,807.0700073242188,1144500
2021-12-01,769.0660400390625,804.0,832.6799926757812,802.4400024414062,812.5599975585938,1201200
2021-12-02,755.0814819335938,789.3800048828125,796.4500122070312,778.3200073242188,784.4400024414062,957100
2021-12-03,737.9974365234375,771.52001953125,790.739990234375,759.8400268554688,785.969970703125,1115600
2021-12-06,723.5248413085938,756.3900146484375,761.4000244140625,741.4000244140625,758.8800048828125,1222900
2021-12-07,770.9889526367188,806.010009765625,809.4000244140625,783.719970703125,788.0,983200
2021-12-08,768.989501953125,803.9199829101562,805.0,796.1900024414062,803.2100219726562,551500
2021-12-09,739.0400390625,772.6099853515625,790.010009765625,772.3599853515625,786.1599731445312,709100
2021-12-10,747.8689575195312,781.8400268554688,783.6500244140625,772.47998046875,777.280029296875,602700
2021-12-13,731.253662109375,764.469970703125,781.8400268554688,764.3400268554688,780.5700073242188,615100
2021-12-14,721.6116943359375,754.3900146484375,760.3099975585938,743.25,754.4199829101562,842400
2021-12-15,757.7979736328125,792.219970703125,792.5999755859375,760.6599731445312,764.5700073242188,910700
2021-12-16,722.1952514648438,755.0,799.8400268554688,753.6199951171875,799.0,1006900
2021-12-17,717.2880859375,749.8699951171875,758.0,743.9600219726562,751.1599731445312,1656700
2021-12-20,720.1672973632812,752.8800048828125,756.719970703125,744.4500122070312,747.5999755859375,647100
2021-12-21,749.0169067382812,783.0399780273438,784.4500122070312,765.02001953125,775.72998046875,838100
2021-12-22,757.7022094726562,792.1199951171875,792.1199951171875,775.0,777.7999877929688,534800
2021-12-23,766.5885620117188,801.4099731445312,805.719970703125,794.0800170898438,794.6400146484375,496600
2021-12-27,776.17333984375,811.4299926757812,813.5900268554688,794.3599853515625,794.4000244140625,527500
2021-12-28,769.8026123046875,804.77001953125,817.2999877929688,803.0900268554688,817.2999877929688,548500
2021-12-29,767.1339111328125,801.97998046875,805.239990234375,794.4000244140625,798.1099853515625,404900
2021-12-30,765.450439453125,800.219970703125,808.2899780273438,799.9199829101562,803.6900024414062,411900
2021-12-31,761.5477905273438,796.1400146484375,805.280029296875,795.8800048828125,801.510009765625,236400
2022-01-03,762.8389892578125,797.489990234375,799.3599853515625,784.9600219726562,795.739990234375,720600
2022-01-04,745.334228515625,779.1900024414062,793.6300048828125,763.2899780273438,793.6300048828125,874100
2022-01-05,713.2705688476562,745.6699829101562,766.5399780273438,745.0399780273438,765.9099731445312,1193200
2022-01-06,729.9623413085938,763.1199951171875,763.760009765625,729.8099975585938,739.530029296875,2041200
2022-01-07,723.247314453125,756.0999755859375,763.3599853515625,743.5999755859375,758.3900146484375,1363300
2022-01-10,695.5743408203125,727.1699829101562,727.6599731445312,702.2999877929688,716.52001953125,1973400
2022-01-11,697.47802734375,729.1599731445312,731.4400024414062,700.7100219726562,706.989990234375,2120700
2022-01-12,709.9227905273438,742.1699829101562,749.4500122070312,735.0,739.3099975585938,959700
2022-01-13,698.3579711914062,730.0800170898438,777.9199829101562,728.6400146484375,772.4099731445312,1628700
2022-01-14,712.1801147460938,744.530029296875,746.5999755859375,728.1699829101562,735.5999755859375,1313600
2022-01-18,684.1531982421875,715.22998046875,741.0700073242188,714.239990234375,741.030029296875,1178500
2022-01-19,668.4561767578125,698.8200073242188,738.8800048828125,698.7100219726562,736.9400024414062,1593200
2022-01-20,675.7642211914062,706.4600219726562,729.97998046875,706.2100219726562,724.8900146484375,1536500
2022-01-21,664.5440063476562,694.72998046875,721.2000122070312,694.7100219726562,707.2899780273438,1689600
2022-01-24,657.551513671875,687.4199829101562,688.6400146484375,648.6300048828125,666.0499877929688,2833100
2022-01-25,620.3897094726562,648.5700073242188,668.1599731445312,643.8200073242188,652.6400146484375,2095300
2022-01-26,624.8758544921875,653.260009765625,679.3800048828125,644.6599731445312,661.6300048828125,1376700
2022-01-27,607.0838012695312,634.6599731445312,665.0,631.4000244140625,664.7999877929688,1465300
2022-01-28,616.9459838867188,644.969970703125,644.97998046875,620.6699829101562,633.5999755859375,1339700
2022-01-31,647.7756958007812,677.2000122070312,677.5499877929688,648.030029296875,650.7000122070312,1357400
2022-02-01,651.8695678710938,681.47998046875,683.7100219726562,666.27001953125,682.5499877929688,945000
2022-02-02,656.9107666015625,686.75,691.239990234375,674.0900268554688,687.9500122070312,713600
2022-02-03,617.8643798828125,645.9299926757812,664.6699829101562,644.469970703125,659.0900268554688,1212000
2022-02-04,624.4452514648438,652.8099975585938,661.2100219726562,643.2999877929688,648.0499877929688,863100
2022-02-07,621.7861938476562,650.030029296875,661.4099731445312,648.5499877929688,654.1500244140625,520300
2022-02-08,625.0765991210938,653.469970703125,655.3599853515625,635.5999755859375,636.8499755859375,745300
2022-02-09,650.807861328125,680.3699951171875,682.22998046875,663.8800048828125,670.7899780273438,842000
2022-02-10,628.3385009765625,656.8800048828125,677.6199951171875,653.0,654.5900268554688,961200
2022-02-11,600.94287109375,628.239990234375,660.3200073242188,625.25,657.5399780273438,1116300
2022-02-14,600.627197265625,627.9099731445312,634.9500122070312,620.0,626.1500244140625,890200
2022-02-15,627.888916015625,656.4099731445312,658.3499755859375,642.3099975585938,647.47998046875,821400
2022-02-16,635.0152587890625,663.8599853515625,666.0,644.6699829101562,651.0,610000
2022-02-17,622.168701171875,650.4299926757812,662.219970703125,650.0,659.3099975585938,1020600
2022-02-18,619.6817626953125,647.8300170898438,657.77001953125,640.989990234375,652.1199951171875,899400
2022-02-22,612.4502563476562,640.27001953125,653.0,629.8599853515625,638.5,934000
2022-02-23,604.2814331054688,631.72998046875,654.4500122070312,631.010009765625,651.0800170898438,997000
2022-02-24,628.3002319335938,656.8400268554688,658.8599853515625,599.6799926757812,600.2899780273438,2047800
2022-02-25,638.1334838867188,667.1199951171875,667.1400146484375,650.0,656.9099731445312,1295400
2022-02-28,637.5499877929688,666.510009765625,672.5700073242188,647.6500244140625,647.6500244140625,1979000
2022-03-01,606.6535034179688,634.2100219726562,665.0999755859375,627.5800170898438,660.2100219726562,1097300
2022-03-02,626.8941040039062,655.3699951171875,658.4199829101562,638.0999755859375,642.5900268554688,1035700
2022-03-03,603.3820190429688,630.7899780273438,653.7000122070312,627.1900024414062,652.02001953125,1020200
2022-03-04,568.496826171875,594.3200073242188,609.4199829101562,581.6300048828125,603.7000122070312,2025300
2022-03-07,549.3849487304688,574.3400268554688,620.6099853515625,573.75,617.3900146484375,1607200
2022-03-08,548.1414794921875,573.0399780273438,593.47998046875,558.77001953125,574.0800170898438,1441800
2022-03-09,594.3427734375,621.3400268554688,627.0,595.0,609.1500244140625,1593200
2022-03-10,573.996826171875,600.0700073242188,608.5499877929688,596.1799926757812,599.5399780273438,735500
2022-03-11,560.3948364257812,585.8499755859375,615.0,584.8800048828125,614.0,819000
2022-03-14,552.4553833007812,577.5499877929688,601.5,577.3099975585938,599.5499877929688,1621700
2022-03-15,570.7733154296875,596.7000122070312,598.1900024414062,583.8599853515625,591.9199829101562,1542500
2022-03-16,622.3600463867188,650.6300048828125,651.0,617.1500244140625,621.4400024414062,1815200
2022-03-17,625.6791381835938,654.0999755859375,656.4000244140625,639.469970703125,643.1300048828125,854900
2022-03-18,650.320068359375,679.8599853515625,683.4000244140625,647.4000244140625,649.239990234375,1689800
2022-03-21,653.2374267578125,682.9099731445312,683.3900146484375,669.0,678.219970703125,1293000
2022-03-22,658.814208984375,688.739990234375,698.0999755859375,685.2999877929688,688.0,1111100
2022-03-23,636.4500732421875,665.3599853515625,679.3699951171875,663.6099853515625,668.7999877929688,999100
2022-03-24,660.5360107421875,690.5399780273438,690.5499877929688,663.2000122070312,666.2000122070312,1176700
2022-03-25,657.494140625,687.3599853515625,690.75,672.2999877929688,690.4600219726562,768600
2022-03-28,664.6395263671875,694.8300170898438,695.0,676.0,680.1099853515625,687100
2022-03-29,678.327880859375,709.1400146484375,714.6199951171875,697.6699829101562,710.0,1076200
2022-03-30,654.815673828125,684.5599975585938,702.75,680.1199951171875,700.0,1031900
2022-03-31,638.9083251953125,667.9299926757812,689.0999755859375,667.5,684.489990234375,780700
2022-04-01,638.7169799804688,667.72998046875,677.1900024414062,661.8300170898438,675.2899780273438,739400
2022-04-04,651.2479248046875,680.8300170898438,681.5399780273438,669.989990234375,672.489990234375,731200
2022-04-05,618.3712158203125,646.4600219726562,675.1500244140625,645.7899780273438,674.02001953125,1251500
2022-04-06,601.2011108398438,628.510009765625,639.3099975585938,617.4000244140625,626.0900268554688,1110700
2022-04-07,598.1306762695312,625.2999877929688,632.0999755859375,612.780029296875,624.530029296875,713500
2022-04-08,584.385009765625,610.9299926757812,622.4099731445312,610.0,621.4199829101562,840800
2022-04-11,571.7682495117188,597.739990234375,610.6300048828125,597.1300048828125,607.0399780273438,859600
2022-04-12,568.1907348632812,594.0,622.5,592.0,613.0700073242188,1067900
2022-04-13,586.135498046875,612.760009765625,617.2100219726562,596.4199829101562,601.4099731445312,934200
2022-04-14,571.892578125,597.8699951171875,616.510009765625,596.0,614.52001953125,814200
2022-04-18,579.267333984375,605.5800170898438,613.8599853515625,595.77001953125,597.0499877929688,576800
2022-04-19,590.3347778320312,617.1500244140625,619.1199951171875,596.0,597.530029296875,1230800
2022-04-20,606.366455078125,633.9099731445312,652.5499877929688,628.989990234375,650.760009765625,1857900
2022-04-21,593.0419311523438,619.97998046875,648.8099975585938,617.739990234375,645.0599975585938,940700
2022-04-22,581.2092895507812,607.6099853515625,620.8699951171875,607.469970703125,615.0800170898438,1093400
2022-04-25,573.7578125,599.8200073242188,600.3900146484375,583.6699829101562,592.72998046875,2074700
2022-04-26,536.0792236328125,560.4299926757812,587.47998046875,559.9000244140625,585.1500244140625,1803100
2022-04-27,532.6835327148438,556.8800048828125,567.3800048828125,544.0,552.0900268554688,1904400
2022-04-28,564.8809204101562,590.5399780273438,595.4600219726562,564.5999755859375,574.9500122070312,1513500
2022-04-29,539.2741088867188,563.77001953125,588.9000244140625,562.4600219726562,576.4500122070312,1225300
2022-05-02,546.2760620117188,571.0900268554688,571.52001953125,553.5399780273438,558.739990234375,1146700
2022-05-03,549.635498046875,570.6799926757812,575.4400024414062,563.02001953125,566.6300048828125,825300
2022-05-04,570.78564453125,592.6400146484375,594.25,564.6599731445312,579.0800170898438,1112800
2022-05-05,543.365478515625,564.1699829101562,584.5700073242188,558.0900268554688,582.3200073242188,1231800
2022-05-06,530.68115234375,551.0,561.6799926757812,545.0499877929688,555.1500244140625,1214600
2022-05-09,493.7550048828125,512.6599731445312,535.7999877929688,510.3599853515625,530.2100219726562,1714700
2022-05-10,504.070068359375,523.3699951171875,530.4099731445312,512.3300170898438,529.2000122070312,1232900
2022-05-11,502.0763854980469,521.2999877929688,544.1799926757812,520.469970703125,531.280029296875,1302800
2022-05-12,503.09722900390625,522.3599853515625,529.0499877929688,509.54998779296875,514.7000122070312,1134800
2022-05-13,528.0999755859375,548.3200073242188,551.2899780273438,538.2100219726562,540.5599975585938,946800
2022-05-16,515.22314453125,534.9500122070312,540.97998046875,528.0,533.25,757800
2022-05-17,540.9192504882812,561.6300048828125,563.3800048828125,548.8499755859375,556.9500122070312,895800
2022-05-18,508.8181457519531,528.2999877929688,552.8300170898438,526.8699951171875,547.1799926757812,1037900
2022-05-19,506.6031799316406,526.0,537.0499877929688,522.3200073242188,523.77001953125,905500
2022-05-20,513.19091796875,532.8400268554688,542.3900146484375,514.1699829101562,541.4400024414062,1205700
2022-05-23,534.1580200195312,554.6099853515625,557.8200073242188,545.719970703125,549.239990234375,977000
2022-05-24,526.27978515625,546.4299926757812,557.5499877929688,542.6300048828125,555.5700073242188,1085500
2022-05-25,527.8687744140625,548.0800170898438,551.8599853515625,538.030029296875,541.6900024414062,832600
2022-05-26,539.4168701171875,560.0700073242188,562.47998046875,541.3499755859375,542.4000244140625,933800
2022-05-27,561.8671264648438,583.3800048828125,583.8599853515625,572.0999755859375,572.6300048828125,843900
2022-05-31,555.0385131835938,576.2899780273438,584.8099975585938,572.8499755859375,584.5900268554688,822300
2022-06-01,542.8743286132812,563.6599731445312,579.75,557.0,577.4400024414062,542100
2022-06-02,559.1317138671875,580.5399780273438,581.3200073242188,562.8200073242188,564.4199829101562,669200
2022-06-03,542.8648071289062,563.6500244140625,569.8499755859375,560.8900146484375,567.1599731445312,531000
2022-06-06,550.6082763671875,571.6900024414062,583.4600219726562,569.4299926757812,579.6099853515625,483300
2022-06-07,555.7320556640625,577.010009765625,578.02001953125,563.1400146484375,564.719970703125,479000
2022-06-08,546.5150146484375,567.4400024414062,577.9500122070312,562.52001953125,573.5999755859375,605700
2022-06-09,522.4080200195312,542.4099731445312,564.6400146484375,542.3499755859375,559.4099731445312,658600
2022-06-10,502.29791259765625,521.530029296875,535.1900024414062,519.4000244140625,532.0599975585938,928900
2022-06-13,475.3786315917969,493.5799865722656,502.5,491.6199951171875,498.04998779296875,1395100
2022-06-14,473.0574951171875,491.1700134277344,498.6199951171875,484.45001220703125,493.7900085449219,965400
2022-06-15,486.69537353515625,505.3299865722656,512.2000122070312,494.0,499.3800048828125,841700
2022-06-16,450.8863830566406,468.1499938964844,484.04998779296875,465.5,479.760009765625,1223100
2022-06-17,455.89459228515625,473.3500061035156,478.6199951171875,461.8500061035156,467.5,1328700
2022-06-21,476.1202697753906,494.3500061035156,497.8399963378906,488.4700012207031,488.9800109863281,1081400
2022-06-22,467.5965576171875,485.5,496.6400146484375,482.44000244140625,486.44000244140625,845800
2022-06-23,467.5965576171875,485.5,487.4100036621094,476.05999755859375,483.8999938964844,739100
2022-06-24,496.2592468261719,515.260009765625,515.5499877929688,498.29998779296875,499.04998779296875,907800
2022-06-27,489.3054504394531,508.0400085449219,517.0499877929688,505.6600036621094,514.969970703125,696500
2022-06-28,472.3255615234375,490.4100036621094,511.4200134277344,489.5400085449219,508.04998779296875,847200
2022-06-29,466.7490539550781,484.6199951171875,493.70001220703125,482.0199890136719,491.1000061035156,847400
2022-06-30,458.3313293457031,475.8800048828125,484.6300048828125,464.1300048828125,474.1499938964844,866400
2022-07-01,433.2420349121094,449.8299865722656,457.9599914550781,443.4599914550781,455.29998779296875,1570200
2022-07-05,416.4547119140625,432.3999938964844,433.04998779296875,412.6700134277344,419.19000244140625,2778300
2022-07-06,413.0645446777344,428.8800048828125,437.5899963378906,425.3500061035156,433.25,1464700
2022-07-07,435.2356262207031,451.8999938964844,452.79998779296875,438.6499938964844,438.760009765625,1400900
2022-07-08,436.24688720703125,452.95001220703125,455.29998779296875,440.6600036621094,444.6099853515625,739100
2022-07-11,422.86907958984375,439.05999755859375,450.1700134277344,437.9100036621094,449.55999755859375,745600
2022-07-12,418.4676208496094,434.489990234375,444.45001220703125,431.8800048828125,440.57000732421875,848000
2022-07-13,430.5259704589844,447.010009765625,451.94000244140625,429.29998779296875,430.4800109863281,1052500
2022-07-14,440.0511779785156,456.8999938964844,458.8800048828125,434.54998779296875,442.20001220703125,1075900
2022-07-15,458.090576171875,475.6300048828125,475.7799987792969,460.510009765625,465.3900146484375,1630500
2022-07-18,456.0198974609375,473.4800109863281,486.8299865722656,470.5,483.6099853515625,1039500
2022-07-19,479.9823913574219,498.3599853515625,500.9100036621094,484.04998779296875,484.8699951171875,1415000
2022-07-20,495.4501647949219,514.4199829101562,516.760009765625,490.6000061035156,492.8999938964844,2294900
2022-07-21,522.2731323242188,542.27001953125,543.239990234375,524.5999755859375,530.0,2281900
2022-07-22,514.55859375,534.260009765625,546.8499755859375,529.22998046875,542.4099731445312,1459900
2022-07-25,519.0948486328125,538.969970703125,543.6699829101562,532.1199951171875,535.4199829101562,1194600
2022-07-26,504.8404235839844,524.1699829101562,529.6400146484375,518.5399780273438,528.0499877929688,1029500
2022-07-27,526.0389404296875,546.1799926757812,549.8499755859375,532.5900268554688,533.6199951171875,1110900
2022-07-28,540.0331420898438,560.7100219726562,560.9400024414062,540.760009765625,547.7999877929688,1216800
2022-07-29,553.2568359375,574.4400024414062,576.9199829101562,559.5,561.4500122070312,1210700
2022-08-01,556.830078125,578.1500244140625,583.0499877929688,568.9400024414062,573.239990234375,895500
2022-08-02,544.7427368164062,565.5999755859375,572.8499755859375,558.75,562.0800170898438,876600
2022-08-03,562.3294067382812,583.8599853515625,587.6699829101562,569.25,570.0,825900
2022-08-04,568.1182861328125,588.4600219726562,592.75,581.0999755859375,583.1699829101562,680100
2022-08-05,557.3535766601562,577.3099975585938,579.5800170898438,565.97998046875,571.6300048828125,767900
2022-08-08,552.9513549804688,572.75,582.5599975585938,564.989990234375,578.0,700600
2022-08-09,522.4049072265625,541.1099853515625,552.2999877929688,533.739990234375,551.0999755859375,1138500
2022-08-10,546.4827880859375,566.0499877929688,566.0900268554688,550.469970703125,558.719970703125,1074800
2022-08-11,542.9686279296875,562.4099731445312,574.3599853515625,561.1199951171875,565.739990234375,833300
2022-08-12,556.0504150390625,575.9600219726562,577.989990234375,562.1199951171875,562.6199951171875,811600
2022-08-15,555.0656127929688,574.9400024414062,577.6199951171875,567.8900146484375,569.1099853515625,783100
2022-08-16,547.0911254882812,566.6799926757812,572.3400268554688,559.010009765625,566.4000244140625,697000
2022-08-17,538.0159301757812,557.280029296875,565.989990234375,551.9099731445312,559.0999755859375,667700
2022-08-18,541.8970336914062,561.2999877929688,565.9299926757812,555.2999877929688,557.280029296875,580600
2022-08-19,526.4114379882812,545.260009765625,558.8499755859375,544.4299926757812,557.1900024414062,794400
2022-08-22,502.09228515625,520.0700073242188,530.8499755859375,518.6099853515625,529.2899780273438,795800
2022-08-23,507.5758972167969,525.75,529.3499755859375,519.4600219726562,520.0,592900
2022-08-24,507.2767028808594,525.4400024414062,530.5800170898438,521.719970703125,522.8599853515625,485200
2022-08-25,521.082275390625,539.739990234375,540.219970703125,521.760009765625,522.3599853515625,758300
2022-08-26,492.31243896484375,509.94000244140625,539.72998046875,508.7699890136719,539.5499877929688,1229700
2022-08-29,482.6002197265625,499.8800048828125,511.3500061035156,499.3999938964844,506.32000732421875,754100
2022-08-30,475.97735595703125,493.0199890136719,507.6499938964844,487.4599914550781,506.54998779296875,1006400
2022-08-31,473.0038757324219,489.94000244140625,501.5799865722656,486.70001220703125,500.8500061035156,936000
2022-09-01,453.6758728027344,469.9200134277344,479.0199890136719,460.8900146484375,477.9200134277344,1665500
2022-09-02,451.0402526855469,467.19000244140625,486.8999938964844,466.010009765625,479.8599853515625,1145400
2022-09-06,453.6758728027344,469.9200134277344,477.8900146484375,462.29998779296875,469.3599853515625,996900
2022-09-07,460.2021789550781,476.67999267578125,480.9700012207031,465.6000061035156,468.8900146484375,745400
2022-09-08,466.0623779296875,482.75,483.3900146484375,464.1700134277344,465.45001220703125,943300
2022-09-09,483.6815185546875,501.0,503.17999267578125,495.29998779296875,495.5199890136719,1012800
2022-09-12,487.4756774902344,504.92999267578125,511.0,499.6600036621094,506.7699890136719,1041400
2022-09-13,454.8150939941406,471.1000061035156,488.4200134277344,468.6099853515625,484.0,1188200
2022-09-14,461.5730895996094,478.1000061035156,481.5299987792969,471.1000061035156,476.9700012207031,663700
2022-09-15,449.5534362792969,465.6499938964844,478.3599853515625,462.8999938964844,472.5400085449219,853500
2022-09-16,451.09820556640625,467.25,472.19000244140625,459.9100036621094,462.0299987792969,914000
2022-09-19,454.8247375488281,471.1099853515625,472.989990234375,459.6499938964844,459.6499938964844,646500
2022-09-20,445.99102783203125,461.9599914550781,466.5299987792969,457.3599853515625,458.95001220703125,906700
2022-09-21,439.1944274902344,454.9200134277344,476.1700134277344,454.8599853515625,461.54998779296875,783900
2022-09-22,425.794189453125,441.0400085449219,452.19000244140625,439.1000061035156,450.70001220703125,952900
2022-09-23,421.0635986328125,436.1400146484375,436.94000244140625,427.3500061035156,433.6000061035156,1362300
2022-09-26,415.9177551269531,430.80999755859375,440.7699890136719,429.1199951171875,434.0899963378906,1164000
2022-09-27,418.3120422363281,433.2900085449219,442.510009765625,426.5,438.8500061035156,876400
2022-09-28,425.97760009765625,441.2300109863281,443.4200134277344,423.1700134277344,426.1400146484375,957100
2022-09-29,412.9925842285156,427.7799987792969,428.7099914550781,419.2300109863281,425.6099853515625,1141800
2022-09-30,400.9922790527344,415.3500061035156,428.04998779296875,413.95001220703125,414.0,1084700
2022-10-03,416.7577209472656,431.67999267578125,435.510009765625,421.0199890136719,423.6000061035156,1452400
2022-10-04,449.0321350097656,465.1099853515625,467.7699890136719,455.7799987792969,461.2099914550781,1954600
2022-10-05,453.06768798828125,469.2900085449219,474.75,453.04998779296875,456.94000244140625,1193800
2022-10-06,446.16485595703125,462.1400146484375,474.17999267578125,461.489990234375,465.2900085449219,926100
2022-10-07,419.24853515625,434.260009765625,448.7200012207031,432.739990234375,446.5,1412400
2022-10-10,407.3062438964844,421.8900146484375,434.07000732421875,416.3599853515625,433.9100036621094,1383700
2022-10-11,385.7480163574219,399.55999755859375,412.6499938964844,394.010009765625,412.5299987792969,2044200
2022-10-12,384.5605773925781,398.3299865722656,404.92999267578125,397.510009765625,403.80999755859375,1277100
2022-10-13,391.3861083984375,405.3999938964844,410.7300109863281,363.1499938964844,364.9100036621094,2782200
2022-10-14,366.0242919921875,379.1300048828125,405.6199951171875,378.6000061035156,404.3800048828125,1727900
2022-10-17,378.6617736816406,392.2200012207031,399.6000061035156,388.8299865722656,394.4599914550781,1417900
2022-10-18,385.19775390625,398.989990234375,409.1700134277344,393.19000244140625,407.3800048828125,1324800
2022-10-19,409.3625183105469,424.0199890136719,431.8500061035156,410.3900146484375,415.8900146484375,2435200
2022-10-20,422.1545104980469,437.2699890136719,448.9200134277344,428.7799987792969,431.25,2090900
2022-10-21,446.251708984375,462.2300109863281,462.8800048828125,437.70001220703125,440.4800109863281,2756600
2022-10-24,456.6204528808594,472.9700012207031,476.0899963378906,459.6000061035156,470.42999267578125,2389300
2022-10-25,469.2096862792969,486.010009765625,495.75,478.3500061035156,478.489990234375,2047200
2022-10-26,467.35601806640625,484.0899963378906,496.20001220703125,474.25,475.95001220703125,1879400
2022-10-27,458.01068115234375,474.4100036621094,489.6000061035156,473.989990234375,482.1000061035156,1075700
2022-10-28,472.2700500488281,489.17999267578125,489.8699951171875,468.8900146484375,469.8599853515625,1436100
2022-10-31,456.08941650390625,472.4200134277344,480.8800048828125,471.6499938964844,479.0400085449219,1063600
2022-11-01,458.9471740722656,475.3800048828125,483.6700134277344,472.8599853515625,483.3800048828125,760700
2022-11-02,430.90130615234375,446.3299865722656,477.0,446.260009765625,470.04998779296875,1887400
2022-11-03,425.99176025390625,439.9200134277344,446.760009765625,437.1199951171875,440.79998779296875,1615700
2022-11-04,453.9187316894531,468.760009765625,469.6099853515625,454.3299865722656,462.3500061035156,1587800
2022-11-07,468.0856018066406,483.3900146484375,485.44000244140625,469.6099853515625,474.8299865722656,1429400
2022-11-08,487.6460266113281,503.5899963378906,505.989990234375,491.05999755859375,498.25,2316100
2022-11-09,473.96337890625,489.4599914550781,504.2200012207031,488.9100036621094,494.510009765625,1302600
2022-11-10,543.034912109375,560.7899780273438,561.8200073242188,520.3599853515625,531.5,3518000
2022-11-11,558.189453125,576.4400024414062,578.6199951171875,558.489990234375,560.780029296875,1982800
2022-11-14,559.5257568359375,577.8200073242188,590.2999877929688,573.8800048828125,574.780029296875,1806400
2022-11-15,578.5537109375,597.469970703125,608.3200073242188,586.5399780273438,606.75,1669400
2022-11-16,558.4413452148438,576.7000122070312,583.9500122070312,573.7999877929688,583.52001953125,1418900
2022-11-17,570.381103515625,589.030029296875,590.4500122070312,568.9500122070312,568.9600219726562,917900
2022-11-18,574.3802490234375,593.1599731445312,599.9299926757812,584.7999877929688,599.6199951171875,1115300
2022-11-21,561.91748046875,580.2899780273438,583.7899780273438,575.0999755859375,581.2000122070312,849800
2022-11-22,577.3336181640625,596.2100219726562,596.530029296875,574.22998046875,581.719970703125,1082400
2022-11-23,584.7317504882812,603.8499755859375,610.0,595.1799926757812,595.1799926757812,874700
2022-11-25,573.10205078125,591.8400268554688,597.9000244140625,591.8400268554688,596.9299926757812,408900
2022-11-28,564.87109375,583.3400268554688,598.1300048828125,580.4199829101562,593.780029296875,1056200
2022-11-29,560.4942626953125,578.8200073242188,587.0,576.77001953125,584.0900268554688,562900
2022-11-30,588.8666381835938,608.1199951171875,608.4099731445312,576.9400024414062,585.2999877929688,1569700
2022-12-01,591.906982421875,611.260009765625,616.5599975585938,601.3599853515625,611.7100219726562,1245900
2022-12-02,586.5328979492188,605.7100219726562,607.4500122070312,597.0,600.2999877929688,719800
2022-12-05,581.7686157226562,600.7899780273438,607.1599731445312,593.3800048828125,605.0999755859375,873900
2022-12-06,574.2736206054688,593.0499877929688,604.4500122070312,586.8200073242188,603.5,839200
2022-12-07,582.3109130859375,601.3499755859375,604.0,590.6900024414062,592.2100219726562,878600
2022-12-08,587.675537109375,606.8900146484375,609.4600219726562,587.6599731445312,591.8800048828125,1019300
2022-12-09,578.7764282226562,597.7000122070312,611.1699829101562,596.4000244140625,602.989990234375,870700
2022-12-12,590.6773681640625,609.989990234375,610.0,595.7999877929688,596.8699951171875,819600
2022-12-13,608.3786010742188,628.27001953125,643.3599853515625,617.5700073242188,642.97998046875,1334000
2022-12-14,596.361328125,615.8599853515625,626.760009765625,609.9299926757812,622.5,1167500
2022-12-15,567.776123046875,586.3400268554688,604.7999877929688,584.260009765625,603.0,1420500
2022-12-16,556.1366577148438,574.3200073242188,585.75,565.739990234375,577.260009765625,2097300
2022-12-19,550.607421875,568.6099853515625,575.8499755859375,562.6699829101562,574.0499877929688,906800
2022-12-20,545.3299560546875,563.1599731445312,568.9600219726562,561.1500244140625,562.239990234375,845700
2022-12-21,562.5663452148438,580.9600219726562,583.9600219726562,567.2999877929688,569.0599975585938,797700
2022-12-22,538.34814453125,555.9500122070312,571.0499877929688,546.7999877929688,571.0499877929688,1351800
2022-12-23,533.9132080078125,551.3699951171875,552.0700073242188,542.530029296875,546.8699951171875,602600
2022-12-27,520.1724853515625,537.1799926757812,546.5,536.510009765625,546.0499877929688,802600
2022-12-28,514.8079223632812,531.6400146484375,541.7999877929688,529.010009765625,536.7000122070312,609900
2022-12-29,534.0099487304688,551.469970703125,555.3699951171875,540.1500244140625,541.2000122070312,841000
2022-12-30,529.1007690429688,546.4000244140625,546.47998046875,536.77001953125,540.8599853515625,703200
2023-01-03,532.1702270507812,549.5700073242188,564.1500244140625,545.77001953125,561.280029296875,675100
2023-01-04,552.7572021484375,570.8300170898438,575.510009765625,561.0599975585938,570.7999877929688,1087300
2023-01-05,547.4216918945312,565.3200073242188,573.5499877929688,562.5499877929688,565.3800048828125,710900
2023-01-06,576.98486328125,595.8499755859375,598.6799926757812,567.280029296875,575.3300170898438,1025800
2023-01-09,601.6581420898438,621.3300170898438,632.3900146484375,612.7999877929688,613.989990234375,1348800
2023-01-10,613.3365478515625,633.3900146484375,633.780029296875,621.6099853515625,622.6300048828125,873900
2023-01-11,624.2689208984375,644.6799926757812,645.1400146484375,633.2999877929688,635.5499877929688,806500
2023-01-12,631.8994750976562,652.5599975585938,656.2899780273438,634.8400268554688,651.4400024414062,1322200
2023-01-13,638.8038330078125,659.6900024414062,660.739990234375,648.72998046875,649.3300170898438,649700
2023-01-17,637.3512573242188,658.1900024414062,662.97998046875,651.0999755859375,651.0999755859375,902600
2023-01-18,631.6380615234375,652.2899780273438,676.1099853515625,651.5399780273438,673.52001953125,1152700
2023-01-19,610.2958984375,630.25,655.6799926757812,627.02001953125,654.6099853515625,1534100
2023-01-20,628.306884765625,648.8499755859375,650.5999755859375,634.2000122070312,638.0900268554688,1033200
2023-01-23,654.62646484375,676.030029296875,676.280029296875,656.8499755859375,658.0499877929688,1780900
2023-01-24,648.7969970703125,670.010009765625,673.0399780273438,659.9199829101562,666.719970703125,1066900
2023-01-25,659.9523315429688,681.530029296875,683.02001953125,655.02001953125,656.9600219726562,1569200
2023-01-26,662.247314453125,683.9000244140625,684.9400024414062,667.8200073242188,681.9000244140625,1593300
2023-01-27,646.2601318359375,667.3900146484375,678.1199951171875,666.6799926757812,667.2000122070312,1249700
2023-01-30,629.720703125,650.3099975585938,658.239990234375,647.6199951171875,650.0,1209900
2023-01-31,639.9174194335938,660.8400268554688,660.8599853515625,647.2999877929688,651.219970703125,801800
2023-02-01,657.0474243164062,678.530029296875,685.0900268554688,655.8900146484375,659.530029296875,1274200
2023-02-02,674.496826171875,696.5499877929688,698.5900268554688,684.9500122070312,696.9000244140625,1318600
2023-02-03,658.1028442382812,679.6199951171875,693.3800048828125,677.9299926757812,678.4500122070312,1015800
2023-02-06,642.4028930664062,661.969970703125,669.3400268554688,659.489990234375,665.9199829101562,783100
2023-02-07,658.6578369140625,678.719970703125,683.6900024414062,659.239990234375,659.239990234375,1236100
2023-02-08,643.1985473632812,662.7899780273438,674.8900146484375,661.3599853515625,671.469970703125,763900
2023-02-09,644.4990844726562,664.1300048828125,682.280029296875,662.02001953125,673.1199951171875,686500
2023-02-10,636.94921875,656.3499755859375,657.1699829101562,648.6400146484375,653.0900268554688,731800
2023-02-13,648.972900390625,668.739990234375,673.02001953125,657.3200073242188,659.1300048828125,596000
2023-02-14,657.4545288085938,677.47998046875,680.97998046875,657.2100219726562,661.7100219726562,1013400
2023-02-15,656.8043212890625,676.8099975585938,677.47998046875,661.0,661.8200073242188,683500
2023-02-16,636.8812255859375,656.280029296875,668.2000122070312,655.4500122070312,658.7000122070312,946300
2023-02-17,632.6597900390625,651.9299926757812,658.0,647.3900146484375,650.75,1149600
2023-02-21,611.1644897460938,629.780029296875,643.9400024414062,629.530029296875,638.010009765625,1022700
2023-02-22,605.7591552734375,624.2100219726562,635.4000244140625,620.4299926757812,632.5599975585938,1017300
2023-02-23,619.228759765625,638.0900268554688,642.8800048828125,626.6799926757812,642.1300048828125,1093000
2023-02-24,600.1015014648438,618.3800048828125,624.6699829101562,612.719970703125,619.4299926757812,995700
2023-02-27,613.396484375,632.0800170898438,639.3699951171875,626.260009765625,631.4099731445312,804500
2023-02-28,599.4705810546875,617.72998046875,625.25,610.1400146484375,612.4500122070312,1381700
2023-03-01,596.7728271484375,614.9500122070312,623.1199951171875,611.9600219726562,621.0700073242188,794300
2023-03-02,605.72021484375,624.1699829101562,625.0900268554688,603.22998046875,606.3200073242188,795800
2023-03-03,618.539794921875,637.3800048828125,637.6699829101562,621.77001953125,625.3499755859375,1024100
2023-03-06,602.6149291992188,620.969970703125,633.1099853515625,619.8499755859375,627.3200073242188,1403000
2023-03-07,591.1054077148438,609.1099853515625,621.739990234375,605.2999877929688,619.3499755859375,1033000
2023-03-08,601.09130859375,619.4000244140625,620.5499877929688,609.030029296875,611.7999877929688,1081800
2023-03-09,586.8645629882812,604.739990234375,623.8900146484375,604.5599975585938,617.0700073242188,983800
2023-03-10,583.4390869140625,601.2100219726562,617.3499755859375,599.4299926757812,614.0999755859375,1043500
2023-03-13,586.9035034179688,604.780029296875,612.969970703125,589.8900146484375,593.1199951171875,966900
2023-03-14,601.9646606445312,620.2999877929688,620.4500122070312,611.280029296875,617.489990234375,844600
2023-03-15,588.7570190429688,606.6900024414062,609.0900268554688,596.6099853515625,600.719970703125,1047200
2023-03-16,611.9214477539062,630.5599975585938,631.02001953125,598.989990234375,600.75,1063200
2023-03-17,614.9589233398438,633.6900024414062,638.4000244140625,626.8099975585938,633.7100219726562,1109300
2023-03-20,627.225341796875,646.3300170898438,648.3300170898438,639.0999755859375,646.2999877929688,935600
2023-03-21,623.1494750976562,642.1300048828125,655.8300170898438,635.2000122070312,651.7100219726562,848500
2023-03-22,621.4414672851562,640.3699951171875,661.4000244140625,639.5399780273438,643.0,955500
2023-03-23,644.5281982421875,664.1599731445312,673.9400024414062,654.9400024414062,657.739990234375,1171500
2023-03-24,628.3899536132812,647.530029296875,658.9500122070312,639.75,656.0599975585938,842700
2023-03-27,625.0126953125,644.0499877929688,657.47998046875,643.0499877929688,655.3699951171875,800300
2023-03-28,620.8009643554688,639.7100219726562,644.6199951171875,632.3800048828125,644.0999755859375,793200
2023-03-29,639.6372680664062,659.1199951171875,665.1699829101562,648.469970703125,649.5700073242188,1101800
2023-03-30,656.6780395507812,676.6799926757812,680.6300048828125,673.510009765625,675.2000122070312,892500
2023-03-31,660.5891723632812,680.7100219726562,683.1799926757812,673.6300048828125,675.0900268554688,681600
2023-04-03,654.0678100585938,673.989990234375,675.739990234375,667.3900146484375,674.7999877929688,657200
2023-04-04,648.9146118164062,668.6799926757812,681.5999755859375,666.0599975585938,675.8800048828125,877900
2023-04-05,644.2760620117188,663.9000244140625,664.780029296875,657.3099975585938,663.6599731445312,850300
2023-04-06,637.6964111328125,657.1199951171875,665.2000122070312,655.3200073242188,658.2999877929688,679600
2023-04-10,642.0827026367188,661.6400146484375,661.989990234375,645.489990234375,649.9299926757812,688700
2023-04-11,640.2681274414062,659.77001953125,672.739990234375,658.969970703125,669.510009765625,787400
2023-04-12,635.3090209960938,654.6599731445312,672.0,653.6900024414062,669.010009765625,897300
2023-04-13,645.7412719726562,665.4099731445312,670.8800048828125,659.8499755859375,662.3300170898438,1118600
2023-04-14,646.5079345703125,666.2000122070312,672.6400146484375,659.3699951171875,665.4099731445312,645900
2023-04-17,620.1507568359375,639.0399780273438,642.0999755859375,632.280029296875,638.739990234375,1536500
2023-04-18,624.3140258789062,643.3300170898438,648.27001953125,636.760009765625,644.6900024414062,910300
2023-04-19,605.1671752929688,623.5999755859375,627.9500122070312,616.8800048828125,624.760009765625,2266100
2023-04-20,614.8424072265625,633.5700073242188,639.8800048828125,625.3599853515625,625.3599853515625,1692900
2023-04-21,615.7158203125,634.469970703125,637.1400146484375,627.7999877929688,635.510009765625,982000
2023-04-24,608.8353881835938,627.3800048828125,641.3099975585938,626.9299926757812,640.8300170898438,1431400
2023-04-25,587.8545532226562,605.760009765625,626.469970703125,605.760009765625,626.469970703125,1404900
2023-04-26,591.0957641601562,609.0999755859375,615.1300048828125,606.1699829101562,613.719970703125,844200
2023-04-27,610.6404418945312,629.239990234375,631.2999877929688,612.77001953125,621.760009765625,1127000
2023-04-28,618.0352172851562,636.8599853515625,637.3400268554688,626.52001953125,630.8599853515625,823000
2023-05-01,618.2279052734375,635.2000122070312,639.2100219726562,634.030029296875,635.0,469300
2023-05-02,617.1085205078125,634.0499877929688,637.52001953125,628.530029296875,632.8699951171875,738100
2023-05-03,617.7802734375,634.739990234375,644.6500244140625,630.719970703125,633.9400024414062,582900
2023-05-04,618.0819091796875,635.0499877929688,639.3400268554688,629.8499755859375,632.1300048828125,614000
2023-05-05,632.9439697265625,650.3200073242188,654.219970703125,633.9000244140625,636.6799926757812,801400
2023-05-08,637.4890747070312,654.989990234375,655.0,649.2100219726562,651.75,518900
2023-05-09,625.8681030273438,643.0499877929688,643.8699951171875,638.280029296875,640.5,746100
2023-05-10,639.5817260742188,657.1400146484375,660.4000244140625,651.9000244140625,654.3800048828125,813600
2023-05-11,632.8173828125,650.1900024414062,652.280029296875,645.1500244140625,650.780029296875,560600
2023-05-12,630.208984375,647.510009765625,651.0,642.0999755859375,649.3400268554688,375300
2023-05-15,638.1705322265625,655.6900024414062,655.7000122070312,644.8800048828125,646.8800048828125,893400
2023-05-16,634.6276245117188,652.0499877929688,657.8699951171875,651.5800170898438,652.780029296875,709600
2023-05-17,652.5845947265625,670.5,671.4000244140625,652.77001953125,656.989990234375,1162700
2023-05-18,677.3353271484375,695.9299926757812,697.25,675.0700073242188,675.27001953125,1459000
2023-05-19,675.456787109375,694.0,699.8699951171875,693.8400268554688,698.0,949700
2023-05-22,679.9727783203125,698.6400146484375,699.5999755859375,688.8300170898438,690.8599853515625,856000
2023-05-23,663.2420654296875,681.4500122070312,693.3800048828125,678.8599853515625,690.8499755859375,958600
2023-05-24,648.9738159179688,666.7899780273438,670.8400268554688,661.1799926757812,668.0599975585938,1159300
2023-05-25,689.5498657226562,708.47998046875,710.989990234375,693.760009765625,701.02001953125,1929800
2023-05-26,716.2664184570312,735.9299926757812,742.3099975585938,715.6400146484375,716.6500244140625,2349100
2023-05-30,708.8013916015625,728.260009765625,747.1300048828125,725.5499877929688,743.1300048828125,1411100
2023-05-31,703.6138305664062,722.9299926757812,730.0399780273438,713.280029296875,727.0700073242188,1347600
2023-06-01,707.351318359375,726.77001953125,732.719970703125,718.5499877929688,724.2000122070312,992100
2023-06-02,705.287841796875,724.6500244140625,732.5499877929688,719.760009765625,730.0,813800
2023-06-05,702.9033203125,722.2000122070312,726.6300048828125,718.4000244140625,724.6400146484375,663700
2023-06-06,697.482177734375,716.6300048828125,717.6400146484375,702.9500122070312,707.75,845400
2023-06-07,691.233642578125,710.2100219726562,720.1500244140625,705.5700073242188,713.3599853515625,921200
2023-06-08,700.8107299804688,720.0499877929688,720.4199829101562,708.3699951171875,711.0999755859375,762400
2023-06-09,696.7327270507812,715.8599853515625,725.6099853515625,712.6099853515625,720.5599975585938,864500
2023-06-12,710.6602783203125,730.1699829101562,730.77001953125,720.0,721.989990234375,1058900
2023-06-13,717.5706176757812,737.27001953125,739.4000244140625,723.7999877929688,737.219970703125,876100
2023-06-14,720.4320678710938,740.2100219726562,741.719970703125,728.1599731445312,735.4099731445312,821400
2023-06-15,718.9527587890625,738.6900024414062,744.4400024414062,722.3200073242188,723.27001953125,820400
2023-06-16,702.5918579101562,721.8800048828125,733.1599731445312,720.0,731.4000244140625,1337400
2023-06-20,701.1610107421875,720.4099731445312,724.739990234375,710.5800170898438,720.6199951171875,799300
2023-06-21,688.4013671875,707.2999877929688,719.5499877929688,704.8599853515625,718.6199951171875,820300
2023-06-22,698.2412719726562,717.4099731445312,717.75,700.3499755859375,701.97998046875,699800
2023-06-23,679.2429809570312,697.8900146484375,701.6300048828125,695.9199829101562,698.0999755859375,916900
2023-06-26,681.530029296875,700.239990234375,714.1199951171875,700.22998046875,703.0800170898438,714000
2023-06-27,705.706298828125,725.0800170898438,726.6599731445312,704.52001953125,706.9000244140625,1115800
2023-06-28,704.8402709960938,724.1900024414062,730.0,717.3200073242188,719.4299926757812,866400
2023-06-29,704.0225219726562,723.3499755859375,729.3800048828125,721.5900268554688,727.6199951171875,768100
2023-06-30,705.3851928710938,724.75,727.4500122070312,715.6599731445312,722.530029296875,963600
2023-07-03,714.2711791992188,733.8800048828125,737.1699829101562,726.1500244140625,733.989990234375,531900
2023-07-05,696.5478515625,715.6699829101562,722.6099853515625,714.4400024414062,721.2000122070312,954800
2023-07-06,680.6248779296875,699.3099975585938,703.6799926757812,693.22998046875,701.72998046875,1218700
2023-07-07,678.1234741210938,696.739990234375,705.739990234375,693.6599731445312,697.9000244140625,1352000
2023-07-10,690.8639526367188,709.8300170898438,712.8300170898438,703.4299926757812,703.7100219726562,930900
2023-07-11,686.1629028320312,705.0,709.780029296875,695.6900024414062,708.9199829101562,623200
2023-07-12,705.4921875,724.8599853515625,730.5,722.22998046875,729.52001953125,1311700
2023-07-13,730.6807250976562,750.739990234375,751.5,740.2000122070312,741.1699829101562,1209100
2023-07-14,733.8732299804688,754.02001953125,771.97998046875,751.969970703125,760.6500244140625,1843900
2023-07-17,734.3305053710938,754.489990234375,756.9199829101562,735.47998046875,744.5,1355200
2023-07-18,736.8027954101562,757.030029296875,760.0,742.4500122070312,748.7999877929688,1220600
2023-07-19,696.6548461914062,715.780029296875,742.8300170898438,713.1300048828125,739.2000122070312,2406200
2023-07-20,658.0642700195312,676.1300048828125,697.8099975585938,673.3400268554688,697.0,2918800
2023-07-21,674.8338012695312,693.3599853515625,697.8599853515625,689.27001953125,695.3099975585938,2524100
2023-07-24,666.191162109375,684.47998046875,688.75,680.8499755859375,685.0,1145300
2023-07-25,668.935791015625,687.2999877929688,695.3200073242188,684.9099731445312,684.9199829101562,1061900
2023-07-26,666.0159301757812,684.2999877929688,690.1699829101562,677.4400024414062,679.9299926757812,752200
2023-07-27,689.1995239257812,708.1199951171875,720.4199829101562,703.5700073242188,714.9400024414062,1488800
2023-07-28,699.1756591796875,718.3699951171875,721.5,709.6900024414062,714.4299926757812,949800
2023-07-31,697.2678833007812,716.4099731445312,722.7100219726562,712.1900024414062,721.2899780273438,789100
2023-08-01,691.31103515625,708.7100219726562,712.5,705.5399780273438,711.4500122070312,555100
2023-08-02,666.29052734375,683.0599975585938,695.9400024414062,682.0800170898438,695.5999755859375,1025400
2023-08-03,664.2910766601562,681.010009765625,682.8499755859375,672.72998046875,673.7999877929688,920200
2023-08-04,661.39404296875,678.0399780273438,689.1500244140625,675.25,685.3499755859375,891600
2023-08-07,676.3963012695312,693.4199829101562,693.4299926757812,684.4199829101562,690.4400024414062,663500
2023-08-08,662.6912841796875,679.3699951171875,680.7000122070312,670.4600219726562,675.3099975585938,746700
2023-08-09,655.9801635742188,672.489990234375,683.989990234375,670.6400146484375,679.75,685200
2023-08-10,661.1695556640625,677.8099975585938,695.3200073242188,676.1199951171875,688.1900024414062,913900
2023-08-11,645.533203125,661.780029296875,670.010009765625,661.27001953125,666.7999877929688,806000
2023-08-14,650.1859741210938,666.5499877929688,666.739990234375,648.7100219726562,652.9500122070312,957400
2023-08-15,635.7005615234375,651.7000122070312,658.8699951171875,650.75,657.9000244140625,633100
2023-08-16,630.5697021484375,646.4400024414062,658.989990234375,646.280029296875,655.5900268554688,665300
2023-08-17,628.5213623046875,644.3400268554688,655.77001953125,642.8800048828125,655.739990234375,797100
2023-08-18,639.241455078125,655.3300170898438,658.3300170898438,642.9500122070312,645.02001953125,937600
2023-08-21,646.2550048828125,662.52001953125,664.6400146484375,649.9099731445312,653.8599853515625,1104300
2023-08-22,651.13232421875,667.52001953125,680.530029296875,663.7100219726562,679.219970703125,760200
2023-08-23,660.4963989257812,677.1199951171875,680.9500122070312,666.52001953125,668.239990234375,908100
2023-08-24,631.9158325195312,647.8200073242188,678.1699829101562,646.8699951171875,678.010009765625,1336800
2023-08-25,635.0274658203125,651.010009765625,652.8900146484375,635.8699951171875,643.6799926757812,986200
2023-08-28,642.8116455078125,658.989990234375,659.8099975585938,652.489990234375,657.0599975585938,535800
2023-08-29,651.1224975585938,667.510009765625,668.5399780273438,652.3599853515625,652.5,757900
2023-08-30,653.1221923828125,669.5599975585938,671.219970703125,663.530029296875,667.3900146484375,564100
2023-08-31,644.3138427734375,660.530029296875,669.3200073242188,656.6199951171875,660.0,1100100
2023-09-01,646.2550048828125,662.52001953125,674.5399780273438,657.5,674.0,592800
2023-09-05,647.2694702148438,663.5599975585938,667.4299926757812,661.1699829101562,665.1300048828125,592100
2023-09-06,649.6884765625,666.0399780273438,669.7899780273438,657.0800170898438,666.1500244140625,870800
2023-09-07,622.132080078125,637.7899780273438,639.6699829101562,628.8599853515625,637.6300048828125,1236200
2023-09-08,612.4459228515625,627.8599853515625,633.02001953125,625.219970703125,628.3699951171875,873200
2023-09-11,612.2996215820312,627.7100219726562,631.530029296875,618.3800048828125,630.8300170898438,1066300
2023-09-12,603.6083374023438,618.7999877929688,622.989990234375,610.2000122070312,611.0,1311300
2023-09-13,601.9011840820312,617.0499877929688,619.9600219726562,613.8099975585938,614.3699951171875,1077000
2023-09-14,606.6321411132812,621.9000244140625,624.7999877929688,615.3599853515625,620.8099975585938,1237000
2023-09-15,582.0119018554688,596.6599731445312,605.22998046875,594.02001953125,602.6199951171875,2841400
2023-09-18,583.0556030273438,597.72998046875,598.3599853515625,588.010009765625,588.1799926757812,1071700
2023-09-19,579.19287109375,593.77001953125,598.1500244140625,589.1300048828125,596.0399780273438,893500
2023-09-20,575.3982543945312,589.8800048828125,600.8300170898438,589.75,595.6199951171875,1094500
2023-09-21,567.8287963867188,582.1199951171875,590.97998046875,582.1199951171875,586.989990234375,1313800
2023-09-22,572.6864624023438,587.0999755859375,594.77001953125,586.0399780273438,593.8800048828125,837300
2023-09-25,571.740234375,586.1300048828125,587.989990234375,580.530029296875,583.6300048828125,607300
2023-09-26,558.64990234375,572.7100219726562,578.77001953125,567.9199829101562,576.4000244140625,1471000
2023-09-27,560.4251098632812,574.530029296875,582.1799926757812,564.280029296875,578.0,1477600
2023-09-28,566.3949584960938,580.6500244140625,588.2999877929688,564.0,566.22998046875,1112500
2023-09-29,574.2081909179688,588.6599731445312,600.8599853515625,586.760009765625,600.4299926757812,1017400
2023-10-02,567.8873291015625,582.1799926757812,587.6199951171875,576.3499755859375,583.3599853515625,811300
2023-10-03,556.591552734375,570.5999755859375,579.6799926757812,567.5700073242188,574.9500122070312,1101300
2023-10-04,576.3541259765625,590.8599853515625,591.8400268554688,580.4600219726562,584.1699829101562,1325900
2023-10-05,567.4093627929688,581.6900024414062,586.5999755859375,575.4000244140625,583.7000122070312,865500
2023-10-06,582.694580078125,597.3599853515625,600.489990234375,577.5999755859375,583.7899780273438,1042100
2023-10-09,576.8517456054688,591.3699951171875,591.7100219726562,582.4099731445312,587.6500244140625,738500
2023-10-10,587.3671264648438,602.1500244140625,606.7999877929688,598.3499755859375,600.1799926757812,1087000
2023-10-11,591.3079223632812,606.1900024414062,606.1900024414062,598.0,601.3499755859375,981800
2023-10-12,601.6183471679688,616.760009765625,624.1900024414062,609.6400146484375,609.6400146484375,1618400
2023-10-13,585.0260009765625,599.75,612.2000122070312,597.3400268554688,611.3400268554688,1098500
2023-10-16,588.9764404296875,603.7999877929688,606.0499877929688,598.0,601.0399780273438,1154100
2023-10-17,593.6880493164062,608.6300048828125,610.3499755859375,586.9400024414062,590.8900146484375,1535700
2023-10-18,568.9309692382812,583.25,591.7899780273438,573.8599853515625,581.780029296875,2401700
2023-10-19,573.301025390625,587.72998046875,604.5399780273438,584.8599853515625,600.4400024414062,1475500
2023-10-20,565.8583374023438,580.0999755859375,592.2899780273438,578.2999877929688,588.9500122070312,1035000
2023-10-23,573.3595581054688,587.7899780273438,593.510009765625,573.8599853515625,577.6099853515625,905100
2023-10-24,586.00146484375,600.75,602.760009765625,589.6300048828125,590.6199951171875,1333900
2023-10-25,569.0188598632812,583.3400268554688,598.1900024414062,581.5700073242188,597.4500122070312,1322700
2023-10-26,573.759521484375,588.2000122070312,599.0,585.5700073242188,593.0999755859375,1093000
2023-10-27,575.515380859375,590.0,595.969970703125,587.3300170898438,594.8699951171875,819400
2023-10-30,574.4229125976562,588.8800048828125,594.4500122070312,582.47998046875,592.77001953125,746700
2023-10-31,584.1090087890625,598.8099975585938,602.1300048828125,593.5599975585938,599.6500244140625,1020300
2023-11-01,594.8568115234375,608.27001953125,608.7999877929688,596.780029296875,599.6699829101562,1005800
2023-11-02,617.4669189453125,631.3900146484375,637.489990234375,627.0900268554688,636.969970703125,1527400
2023-11-03,628.2437744140625,642.4099731445312,647.0,638.9000244140625,643.0999755859375,906900
2023-11-06,623.3834838867188,637.4400024414062,638.7999877929688,631.1699829101562,636.8800048828125,651300
2023-11-07,622.2783203125,636.3099975585938,641.3900146484375,633.530029296875,633.8200073242188,529000
2023-11-08,625.192626953125,639.2899780273438,642.6599731445312,637.1500244140625,639.5499877929688,727000
2023-11-09,620.2735595703125,634.260009765625,649.3800048828125,633.8499755859375,646.3900146484375,1221600
2023-11-10,646.6976928710938,661.280029296875,663.219970703125,640.7899780273438,644.4600219726562,1246700
2023-11-13,640.1650390625,654.5999755859375,657.75,648.27001953125,654.1400146484375,641200
2023-11-14,660.5160522460938,675.4099731445312,678.489990234375,669.5,674.6500244140625,1166800
2023-11-15,663.0489501953125,678.0,682.2000122070312,675.010009765625,680.280029296875,918500
2023-11-16,665.8556518554688,680.8699951171875,684.5800170898438,675.0,676.7100219726562,854700
2023-11-17,670.9606323242188,686.0900268554688,687.5900268554688,679.2000122070312,681.0599975585938,627600
2023-11-20,678.9993896484375,694.3099975585938,696.969970703125,685.3200073242188,685.3200073242188,674700
2023-11-21,669.3274536132812,684.4199829101562,694.5800170898438,679.9199829101562,693.8699951171875,705400
2023-11-22,669.6990966796875,684.7999877929688,694.0499877929688,683.9099731445312,689.469970703125,522300
2023-11-24,675.9384765625,691.1799926757812,692.0399780273438,687.9000244140625,690.0700073242188,352100
2023-11-27,673.2001953125,688.3800048828125,690.3099975585938,685.0499877929688,687.6599731445312,545500
2023-11-28,661.0834350585938,675.989990234375,682.8499755859375,672.6500244140625,680.0,644300
2023-11-29,672.4470825195312,687.6099853515625,693.1099853515625,684.6699829101562,686.510009765625,795500
2023-11-30,668.6820068359375,683.760009765625,684.3300170898438,676.3800048828125,683.1099853515625,753600
2023-12-01,676.9359130859375,692.2000122070312,695.5800170898438,683.0499877929688,688.1699829101562,857600
2023-12-04,675.097412109375,690.3200073242188,690.719970703125,679.1199951171875,686.739990234375,748500
2023-12-05,679.214599609375,694.530029296875,697.4299926757812,687.9299926757812,690.3200073242188,610000
2023-12-06,676.818603515625,692.0800170898438,703.27001953125,691.219970703125,699.4299926757812,657100
2023-12-07,684.2217407226562,699.6500244140625,700.489990234375,692.0900268554688,695.3699951171875,780600
2023-12-08,681.0725708007812,696.4299926757812,702.8300170898438,694.030029296875,695.3400268554688,920600
2023-12-11,694.578125,710.239990234375,713.489990234375,702.5999755859375,704.719970703125,1585000
2023-12-12,704.6704711914062,720.5599975585938,720.97998046875,711.3099975585938,714.9199829101562,880100
2023-12-13,719.07568359375,735.2899780273438,738.6799926757812,720.739990234375,724.6500244140625,1037200
2023-12-14,737.089599609375,753.7100219726562,755.989990234375,744.2999877929688,744.2999877929688,1446600
2023-12-15,736.3561401367188,752.9600219726562,760.3300170898438,749.6199951171875,753.7100219726562,1507000
2023-12-18,725.6963500976562,742.0599975585938,747.7999877929688,736.3200073242188,747.3699951171875,808900
2023-12-19,728.2977294921875,744.719970703125,745.0800170898438,740.530029296875,743.0,571000
2023-12-20,713.5209350585938,729.6099853515625,749.8599853515625,729.6099853515625,739.5999755859375,1007600
2023-12-21,738.6151733398438,755.27001953125,755.9199829101562,743.5499877929688,744.1699829101562,868200
2023-12-22,735.9356689453125,752.530029296875,755.8200073242188,749.1099853515625,752.8400268554688,597300
2023-12-26,745.8616943359375,762.6799926757812,765.7999877929688,750.0,750.0999755859375,509000
2023-12-27,747.1820068359375,764.030029296875,764.47998046875,758.3499755859375,760.8200073242188,486900
2023-12-28,741.13818359375,757.8499755859375,763.0900268554688,757.8099975585938,762.0700073242188,468000
2023-12-29,740.2286376953125,756.9199829101562,760.3499755859375,752.3300170898438,758.030029296875,517900
2024-01-02,701.1107788085938,716.9199829101562,730.77001953125,714.1400146484375,730.0,1368700
2024-01-03,687.859619140625,703.3699951171875,706.6400146484375,699.5999755859375,700.5999755859375,952000
2024-01-04,684.8475341796875,700.2899780273438,709.510009765625,697.510009765625,698.0,752100
2024-01-05,687.8302001953125,703.3400268554688,709.7899780273438,699.5999755859375,700.760009765625,579200
2024-01-08,704.9442749023438,720.8400268554688,720.8400268554688,711.9099731445312,712.6500244140625,835300
2024-01-09,700.1622314453125,715.9500122070312,719.0700073242188,710.6699829101562,710.6699829101562,587000
2024-01-10,701.961669921875,717.7899780273438,720.0,708.0399780273438,716.469970703125,506400
2024-01-11,702.6853637695312,718.530029296875,724.1900024414062,708.6300048828125,720.489990234375,603900
2024-01-12,697.4922485351562,713.219970703125,715.5499877929688,709.6199951171875,712.6099853515625,580500
2024-01-16,690.9205322265625,706.5,711.2999877929688,702.5,707.989990234375,913100
2024-01-17,696.5634155273438,712.27001953125,713.1699829101562,696.0800170898438,705.9500122070312,835100
2024-01-18,728.1119995117188,744.530029296875,748.27001953125,724.6799926757812,724.6799926757812,2230400
2024-01-19,741.1187133789062,757.8300170898438,759.469970703125,744.780029296875,748.5,1796100
2024-01-22,749.7734375,766.6799926757812,776.530029296875,765.530029296875,766.4000244140625,1418600
2024-01-23,761.2254028320312,778.3900146484375,778.6699829101562,762.5399780273438,766.0499877929688,1800700
2024-01-24,828.6254272460938,847.3099975585938,864.5900268554688,826.5,826.8599853515625,7754300
2024-01-25,849.9154052734375,869.0800170898438,883.280029296875,862.989990234375,869.0,3449500
2024-01-26,848.6146850585938,867.75,873.2000122070312,853.2100219726562,863.5499877929688,1614800
2024-01-29,863.1567993164062,882.6199951171875,883.4199829101562,865.2000122070312,867.5800170898438,1034500
2024-01-30,848.8885498046875,868.030029296875,877.72998046875,862.6099853515625,874.0499877929688,895600
2024-01-31,850.63916015625,869.8200073242188,884.0,859.4600219726562,861.219970703125,1251200
2024-02-01,870.9021606445312,890.5399780273438,893.780029296875,876.6599731445312,882.3200073242188,1040200
2024-02-02,871.0194702148438,890.6599731445312,893.0499877929688,879.0900268554688,879.239990234375,896400
2024-02-05,880.2636108398438,898.5399780273438,901.9199829101562,881.0999755859375,885.5999755859375,950100
2024-02-06,886.4844970703125,904.8900146484375,905.760009765625,890.8499755859375,898.7999877929688,1409500
2024-02-07,903.4716186523438,922.22998046875,927.7899780273438,905.0599975585938,905.2899780273438,1492200
2024-02-08,904.1672973632812,922.9400024414062,927.72998046875,910.9099731445312,917.5900268554688,1150800
2024-02-09,930.2850952148438,949.5999755859375,954.3200073242188,931.7100219726562,936.6900024414062,1588800
2024-02-12,910.3098754882812,929.2100219726562,946.47998046875,927.3499755859375,939.6599731445312,1033600
2024-02-13,884.9464721679688,903.3200073242188,915.8900146484375,889.010009765625,890.8499755859375,1297200
2024-02-14,905.6368408203125,924.4400024414062,925.75,913.4000244140625,914.780029296875,1206400
2024-02-15,910.927001953125,929.8400268554688,934.75,919.3400268554688,929.0800170898438,884300
2024-02-16,910.0453491210938,928.9400024414062,948.52001953125,925.72998046875,932.72998046875,1161300
2024-02-20,891.0692749023438,909.5700073242188,919.97998046875,898.510009765625,918.5999755859375,1044100
2024-02-21,889.7369995117188,908.2100219726562,908.6699829101562,892.6300048828125,897.4500122070312,867500
2024-02-22,932.4892578125,951.8499755859375,959.4600219726562,941.2000122070312,946.9199829101562,1780800
2024-02-23,914.2676391601562,933.25,954.5599975585938,932.7899780273438,952.280029296875,879000
2024-02-26,928.3159790039062,947.5900268554688,951.719970703125,936.2000122070312,941.510009765625,671300
2024-02-27,922.222412109375,941.3699951171875,957.760009765625,940.3599853515625,953.0,807500
2024-02-28,920.3905029296875,939.5,943.5,935.0999755859375,939.0399780273438,519700
2024-02-29,932.3226928710938,951.6799926757812,952.4500122070312,938.4199829101562,939.5,777600
2024-03-01,970.7842407226562,990.9400024414062,991.4500122070312,950.27001953125,951.5800170898438,1698200
2024-03-04,977.7398071289062,998.0399780273438,1007.6799926757812,987.75,992.5999755859375,1433000
2024-03-05,949.1337890625,968.8400268554688,992.0399780273438,958.6900024414062,989.7100219726562,1259500
2024-03-06,983.510009765625,1003.9299926757812,1009.6300048828125,981.469970703125,986.9400024414062,1304500
2024-03-07,1026.086181640625,1047.3900146484375,1056.3399658203125,1014.8200073242188,1015.6699829101562,1580300
2024-03-08,974.105224609375,994.3300170898438,1040.2099609375,993.22998046875,1038.8800048828125,1638500
2024-03-11,943.0892333984375,962.6699829101562,981.030029296875,957.5,979.5,1432100
2024-03-12,964.2694091796875,984.2899780273438,984.989990234375,950.47998046875,966.7999877929688,1165200
2024-03-13,949.0750122070312,968.780029296875,983.1599731445312,959.0599975585938,983.1599731445312,851100
2024-03-14,940.258056640625,959.780029296875,971.469970703125,950.5599975585938,968.5900268554688,876600
2024-03-15,921.0860595703125,940.2100219726562,954.780029296875,931.7899780273438,954.780029296875,1727400
2024-03-18,922.1930541992188,941.3400268554688,958.2100219726562,939.75,949.3599853515625,821400
2024-03-19,932.548095703125,951.9099731445312,956.5900268554688,928.0,938.5399780273438,817600
2024-03-20,951.17138671875,970.9199829101562,974.2999877929688,946.8900146484375,956.0700073242188,838600
2024-03-21,970.6372680664062,990.7899780273438,1005.6599731445312,988.0800170898438,1005.010009765625,1112400
2024-03-22,960.027587890625,979.9600219726562,991.0800170898438,972.5700073242188,973.7100219726562,692800
2024-03-25,959.0184326171875,978.9299926757812,992.280029296875,976.4600219726562,979.1300048828125,860900
2024-03-26,951.543701171875,971.2999877929688,989.3900146484375,970.8300170898438,986.739990234375,706000
2024-03-27,954.1985473632812,974.010009765625,979.2000122070312,964.0700073242188,978.780029296875,572100
2024-03-28,950.73046875,970.469970703125,971.8699951171875,961.6500244140625,969.5499877929688,685700
2024-04-01,972.75341796875,992.9500122070312,1022.6599731445312,979.760009765625,979.760009765625,1108500
2024-04-02,947.0470581054688,966.7100219726562,973.8400268554688,957.1199951171875,968.1300048828125,964000
2024-04-03,960.3312377929688,980.27001953125,986.469970703125,962.0999755859375,965.8800048828125,892100
2024-04-04,934.0173950195312,953.4099731445312,996.7999877929688,953.3900146484375,991.989990234375,1269700
2024-04-05,959.6258544921875,979.5499877929688,986.5999755859375,966.9199829101562,976.5,878400
2024-04-08,962.7216796875,982.7100219726562,996.2000122070312,980.1300048828125,989.8499755859375,929000
2024-04-09,969.6967163085938,989.8300170898438,1000.2000122070312,969.3599853515625,993.739990234375,717500
2024-04-10,954.7863159179688,974.6099853515625,983.47998046875,962.8099975585938,962.8099975585938,722800
2024-04-11,971.9990234375,992.1799926757812,992.1900024414062,963.3300170898438,981.5499877929688,964700
2024-04-12,942.276123046875,961.8400268554688,972.1500244140625,956.5,969.8200073242188,1031000
2024-04-15,935.3989868164062,954.8200073242188,988.719970703125,951.0999755859375,985.4199829101562,1077500
2024-04-16,957.0493774414062,976.9199829101562,978.6099853515625,957.2000122070312,958.2999877929688,1506500
2024-04-17,889.149169921875,907.6099853515625,942.8300170898438,895.8400268554688,942.8099975585938,3774100
2024-04-18,870.947021484375,889.030029296875,903.5999755859375,886.4000244140625,901.1199951171875,1653700
2024-04-19,842.056884765625,859.5399780273438,896.2100219726562,855.5900268554688,887.4400024414062,2486800
2024-04-22,854.3124389648438,872.0499877929688,880.0,862.4600219726562,870.0,1143900
2024-04-23,883.23193359375,901.5700073242188,908.0599975585938,875.0,879.2999877929688,991300
2024-04-24,874.170166015625,892.3200073242188,915.0,881.969970703125,913.0499877929688,860600
2024-04-25,884.1529541015625,902.510009765625,911.0599975585938,871.0,875.0,1114200
2024-04-26,902.150390625,918.969970703125,926.3900146484375,911.5499877929688,912.27001953125,865100
2024-04-29,893.1187133789062,909.77001953125,913.25,901.0800170898438,911.8499755859375,650800
2024-04-30,856.5014038085938,872.469970703125,907.1799926757812,871.219970703125,896.0999755859375,1093000
2024-05-01,837.2307739257812,852.8400268554688,880.5900268554688,849.1400146484375,871.1099853515625,1458200
2024-05-02,854.3515014648438,870.280029296875,878.0,862.3499755859375,875.0,876800
2024-05-03,885.1276245117188,901.6300048828125,904.9600219726562,888.6699829101562,894.5900268554688,1038000
2024-05-06,900.1378784179688,916.9199829101562,918.3599853515625,905.030029296875,909.2000122070312,642000
2024-05-07,891.5971069335938,908.219970703125,926.3800048828125,907.6400146484375,924.8300170898438,655000
2024-05-08,894.7876586914062,911.469970703125,916.72998046875,903.3200073242188,904.4400024414062,555700
2024-05-09,896.8196411132812,913.5399780273438,918.1699829101562,907.3800048828125,914.7000122070312,756000
2024-05-10,913.2630004882812,930.2899780273438,939.0,925.0,925.0,814100
2024-05-13,900.451904296875,917.239990234375,929.0,914.260009765625,927.6799926757812,745700
2024-05-14,898.2824096679688,915.030029296875,916.3800048828125,905.8800048828125,912.9000244140625,592000
2024-05-15,920.2626953125,937.4199829101562,937.4199829101562,910.6500244140625,918.6500244140625,883000
2024-05-16,902.7098388671875,919.5399780273438,938.8099975585938,918.9400024414062,936.5,811100
2024-05-17,908.0404052734375,924.969970703125,930.969970703125,916.2100219726562,920.7999877929688,703700
2024-05-20,922.2456665039062,939.4400024414062,946.719970703125,925.780029296875,925.780029296875,669300
2024-05-21,908.3350830078125,925.27001953125,933.5800170898438,915.3400268554688,920.9400024414062,746400
2024-05-22,905.4487915039062,922.3300170898438,933.5,913.489990234375,931.2100219726562,668600
2024-05-23,917.1506958007812,934.25,969.489990234375,927.4099731445312,967.5800170898438,1357200
2024-05-24,938.7185668945312,956.219970703125,958.5700073242188,933.72998046875,938.260009765625,684900
2024-05-28,973.6964721679688,991.8499755859375,992.8800048828125,965.25,972.7999877929688,1184000
2024-05-29,940.34814453125,957.8800048828125,965.5,955.9400024414062,961.5499877929688,902000
2024-05-30,948.4373168945312,966.1199951171875,969.1500244140625,952.7999877929688,957.0,846500
2024-05-31,942.7730102539062,960.3499755859375,980.0,932.9299926757812,971.8099975585938,1040400
2024-06-03,947.80908203125,965.47998046875,972.260009765625,948.3900146484375,969.3400268554688,752800
2024-06-04,933.4075927734375,950.8099975585938,963.7100219726562,943.0,962.239990234375,765400
2024-06-05,1022.2807006835938,1041.3399658203125,1041.56005859375,1008.9000244140625,1019.3499755859375,2586500
2024-06-06,1033.3441162109375,1052.6099853515625,1054.43994140625,1032.989990234375,1048.0,1370700
2024-06-07,1009.59716796875,1028.4200439453125,1043.739990234375,1026.52001953125,1040.25,936200
2024-06-10,1022.6439208984375,1041.7099609375,1046.1199951171875,1013.9199829101562,1016.1400146484375,1039500
2024-06-11,1017.0479736328125,1036.010009765625,1038.9100341796875,1019.6900024414062,1027.489990234375,789500
2024-06-12,1049.296875,1068.8599853515625,1077.219970703125,1055.6300048828125,1059.1500244140625,978400
2024-06-13,1033.4425048828125,1052.7099609375,1061.0,1038.739990234375,1053.72998046875,1106300
2024-06-14,1009.086669921875,1027.9000244140625,1031.0,1016.5999755859375,1021.4600219726562,1047200
2024-06-17,1033.20703125,1052.469970703125,1054.3800048828125,1032.6700439453125,1044.18994140625,844400
2024-06-18,1041.953857421875,1061.3800048828125,1069.4200439453125,1042.0,1042.199951171875,1025300
2024-06-20,1031.508544921875,1050.739990234375,1063.1500244140625,1045.02001953125,1058.22998046875,1150300
2024-06-21,1017.6273803710938,1036.5999755859375,1039.0,1023.2100219726562,1038.1800537109375,1626000
2024-06-24,983.67041015625,1002.010009765625,1034.7099609375,1002.010009765625,1033.1700439453125,1027000
2024-06-25,1004.6101684570312,1023.3400268554688,1023.489990234375,1002.6400146484375,1005.1599731445312,621600
2024-06-26,997.993408203125,1016.5999755859375,1023.5999755859375,1003.9000244140625,1014.0,885100
2024-06-27,1009.1947021484375,1028.010009765625,1041.7099609375,1024.6400146484375,1029.43994140625,784300
2024-06-28,1004.01123046875,1022.72998046875,1048.81005859375,1015.4500122070312,1028.0,837600
2024-07-01,1014.5742797851562,1033.489990234375,1038.1099853515625,1015.7999877929688,1035.550048828125,791000
2024-07-02,1028.7108154296875,1047.8900146484375,1047.989990234375,1025.8599853515625,1026.77001953125,748700
2024-07-03,1051.800048828125,1071.4100341796875,1074.300048828125,1055.4100341796875,1058.3900146484375,779800
2024-07-05,1054.8140869140625,1074.47998046875,1082.7900390625,1069.3399658203125,1079.75,771100
2024-07-08,1057.6708984375,1077.3900146484375,1087.7900390625,1075.8299560546875,1083.1500244140625,881900
2024-07-09,1040.5697021484375,1059.969970703125,1081.52001953125,1059.3499755859375,1079.699951171875,925400
2024-07-10,1078.8363037109375,1098.949951171875,1100.5799560546875,1065.0,1069.18994140625,925400
2024-07-11,1043.053466796875,1062.5,1110.0899658203125,1061.56005859375,1109.97998046875,1151400
2024-07-12,1065.396728515625,1085.260009765625,1100.6199951171875,1066.300048828125,1072.760009765625,1053800
2024-07-15,1044.16259765625,1063.6300048828125,1098.72998046875,1060.3699951171875,1097.43994140625,1365600
2024-07-16,1048.63916015625,1068.18994140625,1077.050048828125,1060.739990234375,1074.52001953125,1197600
2024-07-17,915.0006713867188,932.0599975585938,979.989990234375,928.7000122070312,978.5800170898438,5188400
2024-07-18,907.2355346679688,924.1500244140625,957.2100219726562,911.0,953.5,2242200
2024-07-19,878.9822387695312,895.3699951171875,920.3400268554688,891.6599731445312,915.22998046875,2133600
2024-07-22,924.0323486328125,941.260009765625,942.5700073242188,922.010009765625,928.1900024414062,1926800
2024-07-23,915.7369995117188,932.8099975585938,940.4099731445312,929.1799926757812,935.3800048828125,1056200
2024-07-24,856.7762451171875,872.75,919.6699829101562,870.760009765625,918.1599731445312,1912000
2024-07-25,846.841552734375,862.6300048828125,886.3699951171875,850.1799926757812,873.0,2075900
2024-07-26,872.1299438476562,888.3900146484375,895.5700073242188,882.22998046875,893.9199829101562,1681600
2024-07-29,856.2000122070312,870.5499877929688,898.0,869.02001953125,886.989990234375,1231500
2024-07-30,846.0599975585938,860.239990234375,893.9400024414062,856.0,892.5,1682100
2024-07-31,921.2596435546875,936.7000122070312,942.239990234375,917.0399780273438,925.52001953125,2406800
2024-08-01,869.1431274414062,883.7100219726562,927.760009765625,871.8099975585938,923.0399780273438,1808500
2024-08-02,796.0089111328125,809.3499755859375,828.5900268554688,795.8900146484375,824.2000122070312,3624100
2024-08-05,806.8274536132812,820.3499755859375,838.8800048828125,767.4099731445312,775.0,2815600
2024-08-06,829.114013671875,843.010009765625,860.010009765625,835.530029296875,840.3599853515625,1995700
2024-08-07,822.5637817382812,836.3499755859375,878.3900146484375,834.6300048828125,877.0,1521600
2024-08-08,862.199462890625,876.6500244140625,878.6300048828125,849.260009765625,860.969970703125,1447700
2024-08-09,846.3648681640625,860.5499877929688,865.2999877929688,848.5399780273438,855.22998046875,950500
2024-08-12,838.8016357421875,852.8599853515625,866.969970703125,852.8200073242188,861.75,1151200
2024-08-13,855.157470703125,869.489990234375,872.6699829101562,856.3200073242188,860.7999877929688,1526600
2024-08-14,865.0811767578125,879.5800170898438,890.3900146484375,870.4600219726562,887.5900268554688,887700
2024-08-15,912.9488525390625,928.25,930.8099975585938,896.2999877929688,900.3900146484375,1459000
2024-08-16,903.5169067382812,918.6599731445312,922.4600219726562,913.030029296875,916.1599731445312,804200
2024-08-19,917.7681274414062,933.1500244140625,933.7100219726562,909.4500122070312,917.1400146484375,1024600
2024-08-20,910.9130249023438,926.1799926757812,936.3800048828125,917.3499755859375,935.97998046875,921300
2024-08-21,928.0556030273438,943.6099853515625,945.0499877929688,931.6699829101562,933.719970703125,646500
2024-08-22,892.7474975585938,907.7100219726562,943.989990234375,904.5900268554688,943.0,1092600
2024-08-23,892.304931640625,907.260009765625,922.1300048828125,903.1300048828125,912.9099731445312,1395900
2024-08-26,868.7496948242188,883.3099975585938,904.6400146484375,882.4500122070312,903.5399780273438,1251500
2024-08-27,875.21142578125,889.8800048828125,895.760009765625,874.47998046875,880.0,661600
2024-08-28,873.4901733398438,888.1300048828125,897.4600219726562,880.4199829101562,890.7000122070312,727300
2024-08-29,873.0771484375,887.7100219726562,914.530029296875,882.989990234375,906.0599975585938,1173800
2024-08-30,888.9708251953125,903.8699951171875,906.9299926757812,888.9400024414062,900.0499877929688,991200
2024-09-03,831.454833984375,845.3900146484375,892.72998046875,841.6500244140625,892.5999755859375,1870800
2024-09-04,798.1036987304688,811.47998046875,822.719970703125,799.22998046875,805.0,2350900
2024-09-05,782.4853515625,795.5999755859375,808.0499877929688,790.5,795.6900024414062,1672000
2024-09-06,740.3811645507812,752.7899780273438,792.9400024414062,750.8699951171875,792.7999877929688,3286800
2024-09-09,737.4601440429688,749.8200073242188,764.280029296875,738.1500244140625,764.0800170898438,2539900
2024-09-10,738.9945068359375,751.3800048828125,752.0,734.25,749.9099731445312,1524000
2024-09-11,786.9505615234375,800.1400146484375,801.5999755859375,758.72998046875,770.030029296875,2559100
2024-09-12,786.9801025390625,800.1699829101562,808.6900024414062,793.719970703125,801.3900146484375,1318700
2024-09-13,802.9031982421875,816.3599853515625,818.6199951171875,803.8699951171875,804.1199951171875,1069200
2024-09-16,789.8028564453125,803.0399780273438,809.22998046875,792.1400146484375,808.9600219726562,1150100
2024-09-17,792.4091796875,805.6900024414062,811.77001953125,796.5399780273438,808.7000122070312,734600
2024-09-18,774.8533935546875,787.8400268554688,810.9099731445312,786.3699951171875,800.0900268554688,1249000
2024-09-19,814.5087890625,828.1599731445312,839.6500244140625,822.219970703125,832.6699829101562,1644300
2024-09-20,782.1707763671875,795.280029296875,810.1900024414062,789.6599731445312,809.5599975585938,2748600
2024-09-23,790.2551879882812,803.5,807.6099853515625,798.010009765625,807.6099853515625,965600
2024-09-24,800.5821533203125,814.0,816.5,801.0,809.5499877929688,881200
2024-09-25,804.6932983398438,818.1799926757812,827.2100219726562,814.0,816.3499755859375,878200
2024-09-26,838.3885498046875,852.4400024414062,862.0,839.7000122070312,860.3300170898438,1566400
2024-09-27,827.6682739257812,841.5399780273438,854.1500244140625,838.2000122070312,852.4500122070312,1038400
2024-09-30,819.5147705078125,833.25,842.1599731445312,819.7000122070312,836.5499877929688,994700
2024-10-01,808.7944946289062,822.3499755859375,841.27001953125,811.9000244140625,839.6799926757812,1244100
2024-10-02,818.4722900390625,832.1900024414062,839.27001953125,816.5,820.7999877929688,898400
2024-10-03,818.6886596679688,832.4099731445312,837.510009765625,823.7899780273438,825.9099731445312,651900
2024-10-04,819.2689819335938,833.0,839.3400268554688,825.9600219726562,836.0499877929688,862500
2024-10-07,803.7786254882812,817.25,823.0,811.010009765625,811.719970703125,898200
2024-10-08,810.673095703125,824.260009765625,830.8300170898438,820.0700073242188,822.5,1265900
2024-10-09,831.956298828125,845.9000244140625,846.1199951171875,826.3699951171875,829.8300170898438,1004900
2024-10-10,820.2229614257812,833.969970703125,835.6300048828125,821.5,825.0,876300
2024-10-11,826.832275390625,840.6900024414062,845.0,828.4099731445312,829.9199829101562,964700
2024-10-14,857.8916625976562,872.27001953125,873.25,852.1699829101562,852.52001953125,1769200
2024-10-15,718.3897094726562,730.4299926757812,873.6500244140625,717.5,867.219970703125,9350700
2024-10-16,672.2529907226562,683.52001953125,717.47998046875,677.27001953125,710.969970703125,10296200
2024-10-17,689.0514526367188,700.5999755859375,703.8800048828125,677.1199951171875,692.6400146484375,7209100
2024-10-18,711.3380126953125,723.260009765625,726.4600219726562,713.1799926757812,717.6699829101562,4537800
2024-10-21,702.3289184570312,714.0999755859375,724.8499755859375,708.7899780273438,724.0,2184800
2024-10-22,709.026611328125,720.9099731445312,724.1099853515625,717.6400146484375,723.0,2067000
2024-10-23,696.9392700195312,708.6199951171875,716.3099975585938,700.0999755859375,714.0499877929688,1681400
2024-10-24,699.0932006835938,710.8099975585938,720.0,706.4500122070312,719.989990234375,1854700
2024-10-25,699.9684448242188,711.7000122070312,723.25,711.22998046875,715.989990234375,1380100
2024-10-28,696.9688110351562,708.6500244140625,711.5,703.989990234375,708.3900146484375,1182800
2024-10-29,704.9843139648438,715.1400146484375,715.9400024414062,703.6900024414062,707.739990234375,1445500
2024-10-30,674.118896484375,683.8300170898438,695.6199951171875,682.6199951171875,693.5499877929688,3085200
2024-10-31,662.9990234375,672.5499877929688,683.0,667.219970703125,682.97998046875,2398300
2024-11-01,665.1480712890625,674.72998046875,682.760009765625,673.4600219726562,678.5499877929688,1801700
2024-11-04,661.6288452148438,671.1599731445312,678.4299926757812,670.8200073242188,676.0499877929688,1232500
2024-11-05,666.8536376953125,676.4600219726562,685.52001953125,673.469970703125,673.510009765625,1282000
2024-11-06,652.0370483398438,661.4299926757812,673.0399780273438,654.77001953125,668.5499877929688,3208600
2024-11-07,667.5928955078125,677.2100219726562,679.8400268554688,669.8099975585938,674.1099853515625,1758300
2024-11-08,659.9628295898438,669.469970703125,671.239990234375,661.8900146484375,670.0,1726800
2024-11-11,661.7767333984375,671.3099975585938,671.989990234375,661.9400024414062,671.77001953125,1520100
2024-11-12,659.677001953125,669.1799926757812,676.5399780273438,662.8300170898438,672.6400146484375,1711000
2024-11-13,663.8468627929688,673.4099731445312,673.6799926757812,656.780029296875,664.6199951171875,2453700
2024-11-14,683.1193237304688,692.9600219726562,712.0,691.530029296875,705.6799926757812,3925300
2024-11-15,649.2767944335938,658.6300048828125,679.8800048828125,657.52001953125,678.3599853515625,3063200
2024-11-18,655.7830200195312,665.22998046875,668.8599853515625,648.0,651.0700073242188,2010600
2024-11-19,652.7566528320312,662.1599731445312,671.4099731445312,653.469970703125,662.8200073242188,1640700
2024-11-20,649.0797729492188,658.4299926757812,658.47998046875,645.4500122070312,656.530029296875,1677800
2024-11-21,662.6146240234375,672.1599731445312,673.0599975585938,649.02001953125,653.9199829101562,2859000
2024-11-22,663.3244018554688,672.8800048828125,674.7999877929688,666.219970703125,667.7999877929688,1275600
2024-11-25,674.749755859375,684.469970703125,686.7100219726562,678.0,685.0,1511300
2024-11-26,662.4273071289062,671.969970703125,681.8499755859375,666.8300170898438,679.5900268554688,1424100
2024-11-27,660.9585571289062,670.47998046875,672.6900024414062,659.6099853515625,669.760009765625,1231800
2024-11-29,676.8594970703125,686.6099853515625,699.6500244140625,678.5399780273438,678.8699951171875,1706500
2024-12-02,701.3663940429688,711.469970703125,713.6799926757812,680.7000122070312,681.75,2325900
2024-12-03,707.86279296875,718.0599975585938,721.3300170898438,700.6199951171875,702.6500244140625,1647200
2024-12-04,709.6964111328125,719.9199829101562,724.9400024414062,716.9299926757812,723.7899780273438,1529800
2024-12-05,701.3958740234375,711.5,729.219970703125,708.0,729.1500244140625,1801100
2024-12-06,698.9118041992188,708.97998046875,717.2100219726562,707.0800170898438,711.739990234375,1215400
2024-12-09,696.4867553710938,706.52001953125,723.2100219726562,705.6500244140625,713.25,1267500
2024-12-10,695.2545166015625,705.27001953125,718.2999877929688,700.5700073242188,716.6199951171875,1214700
2024-12-11,704.2843627929688,714.4299926757812,718.0,706.489990234375,711.8900146484375,1217600
2024-12-12,702.9732666015625,713.0999755859375,719.8800048828125,710.6300048828125,713.3400268554688,868700
2024-12-13,708.3755493164062,718.5800170898438,724.97998046875,716.219970703125,718.5800170898438,1455700
2024-12-16,712.1215209960938,722.3800048828125,731.0,713.3300170898438,720.0499877929688,1542800
2024-12-17,724.7495727539062,735.1900024414062,745.1199951171875,732.6799926757812,740.0,1753300
2024-12-18,709.2723999023438,719.489990234375,757.1900024414062,715.47998046875,748.510009765625,2257000
2024-12-19,700.1736450195312,710.260009765625,720.8300170898438,708.780029296875,717.75,1620800
2024-12-20,695.6586303710938,705.6799926757812,720.4000244140625,696.280029296875,700.1500244140625,2701800
2024-12-23,710.8004150390625,721.0399780273438,722.0499877929688,707.0800170898438,707.0999755859375,1232600
2024-12-24,709.4893798828125,719.7100219726562,720.2000122070312,715.0,716.3900146484375,586800
2024-12-26,705.6940307617188,715.8599853515625,720.5,711.1099853515625,714.2100219726562,734000
2024-12-27,703.4563598632812,713.5900268554688,717.5,708.5900268554688,717.489990234375,942300
2024-12-30,686.2640991210938,696.1500244140625,702.8099975585938,694.469970703125,700.0,1202600
2024-12-31,683.237548828125,693.0800170898438,702.97998046875,687.4299926757812,701.3900146484375,965000
2025-01-02,690.4733276367188,700.4199829101562,711.9600219726562,696.3400268554688,705.3400268554688,1115100
2025-01-03,704.21533203125,714.3599853515625,717.5700073242188,702.5800170898438,703.1599731445312,1062900
2025-01-06,757.5963745117188,768.510009765625,781.0900268554688,749.6500244140625,751.0599975585938,2761100
2025-01-07,746.8217163085938,757.5800170898438,778.3900146484375,753.489990234375,775.0,1490200
2025-01-08,733.4146728515625,743.97998046875,753.3300170898438,737.0,753.0,1185400
2025-01-10,728.515380859375,739.010009765625,751.2999877929688,735.4000244140625,751.0,1515800
2025-01-13,717.0800170898438,727.4099731445312,729.0,717.5900268554688,721.2000122070312,1321800
2025-01-14,725.8339233398438,736.2899780273438,739.52001953125,728.0599975585938,737.5399780273438,1022600
2025-01-15,715.9857788085938,726.2999877929688,744.469970703125,725.1900024414062,739.4600219726562,1864400
2025-01-16,739.625244140625,750.280029296875,771.5599975585938,748.4600219726562,758.7999877929688,2407600
2025-01-17,745.5894165039062,756.3300170898438,769.2000122070312,751.5,767.9099731445312,1933600
2025-01-21,752.1646728515625,763.0,767.72998046875,755.489990234375,763.0,1332000
2025-01-22,755.822021484375,766.7100219726562,784.8200073242188,765.8900146484375,777.75,1699900
2025-01-23,735.6426391601562,746.239990234375,747.75,736.0,740.010009765625,1751100
2025-01-24,721.851318359375,732.25,750.0,729.2999877929688,749.3599853515625,1505700
2025-01-27,680.3492431640625,690.1500244140625,690.5999755859375,671.9400024414062,672.7899780273438,4947800
2025-01-28,673.645751953125,683.3499755859375,693.4500122070312,666.5999755859375,678.7999877929688,2811900
2025-01-29,702.5297241210938,712.6500244140625,728.4600219726562,704.5999755859375,727.1599731445312,4971500
2025-01-30,726.5239868164062,736.989990234375,745.5900268554688,730.5800170898438,740.0999755859375,2745600
2025-01-31,728.81103515625,739.3099975585938,754.5999755859375,737.77001953125,748.0900268554688,2125700
2025-02-03,720.67822265625,731.0599975585938,735.4500122070312,717.9199829101562,719.1300048828125,1647200
2025-02-04,721.023193359375,731.4099731445312,742.6900024414062,729.280029296875,736.9000244140625,1497000
2025-02-05,732.04443359375,742.5900268554688,743.2100219726562,722.4000244140625,729.239990234375,1249700
2025-02-06,728.6336059570312,739.1300048828125,742.4099731445312,735.010009765625,737.6900024414062,1120200
2025-02-07,717.365966796875,727.7000122070312,742.3200073242188,723.75,739.0499877929688,1312400
2025-02-10,733.5133056640625,744.0800170898438,745.5599975585938,735.8800048828125,736.719970703125,985700
2025-02-11,743.8564453125,752.97998046875,753.489990234375,743.8800048828125,744.6699829101562,1096700
2025-02-12,747.0076904296875,756.1699829101562,756.7899780273438,733.5599975585938,738.3499755859375,1077800
2025-02-13,767.5755615234375,776.989990234375,776.989990234375,752.75,754.77001953125,1674100
2025-02-14,742.4437866210938,751.5499877929688,778.3599853515625,748.6799926757812,778.219970703125,2047300
2025-02-18,735.2025146484375,744.219970703125,758.9299926757812,738.5999755859375,757.4400024414062,1715400
2025-02-19,735.7755737304688,744.7999877929688,752.8699951171875,741.6900024414062,743.9600219726562,1457900
2025-02-20,734.0863647460938,743.0900268554688,755.510009765625,740.4199829101562,751.3499755859375,1185900
2025-02-21,728.2775268554688,737.2100219726562,745.7100219726562,733.2000122070312,744.1500244140625,1472300
2025-02-24,727.0426635742188,735.9600219726562,750.8800048828125,734.7000122070312,746.1300048828125,1471200
2025-02-25,721.3426513671875,730.1900024414062,738.97998046875,726.2100219726562,732.1900024414062,1691200
2025-02-26,737.8798217773438,746.9299926757812,753.77001953125,738.9099731445312,743.8200073242188,1401400
2025-02-27,689.2462768554688,697.7000122070312,744.7999877929688,696.9099731445312,743.4199829101562,2342800
2025-02-28,700.4884643554688,709.0800170898438,713.5,697.510009765625,706.8200073242188,1773400
2025-03-03,691.380126953125,699.8599853515625,732.3499755859375,692.47998046875,722.0499877929688,2284100
2025-03-04,699.6387329101562,708.219970703125,721.2999877929688,692.6900024414062,698.27001953125,2044700
2025-03-05,730.7867431640625,739.75,740.5499877929688,719.2999877929688,731.6199951171875,1754300
2025-03-06,706.1785888671875,714.8400268554688,731.1699829101562,711.0,718.8499755859375,1427900
2025-03-07,723.3479614257812,732.219970703125,734.0,715.5,726.1599731445312,1426400
2025-03-10,674.8330688476562,683.1099853515625,699.0,676.0,697.97998046875,2321500
2025-03-11,681.8470458984375,690.2100219726562,702.0,681.260009765625,698.8200073242188,1616800
2025-03-12,694.8475341796875,703.3699951171875,708.2999877929688,696.739990234375,704.1400146484375,1306300
2025-03-13,686.1739501953125,694.5900268554688,705.2999877929688,688.260009765625,697.8400268554688,1399500
2025-03-14,705.3487548828125,714.0,720.030029296875,705.3599853515625,707.6799926757812,1367500
2025-03-17,721.4810180664062,730.3300170898438,734.5499877929688,717.2100219726562,718.0499877929688,1423300
2025-03-18,722.2514038085938,731.1099853515625,734.1900024414062,719.989990234375,729.9000244140625,1007300
2025-03-19,726.00537109375,734.9099731445312,746.75,725.0599975585938,729.1099853515625,1080500
2025-03-20,725.165771484375,734.0599975585938,735.4000244140625,724.22998046875,725.010009765625,1282400
2025-03-21,707.5418701171875,716.219970703125,721.3599853515625,711.2100219726562,711.7899780273438,1967200
2025-03-24,719.0211181640625,727.8400268554688,731.9500122070312,726.3400268554688,728.030029296875,1104400
2025-03-25,717.9343872070312,726.739990234375,735.0,725.4199829101562,732.0599975585938,1244300
2025-03-26,697.2086181640625,705.760009765625,719.989990234375,702.239990234375,715.9000244140625,1266500
2025-03-27,682.261962890625,690.6300048828125,702.47998046875,689.0,698.489990234375,1285500
2025-03-28,666.4064331054688,674.5800170898438,687.4400024414062,672.0499877929688,685.1300048828125,1393000
2025-03-31,654.6011352539062,662.6300048828125,665.1599731445312,652.8800048828125,660.260009765625,1685000
2025-04-01,659.254150390625,667.3400268554688,670.6400146484375,656.3499755859375,664.5700073242188,1212600
2025-04-02,660.90380859375,669.010009765625,676.3900146484375,660.8300170898438,664.3900146484375,1119000
2025-04-03,615.668701171875,623.219970703125,650.969970703125,622.8200073242188,649.530029296875,2877100
2025-04-04,598.2127685546875,605.5499877929688,626.3800048828125,597.6900024414062,621.9500122070312,4017000
2025-04-07,608.378173828125,615.8400268554688,652.8499755859375,578.510009765625,586.5,4179100
2025-04-08,588.15625,595.3699951171875,637.9000244140625,582.8900146484375,632.02001953125,2585200
2025-04-09,678.932861328125,687.260009765625,692.2899780273438,606.8699951171875,618.02001953125,3866700
2025-04-10,641.6796875,649.5499877929688,661.6599731445312,627.6300048828125,656.1699829101562,2989900
2025-04-11,660.7063598632812,668.8099975585938,672.0,651.3900146484375,656.0599975585938,2163600
2025-04-14,664.7171020507812,672.8699951171875,680.030029296875,662.72998046875,676.4400024414062,1574000
2025-04-15,674.8823852539062,683.1599731445312,687.530029296875,676.6900024414062,679.3800048828125,2105600
2025-04-16,627.2368774414062,634.9299926757812,653.1300048828125,624.1699829101562,647.0,4028300
2025-04-17,632.4033203125,640.1599731445312,647.6599731445312,636.9299926757812,644.3599853515625,1439900
2025-04-21,617.1209716796875,624.6900024414062,633.6599731445312,614.0599975585938,632.0,1555100
2025-04-22,630.9512939453125,638.6900024414062,645.6099853515625,631.0,638.8099975585938,1967000
2025-04-23,650.0075073242188,657.97998046875,666.489990234375,654.7899780273438,664.25,1849700
2025-04-24,666.8213500976562,675.0,678.3200073242188,662.5599975585938,666.530029296875,1770700
2025-04-25,669.0637817382812,677.27001953125,681.75,664.5900268554688,666.9000244140625,1280900
2025-04-28,666.666748046875,672.760009765625,674.4400024414062,661.0800170898438,672.1699829101562,1007600
2025-04-29,660.076904296875,666.1099853515625,673.6300048828125,663.0,665.6099853515625,1104000
2025-04-30,662.0291137695312,668.0800170898438,669.5,651.4600219726562,657.5900268554688,1042100
2025-05-01,660.681396484375,666.719970703125,675.1500244140625,662.4600219726562,675.1500244140625,1066300
2025-05-02,684.0775756835938,690.3300170898438,695.0,685.5999755859375,686.3200073242188,1215500
2025-05-05,677.1707153320312,683.3599853515625,690.4199829101562,682.72998046875,685.0,903700
2025-05-06,673.8312377929688,679.989990234375,686.3699951171875,675.5,676.3099975585938,765100
2025-05-07,694.0464477539062,700.3900146484375,701.9600219726562,683.4600219726562,685.780029296875,1041400
2025-05-08,701.6173095703125,708.030029296875,716.8099975585938,705.7000122070312,711.1199951171875,1040500
2025-05-09,699.8137817382812,706.2100219726562,710.510009765625,703.9000244140625,709.2100219726562,884000
2025-05-12,743.4053955078125,750.2000122070312,750.52001953125,729.3800048828125,730.4199829101562,2571500
2025-05-13,756.9813232421875,763.9000244140625,764.8699951171875,744.5399780273438,745.260009765625,1815600
2025-05-14,761.9458618164062,768.9099731445312,773.7000122070312,764.27001953125,765.0,1156100
2025-05-15,751.4913940429688,758.3599853515625,767.0,755.2100219726562,763.6699829101562,1511000
2025-05-16,741.3243408203125,748.0999755859375,753.4500122070312,742.2100219726562,752.8800048828125,1095100
2025-05-19,742.3450317382812,749.1300048828125,750.0,737.27001953125,739.72998046875,977900
2025-05-20,741.9783325195312,748.760009765625,748.97998046875,741.2999877929688,745.6300048828125,777200
2025-05-21,730.4932861328125,737.1699829101562,755.7899780273438,735.489990234375,749.010009765625,1058700
2025-05-22,733.9913940429688,740.7000122070312,747.2100219726562,734.1500244140625,736.3200073242188,863500
2025-05-23,725.8556518554688,732.489990234375,735.989990234375,722.52001953125,724.5999755859375,1525200
2025-05-27,749.9356689453125,756.7899780273438,761.2100219726562,749.9500122070312,751.3699951171875,1385100
2025-05-28,739.748779296875,746.510009765625,756.3900146484375,744.8099975585938,752.1400146484375,1244000
2025-05-29,740.3037109375,747.0700073242188,759.5499877929688,744.8400268554688,757.8300170898438,1166000
2025-05-30,730.0970458984375,736.77001953125,745.9600219726562,723.0,745.010009765625,1785400
2025-06-02,739.7686157226562,746.530029296875,746.9500122070312,732.6599731445312,733.2899780273438,812600
2025-06-03,740.4821166992188,747.25,748.5499877929688,732.2000122070312,732.6599731445312,1085100
2025-06-04,736.0525512695312,742.780029296875,752.77001953125,740.4099731445312,751.1799926757812,1160000
2025-06-05,740.9874877929688,747.760009765625,756.4600219726562,744.0,754.1300048828125,1506500
2025-06-06,746.1997680664062,753.02001953125,762.0999755859375,752.7999877929688,756.0599975585938,1345100
2025-06-09,763.2243041992188,770.2000122070312,782.2000122070312,757.0599975585938,757.0599975585938,1769400
2025-06-10,777.8604125976562,784.969970703125,788.2899780273438,776.489990234375,779.1099853515625,1715500
2025-06-11,776.9884643554688,784.0900268554688,797.25,780.6900024414062,790.0499877929688,1365900
2025-06-12,779.0892333984375,786.2100219726562,789.5700073242188,782.3400268554688,785.4400024414062,999600
2025-06-13,754.1075439453125,761.0,772.9299926757812,759.8699951171875,766.8900146484375,1742900
2025-06-16,768.2086791992188,775.22998046875,779.1900024414062,765.97998046875,766.3699951171875,1454500
2025-06-17,752.9779052734375,759.8599853515625,773.2100219726562,758.2100219726562,766.780029296875,1422800
2025-06-18,754.74169921875,761.6400146484375,768.0,754.239990234375,764.72998046875,1372500
2025-06-20,749.6780395507812,756.530029296875,769.010009765625,736.25,768.3699951171875,2303900
2025-06-23,772.6578979492188,779.719970703125,780.75,759.8099975585938,761.260009765625,1302800
2025-06-24,805.9932861328125,813.3599853515625,813.4600219726562,786.1099853515625,786.1099853515625,2039600
2025-06-25,807.8562622070312,815.239990234375,819.5399780273438,806.219970703125,816.75,1400100
2025-06-26,790.861572265625,798.0900268554688,800.8800048828125,786.5,799.760009765625,1705800
2025-06-27,788.7410278320312,795.9500122070312,805.489990234375,788.4500122070312,802.9400024414062,1201000
2025-06-30,794.1317138671875,801.3900146484375,802.4400024414062,794.0399780273438,796.47998046875,1080400
2025-07-01,783.310546875,790.469970703125,795.5,782.5399780273438,788.0499877929688,1065800
2025-07-02,792.3480834960938,799.5900268554688,800.5,772.8599853515625,776.239990234375,1383000
2025-07-03,787.3040771484375,794.5,798.530029296875,786.6099853515625,786.969970703125,910700
2025-07-07,777.9793701171875,785.0900268554688,793.489990234375,783.7999877929688,785.4600219726562,1363700
2025-07-08,786.9077758789062,794.0999755859375,798.3900146484375,778.72998046875,782.6599731445312,1327800
2025-07-09,792.5858764648438,799.8300170898438,800.9000244140625,792.469970703125,792.9099731445312,1334300
2025-07-10,794.8253784179688,802.0900268554688,811.0999755859375,798.0,808.9299926757812,1498900
2025-07-11,794.6668090820312,801.9299926757812,803.1900024414062,796.52001953125,797.0700073242188,932400
2025-07-14,799.42333984375,806.72998046875,812.77001953125,789.8699951171875,797.6199951171875,1456900
2025-07-15,815.5658569335938,823.02001953125,826.5599975585938,814.2100219726562,822.97998046875,2099600
2025-07-16,747.6168212890625,754.4500122070312,760.9000244140625,730.5999755859375,754.3599853515625,10789600
2025-07-17,738.1632080078125,744.9099731445312,756.8499755859375,742.0,746.8200073242188,4078500
2025-07-18,727.9268188476562,734.5800170898438,752.0900268554688,734.3300170898438,752.0800170898438,2567200
2025-07-21,713.1618041992188,719.6799926757812,732.9000244140625,719.3200073242188,731.0,2650300
2025-07-22,699.0903930664062,705.47998046875,719.0599975585938,701.1900024414062,718.3099975585938,3425100
2025-07-23,710.4366455078125,716.9299926757812,719.969970703125,708.1300048828125,715.2100219726562,3379400
2025-07-24,718.5128173828125,725.0800170898438,726.6300048828125,718.3599853515625,723.010009765625,2037100
2025-07-25,704.80810546875,711.25,713.1500244140625,706.5999755859375,709.1400146484375,2312100
2025-07-28,723.37841796875,729.989990234375,735.4099731445312,728.489990234375,735.1500244140625,2253900
2025-07-29,713.78857421875,718.489990234375,726.9199829101562,715.7000122070312,722.72998046875,2292900
2025-07-30,716.7291870117188,721.4500122070312,724.02001953125,715.5,716.8900146484375,1407000
2025-07-31,690.1641845703125,694.7100219726562,707.5399780273438,691.2100219726562,706.4000244140625,2892200
2025-08-01,685.30615234375,689.8200073242188,693.4299926757812,683.47998046875,690.0,1627100
2025-08-04,694.78369140625,699.3599853515625,699.4500122070312,692.9000244140625,695.5800170898438,1025600
2025-08-05,685.1173706054688,689.6300048828125,695.6300048828125,684.239990234375,694.719970703125,1261200
2025-08-06,686.4387817382812,690.9600219726562,692.4299926757812,685.4400024414062,687.6500244140625,1218700
2025-08-07,708.45361328125,713.1199951171875,716.9000244140625,706.6199951171875,714.02001953125,1723800
2025-08-08,717.593505859375,722.3200073242188,723.5,710.4500122070312,712.4099731445312,1042900
2025-08-11,716.590087890625,721.3099975585938,731.8599853515625,719.52001953125,724.0,1179700
2025-08-12,736.9360961914062,741.7899780273438,743.3499755859375,723.47998046875,725.530029296875,1461800
2025-08-13,750.6259765625,755.5700073242188,756.2000122070312,747.5399780273438,750.6300048828125,2011900
2025-08-14,750.2682495117188,755.2100219726562,757.0,744.5599975585938,747.280029296875,1577400
2025-08-15,737.3036499023438,742.1599731445312,747.1500244140625,736.6599731445312,738.5,1635100
2025-08-18,742.6583251953125,747.5499877929688,748.0,739.4400024414062,739.6699829101562,1086400
2025-08-19,738.7440795898438,743.6099853515625,755.6900024414062,741.7100219726562,751.5399780273438,1121300
2025-08-20,744.5856323242188,749.489990234375,753.4400024414062,738.1799926757812,750.7999877929688,1368400
2025-08-21,730.5879516601562,735.4000244140625,741.5,732.1099853515625,739.3599853515625,952700
2025-08-22,749.9503784179688,754.8900146484375,761.5700073242188,740.3699951171875,741.6799926757812,1456000
2025-08-25,749.523193359375,754.4600219726562,758.260009765625,752.0900268554688,754.75,731100
2025-08-26,758.2060546875,763.2000122070312,763.5,755.9099731445312,758.77001953125,860100
2025-08-27,764.9614868164062,770.0,770.5800170898438,757.7899780273438,760.0,1140700
2025-08-28,758.4642944335938,763.4600219726562,773.1699829101562,760.8699951171875,770.0,985400
2025-08-29,737.7606201171875,742.6199951171875,753.5999755859375,739.7899780273438,753.0,1317800
2025-09-02,721.100341796875,725.8499755859375,727.2000122070312,716.2000122070312,717.2100219726562,1867400
2025-09-03,731.9985961914062,736.8200073242188,738.2999877929688,729.5599975585938,732.219970703125,1330300
2025-09-04,748.4998779296875,753.4299926757812,756.9000244140625,735.4299926757812,737.0499877929688,1532700
2025-09-05,776.5849609375,781.7000122070312,783.0999755859375,766.239990234375,774.8800048828125,1887300
2025-09-08,791.0396728515625,796.25,798.7000122070312,786.75,789.6500244140625,1284500
2025-09-09,799.861572265625,805.1300048828125,805.8400268554688,793.1199951171875,795.2000122070312,1324100
2025-09-10,787.9500732421875,793.1400146484375,809.5999755859375,791.02001953125,806.8200073242188,1634300
2025-09-11,798.8980102539062,804.1599731445312,809.1500244140625,798.510009765625,799.6900024414062,1297800
2025-09-12,808.54443359375,813.8699951171875,815.780029296875,806.2999877929688,808.52001953125,1019700
2025-09-15,861.6248168945312,867.2999877929688,868.719970703125,833.9199829101562,834.9299926757812,2702300
2025-09-16,872.6720581054688,878.4199829101562,881.4600219726562,867.5700073242188,879.9400024414062,1832400
2025-09-17,866.5623168945312,872.27001953125,877.6300048828125,861.1799926757812,868.22998046875,1553300
2025-09-18,921.7288818359375,927.7999877929688,938.6799926757812,916.030029296875,928.6699829101562,3176100
2025-09-19,926.0504760742188,932.1500244140625,938.6500244140625,925.8699951171875,926.0700073242188,2410200
2025-09-22,951.5326538085938,957.7999877929688,964.5399780273438,953.5900268554688,960.9199829101562,1885000
2025-09-23,957.2052001953125,963.510009765625,977.47998046875,956.0,964.4099731445312,1664800
2025-09-24,940.74365234375,946.9400024414062,953.5999755859375,940.9500122070312,949.719970703125,1400700
2025-09-25,943.3366088867188,949.5499877929688,952.6599731445312,937.1199951171875,938.2000122070312,1272600
2025-09-26,945.2937622070312,951.52001953125,955.219970703125,942.75,946.239990234375,955200
2025-09-29,956.3110961914062,962.6099853515625,972.0700073242188,962.3699951171875,963.72998046875,1213800
2025-09-30,961.7553100585938,968.0900268554688,975.6400146484375,963.0700073242188,968.0399780273438,1303600
2025-10-01,996.7050170898438,1003.27001953125,1005.3599853515625,964.8200073242188,965.6099853515625,1963800
2025-10-02,1023.4290771484375,1030.1700439453125,1040.22998046875,1021.8900146484375,1039.0,1689100
2025-10-03,1025.465576171875,1032.219970703125,1039.8499755859375,1025.4599609375,1031.0,1352300
2025-10-06,1036.47314453125,1043.300048828125,1059.0,1040.0999755859375,1040.43994140625,1385400
2025-10-07,995.7413940429688,1002.2999877929688,1044.8499755859375,1001.0,1042.8299560546875,1667800
2025-10-08,981.3462524414062,987.8099975585938,991.5900268554688,977.4199829101562,977.9500122070312,1947000
2025-10-09,974.123779296875,980.5399780273438,987.530029296875,971.510009765625,985.3499755859375,1496000
2025-10-10,930.0640258789062,936.1900024414062,976.2000122070312,935.4099731445312,970.6900024414062,2933900
2025-10-13,978.216796875,984.6599731445312,985.1799926757812,966.969970703125,971.72998046875,2223900
2025-10-14,976.7465209960938,983.1799926757812,993.47998046875,966.0,967.4600219726562,2422100
2025-10-15,1003.2022705078125,1009.8099975585938,1033.0,993.5399780273438,1030.1300048828125,2900300
2025-10-16,1012.9182739257812,1019.5900268554688,1049.3800048828125,1011.0999755859375,1037.1700439453125,1938400
2025-10-17,1022.5349731445312,1029.27001953125,1032.77001953125,1015.0,1020.5900268554688,1663700
2025-10-20,1035.3306884765625,1042.1500244140625,1052.1700439453125,1031.489990234375,1031.75,1271700
2025-10-21,1018.312744140625,1025.02001953125,1037.47998046875,1024.1500244140625,1036.31005859375,1072200
2025-10-22,1004.9507446289062,1011.5700073242188,1033.1800537109375,997.6699829101562,1026.449951171875,1328600
2025-10-23,1029.628173828125,1036.4100341796875,1040.5,1004.5,1004.52001953125,1318200
2025-10-24,1026.33984375,1033.0999755859375,1043.4000244140625,1032.1800537109375,1037.9300537109375,1032700
2025-10-27,1053.0439453125,1059.97998046875,1060.72998046875,1049.3599853515625,1050.010009765625,1265600
2025-10-28,1045.5931396484375,1052.47998046875,1060.6400146484375,1051.72998046875,1056.800048828125,856900
2025-10-29,1065.7203369140625,1070.8399658203125,1077.760009765625,1064.8399658203125,1070.6600341796875,1530000
2025-10-30,1070.3082275390625,1075.449951171875,1086.1099853515625,1070.6099853515625,1072.6800537109375,1283100
2025-10-31,1054.165771484375,1059.22998046875,1073.280029296875,1051.4000244140625,1071.6800537109375,1179400
2025-11-03,1061.719482421875,1066.8199462890625,1073.4000244140625,1062.989990234375,1063.02001953125,868100
2025-11-04,1025.2149658203125,1030.1400146484375,1063.260009765625,1028.8299560546875,1049.949951171875,1735100
2025-11-05,1038.7598876953125,1043.75,1050.6400146484375,1030.800048828125,1031.0999755859375,1169400
2025-11-06,1024.2794189453125,1029.199951171875,1041.530029296875,1026.43994140625,1039.8800048828125,1073000
2025-11-07,1012.0979614257812,1016.9600219726562,1035.4000244140625,996.8200073242188,1031.0999755859375,1841900
2025-11-10,1033.8236083984375,1038.7900390625,1042.7900390625,1021.0700073242188,1036.77001953125,992900
2025-11-11,1017.5318603515625,1022.4199829101562,1036.97998046875,1017.780029296875,1031.77001953125,1026000
2025-11-12,1032.3704833984375,1037.3299560546875,1038.699951171875,1025.22998046875,1030.1600341796875,961900
2025-11-13,1014.9840698242188,1019.8599853515625,1041.8599853515625,1009.510009765625,1040.989990234375,1406300
2025-11-14,1002.1656494140625,1006.97998046875,1018.0700073242188,981.0,989.2999877929688,1307800
2025-11-17,1015.1234130859375,1020.0,1025.0,1004.27001953125,1004.719970703125,1691500
2025-11-18,999.2595825195312,1004.0599975585938,1017.719970703125,993.989990234375,1011.0800170898438,1414000
2025-11-19,1034.3609619140625,1039.3299560546875,1044.72998046875,1005.0,1005.77001953125,1587800
2025-11-20,976.3496704101562,981.0399780273438,1050.949951171875,977.0,1042.22998046875,2055100
2025-11-21,961.9488525390625,966.5700073242188,978.5399780273438,946.1099853515625,963.3499755859375,2481800
2025-11-24,983.0972900390625,987.8200073242188,995.1400146484375,977.5900268554688,977.6199951171875,1628100
2025-11-25,998.423583984375,1003.219970703125,1006.8800048828125,973.739990234375,993.8300170898438,1193000
2025-11-26,1035.9931640625,1040.969970703125,1055.0,1037.300048828125,1040.6700439453125,1572400
2025-11-28,1054.9322509765625,1060.0,1060.280029296875,1035.43994140625,1040.4000244140625,939700
2025-12-01,1082.788330078125,1087.989990234375,1091.300048828125,1054.469970703125,1056.030029296875,2103100
2025-12-02,1103.47900390625,1108.780029296875,1113.2099609375,1088.6800537109375,1089.6099853515625,1426000
2025-12-03,1135.46533203125,1140.9200439453125,1141.719970703125,1105.6199951171875,1110.239990234375,2059500
2025-12-04,1104.772705078125,1110.0799560546875,1129.5400390625,1102.1700439453125,1122.530029296875,1511800
2025-12-05,1094.2135009765625,1099.469970703125,1129.3800048828125,1098.260009765625,1121.9300537109375,1054400
2025-12-08,1114.336669921875,1119.68994140625,1134.1800537109375,1114.030029296875,1118.8199462890625,1118800
2025-12-09,1106.1260986328125,1111.43994140625,1115.739990234375,1105.6099853515625,1107.9000244140625,904700
2025-12-10,1113.968505859375,1119.3199462890625,1123.9599609375,1098.8800048828125,1109.4000244140625,1093600
2025-12-11,1117.4716796875,1122.8399658203125,1127.75,1095.469970703125,1114.75,1403600
2025-12-12,1075.6824951171875,1080.8499755859375,1114.56005859375,1077.18994140625,1109.3900146484375,1623000
2025-12-15,1082.619140625,1087.8199462890625,1097.7099609375,1079.5899658203125,1089.3499755859375,1283400
2025-12-16,1070.905517578125,1076.050048828125,1088.06005859375,1065.93994140625,1081.530029296875,956300
2025-12-17,1010.5752563476562,1015.4299926757812,1065.1199951171875,1010.010009765625,1060.77001953125,2140900
2025-12-18,1031.35546875,1036.31005859375,1051.81005859375,1035.1500244140625,1047.969970703125,1645400
2025-12-19,1050.97119140625,1056.02001953125,1062.6800537109375,1042.56005859375,1042.56005859375,2319600
2025-12-22,1051.9266357421875,1056.97998046875,1067.1600341796875,1050.0,1066.0,703700
2025-12-23,1056.763427734375,1061.8399658203125,1064.75,1055.68994140625,1057.93994140625,543600
2025-12-24,1060.42578125,1065.52001953125,1066.800048828125,1057.43994140625,1059.8199462890625,229800
2025-12-26,1067.6212158203125,1072.75,1076.0899658203125,1063.0799560546875,1066.25,363800
2025-12-29,1060.903564453125,1066.0,1073.6500244140625,1061.0699462890625,1064.5799560546875,424300
2025-12-30,1067.01416015625,1072.1400146484375,1086.06005859375,1070.4200439453125,1084.5799560546875,807300
2025-12-31,1064.7449951171875,1069.8599853515625,1080.5400390625,1068.9200439453125,1080.22998046875,561300
2026-01-02,1158.216064453125,1163.780029296875,1172.77001953125,1133.47998046875,1133.760009765625,2697900
2026-01-05,1222.318115234375,1228.18994140625,1237.8599853515625,1211.219970703125,1211.219970703125,3290600
2026-01-06,1236.2510986328125,1242.18994140625,1246.3800048828125,1222.4200439453125,1222.8199462890625,1895800
2026-01-07,1222.5968017578125,1228.469970703125,1235.760009765625,1222.0,1227.449951171875,1351200
2026-01-08,1188.6099853515625,1194.3199462890625,1224.5400390625,1176.0,1217.260009765625,1682300
2026-01-09,1267.7896728515625,1273.8800048828125,1282.0,1220.989990234375,1232.8499755859375,2394500
2026-01-12,1275.1044921875,1281.22998046875,1283.56005859375,1255.25,1256.06005859375,1488600
2026-01-13,1264.08740234375,1270.1600341796875,1291.47998046875,1268.1199951171875,1282.3199462890625,1374200
2026-01-14,1257.6781005859375,1263.719970703125,1273.27001953125,1249.6199951171875,1267.1199951171875,1536500
2026-01-15,1325.233642578125,1331.5999755859375,1358.0,1330.0,1353.6400146484375,2858400
2026-01-16,1352.07470703125,1358.5699462890625,1375.3699951171875,1338.239990234375,1355.7099609375,2469100
2026-01-20,1319.7301025390625,1326.0699462890625,1351.260009765625,1311.31005859375,1319.1199951171875,2970800
2026-01-21,1353.58740234375,1360.0899658203125,1371.0,1322.6700439453125,1332.0,2387200
2026-01-22,1388.33056640625,1395.0,1398.800048828125,1373.280029296875,1393.6500244140625,1844200
2026-01-23,1382.399169921875,1389.0400390625,1393.3599853515625,1363.27001953125,1376.3199462890625,1556300
2026-01-26,1406.5928955078125,1413.3499755859375,1419.949951171875,1385.1600341796875,1385.8699951171875,2001300
2026-01-27,1447.6356201171875,1454.5899658203125,1473.5899658203125,1417.0,1417.6300048828125,3473900
2026-01-28,1416.1171875,1422.9200439453125,1493.47998046875,1408.050048828125,1493.0,5036800
2026-01-29,1448.2030029296875,1455.1600341796875,1467.489990234375,1399.0899658203125,1459.3199462890625,2818900
2026-01-30,1416.1966552734375,1423.0,1466.4300537109375,1416.010009765625,1440.0400390625,2358800
2026-02-02,1434.498779296875,1441.3900146484375,1453.1600341796875,1395.4000244140625,1397.239990234375,1766600
2026-02-03,1389.2064208984375,1395.8800048828125,1445.81005859375,1371.9100341796875,1436.0400390625,2205100
2026-02-04,1332.7276611328125,1339.1300048828125,1406.0999755859375,1316.06005859375,1395.760009765625,2479400
2026-02-05,1343.7049560546875,1350.1600341796875,1368.8599853515625,1319.530029296875,1329.1199951171875,1790200
2026-02-06,1406.25439453125,1413.010009765625,1415.969970703125,1368.52001953125,1372.3699951171875,1971000
2026-02-09,1422.6556396484375,1429.489990234375,1437.0899658203125,1408.5999755859375,1415.8399658203125,1125100
2026-02-10,1408.7171630859375,1413.6199951171875,1439.8900146484375,1410.800048828125,1439.27001953125,1200600
2026-02-11,1430.65087890625,1435.6300048828125,1451.489990234375,1409.3399658203125,1440.4000244140625,1139300
2026-02-12,1401.9906005859375,1406.8699951171875,1439.25,1392.199951171875,1435.22998046875,1518100
2026-02-13,1401.7314453125,1406.6099853515625,1436.6600341796875,1401.0,1414.8499755859375,1248900
2026-02-17,1414.8558349609375,1419.780029296875,1428.5,1382.75,1392.5699462890625,1097200
2026-02-18,1463.6259765625,1468.719970703125,1476.5,1427.3800048828125,1436.469970703125,1334400
2026-02-19,1453.8701171875,1458.9300537109375,1459.7900390625,1427.5799560546875,1439.0400390625,1135200
2026-02-20,1464.4930419921875,1469.5899658203125,1487.010009765625,1448.3199462890625,1449.4200439453125,1102500
2026-02-23,1480.836181640625,1485.989990234375,1493.010009765625,1462.0,1471.4000244140625,1284200
2026-02-24,1492.605224609375,1497.800048828125,1507.3499755859375,1473.9300537109375,1500.02001953125,1538900
2026-02-25,1521.2156982421875,1526.510009765625,1547.219970703125,1516.47998046875,1522.4000244140625,1306900
2026-02-26,1458.72314453125,1463.800048828125,1514.3299560546875,1426.5899658203125,1512.8199462890625,2177900
2026-02-27,1445.5291748046875,1450.56005859375,1461.719970703125,1424.5,1430.3399658203125,1358300
2026-03-02,1418.602783203125,1423.5400390625,1442.68994140625,1411.2099609375,1417.75,1492400
2026-03-03,1356.2198486328125,1360.93994140625,1373.5,1329.030029296875,1357.5799560546875,2012500
2026-03-04,1394.5166015625,1399.3699951171875,1405.550048828125,1372.7099609375,1391.1300048828125,1486700
2026-03-05,1363.6141357421875,1368.3599853515625,1407.3800048828125,1339.449951171875,1381.1199951171875,1804500
2026-03-06,1288.3162841796875,1292.800048828125,1338.0,1286.6700439453125,1293.8599853515625,1900100
2026-03-09,1352.712158203125,1357.4200439453125,1359.0,1276.1099853515625,1284.7900390625,1808900
2026-03-10,1378.60205078125,1383.4000244140625,1407.5400390625,1369.9100341796875,1374.5899658203125,1650900
2026-03-11,1381.87060546875,1386.6800537109375,1404.780029296875,1372.0,1383.9599609375,1164700
2026-03-12,1346.892333984375,1351.5799560546875,1372.5400390625,1333.5699462890625,1372.5400390625,1780200
2026-03-13,1341.022705078125,1345.68994140625,1386.7900390625,1342.5,1367.5400390625,1179000
2026-03-16,1370.789306640625,1375.56005859375,1390.1600341796875,1368.199951171875,1379.52001953125,1310400
2026-03-17,1384.342041015625,1389.1600341796875,1391.06005859375,1369.31005859375,1385.050048828125,1135600
2026-03-18,1350.469970703125,1355.1700439453125,1381.2900390625,1354.02001953125,1373.3699951171875,1391400
2026-03-19,1361.6510009765625,1366.3900146484375,1372.4599609375,1310.3699951171875,1315.239990234375,1619100
2026-03-20,1312.681396484375,1317.25,1370.0,1291.0999755859375,1357.260009765625,2645100
2026-03-23,1364.869873046875,1369.6199951171875,1400.3900146484375,1348.1099853515625,1359.72998046875,1983200
2026-03-24,1394.5665283203125,1399.4200439453125,1413.280029296875,1348.6800537109375,1349.1199951171875,1801000
2026-03-25,1389.0555419921875,1393.8900146484375,1405.8299560546875,1366.68994140625,1394.0899658203125,1610000
2026-03-26,1324.888916015625,1329.5,1359.4200439453125,1326.8499755859375,1356.81005859375,1721100
2026-03-27,1297.9527587890625,1302.469970703125,1333.780029296875,1298.52001953125,1318.4300537109375,1759700
2026-03-30,1249.6109619140625,1253.9599609375,1322.9200439453125,1248.1099853515625,1318.77001953125,2144500
2026-03-31,1316.2490234375,1320.8299560546875,1322.4100341796875,1276.010009765625,1284.3299560546875,1731500
2026-04-01,1355.0440673828125,1359.760009765625,1385.719970703125,1344.56005859375,1345.6400146484375,1745000
2026-04-02,1312.6614990234375,1317.22998046875,1356.199951171875,1298.1800537109375,1305.5400390625,1883400
2026-04-06,1299.4873046875,1304.010009765625,1320.0,1280.3599853515625,1315.1099853515625,1299200
2026-04-07,1301.9189453125,1306.449951171875,1309.0,1272.2099609375,1290.43994140625,1368900
2026-04-08,1416.12158203125,1421.050048828125,1429.2900390625,1384.22998046875,1421.0,2427300
2026-04-09,1443.61572265625,1448.6400146484375,1453.550048828125,1412.1199951171875,1412.1199951171875,1579700
2026-04-10,1473.1529541015625,1478.280029296875,1502.5,1473.719970703125,1482.3499755859375,1519600
2026-04-13,1494.996826171875,1500.199951171875,1500.800048828125,1461.030029296875,1465.1600341796875,1709400
2026-04-14,1513.0341796875,1518.300048828125,1531.97998046875,1496.97998046875,1526.3900146484375,1769200
2026-04-15,1476.6307373046875,1481.77001953125,1486.1700439453125,1415.25,1473.530029296875,4251700
2026-04-16,1405.936767578125,1410.8299560546875,1453.9200439453125,1406.5,1453.0,2626700
2026-04-17,1454.737060546875,1459.800048828125,1472.47998046875,1445.68994140625,1463.760009765625,1876500
2026-04-20,1471.379150390625,1476.5,1479.300048828125,1452.0,1461.489990234375,1091900
2026-04-21,1453.909912109375,1458.969970703125,1480.1700439453125,1446.25,1476.0899658203125,1274600
2026-04-22,1438.653076171875,1443.6600341796875,1477.0,1378.300048828125,1477.0,2621800
2026-04-23,1412.8828125,1417.800048828125,1450.0,1396.22998046875,1438.949951171875,1800500
2026-04-24,1452.644287109375,1457.699951171875,1472.6500244140625,1441.68994140625,1459.530029296875,1751800
2026-04-27,1430.5897216796875,1432.43994140625,1458.300048828125,1415.68994140625,1457.8399658203125,1326200
2026-04-28,1382.771728515625,1384.56005859375,1398.6300048828125,1364.81005859375,1389.72998046875,1926900
2026-04-29,1392.279296875,1394.0799560546875,1399.699951171875,1374.9200439453125,1386.7099609375,1256500
2026-04-30,1437.13134765625,1438.989990234375,1446.6500244140625,1395.0,1414.3399658203125,1414400
2026-05-01,1425.1768798828125,1427.02001953125,1444.1500244140625,1414.0,1428.2900390625,707100
2026-05-04,1384.41943359375,1386.2099609375,1417.0699462890625,1366.7900390625,1401.77001953125,1755700
2026-05-05,1441.0562744140625,1442.9200439453125,1454.800048828125,1414.3900146484375,1432.4200439453125,1621400
2026-05-06,1542.7447509765625,1544.739990234375,1545.52001953125,1496.0,1503.0899658203125,2312400
2026-05-07,1514.64111328125,1516.5999755859375,1550.0,1497.81005859375,1548.739990234375,1726700
2026-05-08,1589.9637451171875,1592.02001953125,1595.31005859375,1531.1600341796875,1538.530029296875,2288300
2026-05-11,1563.78759765625,1565.81005859375,1567.989990234375,1521.3599853515625,1559.300048828125,2191300
2026-05-12,1518.9754638671875,1520.93994140625,1535.1099853515625,1475.0,1526.1400146484375,1846800
2026-05-13,1579.537109375,1581.5799560546875,1602.5999755859375,1521.0799560546875,1539.3900146484375,1691200
2026-05-14,1582.46337890625,1584.510009765625,1603.489990234375,1563.280029296875,1573.739990234375,1412600
2026-05-15,1499.8702392578125,1501.81005859375,1527.25,1486.6400146484375,1511.739990234375,1807400
2026-05-18,1470.48828125,1472.3900146484375,1522.489990234375,1453.3399658203125,1521.25,1664400
2026-05-19,1457.554931640625,1459.43994140625,1485.760009765625,1441.31005859375,1449.9300537109375,1395400
2026-05-20,1548.1278076171875,1550.1300048828125,1555.800048828125,1492.3199462890625,1502.3800048828125,1744500
2026-05-21,1589.9437255859375,1592.0,1601.7900390625,1545.93994140625,1548.6800537109375,1358400
2026-05-22,1630.7908935546875,1632.9000244140625,1653.530029296875,1615.8499755859375,1620.030029296875,1666700
2026-05-26,1629.9219970703125,1632.030029296875,1648.010009765625,1604.25,1641.8499755859375,1651000
2026-05-27,1595.80615234375,1597.8699951171875,1639.1300048828125,1583.0,1637.3499755859375,1361600
2026-05-28,1603.6959228515625,1605.77001953125,1627.530029296875,1580.0,1617.0899658203125,971600
2026-05-29,1610.6768798828125,1612.760009765625,1654.199951171875,1604.8599853515625,1633.469970703125,1069400
2026-06-01,1626.4664306640625,1628.5699462890625,1646.530029296875,1585.6099853515625,1594.469970703125,1058900
2026-06-02,1703.167236328125,1705.3699951171875,1708.3199462890625,1647.5899658203125,1659.68994140625,1484000
2026-06-03,1724.130126953125,1726.3599853515625,1743.27001953125,1690.0,1709.31005859375,1826900
2026-06-04,1755.199951171875,1757.469970703125,1779.2900390625,1672.4300537109375,1679.800048828125,2248200
2026-06-05,1639.6195068359375,1641.739990234375,1705.47998046875,1638.3800048828125,1685.3599853515625,2744600
2026-06-08,1746.7808837890625,1749.0400390625,1769.489990234375,1719.02001953125,1732.7900390625,2062100
2026-06-09,1775.4737548828125,1777.77001953125,1831.1099853515625,1676.280029296875,1776.6199951171875,3151400
2026-06-10,1731.949951171875,1734.18994140625,1812.0,1723.2099609375,1746.4599609375,2586400
2026-06-11,1897.0264892578125,1899.47998046875,1903.5,1775.0999755859375,1780.0,2965600
2026-06-12,1861.14306640625,1863.550048828125,1892.800048828125,1839.0,1847.6199951171875,2529600
2026-06-15,1890.2154541015625,1892.6600341796875,1913.699951171875,1865.0,1894.5400390625,2339100
2026-06-16,1801.56005859375,1803.8900146484375,1881.1600341796875,1802.6099853515625,1872.010009765625,1797600
2026-06-17,1865.4173583984375,1867.8299560546875,1938.489990234375,1865.3199462890625,1897.199951171875,2322900
2026-06-18,1927.1876220703125,1929.6800537109375,1942.8699951171875,1909.530029296875,1924.1800537109375,2406100
2026-06-22,1926.7581787109375,1929.25,1959.0400390625,1886.43994140625,1953.52001953125,1793300
2026-06-23,1776.162841796875,1778.4599609375,1812.949951171875,1755.969970703125,1777.699951171875,2415700
2026-06-24,1760.4931640625,1762.77001953125,1779.6500244140625,1730.2900390625,1750.4200439453125,2028200
2026-06-25,1838.8018798828125,1841.1800537109375,1855.9100341796875,1777.0400390625,1855.5,2197000
2026-06-26,1792.302001953125,1794.6199951171875,1809.0,1767.6400146484375,1781.6600341796875,2840000
2026-06-29,1880.677734375,1883.1099853515625,1886.1199951171875,1772.52001953125,1798.949951171875,1760500
2026-06-30,1986.870361328125,1989.43994140625,1999.9599609375,1913.8800048828125,1915.5,2712600
2026-07-01,1840.6595458984375,1843.0400390625,1943.0,1832.6300048828125,1916.280029296875,2584700
2026-07-02,1767.03466796875,1769.3199462890625,1858.4000244140625,1748.02001953125,1843.97998046875,2699100
2026-07-06,1822.712646484375,1825.0699462890625,1868.5999755859375,1813.3299560546875,1830.0,1945000
2026-07-07,1745.023193359375,1747.280029296875,1761.0400390625,1717.31005859375,1737.1300048828125,1863900
2026-07-08,1766.3656005859375,1768.6500244140625,1780.6600341796875,1729.3800048828125,1733.6800537109375,1424500
2026-07-09,1801.9195556640625,1804.25,1858.72998046875,1796.760009765625,1835.4599609375,1547400
2026-07-10,1794.9984130859375,1797.3199462890625,1815.1800537109375,1766.6600341796875,1783.8800048828125,1218400
2026-07-13,1723.8106689453125,1726.0400390625,1775.7900390625,1718.0799560546875,1773.5400390625,1419800
2026-07-14,1773.3465576171875,1775.6400146484375,1798.27001953125,1749.8599853515625,1787.449951171875,2529100
2026-07-15,1812.9254150390625,1815.27001953125,1830.0,1735.6500244140625,1825.06005859375,4189300
2026-07-16,1782.5645751953125,1784.8699951171875,1853.449951171875,1779.1199951171875,1796.9100341796875,2581400
2026-07-17,1745.32275390625,1747.5799560546875,1790.9100341796875,1703.4000244140625,1733.780029296875,2209400
2026-07-20,1736.7738037109375,1739.02001953125,1798.3399658203125,1728.5999755859375,1778.68994140625,1639000
2026-07-21,1799.18310546875,1801.510009765625,1823.8800048828125,1785.5400390625,1801.199951171875,1681100
2026-07-22,1799.5325927734375,1801.8599853515625,1817.199951171875,1767.0400390625,1767.6500244140625,1007400
2026-07-23,1800.671142578125,1803.0,1823.5799560546875,1780.239990234375,1782.1199951171875,1106700
2026-07-24,1754.8204345703125,1757.0899658203125,1797.8699951171875,1739.8800048828125,1789.8800048828125,1315000
2026-07-27,1653.1220703125,1655.260009765625,1746.699951171875,1613.3399658203125,1739.18994140625,3325500
2026-07-28,1582.949951171875,1582.949951171875,1599.8800048828125,1553.5799560546875,1580.5,3010100
2026-07-29,1550.68994140625,1550.68994140625,1621.4599609375,1530.6400146484375,1569.3900146484375,2538800
2026-07-30,1651.43994140625,1651.43994140625,1676.780029296875,1626.43994140625,1645.0699462890625,2170500
2026-07-31,1629.0,1629.0,1692.1500244140625,1624.7099609375,1683.3800048828125,1601400
2026-08-03,1642.52001953125,1642.52001953125,1655.199951171875,1582.0,1609.68994140625,1437400
2026-08-04,1711.8900146484375,1711.8900146484375,1717.56005859375,1686.010009765625,1700.0400390625,1526700
2026-08-05,1678.219970703125,1678.219970703125,1729.06005859375,1671.75,1700.4200439453125,1221000
2026-08-06,1704.3699951171875,1704.3699951171875,1735.530029296875,1672.1099853515625,1695.3900146484375,1072500
2026-08-07,1740.989990234375,1740.989990234375,1761.31005859375,1720.1099853515625,1759.7099609375,1064900
2026-08-10,1733.47998046875,1733.47998046875,1794.469970703125,1732.81005859375,1793.010009765625,1107000
2026-08-11,1799.3800048828125,1799.3800048828125,1819.5899658203125,1778.3199462890625,1793.9300537109375,1479700
2026-08-12,1810.0699462890625,1810.0699462890625,1845.0,1807.3800048828125,1832.6300048828125,1388800
2026-08-13,1847.9000244140625,1847.9000244140625,1873.68994140625,1813.300048828125,1819.0699462890625,1237900
2026-08-14,1844.0799560546875,1844.0799560546875,1853.3199462890625,1820.4100341796875,1839.18994140625,929000
2026-08-17,1883.1199951171875,1883.1199951171875,1896.3499755859375,1860.1199951171875,1871.6800537109375,1285400
2026-08-18,1802.97998046875,1802.97998046875,1820.4100341796875,1775.699951171875,1809.0,1509300
2026-08-19,1751.72998046875,1751.72998046875,1804.280029296875,1748.8499755859375,1797.719970703125,1463600
2026-08-20,1750.31005859375,1750.31005859375,1775.8199462890625,1741.02001953125,1743.760009765625,825400
2026-08-21,1763.760009765625,1763.760009765625,1771.0,1741.0,1763.510009765625,972400
2026-08-24,1740.1300048828125,1740.1300048828125,1761.97998046875,1727.5699462890625,1761.56005859375,1202000
2026-08-25,1744.1600341796875,1744.1600341796875,1769.989990234375,1735.8699951171875,1759.1500244140625,808900
2026-08-26,1745.6400146484375,1745.6400146484375,1761.7099609375,1732.3499755859375,1746.3299560546875,873500
2026-08-27,1735.010009765625,1735.010009765625,1751.780029296875,1719.1099853515625,1746.530029296875,1027200
2026-08-28,1696.1600341796875,1696.1600341796875,1740.0,1692.8800048828125,1734.75,1257700
2026-08-31,1696.010009765625,1696.010009765625,1716.9000244140625,1679.3299560546875,1708.6800537109375,1212100
2026-09-01,1665.1400146484375,1665.1400146484375,1684.0,1651.2099609375,1680.739990234375,1004800
2026-09-02,1682.300048828125,1682.300048828125,1688.6600341796875,1650.199951171875,1672.2099609375,872800
2026-09-03,1646.18994140625,1646.18994140625,1656.31005859375,1619.3399658203125,1642.3900146484375,1437500
2026-09-04,1714.8800048828125,1714.8800048828125,1721.5899658203125,1675.925048828125,1679.550048828125,1261775
