date,Close,High,Low,Open
2026-09-28 13:30:00+00:00,353.59,353.97,352.25,352.575
2026-09-28 13:31:00+00:00,355.505,355.81,353.5,353.67
2026-09-28 13:32:00+00:00,355.245,355.685,354.85,355.36
2026-09-28 13:33:00+00:00,353.96,355.79,353.475,355.18
2026-09-28 13:34:00+00:00,354.12,354.93,353.905,354.08
2026-09-28 13:35:00+00:00,352.72,354.085,352.41,354.085
2026-09-28 13:36:00+00:00,352.58,352.985,351.97,352.71
2026-09-28 13:37:00+00:00,352.495,353.395,352.445,352.63
2026-09-28 13:38:00+00:00,352.145,352.855,351.71,351.71
2026-09-28 13:39:00+00:00,351.5,352.615,351.46,352.21
2026-09-28 13:40:00+00:00,351.75,351.91,351.04,351.265
2026-09-28 13:41:00+00:00,351.56,352.385,351.425,351.745
2026-09-28 13:42:00+00:00,352.445,352.465,351.56,351.56
2026-09-28 13:43:00+00:00,352.945,353.08,352.3,352.465
2026-09-28 13:44:00+00:00,351.815,352.985,351.75,352.985
2026-09-28 13:45:00+00:00,352.51,352.71,351.415,351.435
2026-09-28 13:46:00+00:00,352.38,352.565,352.09,352.515
2026-09-28 13:47:00+00:00,352.335,352.67,352.28,352.41
2026-09-28 13:48:00+00:00,352.55,352.71,352.04,352.42
2026-09-28 13:49:00+00:00,352.48,352.945,352.425,352.495
2026-09-28 13:50:00+00:00,352.13,352.585,351.69,351.69
2026-09-28 13:51:00+00:00,351.87,352.2,351.56,352.165
2026-09-28 13:52:00+00:00,351.975,352.04,351.7,351.87
2026-09-28 13:53:00+00:00,352.25,352.39,351.89,351.97
2026-09-28 13:54:00+00:00,352.4,352.5,352.095,352.255
2026-09-28 13:55:00+00:00,351.645,352.38,351.575,352.335
2026-09-28 13:56:00+00:00,352.16,352.275,351.495,351.57
2026-09-28 13:57:00+00:00,352.355,352.425,352.065,352.065
2026-09-28 13:58:00+00:00,352.125,352.51,352.075,352.355
2026-09-28 13:59:00+00:00,351.975,352.225,351.625,352.135
2026-09-28 14:00:00+00:00,352.2,352.27,351.665,351.985
2026-09-28 14:01:00+00:00,351.62,352.205,351.55,351.895
2026-09-28 14:02:00+00:00,351.655,351.825,351.43,351.64
2026-09-28 14:03:00+00:00,351.625,351.805,351.6,351.645
2026-09-28 14:04:00+00:00,351.475,351.84,351.47,351.57
2026-09-28 14:05:00+00:00,351.19,351.68,351.16,351.6
2026-09-28 14:06:00+00:00,351.375,351.385,351.035,351.18
2026-09-28 14:07:00+00:00,351.295,351.61,351.035,351.355
2026-09-28 14:08:00+00:00,351.195,351.375,351.04,351.135
2026-09-28 14:09:00+00:00,351.335,351.605,351.205,351.205
2026-09-28 14:10:00+00:00,350.955,351.275,350.825,351.135
2026-09-28 14:11:00+00:00,350.78,351.045,350.565,350.765
2026-09-28 14:12:00+00:00,350.62,350.8,350.52,350.775
2026-09-28 14:13:00+00:00,350.615,350.875,350.535,350.87
2026-09-28 14:14:00+00:00,350.145,350.74,350.04,350.665
2026-09-28 14:15:00+00:00,350.555,350.735,350.12,350.27
2026-09-28 14:16:00+00:00,350.625,350.7,350.425,350.555
2026-09-28 14:17:00+00:00,350.755,350.765,350.585,350.645
2026-09-28 14:18:00+00:00,350.905,350.95,350.715,350.73
2026-09-28 14:19:00+00:00,351.015,351.025,350.825,350.95
2026-09-28 14:20:00+00:00,350.915,351.08,350.665,350.95
2026-09-28 14:21:00+00:00,350.925,351.03,350.78,350.985
2026-09-28 14:22:00+00:00,351.5,351.5,350.935,350.935
2026-09-28 14:23:00+00:00,351.175,351.48,351.17,351.295
2026-09-28 14:24:00+00:00,351.17,351.355,351.0,351.33
2026-09-28 14:25:00+00:00,351.09,351.26,350.995,351.175
2026-09-28 14:26:00+00:00,351.105,351.3,350.9,351.165
2026-09-28 14:27:00+00:00,350.915,351.175,350.89,351.075
2026-09-28 14:28:00+00:00,350.91,351.01,350.655,350.915
2026-09-28 14:29:00+00:00,350.805,350.965,350.61,350.895
2026-09-28 14:30:00+00:00,350.65,350.83,350.54,350.805
2026-09-28 14:31:00+00:00,350.595,350.67,350.53,350.59
2026-09-28 14:32:00+00:00,350.86,351.02,350.55,350.565
2026-09-28 14:33:00+00:00,350.765,351.04,350.615,350.945
2026-09-28 14:34:00+00:00,350.94,350.985,350.66,350.66
2026-09-28 14:35:00+00:00,350.65,350.96,350.565,350.96
2026-09-28 14:36:00+00:00,350.345,350.73,350.15,350.65
2026-09-28 14:37:00+00:00,350.005,350.52,349.855,350.345
2026-09-28 14:38:00+00:00,349.71,350.025,349.63,350.0
2026-09-28 14:39:00+00:00,349.6,349.83,349.545,349.685
2026-09-28 14:40:00+00:00,349.49,349.74,349.41,349.59
2026-09-28 14:41:00+00:00,349.625,349.715,349.295,349.49
2026-09-28 14:42:00+00:00,349.47,349.655,349.375,349.585
2026-09-28 14:43:00+00:00,349.11,349.455,349.055,349.41
2026-09-28 14:44:00+00:00,348.81,348.905,348.64,348.885
2026-09-28 14:45:00+00:00,348.415,348.86,348.14,348.78
2026-09-28 14:46:00+00:00,347.9,348.55,347.845,348.5
2026-09-28 14:47:00+00:00,347.655,347.89,347.405,347.885
2026-09-28 14:48:00+00:00,347.84,347.88,347.35,347.64
2026-09-28 14:49:00+00:00,348.1,348.1,347.82,347.845
2026-09-28 14:50:00+00:00,348.39,348.55,348.08,348.145
2026-09-28 14:51:00+00:00,348.715,348.92,348.35,348.36
2026-09-28 14:52:00+00:00,348.62,348.97,348.495,348.495
2026-09-28 14:53:00+00:00,348.875,348.955,348.55,348.57
2026-09-28 14:54:00+00:00,348.805,349.01,348.6,348.82
2026-09-28 14:55:00+00:00,348.715,348.99,348.635,348.805
2026-09-28 14:56:00+00:00,349.26,349.27,348.645,348.645
2026-09-28 14:57:00+00:00,349.14,349.255,348.905,349.24
2026-09-28 14:58:00+00:00,348.89,349.17,348.805,349.05
2026-09-28 14:59:00+00:00,348.875,349.015,348.775,348.93
2026-09-28 15:00:00+00:00,349.065,349.115,348.79,348.86
2026-09-28 15:01:00+00:00,349.05,349.15,348.84,349.085
2026-09-28 15:02:00+00:00,349.19,349.435,349.09,349.115
2026-09-28 15:03:00+00:00,349.385,349.5,349.16,349.22
2026-09-28 15:04:00+00:00,349.365,349.49,349.305,349.38
2026-09-28 15:05:00+00:00,349.23,349.52,349.19,349.36
2026-09-28 15:06:00+00:00,349.395,349.5,349.035,349.23
2026-09-28 15:07:00+00:00,349.7,349.77,349.11,349.11
2026-09-28 15:08:00+00:00,349.575,349.825,349.52,349.78
2026-09-28 15:09:00+00:00,349.685,349.815,349.54,349.54
2026-09-28 15:10:00+00:00,349.6,349.89,349.6,349.73
2026-09-28 15:11:00+00:00,349.525,349.67,349.42,349.42
2026-09-28 15:12:00+00:00,349.65,349.655,349.435,349.5
2026-09-28 15:13:00+00:00,349.565,349.73,349.565,349.67
2026-09-28 15:14:00+00:00,349.47,349.58,349.375,349.58
2026-09-28 15:15:00+00:00,349.435,349.515,349.38,349.47
2026-09-28 15:16:00+00:00,349.225,349.435,349.185,349.37
2026-09-28 15:17:00+00:00,349.09,349.235,348.97,349.19
2026-09-28 15:18:00+00:00,349.335,349.43,349.01,349.02
2026-09-28 15:19:00+00:00,349.485,349.51,349.305,349.33
2026-09-28 15:20:00+00:00,349.42,349.54,349.375,349.385
2026-09-28 15:21:00+00:00,349.205,349.47,349.105,349.47
2026-09-28 15:22:00+00:00,349.165,349.59,349.035,349.59
2026-09-28 15:23:00+00:00,349.5,349.56,349.125,349.205
2026-09-28 15:24:00+00:00,349.705,349.865,349.6,349.6
2026-09-28 15:25:00+00:00,349.83,349.96,349.55,349.67
2026-09-28 15:26:00+00:00,350.075,350.12,349.81,349.88
2026-09-28 15:27:00+00:00,349.935,350.19,349.885,350.155
2026-09-28 15:28:00+00:00,349.93,349.985,349.81,349.91
2026-09-28 15:29:00+00:00,349.91,350.04,349.83,349.94
2026-09-28 15:30:00+00:00,350.06,350.11,349.78,349.91
2026-09-28 15:31:00+00:00,349.94,350.145,349.91,350.065
2026-09-28 15:32:00+00:00,350.25,350.25,349.95,349.95
2026-09-28 15:33:00+00:00,350.18,350.31,350.04,350.235
2026-09-28 15:34:00+00:00,350.065,350.175,349.965,350.175
2026-09-28 15:35:00+00:00,350.13,350.13,350.005,350.13
2026-09-28 15:36:00+00:00,350.485,350.5,350.15,350.15
2026-09-28 15:37:00+00:00,350.5,350.545,350.345,350.53
2026-09-28 15:38:00+00:00,350.405,350.52,350.34,350.52
2026-09-28 15:39:00+00:00,350.73,350.735,350.325,350.475
2026-09-28 15:40:00+00:00,350.34,350.685,350.34,350.685
2026-09-28 15:41:00+00:00,349.845,350.32,349.845,350.32
2026-09-28 15:42:00+00:00,349.825,349.975,349.78,349.945
2026-09-28 15:43:00+00:00,349.685,349.905,349.545,349.905
2026-09-28 15:44:00+00:00,349.995,350.07,349.685,349.7
2026-09-28 15:45:00+00:00,350.09,350.095,349.905,349.995
2026-09-28 15:46:00+00:00,349.905,350.08,349.88,350.05
2026-09-28 15:47:00+00:00,350.095,350.105,349.875,349.965
2026-09-28 15:48:00+00:00,349.905,350.11,349.6,350.1
2026-09-28 15:49:00+00:00,349.86,349.975,349.78,349.89
2026-09-28 15:50:00+00:00,350.04,350.17,349.775,349.84
2026-09-28 15:51:00+00:00,349.985,350.04,349.735,350.04
2026-09-28 15:52:00+00:00,349.825,350.015,349.705,349.985
2026-09-28 15:53:00+00:00,350.255,350.255,349.83,349.83
2026-09-28 15:54:00+00:00,350.53,350.585,350.225,350.245
2026-09-28 15:55:00+00:00,350.585,350.78,350.505,350.53
2026-09-28 15:56:00+00:00,350.94,350.95,350.585,350.62
2026-09-28 15:57:00+00:00,350.6,350.96,350.595,350.935
2026-09-28 15:58:00+00:00,350.335,350.7,350.285,350.6
2026-09-28 15:59:00+00:00,350.4,350.61,350.33,350.33
2026-09-28 16:00:00+00:00,350.295,350.455,350.135,350.38
2026-09-28 16:01:00+00:00,350.145,350.31,350.01,350.295
2026-09-28 16:02:00+00:00,350.085,350.165,350.025,350.14
2026-09-28 16:03:00+00:00,350.08,350.165,349.885,350.085
2026-09-28 16:04:00+00:00,350.1,350.16,350.045,350.065
2026-09-28 16:05:00+00:00,349.83,350.14,349.775,350.1
2026-09-28 16:06:00+00:00,350.08,350.19,349.69,349.83
2026-09-28 16:07:00+00:00,350.175,350.31,350.005,350.08
2026-09-28 16:08:00+00:00,350.345,350.49,350.15,350.175
2026-09-28 16:09:00+00:00,350.485,350.53,350.225,350.34
2026-09-28 16:10:00+00:00,350.46,350.715,350.285,350.285
2026-09-28 16:11:00+00:00,350.58,350.715,350.34,350.34
2026-09-28 16:12:00+00:00,350.455,350.63,350.36,350.4
2026-09-28 16:13:00+00:00,350.545,350.63,350.3,350.3
2026-09-28 16:14:00+00:00,350.46,350.63,350.395,350.395
2026-09-28 16:15:00+00:00,350.375,350.575,350.22,350.46
2026-09-28 16:16:00+00:00,351.08,351.12,350.22,350.25
2026-09-28 16:17:00+00:00,351.055,351.25,350.82,351.025
2026-09-28 16:18:00+00:00,350.895,351.145,350.895,351.08
2026-09-28 16:19:00+00:00,351.1,351.12,350.715,350.83
2026-09-28 16:20:00+00:00,351.39,351.465,350.955,351.12
2026-09-28 16:21:00+00:00,351.585,351.59,351.355,351.385
2026-09-28 16:22:00+00:00,351.605,351.815,351.52,351.595
2026-09-28 16:23:00+00:00,351.435,351.65,351.145,351.61
2026-09-28 16:24:00+00:00,351.4,351.67,351.395,351.43
2026-09-28 16:25:00+00:00,351.74,351.765,351.435,351.58
2026-09-28 16:26:00+00:00,352.24,352.5,351.655,351.765
2026-09-28 16:27:00+00:00,352.44,352.67,352.07,352.24
2026-09-28 16:28:00+00:00,352.22,352.47,352.08,352.335
2026-09-28 16:29:00+00:00,352.155,352.38,351.99,352.22
2026-09-28 16:30:00+00:00,351.85,352.115,351.735,352.115
2026-09-28 16:31:00+00:00,351.755,351.98,351.705,351.85
2026-09-28 16:32:00+00:00,351.495,352.09,351.415,351.82
2026-09-28 16:33:00+00:00,351.675,351.745,351.43,351.475
2026-09-28 16:34:00+00:00,351.68,351.88,351.64,351.715
2026-09-28 16:35:00+00:00,351.86,351.98,351.705,351.705
2026-09-28 16:36:00+00:00,352.01,352.09,351.865,351.865
2026-09-28 16:37:00+00:00,351.99,352.055,351.86,351.95
2026-09-28 16:38:00+00:00,351.665,352.12,351.645,352.02
2026-09-28 16:39:00+00:00,351.69,351.7,351.545,351.665
2026-09-28 16:40:00+00:00,351.705,351.915,351.68,351.68
2026-09-28 16:41:00+00:00,351.42,351.72,351.42,351.635
2026-09-28 16:42:00+00:00,351.235,351.54,351.14,351.42
2026-09-28 16:43:00+00:00,351.24,351.33,351.195,351.195
2026-09-28 16:44:00+00:00,351.22,351.315,351.18,351.19
2026-09-28 16:45:00+00:00,351.57,351.67,351.255,351.255
2026-09-28 16:46:00+00:00,351.555,351.76,351.365,351.49
2026-09-28 16:47:00+00:00,351.505,351.73,351.495,351.555
2026-09-28 16:48:00+00:00,351.36,351.42,351.26,351.41
2026-09-28 16:49:00+00:00,351.37,351.49,351.28,351.34
2026-09-28 16:50:00+00:00,351.08,351.5,351.08,351.465
2026-09-28 16:51:00+00:00,351.14,351.17,351.0,351.11
2026-09-28 16:52:00+00:00,351.235,351.335,350.985,351.14
2026-09-28 16:53:00+00:00,351.155,351.345,351.045,351.045
2026-09-28 16:54:00+00:00,351.31,351.46,351.145,351.4
2026-09-28 16:55:00+00:00,351.13,351.415,351.13,351.415
2026-09-28 16:56:00+00:00,351.11,351.22,351.045,351.13
2026-09-28 16:57:00+00:00,350.845,351.15,350.845,351.11
2026-09-28 16:58:00+00:00,350.915,350.97,350.805,350.91
2026-09-28 16:59:00+00:00,350.77,350.94,350.7,350.885
2026-09-28 17:00:00+00:00,350.345,350.7,350.23,350.7
2026-09-28 17:01:00+00:00,350.62,350.65,350.345,350.345
2026-09-28 17:02:00+00:00,350.68,350.68,350.44,350.645
2026-09-28 17:03:00+00:00,350.585,350.645,350.565,350.645
2026-09-28 17:04:00+00:00,350.645,350.785,350.63,350.7
2026-09-28 17:05:00+00:00,350.65,350.76,350.63,350.76
2026-09-28 17:06:00+00:00,350.58,350.62,350.41,350.605
2026-09-28 17:07:00+00:00,350.475,350.715,350.475,350.63
2026-09-28 17:08:00+00:00,350.54,350.655,350.39,350.55
2026-09-28 17:09:00+00:00,350.545,350.62,350.415,350.525
2026-09-28 17:10:00+00:00,350.49,350.575,350.385,350.46
2026-09-28 17:11:00+00:00,351.7,351.8,350.47,350.485
2026-09-28 17:12:00+00:00,351.73,352.08,351.475,351.475
2026-09-28 17:13:00+00:00,351.875,352.045,351.61,351.61
2026-09-28 17:14:00+00:00,352.17,352.17,351.54,351.54
2026-09-28 17:15:00+00:00,352.05,352.17,351.78,352.17
2026-09-28 17:16:00+00:00,351.87,352.18,351.805,352.045
2026-09-28 17:17:00+00:00,351.66,352.01,351.435,351.91
2026-09-28 17:18:00+00:00,351.145,351.675,351.09,351.66
2026-09-28 17:19:00+00:00,351.045,351.17,350.91,351.145
2026-09-28 17:20:00+00:00,351.12,351.175,350.93,351.045
2026-09-28 17:21:00+00:00,351.06,351.19,351.045,351.1
2026-09-28 17:22:00+00:00,351.085,351.23,351.025,351.055
2026-09-28 17:23:00+00:00,351.105,351.365,351.07,351.085
2026-09-28 17:24:00+00:00,351.36,351.525,351.11,351.11
2026-09-28 17:25:00+00:00,351.31,351.385,351.2,351.345
2026-09-28 17:26:00+00:00,350.995,351.25,350.915,351.25
2026-09-28 17:27:00+00:00,351.05,351.12,350.92,351.025
2026-09-28 17:28:00+00:00,351.08,351.165,351.07,351.075
2026-09-28 17:29:00+00:00,351.06,351.265,351.045,351.08
2026-09-28 17:30:00+00:00,351.315,351.42,351.1,351.16
2026-09-28 17:31:00+00:00,351.605,351.63,351.32,351.32
2026-09-28 17:32:00+00:00,351.775,351.84,351.52,351.615
2026-09-28 17:33:00+00:00,351.665,351.81,351.61,351.635
2026-09-28 17:34:00+00:00,351.625,351.655,351.415,351.615
2026-09-28 17:35:00+00:00,351.67,351.67,351.515,351.56
2026-09-28 17:36:00+00:00,351.75,351.835,351.62,351.74
2026-09-28 17:37:00+00:00,351.44,351.89,351.36,351.705
2026-09-28 17:38:00+00:00,351.67,351.705,351.435,351.435
2026-09-28 17:39:00+00:00,351.59,351.66,351.47,351.625
2026-09-28 17:40:00+00:00,351.56,351.735,351.48,351.585
2026-09-28 17:41:00+00:00,351.57,351.68,351.51,351.56
2026-09-28 17:42:00+00:00,351.2,351.575,351.13,351.565
2026-09-28 17:43:00+00:00,351.17,351.27,351.05,351.15
2026-09-28 17:44:00+00:00,351.04,351.205,350.99,351.195
2026-09-28 17:45:00+00:00,351.13,351.3,351.04,351.07
2026-09-28 17:46:00+00:00,351.135,351.235,351.04,351.18
2026-09-28 17:47:00+00:00,351.15,351.185,351.025,351.145
2026-09-28 17:48:00+00:00,351.215,351.275,351.035,351.06
2026-09-28 17:49:00+00:00,351.12,351.27,351.105,351.215
2026-09-28 17:50:00+00:00,351.125,351.25,351.05,351.12
2026-09-28 17:51:00+00:00,351.225,351.225,351.0,351.085
2026-09-28 17:52:00+00:00,351.325,351.385,351.165,351.31
2026-09-28 17:53:00+00:00,351.345,351.345,350.65,350.675
2026-09-28 17:54:00+00:00,351.28,351.39,350.695,350.695
2026-09-28 17:55:00+00:00,351.19,351.285,350.985,351.275
2026-09-28 17:56:00+00:00,351.18,351.23,351.125,351.18
2026-09-28 17:57:00+00:00,351.215,351.35,350.615,350.615
2026-09-28 17:58:00+00:00,351.19,351.36,351.165,351.24
2026-09-28 17:59:00+00:00,351.21,351.27,351.085,351.2
2026-09-28 18:00:00+00:00,351.295,351.36,350.625,350.625
2026-09-28 18:01:00+00:00,351.125,351.195,350.625,350.63
2026-09-28 18:02:00+00:00,351.24,351.28,350.97,351.11
2026-09-28 18:03:00+00:00,351.24,351.27,350.61,350.63
2026-09-28 18:04:00+00:00,351.21,351.395,351.13,351.23
2026-09-28 18:05:00+00:00,351.27,351.315,351.19,351.21
2026-09-28 18:06:00+00:00,351.245,351.32,350.635,351.29
2026-09-28 18:07:00+00:00,351.11,351.275,351.015,351.24
2026-09-28 18:08:00+00:00,351.07,351.12,350.99,351.095
2026-09-28 18:09:00+00:00,351.08,351.14,350.55,350.55
2026-09-28 18:10:00+00:00,350.98,351.125,350.98,351.07
2026-09-28 18:11:00+00:00,351.175,351.175,350.98,350.985
2026-09-28 18:12:00+00:00,350.995,351.19,350.975,351.1
2026-09-28 18:13:00+00:00,350.935,351.025,350.88,350.995
2026-09-28 18:14:00+00:00,351.05,351.05,350.93,350.955
2026-09-28 18:15:00+00:00,351.09,351.17,350.975,351.03
2026-09-28 18:16:00+00:00,351.075,351.145,350.555,350.555
2026-09-28 18:17:00+00:00,350.98,351.165,350.95,351.075
2026-09-28 18:18:00+00:00,351.055,351.13,350.505,350.505
2026-09-28 18:19:00+00:00,350.99,351.215,350.545,350.545
2026-09-28 18:20:00+00:00,350.935,351.045,350.87,351.015
2026-09-28 18:21:00+00:00,351.085,351.11,350.895,350.915
2026-09-28 18:22:00+00:00,351.16,351.18,351.04,351.08
2026-09-28 18:23:00+00:00,350.9,351.16,350.56,350.56
2026-09-28 18:24:00+00:00,350.79,350.895,350.455,350.455
2026-09-28 18:25:00+00:00,350.8,350.86,350.75,350.79
2026-09-28 18:26:00+00:00,350.8,350.815,350.75,350.8
2026-09-28 18:27:00+00:00,350.825,350.9,350.7,350.715
2026-09-28 18:28:00+00:00,350.775,350.895,350.71,350.765
2026-09-28 18:29:00+00:00,350.855,350.915,350.655,350.765
2026-09-28 18:30:00+00:00,351.025,351.175,350.71,350.855
2026-09-28 18:31:00+00:00,350.78,351.035,350.535,350.565
2026-09-28 18:32:00+00:00,350.765,350.845,350.62,350.77
2026-09-28 18:33:00+00:00,350.925,350.985,350.655,350.685
2026-09-28 18:34:00+00:00,350.935,351.07,350.485,350.485
2026-09-28 18:35:00+00:00,351.035,351.11,350.855,350.93
2026-09-28 18:36:00+00:00,351.045,351.17,350.895,350.895
2026-09-28 18:37:00+00:00,351.0,351.145,350.915,350.915
2026-09-28 18:38:00+00:00,350.81,351.12,350.76,351.0
2026-09-28 18:39:00+00:00,350.595,350.855,350.46,350.795
2026-09-28 18:40:00+00:00,350.635,350.73,350.3,350.32
2026-09-28 18:41:00+00:00,350.71,350.885,350.635,350.635
2026-09-28 18:42:00+00:00,350.71,350.755,350.565,350.675
2026-09-28 18:43:00+00:00,350.905,350.945,350.665,350.715
2026-09-28 18:44:00+00:00,351.095,351.115,350.48,350.485
2026-09-28 18:45:00+00:00,351.035,351.22,350.54,350.595
2026-09-28 18:46:00+00:00,350.965,351.09,350.52,350.54
2026-09-28 18:47:00+00:00,351.08,351.085,350.91,351.08
2026-09-28 18:48:00+00:00,351.095,351.23,350.525,350.555
2026-09-28 18:49:00+00:00,351.19,351.24,350.995,351.085
2026-09-28 18:50:00+00:00,351.175,351.29,351.13,351.19
2026-09-28 18:51:00+00:00,351.05,351.18,350.855,351.18
2026-09-28 18:52:00+00:00,351.07,351.245,350.985,351.05
2026-09-28 18:53:00+00:00,350.96,351.255,350.865,351.01
2026-09-28 18:54:00+00:00,350.95,351.05,350.81,350.96
2026-09-28 18:55:00+00:00,350.955,351.105,350.53,351.08
2026-09-28 18:56:00+00:00,351.16,351.33,350.585,350.585
2026-09-28 18:57:00+00:00,351.14,351.29,351.08,351.16
2026-09-28 18:58:00+00:00,351.05,351.2,351.05,351.13
2026-09-28 18:59:00+00:00,350.94,351.08,350.79,350.795
2026-09-28 19:00:00+00:00,350.65,350.955,350.59,350.935
2026-09-28 19:01:00+00:00,350.75,350.905,350.62,350.64
2026-09-28 19:02:00+00:00,350.7,350.76,350.385,350.385
2026-09-28 19:03:00+00:00,350.845,350.885,350.645,350.72
2026-09-28 19:04:00+00:00,350.57,350.955,350.57,350.845
2026-09-28 19:05:00+00:00,350.725,350.785,350.57,350.665
2026-09-28 19:06:00+00:00,350.595,350.85,350.445,350.715
2026-09-28 19:07:00+00:00,350.625,350.645,350.47,350.6
2026-09-28 19:08:00+00:00,350.24,350.645,350.24,350.625
2026-09-28 19:09:00+00:00,350.35,350.44,350.115,350.265
2026-09-28 19:10:00+00:00,350.27,350.415,350.13,350.365
2026-09-28 19:11:00+00:00,350.15,350.39,350.14,350.285
2026-09-28 19:12:00+00:00,350.36,350.39,350.135,350.15
2026-09-28 19:13:00+00:00,350.125,350.465,350.115,350.405
2026-09-28 19:14:00+00:00,350.295,350.31,350.08,350.2
2026-09-28 19:15:00+00:00,350.295,350.35,350.065,350.305
2026-09-28 19:16:00+00:00,350.155,350.44,350.09,350.235
2026-09-28 19:17:00+00:00,350.13,350.29,350.095,350.095
2026-09-28 19:18:00+00:00,349.895,350.25,349.81,350.13
2026-09-28 19:19:00+00:00,349.885,349.92,349.76,349.895
2026-09-28 19:20:00+00:00,349.81,350.29,349.72,350.29
2026-09-28 19:21:00+00:00,349.815,349.94,349.61,349.78
2026-09-28 19:22:00+00:00,349.77,349.88,349.665,349.81
2026-09-28 19:23:00+00:00,349.745,349.82,349.135,349.15
2026-09-28 19:24:00+00:00,349.755,349.76,349.555,349.745
2026-09-28 19:25:00+00:00,349.95,349.985,349.74,349.76
2026-09-28 19:26:00+00:00,349.96,350.04,349.865,349.955
2026-09-28 19:27:00+00:00,349.945,350.0,349.265,349.265
2026-09-28 19:28:00+00:00,350.045,350.065,349.24,349.27
2026-09-28 19:29:00+00:00,349.81,350.065,349.265,349.275
2026-09-28 19:30:00+00:00,349.77,350.225,349.77,349.805
2026-09-28 19:31:00+00:00,349.795,349.86,349.67,349.765
2026-09-28 19:32:00+00:00,349.99,350.19,349.715,349.795
2026-09-28 19:33:00+00:00,349.93,350.125,349.82,349.99
2026-09-28 19:34:00+00:00,349.925,349.96,349.68,349.93
2026-09-28 19:35:00+00:00,349.63,350.065,349.595,349.915
2026-09-28 19:36:00+00:00,349.39,349.65,349.35,349.62
2026-09-28 19:37:00+00:00,349.16,349.36,349.115,349.35
2026-09-28 19:38:00+00:00,348.865,349.24,348.76,348.855
2026-09-28 19:39:00+00:00,348.955,348.955,348.64,348.865
2026-09-28 19:40:00+00:00,349.13,349.22,348.945,348.96
2026-09-28 19:41:00+00:00,348.975,349.175,348.92,349.15
2026-09-28 19:42:00+00:00,349.34,349.37,348.925,348.97
2026-09-28 19:43:00+00:00,348.975,349.37,348.93,349.345
2026-09-28 19:44:00+00:00,349.225,349.26,348.97,349.13
2026-09-28 19:45:00+00:00,349.5,349.545,349.015,349.015
2026-09-28 19:46:00+00:00,349.61,349.68,349.455,349.5
2026-09-28 19:47:00+00:00,349.515,349.625,349.51,349.58
2026-09-28 19:48:00+00:00,349.46,349.565,349.37,349.52
2026-09-28 19:49:00+00:00,349.155,349.465,349.125,349.465
2026-09-28 19:50:00+00:00,348.965,350.0,348.94,349.23
2026-09-28 19:51:00+00:00,349.165,349.2,348.96,348.98
2026-09-28 19:52:00+00:00,349.02,349.215,348.895,349.215
2026-09-28 19:53:00+00:00,349.09,349.11,349.01,349.04
2026-09-28 19:54:00+00:00,349.27,349.42,349.075,349.075
2026-09-28 19:55:00+00:00,349.48,349.91,349.41,349.42
2026-09-28 19:56:00+00:00,349.58,349.72,349.495,349.505
2026-09-28 19:57:00+00:00,349.71,349.715,349.46,349.595
2026-09-28 19:58:00+00:00,349.94,349.98,349.655,349.785
2026-09-28 19:59:00+00:00,349.705,349.975,349.55,349.93
2026-09-29 13:30:00+00:00,358.945,359.125,356.095,357.0
2026-09-29 13:31:00+00:00,360.56,361.17,357.54,358.955
2026-09-29 13:32:00+00:00,358.92,361.08,358.42,360.69
2026-09-29 13:33:00+00:00,358.8,359.46,358.37,359.02
2026-09-29 13:34:00+00:00,357.65,358.91,357.48,358.385
2026-09-29 13:35:00+00:00,356.05,358.06,356.05,357.81
2026-09-29 13:36:00+00:00,356.215,356.385,355.89,356.235
2026-09-29 13:37:00+00:00,357.73,358.055,356.315,356.33
2026-09-29 13:38:00+00:00,359.05,359.06,357.345,357.725
2026-09-29 13:39:00+00:00,359.91,360.0,359.015,359.015
2026-09-29 13:40:00+00:00,358.81,360.455,358.78,359.915
2026-09-29 13:41:00+00:00,359.285,359.85,358.785,358.875
2026-09-29 13:42:00+00:00,358.315,359.275,357.995,359.21
2026-09-29 13:43:00+00:00,357.82,358.825,357.775,358.32
2026-09-29 13:44:00+00:00,357.715,358.365,357.685,357.885
2026-09-29 13:45:00+00:00,358.72,359.135,357.83,357.83
2026-09-29 13:46:00+00:00,358.515,359.22,358.385,358.72
2026-09-29 13:47:00+00:00,358.495,358.995,358.31,358.415
2026-09-29 13:48:00+00:00,357.985,358.72,357.935,358.5
2026-09-29 13:49:00+00:00,357.505,358.395,357.15,357.985
2026-09-29 13:50:00+00:00,358.35,358.56,357.495,357.495
2026-09-29 13:51:00+00:00,358.845,358.98,358.19,358.36
2026-09-29 13:52:00+00:00,359.26,359.32,358.57,358.85
2026-09-29 13:53:00+00:00,359.37,360.145,358.9,360.145
2026-09-29 13:54:00+00:00,359.23,359.645,358.94,359.63
2026-09-29 13:55:00+00:00,359.54,359.585,358.855,359.58
2026-09-29 13:56:00+00:00,359.48,359.845,359.31,359.76
2026-09-29 13:57:00+00:00,359.6,359.6,359.18,359.475
2026-09-29 13:58:00+00:00,359.94,360.08,359.37,359.775
2026-09-29 13:59:00+00:00,359.57,360.425,359.49,360.425
2026-09-29 14:00:00+00:00,360.465,360.585,359.65,359.73
2026-09-29 14:01:00+00:00,360.205,360.68,360.1,360.465
2026-09-29 14:02:00+00:00,359.85,360.095,359.55,360.085
2026-09-29 14:03:00+00:00,359.99,360.025,359.53,359.78
2026-09-29 14:04:00+00:00,359.495,359.95,359.175,359.935
2026-09-29 14:05:00+00:00,359.2,360.2,358.95,360.195
2026-09-29 14:06:00+00:00,358.785,359.27,358.645,359.14
2026-09-29 14:07:00+00:00,359.165,359.2,358.77,358.785
2026-09-29 14:08:00+00:00,358.855,359.285,358.705,359.165
2026-09-29 14:09:00+00:00,357.92,358.87,357.79,358.855
2026-09-29 14:10:00+00:00,358.015,358.355,357.82,358.04
2026-09-29 14:11:00+00:00,357.77,358.105,357.62,357.97
2026-09-29 14:12:00+00:00,357.96,358.01,357.4,357.845
2026-09-29 14:13:00+00:00,358.05,358.41,357.87,357.93
2026-09-29 14:14:00+00:00,357.895,358.125,357.69,358.005
2026-09-29 14:15:00+00:00,357.705,358.085,357.56,357.895
2026-09-29 14:16:00+00:00,358.53,358.55,357.59,357.715
2026-09-29 14:17:00+00:00,358.23,358.685,358.09,358.485
2026-09-29 14:18:00+00:00,358.205,359.12,358.03,359.115
2026-09-29 14:19:00+00:00,358.215,358.43,357.95,358.2
2026-09-29 14:20:00+00:00,358.04,358.42,357.95,358.21
2026-09-29 14:21:00+00:00,358.985,359.045,358.01,358.07
2026-09-29 14:22:00+00:00,359.505,359.655,358.67,359.47
2026-09-29 14:23:00+00:00,359.855,359.87,359.395,359.495
2026-09-29 14:24:00+00:00,360.31,360.525,359.645,359.85
2026-09-29 14:25:00+00:00,360.465,360.56,359.97,360.28
2026-09-29 14:26:00+00:00,360.675,360.895,360.42,360.47
2026-09-29 14:27:00+00:00,360.895,361.18,360.615,360.67
2026-09-29 14:28:00+00:00,360.585,361.005,360.585,360.89
2026-09-29 14:29:00+00:00,360.53,360.91,360.33,360.59
2026-09-29 14:30:00+00:00,361.395,361.465,360.485,360.53
2026-09-29 14:31:00+00:00,361.34,361.415,361.13,361.4
2026-09-29 14:32:00+00:00,361.82,361.925,361.315,361.925
2026-09-29 14:33:00+00:00,361.215,362.155,361.075,362.155
2026-09-29 14:34:00+00:00,361.24,361.35,360.945,361.2
2026-09-29 14:35:00+00:00,360.945,361.38,360.855,361.24
2026-09-29 14:36:00+00:00,361.095,361.3,360.69,360.93
2026-09-29 14:37:00+00:00,361.185,361.29,360.89,361.1
2026-09-29 14:38:00+00:00,361.315,361.34,360.84,361.11
2026-09-29 14:39:00+00:00,361.355,361.445,361.065,361.32
2026-09-29 14:40:00+00:00,361.455,361.72,361.23,361.355
2026-09-29 14:41:00+00:00,361.7,362.02,361.43,362.01
2026-09-29 14:42:00+00:00,361.68,361.875,361.485,361.59
2026-09-29 14:43:00+00:00,361.395,361.845,361.335,361.69
2026-09-29 14:44:00+00:00,361.165,361.475,361.06,361.42
2026-09-29 14:45:00+00:00,360.9,361.415,360.83,361.155
2026-09-29 14:46:00+00:00,360.795,360.94,360.42,360.89
2026-09-29 14:47:00+00:00,360.595,361.13,360.55,360.795
2026-09-29 14:48:00+00:00,360.28,360.82,360.28,360.585
2026-09-29 14:49:00+00:00,360.23,360.23,359.84,360.215
2026-09-29 14:50:00+00:00,359.895,360.32,359.55,360.255
2026-09-29 14:51:00+00:00,360.585,360.59,359.745,359.745
2026-09-29 14:52:00+00:00,360.605,360.765,360.57,360.705
2026-09-29 14:53:00+00:00,360.47,360.615,360.17,360.6
2026-09-29 14:54:00+00:00,360.465,360.625,360.25,360.44
2026-09-29 14:55:00+00:00,360.805,360.835,360.44,360.46
2026-09-29 14:56:00+00:00,360.97,361.02,360.57,360.995
2026-09-29 14:57:00+00:00,361.45,361.45,360.925,360.98
2026-09-29 14:58:00+00:00,361.09,361.67,361.075,361.42
2026-09-29 14:59:00+00:00,360.855,361.245,360.705,361.095
2026-09-29 15:00:00+00:00,360.34,360.92,360.34,360.79
2026-09-29 15:01:00+00:00,360.47,360.52,360.235,360.355
2026-09-29 15:02:00+00:00,360.19,361.085,360.105,361.085
2026-09-29 15:03:00+00:00,360.135,360.42,359.925,360.19
2026-09-29 15:04:00+00:00,359.945,360.95,359.92,360.95
2026-09-29 15:05:00+00:00,360.185,360.22,359.71,359.945
2026-09-29 15:06:00+00:00,360.405,360.595,360.14,360.14
2026-09-29 15:07:00+00:00,360.485,360.49,360.135,360.425
2026-09-29 15:08:00+00:00,360.37,360.54,360.155,360.51
2026-09-29 15:09:00+00:00,360.44,360.56,360.28,360.37
2026-09-29 15:10:00+00:00,360.42,360.675,360.33,360.44
2026-09-29 15:11:00+00:00,359.895,360.425,359.785,359.86
2026-09-29 15:12:00+00:00,359.92,360.21,359.68,360.21
2026-09-29 15:13:00+00:00,360.045,360.07,359.73,359.825
2026-09-29 15:14:00+00:00,360.21,360.345,359.865,359.865
2026-09-29 15:15:00+00:00,360.225,360.53,360.175,360.21
2026-09-29 15:16:00+00:00,360.21,360.415,360.125,360.255
2026-09-29 15:17:00+00:00,359.825,360.37,359.695,360.37
2026-09-29 15:18:00+00:00,359.32,359.905,359.21,359.905
2026-09-29 15:19:00+00:00,358.87,359.215,358.84,359.095
2026-09-29 15:20:00+00:00,358.835,359.135,358.79,358.855
2026-09-29 15:21:00+00:00,358.895,358.9,358.585,358.835
2026-09-29 15:22:00+00:00,358.835,359.055,358.64,358.88
2026-09-29 15:23:00+00:00,358.29,358.845,358.245,358.815
2026-09-29 15:24:00+00:00,357.725,358.29,357.725,358.29
2026-09-29 15:25:00+00:00,357.74,357.935,357.44,357.44
2026-09-29 15:26:00+00:00,357.205,357.79,357.19,357.78
2026-09-29 15:27:00+00:00,357.53,357.645,357.175,357.21
2026-09-29 15:28:00+00:00,357.395,357.645,357.285,357.53
2026-09-29 15:29:00+00:00,357.385,357.515,357.27,357.365
2026-09-29 15:30:00+00:00,357.5,357.76,357.375,357.38
2026-09-29 15:31:00+00:00,357.385,357.565,357.28,357.5
2026-09-29 15:32:00+00:00,357.72,357.72,357.3,357.39
2026-09-29 15:33:00+00:00,358.3,358.3,357.695,357.695
2026-09-29 15:34:00+00:00,358.37,358.42,358.115,358.27
2026-09-29 15:35:00+00:00,358.3,358.44,358.265,358.37
2026-09-29 15:36:00+00:00,358.41,358.525,358.23,358.295
2026-09-29 15:37:00+00:00,358.205,358.425,358.16,358.405
2026-09-29 15:38:00+00:00,358.565,358.585,358.195,358.205
2026-09-29 15:39:00+00:00,358.385,358.88,358.385,358.505
2026-09-29 15:40:00+00:00,358.455,358.53,358.3,358.35
2026-09-29 15:41:00+00:00,358.165,358.58,358.095,358.465
2026-09-29 15:42:00+00:00,358.25,358.31,357.98,358.02
2026-09-29 15:43:00+00:00,358.45,358.51,358.075,358.255
2026-09-29 15:44:00+00:00,358.47,358.75,358.34,358.44
2026-09-29 15:45:00+00:00,358.285,358.685,358.255,358.535
2026-09-29 15:46:00+00:00,358.19,358.315,358.08,358.21
2026-09-29 15:47:00+00:00,358.74,358.85,358.015,358.445
2026-09-29 15:48:00+00:00,358.56,358.74,358.46,358.725
2026-09-29 15:49:00+00:00,358.425,358.67,358.34,358.56
2026-09-29 15:50:00+00:00,358.33,358.73,358.245,358.43
2026-09-29 15:51:00+00:00,357.8,358.325,357.765,358.24
2026-09-29 15:52:00+00:00,357.645,357.91,357.49,357.835
2026-09-29 15:53:00+00:00,357.87,358.01,357.64,358.01
2026-09-29 15:54:00+00:00,357.915,358.0,357.6,357.87
2026-09-29 15:55:00+00:00,357.87,358.065,357.685,357.995
2026-09-29 15:56:00+00:00,357.84,357.98,357.375,357.42
2026-09-29 15:57:00+00:00,357.665,357.875,357.58,357.805
2026-09-29 15:58:00+00:00,357.84,357.945,357.625,357.67
2026-09-29 15:59:00+00:00,357.9,357.985,357.73,357.875
2026-09-29 16:00:00+00:00,357.84,357.855,357.66,357.855
2026-09-29 16:01:00+00:00,358.0,358.06,357.845,357.86
2026-09-29 16:02:00+00:00,357.955,358.085,357.76,357.98
2026-09-29 16:03:00+00:00,357.835,358.11,357.815,357.995
2026-09-29 16:04:00+00:00,357.575,357.845,357.41,357.845
2026-09-29 16:05:00+00:00,357.395,357.57,357.35,357.485
2026-09-29 16:06:00+00:00,357.495,357.545,357.34,357.38
2026-09-29 16:07:00+00:00,357.76,357.8,357.38,357.49
2026-09-29 16:08:00+00:00,357.79,357.81,357.585,357.76
2026-09-29 16:09:00+00:00,357.79,357.845,357.7,357.79
2026-09-29 16:10:00+00:00,357.81,357.92,357.775,357.82
2026-09-29 16:11:00+00:00,357.68,357.815,357.58,357.815
2026-09-29 16:12:00+00:00,357.5,357.695,357.46,357.645
2026-09-29 16:13:00+00:00,357.43,357.58,357.415,357.485
2026-09-29 16:14:00+00:00,357.35,357.42,357.295,357.415
2026-09-29 16:15:00+00:00,357.205,357.335,357.17,357.335
2026-09-29 16:16:00+00:00,357.295,357.31,357.065,357.23
2026-09-29 16:17:00+00:00,357.155,357.375,357.13,357.29
2026-09-29 16:18:00+00:00,357.25,357.29,356.96,357.155
2026-09-29 16:19:00+00:00,357.255,357.275,357.055,357.25
2026-09-29 16:20:00+00:00,357.15,357.35,357.03,357.145
2026-09-29 16:21:00+00:00,356.835,357.27,356.835,357.095
2026-09-29 16:22:00+00:00,357.07,357.145,356.795,357.01
2026-09-29 16:23:00+00:00,357.015,357.23,356.35,356.4
2026-09-29 16:24:00+00:00,357.12,357.33,357.01,357.01
2026-09-29 16:25:00+00:00,357.14,357.2,357.09,357.165
2026-09-29 16:26:00+00:00,357.17,357.245,357.03,357.14
2026-09-29 16:27:00+00:00,357.2,357.24,357.07,357.195
2026-09-29 16:28:00+00:00,357.415,357.49,357.15,357.15
2026-09-29 16:29:00+00:00,357.335,357.415,357.25,357.415
2026-09-29 16:30:00+00:00,357.14,357.305,357.095,357.26
2026-09-29 16:31:00+00:00,357.05,357.19,356.99,357.145
2026-09-29 16:32:00+00:00,357.21,357.295,356.335,356.36
2026-09-29 16:33:00+00:00,357.06,357.225,357.03,357.175
2026-09-29 16:34:00+00:00,357.0,357.065,356.9,357.015
2026-09-29 16:35:00+00:00,357.2,357.34,357.035,357.045
2026-09-29 16:36:00+00:00,357.14,357.325,357.115,357.2
2026-09-29 16:37:00+00:00,356.955,357.155,356.935,357.155
2026-09-29 16:38:00+00:00,357.095,357.095,356.28,356.28
2026-09-29 16:39:00+00:00,357.13,357.18,356.385,356.395
2026-09-29 16:40:00+00:00,356.82,357.13,356.76,357.13
2026-09-29 16:41:00+00:00,356.38,356.94,356.19,356.205
2026-09-29 16:42:00+00:00,356.445,356.49,356.235,356.325
2026-09-29 16:43:00+00:00,356.43,356.67,356.355,356.355
2026-09-29 16:44:00+00:00,356.125,356.455,356.0,356.0
2026-09-29 16:45:00+00:00,356.075,356.19,355.94,356.055
2026-09-29 16:46:00+00:00,356.445,356.45,355.965,356.075
2026-09-29 16:47:00+00:00,356.49,356.63,356.375,356.395
2026-09-29 16:48:00+00:00,356.54,356.56,356.35,356.485
2026-09-29 16:49:00+00:00,356.425,356.57,356.33,356.57
2026-09-29 16:50:00+00:00,356.56,356.64,356.355,356.375
2026-09-29 16:51:00+00:00,356.44,356.635,356.345,356.535
2026-09-29 16:52:00+00:00,356.285,356.38,356.22,356.3
2026-09-29 16:53:00+00:00,356.315,356.33,356.115,356.33
2026-09-29 16:54:00+00:00,356.13,356.26,356.04,356.23
2026-09-29 16:55:00+00:00,355.93,356.165,355.9,356.165
2026-09-29 16:56:00+00:00,355.655,355.935,355.56,355.935
2026-09-29 16:57:00+00:00,355.67,355.715,355.52,355.655
2026-09-29 16:58:00+00:00,355.56,355.595,355.46,355.595
2026-09-29 16:59:00+00:00,355.84,355.85,355.54,355.565
2026-09-29 17:00:00+00:00,355.52,355.69,355.5,355.69
2026-09-29 17:01:00+00:00,355.545,355.825,355.535,355.54
2026-09-29 17:02:00+00:00,355.66,355.87,355.525,355.54
2026-09-29 17:03:00+00:00,355.68,355.83,355.535,355.535
2026-09-29 17:04:00+00:00,355.77,355.87,355.65,355.825
2026-09-29 17:05:00+00:00,355.94,355.94,355.67,355.75
2026-09-29 17:06:00+00:00,355.945,356.045,355.73,355.79
2026-09-29 17:07:00+00:00,355.925,355.96,355.7,355.96
2026-09-29 17:08:00+00:00,355.845,356.035,355.66,355.925
2026-09-29 17:09:00+00:00,355.835,355.85,355.775,355.83
2026-09-29 17:10:00+00:00,356.015,356.055,355.67,355.835
2026-09-29 17:11:00+00:00,356.0,356.15,355.935,356.015
2026-09-29 17:12:00+00:00,355.915,356.045,355.88,356.01
2026-09-29 17:13:00+00:00,355.815,355.91,355.655,355.91
2026-09-29 17:14:00+00:00,355.99,356.06,355.655,355.855
2026-09-29 17:15:00+00:00,355.845,356.085,355.845,355.99
2026-09-29 17:16:00+00:00,355.525,355.91,355.5,355.84
2026-09-29 17:17:00+00:00,355.46,355.665,355.44,355.6
2026-09-29 17:18:00+00:00,355.54,355.655,355.45,355.465
2026-09-29 17:19:00+00:00,355.65,355.665,355.48,355.51
2026-09-29 17:20:00+00:00,355.565,355.665,355.4,355.565
2026-09-29 17:21:00+00:00,355.47,355.66,355.42,355.585
2026-09-29 17:22:00+00:00,355.47,355.47,355.38,355.465
2026-09-29 17:23:00+00:00,355.625,355.705,355.415,355.465
2026-09-29 17:24:00+00:00,355.815,355.83,355.53,355.62
2026-09-29 17:25:00+00:00,355.78,355.94,355.765,355.815
2026-09-29 17:26:00+00:00,355.665,355.79,355.645,355.75
2026-09-29 17:27:00+00:00,355.84,355.865,355.64,355.67
2026-09-29 17:28:00+00:00,355.58,355.82,355.58,355.805
2026-09-29 17:29:00+00:00,355.715,355.74,355.57,355.6
2026-09-29 17:30:00+00:00,355.645,355.84,355.645,355.69
2026-09-29 17:31:00+00:00,355.695,355.82,355.615,355.695
2026-09-29 17:32:00+00:00,355.705,355.745,355.61,355.7
2026-09-29 17:33:00+00:00,355.725,355.855,355.625,355.665
2026-09-29 17:34:00+00:00,355.585,355.76,355.485,355.72
2026-09-29 17:35:00+00:00,355.58,355.81,355.485,355.585
2026-09-29 17:36:00+00:00,355.575,355.72,355.435,355.575
2026-09-29 17:37:00+00:00,355.47,355.665,355.47,355.58
2026-09-29 17:38:00+00:00,355.27,355.57,355.26,355.405
2026-09-29 17:39:00+00:00,355.32,355.32,355.13,355.24
2026-09-29 17:40:00+00:00,355.26,355.38,355.23,355.32
2026-09-29 17:41:00+00:00,355.09,355.285,355.01,355.28
2026-09-29 17:42:00+00:00,354.9,355.29,354.9,355.08
2026-09-29 17:43:00+00:00,355.235,355.25,354.83,354.965
2026-09-29 17:44:00+00:00,355.08,355.29,355.015,355.25
2026-09-29 17:45:00+00:00,355.11,355.34,355.015,355.03
2026-09-29 17:46:00+00:00,355.15,355.22,355.1,355.115
2026-09-29 17:47:00+00:00,355.035,355.23,355.015,355.18
2026-09-29 17:48:00+00:00,354.94,355.05,354.89,354.985
2026-09-29 17:49:00+00:00,354.85,354.92,354.76,354.895
2026-09-29 17:50:00+00:00,354.895,354.945,354.795,354.845
2026-09-29 17:51:00+00:00,354.695,354.895,354.665,354.845
2026-09-29 17:52:00+00:00,354.64,354.765,354.455,354.74
2026-09-29 17:53:00+00:00,354.62,354.675,354.415,354.635
2026-09-29 17:54:00+00:00,354.595,354.75,354.585,354.62
2026-09-29 17:55:00+00:00,354.285,354.685,354.28,354.58
2026-09-29 17:56:00+00:00,354.225,354.29,354.105,354.285
2026-09-29 17:57:00+00:00,354.055,354.34,354.02,354.125
2026-09-29 17:58:00+00:00,354.04,354.165,354.0,354.07
2026-09-29 17:59:00+00:00,354.19,354.225,354.035,354.04
2026-09-29 18:00:00+00:00,355.0,355.065,354.19,354.19
2026-09-29 18:01:00+00:00,354.735,355.1,354.715,354.715
2026-09-29 18:02:00+00:00,354.84,354.885,354.635,354.74
2026-09-29 18:03:00+00:00,354.79,354.825,354.545,354.82
2026-09-29 18:04:00+00:00,354.94,355.0,354.77,354.81
2026-09-29 18:05:00+00:00,354.815,355.015,354.685,354.89
2026-09-29 18:06:00+00:00,354.98,355.005,354.685,354.815
2026-09-29 18:07:00+00:00,354.86,355.125,354.84,354.99
2026-09-29 18:08:00+00:00,354.98,355.185,354.955,355.03
2026-09-29 18:09:00+00:00,354.655,355.03,354.54,354.985
2026-09-29 18:10:00+00:00,354.79,354.93,354.655,354.655
2026-09-29 18:11:00+00:00,354.54,354.86,354.48,354.795
2026-09-29 18:12:00+00:00,354.71,354.73,354.505,354.58
2026-09-29 18:13:00+00:00,355.015,355.1,354.705,354.705
2026-09-29 18:14:00+00:00,355.055,355.15,354.99,355.015
2026-09-29 18:15:00+00:00,355.115,355.2,355.0,355.055
2026-09-29 18:16:00+00:00,355.375,355.46,355.1,355.1
2026-09-29 18:17:00+00:00,355.61,355.75,355.375,355.375
2026-09-29 18:18:00+00:00,355.24,355.545,355.19,355.33
2026-09-29 18:19:00+00:00,355.235,355.365,355.16,355.24
2026-09-29 18:20:00+00:00,355.195,355.275,355.095,355.255
2026-09-29 18:21:00+00:00,355.03,355.205,354.965,355.135
2026-09-29 18:22:00+00:00,355.525,355.58,354.99,355.0
2026-09-29 18:23:00+00:00,355.55,355.675,355.425,355.57
2026-09-29 18:24:00+00:00,355.27,355.61,355.26,355.56
2026-09-29 18:25:00+00:00,355.26,355.515,355.26,355.27
2026-09-29 18:26:00+00:00,355.575,355.905,355.285,355.29
2026-09-29 18:27:00+00:00,355.715,355.755,355.43,355.57
2026-09-29 18:28:00+00:00,355.855,355.96,355.695,355.72
2026-09-29 18:29:00+00:00,355.82,355.945,355.75,355.865
2026-09-29 18:30:00+00:00,355.875,356.155,355.64,355.75
2026-09-29 18:31:00+00:00,355.73,355.93,355.62,355.88
2026-09-29 18:32:00+00:00,355.655,355.89,355.655,355.7
2026-09-29 18:33:00+00:00,355.565,355.905,355.485,355.775
2026-09-29 18:34:00+00:00,355.71,355.735,355.525,355.565
2026-09-29 18:35:00+00:00,355.78,355.88,355.695,355.74
2026-09-29 18:36:00+00:00,355.65,355.965,355.525,355.86
2026-09-29 18:37:00+00:00,355.925,355.93,355.66,355.71
2026-09-29 18:38:00+00:00,355.94,356.035,355.69,355.755
2026-09-29 18:39:00+00:00,356.05,356.16,355.76,355.765
2026-09-29 18:40:00+00:00,356.17,356.17,356.05,356.1
2026-09-29 18:41:00+00:00,356.195,356.335,356.135,356.165
2026-09-29 18:42:00+00:00,356.01,356.26,355.89,356.18
2026-09-29 18:43:00+00:00,356.01,356.08,355.94,355.99
2026-09-29 18:44:00+00:00,356.035,356.14,355.98,355.99
2026-09-29 18:45:00+00:00,356.13,356.13,355.945,356.035
2026-09-29 18:46:00+00:00,356.005,356.105,355.97,356.02
2026-09-29 18:47:00+00:00,355.955,356.09,355.91,356.005
2026-09-29 18:48:00+00:00,356.07,356.1,355.925,355.955
2026-09-29 18:49:00+00:00,356.265,356.285,355.95,356.06
2026-09-29 18:50:00+00:00,356.165,356.3,356.045,356.245
2026-09-29 18:51:00+00:00,356.28,356.28,356.06,356.195
2026-09-29 18:52:00+00:00,356.26,356.27,356.06,356.265
2026-09-29 18:53:00+00:00,356.365,356.44,356.125,356.13
2026-09-29 18:54:00+00:00,356.185,356.38,356.165,356.32
2026-09-29 18:55:00+00:00,356.205,356.29,356.08,356.185
2026-09-29 18:56:00+00:00,356.3,356.39,356.175,356.25
2026-09-29 18:57:00+00:00,356.18,356.3,356.125,356.3
2026-09-29 18:58:00+00:00,356.455,356.49,356.185,356.23
2026-09-29 18:59:00+00:00,356.3,356.56,356.22,356.32
2026-09-29 19:00:00+00:00,356.31,356.425,356.205,356.3
2026-09-29 19:01:00+00:00,356.35,356.435,356.185,356.315
2026-09-29 19:02:00+00:00,356.375,356.485,356.305,356.35
2026-09-29 19:03:00+00:00,356.34,356.465,356.27,356.375
2026-09-29 19:04:00+00:00,356.37,356.495,356.295,356.34
2026-09-29 19:05:00+00:00,356.39,356.51,356.325,356.45
2026-09-29 19:06:00+00:00,356.5,356.585,356.36,356.385
2026-09-29 19:07:00+00:00,356.405,356.595,356.375,356.59
2026-09-29 19:08:00+00:00,356.15,356.495,356.12,356.425
2026-09-29 19:09:00+00:00,355.995,356.31,355.985,356.15
2026-09-29 19:10:00+00:00,355.975,356.19,355.935,356.0
2026-09-29 19:11:00+00:00,355.985,356.055,355.875,355.975
2026-09-29 19:12:00+00:00,355.875,356.02,355.74,356.015
2026-09-29 19:13:00+00:00,355.76,355.915,355.73,355.85
2026-09-29 19:14:00+00:00,355.545,355.8,355.54,355.7
2026-09-29 19:15:00+00:00,355.545,355.675,355.42,355.555
2026-09-29 19:16:00+00:00,355.86,355.945,355.54,355.565
2026-09-29 19:17:00+00:00,355.94,356.025,355.83,355.895
2026-09-29 19:18:00+00:00,356.065,356.13,355.935,355.935
2026-09-29 19:19:00+00:00,355.945,356.19,355.935,356.03
2026-09-29 19:20:00+00:00,355.76,356.02,355.695,355.945
2026-09-29 19:21:00+00:00,355.87,355.98,355.735,355.79
2026-09-29 19:22:00+00:00,355.905,355.97,355.74,355.87
2026-09-29 19:23:00+00:00,355.815,355.95,355.805,355.88
2026-09-29 19:24:00+00:00,355.835,355.95,355.615,355.935
2026-09-29 19:25:00+00:00,355.715,355.9,355.63,355.79
2026-09-29 19:26:00+00:00,355.67,355.815,355.655,355.735
2026-09-29 19:27:00+00:00,355.62,355.725,355.44,355.67
2026-09-29 19:28:00+00:00,355.425,355.62,355.33,355.62
2026-09-29 19:29:00+00:00,355.455,355.6,355.35,355.415
2026-09-29 19:30:00+00:00,354.855,355.515,354.815,355.445
2026-09-29 19:31:00+00:00,355.115,355.28,354.815,354.89
2026-09-29 19:32:00+00:00,355.47,355.485,355.09,355.19
2026-09-29 19:33:00+00:00,355.435,355.56,355.4,355.455
2026-09-29 19:34:00+00:00,355.38,355.46,355.35,355.42
2026-09-29 19:35:00+00:00,355.515,355.67,355.37,355.395
2026-09-29 19:36:00+00:00,355.615,355.68,355.495,355.5
2026-09-29 19:37:00+00:00,355.63,355.73,355.555,355.59
2026-09-29 19:38:00+00:00,355.56,355.71,355.51,355.63
2026-09-29 19:39:00+00:00,355.36,355.63,355.32,355.545
2026-09-29 19:40:00+00:00,355.34,355.505,355.33,355.37
2026-09-29 19:41:00+00:00,355.235,355.35,355.165,355.34
2026-09-29 19:42:00+00:00,355.135,355.27,355.035,355.21
2026-09-29 19:43:00+00:00,354.975,355.1,354.9,355.045
2026-09-29 19:44:00+00:00,354.8,354.99,354.745,354.88
2026-09-29 19:45:00+00:00,355.0,355.155,354.79,354.815
2026-09-29 19:46:00+00:00,354.97,355.12,354.86,355.015
2026-09-29 19:47:00+00:00,354.845,355.015,354.84,354.965
2026-09-29 19:48:00+00:00,354.78,354.965,354.72,354.925
2026-09-29 19:49:00+00:00,354.8,354.96,354.745,354.85
2026-09-29 19:50:00+00:00,354.755,354.99,354.65,354.99
2026-09-29 19:51:00+00:00,354.88,355.04,354.705,354.735
2026-09-29 19:52:00+00:00,355.035,355.2,354.8,355.0
2026-09-29 19:53:00+00:00,355.07,355.1,354.82,355.0
2026-09-29 19:54:00+00:00,355.32,355.635,355.04,355.055
2026-09-29 19:55:00+00:00,354.77,355.21,354.52,355.21
2026-09-29 19:56:00+00:00,354.775,354.98,354.62,354.77
2026-09-29 19:57:00+00:00,355.07,355.13,354.7,354.775
2026-09-29 19:58:00+00:00,354.99,355.15,354.955,355.07
2026-09-29 19:59:00+00:00,355.16,355.25,354.845,354.98
2026-09-30 13:30:00+00:00,356.455,357.775,356.38,357.34
2026-09-30 13:31:00+00:00,356.69,356.975,355.425,356.37
2026-09-30 13:32:00+00:00,356.575,356.67,356.235,356.475
2026-09-30 13:33:00+00:00,356.445,357.39,355.78,356.69
2026-09-30 13:34:00+00:00,356.365,356.43,356.01,356.385
2026-09-30 13:35:00+00:00,355.45,356.43,355.45,356.08
2026-09-30 13:36:00+00:00,355.135,355.395,354.82,355.23
2026-09-30 13:37:00+00:00,354.935,355.285,354.825,355.285
2026-09-30 13:38:00+00:00,354.92,355.6,354.915,355.09
2026-09-30 13:39:00+00:00,355.25,355.5,354.92,354.92
2026-09-30 13:40:00+00:00,354.54,355.21,354.54,355.21
2026-09-30 13:41:00+00:00,354.585,354.715,354.23,354.63
2026-09-30 13:42:00+00:00,354.815,354.835,354.5,354.68
2026-09-30 13:43:00+00:00,354.76,355.015,354.59,354.7
2026-09-30 13:44:00+00:00,355.56,355.675,354.73,354.76
2026-09-30 13:45:00+00:00,355.48,356.065,355.455,355.455
2026-09-30 13:46:00+00:00,354.7,355.515,354.685,355.45
2026-09-30 13:47:00+00:00,354.745,354.845,354.57,354.78
2026-09-30 13:48:00+00:00,354.875,355.3,354.87,354.875
2026-09-30 13:49:00+00:00,355.365,355.45,354.81,354.88
2026-09-30 13:50:00+00:00,354.89,355.37,354.71,355.36
2026-09-30 13:51:00+00:00,354.63,355.025,354.485,354.945
2026-09-30 13:52:00+00:00,354.7,354.86,354.525,354.625
2026-09-30 13:53:00+00:00,355.075,355.075,354.515,354.735
2026-09-30 13:54:00+00:00,354.975,355.165,354.9,355.08
2026-09-30 13:55:00+00:00,354.995,355.14,354.91,354.98
2026-09-30 13:56:00+00:00,354.51,355.13,354.41,354.995
2026-09-30 13:57:00+00:00,354.595,354.67,354.275,354.305
2026-09-30 13:58:00+00:00,354.55,354.83,354.33,354.83
2026-09-30 13:59:00+00:00,355.15,355.15,354.54,354.55
2026-09-30 14:00:00+00:00,355.435,355.46,355.04,355.15
2026-09-30 14:01:00+00:00,355.425,355.67,355.36,355.41
2026-09-30 14:02:00+00:00,355.16,355.52,355.09,355.42
2026-09-30 14:03:00+00:00,355.705,355.705,355.0,355.105
2026-09-30 14:04:00+00:00,355.495,355.87,355.39,355.76
2026-09-30 14:05:00+00:00,355.705,355.94,355.42,355.515
2026-09-30 14:06:00+00:00,355.685,355.99,355.64,355.75
2026-09-30 14:07:00+00:00,355.5,355.695,355.46,355.685
2026-09-30 14:08:00+00:00,355.29,355.485,355.175,355.485
2026-09-30 14:09:00+00:00,354.97,355.235,354.71,355.145
2026-09-30 14:10:00+00:00,354.77,354.93,354.61,354.885
2026-09-30 14:11:00+00:00,354.51,354.795,354.4,354.77
2026-09-30 14:12:00+00:00,354.625,354.77,354.51,354.51
2026-09-30 14:13:00+00:00,354.61,354.665,354.435,354.665
2026-09-30 14:14:00+00:00,354.66,354.815,354.335,354.6
2026-09-30 14:15:00+00:00,354.48,354.795,354.48,354.66
2026-09-30 14:16:00+00:00,354.52,354.72,354.44,354.48
2026-09-30 14:17:00+00:00,354.11,354.52,353.85,354.47
2026-09-30 14:18:00+00:00,354.09,354.52,354.09,354.12
2026-09-30 14:19:00+00:00,354.48,354.48,354.115,354.15
2026-09-30 14:20:00+00:00,354.72,354.88,354.485,354.59
2026-09-30 14:21:00+00:00,354.76,355.05,354.625,354.625
2026-09-30 14:22:00+00:00,354.465,354.84,354.31,354.84
2026-09-30 14:23:00+00:00,354.765,354.895,354.295,354.33
2026-09-30 14:24:00+00:00,354.685,354.84,354.66,354.77
2026-09-30 14:25:00+00:00,354.7,354.76,354.505,354.685
2026-09-30 14:26:00+00:00,354.475,354.75,354.355,354.7
2026-09-30 14:27:00+00:00,354.655,354.655,354.31,354.47
2026-09-30 14:28:00+00:00,354.4,354.71,354.29,354.425
2026-09-30 14:29:00+00:00,354.665,354.68,354.375,354.48
2026-09-30 14:30:00+00:00,354.485,354.665,354.425,354.63
2026-09-30 14:31:00+00:00,354.46,354.585,354.295,354.49
2026-09-30 14:32:00+00:00,354.49,354.77,354.49,354.53
2026-09-30 14:33:00+00:00,354.255,354.38,354.16,354.38
2026-09-30 14:34:00+00:00,354.225,354.255,353.965,354.205
2026-09-30 14:35:00+00:00,354.145,354.23,354.09,354.22
2026-09-30 14:36:00+00:00,354.12,354.395,354.12,354.14
2026-09-30 14:37:00+00:00,354.325,354.34,354.14,354.275
2026-09-30 14:38:00+00:00,354.3,354.38,354.09,354.185
2026-09-30 14:39:00+00:00,354.295,354.505,354.245,354.3
2026-09-30 14:40:00+00:00,354.115,354.19,353.76,354.19
2026-09-30 14:41:00+00:00,354.275,354.275,353.96,354.23
2026-09-30 14:42:00+00:00,354.61,354.61,354.26,354.26
2026-09-30 14:43:00+00:00,354.255,354.64,353.81,353.81
2026-09-30 14:44:00+00:00,354.15,354.4,354.08,354.235
2026-09-30 14:45:00+00:00,354.125,354.25,354.06,354.065
2026-09-30 14:46:00+00:00,354.03,354.125,353.955,354.125
2026-09-30 14:47:00+00:00,354.08,354.22,353.98,354.025
2026-09-30 14:48:00+00:00,354.51,354.61,354.105,354.105
2026-09-30 14:49:00+00:00,354.745,354.76,354.465,354.685
2026-09-30 14:50:00+00:00,354.535,354.75,354.38,354.745
2026-09-30 14:51:00+00:00,354.05,354.55,354.05,354.535
2026-09-30 14:52:00+00:00,354.185,354.185,353.865,354.13
2026-09-30 14:53:00+00:00,354.05,354.195,353.88,354.06
2026-09-30 14:54:00+00:00,354.445,354.675,354.025,354.025
2026-09-30 14:55:00+00:00,354.445,354.575,354.365,354.425
2026-09-30 14:56:00+00:00,354.625,354.71,354.41,354.545
2026-09-30 14:57:00+00:00,354.495,354.675,354.395,354.57
2026-09-30 14:58:00+00:00,354.46,354.53,354.375,354.45
2026-09-30 14:59:00+00:00,354.19,354.45,354.155,354.43
2026-09-30 15:00:00+00:00,354.45,354.45,354.15,354.25
2026-09-30 15:01:00+00:00,354.245,354.42,354.0,354.42
2026-09-30 15:02:00+00:00,354.165,354.475,354.095,354.195
2026-09-30 15:03:00+00:00,354.335,354.435,354.07,354.175
2026-09-30 15:04:00+00:00,354.105,354.355,354.085,354.295
2026-09-30 15:05:00+00:00,354.01,354.17,353.865,353.865
2026-09-30 15:06:00+00:00,354.02,354.055,353.93,354.05
2026-09-30 15:07:00+00:00,353.73,353.98,353.665,353.98
2026-09-30 15:08:00+00:00,353.72,353.805,353.41,353.615
2026-09-30 15:09:00+00:00,354.01,354.01,353.38,353.72
2026-09-30 15:10:00+00:00,353.71,354.025,353.6,354.01
2026-09-30 15:11:00+00:00,353.65,353.875,353.62,353.79
2026-09-30 15:12:00+00:00,353.24,353.68,353.1,353.35
2026-09-30 15:13:00+00:00,353.05,353.285,353.05,353.285
2026-09-30 15:14:00+00:00,352.83,353.025,352.71,353.01
2026-09-30 15:15:00+00:00,352.65,352.79,352.49,352.74
2026-09-30 15:16:00+00:00,353.17,353.17,352.67,352.685
2026-09-30 15:17:00+00:00,353.0,353.245,352.955,353.245
2026-09-30 15:18:00+00:00,352.97,353.0,352.755,353.0
2026-09-30 15:19:00+00:00,353.11,353.17,352.94,352.97
2026-09-30 15:20:00+00:00,352.85,353.135,352.83,353.07
2026-09-30 15:21:00+00:00,352.945,352.97,352.82,352.85
2026-09-30 15:22:00+00:00,352.845,352.99,352.795,352.94
2026-09-30 15:23:00+00:00,352.905,352.905,352.665,352.81
2026-09-30 15:24:00+00:00,353.015,353.15,352.845,353.04
2026-09-30 15:25:00+00:00,352.995,353.1,352.945,353.015
2026-09-30 15:26:00+00:00,353.125,353.13,352.935,352.99
2026-09-30 15:27:00+00:00,353.3,353.39,353.02,353.125
2026-09-30 15:28:00+00:00,353.305,353.905,353.255,353.905
2026-09-30 15:29:00+00:00,353.755,353.965,353.345,353.965
2026-09-30 15:30:00+00:00,354.015,354.145,353.69,354.145
2026-09-30 15:31:00+00:00,353.95,354.04,353.815,354.02
2026-09-30 15:32:00+00:00,354.005,354.065,353.79,353.95
2026-09-30 15:33:00+00:00,353.915,354.0,353.91,353.985
2026-09-30 15:34:00+00:00,353.65,353.95,353.65,353.92
2026-09-30 15:35:00+00:00,353.72,353.755,353.575,353.65
2026-09-30 15:36:00+00:00,353.8,353.81,353.69,353.75
2026-09-30 15:37:00+00:00,353.69,353.79,353.585,353.79
2026-09-30 15:38:00+00:00,353.81,353.88,353.795,353.805
2026-09-30 15:39:00+00:00,353.955,354.02,353.84,353.84
2026-09-30 15:40:00+00:00,353.975,354.02,353.78,353.99
2026-09-30 15:41:00+00:00,353.74,354.05,353.74,354.0
2026-09-30 15:42:00+00:00,353.63,353.845,353.625,353.775
2026-09-30 15:43:00+00:00,353.345,353.635,353.34,353.635
2026-09-30 15:44:00+00:00,353.29,353.32,353.155,353.32
2026-09-30 15:45:00+00:00,353.415,353.415,353.24,353.31
2026-09-30 15:46:00+00:00,353.23,353.395,353.17,353.395
2026-09-30 15:47:00+00:00,353.09,353.255,353.06,353.235
2026-09-30 15:48:00+00:00,353.57,353.58,353.045,353.045
2026-09-30 15:49:00+00:00,354.26,354.295,353.57,353.57
2026-09-30 15:50:00+00:00,354.15,354.405,353.86,354.21
2026-09-30 15:51:00+00:00,353.895,354.14,353.895,354.14
2026-09-30 15:52:00+00:00,353.645,353.85,353.54,353.85
2026-09-30 15:53:00+00:00,353.33,353.57,353.33,353.46
2026-09-30 15:54:00+00:00,352.82,353.425,352.82,353.345
2026-09-30 15:55:00+00:00,352.7,352.94,352.7,352.835
2026-09-30 15:56:00+00:00,352.925,352.93,352.64,352.74
2026-09-30 15:57:00+00:00,353.39,353.41,353.02,353.02
2026-09-30 15:58:00+00:00,353.38,353.96,353.275,353.95
2026-09-30 15:59:00+00:00,353.465,353.47,353.29,353.34
2026-09-30 16:00:00+00:00,353.145,353.54,353.1,353.465
2026-09-30 16:01:00+00:00,353.295,353.77,353.11,353.77
2026-09-30 16:02:00+00:00,353.36,353.48,353.23,353.3
2026-09-30 16:03:00+00:00,353.385,353.505,353.13,353.36
2026-09-30 16:04:00+00:00,353.55,354.01,353.295,353.41
2026-09-30 16:05:00+00:00,353.73,353.75,353.495,353.7
2026-09-30 16:06:00+00:00,353.705,353.875,353.7,353.7
2026-09-30 16:07:00+00:00,353.6,353.81,353.59,353.715
2026-09-30 16:08:00+00:00,353.62,353.64,353.435,353.6
2026-09-30 16:09:00+00:00,353.83,353.845,353.465,353.465
2026-09-30 16:10:00+00:00,353.465,354.115,353.425,354.115
2026-09-30 16:11:00+00:00,353.79,353.865,353.39,353.42
2026-09-30 16:12:00+00:00,353.9,353.92,353.755,353.92
2026-09-30 16:13:00+00:00,353.915,354.045,353.82,353.92
2026-09-30 16:14:00+00:00,354.21,354.28,353.915,353.995
2026-09-30 16:15:00+00:00,354.065,354.26,353.93,354.21
2026-09-30 16:16:00+00:00,354.005,354.25,353.905,354.25
2026-09-30 16:17:00+00:00,353.595,354.3,353.52,354.3
2026-09-30 16:18:00+00:00,353.645,353.67,353.435,353.645
2026-09-30 16:19:00+00:00,353.68,353.72,353.63,353.645
2026-09-30 16:20:00+00:00,353.595,353.71,353.42,353.675
2026-09-30 16:21:00+00:00,353.405,353.595,353.1,353.595
2026-09-30 16:22:00+00:00,353.475,353.525,353.31,353.42
2026-09-30 16:23:00+00:00,353.005,353.62,353.005,353.62
2026-09-30 16:24:00+00:00,353.115,353.115,352.76,353.02
2026-09-30 16:25:00+00:00,353.23,353.705,353.155,353.675
2026-09-30 16:26:00+00:00,353.175,353.27,353.15,353.23
2026-09-30 16:27:00+00:00,353.305,353.305,353.08,353.145
2026-09-30 16:28:00+00:00,353.075,353.405,353.075,353.285
2026-09-30 16:29:00+00:00,352.98,353.21,352.98,353.09
2026-09-30 16:30:00+00:00,352.855,353.165,352.855,353.01
2026-09-30 16:31:00+00:00,352.785,352.9,352.74,352.82
2026-09-30 16:32:00+00:00,352.75,352.915,352.75,352.81
2026-09-30 16:33:00+00:00,352.78,352.86,352.67,352.79
2026-09-30 16:34:00+00:00,352.825,352.895,352.73,352.785
2026-09-30 16:35:00+00:00,352.795,352.84,352.695,352.825
2026-09-30 16:36:00+00:00,352.56,352.8,352.54,352.795
2026-09-30 16:37:00+00:00,352.755,352.795,352.59,352.62
2026-09-30 16:38:00+00:00,352.94,353.065,352.755,352.78
2026-09-30 16:39:00+00:00,352.93,353.605,352.66,352.67
2026-09-30 16:40:00+00:00,352.76,352.935,352.645,352.93
2026-09-30 16:41:00+00:00,352.93,353.53,352.805,353.52
2026-09-30 16:42:00+00:00,352.965,353.04,352.61,352.94
2026-09-30 16:43:00+00:00,353.32,353.37,352.965,352.965
2026-09-30 16:44:00+00:00,353.2,353.415,352.815,352.815
2026-09-30 16:45:00+00:00,353.0,353.255,352.99,353.2
2026-09-30 16:46:00+00:00,353.185,353.21,352.94,352.98
2026-09-30 16:47:00+00:00,353.33,353.365,353.155,353.16
2026-09-30 16:48:00+00:00,353.19,353.255,352.74,352.825
2026-09-30 16:49:00+00:00,353.345,353.625,353.175,353.195
2026-09-30 16:50:00+00:00,353.27,353.365,352.88,352.88
2026-09-30 16:51:00+00:00,353.33,353.69,353.275,353.675
2026-09-30 16:52:00+00:00,353.45,353.695,353.335,353.335
2026-09-30 16:53:00+00:00,353.24,353.305,352.815,352.82
2026-09-30 16:54:00+00:00,353.245,353.255,352.775,353.24
2026-09-30 16:55:00+00:00,353.435,353.46,353.155,353.245
2026-09-30 16:56:00+00:00,353.43,353.475,353.105,353.435
2026-09-30 16:57:00+00:00,353.455,353.515,353.43,353.43
2026-09-30 16:58:00+00:00,353.32,353.46,353.28,353.46
2026-09-30 16:59:00+00:00,353.385,353.41,353.245,353.305
2026-09-30 17:00:00+00:00,353.36,353.435,353.215,353.33
2026-09-30 17:01:00+00:00,353.44,353.51,353.325,353.42
2026-09-30 17:02:00+00:00,353.34,353.45,353.32,353.445
2026-09-30 17:03:00+00:00,353.215,353.31,353.045,353.31
2026-09-30 17:04:00+00:00,353.12,353.295,353.12,353.265
2026-09-30 17:05:00+00:00,353.07,353.14,353.03,353.12
2026-09-30 17:06:00+00:00,353.085,353.135,352.96,353.065
2026-09-30 17:07:00+00:00,353.06,353.14,352.59,353.05
2026-09-30 17:08:00+00:00,353.27,353.28,352.995,352.995
2026-09-30 17:09:00+00:00,353.325,353.325,353.175,353.225
2026-09-30 17:10:00+00:00,353.165,353.58,353.145,353.335
2026-09-30 17:11:00+00:00,353.05,353.49,353.005,353.49
2026-09-30 17:12:00+00:00,353.07,353.26,352.545,352.545
2026-09-30 17:13:00+00:00,352.805,353.06,352.53,352.545
2026-09-30 17:14:00+00:00,352.93,352.93,352.39,352.8
2026-09-30 17:15:00+00:00,352.58,352.925,352.58,352.86
2026-09-30 17:16:00+00:00,352.565,353.305,352.485,352.55
2026-09-30 17:17:00+00:00,352.7,353.43,352.555,352.635
2026-09-30 17:18:00+00:00,352.765,352.785,352.645,352.675
2026-09-30 17:19:00+00:00,352.65,353.525,352.55,353.525
2026-09-30 17:20:00+00:00,352.615,352.685,352.38,352.38
2026-09-30 17:21:00+00:00,352.77,352.8,352.31,352.315
2026-09-30 17:22:00+00:00,352.835,352.86,352.44,352.755
2026-09-30 17:23:00+00:00,352.795,352.84,352.38,352.84
2026-09-30 17:24:00+00:00,352.44,352.86,352.4,352.82
2026-09-30 17:25:00+00:00,352.69,352.765,352.395,352.395
2026-09-30 17:26:00+00:00,352.48,352.715,352.31,352.65
2026-09-30 17:27:00+00:00,352.435,352.65,352.24,352.48
2026-09-30 17:28:00+00:00,352.64,352.7,352.54,352.645
2026-09-30 17:29:00+00:00,352.745,352.815,352.59,352.61
2026-09-30 17:30:00+00:00,352.79,352.855,352.695,352.745
2026-09-30 17:31:00+00:00,352.94,352.98,352.77,352.795
2026-09-30 17:32:00+00:00,353.175,353.605,352.94,352.94
2026-09-30 17:33:00+00:00,352.945,353.175,352.935,353.175
2026-09-30 17:34:00+00:00,352.885,353.05,352.75,352.93
2026-09-30 17:35:00+00:00,352.935,353.1,352.775,352.785
2026-09-30 17:36:00+00:00,352.95,353.11,352.93,352.93
2026-09-30 17:37:00+00:00,352.835,352.975,352.75,352.95
2026-09-30 17:38:00+00:00,353.115,353.57,352.82,352.83
2026-09-30 17:39:00+00:00,353.275,353.35,353.105,353.18
2026-09-30 17:40:00+00:00,353.265,353.765,353.14,353.76
2026-09-30 17:41:00+00:00,353.31,353.775,353.16,353.44
2026-09-30 17:42:00+00:00,353.26,353.705,353.175,353.31
2026-09-30 17:43:00+00:00,353.24,353.3,353.2,353.26
2026-09-30 17:44:00+00:00,353.315,353.315,353.185,353.23
2026-09-30 17:45:00+00:00,353.265,353.32,353.18,353.31
2026-09-30 17:46:00+00:00,353.225,353.28,353.175,353.245
2026-09-30 17:47:00+00:00,353.555,353.65,353.205,353.215
2026-09-30 17:48:00+00:00,353.6,353.715,353.43,353.55
2026-09-30 17:49:00+00:00,353.745,353.945,353.585,353.6
2026-09-30 17:50:00+00:00,353.735,354.03,353.735,353.995
2026-09-30 17:51:00+00:00,353.64,353.785,353.615,353.735
2026-09-30 17:52:00+00:00,353.57,353.7,353.54,353.61
2026-09-30 17:53:00+00:00,353.48,353.555,352.835,352.835
2026-09-30 17:54:00+00:00,353.49,353.49,353.375,353.48
2026-09-30 17:55:00+00:00,353.5,353.51,353.385,353.49
2026-09-30 17:56:00+00:00,353.615,353.615,353.47,353.47
2026-09-30 17:57:00+00:00,353.61,353.725,353.52,353.695
2026-09-30 17:58:00+00:00,353.665,353.94,353.57,353.61
2026-09-30 17:59:00+00:00,353.605,353.685,353.605,353.605
2026-09-30 18:00:00+00:00,353.505,353.92,353.5,353.92
2026-09-30 18:01:00+00:00,353.445,353.555,352.72,352.78
2026-09-30 18:02:00+00:00,353.665,353.715,352.77,353.44
2026-09-30 18:03:00+00:00,353.79,353.975,353.66,353.935
2026-09-30 18:04:00+00:00,353.85,354.035,353.76,353.98
2026-09-30 18:05:00+00:00,353.625,353.85,353.62,353.85
2026-09-30 18:06:00+00:00,353.58,353.62,353.465,353.615
2026-09-30 18:07:00+00:00,353.64,353.93,353.505,353.58
2026-09-30 18:08:00+00:00,353.645,353.715,353.53,353.64
2026-09-30 18:09:00+00:00,353.68,353.95,353.565,353.945
2026-09-30 18:10:00+00:00,353.635,353.7,353.56,353.575
2026-09-30 18:11:00+00:00,354.1,354.1,353.785,353.785
2026-09-30 18:12:00+00:00,353.975,354.18,353.94,354.1
2026-09-30 18:13:00+00:00,353.925,354.13,353.785,354.13
2026-09-30 18:14:00+00:00,353.98,354.095,353.91,354.075
2026-09-30 18:15:00+00:00,354.08,354.46,353.805,353.86
2026-09-30 18:16:00+00:00,353.935,354.125,353.89,354.06
2026-09-30 18:17:00+00:00,353.83,353.955,353.83,353.93
2026-09-30 18:18:00+00:00,353.925,353.925,353.745,353.835
2026-09-30 18:19:00+00:00,353.78,353.925,353.725,353.925
2026-09-30 18:20:00+00:00,353.78,353.96,353.75,353.78
2026-09-30 18:21:00+00:00,353.815,353.845,353.67,353.75
2026-09-30 18:22:00+00:00,353.69,353.815,353.595,353.815
2026-09-30 18:23:00+00:00,353.61,353.655,352.825,352.845
2026-09-30 18:24:00+00:00,353.57,353.63,353.525,353.63
2026-09-30 18:25:00+00:00,353.51,353.66,353.41,353.57
2026-09-30 18:26:00+00:00,353.6,353.685,352.815,353.505
2026-09-30 18:27:00+00:00,353.495,353.6,353.485,353.6
2026-09-30 18:28:00+00:00,353.695,353.745,353.54,353.54
2026-09-30 18:29:00+00:00,353.79,353.875,353.645,353.645
2026-09-30 18:30:00+00:00,353.71,353.82,353.69,353.76
2026-09-30 18:31:00+00:00,353.545,353.85,353.525,353.815
2026-09-30 18:32:00+00:00,353.53,353.55,353.485,353.54
2026-09-30 18:33:00+00:00,353.7,353.72,353.52,353.53
2026-09-30 18:34:00+00:00,353.605,353.63,353.59,353.615
2026-09-30 18:35:00+00:00,353.525,353.92,353.405,353.92
2026-09-30 18:36:00+00:00,353.62,353.685,352.745,352.745
2026-09-30 18:37:00+00:00,353.62,353.915,352.8,353.895
2026-09-30 18:38:00+00:00,353.66,353.75,352.845,353.62
2026-09-30 18:39:00+00:00,353.84,353.84,353.655,353.655
2026-09-30 18:40:00+00:00,353.6,353.815,353.57,353.785
2026-09-30 18:41:00+00:00,353.675,354.305,353.575,354.305
2026-09-30 18:42:00+00:00,353.71,353.725,353.49,353.525
2026-09-30 18:43:00+00:00,353.735,353.75,353.59,353.72
2026-09-30 18:44:00+00:00,353.735,353.755,353.65,353.73
2026-09-30 18:45:00+00:00,353.685,353.755,353.555,353.675
2026-09-30 18:46:00+00:00,353.72,353.805,353.53,353.57
2026-09-30 18:47:00+00:00,353.655,353.79,353.65,353.71
2026-09-30 18:48:00+00:00,353.5,353.655,353.41,353.625
2026-09-30 18:49:00+00:00,353.49,353.54,353.42,353.505
2026-09-30 18:50:00+00:00,353.71,353.72,353.415,353.48
2026-09-30 18:51:00+00:00,353.345,353.58,352.805,352.82
2026-09-30 18:52:00+00:00,353.49,353.68,353.345,353.57
2026-09-30 18:53:00+00:00,353.4,353.67,353.38,353.605
2026-09-30 18:54:00+00:00,353.52,353.68,353.33,353.505
2026-09-30 18:55:00+00:00,353.485,353.67,352.765,352.78
2026-09-30 18:56:00+00:00,353.53,353.7,353.4,353.485
2026-09-30 18:57:00+00:00,353.665,353.69,353.43,353.53
2026-09-30 18:58:00+00:00,353.705,353.735,353.415,353.53
2026-09-30 18:59:00+00:00,353.675,353.725,353.535,353.705
2026-09-30 19:00:00+00:00,353.61,353.695,353.465,353.675
2026-09-30 19:01:00+00:00,353.715,353.72,353.55,353.595
2026-09-30 19:02:00+00:00,353.71,353.755,352.86,352.86
2026-09-30 19:03:00+00:00,353.68,353.71,353.56,353.695
2026-09-30 19:04:00+00:00,353.735,353.815,353.63,353.63
2026-09-30 19:05:00+00:00,353.77,353.79,353.6,353.73
2026-09-30 19:06:00+00:00,353.83,353.925,353.74,353.77
2026-09-30 19:07:00+00:00,353.985,353.995,353.81,353.84
2026-09-30 19:08:00+00:00,353.95,354.035,353.855,353.98
2026-09-30 19:09:00+00:00,354.01,354.015,353.75,353.96
2026-09-30 19:10:00+00:00,353.77,354.015,353.66,354.01
2026-09-30 19:11:00+00:00,353.65,353.76,353.635,353.665
2026-09-30 19:12:00+00:00,353.6,353.65,353.53,353.65
2026-09-30 19:13:00+00:00,353.725,353.905,353.63,353.655
2026-09-30 19:14:00+00:00,353.685,353.84,353.655,353.78
2026-09-30 19:15:00+00:00,353.695,353.8,353.605,353.655
2026-09-30 19:16:00+00:00,353.605,353.75,353.58,353.64
2026-09-30 19:17:00+00:00,353.655,353.71,353.485,353.6
2026-09-30 19:18:00+00:00,353.79,353.79,353.61,353.66
2026-09-30 19:19:00+00:00,353.61,353.81,353.525,353.765
2026-09-30 19:20:00+00:00,353.69,353.705,353.59,353.6
2026-09-30 19:21:00+00:00,353.655,353.82,353.655,353.685
2026-09-30 19:22:00+00:00,353.655,353.71,353.635,353.655
2026-09-30 19:23:00+00:00,353.52,353.685,353.505,353.65
2026-09-30 19:24:00+00:00,353.495,353.66,353.45,353.52
2026-09-30 19:25:00+00:00,353.67,353.72,353.47,353.495
2026-09-30 19:26:00+00:00,353.76,353.82,353.67,353.67
2026-09-30 19:27:00+00:00,353.685,354.11,353.61,354.11
2026-09-30 19:28:00+00:00,353.685,353.83,353.64,353.685
2026-09-30 19:29:00+00:00,353.6,353.855,353.59,353.815
2026-09-30 19:30:00+00:00,353.85,353.94,353.56,353.595
2026-09-30 19:31:00+00:00,353.765,353.855,353.685,353.855
2026-09-30 19:32:00+00:00,353.815,353.85,353.725,353.77
2026-09-30 19:33:00+00:00,353.83,353.9,353.79,353.835
2026-09-30 19:34:00+00:00,353.7,353.9,353.68,353.81
2026-09-30 19:35:00+00:00,353.885,353.91,353.7,353.7
2026-09-30 19:36:00+00:00,353.68,353.9,353.68,353.9
2026-09-30 19:37:00+00:00,353.085,353.69,353.085,353.65
2026-09-30 19:38:00+00:00,352.965,353.2,352.81,353.09
2026-09-30 19:39:00+00:00,352.96,353.13,352.52,352.525
2026-09-30 19:40:00+00:00,353.05,353.21,352.89,352.925
2026-09-30 19:41:00+00:00,352.35,353.05,352.35,352.535
2026-09-30 19:42:00+00:00,352.145,352.51,352.135,352.355
2026-09-30 19:43:00+00:00,352.705,352.73,352.135,352.14
2026-09-30 19:44:00+00:00,352.575,352.915,352.55,352.76
2026-09-30 19:45:00+00:00,352.7,352.7,352.465,352.58
2026-09-30 19:46:00+00:00,352.585,352.72,352.465,352.72
2026-09-30 19:47:00+00:00,352.705,352.775,352.55,352.55
2026-09-30 19:48:00+00:00,352.79,353.045,352.64,352.73
2026-09-30 19:49:00+00:00,352.92,353.025,352.8,352.8
2026-09-30 19:50:00+00:00,352.11,352.99,352.095,352.99
2026-09-30 19:51:00+00:00,352.055,352.18,351.86,352.095
2026-09-30 19:52:00+00:00,351.86,352.2,351.38,352.07
2026-09-30 19:53:00+00:00,351.94,352.18,351.855,351.855
2026-09-30 19:54:00+00:00,351.635,352.13,351.615,351.92
2026-09-30 19:55:00+00:00,351.23,351.63,350.69,351.63
2026-09-30 19:56:00+00:00,351.52,351.57,351.215,351.235
2026-09-30 19:57:00+00:00,351.665,351.83,351.395,351.505
2026-09-30 19:58:00+00:00,351.76,351.79,351.48,351.665
2026-09-30 19:59:00+00:00,351.315,351.86,351.3,351.74
2026-10-01 13:30:00+00:00,352.295,353.43,351.765,351.83
2026-10-01 13:31:00+00:00,353.03,353.105,352.205,352.295
2026-10-01 13:32:00+00:00,354.2,354.52,352.88,353.0
2026-10-01 13:33:00+00:00,353.625,354.305,353.62,354.145
2026-10-01 13:34:00+00:00,352.58,353.735,352.505,353.625
2026-10-01 13:35:00+00:00,352.11,352.63,351.92,352.37
2026-10-01 13:36:00+00:00,352.415,352.58,352.07,352.2
2026-10-01 13:37:00+00:00,352.55,352.765,352.27,352.42
2026-10-01 13:38:00+00:00,352.965,353.13,352.34,352.34
2026-10-01 13:39:00+00:00,352.81,353.2,352.4,352.485
2026-10-01 13:40:00+00:00,352.41,353.34,352.32,352.77
2026-10-01 13:41:00+00:00,351.585,352.47,351.51,352.375
2026-10-01 13:42:00+00:00,351.425,351.93,351.39,351.585
2026-10-01 13:43:00+00:00,351.135,351.525,350.78,351.35
2026-10-01 13:44:00+00:00,351.235,351.37,351.11,351.18
2026-10-01 13:45:00+00:00,351.105,351.94,351.005,351.095
2026-10-01 13:46:00+00:00,351.275,351.69,351.11,351.11
2026-10-01 13:47:00+00:00,350.345,351.225,350.245,351.145
2026-10-01 13:48:00+00:00,350.675,350.84,349.705,349.71
2026-10-01 13:49:00+00:00,350.675,350.78,350.1,350.675
2026-10-01 13:50:00+00:00,351.19,351.3,350.485,350.485
2026-10-01 13:51:00+00:00,351.66,351.89,351.065,351.21
2026-10-01 13:52:00+00:00,352.24,352.275,350.96,350.96
2026-10-01 13:53:00+00:00,352.19,352.46,352.02,352.45
2026-10-01 13:54:00+00:00,352.155,352.305,351.88,352.255
2026-10-01 13:55:00+00:00,351.67,352.33,351.67,352.155
2026-10-01 13:56:00+00:00,350.935,351.64,350.905,351.63
2026-10-01 13:57:00+00:00,351.305,351.305,350.635,350.635
2026-10-01 13:58:00+00:00,350.855,351.24,350.76,350.79
2026-10-01 13:59:00+00:00,350.405,350.81,350.285,350.79
2026-10-01 14:00:00+00:00,349.08,350.51,349.03,350.365
2026-10-01 14:01:00+00:00,348.89,349.315,348.89,349.085
2026-10-01 14:02:00+00:00,348.47,349.07,348.405,349.07
2026-10-01 14:03:00+00:00,348.415,348.765,348.26,348.765
2026-10-01 14:04:00+00:00,348.575,348.845,348.295,348.42
2026-10-01 14:05:00+00:00,348.14,348.66,347.69,347.805
2026-10-01 14:06:00+00:00,347.84,348.3,347.77,348.13
2026-10-01 14:07:00+00:00,348.33,348.525,347.84,347.84
2026-10-01 14:08:00+00:00,349.14,349.24,348.405,348.405
2026-10-01 14:09:00+00:00,349.44,349.46,349.055,349.125
2026-10-01 14:10:00+00:00,349.15,349.45,349.06,349.235
2026-10-01 14:11:00+00:00,348.82,349.08,348.8,349.07
2026-10-01 14:12:00+00:00,348.58,349.07,347.865,347.865
2026-10-01 14:13:00+00:00,347.78,348.62,347.78,347.8
2026-10-01 14:14:00+00:00,348.58,348.58,347.78,347.78
2026-10-01 14:15:00+00:00,348.275,348.665,347.8,347.805
2026-10-01 14:16:00+00:00,348.315,348.48,348.21,348.305
2026-10-01 14:17:00+00:00,347.6,348.33,347.59,348.33
2026-10-01 14:18:00+00:00,348.12,348.18,347.575,347.68
2026-10-01 14:19:00+00:00,347.84,348.12,347.62,348.12
2026-10-01 14:20:00+00:00,347.805,347.93,347.74,347.895
2026-10-01 14:21:00+00:00,347.755,347.945,347.64,347.805
2026-10-01 14:22:00+00:00,347.195,347.835,347.13,347.755
2026-10-01 14:23:00+00:00,347.55,347.645,347.035,347.43
2026-10-01 14:24:00+00:00,347.52,347.75,347.48,347.62
2026-10-01 14:25:00+00:00,347.565,347.82,347.24,347.24
2026-10-01 14:26:00+00:00,347.735,347.84,347.305,347.305
2026-10-01 14:27:00+00:00,347.66,347.76,347.43,347.75
2026-10-01 14:28:00+00:00,347.415,347.7,347.14,347.66
2026-10-01 14:29:00+00:00,347.605,347.76,347.515,347.515
2026-10-01 14:30:00+00:00,347.49,347.725,347.355,347.6
2026-10-01 14:31:00+00:00,347.73,347.825,347.135,347.245
2026-10-01 14:32:00+00:00,347.87,348.085,347.725,347.73
2026-10-01 14:33:00+00:00,348.005,348.05,347.755,347.875
2026-10-01 14:34:00+00:00,348.32,348.36,347.995,348.0
2026-10-01 14:35:00+00:00,348.17,348.4,348.11,348.365
2026-10-01 14:36:00+00:00,348.165,348.3,347.985,348.215
2026-10-01 14:37:00+00:00,348.25,348.26,348.025,348.16
2026-10-01 14:38:00+00:00,348.145,348.31,347.895,348.28
2026-10-01 14:39:00+00:00,348.47,348.7,347.88,347.88
2026-10-01 14:40:00+00:00,348.26,348.565,348.115,348.465
2026-10-01 14:41:00+00:00,348.09,348.19,347.91,347.93
2026-10-01 14:42:00+00:00,348.08,348.33,348.025,348.095
2026-10-01 14:43:00+00:00,348.315,348.33,348.08,348.08
2026-10-01 14:44:00+00:00,347.995,348.34,347.995,348.135
2026-10-01 14:45:00+00:00,347.94,348.09,347.94,348.05
2026-10-01 14:46:00+00:00,347.67,348.1,347.67,347.785
2026-10-01 14:47:00+00:00,347.49,347.74,347.42,347.59
2026-10-01 14:48:00+00:00,347.62,347.8,347.49,347.57
2026-10-01 14:49:00+00:00,347.455,347.595,347.3,347.53
2026-10-01 14:50:00+00:00,347.02,347.42,346.76,347.34
2026-10-01 14:51:00+00:00,346.98,347.235,346.965,347.09
2026-10-01 14:52:00+00:00,346.685,347.07,346.505,346.505
2026-10-01 14:53:00+00:00,346.775,346.935,346.385,346.385
2026-10-01 14:54:00+00:00,346.77,346.885,346.49,346.74
2026-10-01 14:55:00+00:00,346.83,347.01,346.75,346.77
2026-10-01 14:56:00+00:00,346.7,346.82,346.6,346.82
2026-10-01 14:57:00+00:00,346.785,346.84,346.42,346.42
2026-10-01 14:58:00+00:00,346.81,347.26,346.56,346.73
2026-10-01 14:59:00+00:00,346.605,346.82,346.2,346.82
2026-10-01 15:00:00+00:00,346.6,346.835,346.395,346.395
2026-10-01 15:01:00+00:00,346.625,346.63,346.44,346.555
2026-10-01 15:02:00+00:00,346.445,346.8,346.445,346.615
2026-10-01 15:03:00+00:00,346.57,346.62,346.11,346.245
2026-10-01 15:04:00+00:00,346.545,346.57,346.44,346.56
2026-10-01 15:05:00+00:00,346.75,346.895,346.55,346.61
2026-10-01 15:06:00+00:00,346.77,346.825,346.645,346.81
2026-10-01 15:07:00+00:00,346.57,346.935,346.555,346.555
2026-10-01 15:08:00+00:00,346.445,346.545,346.175,346.535
2026-10-01 15:09:00+00:00,346.52,346.665,346.42,346.47
2026-10-01 15:10:00+00:00,346.56,346.605,346.275,346.3
2026-10-01 15:11:00+00:00,346.455,346.59,346.16,346.57
2026-10-01 15:12:00+00:00,346.665,346.665,346.27,346.3
2026-10-01 15:13:00+00:00,346.9,347.01,346.635,346.635
2026-10-01 15:14:00+00:00,347.325,347.375,346.89,346.94
2026-10-01 15:15:00+00:00,347.32,347.43,346.94,346.94
2026-10-01 15:16:00+00:00,347.325,347.515,347.31,347.33
2026-10-01 15:17:00+00:00,347.69,347.69,347.17,347.32
2026-10-01 15:18:00+00:00,347.635,347.67,347.58,347.67
2026-10-01 15:19:00+00:00,347.82,347.92,347.58,347.635
2026-10-01 15:20:00+00:00,347.625,348.05,347.44,347.86
2026-10-01 15:21:00+00:00,347.65,347.7,347.4,347.625
2026-10-01 15:22:00+00:00,347.76,347.82,347.655,347.655
2026-10-01 15:23:00+00:00,347.775,347.85,347.71,347.76
2026-10-01 15:24:00+00:00,347.91,348.055,347.755,347.795
2026-10-01 15:25:00+00:00,347.99,348.49,347.705,348.49
2026-10-01 15:26:00+00:00,348.2,348.74,347.88,347.96
2026-10-01 15:27:00+00:00,348.515,348.565,348.205,348.205
2026-10-01 15:28:00+00:00,348.09,348.605,348.09,348.51
2026-10-01 15:29:00+00:00,347.85,348.19,347.785,348.105
2026-10-01 15:30:00+00:00,347.63,347.85,347.355,347.85
2026-10-01 15:31:00+00:00,347.54,347.625,347.3,347.41
2026-10-01 15:32:00+00:00,347.38,347.55,347.36,347.55
2026-10-01 15:33:00+00:00,347.63,347.74,347.345,347.39
2026-10-01 15:34:00+00:00,347.34,347.635,347.335,347.485
2026-10-01 15:35:00+00:00,347.06,347.295,347.06,347.28
2026-10-01 15:36:00+00:00,347.075,347.16,346.91,347.095
2026-10-01 15:37:00+00:00,347.215,347.25,347.07,347.07
2026-10-01 15:38:00+00:00,347.53,347.66,347.23,347.24
2026-10-01 15:39:00+00:00,347.65,347.86,347.525,347.525
2026-10-01 15:40:00+00:00,347.355,347.66,347.325,347.38
2026-10-01 15:41:00+00:00,347.04,347.4,347.01,347.225
2026-10-01 15:42:00+00:00,347.325,347.33,346.885,346.885
2026-10-01 15:43:00+00:00,347.03,347.345,346.97,347.09
2026-10-01 15:44:00+00:00,347.04,347.09,346.66,346.99
2026-10-01 15:45:00+00:00,347.26,347.275,347.045,347.045
2026-10-01 15:46:00+00:00,347.045,347.26,347.04,347.26
2026-10-01 15:47:00+00:00,347.18,347.22,346.985,347.11
2026-10-01 15:48:00+00:00,346.975,347.17,346.89,347.015
2026-10-01 15:49:00+00:00,346.965,347.11,346.84,347.0
2026-10-01 15:50:00+00:00,346.78,347.1,346.715,347.075
2026-10-01 15:51:00+00:00,346.41,346.78,346.4,346.78
2026-10-01 15:52:00+00:00,346.76,346.76,346.39,346.39
2026-10-01 15:53:00+00:00,346.6,346.67,346.52,346.64
2026-10-01 15:54:00+00:00,346.71,346.85,346.575,346.585
2026-10-01 15:55:00+00:00,346.965,347.03,346.69,346.915
2026-10-01 15:56:00+00:00,346.92,347.205,346.7,346.99
2026-10-01 15:57:00+00:00,347.005,347.105,346.72,346.72
2026-10-01 15:58:00+00:00,346.85,347.03,346.66,346.93
2026-10-01 15:59:00+00:00,347.145,347.255,346.7,346.7
2026-10-01 16:00:00+00:00,347.165,347.265,346.83,346.93
2026-10-01 16:01:00+00:00,347.185,347.325,346.795,347.155
2026-10-01 16:02:00+00:00,347.34,347.42,346.845,346.895
2026-10-01 16:03:00+00:00,347.43,347.59,347.345,347.345
2026-10-01 16:04:00+00:00,347.49,347.645,347.48,347.48
2026-10-01 16:05:00+00:00,347.445,347.555,347.005,347.04
2026-10-01 16:06:00+00:00,347.8,347.82,347.0,347.0
2026-10-01 16:07:00+00:00,347.56,347.81,347.455,347.81
2026-10-01 16:08:00+00:00,347.655,347.745,347.485,347.56
2026-10-01 16:09:00+00:00,347.69,347.69,347.455,347.665
2026-10-01 16:10:00+00:00,347.745,347.86,347.59,347.7
2026-10-01 16:11:00+00:00,347.585,347.84,347.52,347.57
2026-10-01 16:12:00+00:00,347.45,347.735,347.38,347.525
2026-10-01 16:13:00+00:00,347.33,347.43,346.965,347.005
2026-10-01 16:14:00+00:00,346.77,347.44,346.77,347.365
2026-10-01 16:15:00+00:00,347.45,347.56,347.165,347.42
2026-10-01 16:16:00+00:00,347.4,347.535,346.675,347.35
2026-10-01 16:17:00+00:00,347.48,347.54,346.76,346.845
2026-10-01 16:18:00+00:00,347.605,347.655,346.785,347.48
2026-10-01 16:19:00+00:00,347.68,347.715,346.865,347.605
2026-10-01 16:20:00+00:00,346.89,347.705,346.82,347.68
2026-10-01 16:21:00+00:00,347.76,347.835,346.88,346.89
2026-10-01 16:22:00+00:00,347.865,347.95,347.65,347.755
2026-10-01 16:23:00+00:00,347.81,347.85,347.645,347.85
2026-10-01 16:24:00+00:00,347.93,348.21,347.76,347.81
2026-10-01 16:25:00+00:00,347.89,348.22,347.85,348.22
2026-10-01 16:26:00+00:00,347.75,347.865,347.735,347.865
2026-10-01 16:27:00+00:00,347.78,347.87,347.63,347.66
2026-10-01 16:28:00+00:00,347.72,347.87,347.665,347.78
2026-10-01 16:29:00+00:00,347.45,347.785,347.405,347.785
2026-10-01 16:30:00+00:00,347.685,347.72,347.395,347.405
2026-10-01 16:31:00+00:00,347.93,347.93,347.66,347.66
2026-10-01 16:32:00+00:00,348.31,348.335,347.765,347.775
2026-10-01 16:33:00+00:00,348.325,348.39,347.97,348.31
2026-10-01 16:34:00+00:00,348.2,348.355,348.035,348.325
2026-10-01 16:35:00+00:00,348.245,348.335,347.92,347.94
2026-10-01 16:36:00+00:00,348.325,348.43,347.94,348.255
2026-10-01 16:37:00+00:00,348.32,348.505,348.22,348.385
2026-10-01 16:38:00+00:00,348.165,348.25,347.93,347.985
2026-10-01 16:39:00+00:00,348.05,348.18,347.86,348.165
2026-10-01 16:40:00+00:00,348.125,348.155,347.875,347.875
2026-10-01 16:41:00+00:00,347.785,348.13,347.765,347.915
2026-10-01 16:42:00+00:00,347.735,347.975,347.72,347.765
2026-10-01 16:43:00+00:00,347.84,347.85,347.675,347.735
2026-10-01 16:44:00+00:00,347.86,347.945,347.77,347.855
2026-10-01 16:45:00+00:00,348.075,348.08,347.73,347.87
2026-10-01 16:46:00+00:00,347.94,348.075,347.94,348.075
2026-10-01 16:47:00+00:00,348.125,348.155,347.99,347.99
2026-10-01 16:48:00+00:00,348.09,348.2,348.01,348.09
2026-10-01 16:49:00+00:00,347.75,348.105,347.725,348.075
2026-10-01 16:50:00+00:00,347.535,347.8,347.46,347.745
2026-10-01 16:51:00+00:00,347.545,347.6,347.49,347.56
2026-10-01 16:52:00+00:00,347.415,347.415,347.26,347.26
2026-10-01 16:53:00+00:00,347.27,347.49,346.67,347.49
2026-10-01 16:54:00+00:00,347.07,347.215,346.57,346.695
2026-10-01 16:55:00+00:00,346.88,347.24,346.83,347.24
2026-10-01 16:56:00+00:00,346.77,346.9,346.495,346.495
2026-10-01 16:57:00+00:00,346.995,346.995,346.465,346.77
2026-10-01 16:58:00+00:00,347.235,347.235,346.905,347.0
2026-10-01 16:59:00+00:00,347.14,347.15,346.855,346.855
2026-10-01 17:00:00+00:00,346.895,347.23,346.56,346.585
2026-10-01 17:01:00+00:00,347.18,347.205,346.89,346.895
2026-10-01 17:02:00+00:00,347.7,347.7,347.2,347.2
2026-10-01 17:03:00+00:00,347.45,347.72,347.42,347.64
2026-10-01 17:04:00+00:00,347.5,347.555,347.36,347.55
2026-10-01 17:05:00+00:00,347.855,347.94,346.86,346.86
2026-10-01 17:06:00+00:00,347.785,347.965,347.73,347.865
2026-10-01 17:07:00+00:00,347.76,347.795,347.69,347.775
2026-10-01 17:08:00+00:00,347.94,348.535,347.75,348.53
2026-10-01 17:09:00+00:00,347.61,347.88,347.57,347.805
2026-10-01 17:10:00+00:00,347.82,347.855,347.58,347.63
2026-10-01 17:11:00+00:00,347.85,347.91,347.78,347.815
2026-10-01 17:12:00+00:00,347.89,348.04,347.87,347.87
2026-10-01 17:13:00+00:00,347.965,347.965,347.78,347.79
2026-10-01 17:14:00+00:00,347.885,348.16,347.865,347.97
2026-10-01 17:15:00+00:00,347.94,348.035,347.85,347.915
2026-10-01 17:16:00+00:00,347.77,347.935,347.74,347.935
2026-10-01 17:17:00+00:00,347.905,348.04,347.855,347.865
2026-10-01 17:18:00+00:00,348.045,348.075,347.91,347.92
2026-10-01 17:19:00+00:00,348.14,348.25,348.065,348.065
2026-10-01 17:20:00+00:00,348.47,348.47,348.225,348.25
2026-10-01 17:21:00+00:00,348.47,348.47,348.225,348.36
2026-10-01 17:22:00+00:00,348.7,348.935,348.395,348.395
2026-10-01 17:23:00+00:00,348.835,348.89,348.66,348.7
2026-10-01 17:24:00+00:00,348.965,349.09,348.575,348.59
2026-10-01 17:25:00+00:00,348.74,349.205,348.74,348.95
2026-10-01 17:26:00+00:00,349.08,349.08,348.76,348.97
2026-10-01 17:27:00+00:00,349.06,349.145,348.87,349.04
2026-10-01 17:28:00+00:00,349.085,349.27,348.98,349.06
2026-10-01 17:29:00+00:00,349.25,349.265,349.015,349.095
2026-10-01 17:30:00+00:00,349.83,350.145,349.16,349.265
2026-10-01 17:31:00+00:00,350.175,350.175,349.83,349.835
2026-10-01 17:32:00+00:00,350.19,350.47,349.82,349.825
2026-10-01 17:33:00+00:00,349.955,350.37,349.955,350.155
2026-10-01 17:34:00+00:00,350.07,350.3,350.05,350.08
2026-10-01 17:35:00+00:00,349.67,350.135,349.67,350.045
2026-10-01 17:36:00+00:00,349.825,349.87,349.59,349.59
2026-10-01 17:37:00+00:00,350.01,350.275,349.805,349.825
2026-10-01 17:38:00+00:00,349.9,350.105,349.84,350.05
2026-10-01 17:39:00+00:00,349.855,349.98,349.715,349.84
2026-10-01 17:40:00+00:00,349.75,349.935,349.645,349.745
2026-10-01 17:41:00+00:00,349.9,349.9,349.61,349.755
2026-10-01 17:42:00+00:00,349.99,350.05,349.88,349.88
2026-10-01 17:43:00+00:00,350.0,350.2,349.915,350.065
2026-10-01 17:44:00+00:00,350.255,350.275,349.815,349.85
2026-10-01 17:45:00+00:00,350.43,350.5,350.075,350.075
2026-10-01 17:46:00+00:00,350.78,350.86,350.005,350.01
2026-10-01 17:47:00+00:00,350.59,350.9,350.525,350.805
2026-10-01 17:48:00+00:00,350.23,350.505,350.23,350.505
2026-10-01 17:49:00+00:00,350.265,350.48,350.24,350.245
2026-10-01 17:50:00+00:00,349.85,350.275,349.74,350.275
2026-10-01 17:51:00+00:00,349.985,350.03,349.77,349.815
2026-10-01 17:52:00+00:00,349.825,350.135,349.775,350.0
2026-10-01 17:53:00+00:00,349.475,349.815,349.45,349.81
2026-10-01 17:54:00+00:00,348.93,349.55,348.9,349.47
2026-10-01 17:55:00+00:00,348.89,349.05,348.59,348.945
2026-10-01 17:56:00+00:00,348.68,349.02,348.68,348.92
2026-10-01 17:57:00+00:00,348.295,348.79,348.265,348.755
2026-10-01 17:58:00+00:00,348.33,348.5,348.28,348.425
2026-10-01 17:59:00+00:00,348.35,348.515,348.14,348.475
2026-10-01 18:00:00+00:00,347.895,348.41,347.74,348.35
2026-10-01 18:01:00+00:00,348.11,348.145,347.745,347.76
2026-10-01 18:02:00+00:00,348.155,348.28,348.115,348.19
2026-10-01 18:03:00+00:00,347.805,348.16,347.74,348.155
2026-10-01 18:04:00+00:00,347.68,347.92,347.63,347.725
2026-10-01 18:05:00+00:00,347.415,347.8,347.415,347.725
2026-10-01 18:06:00+00:00,347.16,347.625,347.135,347.625
2026-10-01 18:07:00+00:00,347.095,347.145,346.605,346.615
2026-10-01 18:08:00+00:00,346.95,347.14,346.58,346.58
2026-10-01 18:09:00+00:00,347.07,347.08,346.855,346.91
2026-10-01 18:10:00+00:00,346.75,346.99,346.5,346.5
2026-10-01 18:11:00+00:00,346.935,347.02,346.75,346.755
2026-10-01 18:12:00+00:00,347.31,347.31,346.9,346.96
2026-10-01 18:13:00+00:00,347.315,347.43,347.2,347.265
2026-10-01 18:14:00+00:00,347.13,347.32,347.02,347.175
2026-10-01 18:15:00+00:00,347.06,347.41,347.045,347.16
2026-10-01 18:16:00+00:00,347.06,347.13,347.005,347.055
2026-10-01 18:17:00+00:00,347.1,347.28,346.855,347.03
2026-10-01 18:18:00+00:00,347.57,347.64,346.635,346.635
2026-10-01 18:19:00+00:00,347.265,347.44,346.675,346.82
2026-10-01 18:20:00+00:00,347.36,347.405,346.705,347.27
2026-10-01 18:21:00+00:00,347.315,347.465,347.28,347.415
2026-10-01 18:22:00+00:00,347.11,347.405,346.67,347.39
2026-10-01 18:23:00+00:00,347.54,347.545,346.96,347.06
2026-10-01 18:24:00+00:00,347.415,347.6,347.25,347.465
2026-10-01 18:25:00+00:00,347.525,347.53,347.215,347.415
2026-10-01 18:26:00+00:00,347.65,347.69,347.325,347.325
2026-10-01 18:27:00+00:00,347.655,347.845,347.54,347.57
2026-10-01 18:28:00+00:00,347.66,347.79,347.405,347.635
2026-10-01 18:29:00+00:00,347.67,347.93,347.665,347.73
2026-10-01 18:30:00+00:00,347.62,347.82,347.43,347.75
2026-10-01 18:31:00+00:00,347.55,347.68,347.46,347.62
2026-10-01 18:32:00+00:00,347.81,347.81,347.47,347.48
2026-10-01 18:33:00+00:00,347.86,347.93,347.635,347.68
2026-10-01 18:34:00+00:00,348.065,348.125,347.59,347.68
2026-10-01 18:35:00+00:00,348.115,348.16,347.955,348.07
2026-10-01 18:36:00+00:00,347.965,348.09,347.665,348.09
2026-10-01 18:37:00+00:00,347.53,347.995,347.53,347.995
2026-10-01 18:38:00+00:00,347.39,347.59,347.37,347.53
2026-10-01 18:39:00+00:00,347.435,347.485,347.23,347.23
2026-10-01 18:40:00+00:00,347.52,347.625,347.39,347.445
2026-10-01 18:41:00+00:00,347.395,347.55,347.28,347.295
2026-10-01 18:42:00+00:00,347.175,347.52,347.145,347.52
2026-10-01 18:43:00+00:00,347.425,347.425,347.135,347.175
2026-10-01 18:44:00+00:00,347.77,347.87,347.295,347.4
2026-10-01 18:45:00+00:00,347.77,347.925,347.445,347.815
2026-10-01 18:46:00+00:00,347.855,347.965,347.41,347.425
2026-10-01 18:47:00+00:00,347.93,348.05,347.855,347.88
2026-10-01 18:48:00+00:00,347.905,348.05,347.86,347.93
2026-10-01 18:49:00+00:00,347.915,348.0,347.86,347.94
2026-10-01 18:50:00+00:00,347.82,347.985,347.81,347.985
2026-10-01 18:51:00+00:00,347.695,347.835,347.625,347.82
2026-10-01 18:52:00+00:00,347.76,347.84,347.355,347.355
2026-10-01 18:53:00+00:00,347.845,347.965,347.71,347.76
2026-10-01 18:54:00+00:00,347.85,347.895,347.63,347.875
2026-10-01 18:55:00+00:00,347.905,347.905,347.66,347.725
2026-10-01 18:56:00+00:00,347.63,347.905,347.63,347.705
2026-10-01 18:57:00+00:00,347.695,347.78,347.585,347.725
2026-10-01 18:58:00+00:00,347.805,347.84,347.59,347.67
2026-10-01 18:59:00+00:00,348.175,348.185,347.8,347.8
2026-10-01 19:00:00+00:00,347.93,348.23,347.925,348.055
2026-10-01 19:01:00+00:00,347.825,348.05,347.815,347.97
2026-10-01 19:02:00+00:00,347.53,347.86,347.5,347.82
2026-10-01 19:03:00+00:00,347.29,347.59,346.845,346.845
2026-10-01 19:04:00+00:00,347.36,347.465,347.175,347.44
2026-10-01 19:05:00+00:00,347.21,347.43,346.705,347.41
2026-10-01 19:06:00+00:00,347.075,347.2,346.975,347.185
2026-10-01 19:07:00+00:00,347.09,347.13,346.535,347.08
2026-10-01 19:08:00+00:00,347.285,347.38,346.755,346.755
2026-10-01 19:09:00+00:00,347.115,347.39,347.085,347.285
2026-10-01 19:10:00+00:00,347.31,347.45,346.76,346.84
2026-10-01 19:11:00+00:00,347.1,347.325,346.675,346.675
2026-10-01 19:12:00+00:00,347.085,347.215,347.08,347.19
2026-10-01 19:13:00+00:00,347.1,347.12,346.9,347.075
2026-10-01 19:14:00+00:00,347.03,347.1,346.975,347.065
2026-10-01 19:15:00+00:00,347.23,347.245,346.975,346.98
2026-10-01 19:16:00+00:00,347.21,347.245,347.025,347.22
2026-10-01 19:17:00+00:00,347.05,347.215,346.97,347.21
2026-10-01 19:18:00+00:00,347.075,347.185,346.985,346.995
2026-10-01 19:19:00+00:00,347.165,347.23,347.01,347.075
2026-10-01 19:20:00+00:00,346.95,347.165,346.82,347.165
2026-10-01 19:21:00+00:00,347.04,347.075,346.93,346.945
2026-10-01 19:22:00+00:00,346.945,347.08,346.545,346.545
2026-10-01 19:23:00+00:00,346.92,347.06,346.475,346.48
2026-10-01 19:24:00+00:00,346.925,347.02,346.855,346.915
2026-10-01 19:25:00+00:00,346.965,347.13,346.825,346.97
2026-10-01 19:26:00+00:00,347.06,347.185,346.87,346.965
2026-10-01 19:27:00+00:00,347.05,347.165,346.645,346.645
2026-10-01 19:28:00+00:00,346.975,347.18,346.645,346.645
2026-10-01 19:29:00+00:00,346.765,347.035,346.765,346.97
2026-10-01 19:30:00+00:00,346.74,346.925,346.395,346.395
2026-10-01 19:31:00+00:00,346.56,346.85,346.445,346.74
2026-10-01 19:32:00+00:00,346.475,346.59,346.245,346.56
2026-10-01 19:33:00+00:00,346.33,346.49,346.145,346.42
2026-10-01 19:34:00+00:00,346.41,346.42,346.155,346.325
2026-10-01 19:35:00+00:00,346.265,346.41,346.105,346.41
2026-10-01 19:36:00+00:00,346.25,346.355,346.125,346.29
2026-10-01 19:37:00+00:00,346.34,346.41,346.13,346.165
2026-10-01 19:38:00+00:00,346.35,346.425,346.34,346.345
2026-10-01 19:39:00+00:00,346.395,346.445,346.19,346.385
2026-10-01 19:40:00+00:00,346.37,346.495,346.315,346.395
2026-10-01 19:41:00+00:00,346.315,346.455,346.285,346.37
2026-10-01 19:42:00+00:00,346.16,346.425,346.06,346.34
2026-10-01 19:43:00+00:00,346.125,346.26,346.05,346.12
2026-10-01 19:44:00+00:00,345.915,346.295,345.885,346.25
2026-10-01 19:45:00+00:00,345.88,346.0,345.685,345.915
2026-10-01 19:46:00+00:00,345.83,346.04,345.77,345.89
2026-10-01 19:47:00+00:00,345.515,345.845,345.51,345.775
2026-10-01 19:48:00+00:00,345.7,345.78,345.435,345.51
2026-10-01 19:49:00+00:00,345.66,345.85,345.55,345.56
2026-10-01 19:50:00+00:00,345.35,345.78,345.34,345.7
2026-10-01 19:51:00+00:00,345.325,345.65,345.315,345.35
2026-10-01 19:52:00+00:00,344.92,345.46,344.855,345.32
2026-10-01 19:53:00+00:00,344.51,345.04,344.405,344.91
2026-10-01 19:54:00+00:00,344.11,344.61,343.835,344.525
2026-10-01 19:55:00+00:00,343.915,344.1,343.705,344.04
2026-10-01 19:56:00+00:00,344.035,344.055,343.68,343.9
2026-10-01 19:57:00+00:00,344.01,344.11,343.55,344.03
2026-10-01 19:58:00+00:00,343.94,344.13,343.69,344.08
2026-10-01 19:59:00+00:00,343.79,343.925,343.32,343.905
2026-10-02 13:30:00+00:00,349.87,350.95,349.39,349.98
2026-10-02 13:31:00+00:00,348.86,350.3,348.38,349.87
2026-10-02 13:32:00+00:00,348.305,349.155,347.47,348.955
2026-10-02 13:33:00+00:00,347.59,348.52,347.49,348.515
2026-10-02 13:34:00+00:00,348.67,348.67,347.61,347.61
2026-10-02 13:35:00+00:00,348.695,349.255,348.465,348.69
2026-10-02 13:36:00+00:00,349.345,349.345,348.56,348.89
2026-10-02 13:37:00+00:00,349.83,349.84,349.255,349.41
2026-10-02 13:38:00+00:00,351.105,351.33,349.86,349.86
2026-10-02 13:39:00+00:00,351.425,351.805,351.125,351.23
2026-10-02 13:40:00+00:00,351.12,351.48,350.675,351.44
2026-10-02 13:41:00+00:00,351.07,351.53,350.76,351.055
2026-10-02 13:42:00+00:00,351.765,351.87,350.96,351.495
2026-10-02 13:43:00+00:00,352.64,352.75,351.745,351.81
2026-10-02 13:44:00+00:00,352.74,352.95,352.56,352.625
2026-10-02 13:45:00+00:00,353.25,353.39,352.425,352.675
2026-10-02 13:46:00+00:00,353.9,353.97,353.2,353.2
2026-10-02 13:47:00+00:00,354.02,354.21,353.765,353.915
2026-10-02 13:48:00+00:00,354.17,354.17,353.66,353.685
2026-10-02 13:49:00+00:00,353.69,354.42,353.44,354.23
2026-10-02 13:50:00+00:00,353.77,354.03,353.59,353.72
2026-10-02 13:51:00+00:00,352.835,353.7,352.465,353.625
2026-10-02 13:52:00+00:00,353.46,353.56,352.84,352.9
2026-10-02 13:53:00+00:00,353.39,353.775,353.285,353.48
2026-10-02 13:54:00+00:00,353.29,353.73,353.175,353.395
2026-10-02 13:55:00+00:00,352.57,353.28,352.255,353.245
2026-10-02 13:56:00+00:00,352.16,352.75,351.935,352.74
2026-10-02 13:57:00+00:00,352.82,353.125,351.685,352.31
2026-10-02 13:58:00+00:00,353.36,353.42,352.845,352.96
2026-10-02 13:59:00+00:00,353.06,353.23,352.695,353.23
2026-10-02 14:00:00+00:00,352.61,353.06,352.55,352.895
2026-10-02 14:01:00+00:00,353.115,353.41,352.61,352.61
2026-10-02 14:02:00+00:00,353.69,353.935,353.04,353.105
2026-10-02 14:03:00+00:00,354.24,354.3,353.625,353.685
2026-10-02 14:04:00+00:00,354.665,354.745,354.11,354.22
2026-10-02 14:05:00+00:00,354.075,354.645,354.07,354.54
2026-10-02 14:06:00+00:00,354.3,354.78,354.115,354.125
2026-10-02 14:07:00+00:00,353.94,354.415,353.94,354.3
2026-10-02 14:08:00+00:00,354.57,354.7,353.79,353.93
2026-10-02 14:09:00+00:00,354.355,354.68,354.34,354.57
2026-10-02 14:10:00+00:00,354.855,354.96,354.235,354.355
2026-10-02 14:11:00+00:00,354.515,354.91,354.5,354.83
2026-10-02 14:12:00+00:00,354.645,354.8,354.435,354.635
2026-10-02 14:13:00+00:00,354.795,355.29,354.63,354.64
2026-10-02 14:14:00+00:00,355.1,355.23,354.7,354.8
2026-10-02 14:15:00+00:00,354.99,355.465,354.975,355.11
2026-10-02 14:16:00+00:00,355.12,355.185,354.76,354.985
2026-10-02 14:17:00+00:00,355.44,355.455,355.01,355.01
2026-10-02 14:18:00+00:00,355.335,355.86,355.31,355.46
2026-10-02 14:19:00+00:00,354.985,355.455,354.74,355.325
2026-10-02 14:20:00+00:00,355.105,355.43,354.975,354.98
2026-10-02 14:21:00+00:00,354.955,355.34,354.825,355.105
2026-10-02 14:22:00+00:00,355.22,355.315,354.785,354.915
2026-10-02 14:23:00+00:00,355.345,355.53,355.205,355.22
2026-10-02 14:24:00+00:00,355.815,355.815,355.255,355.3
2026-10-02 14:25:00+00:00,355.82,356.005,355.72,356.005
2026-10-02 14:26:00+00:00,355.83,356.05,355.695,355.82
2026-10-02 14:27:00+00:00,355.79,356.365,355.755,355.835
2026-10-02 14:28:00+00:00,356.46,356.5,355.77,355.77
2026-10-02 14:29:00+00:00,356.495,356.6,356.255,356.495
2026-10-02 14:30:00+00:00,356.27,356.68,356.155,356.535
2026-10-02 14:31:00+00:00,356.34,356.39,356.045,356.27
2026-10-02 14:32:00+00:00,356.335,356.88,356.325,356.325
2026-10-02 14:33:00+00:00,357.005,357.02,356.26,356.26
2026-10-02 14:34:00+00:00,356.92,356.97,356.76,356.915
2026-10-02 14:35:00+00:00,356.99,357.17,356.78,356.94
2026-10-02 14:36:00+00:00,356.8,357.16,356.8,356.92
2026-10-02 14:37:00+00:00,356.795,357.045,356.665,356.85
2026-10-02 14:38:00+00:00,356.97,357.045,356.765,356.795
2026-10-02 14:39:00+00:00,357.03,357.165,356.865,356.99
2026-10-02 14:40:00+00:00,357.18,357.525,356.98,357.515
2026-10-02 14:41:00+00:00,357.17,357.57,357.01,357.57
2026-10-02 14:42:00+00:00,356.92,357.325,356.915,357.16
2026-10-02 14:43:00+00:00,356.32,356.9,356.205,356.725
2026-10-02 14:44:00+00:00,356.435,356.55,356.0,356.32
2026-10-02 14:45:00+00:00,356.21,356.5,356.105,356.5
2026-10-02 14:46:00+00:00,356.27,356.45,356.065,356.2
2026-10-02 14:47:00+00:00,356.245,356.28,355.89,356.215
2026-10-02 14:48:00+00:00,356.16,356.28,355.92,356.21
2026-10-02 14:49:00+00:00,355.46,356.08,355.415,356.08
2026-10-02 14:50:00+00:00,355.075,355.48,354.77,354.775
2026-10-02 14:51:00+00:00,355.18,355.18,354.82,355.035
2026-10-02 14:52:00+00:00,354.66,355.315,354.53,355.31
2026-10-02 14:53:00+00:00,354.27,354.78,354.26,354.6
2026-10-02 14:54:00+00:00,354.445,354.52,354.06,354.295
2026-10-02 14:55:00+00:00,354.37,354.61,354.37,354.445
2026-10-02 14:56:00+00:00,354.545,354.545,353.675,353.675
2026-10-02 14:57:00+00:00,355.01,355.01,354.44,354.44
2026-10-02 14:58:00+00:00,354.93,355.19,354.76,354.99
2026-10-02 14:59:00+00:00,354.77,355.025,354.64,354.91
2026-10-02 15:00:00+00:00,354.695,354.795,354.51,354.725
2026-10-02 15:01:00+00:00,354.75,354.935,353.85,353.855
2026-10-02 15:02:00+00:00,354.41,354.73,354.39,354.715
2026-10-02 15:03:00+00:00,354.385,354.475,354.23,354.425
2026-10-02 15:04:00+00:00,354.39,354.48,354.3,354.41
2026-10-02 15:05:00+00:00,354.305,354.56,354.22,354.425
2026-10-02 15:06:00+00:00,354.195,354.32,353.73,353.73
2026-10-02 15:07:00+00:00,353.965,354.195,353.91,354.195
2026-10-02 15:08:00+00:00,353.85,353.97,353.54,353.54
2026-10-02 15:09:00+00:00,353.585,353.96,353.525,353.525
2026-10-02 15:10:00+00:00,353.58,353.805,353.335,353.335
2026-10-02 15:11:00+00:00,353.82,353.82,353.305,353.465
2026-10-02 15:12:00+00:00,353.04,353.8,353.035,353.785
2026-10-02 15:13:00+00:00,353.24,353.26,352.91,353.05
2026-10-02 15:14:00+00:00,353.44,353.46,353.11,353.22
2026-10-02 15:15:00+00:00,353.45,353.695,353.34,353.37
2026-10-02 15:16:00+00:00,353.01,353.4,352.915,353.4
2026-10-02 15:17:00+00:00,352.63,353.05,352.55,352.925
2026-10-02 15:18:00+00:00,352.7,352.855,352.55,352.64
2026-10-02 15:19:00+00:00,352.58,352.88,352.44,352.695
2026-10-02 15:20:00+00:00,351.98,352.45,351.91,352.415
2026-10-02 15:21:00+00:00,352.26,352.28,351.785,352.015
2026-10-02 15:22:00+00:00,352.34,352.37,352.18,352.26
2026-10-02 15:23:00+00:00,352.51,352.63,352.11,352.615
2026-10-02 15:24:00+00:00,351.88,352.51,351.77,352.51
2026-10-02 15:25:00+00:00,351.76,351.805,351.53,351.69
2026-10-02 15:26:00+00:00,351.89,351.915,351.59,351.775
2026-10-02 15:27:00+00:00,352.25,352.29,351.875,351.89
2026-10-02 15:28:00+00:00,352.71,352.845,352.25,352.255
2026-10-02 15:29:00+00:00,352.5,352.855,352.41,352.725
2026-10-02 15:30:00+00:00,351.945,352.405,351.91,352.28
2026-10-02 15:31:00+00:00,352.04,352.255,351.835,352.22
2026-10-02 15:32:00+00:00,352.58,352.625,352.11,352.31
2026-10-02 15:33:00+00:00,352.81,353.225,352.48,353.225
2026-10-02 15:34:00+00:00,352.85,353.025,352.665,352.76
2026-10-02 15:35:00+00:00,353.135,353.225,352.865,352.865
2026-10-02 15:36:00+00:00,353.325,353.53,352.895,353.515
2026-10-02 15:37:00+00:00,353.17,353.36,353.04,353.325
2026-10-02 15:38:00+00:00,353.57,353.765,353.08,353.165
2026-10-02 15:39:00+00:00,353.325,353.805,353.27,353.775
2026-10-02 15:40:00+00:00,353.36,353.72,353.235,353.31
2026-10-02 15:41:00+00:00,353.27,353.39,353.045,353.39
2026-10-02 15:42:00+00:00,353.605,353.655,353.2,353.27
2026-10-02 15:43:00+00:00,353.315,353.63,353.26,353.36
2026-10-02 15:44:00+00:00,353.36,353.465,353.33,353.45
2026-10-02 15:45:00+00:00,353.41,353.48,353.23,353.36
2026-10-02 15:46:00+00:00,353.63,353.72,353.135,353.135
2026-10-02 15:47:00+00:00,354.21,354.21,353.57,353.57
2026-10-02 15:48:00+00:00,353.98,354.16,353.9,354.16
2026-10-02 15:49:00+00:00,353.87,353.96,353.795,353.93
2026-10-02 15:50:00+00:00,353.955,354.035,353.84,353.92
2026-10-02 15:51:00+00:00,354.44,354.52,353.935,353.935
2026-10-02 15:52:00+00:00,354.5,354.635,354.35,354.48
2026-10-02 15:53:00+00:00,354.345,354.525,354.295,354.405
2026-10-02 15:54:00+00:00,354.22,354.54,354.19,354.345
2026-10-02 15:55:00+00:00,354.75,354.825,354.23,354.28
2026-10-02 15:56:00+00:00,354.85,354.92,354.625,354.775
2026-10-02 15:57:00+00:00,354.69,354.86,354.405,354.795
2026-10-02 15:58:00+00:00,354.87,354.95,354.66,354.715
2026-10-02 15:59:00+00:00,354.515,354.93,354.295,354.925
2026-10-02 16:00:00+00:00,354.695,354.695,354.42,354.49
2026-10-02 16:01:00+00:00,355.1,355.1,354.695,354.695
2026-10-02 16:02:00+00:00,355.085,355.12,354.8,355.09
2026-10-02 16:03:00+00:00,355.115,355.19,354.99,355.08
2026-10-02 16:04:00+00:00,355.045,355.17,354.98,355.11
2026-10-02 16:05:00+00:00,355.25,355.29,354.985,355.16
2026-10-02 16:06:00+00:00,355.62,355.65,355.245,355.25
2026-10-02 16:07:00+00:00,355.695,355.82,355.355,355.355
2026-10-02 16:08:00+00:00,355.955,355.955,355.65,355.705
2026-10-02 16:09:00+00:00,355.715,356.38,355.64,356.38
2026-10-02 16:10:00+00:00,355.645,355.96,355.615,355.715
2026-10-02 16:11:00+00:00,355.595,355.855,355.58,355.645
2026-10-02 16:12:00+00:00,355.56,355.705,355.54,355.595
2026-10-02 16:13:00+00:00,355.9,355.95,355.51,355.555
2026-10-02 16:14:00+00:00,355.68,355.88,355.68,355.795
2026-10-02 16:15:00+00:00,355.625,355.745,355.47,355.61
2026-10-02 16:16:00+00:00,355.59,355.65,355.37,355.625
2026-10-02 16:17:00+00:00,355.56,355.73,355.51,355.575
2026-10-02 16:18:00+00:00,355.515,355.63,355.475,355.55
2026-10-02 16:19:00+00:00,355.485,355.595,355.42,355.46
2026-10-02 16:20:00+00:00,355.37,355.5,355.345,355.48
2026-10-02 16:21:00+00:00,355.42,355.58,355.355,355.355
2026-10-02 16:22:00+00:00,355.36,355.4,355.13,355.4
2026-10-02 16:23:00+00:00,355.16,355.36,355.035,355.265
2026-10-02 16:24:00+00:00,354.77,355.235,354.71,355.14
2026-10-02 16:25:00+00:00,354.965,355.215,354.78,354.81
2026-10-02 16:26:00+00:00,354.945,355.23,354.83,354.965
2026-10-02 16:27:00+00:00,355.42,355.42,354.88,354.945
2026-10-02 16:28:00+00:00,355.405,355.48,355.315,355.385
2026-10-02 16:29:00+00:00,355.01,355.62,355.0,355.45
2026-10-02 16:30:00+00:00,354.99,355.0,354.83,354.925
2026-10-02 16:31:00+00:00,355.05,355.12,354.965,354.995
2026-10-02 16:32:00+00:00,355.04,355.12,354.93,355.12
2026-10-02 16:33:00+00:00,355.065,355.11,354.98,355.07
2026-10-02 16:34:00+00:00,355.005,355.085,354.94,355.0
2026-10-02 16:35:00+00:00,354.71,354.955,354.605,354.89
2026-10-02 16:36:00+00:00,354.945,354.95,354.53,354.67
2026-10-02 16:37:00+00:00,355.015,355.13,354.73,354.73
2026-10-02 16:38:00+00:00,355.18,355.255,355.055,355.055
2026-10-02 16:39:00+00:00,355.105,355.345,355.075,355.24
2026-10-02 16:40:00+00:00,354.89,355.195,354.89,355.1
2026-10-02 16:41:00+00:00,354.92,355.01,354.72,354.985
2026-10-02 16:42:00+00:00,354.685,354.885,354.46,354.885
2026-10-02 16:43:00+00:00,354.365,354.67,353.75,353.825
2026-10-02 16:44:00+00:00,354.255,354.465,353.675,353.675
2026-10-02 16:45:00+00:00,354.44,354.51,353.81,353.81
2026-10-02 16:46:00+00:00,354.31,354.49,353.81,353.81
2026-10-02 16:47:00+00:00,354.34,354.525,354.27,354.3
2026-10-02 16:48:00+00:00,354.295,354.43,354.175,354.34
2026-10-02 16:49:00+00:00,354.325,354.37,354.24,354.295
2026-10-02 16:50:00+00:00,354.095,354.28,354.02,354.25
2026-10-02 16:51:00+00:00,354.43,354.43,354.065,354.205
2026-10-02 16:52:00+00:00,354.45,354.55,354.32,354.4
2026-10-02 16:53:00+00:00,354.74,354.845,354.475,354.5
2026-10-02 16:54:00+00:00,354.69,354.875,354.53,354.82
2026-10-02 16:55:00+00:00,354.54,354.83,354.455,354.69
2026-10-02 16:56:00+00:00,354.37,354.685,354.295,354.615
2026-10-02 16:57:00+00:00,354.4,354.69,354.275,354.675
2026-10-02 16:58:00+00:00,354.29,354.46,354.28,354.395
2026-10-02 16:59:00+00:00,354.42,354.475,354.19,354.21
2026-10-02 17:00:00+00:00,354.425,354.465,354.275,354.415
2026-10-02 17:01:00+00:00,354.56,354.74,354.35,354.425
2026-10-02 17:02:00+00:00,354.545,354.75,354.49,354.74
2026-10-02 17:03:00+00:00,354.26,354.735,354.125,354.725
2026-10-02 17:04:00+00:00,354.15,354.24,354.08,354.215
2026-10-02 17:05:00+00:00,354.045,354.36,354.025,354.295
2026-10-02 17:06:00+00:00,353.56,354.16,353.56,354.16
2026-10-02 17:07:00+00:00,353.505,353.775,353.44,353.695
2026-10-02 17:08:00+00:00,353.755,353.94,353.445,353.445
2026-10-02 17:09:00+00:00,353.725,354.04,353.38,353.395
2026-10-02 17:10:00+00:00,353.785,353.96,353.58,353.78
2026-10-02 17:11:00+00:00,353.88,353.975,353.755,353.785
2026-10-02 17:12:00+00:00,353.545,353.82,353.465,353.82
2026-10-02 17:13:00+00:00,353.5,353.52,353.37,353.455
2026-10-02 17:14:00+00:00,353.235,353.535,353.045,353.5
2026-10-02 17:15:00+00:00,353.285,353.4,353.115,353.3
2026-10-02 17:16:00+00:00,353.73,353.74,353.15,353.285
2026-10-02 17:17:00+00:00,353.455,354.31,353.425,354.31
2026-10-02 17:18:00+00:00,353.39,353.55,353.26,353.26
2026-10-02 17:19:00+00:00,353.19,353.61,353.08,353.41
2026-10-02 17:20:00+00:00,353.07,353.25,352.94,353.19
2026-10-02 17:21:00+00:00,352.775,353.1,352.7,353.05
2026-10-02 17:22:00+00:00,352.675,352.94,352.625,352.8
2026-10-02 17:23:00+00:00,352.77,352.865,352.49,352.565
2026-10-02 17:24:00+00:00,352.815,352.93,352.555,352.605
2026-10-02 17:25:00+00:00,352.84,352.91,352.69,352.815
2026-10-02 17:26:00+00:00,352.58,352.91,352.545,352.825
2026-10-02 17:27:00+00:00,352.415,352.625,352.39,352.5
2026-10-02 17:28:00+00:00,352.585,352.745,352.265,352.635
2026-10-02 17:29:00+00:00,352.375,352.625,352.26,352.575
2026-10-02 17:30:00+00:00,352.22,352.495,352.0,352.31
2026-10-02 17:31:00+00:00,352.115,352.295,352.105,352.22
2026-10-02 17:32:00+00:00,352.27,352.34,352.07,352.115
2026-10-02 17:33:00+00:00,352.45,352.52,352.135,352.27
2026-10-02 17:34:00+00:00,352.49,352.715,352.37,352.49
2026-10-02 17:35:00+00:00,352.625,352.75,352.36,352.495
2026-10-02 17:36:00+00:00,352.245,352.76,352.16,352.375
2026-10-02 17:37:00+00:00,351.995,352.38,351.96,352.28
2026-10-02 17:38:00+00:00,352.115,352.465,351.94,351.975
2026-10-02 17:39:00+00:00,351.85,352.18,351.845,352.115
2026-10-02 17:40:00+00:00,351.855,352.18,351.795,352.165
2026-10-02 17:41:00+00:00,351.855,351.97,351.635,351.86
2026-10-02 17:42:00+00:00,351.675,351.86,351.655,351.86
2026-10-02 17:43:00+00:00,351.845,351.855,350.855,350.87
2026-10-02 17:44:00+00:00,352.365,352.565,351.755,351.845
2026-10-02 17:45:00+00:00,352.43,352.575,352.295,352.37
2026-10-02 17:46:00+00:00,352.46,352.485,352.19,352.405
2026-10-02 17:47:00+00:00,352.665,352.72,352.385,352.475
2026-10-02 17:48:00+00:00,352.585,352.65,351.9,351.9
2026-10-02 17:49:00+00:00,352.89,352.895,352.51,352.63
2026-10-02 17:50:00+00:00,352.865,353.08,352.47,352.9
2026-10-02 17:51:00+00:00,353.05,353.1,352.745,352.745
2026-10-02 17:52:00+00:00,353.38,353.7,353.05,353.7
2026-10-02 17:53:00+00:00,353.3,353.355,353.185,353.275
2026-10-02 17:54:00+00:00,353.55,353.585,353.24,353.265
2026-10-02 17:55:00+00:00,353.44,353.55,353.28,353.55
2026-10-02 17:56:00+00:00,353.32,353.4,353.215,353.315
2026-10-02 17:57:00+00:00,353.07,353.33,353.025,353.3
2026-10-02 17:58:00+00:00,353.315,353.315,353.015,353.07
2026-10-02 17:59:00+00:00,353.415,353.415,353.28,353.315
2026-10-02 18:00:00+00:00,353.525,353.58,353.315,353.395
2026-10-02 18:01:00+00:00,353.38,353.63,353.35,353.63
2026-10-02 18:02:00+00:00,353.335,353.455,353.29,353.41
2026-10-02 18:03:00+00:00,353.42,353.65,353.335,353.34
2026-10-02 18:04:00+00:00,353.83,353.86,353.38,353.43
2026-10-02 18:05:00+00:00,353.885,353.895,353.685,353.86
2026-10-02 18:06:00+00:00,354.01,354.12,353.81,353.88
2026-10-02 18:07:00+00:00,354.16,354.25,354.005,354.015
2026-10-02 18:08:00+00:00,354.12,354.34,353.97,354.06
2026-10-02 18:09:00+00:00,353.96,354.09,353.925,354.025
2026-10-02 18:10:00+00:00,353.975,354.06,353.84,353.975
2026-10-02 18:11:00+00:00,353.96,354.175,353.92,353.975
2026-10-02 18:12:00+00:00,354.195,354.205,353.855,353.855
2026-10-02 18:13:00+00:00,354.2,354.37,354.1,354.165
2026-10-02 18:14:00+00:00,354.23,354.395,354.195,354.195
2026-10-02 18:15:00+00:00,354.36,354.385,354.17,354.23
2026-10-02 18:16:00+00:00,354.35,354.4,354.18,354.355
2026-10-02 18:17:00+00:00,354.265,354.37,354.16,354.35
2026-10-02 18:18:00+00:00,354.41,354.44,354.205,354.27
2026-10-02 18:19:00+00:00,354.375,354.41,354.19,354.405
2026-10-02 18:20:00+00:00,354.195,354.395,354.185,354.38
2026-10-02 18:21:00+00:00,354.47,354.51,354.175,354.34
2026-10-02 18:22:00+00:00,354.185,354.495,354.155,354.45
2026-10-02 18:23:00+00:00,354.19,354.295,354.06,354.185
2026-10-02 18:24:00+00:00,354.35,354.405,353.875,353.875
2026-10-02 18:25:00+00:00,354.575,354.575,354.345,354.35
2026-10-02 18:26:00+00:00,354.625,354.695,354.56,354.655
2026-10-02 18:27:00+00:00,354.495,354.71,354.37,354.625
2026-10-02 18:28:00+00:00,354.61,354.67,354.38,354.495
2026-10-02 18:29:00+00:00,354.635,354.665,354.515,354.54
2026-10-02 18:30:00+00:00,354.735,354.87,354.57,354.61
2026-10-02 18:31:00+00:00,354.52,354.885,354.46,354.73
2026-10-02 18:32:00+00:00,354.945,354.95,354.57,354.75
2026-10-02 18:33:00+00:00,354.855,355.3,354.855,354.89
2026-10-02 18:34:00+00:00,354.985,355.05,354.845,354.89
2026-10-02 18:35:00+00:00,355.025,355.04,354.7,354.985
2026-10-02 18:36:00+00:00,355.08,355.34,355.005,355.025
2026-10-02 18:37:00+00:00,354.685,355.06,354.6,355.06
2026-10-02 18:38:00+00:00,354.82,354.9,354.565,354.685
2026-10-02 18:39:00+00:00,354.88,354.925,354.675,354.82
2026-10-02 18:40:00+00:00,355.045,355.06,354.855,354.855
2026-10-02 18:41:00+00:00,355.47,355.61,354.975,355.05
2026-10-02 18:42:00+00:00,355.635,355.72,355.35,355.47
2026-10-02 18:43:00+00:00,355.595,355.775,355.475,355.71
2026-10-02 18:44:00+00:00,355.645,355.66,355.48,355.59
2026-10-02 18:45:00+00:00,355.665,356.205,355.54,356.205
2026-10-02 18:46:00+00:00,355.845,355.93,355.66,355.745
2026-10-02 18:47:00+00:00,355.635,355.925,355.6,355.845
2026-10-02 18:48:00+00:00,355.615,355.745,355.5,355.64
2026-10-02 18:49:00+00:00,355.595,355.765,355.49,355.645
2026-10-02 18:50:00+00:00,355.76,355.8,355.55,355.595
2026-10-02 18:51:00+00:00,355.665,355.855,355.55,355.77
2026-10-02 18:52:00+00:00,355.3,355.675,355.29,355.615
2026-10-02 18:53:00+00:00,355.565,355.665,355.33,355.405
2026-10-02 18:54:00+00:00,355.665,355.69,355.48,355.565
2026-10-02 18:55:00+00:00,355.56,355.7,355.51,355.655
2026-10-02 18:56:00+00:00,355.44,355.635,355.41,355.565
2026-10-02 18:57:00+00:00,355.54,355.64,355.42,355.42
2026-10-02 18:58:00+00:00,355.665,355.68,355.43,355.55
2026-10-02 18:59:00+00:00,355.47,355.865,355.43,355.68
2026-10-02 19:00:00+00:00,355.665,355.665,355.325,355.465
2026-10-02 19:01:00+00:00,355.445,355.665,355.34,355.665
2026-10-02 19:02:00+00:00,355.29,355.455,355.2,355.445
2026-10-02 19:03:00+00:00,355.275,355.62,355.2,355.62
2026-10-02 19:04:00+00:00,355.245,355.305,355.075,355.22
2026-10-02 19:05:00+00:00,355.165,355.26,355.04,355.245
2026-10-02 19:06:00+00:00,355.09,355.3,355.025,355.165
2026-10-02 19:07:00+00:00,355.325,355.375,355.075,355.09
2026-10-02 19:08:00+00:00,354.935,355.34,354.92,355.305
2026-10-02 19:09:00+00:00,354.83,354.965,354.69,354.69
2026-10-02 19:10:00+00:00,354.635,354.86,354.575,354.69
2026-10-02 19:11:00+00:00,354.62,354.71,354.59,354.63
2026-10-02 19:12:00+00:00,355.12,355.315,354.62,354.965
2026-10-02 19:13:00+00:00,354.99,355.325,354.6,354.63
2026-10-02 19:14:00+00:00,355.125,355.235,354.935,355.01
2026-10-02 19:15:00+00:00,355.22,355.23,354.985,355.125
2026-10-02 19:16:00+00:00,355.24,355.3,355.07,355.22
2026-10-02 19:17:00+00:00,355.065,355.425,354.925,355.24
2026-10-02 19:18:00+00:00,354.89,354.955,354.57,354.95
2026-10-02 19:19:00+00:00,354.95,355.065,354.825,354.86
2026-10-02 19:20:00+00:00,355.155,355.155,354.93,354.935
2026-10-02 19:21:00+00:00,355.085,355.19,355.07,355.135
2026-10-02 19:22:00+00:00,355.245,355.345,355.075,355.105
2026-10-02 19:23:00+00:00,355.265,355.35,355.1,355.31
2026-10-02 19:24:00+00:00,355.585,355.665,355.085,355.085
2026-10-02 19:25:00+00:00,355.685,355.865,355.575,355.575
2026-10-02 19:26:00+00:00,355.48,355.7,355.36,355.68
2026-10-02 19:27:00+00:00,355.435,355.585,355.34,355.455
2026-10-02 19:28:00+00:00,355.375,355.415,355.335,355.39
2026-10-02 19:29:00+00:00,355.37,355.415,355.255,355.36
2026-10-02 19:30:00+00:00,355.535,355.68,354.685,354.685
2026-10-02 19:31:00+00:00,355.645,355.815,355.48,355.52
2026-10-02 19:32:00+00:00,355.57,355.67,354.83,354.84
2026-10-02 19:33:00+00:00,355.37,355.545,355.33,355.545
2026-10-02 19:34:00+00:00,355.425,355.485,355.34,355.34
2026-10-02 19:35:00+00:00,355.56,355.63,355.37,355.435
2026-10-02 19:36:00+00:00,355.96,355.965,355.535,355.555
2026-10-02 19:37:00+00:00,356.13,356.135,355.82,355.92
2026-10-02 19:38:00+00:00,356.32,356.335,356.13,356.13
2026-10-02 19:39:00+00:00,356.15,356.32,356.1,356.32
2026-10-02 19:40:00+00:00,356.055,356.24,355.96,356.18
2026-10-02 19:41:00+00:00,355.795,356.095,355.715,356.08
2026-10-02 19:42:00+00:00,355.59,355.905,355.535,355.79
2026-10-02 19:43:00+00:00,355.62,355.74,355.58,355.59
2026-10-02 19:44:00+00:00,355.64,356.3,355.6,356.26
2026-10-02 19:45:00+00:00,355.755,355.93,355.595,355.63
2026-10-02 19:46:00+00:00,355.85,355.885,355.665,355.705
2026-10-02 19:47:00+00:00,355.83,356.03,355.785,355.89
2026-10-02 19:48:00+00:00,355.64,355.875,355.595,355.83
2026-10-02 19:49:00+00:00,355.805,355.855,355.55,355.695
2026-10-02 19:50:00+00:00,355.64,355.88,355.24,355.805
2026-10-02 19:51:00+00:00,355.745,355.75,355.5,355.61
2026-10-02 19:52:00+00:00,355.73,356.235,355.59,356.235
2026-10-02 19:53:00+00:00,356.0,356.08,355.535,355.75
2026-10-02 19:54:00+00:00,355.52,356.495,355.16,356.495
2026-10-02 19:55:00+00:00,354.935,355.6,354.76,355.3
2026-10-02 19:56:00+00:00,354.985,355.045,354.875,354.935
2026-10-02 19:57:00+00:00,355.14,355.275,354.905,354.92
2026-10-02 19:58:00+00:00,355.295,355.36,355.065,355.15
2026-10-02 19:59:00+00:00,355.13,355.34,355.01,355.28
