date,Open,High,Low,Close,Volume,volumenotional,tradesdone
2026-10-03 00:00:00+00:00,767.9792284697289,768.0091523207992,767.8395838080116,768.0091523207992,0.5122302999999999,393.39755849602864,7.0
2026-10-03 00:01:00+00:00,768.0258592029163,768.335991023611,768.0258592029163,768.335991023611,1.0451403,803.018908159214,8.0
2026-10-03 00:02:00+00:00,768.3299995546016,768.5899995998951,768.3299995546016,768.5899994668337,0.0836603,64.30046993239515,5.0
2026-10-03 00:03:00+00:00,768.6053825460714,768.6994019121975,768.5207651445493,768.5207651756507,1.1239602999999998,863.7868297830538,7.0
2026-10-03 00:04:00+00:00,768.652280121133,768.6716286611071,768.5845602388287,768.5845602388287,2.0673403,1588.9258353395082,8.0
2026-10-03 00:05:00+00:00,768.3899994103921,768.5399995450547,768.3899994103921,768.5399995450547,0.07013029999999999,53.89794073009454,6.0
2026-10-03 00:06:00+00:00,768.519347061937,768.5193471057462,768.4226116132838,768.4226116132838,1.4589904,1121.1212134867096,7.0
2026-10-03 00:07:00+00:00,768.068257748121,768.0891651914197,768.043484595798,768.0643920472338,1.0687103,820.8383268441169,8.0
2026-10-03 00:08:00+00:00,768.2799999099644,768.2799999099644,768.1100000415076,768.2299998522833,0.1902503,146.15598794089686,8.0
2026-10-03 00:09:00+00:00,768.3283660100969,768.3661709501355,768.3283660100969,768.3283660258081,1.5995402999999997,1228.9721850914307,8.0
2026-10-03 00:10:00+00:00,768.1500000029239,768.3699999927065,768.0000000109209,768.3699999927065,5.6271203,4323.710424869959,12.0
2026-10-03 00:11:00+00:00,768.430000025018,768.4799999912183,768.4299999778268,768.4799999440271,0.4437903,341.0439697191598,6.0
2026-10-03 00:12:00+00:00,768.5531693193896,768.6705919934568,768.5462385392517,768.6705919934568,0.6697802999999999,514.840419706555,10.0
2026-10-03 00:13:00+00:00,768.8570474838589,768.8592062333393,768.6610162863875,768.757270001776,0.8372902999999999,643.6730052269679,8.0
2026-10-03 00:14:00+00:00,768.6439990487421,768.7723553167368,768.6439990401045,768.7370485145094,2.7040004,2078.665286678053,13.0
2026-10-03 00:15:00+00:00,768.751819120254,768.9762163573912,767.5666198750882,768.2506639607681,38.32253029999999,29441.309347631643,65.0
2026-10-03 00:16:00+00:00,767.9524256311389,768.3164352868675,767.9524256311389,768.3164352868675,9.505740300000001,7303.41650205872,24.0
2026-10-03 00:17:00+00:00,768.2199999925106,768.2799999682808,768.1799999922841,768.2799999575481,0.7428902999999999,570.7477596524628,7.0
2026-10-03 00:18:00+00:00,768.2499919525059,768.2499985292019,768.2499919525059,768.2499975170542,0.0061703,4.740332959679479,4.0
2026-10-03 00:19:00+00:00,768.1005207907841,768.1005207921702,767.9690705742713,768.0154647454668,0.6694202999999999,514.1251428145497,8.0
2026-10-03 00:20:00+00:00,768.0436064390925,768.0612021457388,768.0084149950488,768.0084149950488,0.6030902999999999,463.1784254018884,7.0
2026-10-03 00:21:00+00:00,767.9159967376116,767.9273393666767,767.8413344521896,767.8526770812547,1.9503503,1497.5816991012282,8.0
2026-10-03 00:22:00+00:00,768.0310107893393,768.2813477127055,767.9428840966276,768.274568736343,4.0960904000000005,3146.922085565075,11.0
2026-10-03 00:23:00+00:00,768.289999993999,768.4699999924334,768.2799999943827,768.4699999924334,4.7214303,3628.2775426052744,8.0
2026-10-03 00:24:00+00:00,768.3061337606761,768.4938662317526,768.2873605138801,768.3155203867052,2.4748303000000003,1901.450529813286,9.0
2026-10-03 00:25:00+00:00,768.5999999948801,768.5999999948801,768.1200000106427,768.1200000106427,5.085230299999999,3906.06709809012,10.0
2026-10-03 00:26:00+00:00,768.4099999653009,768.4899999606116,768.4099999653009,768.4899999574977,1.3433103,1032.3205323899062,6.0
2026-10-03 00:27:00+00:00,768.5193079341642,768.5193079827039,768.4623391158332,768.4623391651362,0.8154303,626.6274757641288,6.0
2026-10-03 00:28:00+00:00,768.5212037118911,768.5212037118911,768.5018702951282,768.5018702951282,3e-07,0.00023055056108853847,3.0
2026-10-03 00:29:00+00:00,768.5899998812547,768.5899999107717,768.4400000651193,768.4400000877552,0.30714040000000004,236.01896900295318,6.0
2026-10-03 00:30:00+00:00,768.7199895313505,768.7199976545537,768.7199895313505,768.7199976545537,0.0045203,3.4748450053978788,4.0
2026-10-03 00:31:00+00:00,768.792668496479,768.8382209974942,768.792668496479,768.8382209974942,0.8421503,647.477338464506,7.0
2026-10-03 00:32:00+00:00,768.8800000018122,769.0599999862798,768.8800000018122,769.0599999862798,2.6097903,2007.085328082193,6.0
2026-10-03 00:33:00+00:00,768.9133965490305,768.9133965490305,768.8703579341288,768.900361334414,3e-07,0.00023067010840032418,3.0
2026-10-03 00:34:00+00:00,768.9399999497016,768.9400000578978,768.9399999497016,768.9400000578978,0.3957503,304.30823570491305,4.0
2026-10-03 00:35:00+00:00,769.1473360811359,769.203718511955,769.1473360811359,769.203718511955,0.0215603,16.584262932233305,6.0
2026-10-03 00:36:00+00:00,769.1799999695354,769.2599998737043,769.1799999074603,769.2599998618914,0.2504403,192.65370514341205,5.0
2026-10-03 00:37:00+00:00,769.2499977134729,769.2499987783061,769.2499977134729,769.2499980176738,0.0129704,9.977480174288436,5.0
2026-10-03 00:38:00+00:00,769.1298046786912,769.1298046786912,768.990169271912,768.9901692728953,2.4382603,1874.9982008283805,9.0
2026-10-03 00:39:00+00:00,768.8800000025288,769.0399999938357,768.8800000016884,768.9699999995752,3.6589803,2813.6460812894456,28.0
2026-10-03 00:40:00+00:00,768.9303996257014,768.9303996257014,768.7527973547543,768.8415984843274,3.5884003000000004,2758.9114226536403,33.0
2026-10-03 00:41:00+00:00,768.8209042571643,768.8209042695046,768.8209042571643,768.8209042685036,0.9539302999999999,733.4015558551248,6.0
2026-10-03 00:42:00+00:00,768.7339137285472,768.8978002294506,768.7339137285472,768.8978002294506,4.1011603,3153.3731330583537,9.0
2026-10-03 00:43:00+00:00,768.9148450233087,768.9148450233087,768.7631444709825,768.7631444709825,0.3464603,266.34590966235993,7.0
2026-10-03 00:44:00+00:00,768.9604789222526,769.0401596249791,768.9309578680932,768.9511175215541,2.2267904,1712.2929665662687,18.0
2026-10-03 00:45:00+00:00,768.7900000414536,768.9699999773457,768.7400000454493,768.7400000454493,0.8343803000000001,641.421511859922,6.0
2026-10-03 00:46:00+00:00,768.9132278018322,768.9199366768241,768.8999366754277,768.9066455504197,1.7263103,1327.3714619521388,9.0
2026-10-03 00:47:00+00:00,768.8859620588373,769.1125582621581,768.8859620588373,769.0993658508414,4.731250299999999,3638.801605411603,14.0
2026-10-03 00:48:00+00:00,769.114102403217,769.1282048079939,769.0033312685744,769.003331269051,6.1077103,4696.849567126295,19.0
2026-10-03 00:49:00+00:00,769.0603161260049,769.2582806353121,769.0603161260049,769.2582806353121,2.6486703,2037.5115609478162,9.0
2026-10-03 00:50:00+00:00,769.289999991695,769.3299999886414,769.2899999909513,769.3299999878976,3.9296702999999997,3023.2132518514413,8.0
2026-10-03 00:51:00+00:00,769.3099999881557,769.3099999881557,769.2499999888164,769.2499999888164,2.2760003999999996,1750.8133076745457,9.0
2026-10-03 00:52:00+00:00,769.2586206324063,769.2586206324063,769.1657994202453,769.2409403997439,1.9277803,1482.9275308561002,7.0
2026-10-03 00:53:00+00:00,768.9427182218411,768.9525091297154,768.9427182218411,768.9525091297154,1.8412902999999998,1415.8647962212062,6.0
2026-10-03 00:54:00+00:00,768.9411868717128,768.9411868717128,768.9409573722996,768.9410037638221,4.0300000000000004e-05,0.030988322451682034,4.0
2026-10-03 00:55:00+00:00,769.1599999890556,769.1599999890556,768.750000014244,768.969999990544,2.7848003,2141.427886664667,9.0
2026-10-03 00:56:00+00:00,768.6907387486498,768.8597726991261,768.6907387458372,768.8597726963135,2.6308702999999998,2022.770340851482,8.0
2026-10-03 00:57:00+00:00,768.8835939540196,768.9912644682108,768.6952413294466,768.9912644682108,1.9738403,1517.8659481553127,11.0
2026-10-03 00:58:00+00:00,768.9480183015913,769.03160934234,768.9480182992193,769.03160934234,4.0019303,3077.610899084873,9.0
2026-10-03 00:59:00+00:00,769.0600000012632,769.0600000012632,768.9100000271059,768.9100000345339,1.5186404,1167.6977900164447,6.0
2026-10-03 01:00:00+00:00,768.9813548708948,769.0121290506729,768.8826451694835,768.9397419339327,5.7304403,4406.363285449808,11.0
2026-10-03 01:01:00+00:00,768.8699999935479,768.8699999935479,768.6200000147276,768.8199999890462,2.3363202999999997,1796.2097730204082,9.0
2026-10-03 01:02:00+00:00,768.6401739412021,768.7897390995761,768.6401739403912,768.7398840459739,2.7493803,2113.558293020285,7.0
2026-10-03 01:03:00+00:00,768.6608243708334,768.7492920926372,768.431066770391,768.5651198962016,4.2826603,3291.503326944203,13.0
2026-10-03 01:04:00+00:00,768.5500000084809,768.8299999941952,768.5500000084809,768.8299999789906,2.0814603,1600.2891224052696,5.0
2026-10-03 01:05:00+00:00,768.6599999402912,768.6599999402912,768.6599999015973,768.6599999109934,0.5000003,384.3302305534966,4.0
2026-10-03 01:06:00+00:00,768.65669348903,768.6662211508151,768.6566934860755,768.6662211508151,1.7025302999999998,1308.6775320957634,6.0
2026-10-03 01:07:00+00:00,768.869999883537,768.8699999135132,768.829999905559,768.8299999286538,0.5449103,418.9433859101227,5.0
2026-10-03 01:08:00+00:00,768.9936499107389,769.1261320178991,768.9936499107389,769.1261320178991,2.3031003,1771.374625388263,8.0
2026-10-03 01:09:00+00:00,769.3091728889799,769.3154382920595,769.3091728889799,769.3154382920595,1.3575703,1044.3997903567827,12.0
2026-10-03 01:10:00+00:00,769.3699999453497,769.3699999504158,769.2100000017875,769.2200000034438,0.8486103,652.7680149689224,6.0
2026-10-03 01:11:00+00:00,769.2320349106376,769.4759883545236,769.1387209780387,769.1400581971675,4.5407903,3492.503715603134,20.0
2026-10-03 01:12:00+00:00,769.1799997734198,769.1799997748462,769.1799995598409,769.1799995598409,0.2574204,198.00262315869406,5.0
2026-10-03 01:13:00+00:00,768.8900000025151,768.8900000025151,768.8899999828847,768.8899999837854,1.1221103,862.7793885488054,4.0
2026-10-03 01:14:00+00:00,768.7999999898611,768.7999999898611,768.799999966525,768.7999999671304,1.1221103,862.6783986031165,5.0
2026-10-03 01:15:00+00:00,768.6900000146034,769.139999965339,768.6900000146034,769.139999965339,1.6284603,1252.513955085556,6.0
2026-10-03 01:16:00+00:00,769.3999996637582,769.3999998746779,769.3999996637582,769.3999998746779,0.2905503,223.5494007835876,4.0
2026-10-03 01:17:00+00:00,769.4276436373029,769.7167241483795,769.3312834685297,769.3312834726946,9.865850299999998,7590.107273848468,19.0
2026-10-03 01:18:00+00:00,768.8919523554357,768.9060359036815,768.8919522526004,768.9060358008462,0.9768702999999999,751.1214698645832,6.0
2026-10-03 01:19:00+00:00,769.019297762298,769.0192977750451,768.9131598040091,768.9131598040091,0.8131804,625.265110854688,7.0
2026-10-03 01:20:00+00:00,768.8327128897569,768.8327128897569,768.8327128278671,768.8327128798538,0.0048903,3.7598226157963492,5.0
2026-10-03 01:21:00+00:00,768.6496827202994,768.6625930169236,768.5903172722246,768.5903172722246,2.8845503,2217.0374302646906,10.0
2026-10-03 01:22:00+00:00,768.6299998962287,768.6299999982622,768.6299998962287,768.6299999498123,0.1518003,116.67826458138148,4.0
2026-10-03 01:23:00+00:00,768.6099999896745,768.6299999851943,768.6099999839746,768.6099999839746,1.3392403,1029.353486961538,7.0
2026-10-03 01:24:00+00:00,768.7804424603704,768.7804424722736,768.3333732424614,768.3333732424614,3.4720303,2667.6767523990356,13.0
2026-10-03 01:25:00+00:00,768.3300000211375,768.3300000211375,768.3300000057261,768.3300000191325,0.4699003,361.03849750799037,4.0
2026-10-03 01:26:00+00:00,768.4952250276175,768.4952250351615,768.3788737887932,768.3788737963372,1.3549903,1041.1459207189612,7.0
2026-10-03 01:27:00+00:00,768.4799260211348,768.4799522897564,768.4799260211348,768.4799522897564,0.0009704000000000001,0.7457329457019797,5.0
2026-10-03 01:28:00+00:00,768.3300000041751,768.3300000491286,768.3300000041751,768.3300000406628,0.5202203,399.70086312015354,4.0
2026-10-03 01:29:00+00:00,768.4404236335213,768.470414622906,768.3336164845056,768.470414622906,4.2612803,3274.667838965421,13.0
2026-10-03 01:30:00+00:00,768.370045935877,768.5699438532417,768.370045935877,768.5699438520531,2.5278802999999996,1942.852820235711,6.0
2026-10-03 01:31:00+00:00,768.5299999394965,768.5300000247937,768.5199999454301,768.5200000262556,0.5056003,388.56394256927484,5.0
2026-10-03 01:32:00+00:00,768.9299999893459,769.1599999916092,768.9299999893459,769.1299999950187,2.6397003,2030.2726917258508,9.0
2026-10-03 01:33:00+00:00,768.7000000848578,768.7000000848578,768.699999958225,768.699999958225,0.5426702999999999,417.1506595873299,4.0
2026-10-03 01:34:00+00:00,768.5946748147384,768.6086991521345,768.594674769684,768.6086991070802,1.6983903999999999,1305.3976359199535,9.0
2026-10-03 01:35:00+00:00,768.7356295615915,769.2397266487034,768.7356295615915,769.2343963545519,18.2917503,14070.643500288694,46.0
2026-10-03 01:36:00+00:00,769.4113237791618,769.4179432427379,769.4113237134086,769.4179432427379,0.06277029999999999,48.29659512272962,6.0
2026-10-03 01:37:00+00:00,769.604038316044,769.604038316044,769.4860255369794,769.4860255369794,1.3345303,1026.9024165056726,6.0
2026-10-03 01:38:00+00:00,769.3117814024034,769.3999779169462,769.3117813467136,769.3999779169462,0.0416003,32.00726990133834,6.0
2026-10-03 01:39:00+00:00,769.4000001992282,769.659999377723,769.4000001992282,769.6599993556939,0.0757703,58.31736904918073,5.0
2026-10-03 01:40:00+00:00,769.6598134779839,769.6698010424255,769.6598134715068,769.6698010359485,4.688410299999999,3608.527822775891,9.0
2026-10-03 01:41:00+00:00,769.6099999871127,769.6199999851642,769.4000000300417,769.6199999759237,1.5776603999999999,1214.1989970100158,7.0
2026-10-03 01:42:00+00:00,769.7019949784843,769.8600972284044,769.7019949784843,769.7327007473261,3.1745603,2443.562873404242,10.0
2026-10-03 01:43:00+00:00,769.5875881952478,769.6037940968703,769.5875881933255,769.6037940968703,4.7945003,3689.865621678583,7.0
2026-10-03 01:44:00+00:00,769.684700869108,769.7146738566117,769.684700869108,769.7146738566117,2.2800803,1755.0112644813853,8.0
2026-10-03 01:45:00+00:00,769.7453219255234,769.7453219255234,769.5515593599307,769.5515593599307,2.9852103000000003,2297.273241382327,9.0
2026-10-03 01:46:00+00:00,769.5993542870592,769.5993542870592,769.3225828632645,769.3225828632645,2.3255003,1789.0598972452965,8.0
2026-10-03 01:47:00+00:00,769.5211940530841,769.5211941206024,769.5211940530841,769.521194079959,0.1788803,137.65218205338127,5.0
2026-10-03 01:48:00+00:00,769.629999989972,769.6299999919087,769.5999999926673,769.5999999942528,3.3392503,2569.8870308608084,7.0
2026-10-03 01:49:00+00:00,769.5165586512843,769.545519549095,769.3244804511187,769.3244804542078,5.657780400000001,4352.668966754,12.0
2026-10-03 01:50:00+00:00,769.3681001399718,769.3822778592295,769.3681001259686,769.3822778452262,1.2270803,944.0938363130034,8.0
2026-10-03 01:51:00+00:00,769.3446586139249,769.3446586139249,769.1795448175756,769.1795448175756,2.8815003,2216.391089145707,7.0
2026-10-03 01:52:00+00:00,769.1957782553137,769.1957782572565,769.0500000034913,769.0500000034913,5.9330503,4562.812333235714,13.0
2026-10-03 01:53:00+00:00,768.9873210440622,768.9873210440622,768.8461767964542,768.8461767964542,3.8647903,2971.4292462750213,10.0
2026-10-03 01:54:00+00:00,768.8422601447961,768.8422601867194,768.8422601447961,768.8422601505501,0.18140030000000001,139.46821664398786,5.0
2026-10-03 01:55:00+00:00,768.8299981775689,768.8299986788837,768.8299981775689,768.829998308324,0.0126403,9.718241827616708,4.0
2026-10-03 01:56:00+00:00,768.6300027198496,768.8799987375555,768.6300027198496,768.8799986184553,0.0185804,14.286097926330346,6.0
2026-10-03 01:57:00+00:00,768.8251717334954,768.944926396195,768.8251717334954,768.8998527985433,5.254060300000001,4039.846191264671,16.0
2026-10-03 01:58:00+00:00,768.8452297899819,769.028424691957,768.8334136219469,769.0284246915706,8.3826503,6446.496354949322,16.0
2026-10-03 01:59:00+00:00,768.8640285661548,769.0157314255285,768.8640285661548,769.0157314255285,3.7273603,2866.3987073909775,12.0
2026-10-03 02:00:00+00:00,768.9870215066484,768.9944683405748,768.9497873356988,768.9497873356988,5.6883503,4374.055753475958,10.0
2026-10-03 02:01:00+00:00,768.8847753691384,769.0499999909149,768.8847753691384,769.0449679011025,2.6892803,2068.1774819905672,9.0
2026-10-03 02:02:00+00:00,769.1399999853104,769.1399999853104,768.640000013463,768.640000013463,4.3085203,3311.7010434500053,7.0
2026-10-03 02:03:00+00:00,768.7241956309908,768.7241956309908,768.7241955653042,768.7241955653042,0.6279402999999999,482.7129019805357,7.0
2026-10-03 02:04:00+00:00,768.6293562040772,768.6293562040772,768.5889986978915,768.5889986978915,3e-07,0.00023057669960936745,3.0
2026-10-03 02:05:00+00:00,768.6481687287745,768.6481687291018,768.2695887381328,768.2695887381328,11.4608604,8805.030506093151,22.0
2026-10-03 02:06:00+00:00,768.2299999103187,768.2299999103187,767.9599997823569,767.9599997823569,0.13483030000000001,103.54427715865513,10.0
2026-10-03 02:07:00+00:00,767.7433899708078,768.0399999826097,767.715216648485,768.0399999826097,2.8204703,2166.2340091629517,16.0
2026-10-03 02:08:00+00:00,767.9164344832343,768.0523566582638,767.9164344739097,768.0523566582638,0.22448030000000002,172.41262343835407,8.0
2026-10-03 02:09:00+00:00,768.4000000128663,768.4200000095731,768.3999999988981,768.4199999956049,1.8219403,1400.0153653179925,5.0
2026-10-03 02:10:00+00:00,768.5067239180893,768.5300858678262,768.4436626287928,768.5300858334604,0.3841503,295.23106303194953,9.0
2026-10-03 02:11:00+00:00,768.3900002632744,768.390000673442,768.3900002148298,768.390000673442,0.0486303,37.36703624974969,4.0
2026-10-03 02:12:00+00:00,768.5999999950709,768.8799999834622,768.5999999950709,768.8799999834622,3.1046002999999995,2387.065078612656,11.0
2026-10-03 02:13:00+00:00,768.7643987163873,768.7672353126746,768.7043267949899,768.7157450910202,1.8926204,1454.8871009604645,10.0
2026-10-03 02:14:00+00:00,768.72008481657,768.8700360292194,768.72008481657,768.8700360292194,0.8307902999999999,638.7697678937259,8.0
2026-10-03 02:15:00+00:00,768.8385275565798,768.8572528408289,768.7729890554023,768.7729890554023,2.3817103000000004,1830.9945463950392,10.0
2026-10-03 02:16:00+00:00,768.6995831388001,768.6995831388001,768.3952084334679,768.5085936770759,5.2526402999999995,4036.6992100445336,15.0
2026-10-03 02:17:00+00:00,768.5801875216636,768.6601363859058,768.5801875216636,768.6501449110228,2.2290603,1713.367522610408,9.0
2026-10-03 02:18:00+00:00,768.7606386069334,768.9284672913425,768.7606386069334,768.8889781996177,1.2354702999999998,949.9394965629749,9.0
2026-10-03 02:19:00+00:00,768.8841844891565,769.0832001994736,768.884184487198,768.9694769339745,2.9021503,2231.6649981747773,11.0
2026-10-03 02:20:00+00:00,768.8367136361113,768.8944516325573,768.8367136361113,768.8773662563228,3e-07,0.00023066320987689685,3.0
2026-10-03 02:21:00+00:00,768.9572142459789,768.9572142875784,768.9572142459789,768.9572142875784,0.5295002999999999,407.163075652437,5.0
2026-10-03 02:22:00+00:00,768.900345179784,768.9402301042833,768.9003451785135,768.9402301042833,0.5944303999999999,457.08144855698106,7.0
2026-10-03 02:23:00+00:00,769.0199999877506,769.0499999851486,768.8899999979926,768.8899999979926,3.1530603,2424.3565340606706,7.0
2026-10-03 02:24:00+00:00,768.8209182000176,768.8391151896535,768.8209181973875,768.8391151896535,1.4439203,1110.1424058563791,6.0
2026-10-03 02:25:00+00:00,768.7200000075507,768.7200000075507,768.6617474681881,768.6617474681881,5.2121303,4006.3651844298915,7.0
2026-10-03 02:26:00+00:00,768.7999999936416,768.8289577387173,768.7999999936416,768.8289577387173,2.9129203,2239.537478224952,8.0
2026-10-03 02:27:00+00:00,768.8399991249904,768.8399993092555,768.8399989426784,768.8399993092555,0.027470300000000003,21.120265433025043,4.0
2026-10-03 02:28:00+00:00,768.9599999723778,769.0399999632729,768.9599999723778,769.0399999632729,1.3089304000000002,1006.6198347679268,6.0
2026-10-03 02:29:00+00:00,768.8600000010473,768.9099999954436,768.7900000028359,768.7900000035359,2.6768503,2057.9357421464647,7.0
2026-10-03 02:30:00+00:00,768.4762988596198,768.4762988596198,768.4468893504222,768.4468893504222,2.1931703,1685.334894850732,7.0
2026-10-03 02:31:00+00:00,768.5021076312809,768.5717115068309,768.4738191439499,768.5490807177124,2.6966803,2072.531165554565,11.0
2026-10-03 02:32:00+00:00,768.440000019552,768.6699999666764,768.4300000224083,768.5200000095213,1.0503003,807.1767865660001,9.0
2026-10-03 02:33:00+00:00,768.6591095965703,768.6591096066961,768.6591095840859,768.6591095840859,1.4533003,1117.0925145562849,5.0
2026-10-03 02:34:00+00:00,768.4000000385112,768.4000000385112,768.4000000138525,768.4000000138525,1.1712603,899.9964145362248,4.0
2026-10-03 02:35:00+00:00,768.3703758672164,768.3703758672164,768.3205617678052,768.3205617678052,2.3532703,1808.0659588874917,8.0
2026-10-03 02:36:00+00:00,768.349999967411,768.3499999808434,768.349999967411,768.3499999808434,1.1713303,899.9916359825613,4.0
2026-10-03 02:37:00+00:00,768.4199998505793,768.4199998765457,768.1900000666228,768.3899998991699,0.4258404,327.21150491306247,8.0
2026-10-03 02:38:00+00:00,768.2115296928523,768.4977437383175,768.2096750054517,768.4977437383175,2.4554003,1886.9695905243877,10.0
2026-10-03 02:39:00+00:00,768.5112005395001,768.7538506007515,768.4718008204325,768.7538506007515,2.2561302999999997,1734.4088555820285,15.0
2026-10-03 02:40:00+00:00,768.7759973187999,768.7849966526097,768.7619946607706,768.761994662302,1.7148603,1318.3194247951935,8.0
2026-10-03 02:41:00+00:00,768.7061130017302,768.7349391076649,768.6687043276565,768.7349391014034,4.2636803,3277.6400157683534,9.0
2026-10-03 02:42:00+00:00,768.7599996462102,768.7599997323092,768.7599996462102,768.7599997051458,0.0712703,54.789755806985646,4.0
2026-10-03 02:43:00+00:00,768.7699999798125,768.7699999798125,768.7699999617928,768.7699999617928,1.0551103,811.1371452906872,5.0
2026-10-03 02:44:00+00:00,768.720935135669,768.720935135669,768.7209351301404,768.7209351335144,1.1480502999999997,882.5303001963116,5.0
2026-10-03 02:45:00+00:00,768.6990180722767,768.6990180722767,768.491963908248,768.491963908248,0.9238902999999999,710.0022710827803,6.0
2026-10-03 02:46:00+00:00,768.7132286456026,768.7186048248025,768.6253761266295,768.6307523058293,0.4597503,353.3782189618307,7.0
2026-10-03 02:47:00+00:00,768.5599999937158,768.5599999937158,768.3800000037592,768.5599999933372,4.9043503,3769.2874665353233,11.0
2026-10-03 02:48:00+00:00,768.5719651979481,768.6744698262081,768.5719651979481,768.6744698262081,0.5667903999999999,435.67731022258437,7.0
2026-10-03 02:49:00+00:00,768.6799999643958,768.6799999643958,768.6599999582387,768.6599999582387,0.9171202999999999,704.9536897596997,7.0
2026-10-03 02:50:00+00:00,768.6570059042409,768.8660275445637,768.6570059031228,768.7710177065135,3.0419903,2338.593978784342,9.0
2026-10-03 02:51:00+00:00,768.5715784006364,768.5863156649694,768.5715783691707,768.5863156579143,1.2360502999999998,950.0113460448595,8.0
2026-10-03 02:52:00+00:00,768.6338886604395,768.6338886659856,768.4869447247188,768.6211109324446,3.6030803000000002,2769.403582964806,9.0
2026-10-03 02:53:00+00:00,768.5399999692703,768.5399999887186,768.5399999692703,768.5399999887186,0.6505803,499.99698375466056,4.0
2026-10-03 02:54:00+00:00,768.4678819828646,768.4978819809387,768.4303522586458,768.4762351360309,2.4942202999999994,1916.7490257438612,16.0
2026-10-03 02:55:00+00:00,768.4121905671955,768.4328138946798,768.3137488811043,768.3343722057514,3.9661404,3047.321994313868,8.0
2026-10-03 02:56:00+00:00,768.3517227181427,768.3517227181427,768.3225840832313,768.3225840832313,2.6239803,2016.0633246794923,6.0
2026-10-03 02:57:00+00:00,768.3356333382412,768.3758952254494,768.3356333382412,768.3758952254494,1.4792603,1136.627957283967,8.0
2026-10-03 02:58:00+00:00,768.3099774640635,768.3099774651818,768.1900450560482,768.2000394231356,3.2137902999999994,2468.8338351576904,7.0
2026-10-03 02:59:00+00:00,768.3099369285861,768.4397319611845,768.2899684569774,768.2899684569774,2.8225903,2168.5678125539703,8.0
2026-10-03 03:00:00+00:00,768.1172743829353,768.2874621417764,768.0227256238998,768.2874621417764,2.7846903,2139.4426434378215,10.0
2026-10-03 03:01:00+00:00,768.1695521373749,768.2155581475795,768.1695521373749,768.2052459812462,4e-07,0.00030728209839249844,4.0
2026-10-03 03:02:00+00:00,768.3020256338633,768.4239871306276,768.3020256338633,768.4103922695449,0.7366902999999999,566.0804824041686,8.0
2026-10-03 03:03:00+00:00,768.1465787360295,768.1465787360295,768.1465787144668,768.1465787144668,0.6518002999999999,500.678170450063,5.0
2026-10-03 03:04:00+00:00,768.0535641215865,768.0535641215865,767.9986953444968,767.9986953463842,1.0391103,798.0353547209899,9.0
2026-10-03 03:05:00+00:00,768.009711589947,768.009711589947,767.7599999731559,767.7599999749341,1.4563902999999998,1118.158216691494,7.0
2026-10-03 03:06:00+00:00,767.704674554438,767.7046745564551,767.5603882837961,767.5603882837961,0.8756703,672.1298354765883,10.0
2026-10-03 03:07:00+00:00,767.5062911996025,767.5062912087201,767.5062909945705,767.5062909945705,0.1781903,136.7621762442098,7.0
2026-10-03 03:08:00+00:00,767.6472197795467,767.6549418250269,767.5777219342797,767.5777219969524,0.6663702999999999,511.49099688042566,7.0
2026-10-03 03:09:00+00:00,767.8499999039063,768.2999998809061,767.8499999039063,768.2999998640333,0.7903104,607.1954802125441,7.0
2026-10-03 03:10:00+00:00,768.0289937841588,768.0289937841588,767.8791088971033,767.8791088971033,1.6677903,1280.6613293912326,10.0
2026-10-03 03:11:00+00:00,767.8222306107778,767.8277115746635,767.7908415451819,767.7963225090676,3.1865562999999995,2446.626208608101,9.0
2026-10-03 03:12:00+00:00,767.7924715533156,767.7924715574984,767.7686100276926,767.7686100318754,2.1633402999999998,1660.94477515694,8.0
2026-10-03 03:13:00+00:00,767.8283323659365,767.8341690827614,767.4800173962681,767.4858541130931,16.560120299999998,12709.65807266107,18.0
2026-10-03 03:14:00+00:00,768.0176809208759,768.0176809589597,768.0176809208759,768.0176809586766,0.5655802999999999,434.37567040191254,5.0
2026-10-03 03:15:00+00:00,767.9406342212511,768.338822141954,767.9406342212511,768.3388221403393,3.0308303,2328.704582809251,11.0
2026-10-03 03:16:00+00:00,768.5701556934995,768.8695717517801,768.5701556934995,768.7697664114067,5.132240400000001,3945.511253475185,12.0
2026-10-03 03:17:00+00:00,768.7099356876067,768.7099356876067,768.7024337718533,768.7095256050893,3e-07,0.0002306128576815268,3.0
2026-10-03 03:18:00+00:00,768.8499156309388,769.029825774028,768.8499156309388,769.0298257679432,2.6042803,2002.7692253598868,7.0
2026-10-03 03:19:00+00:00,768.7839776902447,768.7839776903354,768.7839776703836,768.7839776703836,1.6100103,1237.7501225242875,6.0
2026-10-03 03:20:00+00:00,768.7799999977847,768.7799999977847,768.7799999832421,768.7799999832421,1.3830202999999999,1063.2383462108235,7.0
2026-10-03 03:21:00+00:00,768.8911795018988,768.9196857468605,768.717059837378,768.7537107188166,3.5896003,2759.518550622377,11.0
2026-10-03 03:22:00+00:00,768.7632293760573,768.7632293760573,768.6719818691686,768.6752112438802,2.3836502999999998,1832.2528978840382,10.0
2026-10-03 03:23:00+00:00,768.6504132264527,768.7598450168001,768.600671512489,768.6504132379149,1.8081503999999997,1389.835552156301,11.0
2026-10-03 03:24:00+00:00,768.7587876353329,768.7587876436215,768.7587876353329,768.75878763897,0.7191903,552.8838631097071,5.0
2026-10-03 03:25:00+00:00,768.8099999763069,768.8099999780235,768.6300000186314,768.7999999762973,1.2047002999999998,926.1735906114452,6.0
2026-10-03 03:26:00+00:00,768.8299999844476,768.959999980755,768.8299999840225,768.959999980755,2.3875803,1835.9537474420513,8.0
2026-10-03 03:27:00+00:00,768.7237087920893,768.7237087920893,768.4932600529404,768.5357325719647,0.5326502999999999,409.3607885151767,8.0
2026-10-03 03:28:00+00:00,768.368172248003,768.368172248003,768.2382775694567,768.2382775702439,3.5245403,2707.686769298911,8.0
2026-10-03 03:29:00+00:00,768.0500250527382,768.3120807917196,768.0500250493039,768.3120807889413,2.6178304,2011.3107217765464,11.0
2026-10-03 03:30:00+00:00,768.0721236651132,768.1417446929403,767.9772647731521,768.1339120864243,4.0842603,3137.258842218273,12.0
2026-10-03 03:31:00+00:00,768.1799999801262,768.4299999423462,768.1799999801262,768.4299999419161,1.9433803,1493.351723816121,7.0
2026-10-03 03:32:00+00:00,768.3718404200492,768.4109201502506,768.3649385715293,768.4040182950421,0.39685029999999993,304.9413651815929,8.0
2026-10-03 03:33:00+00:00,768.3460645248713,768.4754515997219,768.3460645248713,768.4754515997219,2.0024603,1538.8415833530146,8.0
2026-10-03 03:34:00+00:00,768.2500035658742,768.5099961096456,768.2500035658742,768.5099961096456,0.007700299999999999,5.917757523043104,6.0
2026-10-03 03:35:00+00:00,768.3841959705004,768.3841959705004,768.3819382437839,768.3819382437839,1.3447203,1033.2587905097625,6.0
2026-10-03 03:36:00+00:00,768.3373872580414,768.3845945327859,768.2645945438279,768.3295045472954,3.4098303999999997,2619.873301822306,12.0
2026-10-03 03:37:00+00:00,768.340469416164,768.3404694171471,768.3005945951252,768.3005945958528,8.1132803,6233.438078612819,7.0
2026-10-03 03:38:00+00:00,768.2395133623218,768.2395133623218,768.0825243449451,768.0825243449451,1.8041603000000002,1385.7439975469335,9.0
2026-10-03 03:39:00+00:00,768.1099997432007,768.1099997432007,768.1099997121835,768.109999734226,0.1382803,106.21448119624868,4.0
2026-10-03 03:40:00+00:00,768.0599999056591,768.0599999727834,768.0599999056591,768.0599999727834,0.1518003,116.59173841386851,4.0
2026-10-03 03:41:00+00:00,767.9700013785821,767.9900009377395,767.9699975274533,767.9899970866107,0.0136103,10.452574257347898,5.0
2026-10-03 03:42:00+00:00,768.0325682275294,768.0865136292063,768.0325682275294,768.0865136292063,0.6753503999999999,518.7275342140898,9.0
2026-10-03 03:43:00+00:00,768.1344973070227,768.2820923507417,768.1344973070227,768.2820923507417,1.1518002999999999,884.9075444542119,7.0
2026-10-03 03:44:00+00:00,768.1558152542465,768.286046170902,768.1558152542465,768.286046170902,1.1518002999999999,884.9120984654586,6.0
2026-10-03 03:45:00+00:00,768.1899135247131,768.1899135247131,768.1597861017161,768.1736006993004,3e-07,0.0002304520802097901,3.0
2026-10-03 03:46:00+00:00,768.2804009107543,768.3368002876717,768.212397848622,768.2347956998223,1.8118303,1391.9110803632477,9.0
2026-10-03 03:47:00+00:00,768.1900000076179,768.3199999874067,768.1900000075693,768.3199999874067,1.8256403,1402.6759552730093,9.0
2026-10-03 03:48:00+00:00,768.1500000235455,768.150000026316,768.1500000235455,768.1500000253867,1.3018303,1000.0009449780491,5.0
2026-10-03 03:49:00+00:00,768.3398640392837,768.3398640420145,768.1700181315355,768.1700181346514,7.9216504,6085.174331424369,8.0
2026-10-03 03:50:00+00:00,768.1500000097394,768.1500000097394,768.1300000078371,768.1400000071698,4.4957303,3453.350272674233,7.0
2026-10-03 03:51:00+00:00,768.1800000010148,768.1800000010148,768.1400000009311,768.1400000009311,30.932990299999997,23760.8671690708,50.0
2026-10-03 03:52:00+00:00,768.1400235278844,768.1800182994378,768.1400235278783,768.1800182994309,148.5741303,114131.67813267604,68.0
2026-10-03 03:53:00+00:00,768.2999952547018,768.2999952547018,768.2999950922402,768.2999951313279,0.0025802999999999998,1.9824444774373653,4.0
2026-10-03 03:54:00+00:00,768.2833428115582,768.2833428115582,768.283342329976,768.283342329976,0.0168103,12.915073469569595,5.0
2026-10-03 03:55:00+00:00,768.2600340849317,768.2600340912782,768.2200681888097,768.2200681888097,1.4546802999999997,1117.514599258918,6.0
2026-10-03 03:56:00+00:00,768.1949353720662,768.1949353720662,768.0947520093167,768.0947520093167,3e-07,0.000230428425602795,3.0
2026-10-03 03:57:00+00:00,768.1942170648489,768.2054633933,768.1942170648489,768.2054633724147,0.1766304,135.68843827765494,7.0
2026-10-03 03:58:00+00:00,768.2899999825794,768.2899999859208,768.2899999825794,768.2899999859208,1.1221103,862.1061223712014,4.0
2026-10-03 03:59:00+00:00,768.2529174010692,768.2616832402354,768.2245233255879,768.2616832402354,1.9793203,1520.6359453495675,10.0
2026-10-03 04:00:00+00:00,768.2397628238831,768.2990512733908,768.2397627977261,768.2990512472338,0.4713903,362.1687202571489,6.0
2026-10-03 04:01:00+00:00,768.2459040370793,768.2502213765363,768.1170479879423,768.1990774376242,2.6321303,2022.0000681556169,13.0
2026-10-03 04:02:00+00:00,768.1298730800164,768.1798730757448,768.1298730733689,768.1798730713582,3.5114903,2697.4561729453058,9.0
2026-10-03 04:03:00+00:00,768.1683656155162,768.2003746656487,768.1683656147349,768.1875710472378,3.1185403000000003,2395.6238982699247,9.0
2026-10-03 04:04:00+00:00,768.1952438575947,768.2670737393429,768.1952438559567,768.2670737376859,5.096270400000001,3915.2967471839866,10.0
2026-10-03 04:05:00+00:00,768.2899655980175,768.2999612977663,768.2899655956314,768.2999612977663,5.930460300000001,4556.372418967941,9.0
2026-10-03 04:06:00+00:00,768.3399999979307,768.339999998066,768.3399999978855,768.3399999978855,4.5783303,3517.714302692319,4.0
2026-10-03 04:07:00+00:00,768.3003757200934,768.3411271602483,768.3003757200934,768.3411271602483,110.61162029999998,84987.45701832339,74.0
2026-10-03 04:08:00+00:00,768.3798484084192,768.3798484084192,767.9859123356434,767.9859123356434,2.1167903000000003,1625.6651297687406,10.0
2026-10-03 04:09:00+00:00,768.0100260048002,768.0100260048002,767.8900884027911,767.9000832020872,2.4810103,1905.1680157952353,11.0
2026-10-03 04:10:00+00:00,767.9633674984217,767.9633674984217,767.9428651860889,767.9633674925982,2.1369303,1641.084189284968,8.0
2026-10-03 04:11:00+00:00,767.9800955926206,768.228900622994,767.9798566012196,768.228661631593,2.7428103000000004,2107.105485878348,9.0
2026-10-03 04:12:00+00:00,768.1927504537415,768.1927505516092,768.1138251194353,768.1138251194353,0.4864104,373.6185529218746,9.0
2026-10-03 04:13:00+00:00,768.2943620863492,768.368724204114,768.2943620863492,768.368724204114,2.1540003000000003,1655.066462446279,6.0
2026-10-03 04:14:00+00:00,768.6121914165718,768.6121918095175,768.6121914165718,768.6121918095175,0.0437603,33.63470009724203,6.0
2026-10-03 04:15:00+00:00,768.3263631373933,768.3263631373933,767.5405883208791,767.5405883208791,6.7310903,5166.385008902963,17.0
2026-10-03 04:16:00+00:00,766.991302964882,767.1707699348844,766.9602369027086,767.1097927110441,6.723550300000001,5157.701276915279,34.0
2026-10-03 04:17:00+00:00,767.3802390292498,767.380239336648,767.3802390177509,767.380239336648,0.1778103,136.44811057052118,5.0
2026-10-03 04:18:00+00:00,767.2399994429043,767.2399994912387,767.2399986674822,767.2399986674822,0.0101804,7.810810082434434,5.0
2026-10-03 04:19:00+00:00,767.0090191616122,767.0090191616122,766.9829019145618,766.9829019145618,1.5252003,1169.8025520949602,7.0
2026-10-03 04:20:00+00:00,766.7800001277134,766.7800001277134,766.7800000867248,766.7800000957694,0.3621103,277.65893586867907,5.0
2026-10-03 04:21:00+00:00,766.9900142615056,766.9900142627496,766.9900142613266,766.9900142627496,1.8066703,1385.698079165086,6.0
2026-10-03 04:22:00+00:00,766.7423721717832,766.811883791769,766.7423721669207,766.7423721669207,0.9244902999999999,708.8458856673082,7.0
2026-10-03 04:23:00+00:00,766.9099999251059,766.9099999251059,766.9099995576869,766.9099996092693,0.0426403,32.701272456339126,4.0
2026-10-03 04:24:00+00:00,766.9200001588716,766.9200002704963,766.9199990146112,766.9199990146112,0.0119203,9.14191646425387,4.0
2026-10-03 04:25:00+00:00,766.9047557048829,766.9047557048829,766.9047556933571,766.9047556933571,1.1949402999999998,916.4053988396466,5.0
2026-10-03 04:26:00+00:00,766.9424122619989,767.0413069816029,766.7034166879449,767.0413069816029,7.4144303,5687.174307835999,17.0
2026-10-03 04:27:00+00:00,766.4343394981531,766.4343394981531,766.3129750252149,766.3129750252149,2.1453403,1644.002107734487,11.0
2026-10-03 04:28:00+00:00,766.5499999590788,766.5799999476397,766.2999999834451,766.2999999935925,0.7867702999999999,602.9020808849587,6.0
2026-10-03 04:29:00+00:00,766.2200000439559,766.2200000439559,766.2200000142794,766.2200000142794,0.3036003,232.62462187033523,5.0
2026-10-03 04:30:00+00:00,766.2906133596366,766.2906133697259,766.264767636677,766.264767636677,1.0962204,839.9950700845851,8.0
2026-10-03 04:31:00+00:00,766.2780235178105,766.2780235178105,765.9476235649757,766.0933882539252,6.8307803,5233.015624445164,12.0
2026-10-03 04:32:00+00:00,766.1000000036543,766.4067052476743,766.1000000036543,766.3618432833247,2.0173303,1546.0049672193022,8.0
2026-10-03 04:33:00+00:00,766.3499106527877,766.3499106527877,766.2099888391726,766.2099888391726,2.3636603000000003,1811.0601320825956,6.0
2026-10-03 04:34:00+00:00,766.140461077751,766.1404610805844,766.1404608199771,766.1404610805844,0.2743503,210.19086533959663,6.0
2026-10-03 04:35:00+00:00,765.862261836441,765.9567239757107,765.7677996491404,765.7677996491404,2.7644303000000003,2116.9117081144136,8.0
2026-10-03 04:36:00+00:00,765.6799959763446,765.6799959763446,765.4199913812347,765.4200029723029,0.0022003999999999995,1.6842301745402548,7.0
2026-10-03 04:37:00+00:00,765.499995163915,765.499995163915,765.4999917948471,765.4999919787447,0.0045203,3.4602896137415193,5.0
2026-10-03 04:38:00+00:00,765.3799999991958,765.3799999996695,765.3799999971237,765.3799999996695,1.3065303,999.9921610135682,4.0
2026-10-03 04:39:00+00:00,765.8099999211181,765.8099999557169,765.3399999956416,765.3399999956416,1.3270103,1015.6140629962164,7.0
2026-10-03 04:40:00+00:00,765.2074742800055,765.2074742800055,765.1436501472119,765.1436501472119,0.0576403,44.10310953758034,7.0
2026-10-03 04:41:00+00:00,765.1999942637094,765.1999942637094,765.1999898136247,765.1999900015298,0.0034203,2.6172135258022324,4.0
2026-10-03 04:42:00+00:00,765.239307555845,765.5757434098597,765.1283503233892,765.5757434098597,10.438600300000001,7991.5391848308855,15.0
2026-10-03 04:43:00+00:00,765.5374858830291,766.1361553218574,765.5036592418382,766.096727645677,42.3905404,32475.254283571867,34.0
2026-10-03 04:44:00+00:00,766.0937578662852,766.8447717820254,766.0780373104965,766.8229103828176,16.121570300000002,12362.389457387195,31.0
2026-10-03 04:45:00+00:00,766.3299999861533,766.3299999925841,766.3299999861533,766.3299999868184,1.0000003,766.3302298858183,5.0
2026-10-03 04:46:00+00:00,766.2800000000982,766.3400000004052,766.2799999998985,766.3400000004052,35.8478203,27471.618608716526,18.0
2026-10-03 04:47:00+00:00,766.4538925918051,766.625044184274,766.4538925918051,766.625044184274,3e-07,0.00022998751325528218,3.0
2026-10-03 04:48:00+00:00,766.6606657312836,766.7400739422848,766.5812575174718,766.6507396966789,1.0477002999999998,803.2202099754322,12.0
2026-10-03 04:49:00+00:00,766.6543237717168,766.7106176528255,766.6543237593731,766.7106176528255,0.5713304,438.04508386783584,11.0
2026-10-03 04:50:00+00:00,766.5190453752747,766.5554415342932,766.4236396159322,766.4654773102532,5.5035203,4218.258313626167,19.0
2026-10-03 04:51:00+00:00,766.4200000144792,766.4200000144792,766.4199999932774,766.4199999932774,0.4528103,347.04287012295595,5.0
2026-10-03 04:52:00+00:00,766.4776331431055,766.8226856784531,766.4776331431055,766.8226856784531,1.4148803,1084.9623115595355,7.0
2026-10-03 04:53:00+00:00,766.9697523487249,766.969752368573,766.7900145641208,766.7999999962516,1.3730902999999999,1052.885642034853,12.0
2026-10-03 04:54:00+00:00,766.962664723117,766.9626647633216,766.962664723117,766.9626647633216,1.3868403,1063.6547320891643,6.0
2026-10-03 04:55:00+00:00,767.0200000098886,767.0400000104378,767.019999997917,767.0399999942284,1.6266403,1247.6981757026117,8.0
2026-10-03 04:56:00+00:00,767.0415180226923,767.0491832203656,766.9819390790542,766.9819390790542,2.1919203999999994,1681.1633586989358,13.0
2026-10-03 04:57:00+00:00,767.0329680590742,767.0329680590742,766.9627643124832,766.9627643124832,3.6040003,2764.1340326710188,9.0
2026-10-03 04:58:00+00:00,766.8812753583273,767.0081459954761,766.8812753571532,767.0081459954761,2.5067502999999998,1922.6979000766032,7.0
2026-10-03 04:59:00+00:00,766.9169424878447,766.9523141581178,766.912837763429,766.9482094337022,2.4692302999999995,1893.771757264443,9.0
2026-10-03 05:00:00+00:00,766.8225661185033,766.8225661185033,766.5341530380828,766.7869049015538,5.5950203,4290.188298698363,10.0
2026-10-03 05:01:00+00:00,766.7693627007312,766.7693627007312,766.5521667306805,766.5521667306805,1.0129103,776.4485851688236,6.0
2026-10-03 05:02:00+00:00,766.3400000307113,766.599999994689,766.3400000194787,766.599999994689,1.9632304,1505.0124246295734,6.0
2026-10-03 05:03:00+00:00,766.5918142496936,766.5918143707644,766.5918142496936,766.5918143501171,0.0803503,61.59588226057622,5.0
2026-10-03 05:04:00+00:00,766.6099999949508,766.6100000174022,766.5600000188925,766.5800000317672,0.6265202999999999,480.27793159390274,8.0
2026-10-03 05:05:00+00:00,766.789663426758,766.8832211368701,766.7489902809518,766.8638942890188,2.8380003,2176.3599620514037,16.0
2026-10-03 05:06:00+00:00,766.8007712193353,766.8871388438445,766.8007712193353,766.8871388438445,3.1335702999999997,2403.094761733047,7.0
2026-10-03 05:07:00+00:00,767.0896556179138,767.0897244856932,767.0896556143604,767.0897244821398,1.3126603,1006.9282278656428,6.0
2026-10-03 05:08:00+00:00,766.8974949148858,766.9966993103454,766.8974949148858,766.9966993103454,4e-07,0.00030679867972413814,4.0
2026-10-03 05:09:00+00:00,767.2249999665304,767.2249999827318,767.2249999665304,767.2249999827318,2.6067903,1999.9946878724854,6.0
2026-10-03 05:10:00+00:00,767.2844722327632,767.4709929507692,767.2667083340954,767.275590273048,1.3577102999999997,1041.7379718522968,8.0
2026-10-03 05:11:00+00:00,767.1700003513431,767.1700004300449,767.1699997607438,767.1699997607438,0.016570300000000003,12.712237047035456,4.0
2026-10-03 05:12:00+00:00,767.2483323332755,767.2483323332755,766.9636268061737,766.9847055287214,5.1971603,3986.1424622810614,14.0
2026-10-03 05:13:00+00:00,766.9191128416633,766.920147853673,766.8197042876143,766.8804435718939,1.7976603000000002,1378.590528255584,14.0
2026-10-03 05:14:00+00:00,766.9057954627928,766.9644318104617,766.9057954627928,766.9644318104617,3.5736403,2740.855002184468,8.0
2026-10-03 05:15:00+00:00,766.8407348151636,766.8473198553961,766.8239048616947,766.8370749071893,2.3324604,1788.6171104728526,10.0
2026-10-03 05:16:00+00:00,766.9501504666714,767.0001034453321,766.9501504666714,767.0001034453321,1.3716803,1052.0789319939242,8.0
2026-10-03 05:17:00+00:00,767.1063210523159,767.1538684429449,767.0536789297934,767.1538684429449,1.7745903,1361.3838135463263,9.0
2026-10-03 05:18:00+00:00,767.1999704119754,767.2599577312683,767.1499809811331,767.2599577312683,4.0224803,3086.2880649528593,10.0
2026-10-03 05:19:00+00:00,767.311572794784,767.311572794784,767.2015355933416,767.2015355933901,2.6176103,2008.2346417450744,6.0
2026-10-03 05:20:00+00:00,767.1099544986171,767.126305724515,767.089053682925,767.0890536841497,3.9644003000000003,3041.0480745521595,11.0
2026-10-03 05:21:00+00:00,767.1711039554855,767.1711039554855,767.1199999915902,767.1327759844595,2.5016304,1919.0826732391138,8.0
2026-10-03 05:22:00+00:00,767.2580424840589,767.2623924937099,767.2482599860876,767.2526099957386,1.6560903,1270.6396050636256,8.0
2026-10-03 05:23:00+00:00,767.2100000298173,767.2100000298173,767.2099999570032,767.2099999570032,0.6086703,466.97794083682913,4.0
2026-10-03 05:24:00+00:00,767.2858490800065,767.3791442152726,767.2858490800065,767.3791442137109,2.9682902999999996,2277.804070191859,7.0
2026-10-03 05:25:00+00:00,767.2614240442418,767.2614240442418,767.1416684369685,767.1416684369685,1.4251103,1093.2614932487088,9.0
2026-10-03 05:26:00+00:00,767.292430277373,767.292430277373,767.1285507870032,767.1285507881315,2.8316003,2172.2014345502384,9.0
2026-10-03 05:27:00+00:00,767.1914009664696,767.1914010044584,767.1914007492861,767.1914007492861,0.0572403,43.91426593630936,5.0
2026-10-03 05:28:00+00:00,767.0687037387206,767.0728403267309,767.0478093632569,767.0478093632569,4e-07,0.00030681912374530275,4.0
2026-10-03 05:29:00+00:00,767.0947048018678,767.1556692250872,767.0743307657556,767.1352951894561,3.1379203,2407.2094156214866,12.0
2026-10-03 05:30:00+00:00,767.1923445180892,767.3217583810117,767.0945603996363,767.3217583810117,3.8032403,2918.3090345415267,12.0
2026-10-03 05:31:00+00:00,767.3797531828436,767.3797531874995,767.2099004225398,767.3697618479815,1.5013003,1152.0524536733033,7.0
2026-10-03 05:32:00+00:00,767.3200031168369,767.3200031198813,767.3000039103329,767.3000039103329,0.7629402999999999,585.4040951733505,6.0
2026-10-03 05:33:00+00:00,767.3492719594824,767.376875595823,767.3492719573367,767.3768755945886,1.1450303,878.6697740751343,7.0
2026-10-03 05:34:00+00:00,767.1588250739812,767.244170428427,767.1588250567501,767.2441704114152,1.8723503,1436.5498526430642,8.0
2026-10-03 05:35:00+00:00,767.2362476152801,767.2362476152801,767.1470685602834,767.1470685602834,2.5316804,1942.1711973915258,10.0
2026-10-03 05:36:00+00:00,766.8800000067073,767.1199999724948,766.8800000067073,767.1199999724948,1.3162103,1009.6912452997975,5.0
2026-10-03 05:37:00+00:00,766.991462247196,767.0230521505908,766.991462247196,767.0169388046191,3e-07,0.00023010508164138574,3.0
2026-10-03 05:38:00+00:00,767.0182958970879,767.0920708414538,767.0182958970879,767.0874264747652,3e-07,0.00023012622794242954,3.0
2026-10-03 05:39:00+00:00,767.2399996887232,767.2399996887232,767.239999531085,767.2399996421713,0.0962903,73.87776973754455,4.0
2026-10-03 05:40:00+00:00,767.1437800607983,767.1437800607983,766.8800000019975,767.0022966735606,6.346560299999999,4867.826326077241,17.0
2026-10-03 05:41:00+00:00,766.9108081188748,766.9108081188748,766.8954354463673,766.8954354463673,0.2191903,168.09604056411987,6.0
2026-10-03 05:42:00+00:00,766.8000000268065,766.8000000282278,766.8000000226116,766.8000000226116,0.6902004,529.2456667356065,7.0
2026-10-03 05:43:00+00:00,766.801760617981,766.9523706735876,766.801760617981,766.9523706735876,2.5866003,1983.799232070013,7.0
2026-10-03 05:44:00+00:00,766.9335461834733,766.953000612181,766.8400000097399,766.8432734090298,1.2647403,969.8575916643184,12.0
2026-10-03 05:45:00+00:00,766.8045329027262,766.8045329198258,766.800477222813,766.800477233575,0.1555103,119.24537225473641,7.0
2026-10-03 05:46:00+00:00,766.9735081511534,766.9904142743839,766.969281624668,766.9904142743839,0.8660302999999999,664.2369385711688,7.0
2026-10-03 05:47:00+00:00,767.1057607937781,767.2156305532885,767.0699999949346,767.2084783935197,5.7769403,4432.117577333203,14.0
2026-10-03 05:48:00+00:00,766.9800000050743,766.9800000050743,766.8900001202164,766.9200000894964,0.16777029999999998,128.66639849101483,6.0
2026-10-03 05:49:00+00:00,767.0013714586032,767.0013714621443,766.9914857322317,766.9914857322317,0.3071104,235.55106197981996,7.0
2026-10-03 05:50:00+00:00,766.9324693910165,766.9821080859577,766.9138548675459,766.9821080698767,1.8773902999999996,1439.924769963938,11.0
2026-10-03 05:51:00+00:00,766.8323553542419,767.1429236933895,766.8323553542419,767.1429236933895,2.5779603,1977.6640017074876,6.0
2026-10-03 05:52:00+00:00,767.019999960936,767.0499999244107,767.0199997794602,767.0499997154853,0.1406803,107.9088240749744,5.0
2026-10-03 05:53:00+00:00,767.0299999613568,767.0299999696884,767.0299999613568,767.0299999652431,0.9126202999999999,700.00714867728,4.0
2026-10-03 05:54:00+00:00,767.0628413728715,767.0967955642872,767.0166140635743,767.056227287067,2.6979703,2069.4949196505568,8.0
2026-10-03 05:55:00+00:00,767.1199997426806,767.119999888498,767.0203414120066,767.0203415574258,0.4186504,321.11337280115293,7.0
2026-10-03 05:56:00+00:00,767.1999999109481,767.2099999091431,767.0200000019344,767.2099999058713,0.5933603,455.23195570714773,7.0
2026-10-03 05:57:00+00:00,766.9800000622503,766.9800000622503,766.9500000337543,766.9500000337543,0.3036003,232.84625009524783,5.0
2026-10-03 05:58:00+00:00,766.9482628486306,766.9674365530364,766.9061971360634,766.9637182492806,0.4005903,307.2382259825948,8.0
2026-10-03 05:59:00+00:00,766.7310730920211,766.7310731422168,766.7310729663658,766.7310731422168,0.054570299999999995,41.84074468069271,6.0
2026-10-03 06:00:00+00:00,767.1899999638299,767.1899999816953,767.0599999849934,767.059999985575,1.8427802999999998,1413.5230568914178,6.0
2026-10-03 06:01:00+00:00,766.8414711850461,767.1681084628507,766.8414711850461,767.1681084628507,1.5159303,1162.9733808125218,9.0
2026-10-03 06:02:00+00:00,767.3799999530893,767.3799999605397,767.1799999989629,767.1800000009025,1.3079402999999998,1003.4256393551804,6.0
2026-10-03 06:03:00+00:00,767.177855904014,767.230890568602,767.1778554872468,767.2308901518348,0.0338703,25.98634041870969,6.0
2026-10-03 06:04:00+00:00,767.105854865807,767.105854865807,767.0619845799125,767.0619845799125,1.3394703,1027.4567466038507,7.0
2026-10-03 06:05:00+00:00,766.9095514182688,766.9944953390681,766.8057289588104,766.9944953293707,4.4611103,3421.6470431571574,13.0
2026-10-03 06:06:00+00:00,767.0303665315801,767.0303665315801,766.7502052959079,766.7502052966596,2.5816003999999997,1979.4426366939383,10.0
2026-10-03 06:07:00+00:00,766.9079994909957,766.907999566164,766.907999431805,766.907999566164,0.0647103,49.62684672432634,4.0
2026-10-03 06:08:00+00:00,766.8291843091522,766.9338186655473,766.8291843091522,766.9204746779377,3e-07,0.0002300761424033813,3.0
2026-10-03 06:09:00+00:00,767.0699988278643,767.0799999592132,767.0699988278643,767.0799999592132,0.030210300000000002,23.17371692276782,5.0
2026-10-03 06:10:00+00:00,766.9100000176255,766.9100000357079,766.9100000176255,766.9100000357079,0.5532803,424.3161948927564,4.0
2026-10-03 06:11:00+00:00,766.9499911503093,766.9499955339561,766.9499911503093,766.9499955339561,0.0031103,2.3854445711092636,4.0
2026-10-03 06:12:00+00:00,767.1054430773219,767.1150091018787,766.8375948121214,766.8567268298516,2.9231104,2241.606873506298,10.0
2026-10-03 06:13:00+00:00,766.9299999394118,766.9299999394118,766.6300000281806,766.7399999844419,0.7544802999999999,578.4902252102615,7.0
2026-10-03 06:14:00+00:00,766.7099999835627,766.7099999903403,766.5600000162358,766.5600000162358,1.3500303,1034.879226789919,7.0
2026-10-03 06:15:00+00:00,766.4500001781406,766.4500001781406,766.4500001216063,766.4500001331379,0.1518003,116.34733995521037,4.0
2026-10-03 06:16:00+00:00,766.5899993064515,766.5899994286902,766.4000003544324,766.4000004766712,0.054390299999999996,41.68472594592628,5.0
2026-10-03 06:17:00+00:00,766.5899998857759,766.5899999273903,766.5899998857759,766.589999911402,0.35782030000000004,274.30146374529784,4.0
2026-10-03 06:18:00+00:00,766.5999999265096,766.6599999127155,766.5999999265096,766.6599999111389,0.6693203,513.1411011385235,5.0
2026-10-03 06:19:00+00:00,766.6299999466156,766.649999946054,766.59999995646,766.5999999624613,1.2189704000000001,934.4627085942416,8.0
2026-10-03 06:20:00+00:00,766.5652802946745,766.5652802996059,766.5325897038226,766.5325897038226,1.2769303,978.8086897302792,6.0
2026-10-03 06:21:00+00:00,766.4920226028383,766.4926968086803,766.4792126884814,766.4926968053227,1.3847402999999998,1061.3933269220115,7.0
2026-10-03 06:22:00+00:00,766.4599999963624,766.4599999963624,766.1100000134924,766.1100000134924,2.0242803,1550.8213806603123,9.0
2026-10-03 06:23:00+00:00,766.1578115820873,766.1578115820873,766.1020977784027,766.1020977784027,3e-07,0.0002298306293335208,3.0
2026-10-03 06:24:00+00:00,766.0800000144048,766.1200000023193,766.0800000144048,766.1200000023193,0.8599903,658.8557686379946,6.0
2026-10-03 06:25:00+00:00,766.0433188431552,766.0433188431552,766.003330675998,766.0033306860722,3.9177503999999996,3001.009855196691,11.0
2026-10-03 06:26:00+00:00,766.219999888906,766.2200000062653,766.219999888906,766.2200000062653,0.5000003,383.11022986913264,4.0
2026-10-03 06:27:00+00:00,766.2120801915603,766.2120801915603,766.2120801366194,766.2120801389194,0.3809303,291.8733975509426,8.0
2026-10-03 06:28:00+00:00,766.1200000079978,766.1200000079978,766.0599999927698,766.0599999927698,2.6107403,1999.9837141991236,5.0
2026-10-03 06:29:00+00:00,765.9499999995456,765.9999999899435,765.949999999289,765.9699999935124,1.0386502999999998,795.5749702842614,19.0
2026-10-03 06:30:00+00:00,766.0545691745752,766.4042035893658,765.9235770293404,766.4042035869095,2.2468103,1721.9648585823652,10.0
2026-10-03 06:31:00+00:00,766.2724775455323,766.2724775455323,766.2724770781772,766.2724770781772,0.10595030000000001,81.18679882817601,5.0
2026-10-03 06:32:00+00:00,766.3862907848892,766.5202254996606,766.3862907848892,766.497903063597,1.6235503999999998,1244.447977118064,8.0
2026-10-03 06:33:00+00:00,766.5599993218462,766.6799923590007,766.5599974294621,766.6799904666166,0.0051703,3.9639655547095476,5.0
2026-10-03 06:34:00+00:00,766.4393338220415,766.5668899346014,766.4393338146964,766.566889928303,1.1042402999999998,846.4740525044962,8.0
2026-10-03 06:35:00+00:00,766.5199999848221,766.5199999848221,766.4799999876092,766.4799999876092,1.3371803,1024.9219563274312,5.0
2026-10-03 06:36:00+00:00,766.2533346751651,766.3855537526284,766.1829614641077,766.3485152236119,4.8107203,3686.6883590610887,13.0
2026-10-03 06:37:00+00:00,766.4799999742693,766.679999946841,766.4799999734664,766.679999946841,1.3128303,1006.5207343342112,5.0
2026-10-03 06:38:00+00:00,766.6399999676968,766.6399999676968,766.4499999719721,766.4499999719721,1.4566903999999998,1116.480357039172,8.0
2026-10-03 06:39:00+00:00,766.2873108384356,766.2881382767996,766.2775177037553,766.2783451394847,0.4138103000000001,317.09387188567376,18.0
2026-10-03 06:40:00+00:00,766.2708375624132,766.2708375624132,766.2708366757371,766.2708366757371,0.0431103,33.034165650342025,5.0
2026-10-03 06:41:00+00:00,766.3299999270596,766.3299999305035,766.1900000225396,766.1900000329499,0.4099703,314.1151441705085,5.0
2026-10-03 06:42:00+00:00,766.250000007363,766.250000007363,766.2399999480267,766.2399999480267,0.5068602999999999,388.37663624565675,5.0
2026-10-03 06:43:00+00:00,766.2484314320048,766.2484314320048,765.9902851848964,766.2186452955737,2.0084703,1538.9273923823944,7.0
2026-10-03 06:44:00+00:00,765.8528226566822,766.0121668541366,765.8528226566822,765.9967534940149,4e-07,0.00030639870139760595,4.0
2026-10-03 06:45:00+00:00,765.9400000417902,766.0099999968346,765.9400000417902,766.0099999968346,0.3036003,232.560865802039,5.0
2026-10-03 06:46:00+00:00,766.0833189008208,766.0833189008208,765.8324837791852,765.8324837791852,3.1750602999999997,2431.5643156976844,9.0
2026-10-03 06:47:00+00:00,765.8493358814972,765.8540039029848,765.8493358814972,765.8540039029848,1.0842003,830.3391407878173,6.0
2026-10-03 06:48:00+00:00,766.0390849838708,766.0390849838708,766.0390849602522,766.0390849602522,0.24920029999999999,190.89716978382035,5.0
2026-10-03 06:49:00+00:00,766.0199999823868,766.0199999823868,765.6400000014862,765.6400000014862,1.9599703,1500.631660494913,12.0
2026-10-03 06:50:00+00:00,765.5351703976102,765.6030340797049,765.3230963872253,765.6030340758658,8.609730299999999,6591.635640254914,17.0
2026-10-03 06:51:00+00:00,765.6712898138345,765.6712898176753,765.6712898126544,765.6712898126544,0.6971204,533.7650758227136,6.0
2026-10-03 06:52:00+00:00,765.5976757381283,765.9390098107665,765.5976757381283,765.9390098107665,1.9593303,1500.727509874232,7.0
2026-10-03 06:53:00+00:00,765.9800000064827,766.0558317185652,765.9800000064827,766.0558317185652,1.0657603,816.4318930291275,7.0
2026-10-03 06:54:00+00:00,766.0799999923024,766.0799999923024,765.8800000107052,765.8800000107052,1.3073203,1001.2504713779952,5.0
2026-10-03 06:55:00+00:00,766.2040574460887,766.2682164912829,766.2040574460887,766.2682157262016,0.041460300000000005,31.769710104473038,6.0
2026-10-03 06:56:00+00:00,766.001974773286,766.001974773286,766.0019746869704,766.0019747660383,0.1543404,118.22505118618025,6.0
2026-10-03 06:57:00+00:00,765.9300000105914,765.9300000476193,765.9300000105914,765.9300000476193,0.5000003,382.96522980280963,5.0
2026-10-03 06:58:00+00:00,766.1299999225635,766.129999936303,766.1299999174801,766.129999936303,0.5000003,383.0652298071514,5.0
2026-10-03 06:59:00+00:00,766.083181253391,766.2482953002501,766.0108322952676,766.0963624969379,3.6165003000000002,2770.5877247990848,15.0
2026-10-03 07:00:00+00:00,766.0200000785761,766.0200000785761,765.9799999614786,765.9799999614786,0.2245203,171.97805938535117,7.0
2026-10-03 07:01:00+00:00,766.0648322807102,766.0648322807102,766.0034906290252,766.0034906290252,2.7056103,2072.506934081844,11.0
2026-10-03 07:02:00+00:00,765.9242020400044,765.9242020400044,765.7830305579886,765.7830305579886,2.8260103,2164.1107319220905,10.0
2026-10-03 07:03:00+00:00,765.9625075120871,765.9625076175746,765.9235106226014,765.9235107280889,0.49368039999999996,378.1214251456472,7.0
2026-10-03 07:04:00+00:00,766.0199999644,766.0199999644627,765.8399999851904,765.9199999655817,1.2239502999999998,937.4480137338736,6.0
2026-10-03 07:05:00+00:00,765.8999999712327,766.0099999596323,765.7400000040216,765.7400000149636,1.4639102999999996,1120.974673143905,11.0
2026-10-03 07:06:00+00:00,765.8350002207891,765.8350002228677,765.8268752527599,765.8268752537871,1.0536903,806.9443499342254,8.0
2026-10-03 07:07:00+00:00,765.7736877883567,765.840526820919,765.6526292821485,765.6810487975912,2.5118302999999997,1923.260858505568,14.0
2026-10-03 07:08:00+00:00,765.6100000019723,765.6100000019723,765.6099999968845,765.6099999968845,1.6312703,1248.9168543779178,5.0
2026-10-03 07:09:00+00:00,765.5670196438364,765.5700178578313,765.4199821512477,765.4229803652429,4.4461803,3403.2085764672297,13.0
2026-10-03 07:10:00+00:00,765.4569343623451,765.4569343623451,765.444184340524,765.444184340524,0.0427004,32.68477284901411,7.0
2026-10-03 07:11:00+00:00,765.4510799588284,765.4510799588284,765.4510798564079,765.4510798564079,0.0466503,35.708522510625386,5.0
2026-10-03 07:12:00+00:00,765.4811158033943,765.6172104853198,765.3839053203386,765.6172104853198,5.4418103,4166.343621876282,14.0
2026-10-03 07:13:00+00:00,765.839999354291,765.8399994509704,765.839999354291,765.8399994509704,0.1510003,115.64206966909636,4.0
2026-10-03 07:14:00+00:00,765.9204052545851,765.9204052869962,765.5920560066645,765.5920560066645,0.8918303,682.7781929860404,9.0
2026-10-03 07:15:00+00:00,765.5270882149039,765.5360755930935,765.5181008223767,765.5181008223767,0.27355029999999997,209.40770613539138,7.0
2026-10-03 07:16:00+00:00,765.6399883114588,765.639993995648,765.6399643310361,765.6399909349933,0.0015604,1.1947046418549636,5.0
2026-10-03 07:17:00+00:00,765.7222495822367,765.7305896783333,765.722249576625,765.7305896726863,0.9878902999999999,756.4578219509268,12.0
2026-10-03 07:18:00+00:00,765.7494885751107,765.7494885751107,765.7297453256905,765.7297453256905,1.2159502999999998,931.0893135476969,7.0
2026-10-03 07:19:00+00:00,765.5162217139658,765.6947509014911,765.5162217139658,765.6947509014911,1.8814403,1440.6089618445267,8.0
2026-10-03 07:20:00+00:00,765.6522717836033,765.760605799237,765.6522717836033,765.7606057990471,2.8365303,2172.103160895353,7.0
2026-10-03 07:21:00+00:00,765.83360653466,765.83360653466,765.4539577549201,765.4539577549201,0.6282903,480.92729675402603,7.0
2026-10-03 07:22:00+00:00,765.3900000129772,765.3900000129772,765.2200000135447,765.2200000135447,2.1399403,1637.525116394985,9.0
2026-10-03 07:23:00+00:00,765.2716444417396,765.2814571945967,765.2716444223624,765.2716444223624,1.4590502999999997,1116.569822375941,9.0
2026-10-03 07:24:00+00:00,765.2750633932143,765.3156963201316,765.2188609446986,765.231392647358,7.213970400000001,5520.356615708819,11.0
2026-10-03 07:25:00+00:00,765.4298361695971,765.5491810571054,765.3303821243758,765.5491810563948,0.8810802999999999,674.5103021099226,7.0
2026-10-03 07:26:00+00:00,765.4199998510358,765.4199998696035,765.4199998434922,765.4199998434922,0.10157029999999999,77.74393901010345,4.0
2026-10-03 07:27:00+00:00,765.8109124791547,766.0517873228964,765.8109124791547,766.0517873228964,3.5374703,2709.8854459166623,12.0
2026-10-03 07:28:00+00:00,765.8669805353243,765.8669805353243,765.866980517745,765.8669805231639,0.8568503,656.2333520213671,6.0
2026-10-03 07:29:00+00:00,765.7499534532808,765.7956460311796,765.7258281727304,765.7956460311796,3e-07,0.00022973869380935386,3.0
2026-10-03 07:30:00+00:00,765.8100001968637,765.8400021707282,765.8100001968637,765.8400021707282,0.0046604,3.569120746116462,6.0
2026-10-03 07:31:00+00:00,765.9699717551264,765.9699717551264,765.7057405117351,765.7228914366539,6.3031003000000005,4826.428186731241,13.0
2026-10-03 07:32:00+00:00,765.8381666213681,765.8381666213681,765.7805739812055,765.7805739812055,2.4631103000000003,1886.2020193130195,9.0
2026-10-03 07:33:00+00:00,765.8365451296545,765.8556621908734,765.8269865982498,765.8556621908734,2.9585302999999996,2265.807182018263,10.0
2026-10-03 07:34:00+00:00,765.7469744521484,765.7967554551224,765.7469744521484,765.7967554551224,3e-07,0.0002297390266365367,3.0
2026-10-03 07:35:00+00:00,765.8623643789946,766.161650451548,765.8623643714069,766.1568474833485,3.3631703,2576.715954597628,11.0
2026-10-03 07:36:00+00:00,766.2339912395648,766.2339912395648,766.1242794585954,766.1242794585954,3.0005403,2298.7867753239775,7.0
2026-10-03 07:37:00+00:00,766.1769908125736,766.1769908125736,766.0394685561463,766.1082293543602,0.0808004,61.901851375124046,8.0
2026-10-03 07:38:00+00:00,766.0999712343602,766.0999712343602,766.0999647672983,766.0999692472408,0.0014203,1.088091786321856,4.0
2026-10-03 07:39:00+00:00,766.0233275078534,766.0233275078534,765.803292591249,765.803292591249,5.1083203,3911.968505350717,11.0
2026-10-03 07:40:00+00:00,765.8414720418202,765.8414720418202,765.8414720335592,765.8414720335592,0.5258003,402.67967574768704,5.0
2026-10-03 07:41:00+00:00,765.6400000057654,765.6400000057654,765.6399999599012,765.6399999599012,0.9142703,700.0019124553388,4.0
2026-10-03 07:42:00+00:00,765.6158334145996,765.6158334145996,765.5961667048987,765.5961667048987,0.9318303,713.4057056994758,6.0
2026-10-03 07:43:00+00:00,765.3999999270427,765.3999999270427,765.3999998968104,765.3999999116843,0.4221603,323.1214935827166,4.0
2026-10-03 07:44:00+00:00,765.3898908009677,765.3898908009677,765.2400727457364,765.3099878301189,1.0635303,813.9303609499627,8.0
2026-10-03 07:45:00+00:00,765.2299993471045,765.2699990135885,765.2299990957283,765.2699987622124,0.0359803,27.534644136464028,5.0
2026-10-03 07:46:00+00:00,765.2299999111476,765.2300002029978,765.2299999077823,765.2300001752806,0.5224604,399.8023719835772,5.0
2026-10-03 07:47:00+00:00,765.752621113726,765.8462885390632,765.752621113726,765.8275550501825,2.8606002999999998,2190.726533724818,8.0
2026-10-03 07:48:00+00:00,765.8399999628099,766.0199999397331,765.8399999628099,766.0199999195873,0.9157702999999999,701.4983651323604,6.0
2026-10-03 07:49:00+00:00,765.7967059270061,765.7967059270061,765.7967058574138,765.7967058574138,0.9398803,719.7572376402778,5.0
2026-10-03 07:50:00+00:00,765.5600000010057,765.8899999429019,765.5600000010057,765.8599999473595,1.0213603,782.218999304235,8.0
2026-10-03 07:51:00+00:00,765.7499999966178,765.7499999986233,765.6599999854287,765.6599999854287,2.7498303,2105.4350674579314,7.0
2026-10-03 07:52:00+00:00,765.5199999930295,765.5200000092883,765.5199999930295,765.5200000080147,1.3066003,1000.2286616664719,4.0
2026-10-03 07:53:00+00:00,765.3919439992151,765.3919439992151,765.2177756218965,765.2177756218965,0.8648504,661.7988993337075,8.0
2026-10-03 07:54:00+00:00,765.1399999732613,765.1399999732613,765.1199999484481,765.1199999679526,1.1392103,871.6325846994913,5.0
2026-10-03 07:55:00+00:00,765.1033997936368,765.1033997936368,765.103399785475,765.1033997926304,1.3737303,1051.04572292815,5.0
2026-10-03 07:56:00+00:00,765.1119890169111,765.1119890169111,765.0668693663764,765.0926520229871,3.6768903,2813.1617508245968,9.0
2026-10-03 07:57:00+00:00,765.3299999855495,765.339999993026,765.1999999979494,765.339999993026,3.1452103,2407.1552509800654,10.0
2026-10-03 07:58:00+00:00,765.0287383229116,765.0287383264152,765.0011266957944,765.0011267010021,8.1308904,6220.140317082362,8.0
2026-10-03 07:59:00+00:00,765.4079436089663,765.4079436089663,765.301713616198,765.301713616198,1.7588303,1346.0358425500915,6.0
2026-10-03 08:00:00+00:00,765.1899999308358,765.2500000206996,765.189999899868,765.2500000206996,0.4254503,325.57584208380666,5.0
2026-10-03 08:01:00+00:00,765.3999998584181,765.3999998584181,765.3999985362856,765.3999985362856,0.0303403,23.222465575590466,4.0
2026-10-03 08:02:00+00:00,765.249999978765,765.2499999965075,765.0500000348483,765.0500000348483,1.0454803,799.8447035514331,6.0
2026-10-03 08:03:00+00:00,764.7264855288698,764.7952781969079,764.7261758821633,764.7949685502014,1.0175503,778.2173496867479,8.0
2026-10-03 08:04:00+00:00,764.9691113494182,765.3273578339923,764.9691113494182,765.3273578339923,8.2919204,6346.033531101781,9.0
2026-10-03 08:05:00+00:00,765.3300000156031,765.3300000181182,765.3300000064502,765.3300000064502,0.4928803,377.2160800021792,4.0
2026-10-03 08:06:00+00:00,765.3400000165877,765.3400001261191,765.3399999344167,765.3400001261191,0.13622030000000002,104.25484441917999,5.0
2026-10-03 08:07:00+00:00,765.359999995634,765.5699999777027,765.359999995634,765.5699999774537,3.4258402999999995,2622.7205583937593,11.0
2026-10-03 08:08:00+00:00,765.5815584031409,765.8124674754696,765.5722077555938,765.8124674754696,1.5554003,1191.1449416550856,10.0
2026-10-03 08:09:00+00:00,765.8199999729713,765.8299999741206,765.5199999986552,765.5199999986552,2.0966803,1605.0507032531805,7.0
2026-10-03 08:10:00+00:00,765.5600000027628,765.7399999878675,765.5600000022822,765.639999995662,3.6252803,2775.6596088762735,8.0
2026-10-03 08:11:00+00:00,765.4300000025379,765.4300002606902,765.429997365353,765.4299995606891,0.010150399999999999,7.7694206675408175,5.0
2026-10-03 08:12:00+00:00,765.5099999856632,765.5499999798935,765.4699999886683,765.5499999764206,1.9595602999999997,1500.1413876187946,6.0
2026-10-03 08:13:00+00:00,765.4187993402855,765.4627960738143,765.3451973804064,765.4507895426264,1.7857802999999999,1366.926940584668,11.0
2026-10-03 08:14:00+00:00,765.4999934958665,765.4999959793655,765.4999934958665,765.4999959793655,0.0131103,10.035934597288275,4.0
2026-10-03 08:15:00+00:00,765.479999982188,765.5099999790934,765.3299999867777,765.3299999867777,2.9083403,2225.8400817605448,7.0
2026-10-03 08:16:00+00:00,765.3190920448849,765.3572762625676,765.3190920056556,765.3572762401976,0.6604404,505.47286566298664,8.0
2026-10-03 08:17:00+00:00,765.4199999722791,765.4199999722791,765.1799999893638,765.1799999893638,2.6264602999999997,2009.714892326064,6.0
2026-10-03 08:18:00+00:00,765.2108189318566,765.2698064308511,765.2108189318566,765.2698064308511,0.2324603,177.89484878385758,6.0
2026-10-03 08:19:00+00:00,765.3799999871087,765.3799999871087,765.1400000144594,765.3299999929221,2.5252102999999995,1932.6191988811265,7.0
2026-10-03 08:20:00+00:00,765.1900000083047,765.1900000083047,765.1499999866238,765.1499999866238,2.3523702999999996,1799.916135013534,5.0
2026-10-03 08:21:00+00:00,765.1199992735661,765.1199992735661,765.0299999400338,765.0300000022662,0.028990300000000004,22.1784492090657,5.0
2026-10-03 08:22:00+00:00,765.1566502385917,765.1566502385917,764.9513890702107,764.9513890702107,1.3866804000000001,1060.7430981764355,7.0
2026-10-03 08:23:00+00:00,764.9792802986187,764.9792802986187,764.8988806253777,764.8988806253777,2.3436702999999994,1792.6707890249427,7.0
2026-10-03 08:24:00+00:00,764.7599972739239,764.7599972739239,764.759995465867,764.7599958166707,0.0032003,2.447461414612091,4.0
2026-10-03 08:25:00+00:00,764.7318076658981,764.7318076658981,764.6908199069034,764.6908199069034,3e-07,0.000229407245972071,3.0
2026-10-03 08:26:00+00:00,764.7599999950421,764.779999998556,764.7599999948658,764.779999998556,3.9227103,3000.0103832283357,6.0
2026-10-03 08:27:00+00:00,764.8901431492205,764.9100477000129,764.7607636615771,764.91004769838,1.3408903,1025.6604633312952,8.0
2026-10-03 08:28:00+00:00,765.0850072121339,765.1702706874943,765.0850072121339,765.1702706874943,8.887370399999998,6800.351614668023,12.0
2026-10-03 08:29:00+00:00,765.20087161611,765.6199564054365,765.2008716108613,765.45032684218,3.2125103000000004,2459.01705911887,10.0
2026-10-03 08:30:00+00:00,765.3995135213333,765.3995135213333,765.3450507548373,765.350431991473,3e-07,0.00022960512959744188,3.0
2026-10-03 08:31:00+00:00,765.3454357307531,765.3972821066741,765.1764106353925,765.1764106397349,2.4932003,1907.73805655991,8.0
2026-10-03 08:32:00+00:00,765.4035172464605,765.4035174055207,765.4035172464605,765.4035174055207,0.03342030000000001,25.58001517274773,5.0
2026-10-03 08:33:00+00:00,765.4137984591338,765.5191655775584,765.413798458343,765.4313596469357,2.7092703,2073.7604493800613,8.0
2026-10-03 08:34:00+00:00,765.5799999535969,765.6199999714399,765.5799999535969,765.5899999758764,2.7049504,2070.8829766707468,8.0
2026-10-03 08:35:00+00:00,765.6399999676424,765.6999999712838,765.4599999972066,765.6999999712838,1.8265403,1398.5819076575488,7.0
2026-10-03 08:36:00+00:00,765.7499999004831,765.7499999244171,765.7499999004831,765.7499999244171,0.6487702999999999,496.795857175964,4.0
2026-10-03 08:37:00+00:00,765.6753289285733,765.7040549985362,765.5316985662545,765.7040549860313,1.0623102999999998,813.4153043634273,9.0
2026-10-03 08:38:00+00:00,765.561069618241,765.561069618241,765.4918408386743,765.4918408386743,1.3081303,1001.3630714038472,9.0
2026-10-03 08:39:00+00:00,765.6699999432543,765.6699999605597,765.579999958736,765.5799999760414,1.7440002999999997,1335.171749632216,6.0
2026-10-03 08:40:00+00:00,765.5244511026767,765.5836992489998,765.4107518497658,765.5836992486549,3.6510002999999998,2795.1463156319483,14.0
2026-10-03 08:41:00+00:00,765.6955845567616,765.6964676449443,765.4079477737845,765.5720522182329,6.2323504000000005,4771.313285871125,17.0
2026-10-03 08:42:00+00:00,765.529503001175,765.5295030283829,765.5295029696556,765.5295029696556,0.5062903,387.5801617173578,5.0
2026-10-03 08:43:00+00:00,765.5799998838473,765.5799999255598,765.5799998838473,765.5799999255598,0.5000003,382.7902296367799,4.0
2026-10-03 08:44:00+00:00,765.579999998814,765.8199999535655,765.579999998814,765.8199999534934,1.4232903000000001,1089.9841774798076,6.0
2026-10-03 08:45:00+00:00,765.6860561733708,765.8617303159214,765.6860561733708,765.8574044750968,1.8936203,1450.2431280193541,14.0
2026-10-03 08:46:00+00:00,765.929999598428,765.9299995996631,765.9299995969645,765.9299995996631,0.1410003,107.99635972255237,4.0
2026-10-03 08:47:00+00:00,765.9570458467974,765.9570458467974,765.6756128412047,765.6756128412047,3.3850904,2591.881166542879,11.0
2026-10-03 08:48:00+00:00,765.5200001995489,765.5200001995489,765.5200000887622,765.5200000887622,0.08735029999999999,66.8684016637534,4.0
2026-10-03 08:49:00+00:00,765.6974023377841,765.697402337998,765.6974023357667,765.697402337998,0.6983403,534.7173536579382,6.0
2026-10-03 08:50:00+00:00,765.6999999720023,765.6999999748674,765.51000000086,765.6899999758753,1.9752002999999998,1512.3911176593485,7.0
2026-10-03 08:51:00+00:00,765.7799999763389,765.8199999737657,765.769999977764,765.8199999737657,2.1052103,1612.212151890771,8.0
2026-10-03 08:52:00+00:00,765.849999994041,766.0548047993932,765.849999994041,766.0548047959578,14.6860004,11250.281169655358,13.0
2026-10-03 08:53:00+00:00,765.9599999879606,766.079999977474,765.8700000014277,765.870000008897,2.0049003,1535.4929927788378,7.0
2026-10-03 08:54:00+00:00,765.9496333487168,765.9613549331154,765.9496333487168,765.9613549331154,3e-07,0.00022978840647993462,3.0
2026-10-03 08:55:00+00:00,766.1399999797346,766.2699999747724,766.1399999797346,766.2699999747724,2.3821203,1825.3473222209047,7.0
2026-10-03 08:56:00+00:00,766.1040407696444,766.2691341077652,766.0914431308112,766.18855685892,4.7483503,3638.1316638176204,12.0
2026-10-03 08:57:00+00:00,766.0829525007737,766.1685236923037,766.0829524848962,766.1685236764262,0.6507002999999999,498.54608820680755,6.0
2026-10-03 08:58:00+00:00,766.1003085723036,766.1003086429716,766.1003085498228,766.1003085498228,0.1522704,116.65440042300493,6.0
2026-10-03 08:59:00+00:00,766.1699999707458,766.2300000005376,766.1699999707458,766.2200000021858,1.8202502999999999,1394.7121848699785,8.0
2026-10-03 09:00:00+00:00,766.2200000012608,766.5599999938246,766.2200000012608,766.4899999991841,3.9183003,3003.337996943803,8.0
2026-10-03 09:01:00+00:00,766.4493601235331,766.4516051782405,766.446348095595,766.446348095595,3e-07,0.0002299339044286785,3.0
2026-10-03 09:02:00+00:00,766.5830055678027,766.6373840572602,766.5657513810197,766.6373840520826,2.0086603,1539.9140778412711,8.0
2026-10-03 09:03:00+00:00,766.7869116888965,766.7899999727454,766.7776837556237,766.7807720394726,1.9783303,1516.9456347830815,7.0
2026-10-03 09:04:00+00:00,766.7663033632601,766.7663033632601,766.7663033491385,766.7663033491385,1.2391903,950.16936547711,5.0
2026-10-03 09:05:00+00:00,766.7381984956636,766.7381985010587,766.4758463957427,766.4758464011378,6.515750400000001,4994.165302778553,14.0
2026-10-03 09:06:00+00:00,766.6667087382156,766.6667087422372,766.6667087310683,766.6667087422372,0.3647803,279.66491201500594,5.0
2026-10-03 09:07:00+00:00,766.7476421942029,766.7476421942029,766.7208776628765,766.7337820357847,3e-07,0.0002300201346107354,3.0
2026-10-03 09:08:00+00:00,766.7999999966769,767.0399999869467,766.7999999963874,767.0199999879464,6.0016203,4603.362802433659,10.0
2026-10-03 09:09:00+00:00,766.9587235125147,767.0429794471786,766.9523412387808,767.0365971761296,1.1411303,875.2887022465759,9.0
2026-10-03 09:10:00+00:00,767.2799999692356,767.5099999634826,767.2799999692356,767.5099999634826,1.9566603,1501.756346781548,6.0
2026-10-03 09:11:00+00:00,767.5091326688156,767.61595266039,767.5088435783431,767.61595266039,1.3895304,1066.6257017465728,17.0
2026-10-03 09:12:00+00:00,767.5172963925979,767.5804885052089,767.4427035260768,767.4909770653837,1.0107803,775.7647600454417,10.0
2026-10-03 09:13:00+00:00,767.5279875832514,767.5279875832514,767.4481117264313,767.4481117264313,3.3992503000000003,2608.7482240205054,9.0
2026-10-03 09:14:00+00:00,767.3994766566751,767.4182193493532,767.3994766566751,767.405709442433,3e-07,0.0002302217128327299,3.0
2026-10-03 09:15:00+00:00,767.5099999780449,767.509999981792,767.2899999862844,767.2899999862844,1.6940103,1299.7971630637658,5.0
2026-10-03 09:16:00+00:00,767.1398285943678,767.1398285943678,766.690059529945,766.690059529945,10.0546203,7708.777436357993,18.0
2026-10-03 09:17:00+00:00,766.8089801138209,766.8387840633638,766.8089801138209,766.8387840633638,0.7893104000000001,605.2738273845674,7.0
2026-10-03 09:18:00+00:00,766.8563327880884,766.8930715655579,766.8563327880884,766.8930715655579,7.2549103,5563.740443899603,11.0
2026-10-03 09:19:00+00:00,767.1433852489847,767.2106171150397,767.1004613549038,767.108076701402,10.3033103,7903.752547890745,15.0
2026-10-03 09:20:00+00:00,767.0699999933893,767.1999999805148,767.0699999843279,767.1999999805148,1.8147702999999997,1392.2917741246386,8.0
2026-10-03 09:21:00+00:00,767.2265845453464,767.2265845453464,766.9302627036781,766.9302627036781,1.3599803000000001,1043.010048750827,8.0
2026-10-03 09:22:00+00:00,767.119999950288,767.2699999634092,767.119999950288,767.2599999656471,1.3405603,1028.5582957319477,8.0
2026-10-03 09:23:00+00:00,767.2592745576261,767.2592745626878,767.2494558796359,767.2494559016576,0.30497029999999997,233.98829674116527,6.0
2026-10-03 09:24:00+00:00,767.1899999872342,767.319999964743,767.1799999803651,767.1799999803651,1.7340203000000003,1330.3056937199528,12.0
2026-10-03 09:25:00+00:00,767.1199987516474,767.1199987516474,767.119995856834,767.1199958950142,0.0051603,3.9585693148170416,4.0
2026-10-03 09:26:00+00:00,767.0734237090135,767.1009644631035,766.3858364316217,767.0892596428423,141.07399029999993,108216.34277408847,79.0
2026-10-03 09:27:00+00:00,767.5079067685775,767.6854890255436,767.5079067685775,767.6440371996665,0.5128604,393.6942279758358,12.0
2026-10-03 09:28:00+00:00,767.7599999870569,767.7999999850243,767.5500000026278,767.5500000035793,4.0420403,3102.4680322794675,9.0
2026-10-03 09:29:00+00:00,767.7767995205189,767.7774396090543,767.7767995175574,767.7774396077026,1.3984002999999998,1073.6602018806432,8.0
2026-10-03 09:30:00+00:00,767.7199999859483,767.8699999720986,767.7099999854745,767.8699999718779,3.2491703000000003,2494.9403981696264,7.0
2026-10-03 09:31:00+00:00,767.8395621110652,767.869343208517,767.7278830225349,767.8693432015408,0.5098403,391.49073629867655,8.0
2026-10-03 09:32:00+00:00,767.7999999691435,767.8999999412381,767.7799999710181,767.8999999375316,1.0750602999999999,825.5388043028425,7.0
2026-10-03 09:33:00+00:00,767.7714650867404,767.825681415023,767.7657581047624,767.8256814150188,10.894830399999998,8365.330575781061,9.0
2026-10-03 09:34:00+00:00,767.9087676214928,767.9575353055701,767.9087676201697,767.9380282346685,0.6560903,503.83669132589216,8.0
2026-10-03 09:35:00+00:00,767.9120982595638,767.9120982595638,767.6765847755216,767.8073660830769,4.2592203,3270.2607201105725,10.0
2026-10-03 09:36:00+00:00,767.7095982158355,767.7095982158355,767.5944195426697,767.5944195544728,1.7425103,1337.5411822961903,8.0
2026-10-03 09:37:00+00:00,767.5934463270295,767.5934463270295,767.5745463787706,767.5769737862219,3e-07,0.00023027309213586656,3.0
2026-10-03 09:38:00+00:00,767.5769134837755,767.6734840132289,767.4900000044457,767.6734840132289,4.4263504,3397.991833031349,10.0
2026-10-03 09:39:00+00:00,767.5769476785193,767.5899604089391,767.5705817131762,767.5899604089391,3e-07,0.0002302769881226817,3.0
2026-10-03 09:40:00+00:00,767.6699999912429,767.6699999912429,767.5499999943391,767.5499999943391,3.1264803,2399.7299542473015,6.0
2026-10-03 09:41:00+00:00,767.6451238513897,767.7218731013389,767.6451238512739,767.7218731013389,1.2754002999999998,979.1527072700095,9.0
2026-10-03 09:42:00+00:00,767.6299999879685,767.6299999898141,767.4900000085348,767.4900000103804,2.0421703,1567.3452835681985,6.0
2026-10-03 09:43:00+00:00,767.6299997011189,767.6299997416069,767.6299997011189,767.6299997182331,0.0782103,60.036572566962924,5.0
2026-10-03 09:44:00+00:00,767.5648666341863,767.6396092109679,767.5648666341863,767.6207791373133,3e-07,0.00023028623374119397,3.0
2026-10-03 09:45:00+00:00,767.5766443947258,767.6026577549411,767.5660133584377,767.592026718653,1.0860303999999998,833.6282758140692,9.0
2026-10-03 09:46:00+00:00,767.5305931465571,767.5502210197562,767.5305931465571,767.5502210197562,3e-07,0.00023026506630592687,3.0
2026-10-03 09:47:00+00:00,767.7764055038642,767.7764055051343,767.5519170576179,767.5519170577246,2.0398003,1565.6526306799217,8.0
2026-10-03 09:48:00+00:00,767.5481128167971,767.5481128167971,767.5448879674365,767.5448879674365,3e-07,0.00023026346639023093,3.0
2026-10-03 09:49:00+00:00,767.5799999955102,767.5799999955102,767.5799999928468,767.5799999928468,1.8239203,1400.0047438609529,5.0
2026-10-03 09:50:00+00:00,767.6401603099372,767.7393586855954,767.6401603096693,767.7195190124778,2.4949403,1915.4143670808471,7.0
2026-10-03 09:51:00+00:00,767.7299999633735,767.7999999460612,767.5400000181368,767.5400000210005,1.3877903999999999,1065.1846436451442,8.0
2026-10-03 09:52:00+00:00,767.6500161162912,767.6642372560733,767.6058407091884,767.6163294599659,5.0686303,3890.7633862755656,14.0
2026-10-03 09:53:00+00:00,767.6167092035735,767.6167092041645,767.5118804525207,767.5118804525207,2.7704003,2126.3151438592276,9.0
2026-10-03 09:54:00+00:00,767.4690734573402,767.4690734573402,767.2322501619464,767.4098676150563,1.1891703000000002,912.581022494757,8.0
2026-10-03 09:55:00+00:00,767.4899999288048,767.4899999933781,767.4899999288048,767.4899999933781,0.7125003,546.8368552422819,4.0
2026-10-03 09:56:00+00:00,767.5599999884289,767.5599999884289,767.4999999879211,767.4999999933717,2.6057604,1999.9211069827281,6.0
2026-10-03 09:57:00+00:00,767.5799999804271,767.5799999804271,767.4100000056844,767.5199999824938,1.4229903,1092.1735150310888,7.0
2026-10-03 09:58:00+00:00,767.3517201034613,767.3556268047084,767.3517200951204,767.3556267834063,0.5748603,441.12228581939695,6.0
2026-10-03 09:59:00+00:00,767.5337205946324,767.5337205951664,767.327535256379,767.327535256379,0.5473503,419.99695662083957,6.0
2026-10-03 10:00:00+00:00,767.4395039702594,767.468015903399,767.2749602212232,767.4655357946314,3.5403702999999997,2717.1121892008996,12.0
2026-10-03 10:01:00+00:00,767.5464899460928,767.548779945735,767.477099963108,767.4948099595067,0.7182103,551.2226777094603,9.0
2026-10-03 10:02:00+00:00,767.4638305778623,767.4851074380789,767.4380151535388,767.4734765872331,3.6845803000000004,2827.8176526058305,8.0
2026-10-03 10:03:00+00:00,767.462157852015,767.4621631779752,767.462157852015,767.4621619030548,0.0029503999999999997,2.264320362478773,6.0
2026-10-03 10:04:00+00:00,767.5699999661988,767.5700000156285,767.5699999661988,767.5700000156285,1.3032903,1000.3665355913685,4.0
2026-10-03 10:05:00+00:00,767.7999999955267,767.8199999948787,767.4300000068399,767.8199999942212,9.2578603,7108.370295492502,10.0
2026-10-03 10:06:00+00:00,767.8299999843142,767.9099999837674,767.8299999843142,767.8999999845902,3.6464003,2800.0707903138095,6.0
2026-10-03 10:07:00+00:00,767.9101978986378,767.9101979072219,767.6997361248167,767.8200000041558,1.6142903,1239.4843781527086,9.0
2026-10-03 10:08:00+00:00,767.8694151871402,767.8793567181381,767.8197075921644,767.8197076053272,3.1942402999999997,2452.6006531671524,8.0
2026-10-03 10:09:00+00:00,768.0964818088196,768.2438592432421,768.0771854429573,768.2245628773799,0.8207503999999999,630.5206172714346,11.0
2026-10-03 10:10:00+00:00,768.2799999771186,768.2799999771186,768.2799999732823,768.2799999732823,1.1714603,900.0095192527012,4.0
2026-10-03 10:11:00+00:00,768.2889993286618,768.5147630370133,768.2889993286618,768.4791124257514,5.365630299999999,4123.3748105487175,15.0
2026-10-03 10:12:00+00:00,768.4136011087253,768.4520006133941,768.3560018426355,768.3560018426355,4.8685003,3740.7414254776713,16.0
2026-10-03 10:13:00+00:00,768.1800090972221,768.1800090972221,768.1800066959828,768.1800066959828,0.0029102999999999998,2.2356342734873187,4.0
2026-10-03 10:14:00+00:00,768.1576438893484,768.2050958935655,768.1576438415605,768.2050958908294,0.1622903,124.67223547365147,6.0
2026-10-03 10:15:00+00:00,768.3399972894782,768.3399974464907,768.3199974037798,768.3199974037798,0.014190399999999999,10.902768091158595,6.0
2026-10-03 10:16:00+00:00,768.319999971745,768.3199999747529,768.2999999772433,768.2999999802512,1.0912203,838.3845564684498,5.0
2026-10-03 10:17:00+00:00,768.2999979527348,768.3000020742018,768.2999979527348,768.3000020742018,0.0120703,9.273611515036238,4.0
2026-10-03 10:18:00+00:00,768.4714294621409,768.5142883954736,768.4714294621409,768.5142883954736,2.9152803,2240.434565227843,9.0
2026-10-03 10:19:00+00:00,768.5164360995908,768.558218042209,768.5164360995908,768.558218042209,3.0452103,2340.4214017317804,10.0
2026-10-03 10:20:00+00:00,768.589420878951,768.6189865420592,768.5007238931717,768.5007238943534,3.6966802999999997,2840.9014865559952,8.0
2026-10-03 10:21:00+00:00,768.4200000056277,768.4200000056277,768.4199999778878,768.4199999837513,1.8298604,1406.1013285382671,5.0
2026-10-03 10:22:00+00:00,768.4238315788137,768.4302989430837,768.3905978995693,768.3905978995693,2.9198603,2243.593201700216,9.0
2026-10-03 10:23:00+00:00,768.439973726271,768.4399751517398,768.4399727098214,768.4399727098214,0.0012603,0.9684648976061879,4.0
2026-10-03 10:24:00+00:00,768.414642408719,768.4292848240348,768.3698181166654,768.391781739926,3.7332503,2868.5988496981136,9.0
2026-10-03 10:25:00+00:00,768.4499999735672,768.5699999695363,768.4499999735672,768.5699999695363,1.3012203,1000.07888593136,6.0
2026-10-03 10:26:00+00:00,768.466157443813,768.466157443813,768.4661574134333,768.4661574134333,0.7220203,554.8481655154943,5.0
2026-10-03 10:27:00+00:00,768.3018323402267,768.6581676415822,768.3018323402267,768.6581676415822,2.6641503999999996,2047.8209647855879,10.0
2026-10-03 10:28:00+00:00,768.7208262081468,768.8584308004462,768.7208262081468,768.8584308004462,0.2725203,209.52953021926683,6.0
2026-10-03 10:29:00+00:00,768.9299999874738,768.9299999903218,768.79999999747,768.8000000003179,3.9015003,2999.47343064124,7.0
2026-10-03 10:30:00+00:00,769.0455759659953,769.0455759925861,769.0455759659953,769.045575984324,0.11172030000000001,85.91800246264148,6.0
2026-10-03 10:31:00+00:00,769.0099999678436,769.0099999893907,769.0099999678436,769.0099999893907,1.3134103,1010.0256547890656,5.0
2026-10-03 10:32:00+00:00,769.1042155360992,769.1109803018443,769.0887253804455,769.0954901452915,3.3575003,2582.238338891463,9.0
2026-10-03 10:33:00+00:00,769.0579444455819,769.057944446455,768.8896837541162,768.899525634311,4.105140400000001,3156.4405062222463,10.0
2026-10-03 10:34:00+00:00,768.8100000038457,768.8100001008263,768.8100000038457,768.8100001008263,0.2153303,165.54808796471096,4.0
2026-10-03 10:35:00+00:00,769.0299999909196,769.0299999909196,768.4800000230663,768.4800000230663,4.3738903,3361.2472178448897,11.0
2026-10-03 10:36:00+00:00,768.2526938279254,768.2526938279254,768.0256241625694,768.0256241797973,2.8175603,2163.958508071717,10.0
2026-10-03 10:37:00+00:00,768.4399982813684,768.4399987930315,768.3999986228565,768.3999991345196,0.035140300000000006,27.001806489586762,5.0
2026-10-03 10:38:00+00:00,768.404724909223,768.4257175541732,768.404724909223,768.4257175541732,3e-07,0.00023052771526625195,3.0
2026-10-03 10:39:00+00:00,768.6792586920114,768.6792587099694,768.639506756672,768.6395067826131,0.6208503999999999,477.210145241788,8.0
2026-10-03 10:40:00+00:00,768.4881227623733,768.5136245374875,768.3418772290759,768.3418772290759,1.5674203000000002,1204.3146557089615,12.0
2026-10-03 10:41:00+00:00,768.489999990401,768.489999990401,768.1900000117869,768.1900000117869,3.3637103,2583.9686153966477,7.0
2026-10-03 10:42:00+00:00,768.2599959552927,768.2599959552927,768.2599813023247,768.2599813023247,0.0015103,1.160303049760901,4.0
2026-10-03 10:43:00+00:00,768.2398753304412,768.2398753391516,768.2298909152312,768.2298909206223,0.9241702999999999,709.9752487610788,7.0
2026-10-03 10:44:00+00:00,768.1999999715122,768.1999999715122,768.1600000267293,768.1600000267293,0.14345040000000003,110.19285926783436,6.0
2026-10-03 10:45:00+00:00,768.1305748739212,768.1460026777254,768.1305748724695,768.1460026762737,0.6760003,519.2669282529619,8.0
2026-10-03 10:46:00+00:00,768.1564444726894,768.171410496423,768.1564444726894,768.1684912802624,3e-07,0.0002304505473840787,3.0
2026-10-03 10:47:00+00:00,768.2888121478519,768.28881214896,768.2888121478519,768.2888121479226,1.4396003,1106.028804454793,6.0
2026-10-03 10:48:00+00:00,768.2883751606257,768.3022500960722,768.2722500981546,768.3022500905761,1.1875802999999998,912.4206166532413,9.0
2026-10-03 10:49:00+00:00,768.1400000140322,768.279999978682,768.1399999863903,768.1799999762902,1.1881103,912.6825702258301,6.0
2026-10-03 10:50:00+00:00,768.1995823851705,768.1995823939833,768.1995823851705,768.1995823925494,1.0304904,791.6222949395311,7.0
2026-10-03 10:51:00+00:00,768.0700004319468,768.0700004319468,768.0700003683733,768.0700003683733,0.024060300000000003,18.479994629863175,4.0
2026-10-03 10:52:00+00:00,768.2379014317149,768.3245150939779,768.1031690718344,768.3052676139948,3.5082203,2695.3841364403493,9.0
2026-10-03 10:53:00+00:00,768.5299994230728,768.5299997606968,768.3299997122012,768.3300000498252,0.20752030000000002,159.44407210933977,6.0
2026-10-03 10:54:00+00:00,768.3300000033909,768.5199999816889,768.3300000033909,768.4899999850371,2.5279103000000003,1942.6737864091754,8.0
2026-10-03 10:55:00+00:00,768.3302300892504,768.5399280706052,768.3302300879269,768.5399280706052,1.0014404000000001,769.6469329829982,7.0
2026-10-03 10:56:00+00:00,768.5999999849864,768.5999999866468,768.4599999996583,768.4600000013187,2.8626203,2199.809195741775,8.0
2026-10-03 10:57:00+00:00,768.5056066864003,768.5699963957053,768.5056066864003,768.5699963957053,3e-07,0.00023057099891871157,3.0
2026-10-03 10:58:00+00:00,768.7174034651474,768.7174034653984,768.6976919688618,768.6976919688618,1.3351803,1026.3500149722925,8.0
2026-10-03 10:59:00+00:00,768.6799999810733,768.6799999810733,768.6799999799196,768.6799999801827,1.9513803,1499.987008965329,6.0
2026-10-03 11:00:00+00:00,768.6848411065622,768.7720700905752,768.6848411065622,768.7165607457396,3.7222003,2861.31701302276,8.0
2026-10-03 11:01:00+00:00,768.8520128289271,768.8520128378302,768.8520128160477,768.8520128160477,0.5767804,443.4587714928451,6.0
2026-10-03 11:02:00+00:00,768.859999942166,768.8599999462806,768.6699999791616,768.6699999824014,1.5407202999999998,1184.3054729738853,6.0
2026-10-03 11:03:00+00:00,768.5000000116603,768.7599999951976,768.5000000115313,768.7599999951976,1.6107103,1238.2496502202648,6.0
2026-10-03 11:04:00+00:00,768.9426634567709,768.9519964992381,768.7633347963915,768.9499956366288,0.7876102999999999,605.6329367483638,9.0
2026-10-03 11:05:00+00:00,769.1299998749421,769.1399998853035,769.1199998808954,769.119999893238,0.5039202999999998,387.57518108220023,8.0
2026-10-03 11:06:00+00:00,769.159995489656,769.1599966548201,769.159995489656,769.1599964409149,0.0095003,7.307250714187624,4.0
2026-10-03 11:07:00+00:00,769.199372936643,769.6978334302203,769.199372936643,769.6978334302203,3.9454303000000004,3036.7891538599442,14.0
2026-10-03 11:08:00+00:00,769.7001897479005,769.7290511496651,769.5751236434625,769.5751236458884,1.6952502999999999,1304.6224592332294,7.0
2026-10-03 11:09:00+00:00,769.4100000068127,769.789999981268,769.4000000064069,769.7199999863752,4.1118803,3164.9965044599767,9.0
2026-10-03 11:10:00+00:00,769.6999999292168,769.7699998806984,769.6999998725539,769.7699998355806,0.5771004,444.23457481311345,6.0
2026-10-03 11:11:00+00:00,769.629999984816,769.6299999849173,769.4499999922098,769.4499999922098,3.1246603,2404.269867810658,5.0
2026-10-03 11:12:00+00:00,769.4799999786052,769.4800000074013,769.4799999786052,769.4800000074013,1.1696203,899.9994284526567,4.0
2026-10-03 11:13:00+00:00,769.5970386988542,769.6066976114846,769.2010232662425,769.2010232662425,4.4844903,3449.474527587539,9.0
2026-10-03 11:14:00+00:00,769.0826256189532,769.0826256189532,768.8638813540128,768.8638813540128,9.1102403,7004.534717125745,14.0
2026-10-03 11:15:00+00:00,768.9700000927484,768.9700000927484,768.9700000639116,768.9700000639116,0.5000004,384.48530761995585,6.0
2026-10-03 11:16:00+00:00,769.1399999891377,769.1399999891377,769.0299999960217,769.0299999960217,2.5805303,1984.5052165987338,6.0
2026-10-03 11:17:00+00:00,769.0349935746167,769.0349936166859,769.0111056477156,769.0111056897848,1.1289703,868.1906986939281,7.0
2026-10-03 11:18:00+00:00,769.1899999895982,769.3999999880685,769.1899999895982,769.3999999880685,2.6007903,2001.0480567889688,5.0
2026-10-03 11:19:00+00:00,769.3177236608068,769.3874254472777,769.3177236555632,769.3874254420341,2.2189503,1707.2324585008291,8.0
2026-10-03 11:20:00+00:00,769.3799999973528,769.3799999973528,768.9200000039264,768.9200000039264,3.6820603,2831.209805890457,12.0
2026-10-03 11:21:00+00:00,768.9499992163393,768.9599992772787,768.9499992163393,768.9599991936626,0.0591204,45.461222736329006,6.0
2026-10-03 11:22:00+00:00,768.9399999628134,768.9399999628134,768.9399999355245,768.939999937086,0.7802903,599.9964232329088,4.0
2026-10-03 11:23:00+00:00,769.0399999642211,769.1399999740578,769.0399999642211,769.1199999773032,1.8487502999999998,1421.9108306940393,6.0
2026-10-03 11:24:00+00:00,769.0399999675618,769.0999999039982,768.940000037533,768.940000037533,0.28318030000000005,217.74865989262864,6.0
2026-10-03 11:25:00+00:00,769.1099999735906,769.1099999811349,769.0899999782052,769.0899999843652,1.3002102999999998,999.9787396066714,5.0
2026-10-03 11:26:00+00:00,769.0698909703912,769.0698909703912,769.0599008612834,769.0599008612834,1.3015704,1000.9856027879808,7.0
2026-10-03 11:27:00+00:00,769.0863746518443,769.0863746518443,769.0863746479451,769.086374648683,0.6687703,514.3421254997121,5.0
2026-10-03 11:28:00+00:00,769.1427029699731,769.158216722,769.0921265822695,769.1076403354847,1.8048503,1388.1241553917916,8.0
2026-10-03 11:29:00+00:00,769.0999999891678,769.0999999899259,769.089999989969,769.0899999909559,2.9126703,2240.1056010006573,7.0
2026-10-03 11:30:00+00:00,769.0842565454939,769.1149744725831,769.0842565362248,769.114974463314,2.4651403,1895.9763188829859,7.0
2026-10-03 11:31:00+00:00,768.9399999962544,768.980000002405,768.9399999962544,768.9400000172952,0.6043402999999999,464.7014302924522,7.0
2026-10-03 11:32:00+00:00,769.1172364256229,769.1268909935715,768.9434543627765,769.126890992782,0.5853504,450.2087332933814,9.0
2026-10-03 11:33:00+00:00,769.0126808018849,769.0126808057872,769.0126808018849,769.012680803464,1.4518003,1116.4528406942732,5.0
2026-10-03 11:34:00+00:00,768.9404612038888,768.9457011981056,768.9295540114374,768.9457011981056,3e-07,0.00023068371035943165,3.0
2026-10-03 11:35:00+00:00,769.0208598414583,769.0903582648688,769.0109315063999,769.0903582648688,0.5051703,388.5216070117712,7.0
2026-10-03 11:36:00+00:00,769.1304339757797,769.1304339757797,769.0969558508322,769.0969558508322,0.0276003,21.227306710569724,6.0
2026-10-03 11:37:00+00:00,768.9658498763457,768.9658498763457,768.965849812843,768.9658498546738,1.5984904,1229.1845289205376,7.0
2026-10-03 11:38:00+00:00,769.1839970092705,769.1863038726909,769.1839970092705,769.1863038726909,0.13139030000000002,101.06361922172404,6.0
2026-10-03 11:39:00+00:00,769.3500003055968,769.3500003055968,769.3500000466522,769.3500000466522,0.033930300000000004,26.104276306582925,4.0
2026-10-03 11:40:00+00:00,769.3516273884322,769.540154960874,769.3516273884322,769.540154960874,1.0078103,775.550494433165,7.0
2026-10-03 11:41:00+00:00,769.560169852667,769.6399757297042,769.4205095615196,769.6399757297042,3.3382103,2569.2200942726486,9.0
2026-10-03 11:42:00+00:00,769.5200000952954,769.5200000952954,769.5199993573664,769.5199993573664,0.0292403,22.5009956372092,4.0
2026-10-03 11:43:00+00:00,769.6699998870561,769.709999942334,769.6699998870561,769.7099999332211,0.7574304,583.0017531334196,8.0
2026-10-03 11:44:00+00:00,769.712268341467,769.8490926526719,769.712268341467,769.8490926526719,2.0909602999999994,1609.7238897277582,7.0
2026-10-03 11:45:00+00:00,769.7879760547231,769.7879760547231,769.599710862736,769.599710862736,3.4973303,2691.5443876714853,12.0
2026-10-03 11:46:00+00:00,769.6499990438493,769.6500005527264,769.6499990438493,769.6500005527264,0.0142403,10.960046902870989,4.0
2026-10-03 11:47:00+00:00,769.6800000146171,769.7499999346446,769.6800000029888,769.7499999292302,0.2625903,202.12888340641652,6.0
2026-10-03 11:48:00+00:00,769.820375645147,769.9817841648372,769.6948356928802,769.7307042688645,4.7644404,3667.3360645390308,17.0
2026-10-03 11:49:00+00:00,769.8876115282538,769.8876115282538,769.7561881561386,769.7590470324496,2.3976903,1845.6438004069482,10.0
2026-10-03 11:50:00+00:00,769.7426700894051,769.742670154359,769.7426700894051,769.742670154359,0.26919030000000005,207.20726030165298,5.0
2026-10-03 11:51:00+00:00,769.6999999905263,769.6999999905263,769.6999999842011,769.6999999842011,1.0393603,799.9956228935793,4.0
2026-10-03 11:52:00+00:00,769.7199999939447,769.7299999926017,769.5400000151647,769.7299999896483,2.2338503,1719.4615913958758,7.0
2026-10-03 11:53:00+00:00,769.7430193020978,769.7714680372935,769.6507756329502,769.7714680369195,3.9220902999999994,3019.1132080043617,9.0
2026-10-03 11:54:00+00:00,769.6999999980388,769.8399999927425,769.6600000017268,769.8299999936645,4.3383004000000005,3339.753796904515,11.0
2026-10-03 11:55:00+00:00,769.5800000216276,769.7799999847982,769.5800000216276,769.6400000185741,1.2434903,957.0398745150967,7.0
2026-10-03 11:56:00+00:00,769.8379689345195,769.8672919133525,769.6318053900901,769.7979689368103,3.2516103000000003,2503.0830047140125,16.0
2026-10-03 11:57:00+00:00,769.4995370796064,769.7381834066507,769.492724889394,769.5786375671299,2.9354002999999995,2259.021363588144,10.0
2026-10-03 11:58:00+00:00,769.6594081238372,769.6594084050591,769.6594081238372,769.6594084050591,0.0163803,12.60725200749739,5.0
2026-10-03 11:59:00+00:00,769.8999999717059,770.1399999829356,769.8999999717059,770.1399999829356,1.7309603,1333.0817654124621,8.0
2026-10-03 12:00:00+00:00,769.9607773682213,770.1596668391555,769.8613326184272,769.8613326184272,4.1025804,3158.4180139182404,13.0
2026-10-03 12:01:00+00:00,769.7298726125867,769.946496813629,769.7298726125867,769.9464968136078,18.505860300000002,14248.522308507023,13.0
2026-10-03 12:02:00+00:00,769.5521006780093,769.5521006780093,769.3992534408164,769.3992534581718,2.1727903,1671.743234741157,11.0
2026-10-03 12:03:00+00:00,769.5365856298723,769.5940713883418,769.4603000391393,769.5377857944328,2.1277203,1637.3611684518662,10.0
2026-10-03 12:04:00+00:00,769.4889901556016,770.2377852259872,769.4889901556016,770.2377852259872,3.2930703,2536.4471744654775,18.0
2026-10-03 12:05:00+00:00,770.2546300409555,770.4906150029769,770.2546300409555,770.4276863135614,0.0651404,50.18596765753991,9.0
2026-10-03 12:06:00+00:00,770.6200000882812,770.6200001122997,770.6200000882812,770.6200001122997,0.18265030000000002,140.7539742065116,4.0
2026-10-03 12:07:00+00:00,770.5700000301948,770.7799999979123,770.5700000121844,770.6699999991959,1.9515303,1503.9858562994307,8.0
2026-10-03 12:08:00+00:00,770.6600000024905,770.72999998055,770.6599999887094,770.699999976172,0.9571302999999999,737.6603221871934,6.0
2026-10-03 12:09:00+00:00,770.6079664980062,770.6177591639175,770.5626554977549,770.5724481647829,2.7241203,2099.132048666383,9.0
2026-10-03 12:10:00+00:00,770.5799999970063,770.5799999970063,770.440000013375,770.579999995866,2.3987803,1848.4521235640834,12.0
2026-10-03 12:11:00+00:00,770.6099997631736,770.6099998011521,770.6099997469489,770.6099998011521,0.1111004,85.61507922190792,5.0
2026-10-03 12:12:00+00:00,770.6998817406966,770.6998817415301,770.6299369602347,770.6798975149,0.32995030000000003,254.2860633890105,8.0
2026-10-03 12:13:00+00:00,770.7494956082713,770.8664692827726,770.6227741342527,770.8664692827726,6.0191802999999995,4639.98426583742,14.0
2026-10-03 12:14:00+00:00,770.8699999474453,770.9599999321877,770.7999999930063,770.8000000363271,0.46092030000000006,355.27736725674396,8.0
2026-10-03 12:15:00+00:00,770.8100000002377,770.8100000002377,770.4000000049812,770.4000000049812,2.9221502999999998,2251.2245911345553,9.0
2026-10-03 12:16:00+00:00,770.3599999653886,770.3599999752472,770.3599999653886,770.3599999682892,0.5000003,385.1802310921446,4.0
2026-10-03 12:17:00+00:00,770.3513445060976,770.3796134169304,770.3513445060976,770.3796134169304,1.2093504,931.65889363761,8.0
2026-10-03 12:18:00+00:00,770.4335342911922,770.4872320287095,770.3563320364639,770.4476181834663,2.7111202999999997,2088.776177743844,11.0
2026-10-03 12:19:00+00:00,770.4300008055217,770.4300010067466,770.4300008055217,770.4300009447389,0.0133303,10.270063041593653,4.0
2026-10-03 12:20:00+00:00,770.4293841516884,770.5683064308436,770.429384151477,770.5683064308436,1.6770502999999999,1292.281809470338,6.0
2026-10-03 12:21:00+00:00,770.8799978725317,771.0000003883137,770.8799978725317,771.0000003883137,0.027500300000000002,21.202731310678743,6.0
2026-10-03 12:22:00+00:00,770.7836631228246,770.7836631228246,770.7836629502866,770.7836629502866,0.1543703,118.98610528473462,5.0
2026-10-03 12:23:00+00:00,770.9999999961667,771.4600000226101,770.9999999961667,771.4600000226101,1.2120404,935.0406870114043,11.0
2026-10-03 12:24:00+00:00,771.4913733583504,771.4913733583504,771.3185783007139,771.3185783007139,0.1161303,89.57345789363539,8.0
2026-10-03 12:25:00+00:00,770.9958612659525,770.9958612659525,770.9598480199396,770.9598480199396,0.043510299999999995,33.54469427530197,6.0
2026-10-03 12:26:00+00:00,770.9594408035139,771.1454098419275,770.9594408035139,771.1454098419275,3e-07,0.00023134362295257823,3.0
2026-10-03 12:27:00+00:00,770.8800000417656,770.8800000417656,770.7600000238549,770.7600000238549,2.1533303,1659.7008620793674,7.0
2026-10-03 12:28:00+00:00,770.968543882095,771.0695146269463,770.7653723463413,770.9588996036512,8.875870299999999,6842.931199512728,18.0
2026-10-03 12:29:00+00:00,770.837415859544,770.8431837374023,770.4388394004377,770.4388394004377,5.1814203999999995,3991.967519421751,13.0
2026-10-03 12:30:00+00:00,770.6299995697034,770.6299996548798,770.6299992957933,770.6299992957933,0.07035029999999999,54.21405163945884,4.0
2026-10-03 12:31:00+00:00,770.2727864410615,770.2754149988946,770.1195381274339,770.1221666776579,0.6854802999999999,527.9035738508509,7.0
2026-10-03 12:32:00+00:00,770.4796419395548,770.4796419412845,770.3688287849925,770.3688287867222,3.3818503,2605.2720547430254,11.0
2026-10-03 12:33:00+00:00,770.6203922087099,770.8093276265664,770.5905603012427,770.7993836574107,6.0984803,4700.704856486861,16.0
2026-10-03 12:34:00+00:00,770.7358830221384,770.7358830221384,770.583380123173,770.583380123173,0.5588603,430.6484589906505,6.0
2026-10-03 12:35:00+00:00,770.5700000034129,770.819999996466,770.4500000085732,770.8199999963971,9.3019304,7170.113990894486,17.0
2026-10-03 12:36:00+00:00,770.57196538046,770.8186897458712,770.5719653724342,770.8186897429434,1.3875403,1069.5419960115307,7.0
2026-10-03 12:37:00+00:00,770.9398661827295,770.9638394298518,770.9338394220083,770.9638394296661,5.0558502999999995,3897.877758869629,9.0
2026-10-03 12:38:00+00:00,770.9608863126443,770.9851477146216,770.9608863077733,770.9851477146216,2.5196403,1942.6052488832133,8.0
2026-10-03 12:39:00+00:00,770.91015824726,771.2593670150197,770.9101582461221,771.0897513363476,4.640260299999999,3578.057160862925,11.0
2026-10-03 12:40:00+00:00,771.1868464319832,771.187477148398,771.1868464291904,771.187477148398,1.3839903,1067.3159878548545,6.0
2026-10-03 12:41:00+00:00,770.9509791631722,770.9509791631722,770.9114686951752,770.9114686951752,2.0671603,1593.597582901359,6.0
2026-10-03 12:42:00+00:00,770.7400000002924,770.8599999999268,770.7400000002924,770.8599999990955,23.7101303,18277.191043036553,23.0
2026-10-03 12:43:00+00:00,770.6400000687723,770.9399994174198,770.5600004618425,770.8799997122225,0.08141040000000001,62.75764912857192,8.0
2026-10-03 12:44:00+00:00,770.7700000684032,770.77000016817,770.7700000684032,770.77000016817,0.2885503,222.4059147795255,4.0
2026-10-03 12:45:00+00:00,770.8600000280832,770.8600000280832,770.860000024882,770.8600000261733,1.2972503,999.9983662919534,5.0
2026-10-03 12:46:00+00:00,771.1736353989791,771.2190910488384,771.1636371250183,771.2090927748777,0.11761029999999999,90.7021327639812,7.0
2026-10-03 12:47:00+00:00,771.309080166942,771.3090804819128,771.3090801618717,771.3090804819128,0.17887029999999998,137.9642866185239,6.0
2026-10-03 12:48:00+00:00,771.4943248292898,771.5589917109925,771.4943248292898,771.5589917109925,0.7569503,584.0318102433332,6.0
2026-10-03 12:49:00+00:00,771.5786397908946,771.59851942516,771.4991212846281,771.5388805454601,4.153790300000001,3204.8107180825914,19.0
2026-10-03 12:50:00+00:00,771.6374911837946,771.6374912037963,771.6025087873796,771.6025088073814,0.9040204000000001,697.5444086530524,10.0
2026-10-03 12:51:00+00:00,771.510062189199,771.569937810681,771.5000829182334,771.5499792693253,5.234160299999999,4038.4162709573247,9.0
2026-10-03 12:52:00+00:00,771.8399999268817,771.8999999645077,771.8399999268817,771.8899999667759,1.3226703000000002,1020.9559778230556,7.0
2026-10-03 12:53:00+00:00,771.7487810971206,771.9707464949892,771.7487810971206,771.9707464949892,1.6150703000000002,1246.7870251328861,11.0
2026-10-03 12:54:00+00:00,771.7364470420143,771.8620957876518,771.7243512488003,771.7664470409757,3.5945803,2774.1764667344846,14.0
2026-10-03 12:55:00+00:00,771.9039260347839,771.9039260393012,771.8852758035121,771.8852758073026,2.1874902999999994,1688.4915535412988,8.0
2026-10-03 12:56:00+00:00,771.708232118048,771.7165601214889,771.7032160958246,771.7032160958246,2.3333804,1800.6771590549615,9.0
2026-10-03 12:57:00+00:00,771.7099999929583,771.7099999929583,771.7099999817913,771.7099999817913,1.2958703,1000.0360691894039,5.0
2026-10-03 12:58:00+00:00,771.6547375126228,771.6599456475044,771.639113108362,771.6599456460189,1.8197303,1404.2129843884136,9.0
2026-10-03 12:59:00+00:00,771.4912248882646,771.4912248882646,771.4912245340994,771.4912245340994,0.0348703,26.902130446871407,5.0
2026-10-03 13:00:00+00:00,771.5699668811159,771.5699668811159,771.2801040671067,771.2801040672256,2.7058603,2086.976213775374,8.0
2026-10-03 13:01:00+00:00,771.3299999751597,771.3299999793747,771.3299999751597,771.3299999793747,1.3927003,1074.2315223702751,5.0
2026-10-03 13:02:00+00:00,771.2768608352849,771.507802929619,771.1475332770559,771.507802929619,1.9913004,1536.3037965768715,10.0
2026-10-03 13:03:00+00:00,771.8199999688441,771.89999998435,771.8199999688441,771.859999988835,2.6755503000000003,2065.150254528128,8.0
2026-10-03 13:04:00+00:00,771.8899999931325,771.8899999931325,771.7699999976658,771.7799999967585,3.3067703,2552.0991821232815,9.0
2026-10-03 13:05:00+00:00,771.7908161285335,771.79081614252,771.7908161285335,771.79081614252,0.39268030000000004,303.06704922008964,6.0
2026-10-03 13:06:00+00:00,772.0222993284154,772.219467594684,772.0222993284154,772.2194675930884,1.8900803,1459.5568029741848,11.0
2026-10-03 13:07:00+00:00,772.0449787122052,772.2350212820667,772.0304077945378,772.2204503643993,6.2801003,4849.621881999599,14.0
2026-10-03 13:08:00+00:00,771.8900269633325,772.009865352411,771.6902962722534,772.0098653121075,1.4927704000000004,1152.4334754459012,11.0
2026-10-03 13:09:00+00:00,771.8000000041814,772.3599999806027,771.7900000043684,772.3599999806027,5.411690299999999,4179.773120003027,10.0
2026-10-03 13:10:00+00:00,772.5578440090238,772.6984843035865,772.5578440090238,772.6984843035865,1.1900902999999998,919.5809709944004,9.0
2026-10-03 13:11:00+00:00,772.3606301006685,772.6198499671829,772.3606301006685,772.4802700395282,1.6831403,1300.1926734584126,7.0
2026-10-03 13:12:00+00:00,772.184270456793,772.3440818925751,772.1842704543014,772.3351146751467,2.4206403,1869.5455036877815,8.0
2026-10-03 13:13:00+00:00,772.459999959097,772.5399999418896,772.4599999442818,772.5399999322162,1.3947603,1077.5081220674579,7.0
2026-10-03 13:14:00+00:00,772.6679266648144,772.6679266885162,772.4965863699429,772.5441465254131,3.2171803999999997,2485.413886336287,11.0
2026-10-03 13:15:00+00:00,772.123000417793,773.0164096540733,771.9202326730256,772.9776377255148,19.0901503,14756.25928271903,19.0
2026-10-03 13:16:00+00:00,772.3451062501924,772.494103571587,772.3041035798332,772.3119455458104,2.4894403,1922.624481413146,12.0
2026-10-03 13:17:00+00:00,772.3124636734553,772.3124636734553,772.0379342633728,772.0379342633728,1.9902002999999997,1536.5101283823446,9.0
2026-10-03 13:18:00+00:00,771.8405042940801,771.8407564452602,771.7527736330917,771.7822693355837,2.0944103,1616.4287342538205,9.0
2026-10-03 13:19:00+00:00,772.0833734608235,772.191805590578,772.0833734602044,772.0833734602044,1.5940303,1230.7242914217816,9.0
2026-10-03 13:20:00+00:00,771.8544835012726,771.9000351415491,771.8271524992432,771.8362628272985,1.8209004,1405.4369597167329,9.0
2026-10-03 13:21:00+00:00,771.6000169121119,771.6000169121119,771.6000086911429,771.6000088761187,0.0020003,1.5434314977549004,4.0
2026-10-03 13:22:00+00:00,771.6685133849585,771.7062160590339,771.6685133820745,771.6754053484682,2.4753602999999997,1910.1746628860055,9.0
2026-10-03 13:23:00+00:00,771.6499999923676,771.6500000161576,771.6299999902395,771.630000020286,1.4533603000000002,1121.456408318483,7.0
2026-10-03 13:24:00+00:00,771.8312367370224,772.0781448713686,771.8312367307093,772.0781448713686,3.105740299999999,2397.8742092762473,9.0
2026-10-03 13:25:00+00:00,772.0625755402131,772.1388633200922,772.0275251759782,772.1388633200922,3.2629504000000003,2519.4508129258406,10.0
2026-10-03 13:26:00+00:00,772.1463418776053,772.1511927798667,772.092087375377,772.0920873765399,2.7572403,2128.843418625717,13.0
2026-10-03 13:27:00+00:00,772.0600002307253,772.0600004508989,772.0600002307253,772.0600003525608,0.018630300000000002,14.383709424568314,4.0
2026-10-03 13:28:00+00:00,772.2000000015556,772.579999995758,772.1500000031004,772.579999995758,9.7092403,7501.164870932814,14.0
2026-10-03 13:29:00+00:00,772.6292302506946,772.6292302506946,772.4421539487865,772.46569210417,3.4577903,2671.0243772405856,13.0
2026-10-03 13:30:00+00:00,772.2039942634973,772.2039942634973,772.2039941526709,772.2039941526709,0.3037303,234.541750805189,5.0
2026-10-03 13:31:00+00:00,772.4855743605152,772.5099679713478,772.4855743605152,772.5099679702136,3.0454704,2352.6562411582336,11.0
2026-10-03 13:32:00+00:00,772.4369452912647,772.4413418065932,772.4369452912647,772.4413418065932,4.2325803,3269.420006236153,8.0
2026-10-03 13:33:00+00:00,772.4399999887505,772.4399999887505,772.279999995203,772.279999995203,2.3305303,1799.8219400728203,5.0
2026-10-03 13:34:00+00:00,772.38094839178,772.71987354194,772.38094839178,772.6999367687777,3.7358503,2886.6912905876193,10.0
2026-10-03 13:35:00+00:00,772.6088759004352,772.6088759004352,772.1137294412315,772.2069570748155,9.653940299999999,7454.83986284493,26.0
2026-10-03 13:36:00+00:00,772.5400332144228,772.9998291821246,772.5400332144228,772.9998291821246,1.7359504000000001,1341.8893626686408,16.0
2026-10-03 13:37:00+00:00,773.0399999985129,773.0400000165913,772.9999999814834,773.0000000296747,0.9172003,708.9958319272175,7.0
2026-10-03 13:38:00+00:00,773.2314591447706,773.5749694600557,773.2314591409043,773.4441083695556,1.4575703,1127.3491610694457,15.0
2026-10-03 13:39:00+00:00,773.6285517459752,773.6491310457064,773.3120275489508,773.5353655963319,10.9035103,8434.250826193871,17.0
2026-10-03 13:40:00+00:00,773.6458236197035,773.9564734205954,773.6458236197035,773.9564734205954,1.8542603,1435.1167625918154,12.0
2026-10-03 13:41:00+00:00,774.2013545516978,774.2111288077766,774.1802257395315,774.1899999926712,2.6523403,2053.415336837562,10.0
2026-10-03 13:42:00+00:00,774.0584221880707,774.094509412257,774.038260872466,774.0743481110524,1.5379404,1190.480212563651,10.0
2026-10-03 13:43:00+00:00,773.7900000147512,773.7900000212645,773.790000002613,773.7900000212645,1.2923403,1000.000000764481,4.0
2026-10-03 13:44:00+00:00,773.700000031637,773.700000031637,773.4800000471429,773.4800000471429,1.3118903,1014.7209093058462,6.0
2026-10-03 13:45:00+00:00,773.4600000685053,773.4600000685053,773.4199999820721,773.4199999820721,0.1362703,105.39417542355697,6.0
2026-10-03 13:46:00+00:00,773.4310293438234,773.4310293438234,773.3051677577154,773.4130491129042,1.3565903,1049.2046403199895,11.0
2026-10-03 13:47:00+00:00,773.2600008982704,773.2600008982704,773.2600001206584,773.2600001206584,0.0465603,36.00321758361789,4.0
2026-10-03 13:48:00+00:00,773.5499999646642,773.780000014612,773.5499999646642,773.780000014612,3.0877904,2389.2704557571187,9.0
2026-10-03 13:49:00+00:00,774.0024487658412,774.3902048839899,774.0024487658412,774.3902048839899,0.3214703,248.94345148111768,10.0
2026-10-03 13:50:00+00:00,774.4254125314475,774.4254125314475,773.7232348617831,773.7232348617831,4.4317503,3428.9481782156777,10.0
2026-10-03 13:51:00+00:00,773.852340153914,773.852340153914,773.7890007176754,773.7890007176754,3e-07,0.00023213670021530263,3.0
2026-10-03 13:52:00+00:00,773.5665367233752,773.9281967714761,773.5665367233752,773.9281967714761,1.5461203,1196.5860957707737,7.0
2026-10-03 13:53:00+00:00,774.2399999332393,774.2399999545212,774.0699999683817,774.0699999896635,1.4512402999999998,1123.3615790059991,5.0
2026-10-03 13:54:00+00:00,774.1499003621459,774.1499003621459,774.0901992391692,774.1499003559527,1.5398104000000001,1192.0440677270597,8.0
2026-10-03 13:55:00+00:00,774.1337052170096,774.1527789008643,774.1332420565061,774.1523157406281,0.6980403,540.3895147252827,8.0
2026-10-03 13:56:00+00:00,774.1999999852678,774.4299999852124,774.1999999852678,774.4299999852124,2.3748202999999997,1839.1320848938817,6.0
2026-10-03 13:57:00+00:00,774.3986098164606,774.400805330513,774.1588189773075,774.2569308270212,3.0979603,2398.617233701958,12.0
2026-10-03 13:58:00+00:00,774.1636226474532,774.2573317071489,774.1636226474532,774.2573317071489,0.2164403,167.58048915189482,8.0
2026-10-03 13:59:00+00:00,774.359999987047,774.4699999869254,774.2199999972665,774.2200000059909,3.9338002999999997,3045.6268682895666,10.0
2026-10-03 14:00:00+00:00,774.3972836508954,774.4232091762286,774.2676560724532,774.2676560793446,1.1176904,865.3915262303852,8.0
2026-10-03 14:01:00+00:00,774.2099999980005,774.4399999982726,774.140000002577,774.41999999958,4.5885903,3553.4961001240727,9.0
2026-10-03 14:02:00+00:00,774.4061288631619,774.4061288631619,774.0217255604032,774.0217255604032,2.7942203,2162.7872182019073,10.0
2026-10-03 14:03:00+00:00,774.0016724768524,774.1183554235218,774.0016724693487,774.1183554235218,2.1212803,1642.1220172283151,7.0
2026-10-03 14:04:00+00:00,774.1699999919393,774.3099999790917,774.1699999918083,774.3099999773955,2.9141003,2256.417003227128,6.0
2026-10-03 14:05:00+00:00,774.4899903506944,774.4899904963432,774.3599953454665,774.3599954911153,0.2680803,207.59065989925685,7.0
2026-10-03 14:06:00+00:00,774.3903005027365,774.390300504298,774.3803005036601,774.380300504111,3.2478903,2515.1022665183873,10.0
2026-10-03 14:07:00+00:00,774.319903936954,774.478679479541,774.3199039330851,774.4600000207628,0.7957404,616.2691102005218,9.0
2026-10-03 14:08:00+00:00,774.7202778443956,774.8598456234402,774.7202778443956,774.809999998439,2.5911903,2007.6801563389552,7.0
2026-10-03 14:09:00+00:00,774.5624701103928,774.5624701103928,774.5624700742252,774.5624700742252,1.3038403,1009.9057633503188,5.0
2026-10-03 14:10:00+00:00,774.6323531351417,774.847873307503,774.6323531351417,774.847873307503,1.7300202999999998,1340.5025502338083,9.0
2026-10-03 14:11:00+00:00,774.6112100407036,774.6112100435369,774.4799592480384,774.4810384742653,2.2863602999999997,1770.7426994703326,9.0
2026-10-03 14:12:00+00:00,774.2717663937343,774.2717664257419,774.0333365550352,774.0333365950013,1.3283103,1028.1564535425073,7.0
2026-10-03 14:13:00+00:00,774.4566881867531,774.9816518475027,774.4566881867531,774.9816518475027,1.8350004000000002,1422.0916411328283,14.0
2026-10-03 14:14:00+00:00,774.7000000317961,774.790000009695,774.6900000190523,774.6900000199304,1.2216603,946.408017831348,6.0
2026-10-03 14:15:00+00:00,775.0760405615614,775.0760405617077,774.8704489085986,774.8704489085986,3.9636003,3071.276743755256,10.0
2026-10-03 14:16:00+00:00,775.1934165786711,775.2029776975795,774.7822890240635,774.7822890368,1.4304203,1108.264314318706,11.0
2026-10-03 14:17:00+00:00,774.601534422507,774.601534422507,774.6015312084991,774.6015312084991,0.028670300000000003,22.208058280207034,6.0
2026-10-03 14:18:00+00:00,775.0932871680342,775.096346675431,775.0932871680342,775.096346675431,1.0661603,826.3769535003815,6.0
2026-10-03 14:19:00+00:00,775.1552692801554,775.1552692893315,774.9255908572068,774.92559086108,2.9656003,2298.119564735296,9.0
2026-10-03 14:20:00+00:00,774.6900000556705,774.6900000556705,774.5100000042015,774.5100000042015,1.5491904,1199.863456710509,6.0
2026-10-03 14:21:00+00:00,775.0599999463923,775.0600000296126,774.6600000453598,774.6600000499162,1.2125203,939.2909756585244,6.0
2026-10-03 14:22:00+00:00,774.8400005176177,775.0399992389104,774.8400005176177,775.0399992389104,0.03249030000000001,25.181282087271974,5.0
2026-10-03 14:23:00+00:00,774.9572343519693,775.2752619285355,774.9572343519693,775.2721132003836,1.8374403,1424.5162242605468,12.0
2026-10-03 14:24:00+00:00,775.3141721183796,775.3141721199536,775.295143431945,775.295143433519,2.6135802999999997,2026.2961135635194,10.0
2026-10-03 14:25:00+00:00,775.2224382497615,775.3050740923914,775.2224382497615,775.305074092289,0.9655303,748.58054077985,7.0
2026-10-03 14:26:00+00:00,775.3402771509585,776.0788661203619,775.3402771509585,776.0788661203619,1.4724103000000002,1142.706516087942,15.0
2026-10-03 14:27:00+00:00,776.1483847322417,776.267173285198,776.0790914118852,776.0790914156591,5.208330299999999,4042.076247016647,12.0
2026-10-03 14:28:00+00:00,776.1506691166738,776.3528809453437,776.1506691166738,776.1946282318927,1.6526504000000002,1282.778362825289,11.0
2026-10-03 14:29:00+00:00,776.2100000012621,776.2100000022015,775.980000005437,775.980000005437,3.7618602999999995,2919.1283556144526,8.0
2026-10-03 14:30:00+00:00,776.29089451675,776.6499899835534,776.29089451675,776.6499899835534,0.3367003,261.49828462245944,9.0
2026-10-03 14:31:00+00:00,776.6401704249971,777.0288089551766,776.6401704249971,777.0288089551766,2.6070603,2025.7609597833255,11.0
2026-10-03 14:32:00+00:00,776.8190635865622,776.8190635865622,776.68448156861,776.68448156861,0.48117030000000005,373.71750500171254,6.0
2026-10-03 14:33:00+00:00,776.9577977717088,776.9577978333856,776.9577977717088,776.9577977743069,0.1535803,119.32541166951738,5.0
2026-10-03 14:34:00+00:00,776.6020825497401,776.6020825497401,776.6020819821563,776.6020821116509,0.13450040000000002,104.4532906848499,6.0
2026-10-03 14:35:00+00:00,776.488473760292,776.7244037875212,776.4000000014887,776.5867779440147,4.7776303,3710.244520884696,12.0
2026-10-03 14:36:00+00:00,776.5300153724329,776.5300184314108,776.5300153724329,776.5300184314108,0.0025802999999999998,2.003680406558569,4.0
2026-10-03 14:37:00+00:00,776.567304359606,776.8779547808074,776.5646747957355,776.7491234850249,2.4451202999999997,1899.245049840441,16.0
2026-10-03 14:38:00+00:00,776.9871654584821,776.9871654584821,776.5549061803393,776.5549061803393,1.9527603,1516.4255915591914,9.0
2026-10-03 14:39:00+00:00,776.5096439365602,776.509643937629,776.1983382707341,776.1983382723189,5.8989902999999995,4578.786468344528,9.0
2026-10-03 14:40:00+00:00,775.9488741470772,775.9488741817063,775.5907764646888,775.5907764646888,1.6025004,1242.8845295209744,10.0
2026-10-03 14:41:00+00:00,775.4371074384762,775.8293938665696,775.4273002782555,775.8293938561908,1.8668502999999996,1448.3573366692476,11.0
2026-10-03 14:42:00+00:00,775.7999999514379,775.8000000056561,775.6999999878634,775.7000000420816,0.8236003,638.8667527446584,5.0
2026-10-03 14:43:00+00:00,775.9200000016247,777.0299999834795,775.9200000016247,776.8399999923122,6.4533303,5013.205110202388,22.0
2026-10-03 14:44:00+00:00,777.1133320399546,777.3891612467736,777.1133320399546,777.3524951794068,0.6858002999999999,533.1085743997857,10.0
2026-10-03 14:45:00+00:00,777.3970346239113,777.809135606241,777.378013406198,777.7809560959912,3.6235903,2818.3595280341597,22.0
2026-10-03 14:46:00+00:00,777.3030797663591,777.3792026335789,777.3030797410086,777.3792026082283,4.1772704,3247.323132630955,9.0
2026-10-03 14:47:00+00:00,777.6705414899634,777.9987543808157,777.6705414899634,777.8197292110823,1.4643103,1138.9694410269985,11.0
2026-10-03 14:48:00+00:00,777.5900118727503,777.8899920903973,777.4700197697515,777.4700197697515,3.4922902999999996,2715.1510085827113,11.0
2026-10-03 14:49:00+00:00,777.5500000217942,777.8099999939446,777.5500000188546,777.5900000142499,2.6059403,2026.3531179141341,8.0
2026-10-03 14:50:00+00:00,777.6799969457048,777.679996998062,777.679993908684,777.679996998062,0.0089103,6.929362077251832,4.0
2026-10-03 14:51:00+00:00,777.7167697339713,778.097422699784,777.7025773027598,777.9943230315723,3.9480902999999996,3071.591840216017,13.0
2026-10-03 14:52:00+00:00,778.0254686676377,778.0714720372212,778.0254686676377,778.0566027410548,17.5341804,13642.58483387279,14.0
2026-10-03 14:53:00+00:00,778.1519016689647,778.2993084800041,778.1519016675089,778.2206915126607,3.6141002999999996,2812.567634662114,12.0
2026-10-03 14:54:00+00:00,778.1800000012717,778.3799999900154,778.1800000012717,778.3799999900154,3.6302803,2825.7375798777534,11.0
2026-10-03 14:55:00+00:00,778.0300000454706,778.0300000454706,777.6500000391673,777.6500000391673,1.4778603000000001,1149.2580623528838,6.0
2026-10-03 14:56:00+00:00,777.8669379234641,778.3277672330822,777.8669379234641,778.3277672330822,1.9919502999999998,1550.390229438268,8.0
2026-10-03 14:57:00+00:00,778.2918927485242,778.4401824380475,778.2918927485242,778.4105244709186,1.1147004,867.6945229919428,9.0
2026-10-03 14:58:00+00:00,778.2000000307748,778.339999986135,778.2000000307748,778.339999986135,0.8208003,638.8617054906197,6.0
2026-10-03 14:59:00+00:00,778.3051381075265,778.4194234538148,778.3051381051661,778.4054917264833,1.6045103,1248.9596290517072,15.0
2026-10-03 15:00:00+00:00,778.2001637850727,778.3499747964228,777.8406173456318,777.8406173456318,5.048160299999998,3926.6641242117084,16.0
2026-10-03 15:01:00+00:00,777.710536214847,777.7105362295392,777.7105362093436,777.7105362093436,0.3897803,303.13624611683883,6.0
2026-10-03 15:02:00+00:00,777.9379424041385,777.9977457846137,777.7741502834671,777.8515028188938,5.6920003,4427.530987400594,13.0
2026-10-03 15:03:00+00:00,778.3123816155231,778.312381732203,778.0888713274414,778.312381732203,1.2485904000000003,971.7933680319643,9.0
2026-10-03 15:04:00+00:00,778.4113970204517,778.6543014835013,778.296985118974,778.639999993305,4.7165303,3672.4791527604225,18.0
2026-10-03 15:05:00+00:00,778.5261328188963,778.824816930794,778.5261328188963,778.824816930794,5.3512603,4167.694323496526,17.0
2026-10-03 15:06:00+00:00,778.8899999932614,778.9299999977051,778.440000011835,778.4400000179296,7.2684603,5658.060236062321,15.0
2026-10-03 15:07:00+00:00,778.2453680089066,778.2990817533364,777.6932477981007,777.6932477981007,3.640230299999999,2830.9825247400536,18.0
2026-10-03 15:08:00+00:00,778.1036007335381,778.7873320827131,778.1036007335381,778.7873320827131,5.6270302999999995,4382.259914885588,21.0
2026-10-03 15:09:00+00:00,778.7796488099699,778.7990146508746,778.2733072302644,778.3762632662779,12.1581604,9463.623460344033,19.0
2026-10-03 15:10:00+00:00,778.1199998846769,778.1199998846769,777.8399997506691,777.9099995553207,0.10750030000000001,83.62555832519685,7.0
2026-10-03 15:11:00+00:00,777.4710340743417,777.4710340743417,777.4037462901163,777.4462438089126,1.8288503,1421.8327962238031,10.0
2026-10-03 15:12:00+00:00,777.4412246315253,777.6430964448906,777.4038705671211,777.5961294266934,3.0065402999999997,2337.8741002453694,12.0
2026-10-03 15:13:00+00:00,777.6509120796447,777.9928909884766,777.6509120796447,777.8357655583524,2.0044203,1559.1097985512024,9.0
2026-10-03 15:14:00+00:00,777.6000000307386,777.7400000081547,777.1200000279687,777.7399999561154,2.4796504,1928.5233019871816,12.0
2026-10-03 15:15:00+00:00,777.4723404642394,777.4723404642394,775.8927655267973,776.7330638075405,28.01739029999999,21762.03340761066,60.0
2026-10-03 15:16:00+00:00,776.718708396355,776.8063698437527,776.3119374154174,776.3195988664776,6.553210299999998,5087.385591383668,33.0
2026-10-03 15:17:00+00:00,776.3166478780364,777.0400988976462,776.3166478780364,776.6336181304795,4.152090299999999,3224.6529124934673,31.0
2026-10-03 15:18:00+00:00,776.779999379512,776.779999379512,776.7099993872902,776.7099993872902,0.0945003,73.39932795509873,5.0
2026-10-03 15:19:00+00:00,776.8025182458281,776.813643737581,776.8025182424034,776.813643737581,0.2922303,227.0084841535264,8.0
2026-10-03 15:20:00+00:00,776.6093388279362,776.9726446146922,776.6080165057133,776.9726446146922,2.7826803,2162.066471808205,9.0
2026-10-03 15:21:00+00:00,776.968793237531,777.0062751494812,776.7443443391154,776.9086886729722,5.9303504,4607.340752635236,15.0
2026-10-03 15:22:00+00:00,776.9645536077619,776.9936703484474,776.9645536077619,776.9936701147839,0.1325503,102.99074407181564,7.0
2026-10-03 15:23:00+00:00,776.9418224955008,776.9418224955008,776.7472741470414,776.8056386182292,0.4886603,379.5940764088754,9.0
2026-10-03 15:24:00+00:00,776.4900000453858,776.7099999972141,776.2900000793038,776.2900000806638,1.3701002999999998,1063.5951619975174,9.0
2026-10-03 15:25:00+00:00,776.5028462162207,776.7711854657085,776.4867194802059,776.6598415820099,3.0084203,2336.5192336101027,11.0
2026-10-03 15:26:00+00:00,776.7072778622381,776.7114201263076,776.5961007486084,776.6663746410848,3.0595104,2376.218850544695,13.0
2026-10-03 15:27:00+00:00,776.7001257451511,776.8519600756532,776.7001257451511,776.8519600756532,2.5024702999999997,1944.0489575861077,8.0
2026-10-03 15:28:00+00:00,776.9260847610784,777.0621695135534,776.9163644126716,776.9163644126716,4.8730603,3785.9602918397222,11.0
2026-10-03 15:29:00+00:00,776.8092354361097,776.873025346152,776.7374750527742,776.8730253215188,0.4217203,327.6231253004985,10.0
2026-10-03 15:30:00+00:00,776.8115189542641,776.8115199925279,776.8115189542641,776.8115199925279,0.0677803,52.65251786854954,5.0
2026-10-03 15:31:00+00:00,776.9800000101811,777.0400000106467,776.9799999477326,777.0399999282635,1.2327204,957.8730595275689,7.0
2026-10-03 15:32:00+00:00,776.6458629628752,776.8032522358283,776.6125021892922,776.6125021921385,2.2363303,1736.7620700110958,9.0
2026-10-03 15:33:00+00:00,776.6061787128681,776.6381531801812,776.606178703269,776.6381531688388,2.3924403,1858.0604161587028,11.0
2026-10-03 15:34:00+00:00,776.5599999942076,776.5699999920326,776.3100000223028,776.5699999672433,1.3792502999999998,1071.0844054258203,9.0
2026-10-03 15:35:00+00:00,776.2900002481463,776.3400001849752,776.2000000532238,776.3399999206252,0.2374503,184.34216588315243,6.0
2026-10-03 15:36:00+00:00,776.3677319596515,776.4786624099928,776.3677319596515,776.4786624099928,0.0367803,28.55911814703826,6.0
2026-10-03 15:37:00+00:00,776.5753698857844,776.8617798533355,776.5753698857844,776.6784890229964,4.292010400000001,3333.5121523429866,15.0
2026-10-03 15:38:00+00:00,776.8499782701506,777.4096737723262,776.819994584344,777.4096737723262,2.3543303,1830.279150475303,12.0
2026-10-03 15:39:00+00:00,777.359999981775,777.4599999814649,777.1500000116312,777.4599999814649,1.8742402999999999,1457.1468636032607,11.0
2026-10-03 15:40:00+00:00,777.5360095015134,777.5699999891781,777.4530047493671,777.466600951884,2.9323803,2279.827744539266,13.0
2026-10-03 15:41:00+00:00,777.5351234881667,777.5402470985331,777.4504944493764,777.4504944596779,0.19900030000000002,154.71288163262426,8.0
2026-10-03 15:42:00+00:00,777.5202236720352,777.8058420950617,777.4315723614839,777.7431447199626,18.955310299999997,14742.362641864696,33.0
2026-10-03 15:43:00+00:00,778.0150620713142,778.4421847633702,778.015032781576,778.4421847633702,2.8177103999999997,2193.4246398064693,19.0
2026-10-03 15:44:00+00:00,778.4342918091842,778.4782108477717,778.2734043189818,778.3941816751793,1.3692103,1065.7853310097269,17.0
2026-10-03 15:45:00+00:00,778.3072105463202,778.3174384802502,778.2297720715388,778.2539471793685,1.1551802999999998,899.0236281788469,13.0
2026-10-03 15:46:00+00:00,778.4601927731358,778.4701445811407,778.1417350331212,778.4203855592634,5.6063803,4364.120714717858,13.0
2026-10-03 15:47:00+00:00,778.2318833582127,778.5639838462488,778.1053243370092,778.3292569191756,5.229880300000001,4070.568847675236,22.0
2026-10-03 15:48:00+00:00,778.5004892504114,778.5004892960266,778.3718426292253,778.3718426748404,1.2237904,952.56398869578,8.0
2026-10-03 15:49:00+00:00,778.6099999912194,778.7577148301807,778.5213710836267,778.5213710836267,2.6466602999999993,2060.481605548602,15.0
2026-10-03 15:50:00+00:00,778.519878114934,778.6197828754373,778.519878114934,778.6197828754373,1.3442702999999998,1046.6754491118988,6.0
2026-10-03 15:51:00+00:00,778.7797608036321,778.7886592466567,778.7797608036321,778.7886592466567,1.1294503,879.6030848227342,8.0
2026-10-03 15:52:00+00:00,778.6105420859589,778.7443246398715,778.5927044086005,778.7443246394254,2.4389502999999997,1899.3187042026236,12.0
2026-10-03 15:53:00+00:00,778.7417715276035,779.1336196558382,778.7286509258281,778.822406684881,11.0806503,8629.858734279549,25.0
2026-10-03 15:54:00+00:00,779.2123491829749,779.375333427522,779.2123491829749,779.375333427522,1.4777403999999998,1151.7144169693197,10.0
2026-10-03 15:55:00+00:00,779.124497140789,779.124497140789,778.8716508477976,778.8716508477976,3.0529603,2377.8642288337874,10.0
2026-10-03 15:56:00+00:00,778.5985046964929,778.82947431799,778.5985046964929,778.781939258524,3.3634503,2619.394347233664,12.0
2026-10-03 15:57:00+00:00,778.7036712529427,778.7036712529427,778.3526894613557,778.3563287299955,1.0072903,784.0307798733359,11.0
2026-10-03 15:58:00+00:00,778.212857735892,778.4090474059162,778.1728577408858,778.1728577518896,2.4029503,1869.9107019867606,9.0
2026-10-03 15:59:00+00:00,778.128222457635,778.7174974817185,778.0103674622815,778.7174974817185,2.6562403999999997,2068.4608769978386,15.0
2026-10-03 16:00:00+00:00,778.6257026360038,778.6257026360038,778.3041188278282,778.3041189672975,0.10202030000000001,79.4028197082794,6.0
2026-10-03 16:01:00+00:00,778.0528309499861,778.0528309499861,777.5830190577557,777.5830190577557,3.3146902999999996,2577.446890715458,14.0
2026-10-03 16:02:00+00:00,777.7130785388115,777.896128302508,777.4089264863584,777.5185602442721,2.4858502999999996,1932.7947462387915,13.0
2026-10-03 16:03:00+00:00,777.2800518039869,777.2800530827562,777.2800044464486,777.2800044464486,0.0006902999999999999,0.5365563870693835,4.0
2026-10-03 16:04:00+00:00,777.2899993445861,777.9399980892955,777.2899993445861,777.9399980892955,0.0211203,16.43032614164535,7.0
2026-10-03 16:05:00+00:00,777.5708708526548,777.5708708526548,777.4357328990325,777.457728574901,0.7336503,570.3820958062947,8.0
2026-10-03 16:06:00+00:00,777.280000018739,777.280000018739,777.2799999846445,777.2799999846445,0.1414303,109.93094358182827,4.0
2026-10-03 16:07:00+00:00,777.329106733125,777.5077668433686,777.120669952385,777.2298511256099,3.6177803999999996,2811.8469216971494,15.0
2026-10-03 16:08:00+00:00,777.4797526660664,777.7192117623326,777.2402937600667,777.7000550498527,0.5497603,427.5486155742235,9.0
2026-10-03 16:09:00+00:00,777.7599999867944,777.8100000099282,777.7599999867944,777.7799999990891,2.2155703,1723.226267931982,8.0
2026-10-03 16:10:00+00:00,777.805337597268,777.8311146616878,777.7498534949934,777.8099999786397,1.9796202999999997,1539.7684655007145,11.0
2026-10-03 16:11:00+00:00,777.6745783574787,777.6965132171509,777.6745783574787,777.6965132171509,1.7277103,1343.6342761593578,6.0
2026-10-03 16:12:00+00:00,777.8412229147689,778.2693448640723,777.8412229147689,778.0901310253963,16.295190299999994,12679.126755610763,36.0
2026-10-03 16:13:00+00:00,778.0901247679385,778.1395009156446,777.7621210963457,777.9513724705686,18.173400399999995,14138.021783637176,46.0
2026-10-03 16:14:00+00:00,778.0494975284555,778.1192269674807,777.6705797715396,777.6705797715396,13.422560299999995,10438.330250519446,32.0
2026-10-03 16:15:00+00:00,777.6698209591837,777.6698209591837,777.2815665931274,777.2815665931274,12.0487803,9365.294827120413,23.0
2026-10-03 16:16:00+00:00,777.1800000054891,777.4999999955643,777.110000003617,777.110000003617,8.528460299999997,6627.551783763845,19.0
2026-10-03 16:17:00+00:00,777.269999986519,777.2899999882684,777.1699999911946,777.2799999892148,3.1698202999999996,2463.8379227498126,10.0
2026-10-03 16:18:00+00:00,777.2799999960087,777.2799999960087,776.900000008035,777.1099999963627,7.196510399999999,5592.480196917823,16.0
2026-10-03 16:19:00+00:00,777.1099999961777,777.3499999879762,776.9100000102748,777.2299999964343,4.2562003,3308.0465591538236,12.0
2026-10-03 16:20:00+00:00,777.2416157191915,777.347772917475,776.7686026320232,776.7686026320232,5.2684303,4092.351242195211,13.0
2026-10-03 16:21:00+00:00,776.7357369275966,776.7357369275966,776.4799418946662,776.4799418946662,3.7495703,2911.466128673966,13.0
2026-10-03 16:22:00+00:00,776.7499999840884,776.9499999825274,776.5500000077084,776.9299999848893,2.5402203,1973.5733576406155,9.0
2026-10-03 16:23:00+00:00,776.9826501349671,777.2883262119718,776.9826501349671,777.1798605135053,5.058740300000001,3931.551080728049,13.0
2026-10-03 16:24:00+00:00,777.38999997818,777.5199999892449,777.3599999806331,777.4299999925119,4.891720400000001,3802.9701905353713,13.0
2026-10-03 16:25:00+00:00,777.519999997376,777.7899999962542,777.519999997376,777.7899999962542,8.350210299999999,6494.710069205721,12.0
2026-10-03 16:26:00+00:00,777.6000947161895,777.6998579249043,777.5103078275754,777.510307827713,6.039200299999999,4695.540484286215,11.0
2026-10-03 16:27:00+00:00,777.6807462916003,777.8304975207187,777.5809121400991,777.7805804449681,5.426820300000001,4220.875442904537,14.0
2026-10-03 16:28:00+00:00,777.7900258973966,777.9337900200403,777.7232442778819,777.9337900200403,5.8555603,4555.238216869884,17.0
2026-10-03 16:29:00+00:00,778.0151829947667,778.2306219510617,777.9026951584464,778.0006219596024,9.320370399999998,7251.253968093867,26.0
2026-10-03 16:30:00+00:00,777.9999999898873,778.1799999740703,777.9200000075442,778.0000000137984,1.3592403,1057.4889534187553,7.0
2026-10-03 16:31:00+00:00,778.1194058620462,778.1490493797493,778.0003564839783,778.1485740724938,2.6736503,2080.497168513495,9.0
2026-10-03 16:32:00+00:00,778.1576990043236,778.2160496481183,778.1576990043236,778.2160496481183,0.13856030000000003,107.82984930405819,7.0
2026-10-03 16:33:00+00:00,778.6414094331348,778.7765994728624,778.6414092867022,778.7186612729218,0.0582103,45.32944688829516,7.0
2026-10-03 16:34:00+00:00,778.5322057410056,778.5618381153105,778.4828184210763,778.5618380825107,1.4591203999999998,1136.015460607688,8.0
2026-10-03 16:35:00+00:00,778.3700000168953,778.7799999860409,778.3600000172772,778.7799999860409,2.3950702999999995,1865.2328482005667,9.0
2026-10-03 16:36:00+00:00,778.9616440222752,779.4885667843836,778.9616440222752,779.4885667843836,3.2207603,2510.545830203041,16.0
2026-10-03 16:37:00+00:00,779.4189570335355,779.5682218220805,779.2017903357297,779.3510551242746,0.40117030000000004,312.6524965895218,11.0
2026-10-03 16:38:00+00:00,779.4242176714765,779.4242177575793,779.3362416486882,779.4242177575793,1.5133703,1179.5574622550532,10.0
2026-10-03 16:39:00+00:00,779.4504117170454,779.454975900584,779.4504117170454,779.4549758886305,1.2406202999999998,967.0076660234454,7.0
2026-10-03 16:40:00+00:00,779.5199999356848,779.6499999696282,779.5199999356848,779.6100000149706,0.3528704,275.1012925492827,10.0
2026-10-03 16:41:00+00:00,779.8861929862604,780.2263974724815,779.8861929862604,780.1694939702311,7.513720299999999,5861.975364284853,19.0
2026-10-03 16:42:00+00:00,779.9900000022624,779.9900000054627,779.8600000083978,779.8600000083978,5.699140300000001,4444.531554405861,10.0
2026-10-03 16:43:00+00:00,780.1853446881249,780.2036357114849,780.1853446881249,780.2036357114849,0.6785203,529.3840049640474,7.0
2026-10-03 16:44:00+00:00,780.1099999875062,780.1399999957106,779.8000000405104,779.8000000405104,1.3960002999999999,1088.6010339965526,9.0
2026-10-03 16:45:00+00:00,780.3543767184715,780.6729469878026,780.3252520659476,780.6729469854577,4.4331103999999995,3460.8093602798804,17.0
2026-10-03 16:46:00+00:00,780.5100002645817,780.7299998440295,780.5099995973134,780.7199998890608,0.0666203,52.01180060860919,9.0
2026-10-03 16:47:00+00:00,780.8658260731238,780.8658260781789,780.7653219511081,780.7653219511081,0.8433402999999999,658.4508608438441,11.0
2026-10-03 16:48:00+00:00,780.539430216888,780.5394302250936,780.529454998092,780.529454998257,0.18171030000000002,141.8302414265698,6.0
2026-10-03 16:49:00+00:00,780.1129305826473,780.1129305826473,779.8550840738156,779.8550840738156,0.3508603,273.6201887546642,9.0
2026-10-03 16:50:00+00:00,779.6401852877885,779.6469370145004,779.6266817271786,779.6266817271786,0.1508503,117.6069188265494,7.0
2026-10-03 16:51:00+00:00,779.2247568430708,779.2247569180115,779.1319227897992,779.1319227897992,0.06817039999999999,53.113734829349724,7.0
2026-10-03 16:52:00+00:00,779.6299998361118,779.6500002685439,779.4999999863774,779.6500002685439,0.2595403,202.35059496469796,6.0
2026-10-03 16:53:00+00:00,779.8082741076199,779.8082741076199,779.7430999844754,779.7430999844754,0.5745402999999999,447.99383458801043,8.0
2026-10-03 16:54:00+00:00,779.5803861693504,779.5803861693504,779.2811583420472,779.2811583420472,0.37065030000000004,288.8407951238273,7.0
2026-10-03 16:55:00+00:00,779.6097678639582,779.699506837321,779.3704640620917,779.699506837321,0.5137503,400.5708555475257,9.0
2026-10-03 16:56:00+00:00,779.6899999872747,779.7599999921061,779.6899999872747,779.7399999944267,2.5855703,2016.07258570759,8.0
2026-10-03 16:57:00+00:00,779.9763467330296,779.9763470650294,779.9763465819442,779.9763470650294,0.1693504,132.08930636600155,8.0
2026-10-03 16:58:00+00:00,779.9144165464004,779.9144165464004,779.9008862142044,779.9008862142044,0.23253030000000002,181.35058704165485,6.0
2026-10-03 16:59:00+00:00,779.8699999646802,779.8699999646802,779.8699999564603,779.8699999564603,0.4298003,335.18835994228664,4.0
2026-10-03 17:00:00+00:00,780.018773681325,780.0187742619883,780.0123052286522,780.0123056624835,0.0201903,15.748682455017242,6.0
2026-10-03 17:01:00+00:00,779.9767080269796,780.0026832203664,779.8867080426083,779.9300000178866,1.3544904000000002,1056.4076976962274,11.0
2026-10-03 17:02:00+00:00,780.3099976385513,780.3100030820821,780.3099976385513,780.3100030820821,0.031710300000000004,24.74386429073375,4.0
2026-10-03 17:03:00+00:00,781.0884732547983,782.1444235350565,780.9516509169723,781.9999999562402,3.7951303,2967.791894433926,27.0
2026-10-03 17:04:00+00:00,782.207002187504,782.7380919128295,781.9702724932223,782.7380919077062,0.4755703,372.2469891899754,16.0
2026-10-03 17:05:00+00:00,783.0515502625996,784.7981215151403,783.0005132878695,784.45922068828,28.1006703,22043.829924356294,75.0
2026-10-03 17:06:00+00:00,784.7906251168919,784.7906338563758,784.7512601986026,784.7878220764981,0.0189204,14.848499508816174,11.0
2026-10-03 17:07:00+00:00,785.1885901916568,786.9555823113873,785.0192649374519,786.2530276132973,54.6516203,42970.00192484733,107.0
2026-10-03 17:08:00+00:00,786.2812468582551,788.0289710675818,786.2812468582551,788.0289710675818,11.626910299999997,9162.342160404067,36.0
2026-10-03 17:09:00+00:00,787.994904507004,789.4092440065175,787.994904507004,789.1393666823835,30.831500299999995,24330.35062060971,40.0
2026-10-03 17:10:00+00:00,789.3659527596035,791.3016532228105,789.2648181713649,789.661073167191,27.999294299999992,22109.95278486201,94.0
2026-10-03 17:11:00+00:00,789.9199999981279,789.9820693258816,787.3292379827966,789.4903972499358,12.657000300000002,9992.580194839558,45.0
2026-10-03 17:12:00+00:00,789.8431323354886,790.2581517260813,789.2111868008466,789.4409921804215,10.293750399999999,8126.308529033609,25.0
2026-10-03 17:13:00+00:00,789.9057977463087,790.3646178209173,789.508405309201,789.5124291929355,5.693770300000001,4495.30242081959,31.0
2026-10-03 17:14:00+00:00,790.1982453579847,790.394114972116,789.3323364965361,789.419390378986,1.7764103,1402.3327360889516,17.0
2026-10-03 17:15:00+00:00,790.0370256941087,790.6894601246241,788.8715418472441,790.5137125577921,18.419250299999998,14560.669937184224,42.0
2026-10-03 17:16:00+00:00,790.1900000158589,790.8899999946045,790.120000019369,790.6700000056361,5.982800299999999,4730.420713234719,18.0
2026-10-03 17:17:00+00:00,790.9081434390031,791.1382801592842,789.6216131990702,789.6216131990702,45.367870400000015,35823.45101265436,70.0
2026-10-03 17:18:00+00:00,789.4608505707591,791.1546525680081,789.4326417561318,790.8868576213396,44.17924030000001,34940.78053296506,77.0
2026-10-03 17:19:00+00:00,790.6026880774222,790.8368231624902,790.0546430599297,790.0546430599297,11.564360299999999,9136.476549032921,22.0
2026-10-03 17:20:00+00:00,790.3795254931007,791.0399689043236,790.0610811775382,790.5394951071429,22.1906803,17542.609200446022,41.0
2026-10-03 17:21:00+00:00,790.289699557696,790.4335495759397,789.6001347170062,789.6001347170062,5.749707299999999,4539.969658663354,25.0
2026-10-03 17:22:00+00:00,789.4694955035611,789.7639237024016,788.7190018797901,788.7190018797901,17.3971303,13721.447245788653,41.0
2026-10-03 17:23:00+00:00,788.5908804714553,789.2509232957814,788.5908804657125,789.2509232957814,5.1722804,4082.2270812446736,15.0
2026-10-03 17:24:00+00:00,789.1548862148991,789.1548862148991,788.1584026293117,788.7130491539083,10.911010300000001,8605.656203062701,21.0
2026-10-03 17:25:00+00:00,789.1151786034868,790.1423493213275,789.1151786034868,790.1423493213275,11.7494703,9283.754066123163,29.0
2026-10-03 17:26:00+00:00,790.1544047672918,790.3120930845722,789.8875656061946,789.896288868988,18.7124503,14780.895047615382,54.0
2026-10-03 17:27:00+00:00,789.729808811102,789.9513309299042,789.5433548818049,789.6101966118684,8.5682103,6765.546219594837,17.0
2026-10-03 17:28:00+00:00,789.6307801842393,789.8558314415338,789.323490887548,789.6223405638264,13.2510603,10463.3332490384,28.0
2026-10-03 17:29:00+00:00,789.7777005217795,789.8290633192369,789.4496244712985,789.5575013285502,8.2451504,6510.020347902097,26.0
2026-10-03 17:30:00+00:00,789.8768136337517,790.185783638808,789.0749018297367,789.5619118130629,11.809080300000002,9324.00001842198,28.0
2026-10-03 17:31:00+00:00,789.838513458544,789.838513458544,788.4993717409694,788.5326874031568,9.0926003,7169.812550041751,27.0
2026-10-03 17:32:00+00:00,788.5858385724347,788.889694316086,788.1479288389179,788.237298171679,9.197920299999998,7250.143846070438,29.0
2026-10-03 17:33:00+00:00,788.199758664038,788.5798374031041,788.160825488737,788.1807723562705,7.329800300000001,5777.207661671224,22.0
2026-10-03 17:34:00+00:00,787.9187887098043,787.9452794570122,787.3552794585564,787.6281674747589,7.404570299999998,5832.048136327025,21.0
2026-10-03 17:35:00+00:00,787.6056778991798,788.157406729113,787.5961100950013,787.9338899044744,5.7886104,4561.0423096134955,19.0
2026-10-03 17:36:00+00:00,788.020043388903,788.398708745265,788.0197610861427,788.3984264413118,7.363300299999999,5805.214369934838,20.0
2026-10-03 17:37:00+00:00,788.4696597211795,789.3572291773322,788.1910208328297,789.3572291773322,10.783600300000002,8512.11285336385,37.0
2026-10-03 17:38:00+00:00,789.2580406844035,789.4076488174901,788.540626980759,789.0191770755306,9.569690299999998,7550.669165373686,20.0
2026-10-03 17:39:00+00:00,789.0545747436998,789.8721124927506,789.0545747436998,789.8721124927506,12.149600300000001,9596.630454903558,29.0
2026-10-03 17:40:00+00:00,789.7730646090929,790.3456584657644,789.5953630711597,790.2864246197865,11.887980399999996,9394.909526266098,38.0
2026-10-03 17:41:00+00:00,790.1999686859815,790.4199405619331,789.9699980837696,789.9699980882374,9.8586803,7788.061657743543,16.0
2026-10-03 17:42:00+00:00,790.1066826629033,790.1172535859702,789.8853377594003,789.9041863102466,8.3277603,6578.132723558275,20.0
2026-10-03 17:43:00+00:00,789.7425156879544,789.8329629235587,789.6256417497035,789.6441665638422,3.0475502999999997,2406.480316704887,13.0
2026-10-03 17:44:00+00:00,789.6584011692204,790.0920912394839,789.6052534870813,789.9130335382249,11.486860299999998,9073.620665402803,27.0
2026-10-03 17:45:00+00:00,789.9927650802242,790.0383054555015,789.3671723579712,789.3842206259875,9.7233103,7675.427723070136,22.0
2026-10-03 17:46:00+00:00,789.5615750664822,790.7741755919651,789.4863371319325,790.7741755919651,14.483510299999999,11453.185917160234,27.0
2026-10-03 17:47:00+00:00,790.9899999999551,790.9899999999551,790.399154827826,790.7487322280169,10.628270299999997,8404.291265501683,39.0
2026-10-03 17:48:00+00:00,790.1919027519989,790.6576442238095,790.0036242746397,790.419818781364,15.622460399999998,12348.302318287035,25.0
2026-10-03 17:49:00+00:00,790.4499999965063,790.4999999942598,789.8800000146342,789.8800000146342,6.677240299999999,5274.2185682617155,21.0
2026-10-03 17:50:00+00:00,790.1376940909994,790.3655092943579,790.1018041372618,790.3576242199731,5.8269203,4605.350884827133,21.0
2026-10-03 17:51:00+00:00,790.3999999927307,790.3999999927307,790.0500000010361,790.189999993798,5.802500299999999,4585.077712021012,15.0
2026-10-03 17:52:00+00:00,790.3231129009669,790.4031559548531,790.0644791828711,790.3428080855381,7.545930299999998,5963.871742919746,18.0
2026-10-03 17:53:00+00:00,790.1559530154574,790.1559530154574,788.5293825588338,788.5293825588338,7.940400400000001,6261.239024681918,25.0
2026-10-03 17:54:00+00:00,788.4721111674496,788.5748611332856,787.5327803855262,788.4266656345964,106.4495403,83927.65611706459,61.0
2026-10-03 17:55:00+00:00,788.2559054869422,788.2851377614932,787.9525590867391,787.9525590867391,4.1640003,3281.0346924229493,17.0
2026-10-03 17:56:00+00:00,788.0076586147574,788.1871808939912,787.9932968336777,788.1871808939912,4.1898703,3302.402060068461,10.0
2026-10-03 17:57:00+00:00,788.3404766955715,788.9700531016466,788.1406111672453,788.960059825536,7.510980299999999,5925.863466836421,21.0
2026-10-03 17:58:00+00:00,788.790209919126,788.790209919126,788.1712110526461,788.3010011230314,3.913940399999999,3085.363135655877,16.0
2026-10-03 17:59:00+00:00,788.313514577999,788.7187533346154,788.1768368795546,788.2733222980729,10.1064703,7966.660920087801,24.0
2026-10-03 18:00:00+00:00,788.2957493708706,788.2957493708706,787.1550680742295,787.6109809171408,7.1890103,5662.143454206428,24.0
2026-10-03 18:01:00+00:00,787.8199999966291,787.8599999915135,787.6899999991869,787.7400000005111,2.3458103,1847.8886057231991,10.0
2026-10-03 18:02:00+00:00,787.5733636999555,787.7592160004543,787.3594469862497,787.6814281034203,6.9125203,5444.863861697883,19.0
2026-10-03 18:03:00+00:00,787.7981638857264,787.8270813188218,787.4859397897119,787.6665089263005,7.676470300000001,6046.498562077431,17.0
2026-10-03 18:04:00+00:00,787.5700000094882,787.6800000016779,787.3100000182275,787.6799999955012,5.6335904,4437.466486246656,18.0
2026-10-03 18:05:00+00:00,787.6300000021691,787.6500000016567,787.5400000043572,787.5400000043572,4.8865003,3848.3144462832915,8.0
2026-10-03 18:06:00+00:00,787.6700000243361,788.6699999927207,787.6700000243361,788.5999999953573,7.965150299999999,6281.317526543019,15.0
2026-10-03 18:07:00+00:00,788.3390491419233,788.5446504033752,788.1801717956329,788.1850858992176,5.351230299999999,4217.7599136719955,10.0
2026-10-03 18:08:00+00:00,788.2173056891553,788.3659585263641,787.8506286728893,788.3659585131072,6.080590300000001,4793.7304001850025,13.0
2026-10-03 18:09:00+00:00,788.5007717719943,789.5388822456277,788.5007717719943,789.5388822456277,7.8457504,6194.525001194187,24.0
2026-10-03 18:10:00+00:00,789.4621914439213,789.9474020733436,789.0889137297465,789.1077875752435,15.1781003,11977.15714732814,44.0
2026-10-03 18:11:00+00:00,789.0033440010334,789.0033440169499,788.4743148539558,788.8694656489508,3.2820202999999992,2589.085600310009,15.0
2026-10-03 18:12:00+00:00,788.6005391556785,788.8181384908016,788.2143132860787,788.2994608504182,5.0549103,3984.783064137226,21.0
2026-10-03 18:13:00+00:00,788.1932433972529,788.5944751657779,788.1280683602431,788.4472299945202,6.0474703,4768.111206509129,22.0
2026-10-03 18:14:00+00:00,788.4400921049063,788.590011292289,788.3301513679403,788.5900112906038,4.6780404,3689.0559318539013,14.0
2026-10-03 18:15:00+00:00,787.9106394656665,788.297495936204,787.9089058912992,788.2667481275416,4.511730299999999,3556.446972009497,23.0
2026-10-03 18:16:00+00:00,788.4800000006198,788.8099999857586,788.3300000007087,788.5099999906068,5.345620299999999,4215.075062702787,17.0
2026-10-03 18:17:00+00:00,788.3199999995388,789.0099999940916,788.3199999995388,788.4900000089167,7.441720299999999,5867.722039413355,19.0
2026-10-03 18:18:00+00:00,788.4579195545324,788.4592138854964,788.1154698393976,788.2135283372644,4.0848903,3219.765796233666,15.0
2026-10-03 18:19:00+00:00,788.0797904370065,788.2093363820351,787.9201397079896,788.0596507257128,12.4316203,9796.85835157268,15.0
2026-10-03 18:20:00+00:00,788.0213638702007,788.4246039363538,787.9990352277931,788.3446695716167,6.980150299999999,5502.76428181372,16.0
2026-10-03 18:21:00+00:00,788.3099658868897,788.449852670417,788.010085578351,788.010085578351,6.529570399999999,5145.367329693867,20.0
2026-10-03 18:22:00+00:00,788.1400172356467,788.3399700930561,787.7301138644484,787.9600596504691,6.8782813,5419.810943440707,18.0
2026-10-03 18:23:00+00:00,787.7974588798128,788.4208731730843,787.7974588798128,788.323446950051,6.539700299999998,5155.399082516281,24.0
2026-10-03 18:24:00+00:00,788.4596259433572,788.4695843913235,788.1707896566342,788.170789665775,7.7645303,6119.775977934837,15.0
2026-10-03 18:25:00+00:00,788.3206386118126,788.7331491768343,788.2533377387081,788.645586648673,10.962960300000002,8645.890257199613,20.0
2026-10-03 18:26:00+00:00,788.5810437258663,788.6146702077322,788.274066200307,788.2910993036701,9.7033404,7649.056870833714,20.0
2026-10-03 18:27:00+00:00,788.1075951536914,788.3627647859613,788.1075951536914,788.3627647859613,3.6418402999999993,2871.0912878169343,16.0
2026-10-03 18:28:00+00:00,788.4509100127166,788.6275732726947,788.3336400767892,788.5596966544718,5.0346203,3970.0986565384464,13.0
2026-10-03 18:29:00+00:00,788.7186180975123,788.8183915631906,788.1997961201694,788.818391560698,8.3473403,6584.535549255796,15.0
2026-10-03 18:30:00+00:00,788.4200000023334,788.6499999979922,788.3800000012411,788.6499999979922,8.312060399999998,6555.30643444331,14.0
2026-10-03 18:31:00+00:00,788.6502477877481,789.0766962135609,788.6502477877481,788.8386784929713,4.9168003,3878.562251065845,13.0
2026-10-03 18:32:00+00:00,788.850000000479,789.2599999881262,788.7700000032872,789.059999995147,8.545980299999998,6743.291215476525,20.0
2026-10-03 18:33:00+00:00,789.037767835075,789.5977678284337,788.875357200638,789.0762500726706,8.403950300000002,6631.357588521097,26.0
2026-10-03 18:34:00+00:00,788.7970583925376,789.0892157343017,788.6036599080678,788.6036599093367,10.869030300000002,8571.357074245478,19.0
2026-10-03 18:35:00+00:00,788.5599999992868,788.8299999958491,788.4800000025166,788.480000009979,7.431040299999999,5859.226655818154,15.0
2026-10-03 18:36:00+00:00,788.5200538284186,788.6711759969971,788.5200538136828,788.6711759868614,2.6865303999999997,2118.789089892453,10.0
2026-10-03 18:37:00+00:00,788.5500772685643,789.1494978387931,788.5500772640745,788.9496909775604,5.9130202999999995,4665.075538429041,18.0
2026-10-03 18:38:00+00:00,788.9099999976775,789.2699999968647,788.9099999976775,789.2499999978259,6.242600299999999,4926.972286761427,14.0
2026-10-03 18:39:00+00:00,789.1416533121705,789.3252804586332,789.0585069519917,789.0618135741412,6.6714003,5264.14721979707,15.0
2026-10-03 18:40:00+00:00,789.2393890083832,789.319144628954,789.0599388924452,789.1895417674432,4.137730400000001,3265.45355833322,11.0
2026-10-03 18:41:00+00:00,789.2448729806711,789.2783996905778,788.2907808691389,788.6110975169636,63.81602030000003,50326.02180794785,78.0
2026-10-03 18:42:00+00:00,788.7746540167798,788.9873488890403,788.5020029216114,788.5020029361535,6.5676703,5178.621186174288,21.0
2026-10-03 18:43:00+00:00,788.4299999996607,788.4299999996607,788.2999999998873,788.4199999881824,3.0756503,2424.904209489653,8.0
2026-10-03 18:44:00+00:00,788.4183765690076,788.4183765714498,787.9827057223857,787.9827057223857,6.339190299999999,4995.172324683102,12.0
2026-10-03 18:45:00+00:00,787.9197078173197,787.9327370350052,787.4595984993844,787.4595985009959,3.6260503999999996,2855.368192128375,16.0
2026-10-03 18:46:00+00:00,787.5535675239419,788.1250645765152,787.5535675239419,788.0869647740313,3.6322603000000004,2862.5369950962126,14.0
2026-10-03 18:47:00+00:00,787.9600299125769,788.6870850827792,787.9600299125769,788.5871150000796,9.313340299999998,7344.380158190975,17.0
2026-10-03 18:48:00+00:00,788.6900000021552,788.7200000011617,788.3200000048398,788.5299999978855,9.059240299999999,7143.482753739843,20.0
2026-10-03 18:49:00+00:00,788.7099999985994,789.0999999899343,788.6799999990577,789.0999999899343,11.732370300000001,9258.013403611907,21.0
2026-10-03 18:50:00+00:00,788.9187832120273,788.9187832120273,788.5441216819893,788.6455741267345,8.5103203,6711.626438995903,20.0
2026-10-03 18:51:00+00:00,788.7099999960554,788.7099999960554,788.18000000825,788.4599999986376,11.6515504,9186.781428368125,22.0
2026-10-03 18:52:00+00:00,788.4863237132669,788.8147313250586,788.465792920803,788.60894495714,9.382940300000001,7399.470650578832,24.0
2026-10-03 18:53:00+00:00,788.5440760008152,788.8337007161626,788.5248170931029,788.5255581927669,6.316630300000001,4980.824433204845,20.0
2026-10-03 18:54:00+00:00,788.529912907304,788.529912907304,788.3001990717927,788.3101866294905,3.4642302999999997,2730.8880343205356,10.0
2026-10-03 18:55:00+00:00,788.6401782042274,788.9799537805026,788.6101980074335,788.9799537805026,5.5601603,4386.855016506185,11.0
2026-10-03 18:56:00+00:00,788.9988052659095,789.2289138761248,788.9295655494174,789.1596741602117,9.0496804,7141.642835718054,21.0
2026-10-03 18:57:00+00:00,789.195427205967,789.6212485113715,789.1937104043897,789.5922170699552,12.1807903,9617.857218641204,25.0
2026-10-03 18:58:00+00:00,789.5930365514156,789.6139268893199,789.5114151388086,789.5114151388086,9.527050299999999,7521.71496445161,25.0
2026-10-03 18:59:00+00:00,789.5599714878471,789.5899543840283,789.4100570165024,789.4900114031318,3.7010403,2921.9343486504504,11.0
2026-10-03 19:00:00+00:00,789.40058577662,789.7583459566525,789.3529772491241,789.4359545002076,6.9560504000000005,5491.356287075551,18.0
2026-10-03 19:01:00+00:00,789.6399999994342,789.9099999942124,789.6199999992174,789.6299999988842,9.0019203,7108.186326478955,20.0
2026-10-03 19:02:00+00:00,789.5799999967941,789.599999996064,789.2500000047829,789.5399999957967,8.2184203,6488.771563627456,18.0
2026-10-03 19:03:00+00:00,789.5399999973281,789.6499999930121,789.0400000041537,789.0400000041537,7.6459103,6032.929063143759,14.0
2026-10-03 19:04:00+00:00,789.1255824768432,789.6839968580717,788.9111649728324,789.4888350216834,6.6508003,5250.732580808863,21.0
2026-10-03 19:05:00+00:00,789.7389555568025,789.739035901313,789.3007230687303,789.5099598239041,4.9962503,3944.5893736231683,16.0
2026-10-03 19:06:00+00:00,789.555440186614,789.8281865952983,789.555440186614,789.7599999965051,6.499730400000001,5133.227080681285,18.0
2026-10-03 19:07:00+00:00,789.727847779391,789.7474564666142,789.5023478661793,789.5317608982226,6.3719003,5030.817664126913,11.0
2026-10-03 19:08:00+00:00,789.4870409265753,789.5350682118917,789.3228226433787,789.530136427496,8.0150503,6328.123756832243,20.0
2026-10-03 19:09:00+00:00,789.7656658113688,789.7725867286956,789.3572931521552,789.6449702683669,9.351000299999999,7383.970353872989,24.0
2026-10-03 19:10:00+00:00,789.5386303479459,789.7340648302379,789.5386303425558,789.6461193144356,5.2651303,4157.58970907985,16.0
2026-10-03 19:11:00+00:00,789.6499999974585,790.169999995999,789.6499999974585,790.1399999976613,7.2190204,5704.036778839117,17.0
2026-10-03 19:12:00+00:00,790.1884758644139,790.2812108329953,790.1708975419702,790.2372650268861,7.2261503000000005,5710.373249745213,14.0
2026-10-03 19:13:00+00:00,790.3105894145122,790.8082417807025,790.3016650576883,790.7637724078644,14.342770299999998,11341.743149207476,27.0
2026-10-03 19:14:00+00:00,790.7476880770425,790.8188738535591,790.6655349582902,790.7914894805203,13.713770300000004,10844.732841930725,29.0
2026-10-03 19:15:00+00:00,790.8293345284809,791.3444632110012,790.2485413377168,790.9164846973832,8.608360300000001,6808.494067484512,46.0
2026-10-03 19:16:00+00:00,791.3308146833011,792.5609993370877,791.3189922848229,791.6459790057168,13.546870400000003,10724.325480271567,42.0
2026-10-03 19:17:00+00:00,791.7481888408455,791.8952618069145,791.5393047406557,791.5969699753326,9.322040299999998,7379.298855467939,22.0
2026-10-03 19:18:00+00:00,791.7200408701441,791.8597546668072,791.2110835218074,791.2110835267182,5.7768603,4570.7158973454825,12.0
2026-10-03 19:19:00+00:00,791.1899999915565,791.1899999915565,790.7799999969372,791.0199999564289,1.7774103,1405.9670954285564,9.0
2026-10-03 19:20:00+00:00,791.2111897798048,791.4902293711473,791.0187486875958,791.4902293711473,4.1617203,3293.96095482556,16.0
2026-10-03 19:21:00+00:00,791.9805492882299,792.0913154512868,790.4268198088482,791.0205107756885,116.30576029999996,92000.24191866077,85.0
2026-10-03 19:22:00+00:00,791.3705772629014,791.7073671218777,791.2737874063541,791.6779443928681,5.961860300000001,4719.873307061448,18.0
2026-10-03 19:23:00+00:00,791.5600214401319,791.6543239990137,791.3328648016046,791.3843025607174,5.9218404,4686.451534829879,12.0
2026-10-03 19:24:00+00:00,791.204383751235,791.3063682000233,791.0022491999802,791.1520431097836,5.582240299999999,4416.40081847477,17.0
2026-10-03 19:25:00+00:00,790.7734267730173,790.98044931925,790.7435373374035,790.8490591735327,4.9000603,3875.2080781485784,16.0
2026-10-03 19:26:00+00:00,790.6861730146193,790.6861730146193,790.410831950844,790.410831950844,7.077330299999999,5593.998530413915,13.0
2026-10-03 19:27:00+00:00,790.2100569042327,790.7194765479346,790.2100569042327,790.7194765448374,5.659460299999999,4475.045485942288,11.0
2026-10-03 19:28:00+00:00,790.4496514964251,790.6179089628818,790.3737980108104,790.3875960199634,6.179820299999999,4884.453310752368,13.0
2026-10-03 19:29:00+00:00,790.431669511818,790.4863805680257,790.1674946227852,790.1684776632424,4.964190400000001,3922.5467711984825,19.0
2026-10-03 19:30:00+00:00,789.9472931326029,789.9699999967411,789.8196322293916,789.8196322293916,6.194250299999999,4892.340493882798,11.0
2026-10-03 19:31:00+00:00,789.7314287117418,790.0749768390614,789.7314287117418,789.9799029709901,7.840620299999999,6193.932463826375,16.0
2026-10-03 19:32:00+00:00,789.9999999891381,789.9999999891381,789.6000000077845,789.630000004703,2.9206203,2306.2094075027358,9.0
2026-10-03 19:33:00+00:00,789.5345338175587,789.5345338175587,789.0664600293583,789.0664600293583,6.0874304,4803.387156403101,14.0
2026-10-03 19:34:00+00:00,789.140000004957,789.140000004957,788.810000045256,788.810000045256,1.1748402999999998,926.7257770961684,8.0
2026-10-03 19:35:00+00:00,789.0099999953168,789.0099999956358,788.7700000182149,788.9999999966262,3.0290703,2389.9364666897804,8.0
2026-10-03 19:36:00+00:00,789.0199140573856,789.0199140573856,787.9964871464084,788.175524977919,5.4818403,4320.652356297614,22.0
2026-10-03 19:37:00+00:00,788.3300546272519,788.5596356637152,788.1803278659038,788.5596356637152,3.425720299999999,2701.3847516537926,13.0
2026-10-03 19:38:00+00:00,788.4893278027035,788.5639003207378,788.2008524203127,788.5639003138099,6.404650299999999,5050.476020714012,22.0
2026-10-03 19:39:00+00:00,788.3744422952117,788.4298744504202,788.1445678438861,788.2993819350958,6.7376904,5311.3171779900285,26.0
2026-10-03 19:40:00+00:00,788.5308198722975,788.6333670073759,788.4463199008824,788.4742873013583,5.6389903,4446.198857891773,17.0
2026-10-03 19:41:00+00:00,788.5944011167078,788.5944011167078,787.8236546106978,788.0161894316009,5.2028303000000005,4099.914507265274,21.0
2026-10-03 19:42:00+00:00,788.264490478335,788.4294965945585,788.1965467932145,788.3130217057801,3.8409103,3027.839604693854,12.0
2026-10-03 19:43:00+00:00,788.2899999882109,788.4799999914931,788.2799999889667,788.3999999975396,3.9692403,3129.349052510234,10.0
2026-10-03 19:44:00+00:00,788.4399999992438,788.5999999867155,788.4399999942939,788.5699999887235,5.108440400000001,4028.362846170395,12.0
2026-10-03 19:45:00+00:00,788.2599999984312,788.4499999873378,788.1500000038498,788.1500000038498,5.0742403,3999.2624924645343,11.0
2026-10-03 19:46:00+00:00,788.2299999965277,788.3899999947253,787.4200000169516,787.4200000169516,8.7464803,6887.153517974267,25.0
2026-10-03 19:47:00+00:00,787.7633316425715,787.9251314457043,787.4256304489535,787.5032952422753,2.6102903,2055.612212788947,18.0
2026-10-03 19:48:00+00:00,788.1999997141193,788.4899998853385,788.1799997323957,788.4899998694187,0.4377204,345.1381581388419,10.0
2026-10-03 19:49:00+00:00,788.4499999852849,788.4499999856369,788.2100000122807,788.4499999856369,2.5699703,2026.2930829980871,9.0
2026-10-03 19:50:00+00:00,788.4491448932373,788.7054394605719,788.4491448932373,788.6857244950303,5.496900300000001,4335.32679558245,10.0
2026-10-03 19:51:00+00:00,788.7599039156428,788.9195195872217,788.5803362858095,788.7898318545642,12.660110299999998,9986.166274797235,20.0
2026-10-03 19:52:00+00:00,788.8199999786647,789.0099999772115,788.6999999944186,789.0099999772115,2.2851403,1802.9985480509251,7.0
2026-10-03 19:53:00+00:00,789.0106903546048,789.462175888831,789.0106903546048,789.4230963734552,7.4408804,5874.0028451125545,20.0
2026-10-03 19:54:00+00:00,789.4300610032266,789.8699196991033,789.2201284508482,789.7699518175116,4.3286703,3418.653734264893,21.0
2026-10-03 19:55:00+00:00,789.7499948521663,789.7799871339199,789.5900360156886,789.5900360156886,9.6795303,7642.860678191949,15.0
2026-10-03 19:56:00+00:00,789.5001278250908,789.5798721685187,789.4901597799268,789.5399999945691,4.0711803,3214.35969403989,10.0
2026-10-03 19:57:00+00:00,789.5699999949521,789.6799999894635,789.5699999948044,789.6799999888974,5.5866603,4411.673905641974,12.0
2026-10-03 19:58:00+00:00,789.6199999874184,789.8399999863151,789.6199999874184,789.7799999914369,4.6858304,3700.775133271875,14.0
2026-10-03 19:59:00+00:00,789.751724840647,789.751724840647,789.4557052669225,789.6530516477762,6.858580300000001,5415.898863866321,14.0
2026-10-03 20:00:00+00:00,789.6386546853311,790.0297111666735,789.5668279859303,789.9100000010056,6.3639803,5026.9716787794,14.0
2026-10-03 20:01:00+00:00,790.1573144899617,790.3924805747416,789.9140282596509,789.9253710125116,10.5946503,8368.983068975318,20.0
2026-10-03 20:02:00+00:00,789.9117972152582,790.0099999883613,789.9117972152582,790.0099999883613,2.5035303,1977.8139722738622,8.0
2026-10-03 20:03:00+00:00,790.0506573905947,790.0522144908535,789.8815570966285,789.8877854976641,5.782800399999999,4567.763401931006,20.0
2026-10-03 20:04:00+00:00,789.7066527463926,789.7293936240867,789.3826007237733,789.3826007237733,12.3739903,9767.812644344744,26.0
2026-10-03 20:05:00+00:00,789.2738248468512,789.3753041701436,789.2240109330105,789.2258624143388,1.5708502999999998,1239.7556827413227,11.0
2026-10-03 20:06:00+00:00,789.7845134869552,789.8039359591676,789.629133708664,789.6388449451517,5.2569003,4151.052680883821,10.0
2026-10-03 20:07:00+00:00,789.6399999740114,789.6399999846994,789.629999976086,789.6299999873182,1.1455503,904.5608833744724,5.0
2026-10-03 20:08:00+00:00,789.6899999934695,790.0399999839946,789.6899999934695,790.0399999839946,4.1637303,3289.5134861453575,10.0
2026-10-03 20:09:00+00:00,790.0616442673982,790.0616442673982,789.6610785343054,789.6610785343054,8.620330399999999,6807.139400986059,16.0
2026-10-03 20:10:00+00:00,789.6100000035295,789.9999999868526,789.6100000035295,789.9999999868526,5.0701602999999995,4005.42663693334,11.0
2026-10-03 20:11:00+00:00,789.7835395664629,790.0895055034343,789.7835395664629,790.0895055034343,1.9265203,1522.123471169328,7.0
2026-10-03 20:12:00+00:00,790.0364581140683,790.0786108159824,790.0249770297344,790.069328384134,4.391780299999999,3469.8109120316694,13.0
2026-10-03 20:13:00+00:00,790.1713552530414,790.6211010572695,790.1713552530414,790.3987024547283,12.664930299999996,10010.34447579957,36.0
2026-10-03 20:14:00+00:00,790.3813767453125,790.3813767453125,790.2113767461458,790.211376746627,6.1788204,4882.574174954145,15.0
2026-10-03 20:15:00+00:00,790.0725851504925,790.177074211044,790.0203406249394,790.177074211044,3.6151003000000004,2856.5693780334677,7.0
2026-10-03 20:16:00+00:00,790.2300022039329,790.2700005145932,790.0200110826544,790.0200110844997,7.2919283,5760.769276393377,14.0
2026-10-03 20:17:00+00:00,789.771983484009,789.771983484009,789.3736010117927,789.3736010117927,5.2492602999999995,4143.627505659243,17.0
2026-10-03 20:18:00+00:00,789.2866223436408,789.4090070869322,788.7698670299269,788.9423182591102,12.6069603,9946.164485282567,37.0
2026-10-03 20:19:00+00:00,789.1002978728689,789.3689449401847,789.0903479818746,789.0903479882909,6.733400400000002,5313.261264780498,15.0
2026-10-03 20:20:00+00:00,788.8988805999903,788.8988805999903,788.7595254668004,788.8789727172887,2.5314103,1996.9763569899635,9.0
2026-10-03 20:21:00+00:00,788.8417850026292,788.8892852865906,788.7524997094237,788.8528564708996,2.5910202999999994,2043.9337648290868,13.0
2026-10-03 20:22:00+00:00,788.8799999914378,788.9599999838446,788.7599999996837,788.7599999996837,3.1551403,2488.648463027002,6.0
2026-10-03 20:23:00+00:00,788.5104774947185,788.6899436386306,788.420744419389,788.4207444207386,4.2349502999999995,3338.92266811083,11.0
2026-10-03 20:24:00+00:00,788.4199999972055,788.4299999959851,788.389999987563,788.4299999826812,3.2775204,2584.0954089152374,8.0
2026-10-03 20:25:00+00:00,788.4745764829,788.5573764594108,788.4745764829,788.5107293992038,4.341120299999999,3423.01993416269,15.0
2026-10-03 20:26:00+00:00,788.7199999880173,788.8299999771039,788.7199999880173,788.8299999771039,2.8242202999999995,2227.829699184336,9.0
2026-10-03 20:27:00+00:00,788.5202290298336,788.7254195198628,788.5202290294475,788.6765646410882,2.6058503000000006,2055.1730625729497,11.0
2026-10-03 20:28:00+00:00,788.719999988694,788.7599999849081,788.7199999869292,788.7599999836386,3.1696803,2500.1170333761397,10.0
2026-10-03 20:29:00+00:00,788.7195925331806,788.7208934659853,788.4291850727116,788.4465832064889,9.7829803,7713.357391111392,23.0
2026-10-03 20:30:00+00:00,788.2100000260951,788.3500000016268,788.2100000014709,788.3299999804981,2.2886703999999995,1804.2275363873662,9.0
2026-10-03 20:31:00+00:00,788.301282042141,788.3485285769895,787.9516576631621,787.9516576631621,3.0191102999999995,2378.9129655529264,14.0
2026-10-03 20:32:00+00:00,788.269999976752,788.269999976752,788.0200000047806,788.1199999943258,2.5401702999999998,2001.9590168215864,7.0
2026-10-03 20:33:00+00:00,788.1199999942213,788.1299999937866,787.9299999990419,787.9299999995652,6.901420300000001,5437.836096976,13.0
2026-10-03 20:34:00+00:00,788.019999977066,788.1599999567015,788.019999977066,788.1599999567015,1.5689802999999998,1236.6075131800653,7.0
2026-10-03 20:35:00+00:00,788.1599999779503,788.1899999773202,787.9200000051433,788.1899999773202,3.0494003999999997,2403.50690120684,13.0
2026-10-03 20:36:00+00:00,788.1502823337879,788.1693105691113,788.0636835188861,788.1397964539173,4.213980299999999,3321.2055759028167,13.0
2026-10-03 20:37:00+00:00,788.1104488507724,788.3787175191942,787.9812824621016,788.3687816431426,4.8157203,3796.563545645149,14.0
2026-10-03 20:38:00+00:00,788.3699999864314,788.7599999761853,788.3699999864314,788.6899999808142,4.5367703,3578.105367819958,16.0
2026-10-03 20:39:00+00:00,788.6082857282531,788.7262040732215,788.5703469424691,788.6882652874374,7.6324003000000005,6019.584552586317,12.0
2026-10-03 20:40:00+00:00,788.5153156223814,788.5250033299258,788.5153156215157,788.5250033299258,1.3740403,1083.4651321329522,7.0
2026-10-03 20:41:00+00:00,788.5285102821687,788.6176723141841,788.1520483540615,788.152048358208,7.1487604000000005,5634.310152482043,14.0
2026-10-03 20:42:00+00:00,788.3982486201186,788.3982486201186,787.9600000060238,787.9600000060238,5.024640299999999,3959.2155708182668,13.0
2026-10-03 20:43:00+00:00,788.1599427291414,788.1599427303317,787.9500060327013,787.9500060336203,4.612110299999999,3634.112338712722,10.0
2026-10-03 20:44:00+00:00,788.0049499212853,788.3603389735558,787.9756086267557,787.9789021549186,13.010060300000001,10251.653032163293,21.0
2026-10-03 20:45:00+00:00,787.7921975545912,787.7949973416366,787.6275963873541,787.640195429059,11.781110299999998,9279.276019063298,18.0
2026-10-03 20:46:00+00:00,787.9999999892835,788.3699999866386,787.9999999892835,788.3699999866386,4.8737704,3842.3343701828794,9.0
2026-10-03 20:47:00+00:00,788.134136130518,788.314827773646,788.0892484885209,788.201040643606,4.5934903,3620.59383464631,15.0
2026-10-03 20:48:00+00:00,788.414898536232,788.414898536232,788.2002429307572,788.2002429307572,2.7477503,2165.777453973061,9.0
2026-10-03 20:49:00+00:00,787.957608054264,787.957608054264,787.0891578150427,787.0990265671969,4.5730503,3599.443439572828,24.0
2026-10-03 20:50:00+00:00,787.0942274134202,787.0942274134202,786.4946924742147,786.9372281724776,10.713350400000001,8430.734268216505,30.0
2026-10-03 20:51:00+00:00,787.1046287162399,787.1397960885927,786.8024163071287,786.8024163071287,2.9254503,2301.751364826415,13.0
2026-10-03 20:52:00+00:00,786.5100264655475,786.5100264662,786.1533190344537,786.1533190344537,12.7594203,10030.860617800585,24.0
2026-10-03 20:53:00+00:00,786.6602314545145,786.7026735877096,786.3683719097419,786.7026735860121,6.297440299999999,4954.213120758297,15.0
2026-10-03 20:54:00+00:00,786.7092978199454,786.7145042658478,786.5053720253766,786.510578471279,1.0869602999999999,854.9057743283149,7.0
2026-10-03 20:55:00+00:00,786.5283270164017,786.6463194285492,786.479163498866,786.5086616019029,3.4011204,2675.0106537509287,11.0
2026-10-03 20:56:00+00:00,786.4799999814551,786.5799999759832,786.4799999814551,786.5799999759832,2.1087002999999997,1658.6614819233557,11.0
2026-10-03 20:57:00+00:00,786.579999987883,786.619999984829,786.4199999934069,786.4399999918801,3.9294103,3090.2454363000934,9.0
2026-10-03 20:58:00+00:00,786.3964425787365,786.3964425787365,786.3376981398706,786.3376981398706,2.9938903000000003,2354.2088069852866,8.0
2026-10-03 20:59:00+00:00,786.2500259024976,786.3399792725205,786.2500259017276,786.3399792725205,2.4131603,1897.5644202832693,6.0
2026-10-03 21:00:00+00:00,786.2389270253019,786.6169956346378,786.2095708140206,786.6169956346378,3.0135803,2370.5334816897303,11.0
2026-10-03 21:01:00+00:00,786.888194460184,787.0750759565817,786.888194460184,787.0750759565817,1.5188803,1195.4728274914555,7.0
2026-10-03 21:02:00+00:00,787.3327446719861,787.3327446805533,787.1269549399855,787.2488347949602,2.8579803000000004,2249.941661041951,13.0
2026-10-03 21:03:00+00:00,787.0589960705879,787.1989960616535,786.9596653532344,786.9804685019653,6.267820400000001,4932.652234878176,16.0
2026-10-03 21:04:00+00:00,786.9801122024226,787.0397152226468,786.9701783653318,787.0397152226468,5.3685703,4225.27804006476,10.0
2026-10-03 21:05:00+00:00,786.9594616149978,786.9594616149978,786.0100612193718,786.0100612245891,4.0085603,3150.768726825457,17.0
2026-10-03 21:06:00+00:00,786.2181443403532,786.2576804312071,786.1687242372666,786.1687242456512,1.0338302999999998,812.7650480374987,8.0
2026-10-03 21:07:00+00:00,786.1295590282862,786.129559285756,786.1295590282862,786.129559096181,0.0367803,28.914081022425265,5.0
2026-10-03 21:08:00+00:00,786.3752306263423,786.4163891883757,785.9289523555802,785.9289523555802,5.3017904,4166.830574680873,15.0
2026-10-03 21:09:00+00:00,785.503327994413,785.5420460537451,785.2971563254257,785.4084245274566,2.5144002999999997,1974.8311782543642,13.0
2026-10-03 21:10:00+00:00,785.6999999839102,785.8199999852136,785.6999999839102,785.8199999846505,3.5683403,2804.0731744912277,8.0
2026-10-03 21:11:00+00:00,785.9399999854687,785.9399999854687,785.5400000012974,785.5400000012974,3.4921403000000004,2743.215891266531,10.0
2026-10-03 21:12:00+00:00,785.6888699237202,785.9180035450099,785.6589829324598,785.9180035450099,3.3715002999999997,2649.7227847274016,16.0
2026-10-03 21:13:00+00:00,785.87999997796,786.0299999742505,785.8699999793463,786.0199999715089,2.885500399999999,2268.061024325788,14.0
2026-10-03 21:14:00+00:00,785.8778630149893,785.8778630149893,785.7984961947753,785.8381796023153,2.2590902999999996,1775.279408909248,11.0
2026-10-03 21:15:00+00:00,785.6367949894932,786.0251924622462,785.6367949886585,785.9999999875045,5.1006303,4009.095415736265,23.0
2026-10-03 21:16:00+00:00,785.9791315098865,786.0692104585361,785.9096841859853,785.9096841871731,4.522940299999999,3554.622582770437,12.0
2026-10-03 21:17:00+00:00,785.9019384834677,785.9019384834677,785.8419384838256,785.8950286118212,1.7568802999999997,1380.7234936360449,10.0
2026-10-03 21:18:00+00:00,785.7626032929148,785.7691115346441,785.7156818010171,785.7156818010171,1.0509004,825.7089242909616,10.0
2026-10-03 21:19:00+00:00,785.3859241375379,785.3859241375379,784.9926232130206,785.0825945269141,3.8285403000000002,3005.7203519748505,21.0
2026-10-03 21:20:00+00:00,784.9984197673875,785.0378930147721,784.7813168905535,784.7813168905535,1.1717303,919.5520478745633,9.0
2026-10-03 21:21:00+00:00,785.0299998705684,785.1299998295686,785.0299998705684,785.1299998295686,0.3047003,239.2293464870695,6.0
2026-10-03 21:22:00+00:00,785.1300056125953,785.3399618898881,785.1300056125953,785.3399618898881,6.052910299999999,4753.59234432491,19.0
2026-10-03 21:23:00+00:00,785.4043283297968,785.5336001660353,785.1878495407972,785.3171213742523,4.4415004,3487.98630871059,22.0
2026-10-03 21:24:00+00:00,785.2999999830814,785.3499999812593,785.2999999830814,785.3499999812593,2.5466903,2000.0432270572733,8.0
2026-10-03 21:25:00+00:00,785.1902348857533,785.4372988360402,785.190234885407,785.4274162781163,1.7762203,1395.0921209697408,11.0
2026-10-03 21:26:00+00:00,785.3536726855392,785.423924262177,785.18846403287,785.1906885165225,3.3309302999999995,2615.4154556575463,12.0
2026-10-03 21:27:00+00:00,785.3613301395465,785.3935596334964,785.3278803352382,785.3622830957509,3.3166203,2604.748490969714,12.0
2026-10-03 21:28:00+00:00,785.2297019841593,785.229702511543,785.2297019841593,785.2297024196062,0.0765004,60.07038632698084,6.0
2026-10-03 21:29:00+00:00,785.5090605211971,785.509060525937,785.5090605211971,785.509060525937,2.5567403000000004,2008.3426710618025,8.0
2026-10-03 21:30:00+00:00,785.5400042665108,785.5499981509478,785.3301327130937,785.520016499682,4.1368403,3249.57086071255,12.0
2026-10-03 21:31:00+00:00,785.5199997512196,785.5199997512196,785.5199997006383,785.5199997006383,0.2043103,160.4898267948373,4.0
2026-10-03 21:32:00+00:00,785.2602749311085,785.3510309691334,785.2006873275727,785.2020619598514,2.3337203,1832.4419915975632,11.0
2026-10-03 21:33:00+00:00,785.2892083191264,785.2892083451964,785.2015833687553,785.2015833948253,3.0231902999999996,2373.8138104638765,8.0
2026-10-03 21:34:00+00:00,785.6695674024506,785.8543595289888,785.6695674024506,785.8413145795413,2.4570603999999996,1930.8595747373333,11.0
2026-10-03 21:35:00+00:00,785.8395708047066,785.8773693432092,785.7270335783871,785.7788992701264,12.869910299999999,10112.903949239262,19.0
2026-10-03 21:36:00+00:00,785.9199999490568,785.9199999548722,785.6800000002709,785.9199999475294,1.3651503,1072.8989237043697,7.0
2026-10-03 21:37:00+00:00,785.9199999109109,785.9199999336539,785.6799999958566,785.6800000185997,0.8476003,665.9426037197651,7.0
2026-10-03 21:38:00+00:00,785.9199972224332,785.9199973745403,785.9199968479056,785.9199968479056,0.0279304,21.951059879960745,6.0
2026-10-03 21:39:00+00:00,785.919999925185,785.9199999253227,785.919999924258,785.9199999253227,0.8906803,700.0034613094864,4.0
2026-10-03 21:40:00+00:00,785.8599999881335,785.979999979119,785.8599999881335,785.9399999827008,3.3504102999999996,2633.2214711240404,13.0
2026-10-03 21:41:00+00:00,785.8299999888543,785.8299999888543,785.6799999970372,785.789999987443,3.4396202999999996,2702.8192354938083,9.0
2026-10-03 21:42:00+00:00,785.7834529508796,786.0277242856686,785.7834529508796,785.8934529542837,5.9781503,4698.189181546687,15.0
2026-10-03 21:43:00+00:00,785.879999979479,785.879999984412,785.680000000648,785.680000000648,1.6642302999999998,1307.5524621050781,7.0
2026-10-03 21:44:00+00:00,785.8680366338491,785.9479689281262,785.6793229811148,785.9479689269463,6.208100399999999,4879.243900274562,12.0
2026-10-03 21:45:00+00:00,785.9567015327139,786.0452879087696,785.9567015327139,786.0354449785954,6.7237803000000005,5285.129640048814,11.0
2026-10-03 21:46:00+00:00,786.0199999970214,786.0699999969373,785.9899999982005,786.0499999977233,7.6332502999999985,6000.1163982976195,10.0
2026-10-03 21:47:00+00:00,785.9562967939428,786.0306996400569,785.7423886108099,786.0306996395022,5.6222903,4419.292778085387,10.0
2026-10-03 21:48:00+00:00,786.029999993932,786.029999993932,785.8700000099639,786.0099999952635,2.8067203,2206.1102229897056,9.0
2026-10-03 21:49:00+00:00,786.0398385057953,786.0398385061383,785.9598786325982,786.0398385054467,5.0647004,3981.0562844944716,13.0
2026-10-03 21:50:00+00:00,786.0339496022332,786.1107227222882,786.0243529623732,786.0243529633484,3.1912002999999998,2508.361150983943,12.0
2026-10-03 21:51:00+00:00,786.0299999925492,786.0599999903443,785.9100000023169,786.0599999903443,3.5517503,2791.8888407837053,11.0
2026-10-03 21:52:00+00:00,786.0374791059266,786.0374791059266,785.821974216648,786.0093697608969,5.3652503,4217.137006912462,12.0
2026-10-03 21:53:00+00:00,786.0699999363082,786.0699999634536,786.0699999363082,786.0699999634536,1.2721502999999998,999.9991862745073,4.0
2026-10-03 21:54:00+00:00,786.0299999912015,786.0299999912015,785.7800000003948,785.859999994114,5.0948804,4003.8627111140117,11.0
2026-10-03 21:55:00+00:00,785.738821118027,785.8317329780642,785.7279546252435,785.8172443204112,5.9862003,4704.059423696019,12.0
2026-10-03 21:56:00+00:00,785.8115565099051,785.8206584091296,785.6795206566209,785.6886225558453,1.0916403,857.6893636334497,7.0
2026-10-03 21:57:00+00:00,785.3746299394227,785.4219449088164,785.0378626056819,785.4219449088164,15.0356603,11809.337555814278,25.0
2026-10-03 21:58:00+00:00,785.629999959866,785.6299999702026,785.5199999791091,785.5199999791091,1.6270703,1278.0962620220091,9.0
2026-10-03 21:59:00+00:00,785.2916580785583,785.2916580785583,784.8246464414301,784.9988214422541,5.5580904,4363.094413469506,16.0
2026-10-03 22:00:00+00:00,785.170098171619,785.1800861993947,784.9803256546822,784.9803256549617,15.635700299999998,12273.717113337381,31.0
2026-10-03 22:01:00+00:00,785.0026872966039,785.064153627653,784.9824033516794,785.064153627653,3.9532103,3103.52369828162,14.0
2026-10-03 22:02:00+00:00,785.5302540476681,785.6642973378266,785.4295732778962,785.5348930042271,7.606250299999999,5974.97501557387,14.0
2026-10-03 22:03:00+00:00,785.5996646936544,785.6597253635061,785.2800977269966,785.5396643312963,6.258400299999999,4916.221670912883,16.0
2026-10-03 22:04:00+00:00,785.4605992503582,785.8999972543594,785.3307470163437,785.7002407940723,8.1861803,6431.883832893692,16.0
2026-10-03 22:05:00+00:00,785.5660436362351,785.8403349653332,785.3110904167166,785.840080882125,1.7716403999999997,1392.22603523004,15.0
2026-10-03 22:06:00+00:00,785.9299999977657,786.1399999932521,785.8000000014162,785.8000000014162,9.7465203,7658.815651753803,15.0
2026-10-03 22:07:00+00:00,786.0300894211496,786.219359772705,785.961056868879,786.2094979795236,3.1641203,2487.6614326098197,12.0
2026-10-03 22:08:00+00:00,785.9808901542377,786.2386386334797,785.9808901528867,786.2386386321286,4.0521403000000005,3185.9492730183856,13.0
2026-10-03 22:09:00+00:00,786.3151024303069,786.5026370608391,786.2906413927161,786.3069487540697,6.8243303,5366.018335482945,16.0
2026-10-03 22:10:00+00:00,786.2505272943798,786.5307965531524,786.2505160752438,786.5306619225495,5.017320399999999,3946.27633528951,14.0
2026-10-03 22:11:00+00:00,786.5500186857846,786.9899973252,786.5500186857846,786.9600106705601,8.453050300000001,6652.2125542867825,18.0
2026-10-03 22:12:00+00:00,786.8043341758447,787.0494982704314,786.8021838080055,787.047347902592,5.2124803,4102.468796109508,15.0
2026-10-03 22:13:00+00:00,786.9883059929141,786.9944662762489,786.4975087078619,786.6263683095851,6.719090300000001,5285.413601033162,16.0
2026-10-03 22:14:00+00:00,786.7547729318687,786.8504752672987,786.5516947131864,786.8005207765092,5.842710299999999,4597.0475067862735,17.0
2026-10-03 22:15:00+00:00,786.6376577721466,786.6379738444368,786.4442107308118,786.4442107321682,4.086490400000001,3213.796717292583,17.0
2026-10-03 22:16:00+00:00,786.4544620108142,790.1851539527436,786.3656574630284,786.4141141112631,208.4796703,163951.35522918272,70.0
2026-10-03 22:17:00+00:00,786.919925224857,786.919925224857,786.7301543469938,786.840021693473,5.1580103,4058.528936347157,12.0
2026-10-03 22:18:00+00:00,786.944444199226,787.0333106458348,786.8200311848872,786.8200311926824,4.7574203,3743.2335888427006,11.0
2026-10-03 22:19:00+00:00,786.7587914391393,786.8778303058539,786.6199127588812,786.6199127588812,3.1488202999999997,2476.924749679394,12.0
2026-10-03 22:20:00+00:00,786.3385084903247,786.5223977199902,786.2405798933004,786.3999151273732,2.4791402999999996,1949.5957215088504,18.0
2026-10-03 22:21:00+00:00,786.4300450696461,786.4400389810049,786.4300450696461,786.4300450722955,2.0352804,1600.6056567067594,9.0
2026-10-03 22:22:00+00:00,786.3601598085788,786.3601598154271,786.2505261287894,786.25052613828,0.5015603,394.3520497650735,7.0
2026-10-03 22:23:00+00:00,786.5596661065454,786.6895214193446,786.5596661065454,786.6895214193446,2.2822803,1795.4459969517982,10.0
2026-10-03 22:24:00+00:00,786.6504944867137,786.7102973556218,786.6504243223693,786.6504243226517,4.651080299999999,3658.7742915537256,12.0
2026-10-03 22:25:00+00:00,786.6896604309337,786.7460989406198,786.6896604309337,786.7460989406198,2.2011303,1731.7306767849961,9.0
2026-10-03 22:26:00+00:00,786.7387193271453,786.9972715997468,786.7387193256513,786.7685522808986,3.5918902999999998,2825.9863312828024,10.0
2026-10-03 22:27:00+00:00,787.02979954859,787.0597802194482,787.0098124398976,787.0098124477171,3.9412604,3101.810608211614,10.0
2026-10-03 22:28:00+00:00,787.0099999953873,787.4699999757331,787.0099999946647,787.2999999823908,7.021400299999999,5527.948456066358,17.0
2026-10-03 22:29:00+00:00,787.2606232614454,787.4860218132661,787.1626238976755,787.4174222586272,3.0325503,2387.8829400956265,17.0
2026-10-03 22:30:00+00:00,787.4909807594884,787.5403677745719,787.4317163434206,787.4317163451144,4.1004403,3228.816743199676,12.0
2026-10-03 22:31:00+00:00,787.3984618847411,787.4180224225488,787.2513183858266,787.4175829587132,3.8997803,3070.7555778960054,11.0
2026-10-03 22:32:00+00:00,787.5697055135795,787.6521301308259,787.4831370091333,787.555561626805,9.407570399999999,7408.984389915706,12.0
2026-10-03 22:33:00+00:00,787.669999973398,787.7799999952925,787.669999973398,787.7799999952925,1.2659202999999999,997.2666939280407,5.0
2026-10-03 22:34:00+00:00,787.8899999944986,787.8899999944986,787.8199999946227,787.8899999910643,4.4424503,3500.1621668273037,7.0
2026-10-03 22:35:00+00:00,787.9407746694384,788.1443889078103,787.9407746694384,788.1443889078103,2.634310299999999,2076.2168815870496,11.0
2026-10-03 22:36:00+00:00,788.2299999991574,788.3099999540476,788.2299999978691,788.3099999540476,0.4266903,336.36423037339256,6.0
2026-10-03 22:37:00+00:00,788.1934462940286,788.753586680872,788.1548226703145,788.4156299733739,19.086940300000006,15048.442060888683,39.0
2026-10-03 22:38:00+00:00,788.4100672212243,788.4100672243815,788.3900750416387,788.41006722355,3.1722104000000004,2501.002614711245,12.0
2026-10-03 22:39:00+00:00,788.4099999943011,788.4099999943011,788.2199999992006,788.2199999992006,4.1473503,3269.024453462685,7.0
2026-10-03 22:40:00+00:00,788.2611461637525,788.6260748155394,788.2437763931986,788.2876432372898,21.072840299999996,16611.45961640278,26.0
2026-10-03 22:41:00+00:00,788.4092310232186,788.6974818193731,788.4092310232186,788.5384469024496,7.654520300000001,6035.883549145273,12.0
2026-10-03 22:42:00+00:00,788.4394625802117,788.6240393533509,788.4394625802117,788.6240393533509,3.0136503,2376.637072784438,12.0
2026-10-03 22:43:00+00:00,789.0319235740488,789.0319235740488,788.971245749378,788.9712457505481,7.423560299999999,5856.975617795311,15.0
2026-10-03 22:44:00+00:00,789.0423667581698,789.0446988262585,789.0328209453613,789.0351513612367,4.6483102999999995,3667.680221134495,16.0
2026-10-03 22:45:00+00:00,789.0557907287542,789.3212753121333,789.0557907287542,789.1811701294276,9.397400399999999,7416.251443846751,23.0
2026-10-03 22:46:00+00:00,789.1766902830785,789.1789816203681,789.1279632509744,789.1789816201234,5.0739803,4004.278605914568,10.0
2026-10-03 22:47:00+00:00,789.1580666770467,789.3930346999015,789.1580666770467,789.3607679741584,6.6521903,5250.978043918248,15.0
2026-10-03 22:48:00+00:00,789.3699962828734,789.5699343073499,789.2400365539562,789.5699343073499,4.0025003,3160.2538989361483,11.0
2026-10-03 22:49:00+00:00,789.5451959937614,789.5913543247001,789.2807816852419,789.2809973806403,5.8365703,4606.694027666223,16.0
2026-10-03 22:50:00+00:00,789.1999999989916,789.329999989758,789.1999999980225,789.2699999947588,3.5993703,2840.874996662135,10.0
2026-10-03 22:51:00+00:00,789.29434401382,789.8178706583378,789.2730589311604,789.7616838011091,7.8458704,6196.367817989281,19.0
2026-10-03 22:52:00+00:00,789.8340819815521,790.1761181885976,789.7174550676831,789.7174550676831,10.4851803,8280.329902441807,20.0
2026-10-03 22:53:00+00:00,789.7099999911787,789.7099999916718,789.6999999908267,789.7099999916718,2.6528903,2095.0139987909065,6.0
2026-10-03 22:54:00+00:00,789.7099329874077,789.7899144358408,789.7099329874077,789.7499237125404,5.4342603,4291.706657359087,14.0
2026-10-03 22:55:00+00:00,789.697638932618,789.7765378357694,789.3524562231775,789.4609422150106,10.440520300000005,8242.38299325295,21.0
2026-10-03 22:56:00+00:00,789.6597358691397,789.6696918545357,789.4705722536077,789.4705722536077,5.679280400000001,4483.624747376698,14.0
2026-10-03 22:57:00+00:00,789.5613833938681,789.5613834051429,789.5613833938681,789.5613834051429,1.3207003,1042.7739559315871,5.0
2026-10-03 22:58:00+00:00,789.539999991216,789.539999991216,789.5399999896688,789.5399999896688,3.7996802999999995,2999.9995840227443,6.0
2026-10-03 22:59:00+00:00,789.53999999418,789.53999999418,789.0400000024404,789.0899999999295,5.9740603,4714.071242126579,15.0
2026-10-03 23:00:00+00:00,789.0128360484027,789.1112457350514,789.0128360484027,789.068458914791,7.1081703,5608.832984324888,10.0
2026-10-03 23:01:00+00:00,789.2494243893665,789.4772179135826,789.2494243893665,789.3880813228797,4.586500299999999,3620.5286718038114,10.0
2026-10-03 23:02:00+00:00,789.341050710988,789.496557929372,789.0710145440916,789.4965579177245,1.7043704,1345.5945642168554,11.0
2026-10-03 23:03:00+00:00,789.3499999979088,789.4199999922643,789.320000000446,789.4199999922643,3.5471503,2800.1913897985605,9.0
2026-10-03 23:04:00+00:00,789.4489236735427,789.4489236735427,788.9437454291923,788.9437454291923,6.137860300000001,4842.426494003146,16.0
2026-10-03 23:05:00+00:00,788.8686987010869,788.9384226610714,788.4603154845537,788.6296451016586,2.5359403,1999.9176987879937,12.0
2026-10-03 23:06:00+00:00,788.6599009001552,788.6599009001552,788.3501801831069,788.4600810815501,7.7701403,6126.445450953021,16.0
2026-10-03 23:07:00+00:00,788.4102927378735,788.5073652807941,788.3811709701349,788.5073652773402,2.1131103999999996,1666.203114044146,11.0
2026-10-03 23:08:00+00:00,788.3700000343769,788.3700000853349,788.3400000450202,788.3400001015951,0.5535003,436.3464265582329,6.0
2026-10-03 23:09:00+00:00,788.6799997632166,788.819999746528,788.6599997961384,788.819999746528,0.1822503,143.76268159980464,6.0
2026-10-03 23:10:00+00:00,788.825004039519,788.825004039519,788.1366612791811,788.1854717641988,11.3172303,8920.076503069586,28.0
2026-10-03 23:11:00+00:00,788.3330762340148,788.5108161481754,788.3234489277704,788.5108161481754,4.2128503,3321.878028363086,14.0
2026-10-03 23:12:00+00:00,788.4370933015342,788.4568004138272,787.7099489449365,787.7198025001941,7.6896103,6057.258306819458,24.0
2026-10-03 23:13:00+00:00,787.8296734854918,787.869626839791,787.6498833868175,787.7297900944949,6.431740400000002,5066.473515234284,18.0
2026-10-03 23:14:00+00:00,787.7899999874398,787.8899999832256,787.6500000019976,787.8399999884249,2.8850702999999998,2272.9737851186046,10.0
2026-10-03 23:15:00+00:00,787.7699999929894,787.7699999929894,787.6999999891952,787.6999999891952,2.2818803,1797.437112285345,9.0
2026-10-03 23:16:00+00:00,787.7257213133436,787.7543165294717,787.658999142618,787.6971260968272,3.1412003,2474.3144488044913,16.0
2026-10-03 23:17:00+00:00,787.7000290022846,787.8799675743486,787.6600426548331,787.8199880531713,3.6339002999999996,2862.859290932415,13.0
2026-10-03 23:18:00+00:00,787.7000000063986,787.7000000064976,787.689999994997,787.689999994997,2.8710804,2261.521320261636,8.0
2026-10-03 23:19:00+00:00,787.6889085448322,787.6889085448322,787.6889085435325,787.6889085445033,2.4188103,1905.2700451832027,7.0
2026-10-03 23:20:00+00:00,787.7201772126563,787.7201772130858,787.6418650534591,787.6418650542697,2.9349822999999997,2311.71493267327,8.0
2026-10-03 23:21:00+00:00,787.635974355295,787.8597216061376,787.635974355295,787.8597216061376,3.7318503,2940.174538433781,8.0
2026-10-03 23:22:00+00:00,787.8799999947009,788.3399999933447,787.8799999947009,788.3399999933447,6.9501303,5479.065720655744,14.0
2026-10-03 23:23:00+00:00,788.289999991319,788.3599999857055,788.0400000052233,788.1000000004117,3.7409603,2948.25081243154,13.0
2026-10-03 23:24:00+00:00,788.040007846277,788.040007846277,788.0399979433082,788.0399979433082,0.0072604,5.721485601067595,5.0
2026-10-03 23:25:00+00:00,787.6600047851169,787.6600047851169,787.6600026494383,787.6600026494383,0.0090803,7.1521891220576945,4.0
2026-10-03 23:26:00+00:00,787.8284640081268,787.8284640081268,787.3731743771698,787.3731743771698,7.416070300000001,5839.214813515251,15.0
2026-10-03 23:27:00+00:00,787.4299999984979,787.4299999984979,787.0200000021913,787.0200000021913,5.8835302999999985,4630.456016718891,11.0
2026-10-03 23:28:00+00:00,786.9251078492462,786.9251079065447,786.8336431975458,786.8336431975458,0.1472703,115.87722668379553,7.0
2026-10-03 23:29:00+00:00,786.8100000760294,787.1399999431485,786.810000051429,787.1399999431485,0.9395104000000001,739.5262162025875,6.0
2026-10-03 23:30:00+00:00,787.1799999848578,787.1799999848578,787.0999999756641,787.0999999756641,2.1628903,1702.4109550773642,6.0
2026-10-03 23:31:00+00:00,786.9899999947027,787.0199999928323,786.9899999942579,786.9899999944471,4.8119703000000005,3786.97250637028,9.0
2026-10-03 23:32:00+00:00,786.9338052008792,786.958975884679,786.8100000097539,786.9434638280393,3.925050299999999,3088.792678781284,14.0
2026-10-03 23:33:00+00:00,787.14999998723,787.1499999890266,787.0799999935875,787.0999999927398,3.3031903,2599.941085106018,7.0
2026-10-03 23:34:00+00:00,787.0274699493823,787.067028241791,786.7912049379254,786.8120883473784,5.2360703,4119.803407476684,16.0
2026-10-03 23:35:00+00:00,786.7806942479622,786.9699999942325,786.7473901970338,786.9699999938874,4.9735904,3914.0664370575987,17.0
2026-10-03 23:36:00+00:00,786.8239368936916,786.8239368975921,786.5159579464473,786.7473480228256,4.1918203,3297.903504413245,16.0
2026-10-03 23:37:00+00:00,786.8534265995544,786.8619199269428,786.8364399429563,786.8619199251217,3.1872903,2507.957364816717,8.0
2026-10-03 23:38:00+00:00,786.8591141578391,786.8788610609561,786.7208858291946,786.7406327323115,2.1944402999999997,1726.4553501152832,9.0
2026-10-03 23:39:00+00:00,786.7699999657477,786.7699999657477,786.5400000437335,786.5400000437335,0.8196403,644.6798815978457,5.0
2026-10-03 23:40:00+00:00,786.7583550981112,786.7583551051673,786.7583550977895,786.7583551051673,0.8175804,643.2382106702247,6.0
2026-10-03 23:41:00+00:00,786.7032468928035,786.7032468929732,786.6936689580082,786.6936689580082,4.0130903,3157.0727319667935,7.0
2026-10-03 23:42:00+00:00,787.0588357516493,787.3645482986424,787.0588357516493,787.3645482986424,2.8658602999999996,2256.4768005965116,11.0
2026-10-03 23:43:00+00:00,787.3599903118317,787.3599903118317,787.2111828642787,787.211182865691,4.1997403,3306.082529291712,9.0
2026-10-03 23:44:00+00:00,787.2491060819359,787.249106084328,787.2491060819359,787.249106084328,2.5521703000000002,2009.1937872499714,10.0
2026-10-03 23:45:00+00:00,787.2256601241967,787.2293147535622,787.0790863331682,787.0827409625336,3.9218204,3086.7971499947803,10.0
2026-10-03 23:46:00+00:00,787.2949629737888,787.4628744602354,787.2949629737888,787.4628744602354,4.1227803,3246.5364258060313,7.0
2026-10-03 23:47:00+00:00,787.5599999158815,787.5599999158815,787.3999999454504,787.3999999454504,0.6610902999999999,520.5425021839377,6.0
2026-10-03 23:48:00+00:00,787.3999999950934,787.5699999920291,787.3100000004715,787.3100000055335,5.0202903,3952.5247561207802,11.0
2026-10-03 23:49:00+00:00,787.2899999913911,787.2899999913911,787.2599999912069,787.2599999912069,1.7800502999999999,1401.3623991623476,6.0
2026-10-03 23:50:00+00:00,787.0739972757311,787.0739972757311,786.9939972614341,787.0016644014787,5.041370400000001,3967.566895664349,11.0
2026-10-03 23:51:00+00:00,787.259999985259,787.4699999637375,787.0400000147135,787.2999999864977,2.2407402999999997,1764.1348381597447,11.0
2026-10-03 23:52:00+00:00,787.2179874859345,787.4656785011193,787.2145553276191,787.4613883080732,2.2952403,1807.4131131386384,10.0
2026-10-03 23:53:00+00:00,787.4699999702499,787.4699999702499,787.3899999676241,787.3899999813011,1.9049202999999997,1499.91519498138,6.0
2026-10-03 23:54:00+00:00,787.3076072347973,787.3669235855355,787.0307975942438,787.0307975942438,6.1610803,4848.959942551183,16.0
2026-10-03 23:55:00+00:00,787.0999999325973,787.1099999251747,787.0999999124732,787.1099999159394,0.40418030000000005,318.1343558990244,5.0
2026-10-03 23:56:00+00:00,787.2799999686903,787.4999999911073,787.1199999867348,787.4999999911073,3.5467703999999993,2793.081689968459,10.0
2026-10-03 23:57:00+00:00,787.4848811644018,787.484881167503,787.264330442546,787.2700000031718,5.9762303,4704.906828299956,13.0
2026-10-03 23:58:00+00:00,787.090000026511,787.4970034095045,787.0722049650477,787.2122826760992,2.0922003,1647.0057739786196,10.0
2026-10-03 23:59:00+00:00,786.9301094654447,787.0000810831526,786.8001621552081,786.9101175544633,3.4782602999999996,2737.0782215580225,10.0
2026-10-04 00:00:00+00:00,787.1404924546445,787.3601119191601,787.1404924546445,787.2004253301311,3.8774903,3052.3620133734576,15.0
2026-10-04 00:01:00+00:00,787.3025171087246,787.320896210735,787.1832451117542,787.1832451117542,4.9759504,3916.9847833871318,10.0
2026-10-04 00:02:00+00:00,787.0200000235533,787.5399999605739,787.0200000174367,787.5399999605739,1.8086902999999999,1424.4159587906904,8.0
2026-10-04 00:03:00+00:00,787.4597898547181,787.4597898547181,787.2509159194668,787.4430799247489,2.8355503,2232.8344615135456,10.0
2026-10-04 00:04:00+00:00,787.4699999869606,787.4699999869606,787.2399999938398,787.2399999938398,2.3557202999999998,1854.517248957488,7.0
2026-10-04 00:05:00+00:00,787.2208770598754,787.2470710229325,786.9690268056894,786.9690268056894,2.1097503,1660.3081403940112,10.0
2026-10-04 00:06:00+00:00,786.8761134860002,786.8823483153753,786.6790685700486,786.6790685700486,3.7063403999999998,2915.700413675541,12.0
2026-10-04 00:07:00+00:00,786.8099620000528,786.923307549535,786.757057948764,786.923307549535,2.3692402999999995,1864.4104132556522,13.0
2026-10-04 00:08:00+00:00,786.7746160786076,787.3857073136119,786.6205727934511,787.3857073136119,3.486040299999999,2744.858307339255,18.0
2026-10-04 00:09:00+00:00,787.3146472168864,787.6537347348417,786.3204562461657,786.5653527868863,28.236940299999993,22210.198908691742,42.0
2026-10-04 00:10:00+00:00,786.4144932283745,786.4243419401399,786.2264145658056,786.2362632797092,1.2823403,1008.2224457249813,9.0
2026-10-04 00:11:00+00:00,786.4375397400838,786.4375397400838,786.3412869068385,786.3600454202702,3.1177204,2451.650755351703,13.0
2026-10-04 00:12:00+00:00,786.3840553593843,786.4086636676809,786.228202765856,786.3020276826352,7.0769403,5564.612507678957,17.0
2026-10-04 00:13:00+00:00,786.3000595827185,786.4859674147211,786.1141517588424,786.4859674147211,6.8001603,5348.23065212068,19.0
2026-10-04 00:14:00+00:00,786.5243617326731,786.5243617326731,786.1506633272227,786.1506633272227,5.836060299999999,4588.022676062669,16.0
2026-10-04 00:15:00+00:00,786.0100000092175,786.0200000085471,785.9599999960919,785.9599999960919,4.4744603,3516.7468173705133,10.0
2026-10-04 00:16:00+00:00,785.9672998644918,785.976962387193,785.9672998644918,785.9672999027954,3.9971604000000003,3141.6373668663778,8.0
2026-10-04 00:17:00+00:00,786.4898354115885,786.7711797164999,786.4898354115885,786.7711797164999,4.1572403,3270.7968551959757,15.0
2026-10-04 00:18:00+00:00,786.7554166094858,786.7554166094858,786.3649001556025,786.380358746118,9.0514203,7117.859142675895,18.0
2026-10-04 00:19:00+00:00,786.3246139044605,786.472147963758,786.2497274614366,786.4197274555771,5.6491403,4442.595375084317,11.0
2026-10-04 00:20:00+00:00,786.6498036587896,786.8996839486687,786.6198180256237,786.6198180370404,6.640920300000001,5223.879517984489,17.0
2026-10-04 00:21:00+00:00,786.7800757072537,787.1770472222835,786.6212871043946,786.8594700142717,8.840080299999999,6955.900899741602,22.0
2026-10-04 00:22:00+00:00,786.9599999506376,786.9599999559254,786.8099999823015,786.8099999913377,1.2707403,999.8311754319924,5.0
2026-10-04 00:23:00+00:00,786.9870115773878,786.9870115773878,786.2897915142189,786.2897915142189,3.6576702999999995,2875.98881761475,10.0
2026-10-04 00:24:00+00:00,786.3587667623831,786.3654476399414,785.9821468145037,786.0422747108086,27.336020400000006,21487.26765675707,35.0
2026-10-04 00:25:00+00:00,786.3070957074041,786.6554208716537,786.2486533672118,786.3600053048746,17.9043703,14079.28072408844,44.0
2026-10-04 00:26:00+00:00,786.4999997978927,786.509999785027,786.1199998711481,786.1199998711481,0.2331803,183.3076974059543,9.0
2026-10-04 00:27:00+00:00,785.9426224927807,786.1859196262482,785.9426224927807,785.9929598431956,1.0117103,795.1971732008475,8.0
2026-10-04 00:28:00+00:00,786.1886223061649,786.3577215052927,786.1189932239885,786.3278804701681,15.1864303,11941.513549706939,23.0
2026-10-04 00:29:00+00:00,786.3899999938446,786.5099999926962,786.3899999938446,786.4199999953142,13.7506704,10813.802215903568,32.0
2026-10-04 00:30:00+00:00,786.3844283953948,786.4024521949378,786.2132022976979,786.2222141974693,12.8748103,10122.461861438383,31.0
2026-10-04 00:31:00+00:00,786.2399999979516,786.2399999979516,786.1699999983203,786.2399999968593,14.372520299999994,11300.250360626856,25.0
2026-10-04 00:32:00+00:00,786.2399999957054,786.2499999954574,786.1199999984673,786.2299999958861,12.1025203,9515.364535419212,35.0
2026-10-04 00:33:00+00:00,786.2136937099341,786.4668740618416,786.2136937098195,786.2735081609935,13.015280299999997,10233.570101179666,27.0
2026-10-04 00:34:00+00:00,786.3003166440415,786.736067533314,786.3003166440415,786.484300356519,16.842740399999997,13246.550899580476,43.0
2026-10-04 00:35:00+00:00,786.5398911042525,786.7197129182089,786.3900396001818,786.619811915495,5.3943903,4243.334283184771,13.0
2026-10-04 00:36:00+00:00,786.7977289935963,786.7977289935963,786.5212616647035,786.5410093302442,8.5323503,6711.043416921211,17.0
2026-10-04 00:37:00+00:00,786.400000035305,786.5599999881157,786.4000000045718,786.5599999573825,1.0171803,800.0733367246503,6.0
2026-10-04 00:38:00+00:00,786.4432556777411,786.4432556777411,786.4339300885241,786.4339300885241,0.8599803,676.317687127708,6.0
2026-10-04 00:39:00+00:00,786.0400026265049,786.0400026265049,786.0400000145099,786.0400000145099,0.0483904,38.03679001670214,5.0
2026-10-04 00:40:00+00:00,785.9600000013479,785.9993637388181,785.841908780679,785.9206362556197,3.983280299999999,3130.542187760475,17.0
2026-10-04 00:41:00+00:00,785.8300000040821,786.0499999926859,785.8300000022275,785.8400000017094,5.7914903,4551.1847373619,15.0
2026-10-04 00:42:00+00:00,785.7499999989569,785.8199999940085,785.6899999982238,785.6899999982883,4.243850299999999,3334.350742199735,16.0
2026-10-04 00:43:00+00:00,785.7628050201283,785.7628050201283,784.9939804516711,785.2430496961993,12.778300299999996,10034.071497505854,46.0
2026-10-04 00:44:00+00:00,785.1378437528351,785.1378437528351,784.8988584564994,784.908816176722,5.7569603,4518.688893849387,9.0
2026-10-04 00:45:00+00:00,784.9932075291271,784.997358481776,784.9587421256248,784.9715094221315,3.5485903999999997,2785.542362608885,9.0
2026-10-04 00:46:00+00:00,784.8599999773645,784.8599999773645,784.7499999865843,784.809999981321,2.7145903000000002,2130.4376132922944,8.0
2026-10-04 00:47:00+00:00,784.8265590630217,784.8265590630217,784.4691946776387,784.518828619815,4.7506403,3726.9667633500867,16.0
2026-10-04 00:48:00+00:00,784.3066427277887,784.6940661845398,784.2769394284711,784.6149883676572,6.414370299999998,5032.811078320345,17.0
2026-10-04 00:49:00+00:00,784.621010331344,785.0479071196927,784.6210103309065,785.0479071196927,4.8276504000000005,3789.9368428255475,12.0
2026-10-04 00:50:00+00:00,785.0095756483906,785.0494544061678,784.8600302995276,784.9198484361933,4.6255503,3630.6862404099884,14.0
2026-10-04 00:51:00+00:00,784.9599999805478,785.0799999843199,784.9599999805478,785.0799999843199,3.1248803,2453.2810258750014,8.0
2026-10-04 00:52:00+00:00,785.1201660523488,785.4399245143949,785.1201660523488,785.3999547067858,11.5264803,9052.897105548658,17.0
2026-10-04 00:53:00+00:00,785.4099999913298,785.4100000007895,785.3399999947425,785.3399999947425,3.5652003000000003,2799.894403583256,7.0
2026-10-04 00:54:00+00:00,785.438194746481,785.438194746481,785.2492534524735,785.2492534524735,5.005280399999999,3930.3926974202973,15.0
2026-10-04 00:55:00+00:00,785.1800000051546,785.1800000051546,785.169999965057,785.169999965057,1.2752702999999999,1001.3039814064381,5.0
2026-10-04 00:56:00+00:00,785.279999957218,785.279999957218,784.9700000173036,785.1599999654047,1.0596902999999998,832.0264359113395,7.0
2026-10-04 00:57:00+00:00,785.2497073677729,785.3094879636631,785.2497073677729,785.3094879636631,0.7438003,584.113432740219,7.0
2026-10-04 00:58:00+00:00,785.1888675705047,785.2584012678587,785.1690007878098,785.2584012558364,3.2245603,2532.1130659310397,10.0
2026-10-04 00:59:00+00:00,785.3802794201108,785.3802794201108,785.244669354208,785.3124743863359,4.1104504,3227.9879744663044,12.0
2026-10-04 01:00:00+00:00,785.3599999926407,785.4699999854081,785.3599999926407,785.4699999854081,4.0196903,3157.3461398823447,9.0
2026-10-04 01:01:00+00:00,785.6126492162791,785.635301555409,785.1057846297423,785.1089421777151,5.1404603,4035.82134843954,14.0
2026-10-04 01:02:00+00:00,785.1099999927802,785.1099999927802,784.9999999939298,784.9999999939298,3.8161302999999998,2995.662285476835,7.0
2026-10-04 01:03:00+00:00,784.9999999975901,785.0499999962058,784.7900000084953,784.7900000102563,5.551350299999999,4356.644201993936,11.0
2026-10-04 01:04:00+00:00,784.6826224785062,784.7118145172252,784.5561236134064,784.711814487412,4.9981504,3922.107669464984,13.0
2026-10-04 01:05:00+00:00,784.5654623222816,784.6075601027891,784.143866347202,784.143866347202,5.533080299999999,4338.730979251535,20.0
2026-10-04 01:06:00+00:00,784.5792756470162,784.629074454653,784.5089939667139,784.628511067412,3.5884002999999995,2815.5611845028543,11.0
2026-10-04 01:07:00+00:00,784.5397017229004,784.7392428209718,784.5297246580146,784.5596558224723,3.0508802999999998,2393.597598123561,12.0
2026-10-04 01:08:00+00:00,784.5599999817309,784.5899999784846,784.4899999803503,784.4899999809799,3.6963703999999997,2899.7656150256944,9.0
2026-10-04 01:09:00+00:00,784.6295723263971,784.6295723263971,784.2508065502487,784.4061976305144,4.4262103,3471.9467913360186,15.0
2026-10-04 01:10:00+00:00,784.1695128718397,784.4390070062271,784.1395690804835,784.3990819510855,3.7362403,2930.703461268648,11.0
2026-10-04 01:11:00+00:00,784.3157417972188,784.3312789932346,784.0360969505084,784.0516341465242,3.1145903,2441.999614411913,10.0
2026-10-04 01:12:00+00:00,783.8900003145175,784.1799998785704,783.8900003057496,784.1799998785704,0.1813303,142.19559463198112,6.0
2026-10-04 01:13:00+00:00,784.1384152834926,784.1483020696403,784.1285282539333,784.1285282539333,0.1113203,87.28942300378633,7.0
2026-10-04 01:14:00+00:00,784.1257854152676,784.1285951340036,783.9970341774105,783.9970341774105,5.7644204,4519.288497351762,15.0
2026-10-04 01:15:00+00:00,783.7088091931723,783.8117252754538,783.4501984715399,783.4501984715399,12.4750503,9773.580633477442,20.0
2026-10-04 01:16:00+00:00,783.4303407206293,783.4700972881379,783.3210101530424,783.4204015725259,0.4157703,325.7229353879295,8.0
2026-10-04 01:17:00+00:00,783.25105840563,783.5597979832085,783.2510584025375,783.4004485207206,4.673110299999999,3660.9167050067986,19.0
2026-10-04 01:18:00+00:00,783.3599999916944,783.3599999916944,783.1499999953639,783.1499999959966,4.3180503,3381.6810924277133,11.0
2026-10-04 01:19:00+00:00,783.3099999776638,783.3499999717548,783.3099999761564,783.3399999717246,2.7076504,2121.01086425944,8.0
2026-10-04 01:20:00+00:00,783.31991783301,783.32991299965,783.0200628244046,783.0200628255413,5.876450300000001,4601.378483097172,10.0
2026-10-04 01:21:00+00:00,783.1178786573395,783.5379309437285,783.1178786573395,783.5092910173687,3.1476303,2466.1975847377876,12.0
2026-10-04 01:22:00+00:00,783.4599999690755,783.4599999690755,783.4599999400031,783.4599999400031,0.7731203,605.7088301916151,5.0
2026-10-04 01:23:00+00:00,783.416567656807,783.6338980509692,783.3869490264486,783.6338980509692,4.796120299999999,3758.402446210383,13.0
2026-10-04 01:24:00+00:00,783.6496408168698,783.709475058774,783.6496408168537,783.709475058774,2.5590803999999996,2005.5755569171972,9.0
2026-10-04 01:25:00+00:00,783.6634203460561,783.6634203460561,783.6052147933315,783.6343175666196,5.756080299999999,4510.662057749162,13.0
2026-10-04 01:26:00+00:00,783.6999999830008,783.6999999830008,783.6999999805881,783.6999999805881,2.5519602999999997,1999.9712870604615,5.0
2026-10-04 01:27:00+00:00,783.5394919579867,783.5394919579867,783.3602941136803,783.3602941136803,0.7965903,624.0172116961048,6.0
2026-10-04 01:28:00+00:00,783.4299999548033,783.4899999350183,783.4299999480087,783.489999931374,0.9097803,712.8037671845653,6.0
2026-10-04 01:29:00+00:00,783.4880206227602,783.4979444924872,783.4582490116685,783.4582490128089,4.0313004,3158.3555526286364,10.0
2026-10-04 01:30:00+00:00,783.4399999839783,783.4399999839783,783.3999999858747,783.4199999849825,3.2202602999999996,2522.816324177639,7.0
2026-10-04 01:31:00+00:00,783.4063462711131,783.5335078173887,783.4063462711131,783.5154001161455,4.1443803,3247.185788987971,10.0
2026-10-04 01:32:00+00:00,783.4962983558341,783.4972237649116,783.0089657177425,783.0098911268443,8.621160300000001,6750.453787890074,19.0
2026-10-04 01:33:00+00:00,783.027619324737,783.0669844757447,783.0276193224595,783.0669844734672,2.7597303,2161.053683981057,8.0
2026-10-04 01:34:00+00:00,783.0505057713715,783.070310293485,782.8920696924147,782.8920697151244,3.0221704000000003,2366.0332394877855,14.0
2026-10-04 01:35:00+00:00,783.1311083613663,783.185110095875,782.9808055608988,783.1788119209577,2.5554403,2001.3666980889357,10.0
2026-10-04 01:36:00+00:00,783.3489098165167,783.5807235253317,783.3295920079062,783.5807235253317,4.442750299999998,3481.253494516383,17.0
2026-10-04 01:37:00+00:00,783.4281477126998,783.6046403619661,783.1279311884639,783.188344948369,5.9263403,4641.440651157821,19.0
2026-10-04 01:38:00+00:00,783.09988716008,783.2667207214627,783.0998871576876,783.2667207191321,6.6138503,5180.408835808248,12.0
2026-10-04 01:39:00+00:00,783.2701908377568,783.2716622111574,783.18460496132,783.1860763332223,3.8935103999999994,3049.3431333385947,10.0
2026-10-04 01:40:00+00:00,783.0791487520501,783.1823471973549,783.0404493375025,783.1823471973549,3.9576103,3099.530524046428,11.0
2026-10-04 01:41:00+00:00,783.2874424071936,783.489216042271,783.2825909338895,783.4843645703977,4.2116703,3299.777828775516,14.0
2026-10-04 01:42:00+00:00,783.4960231962256,783.4960232022299,783.1600836088911,783.3478145516448,1.7124103,1341.4128661207264,9.0
2026-10-04 01:43:00+00:00,783.2374386941738,783.2374386941738,783.2356478975405,783.2356478975405,0.5612503,439.591242353189,6.0
2026-10-04 01:44:00+00:00,783.3295551348311,783.5096325101199,783.3295551342527,783.5096325101199,2.4237803999999996,1899.055290489231,13.0
2026-10-04 01:45:00+00:00,783.5201222507416,783.7539532965532,783.5201222507416,783.7539532965532,2.9532903000000004,2314.652947857364,11.0
2026-10-04 01:46:00+00:00,783.7796581712208,783.8096215470703,783.5998779214808,783.7397070046553,5.1688403,4051.025382275855,13.0
2026-10-04 01:47:00+00:00,783.7284401785452,783.7569952020488,783.5951834123728,783.5951834145537,2.8154803,2206.1968020785625,10.0
2026-10-04 01:48:00+00:00,783.7699999827817,783.7699999831378,783.7399999853317,783.7399999853317,3.3173603,2599.9479614733395,9.0
2026-10-04 01:49:00+00:00,783.769999943465,783.779999948757,783.7499999495169,783.7799999434117,1.3218904,1036.0712576371964,7.0
2026-10-04 01:50:00+00:00,783.7745582454688,783.8137808514236,783.7745582447708,783.8039752001547,3.1587703,2475.8567178841854,8.0
2026-10-04 01:51:00+00:00,784.0006753469521,784.267028422999,784.0006753469521,784.267028422999,4.9137103,3853.660975512483,9.0
2026-10-04 01:52:00+00:00,784.279999980926,784.3799999815459,784.279999980926,784.3799999815459,3.4502502999999995,2706.3073302503285,9.0
2026-10-04 01:53:00+00:00,784.4299144681402,784.5398604013542,784.2699931172175,784.5398604013542,5.127180299999999,4022.4773168145725,12.0
2026-10-04 01:54:00+00:00,784.4632478207102,784.5110435853879,784.2411830609946,784.3654520463677,3.9780303999999997,3120.229612950193,16.0
2026-10-04 01:55:00+00:00,784.3399999885612,784.3399999890814,784.3199999898585,784.3199999898585,3.6974103,2899.952846458503,10.0
2026-10-04 01:56:00+00:00,784.2600483402007,784.2600483402007,784.1726073371481,784.2309013360683,3.6749203,2881.9860592072146,11.0
2026-10-04 01:57:00+00:00,784.2799999623509,784.279999964621,784.2599999654506,784.2599999684151,1.5814203,1240.244684428051,7.0
2026-10-04 01:58:00+00:00,784.0695628300618,784.2585245260384,784.0695628300618,784.2585245260384,1.6103402999999998,1262.923107662818,6.0
2026-10-04 01:59:00+00:00,784.3099276595199,784.3099276619171,784.1900000013642,784.1900000034282,4.6286904,3629.772724791868,9.0
2026-10-04 02:00:00+00:00,783.9025808375702,783.9346629431556,783.902580788056,783.9346628939459,0.6424702999999999,503.6547380498722,8.0
2026-10-04 02:01:00+00:00,783.8699999941831,784.0299999785814,783.8699999941831,784.0299999785814,2.5543503000000003,2002.6872656542896,8.0
2026-10-04 02:02:00+00:00,784.0221987238253,784.0802726879914,783.8963717961508,783.8963717961508,5.1728103,4054.9472261597584,10.0
2026-10-04 02:03:00+00:00,783.741147674955,784.1182402209188,783.741147674955,784.088469759301,2.0663603,1620.2092855983701,12.0
2026-10-04 02:04:00+00:00,784.0599999957395,784.0599999957395,783.9199999891267,783.9199999891267,3.0826002999999993,2416.5120271424817,8.0
2026-10-04 02:05:00+00:00,783.9595553720675,784.3084438043633,783.9595553720675,784.3084438043633,3.3786303,2649.8882727832693,9.0
2026-10-04 02:06:00+00:00,784.2948668056549,784.2948668056549,783.841613290028,783.8810266378262,3.0171402999999994,2365.0790358743584,11.0
2026-10-04 02:07:00+00:00,784.108473995968,784.1093420792174,783.7202558584064,783.7509868739021,10.5343704,8256.323197095224,23.0
2026-10-04 02:08:00+00:00,783.6999999908306,783.7699999853936,783.6999999899822,783.7499999876038,2.7147003,2127.646360091348,9.0
2026-10-04 02:09:00+00:00,783.6483514232798,783.7451595849469,783.6328726486931,783.7451595847928,6.9242303,5426.831981475357,13.0
2026-10-04 02:10:00+00:00,783.5070389144785,783.6100809108088,783.0808589856281,783.5785125869603,7.522930299999999,5894.806534769374,22.0
2026-10-04 02:11:00+00:00,783.7199999881655,783.8999999763498,783.7199999881655,783.879999978466,2.8353303,2222.558715502944,7.0
2026-10-04 02:12:00+00:00,783.9899999527885,783.9899999667105,783.949999958328,783.94999997225,2.8883204,2264.298777499849,9.0
2026-10-04 02:13:00+00:00,783.8058570998685,783.8058570998685,783.771137552824,783.771137552824,2.6483302999999996,2075.6848518466113,7.0
2026-10-04 02:14:00+00:00,783.520139070658,783.5580968143449,783.0224436721012,783.0224436721012,5.087320299999999,3983.4859730486864,16.0
2026-10-04 02:15:00+00:00,783.4299999721363,783.43999996839,783.4299998882739,783.4399998845275,0.8007702999999999,627.355483739533,7.0
2026-10-04 02:16:00+00:00,783.0756604940558,783.1721012358627,782.8831216753607,782.9128925875222,6.3168302999999995,4945.527882157505,15.0
2026-10-04 02:17:00+00:00,782.9408876017612,783.1210562314026,782.3161508097022,783.1209019505586,4.900360299999999,3837.5745780187094,24.0
2026-10-04 02:18:00+00:00,783.0495540162419,783.1593496265039,782.7900371663621,783.0395726088993,3.7671604,2949.83566956517,18.0
2026-10-04 02:19:00+00:00,783.1599999510505,783.1599999531376,782.7600000086476,782.7600000107346,2.0834403000000004,1630.8337292503652,7.0
2026-10-04 02:20:00+00:00,782.9408334770942,783.1287848646851,782.8056597674076,782.8056597710302,5.0377703,3943.5951034664004,13.0
2026-10-04 02:21:00+00:00,783.0499999907082,783.0599999900983,782.8000000049849,783.0199999919654,4.918290300000001,3851.119670666484,13.0
2026-10-04 02:22:00+00:00,783.2387696650586,783.358468379264,783.1589705380799,783.1589705618171,2.7879503000000003,2183.4082869255094,10.0
2026-10-04 02:23:00+00:00,783.4099999785907,783.6099999904037,783.4099999785907,783.5299999897319,5.267720400000001,4127.416964957911,16.0
2026-10-04 02:24:00+00:00,783.4473890330747,783.6137326504618,783.271260505684,783.4376041166086,3.1332403,2454.698273753604,15.0
2026-10-04 02:25:00+00:00,783.3199999921939,783.5099999753046,783.3199999921939,783.3899999860604,3.3189203,2600.0089737707353,16.0
2026-10-04 02:26:00+00:00,783.3899999896155,783.3899999896155,783.3099999912333,783.3099999912333,4.2791503,3351.9012214554864,33.0
2026-10-04 02:27:00+00:00,783.1521243591525,783.2908849100016,783.1521240662108,783.29088461706,0.12993030000000003,101.77321962556,7.0
2026-10-04 02:28:00+00:00,783.0946813890577,783.2009310740676,783.0946813652881,783.1526357389298,3.746150399999999,2933.807559634445,14.0
2026-10-04 02:29:00+00:00,782.8893768730034,783.078680430886,782.7598533916274,783.078680430886,4.763370299999999,3730.093728927673,21.0
2026-10-04 02:30:00+00:00,783.3299999600006,783.3299999600006,783.2999999321229,783.2999999321229,1.7313002999999996,1356.127524872484,9.0
2026-10-04 02:31:00+00:00,783.0505435104267,783.0886477471854,783.0370513104247,783.0820624649295,3.8405702999999995,3007.481711565553,12.0
2026-10-04 02:32:00+00:00,782.8480762163733,782.9910666679759,782.7498128066205,782.8068227896055,2.1629703,1693.1879083312797,12.0
2026-10-04 02:33:00+00:00,783.2107111447187,783.5326335581913,782.8260905173219,783.5326335581913,3.4817102999999996,2728.03364064568,16.0
2026-10-04 02:34:00+00:00,783.6493651571618,783.6696825804553,783.5396145558261,783.5399773174029,5.460510400000004,4278.5281949574455,22.0
2026-10-04 02:35:00+00:00,783.3700000754039,783.5100000446112,783.3700000754039,783.5100000446112,0.1033403,80.96815845761013,5.0
2026-10-04 02:36:00+00:00,783.7199999957253,784.4399999690648,783.7199999957253,784.42999996961,5.501740299999999,4315.730143361801,17.0
2026-10-04 02:37:00+00:00,784.4264812833051,784.4264812833051,784.0092180454786,784.0092180454786,3.453010299999999,2707.191905205983,13.0
2026-10-04 02:38:00+00:00,784.0067927990018,784.0167393448795,783.4398396488507,783.8178083922049,1.3095902999999998,1026.48019883769,11.0
2026-10-04 02:39:00+00:00,783.4604976590178,784.0212547412508,783.4604976590178,783.9825818398157,3.8469003999999987,3015.9029076726188,16.0
2026-10-04 02:40:00+00:00,783.9754917959768,784.2137923695094,783.9754917952177,784.1947357852353,3.002500299999999,2354.544929453589,15.0
2026-10-04 02:41:00+00:00,784.2281192889204,784.3077431898369,784.2281192889204,784.3077431898369,1.4888802999999997,1167.740347972807,11.0
2026-10-04 02:42:00+00:00,784.4599872650703,784.5399892782644,784.4599872650703,784.5399892782644,0.0134003,10.513071218325527,5.0
2026-10-04 02:43:00+00:00,784.0732371199736,784.1662817450782,784.0732371199736,784.1662817450782,0.1662003,130.32867127591652,6.0
2026-10-04 02:44:00+00:00,784.5217853532063,784.5231046471474,783.9730581155436,783.9743774089976,4.3865904,3438.974477788286,12.0
2026-10-04 02:45:00+00:00,784.1889742594301,784.1889742594301,784.1490872896245,784.1690307730847,1.8013403000000006,1412.5552771434982,15.0
2026-10-04 02:46:00+00:00,784.1699999672034,784.1699999701686,784.1699999672034,784.1699999687935,1.0558102999999999,827.9347629180518,6.0
2026-10-04 02:47:00+00:00,783.8704991597182,783.8704991597182,783.3738710676365,783.3738710676365,9.7763903,7658.568714379092,31.0
2026-10-04 02:48:00+00:00,783.2235839351281,783.86861308408,783.2235839351281,783.86861308408,4.9163303,3853.757013724239,23.0
2026-10-04 02:49:00+00:00,783.6600001141775,783.6900001111788,783.6600001141775,783.6900001033905,0.3274603,256.62736254085627,5.0
2026-10-04 02:50:00+00:00,783.6600023245979,783.6600023245979,783.6600019361381,783.6600020676995,0.021860400000000002,17.131121109200738,5.0
2026-10-04 02:51:00+00:00,783.9999998327675,783.9999998327675,783.9899997809613,783.9899997809613,0.5364403,420.5638306794988,6.0
2026-10-04 02:52:00+00:00,783.3572399843696,783.7730272870053,783.2488378856739,783.7237535974194,4.838070299999999,3791.7106156841924,20.0
2026-10-04 02:53:00+00:00,783.6943295081896,783.6943295233758,783.6943295081896,783.6943295233758,0.30818029999999996,241.5191535808128,5.0
2026-10-04 02:54:00+00:00,783.2281081867199,783.2281081867199,783.217406576946,783.217406576946,3e-07,0.0002349652219730838,3.0
2026-10-04 02:55:00+00:00,783.2300000075986,783.2300000227478,783.2300000063015,783.2300000063015,0.7942904000000001,622.1120699970053,5.0
2026-10-04 02:56:00+00:00,783.2200000007974,783.6099999732526,783.2200000007974,783.6099999732526,4.0078903,3140.622917875799,7.0
2026-10-04 02:57:00+00:00,783.3799985019951,783.3799985019951,783.3799982287159,783.3799982829644,0.025030300000000002,19.608236371022084,4.0
2026-10-04 02:58:00+00:00,783.1900003475182,783.1900009509731,783.1900003475182,783.1900008435622,0.062280300000000004,48.77730820953731,4.0
2026-10-04 02:59:00+00:00,783.4099999983812,783.6299999915917,783.280000003177,783.3000000030681,8.132080299999998,6369.858499014949,22.0
2026-10-04 03:00:00+00:00,783.539999925095,783.5999998974781,783.5399998635368,783.5599998976444,0.8690304,680.9374601350498,8.0
2026-10-04 03:01:00+00:00,783.3093147090857,783.3093147090857,783.1373490551355,783.1373490551355,3e-07,0.00023494120471654063,3.0
2026-10-04 03:02:00+00:00,783.3223962936788,783.3382014997544,783.2354676661985,783.2354676661985,6.088880299999999,4769.027009334002,18.0
2026-10-04 03:03:00+00:00,783.3267481662614,783.3267481662614,782.7279483814697,783.1046127630145,4.6476203,3639.5728953010253,13.0
2026-10-04 03:04:00+00:00,782.8600000282672,783.3899998917439,782.8600000183721,783.3899998917439,1.1389202999999999,892.2187736937047,9.0
2026-10-04 03:05:00+00:00,783.4099999594549,783.4099999594549,783.3499999483986,783.3799999494204,2.0647303999999993,1617.468500647566,13.0
2026-10-04 03:06:00+00:00,783.0497002040203,783.3407058251038,783.0497002040203,783.3310056365036,1.4739303,1154.5753041371133,9.0
2026-10-04 03:07:00+00:00,783.2607138619402,783.2974603480536,783.2607138510926,783.269900472621,1.5704902999999997,1230.1177809742164,9.0
2026-10-04 03:08:00+00:00,783.262981954589,783.2629819564811,783.1871756457648,783.225078802069,2.757290299999999,2159.5789124976795,15.0
2026-10-04 03:09:00+00:00,783.0545442026099,783.3309964944812,783.0545442026099,783.2955194745097,4.6629903,3652.4994093430996,15.0
2026-10-04 03:10:00+00:00,783.2100000057407,783.4799999529274,783.2099999883077,783.4799999529274,1.5869803999999998,1243.3674037172966,11.0
2026-10-04 03:11:00+00:00,783.5999999320986,783.6099999293451,783.599999925952,783.6099999277899,1.0895203,853.7590022043256,6.0
2026-10-04 03:12:00+00:00,783.579999970633,783.6899999590286,783.559999973014,783.6899999582865,2.5198502999999994,1974.7814815018878,11.0
2026-10-04 03:13:00+00:00,783.5606675048226,783.5606675066879,783.2809768248421,783.5606675012572,1.2623802999999998,989.1515505084371,8.0
2026-10-04 03:14:00+00:00,783.6899996636818,783.6899996636818,783.4399998303574,783.4399998303574,0.29109029999999997,228.05178458261864,5.0
2026-10-04 03:15:00+00:00,783.1800000472208,783.1800000472208,783.1800000413604,783.1800000445159,0.7837304,613.8019747068885,5.0
2026-10-04 03:16:00+00:00,783.3799994203588,783.3799998891741,783.3799994203588,783.3799998891741,0.08839029999999999,69.24319320420406,4.0
2026-10-04 03:17:00+00:00,783.5199874607339,783.5199874607339,783.51998343674,783.51998343674,0.0024903,1.9511998147525136,4.0
2026-10-04 03:18:00+00:00,783.310004160741,783.3100046160159,783.3100030001683,783.3100030001683,0.0062303,4.880256311691949,4.0
2026-10-04 03:19:00+00:00,783.4972063186475,783.6283421100868,783.3848042216277,783.6283421100868,2.2747903,1782.590151437107,9.0
2026-10-04 03:20:00+00:00,783.6999999611774,783.7099999640291,783.6999999611774,783.7099999640291,2.4658703999999996,1932.5272910953,9.0
2026-10-04 03:21:00+00:00,783.7055261125166,783.990536023392,783.7055261125166,783.990536023392,3.8884903,3048.5395946187605,10.0
2026-10-04 03:22:00+00:00,783.9899999404065,783.9899999420602,783.9899999404065,783.9899999420602,1.2762803,1000.5909923230525,4.0
2026-10-04 03:23:00+00:00,783.5900051807117,783.5900051807117,783.5900045739855,783.5900045739855,0.0093603,7.334637519813877,4.0
2026-10-04 03:24:00+00:00,784.0999999711548,784.0999999724394,784.0899999719616,784.0899999732461,3.719060299999999,2916.0779905275,13.0
2026-10-04 03:25:00+00:00,784.0841464496439,784.2576609049497,783.8142350765619,784.0745067583448,3.8236803,2998.0502452241,9.0
2026-10-04 03:26:00+00:00,783.9099999952551,784.1499999774468,783.8999999938484,784.0899999802798,5.390740399999999,4226.825640129693,14.0
2026-10-04 03:27:00+00:00,784.0735336324602,784.0831369477974,783.7950375245262,783.7950375257966,5.180680299999999,4060.5915101476544,21.0
2026-10-04 03:28:00+00:00,783.9799999129153,783.9799999129153,783.959999866837,783.959999866837,0.5771002999999999,452.42355111115154,5.0
2026-10-04 03:29:00+00:00,783.9299946114024,783.9299946722692,783.9299945396305,783.9299946722692,0.0124003,9.72096711293454,4.0
2026-10-04 03:30:00+00:00,783.5592554695278,783.5592554695278,783.559255468266,783.559255468266,2.3829502999999996,1867.1827628858807,5.0
2026-10-04 03:31:00+00:00,783.839997117724,783.8399990733915,783.839997117724,783.8399986519194,0.0189004,14.814889510520738,5.0
2026-10-04 03:32:00+00:00,783.9699999780335,783.9799999776184,783.9699999780335,783.9799999775724,2.5916002999999996,2031.7628031358765,6.0
2026-10-04 03:33:00+00:00,784.2099999316549,784.2099999771023,784.2099999316549,784.2099999771023,1.7942103,1407.0376593219166,4.0
2026-10-04 03:34:00+00:00,784.4873416141867,784.8240612415983,784.4181481607334,784.8240612415983,5.6214003,4411.8102133107395,19.0
2026-10-04 03:35:00+00:00,784.5738294858032,784.6769881044944,783.993829489057,784.1157442202376,4.4428503,3483.708869443606,16.0
2026-10-04 03:36:00+00:00,784.1728487184118,784.5646758473493,784.1728487184118,784.5646758473493,1.0615704,832.870636765141,10.0
2026-10-04 03:37:00+00:00,784.6399997349259,784.6399997509523,784.310000075333,784.310000075333,0.2889303,226.61092361476597,5.0
2026-10-04 03:38:00+00:00,784.2892297031619,784.4157787945646,784.2892296794126,784.4157787945646,0.1599103,125.43616251177247,7.0
2026-10-04 03:39:00+00:00,784.6622007199219,784.6643683284653,784.6526316346879,784.6531187929038,5.628730299999999,4416.6007847391165,20.0
2026-10-04 03:40:00+00:00,784.7286019581107,784.803636794275,784.6806998092079,784.803636794275,1.2265002999999999,962.5618959692692,11.0
2026-10-04 03:41:00+00:00,784.8231793040234,784.8340303936353,784.8231793040234,784.8340303920949,1.8498203,1451.801921550114,7.0
2026-10-04 03:42:00+00:00,784.8394553493246,785.1185994554036,784.8394553483317,785.1185994547926,6.3772903,5006.929228652634,13.0
2026-10-04 03:43:00+00:00,784.8000000092468,785.229999954434,784.8000000040602,785.0299999730336,2.9652003999999996,2327.7712699320386,11.0
2026-10-04 03:44:00+00:00,784.8269027237544,785.0349897091377,784.8269027237544,784.9656273841684,3.203230299999999,2514.4256820954774,15.0
2026-10-04 03:45:00+00:00,784.9699999290959,784.9799999551149,784.9699999290959,784.9799999551149,1.7787302999999999,1396.2677108141613,6.0
2026-10-04 03:46:00+00:00,784.7800000007142,785.0999998778547,784.7699999960213,784.7700000001333,0.7813803,613.2038180311042,6.0
2026-10-04 03:47:00+00:00,785.389969160514,785.3899917011697,785.389969160514,785.3899917011697,0.0061903,4.861799665627751,4.0
2026-10-04 03:48:00+00:00,785.3899999548934,785.6299998904757,785.3899999548934,785.6299998904757,0.8249702999999999,648.1214166986456,6.0
2026-10-04 03:49:00+00:00,785.6233585155392,785.6620689468907,785.6233585155392,785.6620689468907,2.0539803999999995,1613.7344906403619,9.0
2026-10-04 03:50:00+00:00,785.6471054671104,785.6471054683321,785.6272984355688,785.6272984367906,3.172570299999999,2492.4578338897977,12.0
2026-10-04 03:51:00+00:00,785.2317991280398,785.5451048136956,785.2317991225423,785.5451048081981,2.9307102999999994,2302.2051297759654,13.0
2026-10-04 03:52:00+00:00,785.4399999660288,785.4399999660288,785.4399999195317,785.4399999195317,1.7904603,1406.2991378879246,4.0
2026-10-04 03:53:00+00:00,784.8500001423654,785.129999678534,784.8500000287427,785.1299995649113,0.18110030000000002,142.1872784602053,6.0
2026-10-04 03:54:00+00:00,785.1570461327119,785.1570461573028,785.1570461202951,785.1570461573028,0.9811202999999998,770.3335166729667,7.0
2026-10-04 03:55:00+00:00,784.9200000039907,785.1799999880078,784.6800000074226,784.9899999948274,6.5069604000000005,5107.898844362342,15.0
2026-10-04 03:56:00+00:00,784.8564189509046,784.8659759744046,784.6664789900752,784.8469819761979,3.4435303,2702.644363298591,9.0
2026-10-04 03:57:00+00:00,784.8072225194005,784.8324075068298,784.7448150160094,784.8324075045131,2.0429803,1603.3971473332924,10.0
2026-10-04 03:58:00+00:00,784.8069534053127,784.9044149558825,784.8069534053127,784.9044149558825,0.0791803,62.148967047531265,6.0
2026-10-04 03:59:00+00:00,784.7600000107407,784.7600000107407,784.5599999327436,784.5599999501022,0.7704302999999999,604.4487961295572,6.0
2026-10-04 04:00:00+00:00,784.5102332552188,784.5102366153615,784.5102316618752,784.5102316618752,0.0086204,6.762792001018029,6.0
2026-10-04 04:01:00+00:00,784.7899801879089,784.8299905190286,784.7899801879089,784.8099914668509,0.0063303,4.968082688982606,6.0
2026-10-04 04:02:00+00:00,784.8100000418417,785.1199999992622,784.8100000155482,785.0999999353633,1.0849903,851.8258844598698,6.0
2026-10-04 04:03:00+00:00,784.7485940553769,785.1163663531871,784.748594055047,785.0299999944139,5.8642902999999995,4603.643814176241,14.0
2026-10-04 04:04:00+00:00,784.9549897502304,784.9563718890399,784.7486178633425,784.750000002152,4.408240299999999,3459.3665754344856,12.0
2026-10-04 04:05:00+00:00,784.5401650485607,784.7399708812518,784.5401650212228,784.6900193957413,2.5652103999999993,2012.8949985301567,10.0
2026-10-04 04:06:00+00:00,784.4800000441707,784.6099999987716,784.4800000247723,784.6099999850973,0.8590502999999999,674.0194558701977,5.0
2026-10-04 04:07:00+00:00,784.456898300372,784.456898300372,784.4568982775204,784.4568982775204,1.3035402999999999,1022.5711805177483,5.0
2026-10-04 04:08:00+00:00,784.2900000014356,784.3099999996385,784.0600000031875,784.0600000031875,3.3388802999999996,2617.8824880286425,7.0
2026-10-04 04:09:00+00:00,784.0196465840353,784.0196465840353,783.9242224108278,783.9242224108278,0.0820303,64.30553914162694,7.0
2026-10-04 04:10:00+00:00,783.7200001879294,783.7599998259417,783.6500007816056,783.7599998184863,0.0331503,25.981879121982768,6.0
2026-10-04 04:11:00+00:00,783.7489153437682,783.7588515379923,783.7489153234704,783.7588515176946,1.6864304,1321.7547534685264,7.0
2026-10-04 04:12:00+00:00,783.7314526406903,783.7965810489252,783.5974357966892,783.5978631643657,4.755390300000002,3726.313677592553,21.0
2026-10-04 04:13:00+00:00,783.7841444225899,783.7940082467804,783.5276850065956,783.715097652189,5.800580300000001,4546.0023562538645,15.0
2026-10-04 04:14:00+00:00,783.635474965134,783.8649721722055,783.635474965134,783.8364805187867,2.7825203,2181.0409189240786,10.0
2026-10-04 04:15:00+00:00,783.9099999815638,783.9099999815638,783.8699999821561,783.8699999821561,2.4403503,1912.9173896174545,7.0
2026-10-04 04:16:00+00:00,783.8499999734938,783.8499999734938,783.8499999624746,783.8499999632091,2.0412204,1600.0106104649017,6.0
2026-10-04 04:17:00+00:00,783.8499999917134,783.8499999917134,783.6399999953627,783.6399999953627,6.289000300000001,4928.312195062837,11.0
2026-10-04 04:18:00+00:00,783.6432811932763,783.6432811932763,783.3191159515106,783.3191159515106,4.1931903,3284.60611881245,14.0
2026-10-04 04:19:00+00:00,783.6775747216872,784.1830834722646,783.6775747216872,784.0641613751117,9.632070299999999,7552.1611220756195,31.0
2026-10-04 04:20:00+00:00,784.279727107693,784.3498563707602,784.1499138233177,784.339870733253,17.865880300000008,14012.922245037777,55.0
2026-10-04 04:21:00+00:00,784.3734237762324,784.5554252290872,784.0608577693846,784.2357111601482,12.587330399999997,9871.43400785175,28.0
2026-10-04 04:22:00+00:00,784.246172008653,784.4014797661393,784.1661720102005,784.3183937627524,15.072270299999992,11821.458832054033,36.0
2026-10-04 04:23:00+00:00,784.2281333009267,784.2281333009267,784.1548523487266,784.1682904414932,14.232570299999999,11160.73032073937,25.0
2026-10-04 04:24:00+00:00,784.0576061769589,784.0695692554843,784.0515938692403,784.055581562082,10.663810300000002,8361.019986434221,15.0
2026-10-04 04:25:00+00:00,784.0894854794635,784.0894854794635,784.0263236629904,784.0263236629904,1.9128203,1499.7014676369383,7.0
2026-10-04 04:26:00+00:00,784.2499999782098,784.2699999750894,784.2499999763037,784.2699999737952,1.9228802999999999,1508.0573328306111,7.0
2026-10-04 04:27:00+00:00,784.2793550347659,784.2893550325422,784.2793550295031,784.2893550296196,1.7988104000000003,1410.7878484365724,9.0
2026-10-04 04:28:00+00:00,784.2139723534652,784.4239526088746,784.0699012758226,784.3800394868258,11.729710299999999,9200.550628283027,17.0
2026-10-04 04:29:00+00:00,784.4923988544214,784.5815898054125,784.4396237614029,784.5739886740901,3.6892403,2894.4819773481963,9.0
2026-10-04 04:30:00+00:00,784.4875261316004,784.5362369284993,784.4875261257316,784.5362369226306,2.3209803,1820.8931505335581,7.0
2026-10-04 04:31:00+00:00,784.5199524948632,784.5343916618002,784.433317499587,784.4333175004838,6.4440703,5054.943443635338,13.0
2026-10-04 04:32:00+00:00,784.555384285386,784.6284628285879,784.4311507559194,784.4457664645597,4.734440299999999,3713.9116499141996,12.0
2026-10-04 04:33:00+00:00,784.4999999717257,784.4999999752667,784.3899999815652,784.4399999734691,2.3126404,1814.1276353146434,10.0
2026-10-04 04:34:00+00:00,784.4081738344594,784.4081738344594,784.2434782041429,784.2575651265407,3.6404403,2855.042845666533,13.0
2026-10-04 04:35:00+00:00,784.4199986181164,784.4199986290831,784.2699997406307,784.2699997406307,0.0394503,30.939686770767807,5.0
2026-10-04 04:36:00+00:00,784.5812038015038,784.6497993100463,784.5812038015038,784.6497993100463,0.9803303,769.2159731525575,6.0
2026-10-04 04:37:00+00:00,784.630101582084,784.7345428631938,784.6048476199592,784.6097968291041,10.5852103,8305.25970287634,25.0
2026-10-04 04:38:00+00:00,784.594434757164,784.6653909678466,784.5610433398767,784.6319995529406,2.3803303999999996,1867.6834013486505,10.0
2026-10-04 04:39:00+00:00,784.7300899977838,784.7300899997288,784.6901157124491,784.7300899997288,19.0246303,14929.199847530566,7.0
2026-10-04 04:40:00+00:00,784.7300000006569,784.7300000019087,784.7200000008182,784.7300000019087,18.608660299999997,14602.773997254517,17.0
2026-10-04 04:41:00+00:00,784.7199999981816,784.7199999981816,784.5900000022909,784.6000000016493,4.6757403,3668.5858393877115,9.0
2026-10-04 04:42:00+00:00,784.7299946289918,784.730003316374,784.7299946289918,784.730003316374,0.0035003,2.746790430608304,4.0
2026-10-04 04:43:00+00:00,784.7305867917006,784.7305867925498,784.73027383643,784.7302738372792,22.2805003,17484.183101650582,19.0
2026-10-04 04:44:00+00:00,784.731933486888,784.731933486888,784.7303052895332,784.7303052896801,13.153200400000001,10321.714965428344,16.0
2026-10-04 04:45:00+00:00,784.8212855510667,784.8337917667101,784.8212855510667,784.8280774807304,3e-07,0.0002354484232442191,3.0
2026-10-04 04:46:00+00:00,784.7544979572558,784.7544979574769,784.7444979576774,784.7495983669053,6.1951503,4861.641709747612,11.0
2026-10-04 04:47:00+00:00,784.7300580433208,784.7300580433208,784.720061912827,784.7200619128565,36.46473030000001,28614.60541865162,10.0
2026-10-04 04:48:00+00:00,784.7300000192425,784.7300000256566,784.7200000077787,784.7200000077787,1.7105504,1342.3031099013058,6.0
2026-10-04 04:49:00+00:00,784.7299999993672,784.7300000012593,784.7299999981595,784.7300000012593,7.0142303,5504.276943327834,8.0
2026-10-04 04:50:00+00:00,784.7300000009335,784.989999998441,784.7300000009335,784.8500000006989,18.6022703,14599.991844968,18.0
2026-10-04 04:51:00+00:00,784.7500000026122,784.7900000007826,784.6700000041124,784.7200000018255,6.5589403,5146.931632227973,13.0
2026-10-04 04:52:00+00:00,784.7206063549324,784.8381809374803,784.6030317726265,784.6128296547272,11.158340299999999,8754.976957033377,16.0
2026-10-04 04:53:00+00:00,784.7187571673498,784.786405352588,784.7187571670112,784.7864053513362,6.3022904,4945.951828496235,15.0
2026-10-04 04:54:00+00:00,784.8800690480048,784.8800690518924,784.8800690086765,784.8800690086765,0.22550030000000001,176.99069102547728,5.0
2026-10-04 04:55:00+00:00,784.5900000357124,784.5900000361318,784.5900000036277,784.5900000036277,0.9000003,706.1312353802649,5.0
2026-10-04 04:56:00+00:00,784.7099979991651,784.7799964776221,784.7099973855102,784.7799964776221,0.011090299999999999,8.703445594935772,5.0
2026-10-04 04:57:00+00:00,784.7413913094641,784.7413913094641,784.7377282558474,784.7377282727756,0.2010903,157.80314519969093,6.0
2026-10-04 04:58:00+00:00,784.8007789971224,784.800779185358,784.7908354696907,784.7908356579263,0.22317030000000002,175.14200623103014,6.0
2026-10-04 04:59:00+00:00,784.9499700663938,784.949970066526,784.5600215424361,784.5600215424361,18.6393804,14623.71268816166,16.0
2026-10-04 05:00:00+00:00,784.7552063092501,784.8632089381363,784.7552063092501,784.8056057883915,0.8328502999999999,653.6255842225436,8.0
2026-10-04 05:01:00+00:00,784.8156732731649,785.1570850438484,784.8156732731649,785.1570850438484,5.2969003,4158.898799315886,14.0
2026-10-04 05:02:00+00:00,785.2906068547442,785.3107079983955,785.2672060934375,785.3007079987862,7.6801903,6031.258880155409,14.0
2026-10-04 05:03:00+00:00,785.3999999873431,785.4999999884395,785.3999999873431,785.4799999900213,3.7935803,2979.781454006145,9.0
2026-10-04 05:04:00+00:00,785.4699666322099,785.4699666322099,785.3703001985393,785.420133413522,3.7594504,2952.7480347295186,10.0
2026-10-04 05:05:00+00:00,785.4354558042565,785.4693968842638,785.4354558033856,785.4693968833928,3.3009203,2592.771877201148,7.0
2026-10-04 05:06:00+00:00,785.499999987835,785.499999987835,785.4799999887538,785.4899999879937,3.9465903000000004,3100.0072146996163,9.0
2026-10-04 05:07:00+00:00,785.6128793273446,785.7631318671199,785.6128793273446,785.7573692224951,3.0001502999999996,2357.390207000079,9.0
2026-10-04 05:08:00+00:00,785.7785167606717,785.8355502764615,785.7785167567038,785.8355502764615,1.4829704000000001,1165.3708603277043,10.0
2026-10-04 05:09:00+00:00,785.9100000024372,786.069999993962,785.8300000066713,786.069999993962,5.4815703,4308.897965687902,10.0
2026-10-04 05:10:00+00:00,785.6963148027212,785.8140185057632,785.6963147786782,785.7944011972645,1.4125503,1109.9741171495164,7.0
2026-10-04 05:11:00+00:00,785.7899999856327,785.7899999856327,785.6699999833,785.6699999833,2.5273603,1985.671166858793,7.0
2026-10-04 05:12:00+00:00,785.7405611944365,785.8597193808791,785.7107716516977,785.8597193808791,3.9101003,3072.790324509091,10.0
2026-10-04 05:13:00+00:00,785.6500000077135,785.8599999823352,785.6499999997544,785.7799999854142,3.3099103999999993,2600.8613940637215,11.0
2026-10-04 05:14:00+00:00,785.7551592331164,785.760108924689,785.5582722858395,785.5632219733311,0.8159303,640.9648353736667,8.0
2026-10-04 05:15:00+00:00,786.0881721874456,786.2340026589259,786.0881721874456,786.2340026173486,0.2266503,178.20017256342283,6.0
2026-10-04 05:16:00+00:00,786.2328965246357,786.3681381873438,786.2328965246357,786.3113104111636,4.4118003,3469.048475165365,11.0
2026-10-04 05:17:00+00:00,786.317044318263,786.317044318263,786.3029556717557,786.3029556722031,5.4161203,4258.711400166219,8.0
2026-10-04 05:18:00+00:00,786.533328999532,786.759999987425,786.533328999532,786.6171391478234,6.2808703,4940.640226744532,13.0
2026-10-04 05:19:00+00:00,786.7100000025074,787.0899999849515,786.7100000025074,786.7800000122309,4.3217904,3400.2982509648596,11.0
2026-10-04 05:20:00+00:00,787.0705654850325,787.0705654894402,786.1930160764038,786.1930160764038,9.048460299999999,7113.8362941046,15.0
2026-10-04 05:21:00+00:00,786.3046996404847,786.4255005828443,786.2518492300375,786.4255005828443,5.1374303,4040.206195386972,9.0
2026-10-04 05:22:00+00:00,786.3678901332371,786.3722339637185,786.2740956071302,786.2784394374759,4.0677003,3198.3450439833528,10.0
2026-10-04 05:23:00+00:00,786.4199999861412,786.4464250582932,786.4199999861412,786.4464250580728,3.7092202999999997,2917.103044687832,10.0
2026-10-04 05:24:00+00:00,786.4586662666859,786.5953290246816,786.3893360653759,786.5953290246816,4.7916203,3769.0661464398436,13.0
2026-10-04 05:25:00+00:00,786.4474606350469,786.7241354046732,786.4474606350469,786.7241354046732,4.7293703,3720.7097602760405,14.0
2026-10-04 05:26:00+00:00,786.732999731321,786.7329997443512,786.7329997272114,786.7329997272114,0.14580030000000002,114.70590738012737,4.0
2026-10-04 05:27:00+00:00,786.3600000741443,786.3600000741443,786.3599999916534,786.3599999916534,1.2716804,999.9985993333856,5.0
2026-10-04 05:28:00+00:00,786.3857122085682,786.3896402613065,786.3857122069808,786.389640259719,4.188640299999999,3293.903338694361,8.0
2026-10-04 05:29:00+00:00,786.4199999519632,786.419999953846,786.4199999519632,786.419999953036,0.6357903,499.9982076961408,5.0
2026-10-04 05:30:00+00:00,786.4199593689643,786.5699382743477,786.1699945190636,786.279979049678,6.401870300000001,5033.662445362756,17.0
2026-10-04 05:31:00+00:00,786.302282344698,786.3191952864055,786.2853694024631,786.293825873666,1.7886303000000003,1406.3889616605634,9.0
2026-10-04 05:32:00+00:00,786.2970071743131,786.2970071743131,786.275860213249,786.275860213249,4.8111504,3782.8914193753167,8.0
2026-10-04 05:33:00+00:00,786.1548312409898,786.1980372659771,786.087507162952,786.087507162952,6.6561202999999995,5232.29301400372,14.0
2026-10-04 05:34:00+00:00,785.9173473577121,785.9232443125245,785.9173473577121,785.9232443125245,0.8395703,659.8378140044395,6.0
2026-10-04 05:35:00+00:00,785.9016853620234,785.9016853620234,785.7867367004656,785.8795798462282,4.5621203,3585.277184571949,11.0
2026-10-04 05:36:00+00:00,786.0299999926629,786.0599999943074,785.9199999994751,786.0599999943074,4.8442302999999995,3807.8556695904235,11.0
2026-10-04 05:37:00+00:00,786.0588630924773,786.4477797503223,786.0588630924773,786.4269449312185,4.1224404,3241.9982094330308,11.0
2026-10-04 05:38:00+00:00,786.3998332971512,786.3998333093019,786.1900416897371,786.2499821620821,1.2800903000000001,1006.4709755408544,7.0
2026-10-04 05:39:00+00:00,786.6699999702532,786.6699999795251,786.2200000098335,786.2200000181028,3.4107902999999995,2681.6315497277446,7.0
2026-10-04 05:40:00+00:00,786.5070572116751,786.6926932393823,786.4998752257587,786.5544887431606,5.753840299999999,4525.708915476293,15.0
2026-10-04 05:41:00+00:00,786.6499999871517,786.7100000133481,786.6499999871517,786.7100000133481,1.5001202999999999,1180.1596412330236,7.0
2026-10-04 05:42:00+00:00,786.7493390557515,786.7592997143621,786.5401652079139,786.7592997121629,3.5663203999999995,2805.8357404532003,11.0
2026-10-04 05:43:00+00:00,786.9799999877177,786.9901981515486,786.7918824769907,786.9505944654525,2.8876403,2272.430250687398,11.0
2026-10-04 05:44:00+00:00,787.0300000022129,787.1399999950904,786.8900000304988,786.8900000364397,1.4848403000000001,1168.4059837211073,9.0
2026-10-04 05:45:00+00:00,786.7400002076183,786.7400002076183,786.7400000200711,786.7400000200711,0.2918903,229.64177462785855,4.0
2026-10-04 05:46:00+00:00,786.8999969880173,786.8999969880173,786.8999969354293,786.8999969354293,1.2708302999999999,1000.0163591754506,5.0
2026-10-04 05:47:00+00:00,786.6524959822682,786.6524962846829,786.6454862063679,786.6454863542065,0.08257039999999999,64.95363246646136,9.0
2026-10-04 05:48:00+00:00,786.9249226474618,786.9481331540417,786.9029133591205,786.9206215439558,3.4729703,2732.9519470796986,12.0
2026-10-04 05:49:00+00:00,786.9099999925118,787.0499999825886,786.90999999251,787.0499999825886,3.9291002999999995,3092.3983910465886,8.0
2026-10-04 05:50:00+00:00,787.1498974148177,787.3298060168378,787.1498974148177,787.3098161740766,2.5012703,1969.2746600946773,9.0
2026-10-04 05:51:00+00:00,787.2992754167025,787.2992754167025,787.0799094286567,787.0799094291449,1.7975203,1414.7921149210492,8.0
2026-10-04 05:52:00+00:00,787.2904237939028,787.4289404182666,787.2880185949124,787.4265352192762,2.4387504,1920.3367777366238,9.0
2026-10-04 05:53:00+00:00,787.4382362647822,787.4382362650805,787.3217637198235,787.3217637198235,4.3200603,3401.2774947719895,11.0
2026-10-04 05:54:00+00:00,787.4496407555304,787.4496407603651,787.260067359129,787.2600673639638,3.3983703,2675.4012313056937,10.0
2026-10-04 05:55:00+00:00,787.0900000070494,787.0900000070494,786.7500000137751,786.7500000137751,4.0156203,3159.2892710803158,12.0
2026-10-04 05:56:00+00:00,786.7899999995155,786.8499999963892,786.5500000079859,786.8499999923541,5.7574803,4530.273374010979,11.0
2026-10-04 05:57:00+00:00,786.6760858048806,786.6760858048806,786.3286970476429,786.401737254358,2.7146204,2134.78219854612,10.0
2026-10-04 05:58:00+00:00,786.2900000106731,786.2900000106731,786.2699999949804,786.2800000098686,2.0463703,1609.0200395041948,6.0
2026-10-04 05:59:00+00:00,786.2637234257829,786.4611550559712,786.1236260911941,786.459116389297,7.4105003,5828.05551794062,16.0
2026-10-04 06:00:00+00:00,786.6882584100384,786.8785426175075,786.5265168450977,786.8785426175075,4.0519603,3188.4006156079986,16.0
2026-10-04 06:01:00+00:00,786.7056476719579,786.7487046500903,786.7056476702543,786.743056975569,5.8976503000000005,4639.935425994881,11.0
2026-10-04 06:02:00+00:00,786.7278563034969,786.7278563036807,786.7278562955966,786.7278563036807,3.5590503,2800.0040129959716,6.0
2026-10-04 06:03:00+00:00,786.4100000092794,786.4100000092794,786.1799999956507,786.2199999900037,2.8332904,2227.5895782596776,11.0
2026-10-04 06:04:00+00:00,786.1019109760415,786.1019109767269,785.755833933834,786.0174438143711,4.7704502999999985,3749.6571506494984,19.0
2026-10-04 06:05:00+00:00,786.19368554041,786.1936855843803,786.1881193115881,786.1881193555585,1.6352902999999999,1285.645805557387,7.0
2026-10-04 06:06:00+00:00,786.2099999884119,786.3099999830259,786.2099999884119,786.3099999830259,2.1868203,1719.5186700558806,7.0
2026-10-04 06:07:00+00:00,786.2824513260847,786.3006447505617,786.1699999999465,786.2306447482027,6.463890300000001,5082.108638150655,16.0
2026-10-04 06:08:00+00:00,786.2827511444336,786.5590002253387,786.2827511444336,786.4347506702553,2.983030399999999,2345.958768865791,15.0
2026-10-04 06:09:00+00:00,786.5204634592748,786.6313697317122,786.5204634592748,786.6313697317122,4.7934703,3770.6941078572813,8.0
2026-10-04 06:10:00+00:00,786.651317569235,786.651317569235,786.5690280529461,786.5690280529461,2.7878403,2192.8288351378337,8.0
2026-10-04 06:11:00+00:00,786.6299999921026,786.6399999912702,786.3800000025112,786.4699999951611,3.6038003000000005,2834.2808219235617,10.0
2026-10-04 06:12:00+00:00,786.4945022377341,786.6613273405831,786.3580089781992,786.6537443817239,5.2601103,4137.885463355873,11.0
2026-10-04 06:13:00+00:00,786.499999642003,786.499999642003,786.4600010248851,786.4600010287107,1.4287804000000002,1123.678634853802,7.0
2026-10-04 06:14:00+00:00,786.4687021015484,786.4687021015484,786.3652507475604,786.4216519528522,4.7317003,3721.1115664718063,9.0
2026-10-04 06:15:00+00:00,786.349999998195,786.6099999930664,786.3299999996426,786.6099999930664,4.144960299999999,3260.4672215542596,7.0
2026-10-04 06:16:00+00:00,786.6578410831229,786.6966112196051,786.5659763251106,786.5659763253516,6.2958302999999995,4952.085906698231,16.0
2026-10-04 06:17:00+00:00,786.5489697318259,786.5489697318259,786.5452347716874,786.5452347716874,4.0840103,3212.2588402234896,8.0
2026-10-04 06:18:00+00:00,786.4556219127855,786.6198617903842,786.4481564639133,786.6198617903842,6.9904303,5498.811316441314,10.0
2026-10-04 06:19:00+00:00,786.6612867506142,786.9731832006877,786.6612867506142,786.9731832006877,7.404640400000001,5827.253426044414,13.0
2026-10-04 06:20:00+00:00,787.4420208027623,788.3979985684409,787.4420208027623,788.0494650154195,9.370330300000001,7384.283779932776,30.0
2026-10-04 06:21:00+00:00,788.1862682245572,788.1956462948202,788.1788048031434,788.1881828734064,0.5331602999999999,420.23064803724014,7.0
2026-10-04 06:22:00+00:00,788.4290741430328,788.4290741430328,787.8542220346203,787.8542220346203,8.2042703,6463.7689945682405,16.0
2026-10-04 06:23:00+00:00,787.8599999880954,787.8599999880954,787.6600000284757,787.660000031067,1.2692803,999.7613211374328,5.0
2026-10-04 06:24:00+00:00,787.6196128006928,787.7744304334791,787.6196127961786,787.7744304289648,5.3732904,4232.940784389425,11.0
2026-10-04 06:25:00+00:00,787.8073855069347,787.9822582984663,787.7549236728341,787.8598473522318,3.9797503,3135.4854638579986,10.0
2026-10-04 06:26:00+00:00,787.8399999981442,788.1299999859762,787.5700000076957,787.5700000076957,7.1499003000000005,5631.0469793260245,15.0
2026-10-04 06:27:00+00:00,787.7800020302092,787.7800020302092,787.7799660650792,787.7799660650792,0.0012303,0.9692056922498669,4.0
2026-10-04 06:28:00+00:00,787.5606566888183,787.6101876397654,787.5408443139892,787.6101876397654,3.0284103,2385.2068046331983,10.0
2026-10-04 06:29:00+00:00,788.0499923230304,788.0499977178572,788.0499923230304,788.0499977178572,0.0242804,19.13416916458866,5.0
2026-10-04 06:30:00+00:00,788.0531252469749,788.0531252472991,787.6389055685644,787.639764913919,11.671930300000001,9193.276437583649,23.0
2026-10-04 06:31:00+00:00,787.5500019657975,787.5500021638497,787.5500011209323,787.5500011209323,0.0415203,32.69931231154145,4.0
2026-10-04 06:32:00+00:00,787.8018917161701,788.4906103094664,787.8018917161701,788.4906103094664,24.7809703,19539.56239590776,18.0
2026-10-04 06:33:00+00:00,788.1115692006736,788.6655976730101,788.1115691982828,788.6655976706194,12.022680300000001,9481.874344402282,12.0
2026-10-04 06:34:00+00:00,788.0645218966264,788.2172868534448,788.0645218956837,788.1313565665264,3.4158203999999994,2692.115165639614,11.0
2026-10-04 06:35:00+00:00,788.0499999890225,788.159999990784,788.0399999901792,788.159999990784,2.5934102999999995,2044.0222620240986,9.0
2026-10-04 06:36:00+00:00,788.2006306218966,788.3193693636039,788.1751866062342,788.1751866081842,5.7135203,4503.254928642148,13.0
2026-10-04 06:37:00+00:00,788.1270591783178,788.1270591783178,787.8675488124491,787.8675488124491,23.415670300000002,18448.446763061464,17.0
2026-10-04 06:38:00+00:00,787.5428862603269,787.5428862603269,787.5357453167754,787.5357453167754,1.4003803,1102.8495432874295,6.0
2026-10-04 06:39:00+00:00,787.6610266293143,787.661173291242,787.4738132217595,787.6414666155431,3.8387604,3023.566871441669,12.0
2026-10-04 06:40:00+00:00,787.6698382271265,787.6698382271265,787.4640970543088,787.4640970543088,7.4697903,5882.191673774534,17.0
2026-10-04 06:41:00+00:00,787.1100000173996,787.5299999900443,787.110000014891,787.5299999900443,2.6236203000000002,2066.17969483288,11.0
2026-10-04 06:42:00+00:00,787.5100000151135,787.6899999804285,787.5100000151135,787.6899999764516,1.3016603,1025.304801676348,7.0
2026-10-04 06:43:00+00:00,787.6702100200423,787.670210033725,787.6102594434993,787.610259457182,3.0475003,2400.2425019788398,7.0
2026-10-04 06:44:00+00:00,787.8490821860855,787.9885299565921,787.8490821860855,787.9885299565921,1.0039604,791.1092797306321,8.0
2026-10-04 06:45:00+00:00,787.7300239411738,787.7300239411738,787.7300239346666,787.7300239346666,1.2710702999999999,1001.2602378416437,5.0
2026-10-04 06:46:00+00:00,788.0799999652877,788.119999991998,788.0799999652877,788.119999991998,1.3027703,1026.7393288255753,7.0
2026-10-04 06:47:00+00:00,788.3699999665022,788.3700000022892,788.3699999665022,788.3700000022892,1.2684403,1000.0002793139037,4.0
2026-10-04 06:48:00+00:00,788.4599999980234,788.619999988644,788.4599999980234,788.599999989984,4.4092203,3477.1111285358375,9.0
2026-10-04 06:49:00+00:00,788.4899999984043,788.4899999984043,788.4199999925529,788.4199999942992,2.8446503999999995,2242.779268351783,7.0
2026-10-04 06:50:00+00:00,788.3599999776451,788.3899999922635,788.1700000129705,788.3799999941227,1.6135702999999997,1272.1065531045163,7.0
2026-10-04 06:51:00+00:00,788.6499999818194,788.7099999905497,788.6499999818194,788.7099999905497,2.5363502999999996,2000.4448450890304,5.0
2026-10-04 06:52:00+00:00,788.6065037424266,788.6125065529898,788.6065037424266,788.6125065529898,3e-07,0.00023658375196589692,3.0
2026-10-04 06:53:00+00:00,788.625088503916,788.634196687048,788.6165890468372,788.634196687048,3e-07,0.0002365902590061144,3.0
2026-10-04 06:54:00+00:00,788.6125070717839,788.7531831088179,788.6125070717839,788.7531831088179,4.5512804000000004,3589.836902720774,10.0
2026-10-04 06:55:00+00:00,788.7200053903262,788.7200053908512,788.7004222822395,788.7195884990724,5.292510300000001,4174.306545943103,10.0
2026-10-04 06:56:00+00:00,788.5154541734821,788.8153789840762,788.4946210172027,788.7378032967199,3.4923802999999998,2754.5723660987396,14.0
2026-10-04 06:57:00+00:00,788.6699999967116,788.6699999967116,788.4300000108798,788.4300000108798,2.2685402999999997,1788.5852287536811,8.0
2026-10-04 06:58:00+00:00,788.6393331210622,788.6393331210622,788.1004243810804,788.1004243810804,6.2746403,4945.04668326863,12.0
2026-10-04 06:59:00+00:00,788.2102168041392,788.2102168144028,788.1209424923833,788.1209425022353,2.8702903999999996,2262.1359753031174,7.0
2026-10-04 07:00:00+00:00,788.3300000191119,788.3900000121091,788.3300000122794,788.3600000087779,2.5704103,2026.4086641305626,6.0
2026-10-04 07:01:00+00:00,788.360221865303,788.422444532037,788.3602218484627,788.3975554485031,3.3574902999999994,2647.0371449620607,11.0
2026-10-04 07:02:00+00:00,788.189047564314,788.189047564314,787.8258523945874,787.8258523945874,3e-07,0.0002363477557183762,3.0
2026-10-04 07:03:00+00:00,787.7000016900992,787.7000016900992,787.7000013850808,787.7000015801141,0.0190103,14.974413340038444,4.0
2026-10-04 07:04:00+00:00,787.8194030536746,787.821392869685,787.6917908380913,787.6939796360061,4.6426403,3656.9798139255013,12.0
2026-10-04 07:05:00+00:00,787.7832294696587,787.8004966158354,787.7572671181075,787.7659007124817,1.0555903,831.5580434628587,8.0
2026-10-04 07:06:00+00:00,787.8400000528609,787.8400000528609,787.839999840642,787.839999840642,0.1398703,110.19541712971055,4.0
2026-10-04 07:07:00+00:00,787.7350711078047,787.9935449266814,787.7001422051322,787.9935449266814,4.211370400000001,3318.5326904952967,12.0
2026-10-04 07:08:00+00:00,788.1199999860739,788.1500000265432,788.1199999780126,788.1500000265432,0.9204803,725.4765484694326,5.0
2026-10-04 07:09:00+00:00,788.2399999761914,788.2399999762579,788.2399999726667,788.2399999726667,0.8880602999999999,700.0046508477263,4.0
2026-10-04 07:10:00+00:00,788.1526143549273,788.1869857572192,788.0956285924501,788.0956285924501,5.6436103,4447.704606909326,11.0
2026-10-04 07:11:00+00:00,788.1199999967216,788.1277055910564,788.119999994909,788.1277055896055,6.1922803,4880.307665206714,11.0
2026-10-04 07:12:00+00:00,788.1417682562263,788.1472103236309,788.1363261908117,788.1472103218438,5.5676104,4388.096604918885,11.0
2026-10-04 07:13:00+00:00,788.0810540047897,788.1029834461333,787.9656141147569,788.0217552275483,4.0542303,3194.82167710271,11.0
2026-10-04 07:14:00+00:00,787.958422100981,787.958422100981,787.8533751029514,787.8533751029514,3.0484703,2401.747614756107,8.0
2026-10-04 07:15:00+00:00,787.7698245072099,787.7698245072099,787.5603509837841,787.5603509837841,5.6082803,4416.859201483442,12.0
2026-10-04 07:16:00+00:00,787.5933641716241,787.5933641716241,787.1554715934993,787.3458596692302,10.4037503,8191.349723737512,14.0
2026-10-04 07:17:00+00:00,787.2900000144308,787.2900000144308,786.8700000272604,786.9700000170624,2.9417402999999998,2315.0613639411927,12.0
2026-10-04 07:18:00+00:00,786.9845136128212,787.0478631320069,786.9845136128212,787.0329883694014,4e-07,0.0003148131953477606,4.0
2026-10-04 07:19:00+00:00,787.0814957982842,787.119930675981,787.0814957982842,787.119930675981,5.4372103,4279.73659440673,7.0
2026-10-04 07:20:00+00:00,787.3299999236134,787.3300000161653,787.3299999236134,787.3300000161653,1.2701103,999.9959425195317,4.0
2026-10-04 07:21:00+00:00,787.5279914255141,787.5279914260678,787.3971057041408,787.4145571333431,2.9329403,2309.439887423034,9.0
2026-10-04 07:22:00+00:00,787.3616191206323,787.6125712920848,787.3458095575007,787.6125712920848,2.8826603000000004,2270.4194910446126,10.0
2026-10-04 07:23:00+00:00,787.3579442512373,787.7299712467102,787.3579442460738,787.7299712467102,2.3986203,1889.4650999507755,8.0
2026-10-04 07:24:00+00:00,787.7800000213932,787.7800000213932,787.77999997819,787.77999997819,1.2693904,1000.0003692843145,5.0
2026-10-04 07:25:00+00:00,787.6899999987996,787.9299999950186,787.689999998187,787.9299999950186,7.831050299999999,6170.319462839991,13.0
2026-10-04 07:26:00+00:00,787.9499999500385,787.9499999500385,787.7199999768364,787.7199999768364,1.5580403,1227.2995050799102,5.0
2026-10-04 07:27:00+00:00,787.7299999685582,787.7299999685582,787.7099999629808,787.7199999604053,1.1648303,917.5601238698789,7.0
2026-10-04 07:28:00+00:00,787.7563009392812,788.104564264074,787.7556489012218,787.9974984433942,4.0979203,3229.1509452204036,22.0
2026-10-04 07:29:00+00:00,788.1285480132264,788.1714007636461,788.1285480013576,788.1628322500216,5.9941404,4724.358674568277,12.0
2026-10-04 07:30:00+00:00,788.0395579582498,788.1093950981511,787.8200697854655,787.8200697854655,3.1635802999999996,2492.3320527179235,9.0
2026-10-04 07:31:00+00:00,787.7599999956825,787.7599999956825,787.5400000033645,787.6899999921989,4.030150300000001,3174.509089775561,10.0
2026-10-04 07:32:00+00:00,787.4317266761724,787.4317266761724,787.3007539192156,787.3171255127047,6.9275603,5454.18686221193,16.0
2026-10-04 07:33:00+00:00,787.1999999225413,787.1999999225413,787.1999994840323,787.1999994840323,0.0295803,23.28561214473752,4.0
2026-10-04 07:34:00+00:00,787.1184688339299,787.1403775671024,787.1184688339299,787.1403775671024,4e-07,0.00031485615102684096,4.0
2026-10-04 07:35:00+00:00,787.2349191871414,787.2827622353115,787.1594969412466,787.2073399894167,4.9488403000000005,3895.7634085954273,14.0
2026-10-04 07:36:00+00:00,787.8200474692254,787.8200474791549,787.5303443743052,787.5303443837801,1.9958802999999998,1571.816300007802,8.0
2026-10-04 07:37:00+00:00,787.5690315285286,787.5690315285286,787.4265810886628,787.5601283593035,3.4105903,2686.0449344489953,9.0
2026-10-04 07:38:00+00:00,787.5743275765501,787.5829827486782,787.5643275778395,787.5643275779398,2.3264703,1832.245017449548,9.0
2026-10-04 07:39:00+00:00,787.4743664324423,787.4743664324423,787.2874045988282,787.3570229707199,5.8447503,4601.905196215222,11.0
2026-10-04 07:40:00+00:00,787.5886776107919,787.5886776564483,787.5886776107919,787.5886776564483,0.9007004,709.381437000634,6.0
2026-10-04 07:41:00+00:00,787.6099999930954,787.9299999857642,787.6099999930954,787.7500000009461,3.5568703,2801.924578828365,7.0
2026-10-04 07:42:00+00:00,787.9042670738818,787.9042670985032,787.9042670685383,787.9042670985032,0.7767502999999999,612.0048758400424,5.0
2026-10-04 07:43:00+00:00,787.8799999883776,787.9599999826956,787.8799999876188,787.9199999879278,2.2935103,1807.1026355483123,7.0
2026-10-04 07:44:00+00:00,787.916841643564,787.9168416446597,787.8621084513333,787.8757917508725,4.0184903,3166.071226755701,9.0
2026-10-04 07:45:00+00:00,787.903639919015,787.90916992574,787.7821200280683,787.8312899559874,6.3989804,5041.31698293508,14.0
2026-10-04 07:46:00+00:00,787.809756685118,787.8097566855207,787.5799438680127,787.6398950336965,1.5484603,1219.629108155846,10.0
2026-10-04 07:47:00+00:00,787.7021704248303,787.7108968842806,787.5974529199772,787.597452920635,9.9698403,7852.220826305499,17.0
2026-10-04 07:48:00+00:00,787.6500000055162,787.9199999453197,787.6500000055162,787.9199999453197,0.7707803,607.3132139338535,5.0
2026-10-04 07:49:00+00:00,787.6436397719788,787.6454486544778,787.627712599967,787.6454486544778,3e-07,0.00023629363459634335,3.0
2026-10-04 07:50:00+00:00,787.7784947211463,787.9266872914077,787.7784947211463,787.8989011879893,1.9556504000000001,1540.8548012678518,11.0
2026-10-04 07:51:00+00:00,787.726216679637,787.9207333138247,787.7262166738129,787.9207333138247,1.2019002999999997,947.0021657461057,7.0
2026-10-04 07:52:00+00:00,787.8677986750511,787.8677986750511,787.7175379383516,787.7175379383516,1.5844603,1248.1071664770618,8.0
2026-10-04 07:53:00+00:00,788.0699999709105,788.0699999878997,787.7699999973396,787.9099999930811,3.4053402999999998,2683.1016757494385,10.0
2026-10-04 07:54:00+00:00,787.8000000034098,787.8799999890135,787.7599999796149,787.7899999742162,1.6671003,1313.3249452940158,10.0
2026-10-04 07:55:00+00:00,787.7164360117989,787.7164360958851,787.4078403696072,787.4078403696072,0.15686030000000004,123.51303006272873,7.0
2026-10-04 07:56:00+00:00,787.3619620425176,787.4615333770046,787.2441714802804,787.3879142672178,2.4427904,1923.4236380479824,13.0
2026-10-04 07:57:00+00:00,787.6459570579328,787.9077501535216,787.6459570579328,787.772339987589,1.4323703,1128.3817029597249,7.0
2026-10-04 07:58:00+00:00,787.6439737737438,787.9186753893306,787.6439737737438,787.9186753893306,1.9489803,1535.6379763359002,7.0
2026-10-04 07:59:00+00:00,787.8184315601405,787.9942022070373,787.8114007345504,787.839524063367,1.6839703,1326.6983596888454,8.0
2026-10-04 08:00:00+00:00,788.0499998818149,788.0499998818149,787.5599999949214,787.619999965584,0.6135502999999999,483.24448726488396,9.0
2026-10-04 08:01:00+00:00,787.6199999001167,787.6699999922726,787.5999998510662,787.6000000604937,0.4104304,323.2549830648284,8.0
2026-10-04 08:02:00+00:00,787.6813271844409,787.6813271844409,787.1223127532357,787.1615418346005,5.9726303,4701.424875756052,16.0
2026-10-04 08:03:00+00:00,787.2522211942967,787.2522211965254,787.2086663541353,787.2086663541353,3.3284803,2620.208537949012,7.0
2026-10-04 08:04:00+00:00,787.5743370577385,787.5978313137416,787.5273487473448,787.5978313038039,0.6864303,540.6310156212195,7.0
2026-10-04 08:05:00+00:00,787.6599999396313,787.6599999578382,787.5499999805941,787.6599999410472,0.8056102999999999,634.5470088505069,6.0
2026-10-04 08:06:00+00:00,787.6099999337979,787.6099999735092,787.6004712702264,787.6004713097873,0.6568404,517.3278086153092,8.0
2026-10-04 08:07:00+00:00,787.6188429804312,787.6287706663247,787.6188429788392,787.6287706646256,1.7825403,1403.9800251491529,7.0
2026-10-04 08:08:00+00:00,787.6350276805047,787.6350277077362,787.3711876690433,787.3711876690433,0.30842030000000004,242.84125791224264,7.0
2026-10-04 08:09:00+00:00,787.4390039091162,787.5974101964699,787.4390039091162,787.5974101964699,2.7980003,2203.697790008946,8.0
2026-10-04 08:10:00+00:00,787.679999939129,788.0799999871897,787.679999939129,788.0799999871897,0.8007603,631.063177213742,5.0
2026-10-04 08:11:00+00:00,788.0600000043243,788.0600000043243,788.059999970907,788.059999970907,1.2689503,1000.0089733810825,4.0
2026-10-04 08:12:00+00:00,788.1199618843349,788.1200374444475,788.1199618843349,788.1200374444475,0.0020004,1.5765553229038727,5.0
2026-10-04 08:13:00+00:00,788.3195470050729,788.377730201739,788.3195470050729,788.377730201739,3e-07,0.0002365133190605217,3.0
2026-10-04 08:14:00+00:00,788.3715864220696,788.3715864220696,788.3252162797617,788.3252162797617,3e-07,0.0002364975648839285,3.0
2026-10-04 08:15:00+00:00,788.1900001718403,788.1900003192925,788.1900000840752,788.1900003192925,0.0960803,75.7295316876777,4.0
2026-10-04 08:16:00+00:00,788.4598633456443,788.5892716001982,788.4598633456443,788.5892716001982,0.3734803,294.5225577340235,6.0
2026-10-04 08:17:00+00:00,788.4427021320776,788.4715711576938,788.4427021320776,788.4715711576938,4e-07,0.00031538862846307753,4.0
2026-10-04 08:18:00+00:00,788.6190187169592,788.6538037399915,788.3992943861356,788.5016868953348,8.2651203,6517.0612989428755,17.0
2026-10-04 08:19:00+00:00,788.6099992271104,788.6099992271104,788.5399993024823,788.5399997432902,0.0334403,26.369014153415545,5.0
2026-10-04 08:20:00+00:00,788.280000095125,788.280000095125,788.27999998864,788.27999998864,0.5087103,401.00615527822106,4.0
2026-10-04 08:21:00+00:00,788.3999999659889,788.4000000087667,788.3999999659889,788.3999999989351,1.1221103,884.671760518805,4.0
2026-10-04 08:22:00+00:00,788.399999815253,788.7899993983982,788.3999997534482,788.5999998009246,0.14149040000000002,111.57932941183276,9.0
2026-10-04 08:23:00+00:00,788.5300025636878,788.5300073523645,788.5300025636878,788.5300073523645,0.0021503,1.6955760748097892,4.0
2026-10-04 08:24:00+00:00,788.5105532518622,788.5105532518622,788.4405944719086,788.4405944719086,2.6925603,2122.9238435834604,7.0
2026-10-04 08:25:00+00:00,788.2020878370556,788.2230220480058,788.2020876126367,788.2230220480058,0.1566203,123.45172618006526,7.0
2026-10-04 08:26:00+00:00,788.4199994942039,788.459999630055,788.4199994942039,788.4599995960461,0.1336303,105.36214628401953,5.0
2026-10-04 08:27:00+00:00,788.3315407156082,788.6298899104414,788.3315407156082,788.4111005270951,1.1285703,889.7773522451938,9.0
2026-10-04 08:28:00+00:00,788.365058351855,788.3650584605384,788.3286047288875,788.3286049590292,0.21774040000000003,171.65098577522105,7.0
2026-10-04 08:29:00+00:00,788.6899792095924,788.8199251581104,788.5800249441302,788.7199667312815,5.243550300000002,4135.692818169802,13.0
2026-10-04 08:30:00+00:00,788.7199998389146,788.7199998389146,788.5899999849796,788.5899999849796,0.1554903,122.61809567466447,5.0
2026-10-04 08:31:00+00:00,788.3100025107004,788.3100025107004,788.3100011457335,788.3100011457335,0.0320203,25.24192272968673,4.0
2026-10-04 08:32:00+00:00,788.7399999584637,788.8199999715004,788.7399999584637,788.8199999715004,2.2361003,1763.8806385822718,6.0
2026-10-04 08:33:00+00:00,788.5500000169817,788.620000006221,788.4500000201605,788.6199999911204,2.2481704,1772.952140828037,7.0
2026-10-04 08:34:00+00:00,788.6799998640532,788.8900001114849,788.6799998640532,788.8900001114849,0.18300029999999998,144.36710668740176,6.0
2026-10-04 08:35:00+00:00,788.8734150850804,788.8734150850804,788.8734149826796,788.8734149903728,0.11371029999999999,89.70303268057978,5.0
2026-10-04 08:36:00+00:00,789.0294162613101,789.0294169355391,789.0294162613101,789.0294169355391,0.0406603,32.0821728014241,5.0
2026-10-04 08:37:00+00:00,788.6900000560023,788.6900000560023,788.6899999954039,788.6899999954039,2.2524803999999996,1776.508766665647,5.0
2026-10-04 08:38:00+00:00,788.6499999991338,788.6599999886075,788.6499999820949,788.6599999715686,0.28500030000000004,224.76833658989707,6.0
2026-10-04 08:39:00+00:00,788.6699846734232,788.6700057778372,788.6699846734232,788.6700057778372,0.0020603,1.6248968129040782,4.0
2026-10-04 08:40:00+00:00,788.6854551813759,788.8306417415874,788.6854551813759,788.8306417415874,0.6497503,512.542946120789,10.0
2026-10-04 08:41:00+00:00,788.8500000170558,788.8600000149522,788.8500000146314,788.8600000095938,0.5955203,469.7821438637133,5.0
2026-10-04 08:42:00+00:00,788.7325949087827,788.7325949087827,788.3902883266053,788.3902883266053,4.6860703,3694.4523149357415,12.0
2026-10-04 08:43:00+00:00,788.4600000093944,788.5499999027805,788.3600001169842,788.5499998919105,0.2532503,199.70052403762628,6.0
2026-10-04 08:44:00+00:00,788.4446915477532,788.4448985367103,788.4428597064369,788.4448985367103,3e-07,0.00023653346956101307,3.0
2026-10-04 08:45:00+00:00,788.3800000259779,788.3800000266252,788.3800000156193,788.3800000266252,0.9508304,749.615670777316,5.0
2026-10-04 08:46:00+00:00,788.7499993932753,788.7499998948452,788.7499993932753,788.7499998948452,0.037650300000000005,29.696674121040896,4.0
2026-10-04 08:47:00+00:00,788.7299999867697,788.7299999867697,788.7299999824824,788.7299999824824,0.5610503,442.5172031091717,4.0
2026-10-04 08:48:00+00:00,788.6400934331839,788.6500830700423,788.6301038164761,788.6500830700423,1.2523003,987.6267356236389,7.0
2026-10-04 08:49:00+00:00,788.7289372411285,788.7289372786511,788.7289372411285,788.7289372786511,0.25170030000000004,198.5233101317177,5.0
2026-10-04 08:50:00+00:00,788.6000002312472,788.6000002312472,788.6000000707479,788.6000001355171,0.2144104,169.08404146905627,5.0
2026-10-04 08:51:00+00:00,788.7005026934745,788.7005026934745,788.6361152005557,788.6361152005557,0.20768029999999998,163.78418499568593,7.0
2026-10-04 08:52:00+00:00,788.737827520247,788.8799999954364,788.737827520247,788.8799999954364,3.5741602999999995,2819.5835774476886,11.0
2026-10-04 08:53:00+00:00,788.8799999481898,788.8800000837867,788.8799999481898,788.8800000837867,0.3985103,314.37680549738985,4.0
2026-10-04 08:54:00+00:00,789.1357958765764,789.8170526575469,789.1357958765764,789.718319794231,5.749048299999998,4540.128763891878,25.0
2026-10-04 08:55:00+00:00,789.4797751694322,789.4797751694322,789.4497882247393,789.4497882247393,2.9038573999999997,2292.449609464842,8.0
2026-10-04 08:56:00+00:00,789.3300000193016,789.6499999689003,789.3300000193016,789.6499999689003,1.2153603,959.7092608572026,6.0
2026-10-04 08:57:00+00:00,789.3071234044316,789.3168836868032,788.9773631393166,789.182329074837,1.7716802999999999,1398.1787855300058,10.0
2026-10-04 08:58:00+00:00,789.1035938607586,789.626406126995,789.1035938607586,789.626406126995,4.5434103,3587.596746749372,10.0
2026-10-04 08:59:00+00:00,789.5363372577083,789.5363372577083,789.5244252241911,789.5268897798927,3e-07,0.0002368580669339678,3.0
2026-10-04 09:00:00+00:00,789.6016662746567,790.2880393905273,789.6016662746567,790.0115689499183,10.989590399999999,8681.90355402096,28.0
2026-10-04 09:01:00+00:00,789.7625592923996,789.94128670094,789.4646802213848,789.4746095218593,2.4031702999999998,1897.2419342070293,11.0
2026-10-04 09:02:00+00:00,789.3200083222699,789.3200083222699,789.3199891699456,789.3199897950943,0.0015703,1.2394691799752366,4.0
2026-10-04 09:03:00+00:00,789.4902027712847,789.7689932403714,789.4902027712847,789.7060405798748,1.2543202999999998,990.5443177319605,8.0
2026-10-04 09:04:00+00:00,789.7811536987701,789.7811537460581,789.7791608870668,789.7791609343548,1.1936903,942.7517235494782,6.0
2026-10-04 09:05:00+00:00,789.6600376833121,789.6600376833121,789.6599781795653,789.6599781795653,0.0012304,0.9715976371521371,5.0
2026-10-04 09:06:00+00:00,789.779999126385,789.7799997216424,789.779999126385,789.7799997216424,0.0540203,42.66415251896304,4.0
2026-10-04 09:07:00+00:00,789.826911199765,789.993588154558,789.7802651183324,789.993588154558,6.5095203,5142.479298961935,11.0
2026-10-04 09:08:00+00:00,789.9961158005314,790.7894282883499,789.9961158005314,790.5767261018632,16.6372903,13153.054496580286,25.0
2026-10-04 09:09:00+00:00,790.6305466756504,791.1351564854136,790.6244277020966,791.0494908527613,21.386250299999997,16917.58241106471,40.0
2026-10-04 09:10:00+00:00,791.0890977147909,791.7077427780645,790.9981205019786,791.1527817745921,13.0909704,10356.957648088845,29.0
2026-10-04 09:11:00+00:00,791.6074669583658,792.2593364948809,791.5701207462238,791.6234379913013,3.6806303,2913.6732120609545,15.0
2026-10-04 09:12:00+00:00,791.3744138957968,791.9055861029703,791.3744138957968,791.8476135987623,9.1880803,7275.5594591088,15.0
2026-10-04 09:13:00+00:00,792.1482137938034,792.1729008620113,791.9923663800149,792.0712060315361,5.4740603000000005,4335.845543710353,11.0
2026-10-04 09:14:00+00:00,792.0899999834229,792.2799999793741,791.9900000208746,792.2799999176698,0.8010302999999999,634.6402860180509,8.0
2026-10-04 09:15:00+00:00,792.1243483058778,792.1243483095834,792.0486710102448,792.0486710119134,4.777570300000001,3784.068206780989,9.0
2026-10-04 09:16:00+00:00,791.530000336194,791.5300004620594,791.489999980559,791.489999980559,0.5500004000000001,435.3198165853075,7.0
2026-10-04 09:17:00+00:00,792.358257058631,793.3427855676792,792.358257058631,793.3272871582312,2.4266103,1925.0961662892216,21.0
2026-10-04 09:18:00+00:00,793.5849955536607,794.3026841317345,793.575395565838,794.1778842900392,9.105480300000002,7231.371080098633,34.0
2026-10-04 09:19:00+00:00,794.4496920787296,794.4496920787296,793.0804847651984,793.0896740758872,6.3259043,5017.009379522254,17.0
2026-10-04 09:20:00+00:00,793.0821988980433,793.0821989129598,792.9156021955331,792.9156022104496,3.9417802999999996,3125.4991003557866,11.0
2026-10-04 09:21:00+00:00,793.0188874840187,793.132877828456,792.8451994248319,793.1328778263073,6.607630400000001,5240.728914764594,12.0
2026-10-04 09:22:00+00:00,793.4416883410256,794.2608441636912,793.4145909208295,794.0550390222788,4.2868103,3403.963320047607,16.0
2026-10-04 09:23:00+00:00,794.461778986225,794.4617789918042,793.9780624089353,794.1949008716341,7.1152303,5650.879622787347,10.0
2026-10-04 09:24:00+00:00,794.431043352055,794.6755135769301,794.3655643026179,794.4921722385061,8.017190300000001,6369.594936696481,26.0
2026-10-04 09:25:00+00:00,794.5824478176185,794.5824478519868,794.1954167112001,794.1954167218953,2.7130703,2154.7079975042975,10.0
2026-10-04 09:26:00+00:00,793.9723782171968,793.9723782171968,793.96438996044,793.9643899733787,0.2625504,208.4556681732666,7.0
2026-10-04 09:27:00+00:00,794.1576774812496,794.1576774812496,793.9736903073049,793.9736903073049,3e-07,0.00023819210709219145,3.0
2026-10-04 09:28:00+00:00,793.9431980031493,794.0071002368854,793.8344987405785,793.8344987405785,0.16467030000000002,130.7209650579607,8.0
2026-10-04 09:29:00+00:00,793.5873703614511,793.5873703614511,793.5831488015267,793.5831488015267,0.0106603,8.459834441168914,6.0
2026-10-04 09:30:00+00:00,793.2137905996734,794.5096863790935,793.2079284207271,794.4979620212008,22.276290300000003,17698.467244742646,53.0
2026-10-04 09:31:00+00:00,794.6445789364747,794.6445900500186,794.6445789364747,794.644589816831,0.011680399999999999,9.28176666689651,6.0
2026-10-04 09:32:00+00:00,794.9337762733898,794.9783683736285,794.3853154103385,794.3853154103385,5.4005203,4290.0940218954365,19.0
2026-10-04 09:33:00+00:00,793.9004233345473,793.9004233345473,793.5914327771083,793.5914327771083,3.3842402999999996,2685.7041085390306,7.0
2026-10-04 09:34:00+00:00,793.6899999457421,793.8199999694796,793.5699999876313,793.8199999694796,0.8594103,682.2170843197704,8.0
2026-10-04 09:35:00+00:00,793.6687680029848,793.6687682259243,793.6687680029848,793.6687682259243,0.12906030000000002,102.43112932786826,5.0
2026-10-04 09:36:00+00:00,793.5900000084914,793.5900000084914,793.4099999859422,793.4099999928127,3.1432303,2493.8703523004087,7.0
2026-10-04 09:37:00+00:00,793.3500000052244,793.3500000052244,793.109999989491,793.109999989491,4.1192804,3267.0424780007106,9.0
2026-10-04 09:38:00+00:00,792.8800002644069,793.4799962632527,792.8800002644069,793.4799953244469,0.0135903,10.78363118045783,5.0
2026-10-04 09:39:00+00:00,793.42586750142,793.42586750142,793.4258674615944,793.4258674615944,1.2960402999999998,1028.311899292685,5.0
2026-10-04 09:40:00+00:00,793.6338601691083,793.6338601691083,793.2697655406026,793.3781285316446,2.2057503,1749.9940450221138,11.0
2026-10-04 09:41:00+00:00,793.393917438134,793.5770745750356,793.393917438134,793.5770745290641,1.5297504,1213.9748471916657,10.0
2026-10-04 09:42:00+00:00,793.3223599417819,793.5604753862474,793.3223599417819,793.3795076537106,3.0857303,2448.1551861661364,10.0
2026-10-04 09:43:00+00:00,793.3899999846624,793.3899999846624,793.1400000016301,793.1400000026846,1.8826203000000001,1493.1814647470542,7.0
2026-10-04 09:44:00+00:00,793.1000000968336,793.1000000968336,793.0999998536979,793.0999999299287,0.1983003,157.27196791610484,4.0
2026-10-04 09:45:00+00:00,793.0159641362909,793.0929025562053,793.0159641322608,793.0929025525696,2.0736103,1644.5656115899046,7.0
2026-10-04 09:46:00+00:00,792.9306374013597,792.9333139483432,792.9306373495562,792.9333139483432,0.1012204,80.26102721117688,7.0
2026-10-04 09:47:00+00:00,793.116080584206,793.2695945830494,793.116080584206,793.2695945830494,0.34092030000000006,270.4417081661316,7.0
2026-10-04 09:48:00+00:00,793.124934871344,793.2099999939387,793.0805210534018,793.1483141554852,1.2581102999999998,997.8680634666515,8.0
2026-10-04 09:49:00+00:00,792.8717657004673,792.8726485500782,791.681107241232,792.1549767378335,16.3732303,12970.13586741969,30.0
2026-10-04 09:50:00+00:00,791.7874350532837,791.7874350532837,791.7823050750112,791.7823050750112,1.2866803,1018.7706938286069,7.0
2026-10-04 09:51:00+00:00,791.1800000243031,791.2000000217778,790.8400000025762,790.8400000038114,3.1677904,2505.2153599480735,10.0
2026-10-04 09:52:00+00:00,790.7654578457878,790.9652847504191,790.7654578457878,790.8500000018818,5.1036803,4036.2455652646036,25.0
2026-10-04 09:53:00+00:00,791.0025233950408,791.7052823269365,791.0025233950408,791.7052823269365,3.1646303000000002,2505.454525121878,10.0
2026-10-04 09:54:00+00:00,791.3936998094795,791.3936999762282,791.3936998094795,791.3936999762282,0.19552029999999998,154.7335336374621,5.0
2026-10-04 09:55:00+00:00,791.5021425326728,791.5728059393207,791.5021425326728,791.5728059393207,0.9092902999999999,719.7694741844066,11.0
2026-10-04 09:56:00+00:00,791.4990349352232,791.5472587472088,791.4990349130969,791.5472587472088,2.3665304,1873.2206508619354,10.0
2026-10-04 09:57:00+00:00,791.7372571092093,791.7372571156802,791.7372570858433,791.7372571156802,0.2300203,182.11564140292592,5.0
2026-10-04 09:58:00+00:00,791.5695342597668,791.5894411091457,791.3903725924532,791.4998602677614,4.304920300000001,3407.34381591385,16.0
2026-10-04 09:59:00+00:00,791.7599995147187,791.8399998226917,791.7599995147187,791.8399998226917,0.2340703,185.3462263104974,6.0
2026-10-04 10:00:00+00:00,791.8599976330567,792.129995617989,791.8599976330567,792.129995617989,0.007520300000000001,5.957055206045964,6.0
2026-10-04 10:01:00+00:00,791.9500000197195,791.9500000197195,791.4400000250662,791.5600000078712,2.7915204,2209.6558878459728,8.0
2026-10-04 10:02:00+00:00,791.6632098820527,791.6632098820527,791.6632078202496,791.6632082810336,0.0256403,20.298482159288188,5.0
2026-10-04 10:03:00+00:00,791.4011461170938,791.5539579565541,791.3951043267388,791.5479161522534,0.20431029999999997,161.7213922134417,8.0
2026-10-04 10:04:00+00:00,791.1900000703953,791.1900000703953,791.000000047809,791.0000001297898,0.5754402999999999,455.1732773746862,6.0
2026-10-04 10:05:00+00:00,791.0000000501237,791.0000000501237,791.000000012684,791.000000012684,1.7717603,1401.462397322473,4.0
2026-10-04 10:06:00+00:00,790.9800266489859,790.9800266489859,790.9800061109644,790.9800061109644,0.0019904,1.5743666041632634,5.0
2026-10-04 10:07:00+00:00,790.8813536039293,791.0487968113625,790.8813536039293,791.0192480153651,1.5671603000000003,1239.6539620255342,11.0
2026-10-04 10:08:00+00:00,790.9800000133193,790.9800000133193,790.8399999827668,790.8399999827668,2.4391602999999997,1928.9855316099652,6.0
2026-10-04 10:09:00+00:00,790.9399984820296,790.9399991470988,790.9399984444591,790.9399991470988,0.0459803,36.367658442783345,4.0
2026-10-04 10:10:00+00:00,790.9869377926696,791.016231148091,790.7916488577384,790.82094221316,0.8512003,673.1470232581245,12.0
2026-10-04 10:11:00+00:00,790.9992250503298,791.0588929273805,790.7704981560856,790.7704981560856,4.4586604,3525.777105616812,13.0
2026-10-04 10:12:00+00:00,790.6449988753302,790.6449994446177,790.6449988753302,790.6449991328625,0.025280300000000002,19.987742771578507,6.0
2026-10-04 10:13:00+00:00,790.3028818591549,790.332449581303,790.1715850023801,790.2799999835893,1.6350803000000003,1292.1712594571673,11.0
2026-10-04 10:14:00+00:00,790.2399999313578,790.6899993007534,790.0600001127203,790.6899992728289,0.2140803,169.271152251327,8.0
2026-10-04 10:15:00+00:00,790.6021935269894,790.6021935292814,790.5468658051307,790.5906669192641,1.6519602999999998,1306.0243953011475,9.0
2026-10-04 10:16:00+00:00,790.3000002797356,790.4899999464468,790.2999999340125,790.4899998154848,0.2280304,180.25575085392492,7.0
2026-10-04 10:17:00+00:00,790.3100014695384,790.3100014695384,790.3099945262949,790.3099945262949,0.0083003,6.5598100475666055,4.0
2026-10-04 10:18:00+00:00,789.8700046386911,790.0800007257205,789.8700024299034,789.9600010758292,0.0161003,12.718593005321173,6.0
2026-10-04 10:19:00+00:00,790.1169863097166,790.1169863120348,790.1169862957952,790.1169862957952,1.9797603000000001,1564.2422418240594,5.0
2026-10-04 10:20:00+00:00,790.149829069555,790.1498291237817,790.1258776655461,790.1258777134849,0.5903202999999999,466.4273451695876,7.0
2026-10-04 10:21:00+00:00,790.1499999924133,790.1500000367854,790.1499999924133,790.1500000367854,1.2655802999999999,999.9982740915548,4.0
2026-10-04 10:22:00+00:00,790.5499999116738,790.5599999720946,790.5499999116738,790.5599999243158,0.8027702999999999,634.6380883072429,5.0
2026-10-04 10:23:00+00:00,790.3199999948198,790.7499999606503,790.3199999948198,790.7299999634675,2.1297103,1684.0258254411965,9.0
2026-10-04 10:24:00+00:00,790.5490126553775,791.003004189668,790.5490126553775,790.7570921263798,2.3623103,1868.0136235281957,12.0
2026-10-04 10:25:00+00:00,791.2259790149645,791.2259790150921,791.2259195914783,791.225919591687,168.2838604000001,133150.55219742915,169.0
2026-10-04 10:26:00+00:00,791.1705647525632,791.1964719672109,791.1705647525632,791.1964719672109,25.440010299999994,20128.046396169502,63.0
2026-10-04 10:27:00+00:00,791.0099951427766,791.0099951427766,790.959996659787,790.9999954381918,0.33651030000000004,266.1796457649046,9.0
2026-10-04 10:28:00+00:00,790.948127923535,790.989063931882,790.9036453288528,790.9890639296325,0.7331002999999999,579.8743200635327,12.0
2026-10-04 10:29:00+00:00,791.0078985727611,791.2682560951127,790.8173570210823,790.9538625351615,10.650590300000001,8424.125536064526,27.0
2026-10-04 10:30:00+00:00,790.8925773964254,790.8925773964254,790.8099557656446,790.8850662956648,0.9542204000000001,754.6786643146759,11.0
2026-10-04 10:31:00+00:00,790.9862149509459,791.0022972407826,790.9862149137875,790.9900440460183,0.16035030000000003,126.83549085979227,7.0
2026-10-04 10:32:00+00:00,790.6900004334802,790.6900004334802,790.3200002710767,790.3200002710767,0.13825030000000002,109.26197713347645,6.0
2026-10-04 10:33:00+00:00,790.2000000025536,790.4200000017229,790.0800000073458,790.4200000017229,7.511990300000001,5937.627372938943,12.0
2026-10-04 10:34:00+00:00,790.2572150555554,790.3109981694543,789.7562168989948,789.7562168989948,3.4655803,2736.9635870876837,10.0
2026-10-04 10:35:00+00:00,789.1802154616715,789.2104530233065,789.1745138206606,789.2052265167692,2.1421303999999997,1690.5805075604571,12.0
2026-10-04 10:36:00+00:00,789.1200004333288,789.1400004209509,789.1000004656354,789.1400004185161,0.1857203,146.55931761972695,6.0
2026-10-04 10:37:00+00:00,789.3535726152643,789.3616555865049,789.3516554170128,789.3597383464148,0.07730029999999999,61.01774458209936,8.0
2026-10-04 10:38:00+00:00,789.2243479401303,789.3699999993221,789.2243479401303,789.3699999993221,11.569110299999998,9132.308597503155,16.0
2026-10-04 10:39:00+00:00,789.2695714366448,789.3093265194743,789.269571310793,789.3093263936225,0.40835030000000005,322.3147002256337,6.0
2026-10-04 10:40:00+00:00,788.920029009785,788.920029009785,788.920016612851,788.9200204303419,0.0020703999999999996,1.6333800102989795,5.0
2026-10-04 10:41:00+00:00,788.9829495915,789.2457902889385,788.9041378982071,789.2090114987352,5.4216003,4278.775813504246,15.0
2026-10-04 10:42:00+00:00,789.2000002640048,789.33999998462,789.2000001269586,789.3399998695821,0.1503303,118.66171898239425,8.0
2026-10-04 10:43:00+00:00,789.3457463389118,789.3907042346295,789.1642817098052,789.1642817098052,1.0119802999999998,798.6187065539731,9.0
2026-10-04 10:44:00+00:00,789.4299982840532,789.42999921327,789.4299982840532,789.4299990375131,0.046250400000000004,36.5114532274846,7.0
2026-10-04 10:45:00+00:00,789.429999339386,789.4299993866692,789.429999339386,789.4299993866692,0.0872303,68.86221567549897,4.0
2026-10-04 10:46:00+00:00,789.000000657986,789.000000657986,789.0000003144893,789.0000003144893,0.1451103,114.49202674563563,4.0
2026-10-04 10:47:00+00:00,789.1666579371724,789.1666579371724,788.9802336793643,788.9802336793643,0.11927030000000001,94.1019091650079,6.0
2026-10-04 10:48:00+00:00,788.9598260302814,788.9797100596385,788.8902319339433,788.8902319357752,1.3193302999999998,1040.8067863668957,8.0
2026-10-04 10:49:00+00:00,788.8900000028882,788.9199999593004,788.8799999694011,788.8799999694011,0.2064803,162.88817905768192,8.0
2026-10-04 10:50:00+00:00,788.7621183975875,788.7621183975875,788.7621183784574,788.7621183784574,1.2687604000000001,1000.7501408186992,6.0
2026-10-04 10:51:00+00:00,788.8599999657854,788.8599999689228,788.8599999657854,788.8599999689228,0.5000003,394.43023664246135,4.0
2026-10-04 10:52:00+00:00,789.3599994112403,789.3599995992573,789.3599994112403,789.3599995992573,0.1417103,111.86044235121065,4.0
2026-10-04 10:53:00+00:00,789.1914747474677,789.191474755497,789.1914747474677,789.191474755497,1.2832003,1012.6907371636962,5.0
2026-10-04 10:54:00+00:00,789.3504784690166,789.3903777247847,789.3105792244404,789.3903777247847,0.49637030000000004,391.8299386083647,8.0
2026-10-04 10:55:00+00:00,789.4460448972501,789.4460492890166,789.4460448972501,789.4460462297751,0.0043604,3.4423005399803115,6.0
2026-10-04 10:56:00+00:00,789.2949971630595,789.2949971638807,789.2949971484727,789.2949971484727,2.5339203,2000.0106159629572,5.0
2026-10-04 10:57:00+00:00,788.9700006724203,788.9700006724203,788.9699998201405,788.9699998201405,0.0945203,74.57368107399962,4.0
2026-10-04 10:58:00+00:00,788.9199999258412,788.9499999053351,788.9199999114142,788.9499999053351,0.2827103,223.04429115823726,6.0
2026-10-04 10:59:00+00:00,788.8063528916741,788.8063528916741,788.7421076279962,788.7421076279962,1.1705302999999998,923.2465358644306,9.0
2026-10-04 11:00:00+00:00,788.769999954163,788.769999954163,788.4100000014299,788.4100000014299,1.3213204,1041.7422165658895,13.0
2026-10-04 11:01:00+00:00,788.1536857728524,788.1536857728524,788.1536851272826,788.1536857491898,0.0380003,29.950076504574938,6.0
2026-10-04 11:02:00+00:00,788.5999976883885,788.5999976883885,788.5999973423051,788.5999973423051,0.028510300000000002,22.483222504228323,4.0
2026-10-04 11:03:00+00:00,788.5899999108452,788.5899999253655,788.569999918115,788.5699999326353,0.8253402999999999,650.8386003154011,6.0
2026-10-04 11:04:00+00:00,788.6199999583844,788.6199999583844,788.619999947102,788.619999947102,1.4310003,1128.515456510303,4.0
2026-10-04 11:05:00+00:00,788.3187225273454,788.3564317534803,788.1104406351923,788.1104406604121,3.4533104,2721.589981081184,13.0
2026-10-04 11:06:00+00:00,788.6499998034067,788.649999844421,788.6499998034067,788.649999844421,0.4405103,347.40844802646586,4.0
2026-10-04 11:07:00+00:00,788.589997031523,788.5899973985146,788.589997031523,788.5899973985146,0.021240300000000004,16.749888121743673,5.0
2026-10-04 11:08:00+00:00,788.5899999915576,788.5899999917445,788.5799999880849,788.5799999880849,5.7583403,4540.911993705389,9.0
2026-10-04 11:09:00+00:00,788.2800000469148,788.2800000469148,788.2799998180278,788.2799998180278,0.0334403,26.360319677914795,4.0
2026-10-04 11:10:00+00:00,788.4599996546134,788.4599997936136,788.2799999717096,788.2800001107098,0.22706040000000002,178.98717213713783,6.0
2026-10-04 11:11:00+00:00,788.559898589149,788.5598986043319,788.2728377447795,788.2728377447795,1.2136403,956.6796832824256,7.0
2026-10-04 11:12:00+00:00,788.0000171407393,788.0000171407393,788.0000109855534,788.0000109855534,0.0020003,1.5762364219744025,4.0
2026-10-04 11:13:00+00:00,787.7768624589813,787.8035893637522,787.7234086391951,787.8035893535078,3.7870603,2983.459697438172,11.0
2026-10-04 11:14:00+00:00,787.570025500318,787.570025500318,787.5700095630831,787.5700095630831,1.2570603,990.0229924923722,6.0
2026-10-04 11:15:00+00:00,787.6000003910574,787.9099995529787,787.4600009242223,787.9099995529787,0.0730204,57.533503331358325,7.0
2026-10-04 11:16:00+00:00,788.1999995637049,788.1999996742941,788.1399996664619,788.1399997770511,0.1751703,138.05872020294598,5.0
2026-10-04 11:17:00+00:00,788.1071643096818,788.1328348888862,788.1071643096818,788.1328348888862,0.0086503,6.817585461639332,6.0
2026-10-04 11:18:00+00:00,788.4899999002454,788.5299999096492,788.4899998941078,788.5299999096492,0.6477402999999999,510.7626587004761,5.0
2026-10-04 11:19:00+00:00,788.3514441407656,788.5968698137385,788.3514441407656,788.5968698137385,3e-07,0.00023657906094412155,3.0
2026-10-04 11:20:00+00:00,788.8599993525553,788.8599996082595,788.8599993525553,788.8599996082595,0.14247040000000002,112.3891996881886,5.0
2026-10-04 11:21:00+00:00,788.5800000630976,788.5800000630976,788.5699999924658,788.5699999924658,0.9936103,783.5312742635139,5.0
2026-10-04 11:22:00+00:00,788.440001169915,788.440001169915,788.4400008944594,788.4400010910568,0.0313003,24.67840856615041,4.0
2026-10-04 11:23:00+00:00,788.7437333213583,789.0308841894945,788.7338315682127,789.0308841894945,2.9039403000000004,2291.298582542506,12.0
2026-10-04 11:24:00+00:00,789.189999994308,789.1899999979104,788.7800000144521,788.7800000144521,5.127160300000002,4044.201501508099,20.0
2026-10-04 11:25:00+00:00,789.0915226995095,789.0915228133024,789.0374620171932,789.0374621047074,0.2250804,177.5968675855124,7.0
2026-10-04 11:26:00+00:00,789.2991540234568,789.299615477933,789.2991540234568,789.2995385719863,1.2586803,993.4757799996493,7.0
2026-10-04 11:27:00+00:00,789.2000000092756,789.5299999640009,789.1999999883647,789.1999999883647,2.1866503,1725.7044167345578,11.0
2026-10-04 11:28:00+00:00,789.1345914651409,789.271867630335,789.1345913295659,789.2718674844007,0.3752203,296.15082689905705,6.0
2026-10-04 11:29:00+00:00,788.9799992705076,788.9799992705076,788.9799977310068,788.9799977310068,0.0423003,33.374090598020906,4.0
2026-10-04 11:30:00+00:00,788.93379986522,788.9338008663641,788.93379986522,788.9338008663641,0.1327203,104.70753073112411,5.0
2026-10-04 11:31:00+00:00,789.4137228443623,789.5604080542535,789.4137228443623,789.5604080542535,0.36271040000000004,286.3817714295215,8.0
2026-10-04 11:32:00+00:00,789.010000522085,789.010000522085,789.0100002543104,789.0100002543104,0.13667030000000002,107.8342334377567,4.0
2026-10-04 11:33:00+00:00,789.329990871062,789.329990871062,789.3299891885009,789.3299892763347,0.0060103,4.744110034547554,4.0
2026-10-04 11:34:00+00:00,788.6080057561895,788.6080057561895,788.6080025909632,788.6080025909632,0.025000300000000003,19.71543664717486,4.0
2026-10-04 11:35:00+00:00,788.8509417749898,788.9087372240103,788.8509417749898,788.887305769418,3e-07,0.0002366661917308254,3.0
2026-10-04 11:36:00+00:00,788.8908287846104,788.8908289906591,788.890828427724,788.890828427724,0.0296604,23.398817527497666,7.0
2026-10-04 11:37:00+00:00,788.9099964825125,788.9100050459542,788.9099963627277,788.9100050459542,0.0079003,6.232625712864553,4.0
2026-10-04 11:38:00+00:00,789.0234292851826,789.0234292851826,788.8873531870931,788.8873531870931,3e-07,0.00023666620595612793,3.0
2026-10-04 11:39:00+00:00,788.9399990684672,788.9399990684672,788.9399976500445,788.9399976500445,0.013900299999999999,10.966502649334913,4.0
2026-10-04 11:40:00+00:00,788.9499997355689,789.1199992695614,788.8299998906721,788.8299998906721,0.1094403,86.32979183703512,6.0
2026-10-04 11:41:00+00:00,788.7789790070648,788.7789790070648,788.1861486255572,788.3089790073973,6.231580400000001,4912.41078272651,43.0
2026-10-04 11:42:00+00:00,788.3371027976427,788.3385358187564,788.0885669917251,788.2014641629089,2.3567703,1857.609801155658,12.0
2026-10-04 11:43:00+00:00,788.2798269049558,788.2798269148536,788.1326958022029,788.1326958022029,1.1750502999999999,926.0955606421871,8.0
2026-10-04 11:44:00+00:00,787.9598516897831,787.9797775291051,787.7406673853236,787.7406673853236,0.5394503,424.94693934321305,10.0
2026-10-04 11:45:00+00:00,787.6454858377476,787.6454858377476,787.6399991194455,787.6399991194455,0.030630300000000003,24.125649465028353,6.0
2026-10-04 11:46:00+00:00,787.6474908525165,787.8019038631119,787.6364613549883,787.6860941357752,1.2002903999999999,945.4520570046672,10.0
2026-10-04 11:47:00+00:00,787.9114657092261,788.1397398740878,787.7687943740431,788.1397398740878,1.6101903,1269.0549641897794,10.0
2026-10-04 11:48:00+00:00,788.1899900368978,788.1899967327842,787.9500013039744,787.9500079998608,0.0063903,5.03523693612151,5.0
2026-10-04 11:49:00+00:00,787.8695138819743,787.9583734887683,787.8695138819743,787.9583734887683,3e-07,0.00023638751204663048,3.0
2026-10-04 11:50:00+00:00,788.1599999546492,788.1699999589541,788.0200000132585,788.0200000184171,0.7166102999999999,564.7032486191979,6.0
2026-10-04 11:51:00+00:00,788.0447043527375,788.0447043527375,788.0186758346937,788.0186758346937,0.10597039999999999,83.50665428567282,7.0
2026-10-04 11:52:00+00:00,788.0232439616392,788.1695009078851,788.0232439616392,788.1695009078851,1.7564603,1384.388438015514,8.0
2026-10-04 11:53:00+00:00,787.970000021601,787.970000021601,787.9599999965753,787.9600000153141,0.8007702999999999,630.974965600263,9.0
2026-10-04 11:54:00+00:00,788.1232135003381,788.3068763304004,788.1215618115839,788.3052246416462,1.7915603,1412.2963447505551,17.0
2026-10-04 11:55:00+00:00,788.2230039475182,788.5714828312136,788.2230039475182,788.3749050083572,3.1087403,2450.852838708152,19.0
2026-10-04 11:56:00+00:00,788.458782593329,788.5202434791942,788.3892695555322,788.4763391344218,3.5074604,2765.5495358509547,10.0
2026-10-04 11:57:00+00:00,788.2518374875409,788.2518374886073,788.2518374867236,788.2518374886073,2.5499103,2009.971479406126,9.0
2026-10-04 11:58:00+00:00,788.4334084493552,788.5597182720887,788.2505634223554,788.5563661503837,4.3856803,3458.3561204653247,16.0
2026-10-04 11:59:00+00:00,788.5799985246069,788.5799995084551,788.5799984060211,788.5799995084551,0.0363503,28.665119556132197,5.0
2026-10-04 12:00:00+00:00,788.524168758253,788.5595037486032,788.5241687548765,788.5595037391989,0.8132902999999999,641.3277953639041,6.0
2026-10-04 12:01:00+00:00,788.6399999496974,788.9899997920068,788.6299999460712,788.9899997920068,0.4990903,393.77725569319256,7.0
2026-10-04 12:02:00+00:00,788.9765858715241,788.9865858847213,788.8702422223345,788.9287312299316,1.5472104,1220.6387378177549,12.0
2026-10-04 12:03:00+00:00,788.949999957503,788.949999957503,788.679999943155,788.679999943155,0.8047203,634.6668061582558,8.0
2026-10-04 12:04:00+00:00,788.5403715131553,788.9092492163563,788.540371512023,788.9092492163563,5.3120103,4190.694057602552,19.0
2026-10-04 12:05:00+00:00,789.0096392750465,789.0096393220848,789.0096392750465,789.0096392925227,0.14205030000000002,112.07905596439466,6.0
2026-10-04 12:06:00+00:00,789.0399999794089,789.0399999956535,788.8400000043715,788.9900000018943,2.4036003,1896.416600701553,8.0
2026-10-04 12:07:00+00:00,789.1751286306662,789.3880789193136,789.1751286306662,789.3880789193136,2.4387903,1925.1519898040563,17.0
2026-10-04 12:08:00+00:00,789.5799990719169,789.5799991533194,789.5799989865401,789.5799991511161,0.0677004,53.454881774530214,5.0
2026-10-04 12:09:00+00:00,789.4300000017156,789.5899999918039,789.4299999966397,789.500000000018,3.2870403,2595.1183168500593,11.0
2026-10-04 12:10:00+00:00,789.6088002228726,789.7095846782225,789.6088002228726,789.6996308240379,3.0144203,2380.4865980584855,10.0
2026-10-04 12:11:00+00:00,789.6275527735538,789.6275527778436,789.378782613246,789.378782613246,3.6828003,2907.124417421697,10.0
2026-10-04 12:12:00+00:00,789.3129205585781,789.3479672290636,789.1575233439676,789.2778738864198,6.2199803000000005,4909.292826799416,16.0
2026-10-04 12:13:00+00:00,788.8060948739699,788.8060948739699,788.4761630084788,788.6564720558306,13.5983304,10724.411279113552,28.0
2026-10-04 12:14:00+00:00,788.5699999224078,788.5699999224078,788.4299998739602,788.4299998739602,0.3409503,268.8154449860267,6.0
2026-10-04 12:15:00+00:00,788.2663920209545,788.2663920209545,788.1577059657757,788.1577059657757,1.9702503,1552.8679566263813,8.0
2026-10-04 12:16:00+00:00,787.9531283519461,787.953128368139,787.7136194079919,787.7136194079919,1.5498102999999999,1220.8066808087856,16.0
2026-10-04 12:17:00+00:00,787.6383865912356,787.6383865912356,787.2686048851564,787.6189243964983,3.1528203,2483.2209335014454,15.0
2026-10-04 12:18:00+00:00,787.9099997986018,788.1900000715483,787.9099997986018,788.1900000715483,0.4914804,387.3799365111646,8.0
2026-10-04 12:19:00+00:00,788.1999796130276,788.2000027384197,788.1999796130276,788.1999970688679,0.0020003,1.5766364541368565,4.0
2026-10-04 12:20:00+00:00,788.100000006338,788.3899999817353,788.100000006338,788.3899999817353,1.4653603,1155.2754068902357,5.0
2026-10-04 12:21:00+00:00,788.4619389596564,788.5037269009891,788.4337266696662,788.4755143397142,0.1635103,128.92386789234098,8.0
2026-10-04 12:22:00+00:00,788.5593483263546,788.607719265185,788.4957643922634,788.5538095148355,1.5195804,1198.2709132840776,12.0
2026-10-04 12:23:00+00:00,788.4572896050698,788.4572896050698,788.3328815955034,788.3715263929276,2.3953702999999997,1888.4417396872848,11.0
2026-10-04 12:24:00+00:00,788.3435080258002,788.3435080258002,788.3435080008749,788.3435080136724,1.0848003,855.1952739962842,5.0
2026-10-04 12:25:00+00:00,788.5199135710773,788.5199444203103,788.5199135710773,788.5199350196915,0.0006303,0.49700411504291153,4.0
2026-10-04 12:26:00+00:00,788.4099999994208,788.4099999994208,788.360000018096,788.3600000205834,0.6354302999999999,500.9478313210792,6.0
2026-10-04 12:27:00+00:00,788.2530780235331,788.2530780290637,788.2530780235331,788.2530780290637,3.9380504,3104.1803492335853,9.0
2026-10-04 12:28:00+00:00,788.5608158869815,788.5682138992281,788.560815873605,788.5682138858516,1.8715703,1475.8608486328073,6.0
2026-10-04 12:29:00+00:00,788.5637453132472,788.5637453132472,788.5363321269814,788.5363321269814,1.8429003,1453.1938430377136,9.0
2026-10-04 12:30:00+00:00,788.2519514303744,788.2867071352108,787.9347557108094,788.2867071352108,7.0256503,5538.226740470505,13.0
2026-10-04 12:31:00+00:00,788.5552314047435,788.6449299175484,788.5552314047435,788.6449299175484,0.09352029999999999,73.7543104393681,7.0
2026-10-04 12:32:00+00:00,788.7599999682128,788.8399999666218,788.3200000092422,788.3400000059019,2.3950104,1888.0824987501348,11.0
2026-10-04 12:33:00+00:00,788.8116012267957,788.9248822144536,788.8116012267957,788.9248822144536,2.9881203000000003,2357.4024557201183,7.0
2026-10-04 12:34:00+00:00,788.9199987695018,788.9199987695018,788.8399992408936,788.8399993460989,0.0338803,26.72613582984564,5.0
2026-10-04 12:35:00+00:00,788.83999913671,788.83999913671,788.6700005985723,788.6700005985723,0.0321603,25.363863820250266,5.0
2026-10-04 12:36:00+00:00,788.8999994256405,788.9899993778469,788.8999994256405,788.9899993778469,0.0775203,61.162741448770504,6.0
2026-10-04 12:37:00+00:00,788.7849762624987,788.7854237168144,788.7338985873009,788.7338985873009,4e-07,0.00031549355943492034,4.0
2026-10-04 12:38:00+00:00,788.7599999382713,788.7599999474476,788.7599999338153,788.7599999338153,0.5000003,394.38023659490756,4.0
2026-10-04 12:39:00+00:00,788.550000022026,788.7499999223915,788.5500000023767,788.7499999080933,0.6022003,474.98548656965374,5.0
2026-10-04 12:40:00+00:00,788.7029154596421,788.7330516156437,788.7029154596421,788.7330516120145,1.5051703,1187.1775639147713,6.0
2026-10-04 12:41:00+00:00,788.8221245749937,788.8542491881238,788.8221245749937,788.8542491881238,1.6129703,1272.398474969243,6.0
2026-10-04 12:42:00+00:00,788.7300000175809,788.859999995935,788.670000011013,788.6700000110682,2.4023103999999997,1894.630143194589,8.0
2026-10-04 12:43:00+00:00,788.6501383125122,788.6927348421201,788.5540682824148,788.6413292510742,4.5489903,3587.521756942243,16.0
2026-10-04 12:44:00+00:00,788.4498080861051,788.4498080861051,788.1457573430059,788.1457573430059,1.3620903,1073.5256910630621,7.0
2026-10-04 12:45:00+00:00,788.1582191386619,788.4030453393225,788.0594836246069,788.0594836246069,5.5773003,4395.244394437365,13.0
2026-10-04 12:46:00+00:00,788.1086865827675,788.1099999958307,787.8952536525713,787.9299999983526,6.104020299999999,4809.540714968944,14.0
2026-10-04 12:47:00+00:00,787.9401957688067,788.2899999949179,787.9401957688067,788.0801174596894,11.227400399999999,8848.091025998963,15.0
2026-10-04 12:48:00+00:00,788.1095581563523,789.4476283800017,788.059999999924,788.1789395754403,89.39932030000001,70462.66147281913,37.0
2026-10-04 12:49:00+00:00,788.2138327994913,788.6350946849298,788.2138327994913,788.6350946849298,8.505020299999998,6707.357489587748,11.0
2026-10-04 12:50:00+00:00,788.590000004229,788.849999987598,788.590000004229,788.6300000049705,3.7991003,2996.0844696078834,11.0
2026-10-04 12:51:00+00:00,788.700580151293,788.7064601442877,788.7005797220562,788.7064597150509,0.08051029999999999,63.49899368359665,7.0
2026-10-04 12:52:00+00:00,788.7176625799946,788.8424674553444,788.5891775059824,788.826840075935,2.2379504,1765.3553422786747,10.0
2026-10-04 12:53:00+00:00,788.7599998622372,788.7600002013071,788.7599998622372,788.7600002013071,0.1113303,87.81288745041158,4.0
2026-10-04 12:54:00+00:00,788.8312408034218,788.8312408034218,788.5885569547844,788.5885569547844,1.3372703000000001,1054.5560561354916,10.0
2026-10-04 12:55:00+00:00,788.679999941629,788.6799999449543,788.6599999424915,788.6599999539227,0.6690202999999999,527.6295497671732,7.0
2026-10-04 12:56:00+00:00,788.6668472308006,788.6668475114441,788.6357965008474,788.6357967814909,0.11724040000000001,92.45997626898071,7.0
2026-10-04 12:57:00+00:00,788.6377879838435,788.8705828170221,788.6377879838435,788.8705828170221,1.9822203000000003,1563.7152833327325,9.0
2026-10-04 12:58:00+00:00,788.7227031488424,788.8180156129957,788.6559844199202,788.6559844199202,0.6694402999999999,527.9580988068666,7.0
2026-10-04 12:59:00+00:00,788.8599999589452,788.859999972534,788.7899999868376,788.7899999982379,0.7528903,593.8723397356733,5.0
2026-10-04 13:00:00+00:00,788.6502752838227,788.8899275283597,788.6502752838227,788.8399999848141,1.2216303,963.6708458334484,7.0
2026-10-04 13:01:00+00:00,791.112239056987,791.1348976145179,791.112239056987,791.1348976145179,14.0207804,11092.328666229638,14.0
2026-10-04 13:02:00+00:00,789.0583085665087,789.3097699931654,789.0583085665087,789.2499999977226,6.940810299999999,5478.034529259193,19.0
2026-10-04 13:03:00+00:00,789.1804983570844,789.3099999905698,789.1406976960398,789.3099999870934,3.5085403,2769.3259441477167,10.0
2026-10-04 13:04:00+00:00,789.2209399690769,789.3423499163985,789.0914360164462,789.0914360164462,5.9770103,4716.40764071209,9.0
2026-10-04 13:05:00+00:00,789.0199520821924,789.139999998479,788.7199041650221,788.7199041650221,18.5504503,14631.109382834005,18.0
2026-10-04 13:06:00+00:00,788.8091328290276,788.8186992736196,788.8091328242568,788.8186992736196,2.8811503999999997,2272.7053109396684,11.0
2026-10-04 13:07:00+00:00,788.9201429612166,788.9201429612166,788.920142940871,788.9201429571643,0.8716602999999999,687.6703684860847,5.0
2026-10-04 13:08:00+00:00,788.9451651768404,789.081269308422,788.9451651765961,789.081269308422,2.9427103000000003,2322.037578730967,9.0
2026-10-04 13:09:00+00:00,789.3099605375362,789.309985317672,789.3099605375362,789.309985317672,0.0024703,1.9498324567302452,4.0
2026-10-04 13:10:00+00:00,789.3099931739814,789.3099931739814,788.9700085663122,788.9700085663122,0.0069904,5.515215947881949,8.0
2026-10-04 13:11:00+00:00,789.3324116640558,789.5498277251005,789.2734452420136,789.274651088904,7.7207703,6093.808284670073,13.0
2026-10-04 13:12:00+00:00,789.3199999905463,789.5199999028023,789.2699999683762,789.5199999028023,0.6013402999999999,474.77019359755104,9.0
2026-10-04 13:13:00+00:00,789.649281237854,790.0683552042849,789.649281237854,790.0683552042849,4.7253103,3733.3181365508663,22.0
2026-10-04 13:14:00+00:00,789.8108073152184,789.866418344037,789.7278465884227,789.8664183157694,0.2625003,207.34017176781495,8.0
2026-10-04 13:15:00+00:00,790.1599999544983,790.2999999110128,790.0799999624724,790.0799999645786,1.2349604,975.717512788256,9.0
2026-10-04 13:16:00+00:00,790.3086429062347,790.4385507549516,790.2235308905133,790.3982345369783,2.2686503,1793.137191901786,11.0
2026-10-04 13:17:00+00:00,790.4699999464103,790.469999949835,790.4699999464103,790.469999949835,0.8198802999999999,648.0907806998706,5.0
2026-10-04 13:18:00+00:00,790.3800946439259,790.5921514171257,790.3681325016029,790.4760757140702,3.4149903000000004,2699.468130945616,11.0
2026-10-04 13:19:00+00:00,790.3906659812365,790.3933299065376,790.2746618703842,790.3159938327287,5.2947503,4184.5258454406385,9.0
2026-10-04 13:20:00+00:00,790.1399894809017,790.3590913749076,790.139989466975,790.1408980907132,4.2557204,3362.6187388789695,13.0
2026-10-04 13:21:00+00:00,790.1300000214529,790.3800000038286,790.1300000214529,790.3799999959904,2.2779903,1800.477973304866,7.0
2026-10-04 13:22:00+00:00,790.3301096828376,790.3301096828376,790.3301096756417,790.3301096780839,1.2537903,990.9082253123177,5.0
2026-10-04 13:23:00+00:00,790.1563060377796,790.1563060377796,790.1168741851072,790.1168741851072,0.4926803,389.2750186085809,6.0
2026-10-04 13:24:00+00:00,790.3266836838187,790.3658805663573,790.1984452314031,790.3658805663573,0.2709203,214.1261614728017,10.0
2026-10-04 13:25:00+00:00,790.0649160566329,790.2113842506113,790.0649160010636,790.211384195042,0.4077404,322.2011058762401,8.0
2026-10-04 13:26:00+00:00,790.130229051129,790.130229051129,789.8871592180966,789.8871592180966,2.4710802999999992,1951.8745983668014,18.0
2026-10-04 13:27:00+00:00,789.8792051587817,789.8792051587817,789.8506130891117,789.8506131007894,0.2000703,158.02564911825885,7.0
2026-10-04 13:28:00+00:00,790.1219249786465,790.1219249786465,789.8400001846738,789.8400002624172,0.11977029999999998,94.59937378342977,7.0
2026-10-04 13:29:00+00:00,789.9699999665455,789.9700000144501,789.9699999665455,789.9700000144501,0.3561903,281.379651296147,4.0
2026-10-04 13:30:00+00:00,790.2299644550932,790.2299827229331,790.2299644550932,790.2299826482188,0.0026904,2.1260347453167676,5.0
2026-10-04 13:31:00+00:00,790.0900004568597,790.0900013500093,790.0900004568597,790.0900006313158,0.0098803,7.80632623323759,4.0
2026-10-04 13:32:00+00:00,790.1040615967428,790.2543622194263,790.1040615965476,790.2543622194263,0.4203203,332.1599506043779,7.0
2026-10-04 13:33:00+00:00,790.0978951994911,790.0978951994911,790.0978950328085,790.0978950328085,0.3029203,239.33669139270685,5.0
2026-10-04 13:34:00+00:00,789.964805503861,790.1966926382419,789.964805503861,790.0189125954527,0.3100303,244.92980047764195,9.0
2026-10-04 13:35:00+00:00,789.9309644321265,789.9408860222502,789.6076163619089,789.6869890828973,3.5187403999999995,2778.703511840349,21.0
2026-10-04 13:36:00+00:00,789.6600496455128,789.6600497277091,789.600090479851,789.6400633391552,1.8371302999999999,1450.6716864542811,10.0
2026-10-04 13:37:00+00:00,790.0195795432497,790.0195795435267,790.0195795430967,790.0195795430967,3.0567002999999997,2414.8530857952574,6.0
2026-10-04 13:38:00+00:00,790.2701159933974,790.270116362658,790.2701159254603,790.2701159254603,0.0684403,54.086323814973284,5.0
2026-10-04 13:39:00+00:00,789.9305354894091,789.9305354894091,789.9305353364882,789.9305353364882,0.4303404,339.9390225489185,6.0
2026-10-04 13:40:00+00:00,789.8594237288838,789.8594237288838,789.859423655065,789.859423655065,0.7715303,609.4004780904194,5.0
2026-10-04 13:41:00+00:00,789.6269763852806,789.7031600514213,789.6269763852806,789.6741590031445,3e-07,0.00023690224770094335,3.0
2026-10-04 13:42:00+00:00,789.7763855500449,789.7763856070012,789.7763854219684,789.7763856070012,0.0366403,28.93764370155621,6.0
2026-10-04 13:43:00+00:00,789.8287438474546,789.847906414318,789.8287438474546,789.847906413495,2.2674003000000003,1790.9013799563309,7.0
2026-10-04 13:44:00+00:00,789.9622625082636,789.9622625215197,789.8373470928034,789.8373470928034,0.031410299999999995,24.80902802338908,8.0
2026-10-04 13:45:00+00:00,789.7069118766384,789.7069118766384,789.7012745811644,789.7012745824325,0.6289203,496.6591625207658,9.0
2026-10-04 13:46:00+00:00,789.8185936313206,790.050622353914,789.8185936313206,790.050622353914,0.9241703,730.1413206760035,7.0
2026-10-04 13:47:00+00:00,790.1299999551545,790.1399999526005,789.9099999636005,789.9099999636005,1.5661703999999996,1237.133660606992,11.0
2026-10-04 13:48:00+00:00,789.7100001391589,789.8900000141812,789.710000116971,789.8900000141812,0.1531103,120.94029486917128,5.0
2026-10-04 13:49:00+00:00,790.1599999184149,790.1599999636846,790.1599999184149,790.1599999636846,0.5000003,395.0802370298423,4.0
2026-10-04 13:50:00+00:00,789.945391099258,789.9838687765042,789.8838267684147,789.8838267684147,1.6698903,1319.019340447456,8.0
2026-10-04 13:51:00+00:00,789.7404491764418,789.7583771390669,789.740449162546,789.758377133469,1.7663802999999998,1395.01363912853,8.0
2026-10-04 13:52:00+00:00,789.8799999635193,789.9399999877236,789.8799999635193,789.9399999877236,1.8958704,1497.6238637527254,6.0
2026-10-04 13:53:00+00:00,790.0799999559791,790.0799999559791,790.0799999400324,790.0799999404269,1.2593703,995.0032865489754,4.0
2026-10-04 13:54:00+00:00,789.9081621633924,789.9161891922279,789.9081621475864,789.9161891764219,1.2089903,955.001010527259,8.0
2026-10-04 13:55:00+00:00,789.7100000058394,789.8255323472633,789.6811169147844,789.8255323452952,2.6722803,2110.6352105233454,9.0
2026-10-04 13:56:00+00:00,789.902644610101,789.9064680115744,789.9026445756574,789.9064679771308,1.2763503999999999,1008.197436365198,7.0
2026-10-04 13:57:00+00:00,789.590649005178,789.590649005178,789.5432251148342,789.5432251148342,1.2351302999999998,975.1887604990525,7.0
2026-10-04 13:58:00+00:00,789.3129612258898,789.3129612258898,789.3129611981445,789.3129611981445,0.6491203,512.3590661668279,6.0
2026-10-04 13:59:00+00:00,789.2272936481086,789.227293651991,789.1813937714816,789.1813937795991,0.4605503,363.45772765961254,7.0
2026-10-04 14:00:00+00:00,789.357737200565,789.6505839534187,789.3024817420007,789.3135766264533,6.602180300000001,5211.19054612571,15.0
2026-10-04 14:01:00+00:00,789.3699837648229,789.369983778733,789.3699832353715,789.369983778733,0.0039404,3.1104334840817196,5.0
2026-10-04 14:02:00+00:00,789.0392891149188,789.0392891149188,788.8163514678437,788.8256405334425,1.5209603,1199.772482873437,9.0
2026-10-04 14:03:00+00:00,788.7699998054525,788.7699998831426,788.7199998420951,788.7199999064173,0.4093603,322.87065577769096,6.0
2026-10-04 14:04:00+00:00,788.7199997509213,788.7199997509213,788.7199960842888,788.7199960842888,0.0127203,10.03275496619098,4.0
2026-10-04 14:05:00+00:00,788.5900070065499,788.5900070065499,788.4300239270249,788.4300239270249,0.7809603,615.7325480150565,7.0
2026-10-04 14:06:00+00:00,788.4799998438183,788.4799998438183,788.128942645816,788.128942645816,0.16276030000000002,128.27610314371583,9.0
2026-10-04 14:07:00+00:00,788.0926737693426,788.0926737736669,787.5902672087975,787.5902672087975,4.996840400000001,3935.462865835715,13.0
2026-10-04 14:08:00+00:00,787.639999970576,787.949999966639,787.639999970576,787.9499999448543,1.2713303,1001.7447098148916,5.0
2026-10-04 14:09:00+00:00,788.0999918924177,788.099994362985,787.9099973835883,787.9099998541556,0.010380299999999999,8.178742171486089,5.0
2026-10-04 14:10:00+00:00,787.6639441992593,787.6639441992593,787.3767875279683,787.3767875279683,0.1529403,120.42164209756373,9.0
2026-10-04 14:11:00+00:00,787.4299555082916,787.429955539617,787.2400276883645,787.2400276883645,1.2892104000000002,1014.9180309921277,11.0
2026-10-04 14:12:00+00:00,787.2200000078321,787.2300000059889,787.1000000132053,787.1000000132053,1.6275403,1281.0369701514921,6.0
2026-10-04 14:13:00+00:00,787.1592293907681,787.1592293907681,787.1592290717704,787.159229136325,0.046170300000000004,36.34337775699287,5.0
2026-10-04 14:14:00+00:00,787.519999662579,787.6499995097013,787.210000196938,787.2100002111026,0.1740403,137.00626459974038,6.0
2026-10-04 14:15:00+00:00,787.2493122808869,787.2493122808869,785.6375408990539,785.7005803568519,12.4464903,9779.214652115928,40.0
2026-10-04 14:16:00+00:00,786.4203003541786,786.4203003725854,785.9719899479835,785.9719899644134,8.7093004,6845.266166585861,11.0
2026-10-04 14:17:00+00:00,786.5095182579853,786.5095182696081,786.4767330228391,786.4767330228391,1.4218202999999998,1118.2285844895528,8.0
2026-10-04 14:18:00+00:00,786.4813319429138,786.4813319474428,786.2845807626258,786.2845807626258,0.6156203,484.0527494944619,8.0
2026-10-04 14:19:00+00:00,786.3999998103521,786.3999998103521,786.3999997319678,786.3999997319678,0.0496203,39.02140390670016,4.0
2026-10-04 14:20:00+00:00,786.2799999651107,786.4699999521156,786.2799999574289,786.3199999895168,1.2031703,946.0768702833869,8.0
2026-10-04 14:21:00+00:00,786.2600000084192,786.2600000304124,786.2600000084192,786.2600000261197,0.3070103,241.389918486019,4.0
2026-10-04 14:22:00+00:00,786.3354125638372,786.4482471111733,786.3208764386321,786.3936083750931,6.7398704,5300.191003836482,15.0
2026-10-04 14:23:00+00:00,786.4629309120805,786.4629309192254,786.4629309120805,786.4629309130581,1.2968703,1019.9404171520969,5.0
2026-10-04 14:24:00+00:00,786.6161388572746,786.7107498929481,786.6161388572746,786.7107498929481,0.1208803,95.09783146028454,7.0
2026-10-04 14:25:00+00:00,786.4607214352227,786.619999942405,786.460721385561,786.5544146319644,0.3991003,313.9141028459414,8.0
2026-10-04 14:26:00+00:00,786.4400000374904,786.5300000039899,786.4399999941147,786.5299999513314,0.6310902999999999,496.3714536282856,7.0
2026-10-04 14:27:00+00:00,786.5215624338657,786.9585733449966,786.5215624338657,786.9486412809489,1.3057003999999999,1027.5191556999914,15.0
2026-10-04 14:28:00+00:00,786.7899999905196,786.9199999636314,786.5800000130195,786.5800000130195,1.1288403,887.9232031886969,7.0
2026-10-04 14:29:00+00:00,786.8199987545127,786.819999590357,786.8199986485009,786.819999590357,0.0344003,27.06684403190816,4.0
2026-10-04 14:30:00+00:00,786.8590444402075,786.8759871394476,786.8166877172478,786.8759871394476,3.2708503,2573.7535585978585,8.0
2026-10-04 14:31:00+00:00,787.266421911247,787.277532418869,787.266421911247,787.277532418869,0.5106404,402.0157140653842,8.0
2026-10-04 14:32:00+00:00,787.3390651401472,787.3560695546252,787.3390651401472,787.3560695474038,0.8920402999999999,702.3533444858869,7.0
2026-10-04 14:33:00+00:00,787.3411477530522,787.3411477530522,787.2103970002124,787.2103970002124,1.4729402999999999,1159.513918320612,9.0
2026-10-04 14:34:00+00:00,787.1397820411864,787.1397820556923,787.0918068873281,787.0918068971514,1.2989703,1022.4088805327348,6.0
2026-10-04 14:35:00+00:00,787.1661200027525,787.1661200239448,787.1661199964158,787.1661200239448,0.7858803,618.6183465542538,5.0
2026-10-04 14:36:00+00:00,787.2800000008375,787.2800000008375,787.1699999718193,787.1699999718193,4.6149004,3632.7111477379485,10.0
2026-10-04 14:37:00+00:00,786.8999410448175,786.8999410448175,786.8999409119363,786.8999409119363,0.3810803,299.8720655527029,5.0
2026-10-04 14:38:00+00:00,786.5445588856014,786.569043835902,786.5008821915685,786.5326465914727,2.6005403,2045.4098447267825,13.0
2026-10-04 14:39:00+00:00,786.6807561106681,786.6807578803683,786.6807561106681,786.6807578803683,0.022720300000000002,17.873622823269333,5.0
2026-10-04 14:40:00+00:00,786.9399968801445,786.9399973952121,786.7500001446931,786.7500006597608,0.0174603,13.736891036519621,5.0
2026-10-04 14:41:00+00:00,786.7803492902291,786.9299125892834,786.7005821691713,786.9299125610545,0.5978004,470.4270165009634,8.0
2026-10-04 14:42:00+00:00,786.879675421948,786.879675421948,786.8796748065317,786.8796748400148,0.10675029999999999,83.99964135307403,6.0
2026-10-04 14:43:00+00:00,786.6399999148676,786.6399999148676,786.5299999575684,786.6199999024192,0.48958029999999997,385.11365553822634,11.0
2026-10-04 14:44:00+00:00,786.5326731469239,786.5516038762026,786.3433658510454,786.551603873112,1.3744003,1081.0367603286863,14.0
2026-10-04 14:45:00+00:00,786.3497894249775,786.5242894923584,786.3130525663242,786.3130525665814,3.2301403000000004,2539.9014795113335,10.0
2026-10-04 14:46:00+00:00,786.4345649466703,786.4345649466703,786.4311409397991,786.4311409397991,0.16543040000000003,130.09961821812738,7.0
2026-10-04 14:47:00+00:00,786.2652469122004,786.3357407354006,786.2340586404722,786.2604938205856,2.2026103,1731.825462172308,12.0
2026-10-04 14:48:00+00:00,786.308940324813,786.3131522625265,786.3089400810642,786.3131520187777,0.21166030000000002,166.4312776502401,6.0
2026-10-04 14:49:00+00:00,786.1700937661124,786.2785375659998,786.0901875962812,786.147263517591,0.14910030000000002,117.21479283465189,9.0
2026-10-04 14:50:00+00:00,786.1352674048586,786.1887031340115,786.1352672869345,786.1887030160874,0.33905029999999997,266.55751561421533,7.0
2026-10-04 14:51:00+00:00,786.2448069443641,786.2875965232555,786.2448069443641,786.2863304387937,1.1928904,937.9534152316648,18.0
2026-10-04 14:52:00+00:00,786.7031729066472,786.7200999965644,786.6354652500158,786.7200999965644,0.6642203,522.555460835748,8.0
2026-10-04 14:53:00+00:00,787.070590035864,787.070590035864,786.9608547254014,786.9608547254014,0.0887303,69.82727272804128,7.0
2026-10-04 14:54:00+00:00,786.7399999994564,786.939999969517,786.7399999994564,786.9399999683073,1.3081903000000001,1029.4672746405402,5.0
2026-10-04 14:55:00+00:00,786.9583191987535,786.9583206711256,786.9583191987535,786.9583206711256,0.044120400000000004,34.720915891338336,8.0
2026-10-04 14:56:00+00:00,787.2086304981178,787.2086304983479,786.7327389991461,786.9778479307706,14.3133503,11264.28961577325,20.0
2026-10-04 14:57:00+00:00,786.94444621123,786.9466693562881,786.9444460985094,786.9466692435675,0.1798803,141.55620294753368,6.0
2026-10-04 14:58:00+00:00,786.9799969363385,786.9799976803953,786.9599973547398,786.9599976302385,0.014340299999999999,11.285242454016908,5.0
2026-10-04 14:59:00+00:00,786.9999998606369,787.0099999804534,786.9599998876951,786.960000014276,0.4434903,349.00912649433127,6.0
2026-10-04 15:00:00+00:00,787.0003014333752,787.0003014345446,786.9703579561747,786.9703579569909,3.3333803999999994,2623.271566594817,9.0
2026-10-04 15:01:00+00:00,786.9353427076204,786.9353427076204,786.8860132928208,786.8944999822351,3e-07,0.0002360683499946705,3.0
2026-10-04 15:02:00+00:00,787.264007782662,787.324801514749,787.1337996074787,787.1337996151797,1.0648202999999998,838.1560486463753,8.0
2026-10-04 15:03:00+00:00,787.3996910856433,787.5790363107137,787.34588752683,787.5611017911092,2.7233403000000003,2144.79688722013,11.0
2026-10-04 15:04:00+00:00,787.6800877357939,788.0899569497124,787.6453168443702,787.8117898244495,4.2071404,3314.4348085667507,16.0
2026-10-04 15:05:00+00:00,787.5082527061169,787.5082567932752,787.4054558105246,787.4054586760055,0.0047803,3.7640343141089097,6.0
2026-10-04 15:06:00+00:00,787.4242807934901,787.6043054705515,787.4242807934901,787.6043054705515,0.1100903,86.70759427054466,8.0
2026-10-04 15:07:00+00:00,787.697183499532,787.697183499532,787.4898291054315,787.4898291054315,0.23991030000000002,188.9269211476328,10.0
2026-10-04 15:08:00+00:00,787.4000000668934,787.4000000668934,787.2000000612624,787.2000000612624,0.5090203,400.70078019118375,5.0
2026-10-04 15:09:00+00:00,787.3499988530223,787.3500004391054,787.3499988530223,787.3499997578988,0.030870400000000003,24.305809432526242,5.0
2026-10-04 15:10:00+00:00,787.48311646587,787.520307766173,787.4831164606584,787.5203077609614,0.9525802999999999,750.1763310230289,6.0
2026-10-04 15:11:00+00:00,787.5899999535217,787.8199998865936,787.5899999535217,787.8199998865936,0.5638803,444.23617788205235,6.0
2026-10-04 15:12:00+00:00,787.4700008562503,787.4700008562503,787.4700001319317,787.4700003195351,0.0471403,37.12157205606298,5.0
2026-10-04 15:13:00+00:00,787.6176493079765,787.7588444809836,787.6176493079765,787.7588444809836,0.47341030000000006,372.93315089339586,6.0
2026-10-04 15:14:00+00:00,787.8628811477038,787.868033720728,787.7144067324896,787.7195593004957,0.36875040000000003,290.47190257988154,8.0
2026-10-04 15:15:00+00:00,787.7132852595795,787.7132852599252,787.4813448279676,787.6890297804993,9.5527903,7524.628123103565,13.0
2026-10-04 15:16:00+00:00,787.4793241882297,787.5708447580636,787.4793241750591,787.570844744709,2.0106103,1583.498052423413,8.0
2026-10-04 15:17:00+00:00,787.3811926278057,787.5755371698917,787.38119256739,787.5755371698917,0.0202103,15.917137878864663,6.0
2026-10-04 15:18:00+00:00,787.5100000022613,787.5899999855036,787.3600000150561,787.5299999790722,1.4173003,1116.166505229339,7.0
2026-10-04 15:19:00+00:00,787.7676534823786,787.9204911320843,787.7676534823786,787.9204911320843,2.5690503999999996,2024.2074529110773,10.0
2026-10-04 15:20:00+00:00,788.1619774589559,788.2079662267015,788.1619774279931,788.2079662267015,0.8387702999999999,661.1254322943602,7.0
2026-10-04 15:21:00+00:00,788.5055023516048,788.505502390956,788.3553266658632,788.3553266658632,0.6157603,485.43791245436995,7.0
2026-10-04 15:22:00+00:00,788.1306811442627,788.1306811442627,788.1306809891676,788.1306810678211,0.0721903,56.895390305490324,5.0
2026-10-04 15:23:00+00:00,788.1699999088579,788.2099998788955,787.9600000196904,788.2099998324246,0.40050030000000003,315.67834139588604,7.0
2026-10-04 15:24:00+00:00,787.9699988312954,787.9699988312954,787.9699974523596,787.9699974523596,0.0250703,19.75464422712989,4.0
2026-10-04 15:25:00+00:00,787.6600000209986,787.9799989229598,787.6599996292091,787.7399992651332,0.0659203,51.92805707355736,6.0
2026-10-04 15:26:00+00:00,787.6399999382699,787.6399999382699,787.3900000811251,787.5999999297411,0.4161603,327.767852250761,6.0
2026-10-04 15:27:00+00:00,787.5935824828376,787.8683609701689,787.3700000042398,787.8683609701689,3.9592204,3119.3444872676564,20.0
2026-10-04 15:28:00+00:00,787.7256959726818,787.7256959726818,787.6036892369295,787.7256959120382,0.2761603,217.53856450077726,8.0
2026-10-04 15:29:00+00:00,787.4704159392608,787.4704159392608,787.4704158147937,787.4704158147937,0.5264502999999999,414.56403664682284,5.0
2026-10-04 15:30:00+00:00,787.2790772826822,787.4656086819322,787.2129516660993,787.4656086819322,5.4597903,4299.3970918652085,12.0
2026-10-04 15:31:00+00:00,787.5413638779394,787.5650027086281,787.4449972864692,787.48727765816,7.7456803999999995,6099.624771806168,14.0
2026-10-04 15:32:00+00:00,787.3000001355637,787.4200000645135,787.3000000666275,787.4199999950256,0.5027803,395.8992638234989,5.0
2026-10-04 15:33:00+00:00,787.312090860838,787.3749193392101,787.2995251702555,787.3435051127539,1.3620103000000001,1072.3699636016736,11.0
2026-10-04 15:34:00+00:00,787.35749055882,787.35749055882,787.3574905353163,787.3574905412529,0.09995029999999999,78.69661738684539,10.0
2026-10-04 15:35:00+00:00,787.2208565664124,787.2319918131569,787.211713115838,787.2228483668835,1.0936803,860.9701209687476,8.0
2026-10-04 15:36:00+00:00,787.254638427463,787.254638427463,787.2546383700393,787.2546383700393,1.2006604,945.2254690072268,8.0
2026-10-04 15:37:00+00:00,787.0628065219385,787.1234197995394,787.0540612023375,787.1222511396387,9.4364803,7427.663616570852,19.0
2026-10-04 15:38:00+00:00,787.2636517304135,787.2636517304135,787.2636516242663,787.2636516242663,0.10648029999999999,83.82806980404736,6.0
2026-10-04 15:39:00+00:00,786.9399977180346,787.0899933817744,786.9399974042943,787.0899933817744,0.009900299999999999,7.79242706147758,5.0
2026-10-04 15:40:00+00:00,786.9790529844748,786.9790529906159,786.9790529815726,786.9790529906159,0.3770103,296.699208861708,5.0
2026-10-04 15:41:00+00:00,787.1380302616241,787.1380304016848,787.1380302616241,787.1380303691105,0.5247904,413.0824818126177,6.0
2026-10-04 15:42:00+00:00,787.1718915909657,787.1718915909657,787.0344881941634,787.0344881941634,0.3391503,266.92298278139697,6.0
2026-10-04 15:43:00+00:00,787.2699977785107,787.2699981147689,787.2699977785107,787.2699978413882,0.032370300000000005,25.484166011125094,4.0
2026-10-04 15:44:00+00:00,786.9766052363481,787.0808971669888,786.966226967789,787.0705189026302,1.3715202999999998,1079.483194206491,7.0
2026-10-04 15:45:00+00:00,787.0599998981139,787.2599996283561,787.0599998981139,787.2599996283561,0.08918039999999999,70.20816167085664,7.0
2026-10-04 15:46:00+00:00,787.4771153598581,787.5862019241449,787.4247596084573,787.5243269452169,8.2960303,6533.325678324626,16.0
2026-10-04 15:47:00+00:00,787.5617395476413,787.699999983601,787.5582604360446,787.6921719810764,3.9646903,3122.9555136393055,12.0
2026-10-04 15:48:00+00:00,787.6404144867124,787.6404145725261,787.6404144867124,787.6404145725261,0.6967203,548.7650659330947,6.0
2026-10-04 15:49:00+00:00,787.5416380454587,787.6573640857704,787.5294562769543,787.6573640030423,0.8627704,679.5674590038504,9.0
2026-10-04 15:50:00+00:00,787.4199999787057,787.4199999802729,787.3699999683765,787.3699999683765,0.8002303,630.077331285694,7.0
2026-10-04 15:51:00+00:00,787.3499999977275,787.4899999266539,787.3399999765,787.4899998983358,0.5757102999999999,453.36610408847076,6.0
2026-10-04 15:52:00+00:00,787.3500000330195,787.3500000330195,787.2400001064597,787.2400001064597,0.1298703,102.23909498582594,5.0
2026-10-04 15:53:00+00:00,787.2600002281922,787.2600002387359,787.2600001123977,787.2600002387359,0.0158703,12.49405238178881,4.0
2026-10-04 15:54:00+00:00,787.5045055295551,787.504505637786,787.5045055295551,787.5045055564178,0.44874040000000004,353.3850868251892,6.0
2026-10-04 15:55:00+00:00,787.3384941667831,787.3443628546705,787.3384941602759,787.3443628502964,0.0565203,44.50093959160761,6.0
2026-10-04 15:56:00+00:00,787.4285687341282,787.4285687425648,787.2800181972231,787.4285687425648,0.4069403,320.43641799266993,8.0
2026-10-04 15:57:00+00:00,787.3613717907606,787.4586281582523,787.3613717890374,787.4586281567133,1.2698603,999.9624497886723,6.0
2026-10-04 15:58:00+00:00,787.2400001285433,787.2600001015469,787.2400001059125,787.2600001015469,0.1227904,96.66797031646898,6.0
2026-10-04 15:59:00+00:00,787.1606829755412,787.1606829755412,787.1207921818636,787.130764861544,1.1860403,933.568808495615,7.0
2026-10-04 16:00:00+00:00,787.2077507492522,787.2498960521353,787.1639791275129,787.206124430396,0.37575030000000004,295.7929374165587,9.0
2026-10-04 16:01:00+00:00,787.2500000119766,787.5899999844978,787.0900000108523,787.1500000060031,3.7119603,2921.8695501672833,16.0
2026-10-04 16:02:00+00:00,787.1262813592922,787.1262813611476,786.863216683372,786.863216683372,3.4155603,2687.578764434023,21.0
2026-10-04 16:03:00+00:00,786.749517963387,786.749517963387,786.4998192328394,786.5497589765362,8.4890704,6677.076277054847,13.0
2026-10-04 16:04:00+00:00,786.5675931656791,786.7435252949816,786.562779588927,786.7387117182295,1.4730003,1158.8663583825657,7.0
2026-10-04 16:05:00+00:00,786.764019328629,786.764019328629,786.6892629188637,786.6892629188637,0.2266703,178.3190912325977,6.0
2026-10-04 16:06:00+00:00,786.5399999844894,786.5499999880641,786.5099999877395,786.5099999887765,2.7691703,2177.98013262192,8.0
2026-10-04 16:07:00+00:00,786.460502401692,786.4605024151,786.460502401692,786.4605024129856,0.5019403,394.75622051932476,5.0
2026-10-04 16:08:00+00:00,786.628891811765,786.8082215972953,786.628891811765,786.8082215972953,1.3704104000000001,1078.2501696824381,12.0
2026-10-04 16:09:00+00:00,786.8541005750375,787.108473982196,786.8370161832459,787.108473982196,3.4115702999999997,2685.275892715982,11.0
2026-10-04 16:10:00+00:00,787.3599998110992,787.8199997822063,787.3599998110992,787.8199997822063,0.22942030000000002,180.74190069603372,8.0
2026-10-04 16:11:00+00:00,787.8999994794343,787.899999579257,787.6999997444926,787.899999579257,0.21932030000000002,172.80246427772255,9.0
2026-10-04 16:12:00+00:00,787.8058197774022,788.0860276613892,787.7998613604984,788.0860276613892,1.7286302999999998,1362.3093864221153,14.0
2026-10-04 16:13:00+00:00,788.0713548582444,788.0782473421808,788.0575698991172,788.0782473421808,4.0836104,3218.2045268603024,9.0
2026-10-04 16:14:00+00:00,788.2463788723597,788.4804890725102,788.2463788583802,788.2881842581403,3.8594302999999996,3042.3433034578493,10.0
2026-10-04 16:15:00+00:00,788.3046713944916,788.3046714134753,788.1389047338063,788.1389047527899,2.0725603,1633.4654048761138,8.0
2026-10-04 16:16:00+00:00,787.8900000111222,788.0399999984556,787.8800000056809,788.0099999948617,3.5526703,2799.539723084745,8.0
2026-10-04 16:17:00+00:00,788.0896655903227,788.0896655903227,787.6829765759453,787.7043812601185,6.129060299999999,4827.8876513174555,17.0
2026-10-04 16:18:00+00:00,787.8529666548174,788.1665088827523,787.8529666548174,788.1665088827523,1.3372204,1053.9523342747975,10.0
2026-10-04 16:19:00+00:00,788.1420536207073,788.1573958933167,787.9920536317014,788.0828722667627,3.6877003000000004,2906.2134444830026,13.0
2026-10-04 16:20:00+00:00,788.1799999592043,788.5399999612904,788.0699999770443,788.5399999612904,1.8497903,1458.6336430903953,11.0
2026-10-04 16:21:00+00:00,788.443714351475,788.5627142950591,788.4437143399921,788.5627142950591,1.0956702999999999,864.0047457404816,9.0
2026-10-04 16:22:00+00:00,788.4674292119472,788.4894416673176,788.328016986896,788.489441659612,2.4239504,1911.259297506593,11.0
2026-10-04 16:23:00+00:00,788.379999977426,788.6499999684457,788.2299999971098,788.6499999684457,2.2861503,1802.9724340228622,9.0
2026-10-04 16:24:00+00:00,788.4534526640531,788.6304348653799,788.4003580039647,788.4888491061439,3.3455003,2637.889681231259,10.0
2026-10-04 16:25:00+00:00,788.6570717096354,788.6570717096354,788.3736040254163,788.617972715397,3.0583603,2411.877899619253,11.0
2026-10-04 16:26:00+00:00,788.5408602973944,788.5931452162653,788.5111562781673,788.5931452102594,2.8717802999999997,2264.6662591298623,11.0
2026-10-04 16:27:00+00:00,788.590999614923,788.590999614923,788.4019919071418,788.4019919071418,3.0717302999999996,2421.758287121522,16.0
2026-10-04 16:28:00+00:00,788.6172844577943,788.7296335575,788.4703664192867,788.634568941636,4.628500400000001,3650.19541780019,15.0
2026-10-04 16:29:00+00:00,788.6701335340886,788.6701335340886,788.4811099568388,788.4811099568388,0.7317003,576.9318646997519,6.0
2026-10-04 16:30:00+00:00,788.6156192737881,788.9905200351022,788.5125995755079,788.9436928995203,2.1646103,1707.7556437703386,17.0
2026-10-04 16:31:00+00:00,788.9699180841257,788.9699180844462,788.7600614313111,788.7700409542991,4.9373903,3894.465549138359,14.0
2026-10-04 16:32:00+00:00,789.0190800386123,789.1486971530047,788.858697158066,788.9698085554722,6.133380300000001,4839.051881088905,15.0
2026-10-04 16:33:00+00:00,788.9273925053509,788.9495700301546,788.7243273497836,788.8499999903383,5.0246004,3963.656025491454,16.0
2026-10-04 16:34:00+00:00,788.7838974743788,788.8906779937956,788.7686430565644,788.890677935898,0.1285403,101.4042444090837,7.0
2026-10-04 16:35:00+00:00,788.8043470687483,788.8049421128787,788.474462839587,788.6399999908967,2.8794503,2270.8496845657874,11.0
2026-10-04 16:36:00+00:00,788.5409828649462,788.9999552587778,788.5409828649462,788.9999552587778,1.3653803,1077.2849956112166,11.0
2026-10-04 16:37:00+00:00,789.2199998844619,789.2199999533381,789.2199998844619,789.2199999533381,1.2670704,999.997301028876,5.0
2026-10-04 16:38:00+00:00,789.1599999898891,789.1599999898891,788.420000019801,788.6999999898047,2.8003302999999997,2208.6205075814496,14.0
2026-10-04 16:39:00+00:00,788.540000004254,788.8699999310852,788.540000004254,788.8299999439549,0.8869203,699.6293401992925,10.0
2026-10-04 16:40:00+00:00,788.8699996305481,788.8699996305481,788.6300001128918,788.6300001437469,0.13644030000000001,107.60091380861287,5.0
2026-10-04 16:41:00+00:00,789.0164631809622,789.0329856565687,789.0164631809622,789.0329856565687,3.2682803,2578.780963071546,7.0
2026-10-04 16:42:00+00:00,788.9499999974264,788.9799999933334,788.8100000019367,788.8100000134618,2.9319404,2312.7439069634693,9.0
2026-10-04 16:43:00+00:00,789.1983218819541,789.2091609317122,789.198321880767,789.2091609305251,2.7677703,2184.3496761114275,7.0
2026-10-04 16:44:00+00:00,789.0201143793056,789.0201143793056,789.0031850713312,789.0031850713312,41.713960300000004,32912.44753863907,54.0
2026-10-04 16:45:00+00:00,788.7099999934371,788.9499999697964,788.7099999910039,788.9499999673632,3.0455902999999998,2402.8184670856012,5.0
2026-10-04 16:46:00+00:00,788.9712179581179,788.9712179605688,788.6199370917154,788.6375011324625,2.2836203,1800.9486069273644,7.0
2026-10-04 16:47:00+00:00,788.48999999218,788.6499999918317,788.3300000026231,788.649999991539,6.1284203999999995,4833.178748408147,15.0
2026-10-04 16:48:00+00:00,788.5887861738416,788.6427170670981,788.5831792660609,788.631503251536,1.0478503,826.3677572715728,11.0
2026-10-04 16:49:00+00:00,788.699995074884,789.2699519998126,788.699995074884,789.0699912078111,0.0015303,1.2075138075453133,6.0
2026-10-04 16:50:00+00:00,789.1099999662774,789.1099999662774,788.6200000017045,788.6200000040222,1.1116802999999997,876.6933181904712,6.0
2026-10-04 16:51:00+00:00,789.0404175957038,789.0404190347325,789.0404175957038,789.0404186126357,0.039940300000000005,31.514511031514257,5.0
2026-10-04 16:52:00+00:00,788.8596830208328,788.8596830208328,788.7497749978623,788.7597666322298,1.5066404000000002,1188.3773303026894,10.0
2026-10-04 16:53:00+00:00,788.664648222434,788.6646482230495,788.4644346925827,788.4644346925827,2.7451703000000003,2164.469148724368,11.0
2026-10-04 16:54:00+00:00,788.5489543073701,788.5588927961483,788.489323375114,788.5390158195257,1.3022402999999998,1026.8672845225237,9.0
2026-10-04 16:55:00+00:00,788.4899999725252,788.7499999386905,788.4799999652184,788.7499999386905,0.8028002999999999,633.2087365757807,7.0
2026-10-04 16:56:00+00:00,788.8648827786843,788.8648983524834,788.8648827786843,788.8648983524834,0.0050304,3.968305984672332,7.0
2026-10-04 16:57:00+00:00,788.8006262590324,788.9487474735507,788.8006262571565,788.8598747429639,3.7117303,2928.035099537664,10.0
2026-10-04 16:58:00+00:00,788.7704969758904,788.7704969904275,788.7427100259899,788.7519723558047,2.9137202999999996,2298.2026335181467,9.0
2026-10-04 16:59:00+00:00,788.7162656462186,788.7162656462186,788.5792692895603,788.5792692895603,1.4212102999999998,1120.7369798807968,7.0
2026-10-04 17:00:00+00:00,788.6089988844407,788.7779977894264,788.6049946029041,788.6925026452258,0.6910603,545.0340774857605,9.0
2026-10-04 17:01:00+00:00,788.7599999616511,788.7599999708366,788.7599999616511,788.7599999708366,1.0142603,800.0079541984206,4.0
2026-10-04 17:02:00+00:00,788.582197507119,788.8792008911533,788.5722973944856,788.8792008911533,3.9955302999999995,3151.99075020039,9.0
2026-10-04 17:03:00+00:00,788.6999999935587,788.7999999598336,788.6999999779164,788.7999999441913,0.8895503,701.6772765903554,5.0
2026-10-04 17:04:00+00:00,788.7999999844378,788.9899999839448,788.7899999854038,788.9599999868431,4.1403904,3266.6024099295255,11.0
2026-10-04 17:05:00+00:00,789.3303707731061,789.3589159753186,789.3303707731061,789.3589159753186,0.1274703,100.61981782704866,7.0
2026-10-04 17:06:00+00:00,789.2099998832907,789.2099998845554,789.1227809433072,789.1227809433072,0.20083030000000002,158.4797648336787,6.0
2026-10-04 17:07:00+00:00,789.1199999934735,789.1199999934735,788.930000008103,788.9400000067253,2.1774903,1717.9091972966444,8.0
2026-10-04 17:08:00+00:00,788.9365628330386,788.9365628330386,788.6796885301391,788.6918761440675,2.6285703,2073.132041483574,10.0
2026-10-04 17:09:00+00:00,788.6262951565643,788.6262951565643,788.4799999958976,788.4799999958976,4.879730400000001,3847.569825771982,19.0
2026-10-04 17:10:00+00:00,788.3799977513867,788.3799977513867,788.3799964519776,788.3799964519776,0.0082203,6.480720084834191,4.0
2026-10-04 17:11:00+00:00,788.2999999832847,788.4199999224267,788.2999999736629,788.4199999128049,0.5915402999999999,466.3822032744205,5.0
2026-10-04 17:12:00+00:00,788.2899999915031,788.3599999804493,788.2899999812283,788.3299999830184,1.8997903,1497.6616871667386,8.0
2026-10-04 17:13:00+00:00,788.4034878667909,788.4235151383174,788.3634333243696,788.4235151383174,2.7976303000000002,2205.7175151834654,10.0
2026-10-04 17:14:00+00:00,788.3799999878696,788.5599998966336,788.3799999878696,788.5599998966336,0.3827704,301.8374265844344,7.0
2026-10-04 17:15:00+00:00,788.594943810556,788.6590449551334,788.594943810556,788.6590449551334,0.9037703,712.7666216568144,10.0
2026-10-04 17:16:00+00:00,788.6399998549884,788.6400000546047,788.6399998549884,788.640000037074,0.0817903,64.50310219503228,4.0
2026-10-04 17:17:00+00:00,788.7027968643955,788.8110642224844,788.690395820921,788.7138610950423,6.037790299999999,4762.088899995193,17.0
2026-10-04 17:18:00+00:00,788.7998117351199,788.8096234816751,788.6356588831934,788.6356588831934,2.6252003000000004,2070.3265682908573,9.0
2026-10-04 17:19:00+00:00,788.5899299687964,788.5999241335658,788.5099766611096,788.5099766772069,2.4158204,1904.8984872603205,11.0
2026-10-04 17:20:00+00:00,788.7999993064304,788.7999993224769,788.7999992679861,788.7999992679861,0.0507103,40.000284602879354,4.0
2026-10-04 17:21:00+00:00,788.6306614328195,788.8156354389332,788.6306614252306,788.7864290093264,1.1658703,919.622670625032,8.0
2026-10-04 17:22:00+00:00,788.7899999745235,788.7899999745235,788.4700000026559,788.4700000026559,1.4835603,1169.7427897449402,6.0
2026-10-04 17:23:00+00:00,788.7401864894396,788.7401867099726,788.7401864894396,788.7401867099726,0.4016403,316.7898452122494,5.0
2026-10-04 17:24:00+00:00,788.869999894726,788.8899999319663,788.8699998942925,788.8899999319663,0.6352604000000001,501.1505769127809,6.0
2026-10-04 17:25:00+00:00,788.9918441725019,789.0299252120418,788.9918441725019,789.0299252120418,0.5836403,460.50966225973366,7.0
2026-10-04 17:26:00+00:00,789.0496910056394,789.0496910056394,788.9098832695512,788.9098832695512,1.6385403,1292.6606368054554,9.0
2026-10-04 17:27:00+00:00,789.0603389046013,789.1319958962033,788.9090630752709,789.1319958962033,2.4605603,1941.7068605619609,10.0
2026-10-04 17:28:00+00:00,789.2099988545616,789.2099988545616,789.1399988832195,789.1399990618984,0.056530399999999995,44.610399802968736,6.0
2026-10-04 17:29:00+00:00,789.1000471195603,789.1000471205701,789.1000471195603,789.1000471205701,3.8108503000000002,3007.142151299439,9.0
2026-10-04 17:30:00+00:00,789.1498104590266,789.2538151715222,789.1405450048641,789.2445497163386,1.7512903,1382.1963242460915,11.0
2026-10-04 17:31:00+00:00,789.2865753766109,789.3132192246924,789.2865753766109,789.3132192235172,3.8140103,3010.448748044653,8.0
2026-10-04 17:32:00+00:00,789.3099511247816,789.3392999076212,789.0647683296183,789.094117112458,6.8346003,5393.142889545041,18.0
2026-10-04 17:33:00+00:00,789.0798359436515,789.0898268298585,788.8900091199228,789.0598541697108,2.8090804,2216.532570774993,16.0
2026-10-04 17:34:00+00:00,788.9786018796901,788.9786018796901,788.9786018632901,788.9786018632901,1.2874603,1015.7786274484921,5.0
2026-10-04 17:35:00+00:00,788.958637142081,789.0883020066993,788.9215900398161,788.940113591997,2.3656803,1866.3800846043498,10.0
2026-10-04 17:36:00+00:00,788.8499999984018,788.8899999961166,788.6200000041684,788.889999988743,5.251110300000001,4142.548404507889,10.0
2026-10-04 17:37:00+00:00,788.8901879605986,788.8901879621864,788.8901879565132,788.8901879588337,0.7578904000000001,597.8923001081957,7.0
2026-10-04 17:38:00+00:00,788.8072898592208,788.8072898592208,788.718814285738,788.718814285738,2.3213603,1830.9005433459847,7.0
2026-10-04 17:39:00+00:00,788.7606059051575,788.7606059051575,788.6714860939444,788.6714861110447,0.1278303,100.81611267102069,8.0
2026-10-04 17:40:00+00:00,788.530125255025,788.769910515839,788.530125251845,788.5401163076997,2.4591303,1939.1228927777884,9.0
2026-10-04 17:41:00+00:00,788.7015138531566,788.7181507195909,788.6326923276492,788.63269232986,2.6040603,2053.647085378303,10.0
2026-10-04 17:42:00+00:00,788.6999999651083,788.6999999672016,788.4899999870386,788.4899999870386,2.2223603999999995,1752.3089517671947,10.0
2026-10-04 17:43:00+00:00,788.4913331137348,788.4913331139695,788.4913330990987,788.4913330990987,1.0495703,827.5770850282211,5.0
2026-10-04 17:44:00+00:00,788.5291606528331,788.863454108609,788.489832053406,788.863454108609,0.2419003,190.82630620790874,9.0
2026-10-04 17:45:00+00:00,788.588405994713,788.6807853407992,788.530134468168,788.6225138274893,1.1348802999999998,894.9921550792951,9.0
2026-10-04 17:46:00+00:00,789.0199998751882,789.0599998859778,788.8200000050471,788.8500000198783,0.46204030000000007,364.48049066418463,9.0
2026-10-04 17:47:00+00:00,789.0446796817977,789.0446796817977,789.0446791692384,789.0446793928583,0.0526204,41.519846647523956,6.0
2026-10-04 17:48:00+00:00,788.8499999979325,788.9599999827207,788.4900000456952,788.4900000456952,2.1693702999999998,1710.5267879461296,11.0
2026-10-04 17:49:00+00:00,788.6899999875149,788.8499999729926,788.6899999803933,788.8499999729926,1.8613502999999998,1468.3261841047295,7.0
2026-10-04 17:50:00+00:00,788.7794553407016,788.789394825085,788.7794553336248,788.7893948160619,1.7879603000000002,1410.3241229921446,7.0
2026-10-04 17:51:00+00:00,788.530000011748,788.5400000214006,788.530000011748,788.5400000214006,0.7994804000000001,630.4222746331094,7.0
2026-10-04 17:52:00+00:00,788.5127648481764,788.5730878875984,788.4869121042557,788.5386175666173,3.6168403,2852.0182501212294,11.0
2026-10-04 17:53:00+00:00,788.4000766913107,788.420000001684,788.3901150053284,788.4199999708884,1.0980103,865.6932806940353,7.0
2026-10-04 17:54:00+00:00,788.3783597918327,788.3783598147631,788.2227334354507,788.2227334583811,0.47705030000000004,376.0218914631408,8.0
2026-10-04 17:55:00+00:00,788.2545489036333,788.2559116803386,788.1495393935783,788.1495393993284,3.8137003000000003,3005.766134852081,15.0
2026-10-04 17:56:00+00:00,788.2027752891698,788.2138770527948,788.1016317004011,788.1344070894808,0.1573804,124.03690824150532,10.0
2026-10-04 17:57:00+00:00,788.2549556852307,788.2549556880862,788.2549556852307,788.2549556880862,3.0268203,2385.9061014522995,6.0
2026-10-04 17:58:00+00:00,788.1899999801094,788.3499999689594,788.1699999833477,788.3499999689594,1.8527503,1460.6156989474896,10.0
2026-10-04 17:59:00+00:00,788.3222213482344,788.3222213614996,788.3222213482344,788.3222213591671,2.2833202999999997,1799.9921309704796,5.0
2026-10-04 18:00:00+00:00,788.2499999867061,788.439999962965,788.2499999867061,788.4399999442904,1.6438904,1296.1089468844195,7.0
2026-10-04 18:01:00+00:00,788.2427823131691,788.3085720290405,788.2427823131691,788.3085720253423,0.2214603,174.57905285330392,7.0
2026-10-04 18:02:00+00:00,788.2868402552167,788.4638436662987,788.2868402552167,788.4638436662987,0.9885503,779.4361691954726,7.0
2026-10-04 18:03:00+00:00,788.4234426536487,788.4234428146109,788.4234426536487,788.4234428146109,0.3695603,291.37000405360044,5.0
2026-10-04 18:04:00+00:00,788.5099999899281,788.5899999799984,788.4599999932492,788.4599999932492,2.4169803,1905.6922873216836,8.0
2026-10-04 18:05:00+00:00,788.5007791963958,788.5646103930966,788.5007791963958,788.5646103930966,2.7276603,2150.936381754217,8.0
2026-10-04 18:06:00+00:00,788.5681416727983,788.5844250265039,788.4614167817093,788.568141664688,2.7236403999999994,2147.776048790867,10.0
2026-10-04 18:07:00+00:00,788.4842692947417,788.6301224022563,788.4842692947417,788.5823182538629,7.5126703,5924.358961450944,13.0
2026-10-04 18:08:00+00:00,788.5427593282723,788.6063208870399,788.5427593282723,788.5699999959379,2.3226303,1831.5565756615654,9.0
2026-10-04 18:09:00+00:00,788.5999999725057,788.5999999737089,788.5999999711102,788.5999999711102,0.6018702999999999,474.634918562612,8.0
2026-10-04 18:10:00+00:00,788.5454303681713,788.5959448425605,788.5307498344257,788.5812643088149,3.4377513,2710.9462665332717,9.0
2026-10-04 18:11:00+00:00,788.466916794055,788.5977080071257,788.466916794055,788.5977080071257,2.9181304,2301.230945105917,12.0
2026-10-04 18:12:00+00:00,788.5760555224749,788.5760555224749,788.4100000080339,788.4100000080339,3.1998203,2522.770322748707,10.0
2026-10-04 18:13:00+00:00,788.6199958592535,788.6199962314545,788.4200024815508,788.6199961169707,0.0090603,7.14513375081859,7.0
2026-10-04 18:14:00+00:00,788.6309311901218,788.630931200417,788.6035737589923,788.6035737692486,3.5197602999999997,2775.695551391122,10.0
2026-10-04 18:15:00+00:00,788.7499999249515,788.7599999798429,788.7499999249515,788.7599999774716,0.6687404,527.4756778889343,6.0
2026-10-04 18:16:00+00:00,788.9295002676644,788.9485008355608,788.8914991326978,788.9485008354985,2.4746103000000006,1952.3400863370837,10.0
2026-10-04 18:17:00+00:00,788.8305157074421,788.8305157074421,788.6915621158229,788.6915621158229,0.8400892999999999,662.5713423337882,7.0
2026-10-04 18:18:00+00:00,788.9788323662746,789.0212994206096,788.9110357638177,789.0212994206096,2.1975702999999998,1733.9297736741387,12.0
2026-10-04 18:19:00+00:00,789.1556355478396,789.1556355546327,789.0085451853276,789.0085451863603,5.0571403,3990.1269109063137,12.0
2026-10-04 18:20:00+00:00,789.1723419516734,789.17234204821,789.0876436078539,789.0876437083716,0.43153030000000003,340.5152276157667,6.0
2026-10-04 18:21:00+00:00,789.1293750165906,789.1293750165906,789.0015909090772,789.0015909090772,2.8817304,2273.6898701710516,11.0
2026-10-04 18:22:00+00:00,788.870243282192,788.8702432826939,788.8551216448163,788.8551216453183,2.9287503,2310.359674175262,8.0
2026-10-04 18:23:00+00:00,788.9699411568283,788.9699411568283,788.7937972863547,788.8767053567881,7.2313503,5704.643799944821,12.0
2026-10-04 18:24:00+00:00,788.8684389030045,788.8768778101596,788.8684389005344,788.8768778093965,2.3766703000000002,1874.900245846322,7.0
2026-10-04 18:25:00+00:00,788.6800252223236,788.6800300065343,788.680021842202,788.6800300065343,0.0021504,1.695977536526051,5.0
2026-10-04 18:26:00+00:00,788.9005278760067,788.9750879718769,788.8604692263209,788.8755572078145,3.2768803,2585.0507725658103,13.0
2026-10-04 18:27:00+00:00,788.8293073918717,788.9301978806363,788.7798021171509,788.9301978801301,3.1674403,2498.889302652499,9.0
2026-10-04 18:28:00+00:00,788.9469869974695,789.0099566613163,788.9469869974695,788.9829696625064,17.6411503,13918.567151956617,29.0
2026-10-04 18:29:00+00:00,788.8371431535643,788.8371442562693,788.8371431535643,788.8371442562693,0.0119004,9.387477551507308,6.0
2026-10-04 18:30:00+00:00,788.9863295033246,788.9863295063924,788.9863295033246,788.9863295063924,2.8973303,2285.953998764655,7.0
2026-10-04 18:31:00+00:00,788.932862352666,788.9551907089012,788.7223283561547,788.7446567179725,4.603760299999999,3631.1913374353294,10.0
2026-10-04 18:32:00+00:00,788.9549043218678,788.9965803985336,788.9549043218678,788.9965803985336,0.6404903,505.3446564784309,8.0
2026-10-04 18:33:00+00:00,788.8100000020991,788.8300000015719,788.479999997451,788.479999997451,11.378270300000002,8971.538566115,20.0
2026-10-04 18:34:00+00:00,788.3737699304589,788.4159040977887,788.3737698783818,788.4159040457116,0.6179402999999999,487.1939602707782,6.0
2026-10-04 18:35:00+00:00,788.4671384415421,788.6085681119336,788.4592809180665,788.6085681119336,0.017780400000000002,14.021775784457425,8.0
2026-10-04 18:36:00+00:00,788.6400341270999,788.9073818400725,788.6400341270999,788.7068712771413,0.16598030000000003,130.9098031066413,8.0
2026-10-04 18:37:00+00:00,788.6755832817555,788.7799106533447,788.5951257914681,788.6994531630573,3.6669302999999998,2892.1059223970456,12.0
2026-10-04 18:38:00+00:00,788.7334667811316,788.753466779324,788.7334667798336,788.7534667764642,1.7807503,1404.5729725882286,8.0
2026-10-04 18:39:00+00:00,788.7547362999002,788.7547362999002,788.7534203784166,788.7534203803696,1.2525102999999997,987.9217831866426,7.0
2026-10-04 18:40:00+00:00,788.734450160531,788.7344501697922,788.734450160531,788.7344501697922,1.3226404,1043.2120486663541,6.0
2026-10-04 18:41:00+00:00,788.9999936865901,788.9999958463887,788.9999936865901,788.9999958463887,0.0141103,11.133026641391298,4.0
2026-10-04 18:42:00+00:00,788.9462947686623,788.96786846391,788.8421315085567,788.8463446597987,2.3735203,1872.3428126308288,9.0
2026-10-04 18:43:00+00:00,788.7896126130607,788.9293133804341,788.7802992267177,788.9013732254177,7.282100300000001,5744.858926635227,17.0
2026-10-04 18:44:00+00:00,788.9201704922285,788.9201704977227,788.9201704922285,788.9201704977227,0.6988903,551.3686546352045,7.0
2026-10-04 18:45:00+00:00,788.919999993893,788.9299999936103,788.82131681949,788.8213168196977,6.116550299999999,4824.865262039916,13.0
2026-10-04 18:46:00+00:00,788.8174588832661,788.8174588915936,788.8174588832661,788.8174588855475,0.5365504000000001,423.24032309202414,9.0
2026-10-04 18:47:00+00:00,788.7305528008134,788.7796314575531,788.6847235990249,788.7338022557647,2.5245803,1991.2218191189993,12.0
2026-10-04 18:48:00+00:00,788.7833142677131,788.7833142686584,788.716571352701,788.716571352701,7.650190299999999,6033.83186361169,14.0
2026-10-04 18:49:00+00:00,788.6999998899784,788.8699998349864,788.6999998899784,788.8699998349864,0.2982103,235.24915931179123,5.0
2026-10-04 18:50:00+00:00,788.8307578331357,788.8307600823458,788.7884392510682,788.7884420269304,0.0069403,5.474428424199505,6.0
2026-10-04 18:51:00+00:00,788.7537073730067,788.7537073730067,788.7404684873794,788.740468488376,2.1133203999999997,1666.8613223620418,8.0
2026-10-04 18:52:00+00:00,788.7517682788801,788.7517682816479,788.7164786473546,788.7517682816072,2.5854903,2039.310045999943,8.0
2026-10-04 18:53:00+00:00,788.5900000063971,788.5900000065365,788.5900000055485,788.5900000065365,3.0231202999999995,2384.0024373967603,7.0
2026-10-04 18:54:00+00:00,788.753061046485,788.8276328288713,788.6600000018216,788.8276328288713,2.7427802999999997,2163.5808914186614,13.0
2026-10-04 18:55:00+00:00,788.8699999817844,788.8899999811102,788.7299999992088,788.8899999811102,2.4104203,1901.5564704214678,9.0
2026-10-04 18:56:00+00:00,788.9674490157637,789.0004694285656,788.9096633571991,789.0004694285656,3.0170703999999997,2380.46996189903,10.0
2026-10-04 18:57:00+00:00,789.0830608895719,789.0830615087183,789.0830608895719,789.0830609834214,0.0070503,5.563272304851416,5.0
2026-10-04 18:58:00+00:00,789.0399999955105,789.1599999737398,789.0399999955105,789.1599999737398,1.2694803,1001.8230735146631,8.0
2026-10-04 18:59:00+00:00,788.9286616714433,789.1538650231277,788.928661670497,789.015278345079,9.471190299999998,7472.91385081371,22.0
2026-10-04 19:00:00+00:00,789.1807329083997,789.1851304310854,789.152931671155,789.157329194522,3.2743004,2583.938158644555,11.0
2026-10-04 19:01:00+00:00,789.1623486471001,789.334027446747,789.0140274629866,789.334027446747,4.4441603,3507.9269482179434,17.0
2026-10-04 19:02:00+00:00,789.2999999949313,789.4999999850401,789.2100000000644,789.3399999933758,5.260090299999998,4151.999677367155,14.0
2026-10-04 19:03:00+00:00,789.3351733333641,789.3351733359202,789.3037066470534,789.3037066496096,2.0308303,1602.9418833663385,6.0
2026-10-04 19:04:00+00:00,789.3000968901578,789.4700184484274,789.3000968901578,789.4700184484274,2.7089604,2138.6430169640594,15.0
2026-10-04 19:05:00+00:00,789.5634680171266,789.5634680203846,789.4557236548953,789.4961277898359,1.4103903,1113.497680522345,7.0
2026-10-04 19:06:00+00:00,789.3400000160684,789.6499999531602,789.3400000143921,789.3800000117765,1.3818702999999999,1090.8207774302734,8.0
2026-10-04 19:07:00+00:00,789.3327937209464,789.3327937209464,788.7752219714375,788.9359529366691,4.3870103,3461.0701515734827,16.0
2026-10-04 19:08:00+00:00,788.6489933176262,788.7606711197892,788.6489933176262,788.760671119587,2.8617603,2257.24397481139,8.0
2026-10-04 19:09:00+00:00,788.6268917287189,788.7555960953755,788.569896597055,788.6473053594832,3.0983704,2443.521466965584,11.0
2026-10-04 19:10:00+00:00,788.7066337212874,788.7199999836597,788.666534948612,788.7199999836597,1.2026402999999999,948.5464573963484,8.0
2026-10-04 19:11:00+00:00,788.719999986153,788.7399999827862,788.7199999849665,788.7399999815998,1.7821303,1405.6374527892083,6.0
2026-10-04 19:12:00+00:00,788.6338627308909,788.7456147517819,788.608073803124,788.6080738035749,3.5620403,2809.0537397937082,9.0
2026-10-04 19:13:00+00:00,788.7399228533346,788.9096605822201,788.7399228533346,788.8098148600417,1.8086202999999998,1426.657443995113,7.0
2026-10-04 19:14:00+00:00,788.6800000311472,788.6800000635502,788.6700000361143,788.6700000481818,0.8053104,635.1241532068013,6.0
2026-10-04 19:15:00+00:00,788.6629677091898,788.8543747969352,788.6607803087837,788.7474992060731,5.3721303,4237.254339534172,16.0
2026-10-04 19:16:00+00:00,788.9768417677894,789.0456138884207,788.8831581359808,789.006579041414,0.8852602999999999,698.4762008641758,14.0
2026-10-04 19:17:00+00:00,788.9999998771613,788.9999998839249,788.9999998707725,788.9999998839249,0.2813703,222.00116666733993,5.0
2026-10-04 19:18:00+00:00,789.0386791968665,789.0386791969092,789.0386791964413,789.0386791969092,2.2389803999999995,1766.6421375637672,7.0
2026-10-04 19:19:00+00:00,789.0699946353099,789.0699951737272,789.0699946353099,789.0699951737272,0.0084703,6.683659580120022,4.0
2026-10-04 19:20:00+00:00,789.0371378857296,789.0371378857296,788.9622914448008,789.0052262114539,2.0117403,1587.2736104801982,9.0
2026-10-04 19:21:00+00:00,789.0199999813541,789.0199999834825,788.8700000068025,788.8700000089309,1.7682902999999999,1394.9511689767924,6.0
2026-10-04 19:22:00+00:00,788.9149967958289,788.9149967958289,788.914957517826,788.914957517826,0.0012503,0.9863803713845378,4.0
2026-10-04 19:23:00+00:00,788.7344489477144,788.7344489477144,788.6824115357093,788.6824115357093,5.171560400000001,4078.718727674578,14.0
2026-10-04 19:24:00+00:00,788.7342477094276,788.7419174158341,788.6534219818894,788.7338348430803,2.9888503,2357.4073588908914,8.0
2026-10-04 19:25:00+00:00,788.9573563881916,789.0551534318863,788.9573563881916,789.0551534301687,1.0776403,850.3176322590332,7.0
2026-10-04 19:26:00+00:00,788.9296494525839,788.9296494525839,788.8476275511264,788.8476275511264,0.1321503,104.24645063516961,6.0
2026-10-04 19:27:00+00:00,788.77872575582,788.9316177112637,788.7377451549733,788.8909556711213,2.5718802999999997,2028.93310773873,11.0
2026-10-04 19:28:00+00:00,788.8200000052226,788.979999958609,788.8199999908625,788.949999952989,1.3729904,1083.2207760154542,7.0
2026-10-04 19:29:00+00:00,788.8752483388578,788.9118013036094,788.8752483359331,788.9118013036094,1.7980703,1418.5188792435215,9.0
2026-10-04 19:30:00+00:00,788.810000000874,788.9491003884167,788.7702570327349,788.8596787111009,2.9210803,2304.322466947326,10.0
2026-10-04 19:31:00+00:00,789.0599988867536,789.059998894317,788.8300003330662,788.8300004161421,0.0453403,35.765788867868004,5.0
2026-10-04 19:32:00+00:00,789.12927631616,789.1731766753146,788.9399999884431,789.0604886551372,0.8949904,706.2015623656566,12.0
2026-10-04 19:33:00+00:00,789.0240703800624,789.2170351810184,789.0205527875636,789.2064824035218,1.9729402999999999,1557.057274155149,12.0
2026-10-04 19:34:00+00:00,789.6213905950484,789.6420550829492,789.4294681918122,789.4934433973643,1.6486203,1301.5749175017957,15.0
2026-10-04 19:35:00+00:00,789.5301826511612,789.5739938785297,789.5301826511612,789.5739938785297,1.1412603,901.1094531260088,7.0
2026-10-04 19:36:00+00:00,789.5374937136659,789.589999986231,789.5374937113232,789.5899999844547,3.3485503999999997,2643.9819102839456,10.0
2026-10-04 19:37:00+00:00,789.6219240851846,789.6219240851846,789.4950767758855,789.4950767758855,1.9697502999999998,1555.1081643278235,8.0
2026-10-04 19:38:00+00:00,789.3761542152989,789.3761542152989,789.241589716356,789.241589716356,3.1452103,2482.3307771642567,10.0
2026-10-04 19:39:00+00:00,789.1836965479116,789.1859793111772,789.1836965479116,789.1859793095675,0.6479003,511.3138327504626,6.0
2026-10-04 19:40:00+00:00,789.338891869251,789.3545800032622,788.7895599358611,788.7895599358611,3.4206502999999993,2698.1732448314706,13.0
2026-10-04 19:41:00+00:00,788.890000028881,788.890000082262,788.8000000724126,788.8000000724126,0.8111604,639.8433235787383,7.0
2026-10-04 19:42:00+00:00,789.0191899167319,789.0191899167319,788.887834961506,788.9170248574087,0.09469029999999999,74.70278975885547,9.0
2026-10-04 19:43:00+00:00,788.9216060127044,789.0371172850661,788.9216060127044,789.0371172845107,5.4576103,4306.2570983742535,11.0
2026-10-04 19:44:00+00:00,788.9159170368661,789.1380276485584,788.9159170317616,789.1380276485584,2.8274502999999997,2231.2485530163244,9.0
2026-10-04 19:45:00+00:00,789.0623074760018,789.187355780333,789.0175959126691,789.1794231296099,5.259780299999999,4150.910382942486,12.0
2026-10-04 19:46:00+00:00,789.1869784166872,789.1869784203948,789.1824820098443,789.1824820173608,2.3024403999999996,1817.0456295690446,8.0
2026-10-04 19:47:00+00:00,789.2273241716211,789.2295047796255,789.2273241716211,789.2295047777742,2.5849703,2040.1348297342545,11.0
2026-10-04 19:48:00+00:00,789.3499999783919,789.359999977125,789.3499999783919,789.359999976421,1.3558702999999999,1070.26977997603,8.0
2026-10-04 19:49:00+00:00,789.3599999835199,789.3599999856903,789.3599999835199,789.3599999856903,1.4113202999999999,1114.0397919878042,6.0
2026-10-04 19:50:00+00:00,789.3730317459308,789.3730317459308,788.9266507607899,788.9266507607899,5.233940400000001,4129.19507005359,14.0
2026-10-04 19:51:00+00:00,789.152596930325,789.3694228711832,789.1328854814697,789.1328854849186,1.3536803,1068.2336411630902,7.0
2026-10-04 19:52:00+00:00,789.3578989910051,789.3742014801625,789.3578989910051,789.3657981503351,0.1866403,147.327469376518,8.0
2026-10-04 19:53:00+00:00,789.3525935493888,789.3662967677665,789.2977806783625,789.2977806809064,2.4149803,1906.1385911781094,8.0
2026-10-04 19:54:00+00:00,789.4198985054733,789.4198985079148,789.4198985054733,789.4198985079148,2.5207903,1989.962022785736,5.0
2026-10-04 19:55:00+00:00,789.3851691532643,789.3851691532643,789.3047032595559,789.3047032595559,1.4237103999999998,1123.7413147995435,7.0
2026-10-04 19:56:00+00:00,789.2499999165709,789.2899993500067,789.2499995554717,789.2899989889075,0.0211803,16.717398965584756,5.0
2026-10-04 19:57:00+00:00,789.3099414224703,789.3099414246858,789.3099414224703,789.3099414235123,1.2773803000000001,1008.2489697685487,7.0
2026-10-04 19:58:00+00:00,789.2556719735154,789.2556719735676,789.2020565481693,789.2336393059927,2.9312702999999996,2313.4571266585685,10.0
2026-10-04 19:59:00+00:00,789.314135292219,789.5102296599958,789.3043650350006,789.5102296599958,1.0942802999999999,863.945490965409,9.0
2026-10-04 20:00:00+00:00,789.3924792879811,789.3924792879811,789.0626156823621,789.0907355036351,4.9014004,3867.6496466338112,16.0
2026-10-04 20:01:00+00:00,789.0714198833446,789.1285530675059,789.025713321313,789.0428532765613,2.9259703,2308.715954114476,9.0
2026-10-04 20:02:00+00:00,789.1699999655549,789.4599999609366,789.1699999655549,789.4599999609366,1.1865702999999999,936.7497889916484,9.0
2026-10-04 20:03:00+00:00,789.4399999323068,789.4399999367841,789.2200000249818,789.379999954274,0.6788502999999999,535.8708497829588,8.0
2026-10-04 20:04:00+00:00,789.3554396441847,789.3625596222872,789.3554396425305,789.3625596222872,1.4045003,1108.6599517982704,6.0
2026-10-04 20:05:00+00:00,789.3503477859286,789.8171032755416,789.2069332952225,789.209547369229,10.629310400000001,8388.75324963104,17.0
2026-10-04 20:06:00+00:00,789.0400000100989,789.2999999729509,789.0400000100989,789.2499999815111,1.7523002999999997,1383.0030117426018,8.0
2026-10-04 20:07:00+00:00,789.0400001219374,789.249999876036,789.0300000589795,789.0300000589795,0.2562003,202.14972272411055,6.0
2026-10-04 20:08:00+00:00,789.089999933488,789.0900105975218,789.089999933488,789.0900105975218,0.0013003,1.0260537407799575,4.0
2026-10-04 20:09:00+00:00,789.259999981768,789.259999982435,789.2499999816686,789.2499999816686,1.9038503,1502.6138492400996,5.0
2026-10-04 20:10:00+00:00,788.938350505605,788.9413388716696,788.5169216705493,788.519910036614,11.824060399999999,9323.507042875488,15.0
2026-10-04 20:11:00+00:00,789.140000002512,789.160000001265,788.9200000026136,788.9200000026136,4.8115303,3795.912484288576,10.0
2026-10-04 20:12:00+00:00,789.4499998566533,789.4499999856865,789.4499998566533,789.4499999644487,0.43148030000000004,340.63212281966037,5.0
2026-10-04 20:13:00+00:00,789.534493236451,789.6161373940919,789.5161374004725,789.5243018202419,2.7698003,2186.8246480389967,10.0
2026-10-04 20:14:00+00:00,789.545505063637,789.6563211105637,789.5249549113121,789.6093493338211,3.5833603,2829.454794911646,10.0
2026-10-04 20:15:00+00:00,789.7428887794057,789.8699999778227,789.7428887794057,789.8699999778227,1.2573604,993.1512591201151,11.0
2026-10-04 20:16:00+00:00,789.7948554217937,789.9181792096357,789.7948554217937,789.9181792088873,3.7190602999999998,2937.753340544058,11.0
2026-10-04 20:17:00+00:00,789.7631553432363,789.9168446491987,789.7631553432363,789.9168446491987,3.9174203,3094.436282540717,10.0
2026-10-04 20:18:00+00:00,789.929089518527,789.9759969541369,789.8509104628023,789.9759969541369,3.2584303,2574.0817247480677,13.0
2026-10-04 20:19:00+00:00,789.8610094410599,789.9703679492619,789.813165092335,789.9703679492619,4.0002303,3160.0634019727863,11.0
2026-10-04 20:20:00+00:00,789.9999991713734,790.000000748923,789.9999991713734,790.000000748923,0.0230003,18.170237017225453,4.0
2026-10-04 20:21:00+00:00,790.1599999801566,790.229999967579,790.0500000024304,790.0500000026714,1.9754204,1560.6808870252771,16.0
2026-10-04 20:22:00+00:00,790.0125323668765,790.249115093403,790.0072158210667,790.1168345401503,8.0171603,6334.493318236962,21.0
2026-10-04 20:23:00+00:00,790.2599989097208,790.2599989991461,790.2599989055337,790.2599989055337,0.039440300000000005,31.168091434833926,4.0
2026-10-04 20:24:00+00:00,790.3261712831411,790.3261712831411,790.326171224278,790.326171224278,0.049240299999999994,38.91589776893481,5.0
2026-10-04 20:25:00+00:00,790.1680518372411,790.1680518468288,790.1680516951827,790.1680516951827,0.10271029999999999,81.15839764002772,5.0
2026-10-04 20:26:00+00:00,789.8195775449054,789.8195775449054,789.1744375745305,789.1744375745305,16.200658299999997,12785.145402239648,23.0
2026-10-04 20:27:00+00:00,789.5930000452789,789.5930000550379,789.4580000812039,789.4580000909629,1.1273503,889.995713239947,5.0
2026-10-04 20:28:00+00:00,789.9569413558727,790.1378351608555,789.9569413558727,790.1378351608555,2.911640399999999,2300.5972424228867,10.0
2026-10-04 20:29:00+00:00,790.2083256200342,790.2083256200342,790.0100000107453,790.0199162910529,1.9553702999999998,1544.7814807240109,10.0
2026-10-04 20:30:00+00:00,790.0100000086449,790.1899999886062,789.9700000108398,789.9700000123476,2.6947802999999997,2128.795593624274,10.0
2026-10-04 20:31:00+00:00,789.7873691123851,789.9090648598466,789.6821073328622,789.7277806879317,6.328810300000001,4998.037312613924,16.0
2026-10-04 20:32:00+00:00,789.5324130471863,789.550000012085,789.5288956543006,789.550000012085,3.8676103000000004,3053.6717124117404,9.0
2026-10-04 20:33:00+00:00,789.8234120267165,789.8569421047005,789.6701180466777,789.8042383278889,4.184990399999999,3305.323155281527,14.0
2026-10-04 20:34:00+00:00,790.1099850901973,790.1099897169003,790.1099850901973,790.1099897169003,0.0025103,1.9834131071863348,4.0
2026-10-04 20:35:00+00:00,790.2401294892429,790.3149351981568,790.2401294892429,790.3149351981568,0.7612203,601.6037720660215,7.0
2026-10-04 20:36:00+00:00,790.3799999927704,790.3799999927704,790.1800000048289,790.2400000009532,4.6441403,3669.985430676427,9.0
2026-10-04 20:37:00+00:00,790.0680135905096,790.0680153962983,790.0680134843074,790.0680153962983,0.0050604000000000005,3.998060185111428,5.0
2026-10-04 20:38:00+00:00,790.3872831557077,790.395000894653,789.8123943275848,789.8664184983894,8.7545203,6914.901595032445,21.0
2026-10-04 20:39:00+00:00,789.9463345545565,790.0350676487565,789.9026691202623,790.0338007374427,1.6416302999999999,1296.943425314748,10.0
2026-10-04 20:40:00+00:00,790.1616593265043,790.3791923333766,790.113318658456,790.1133186591118,7.1307703,5634.11658632883,19.0
2026-10-04 20:41:00+00:00,790.0148996460902,790.0148996460902,790.0148996242125,790.0148996271818,1.7455204,1378.9871236031981,6.0
2026-10-04 20:42:00+00:00,790.0459588307073,790.1172165940225,790.0068866344124,790.1172165940225,7.1245803,5629.253556036605,16.0
2026-10-04 20:43:00+00:00,790.3586044422506,790.757694576293,790.3586044422506,790.757694576293,1.6587203000000001,1311.6458403748973,14.0
2026-10-04 20:44:00+00:00,790.8499999372352,790.8499999456734,790.7399999790565,790.8499999456734,0.7890703,624.0362467121325,8.0
2026-10-04 20:45:00+00:00,790.8025662395743,790.8517766296455,790.6541454857054,790.8501973998408,2.7562802999999994,2179.804819344292,14.0
2026-10-04 20:46:00+00:00,790.8976906670464,791.6613405706354,790.806783514101,791.1326598757863,15.208090399999998,12031.61700978341,32.0
2026-10-04 20:47:00+00:00,791.3468356874549,791.5641773580816,791.3468356874549,791.4006333034902,0.9171602999999999,725.841242260819,11.0
2026-10-04 20:48:00+00:00,791.6028200177258,791.7643284914859,791.5080853771155,791.5085449695524,2.6154002999999997,2070.1116859659305,13.0
2026-10-04 20:49:00+00:00,791.4819519124229,791.4819519124229,791.0824384716916,791.144585004894,11.264760299999999,8912.054112723104,11.0
2026-10-04 20:50:00+00:00,791.2999993368213,791.2999996755068,791.2999993368213,791.2999996755068,0.1198703,94.8533683511029,4.0
2026-10-04 20:51:00+00:00,791.0700000347996,791.0700000585231,791.0700000347996,791.0700000585231,0.5000004,395.53531645726156,5.0
2026-10-04 20:52:00+00:00,791.3199989214326,791.340000517106,791.1200006216164,791.1900017922438,0.03529030000000001,27.921332520248832,9.0
2026-10-04 20:53:00+00:00,791.4291824700713,791.7660939882328,791.2409083919251,791.2409083998818,3.4105003,2698.5273554700693,11.0
2026-10-04 20:54:00+00:00,791.3823514222944,791.480691198574,791.3823514222944,791.480691198574,0.3123103,247.187572112434,7.0
2026-10-04 20:55:00+00:00,791.4801635706374,791.480163574868,791.2795425598704,791.2869282026232,4.3262604,3423.313302520652,13.0
2026-10-04 20:56:00+00:00,791.4399999572239,791.4800000229139,791.2000000801888,791.4700000283203,0.5549003,439.186940456715,8.0
2026-10-04 20:57:00+00:00,791.5198229493831,791.5198229493831,791.3603909549536,791.3603909549536,0.016940300000000002,13.405882430894202,6.0
2026-10-04 20:58:00+00:00,791.6139289791379,791.7751022408614,791.6139289791379,791.7117869994794,1.2244302999999999,969.3959008693085,11.0
2026-10-04 20:59:00+00:00,791.6391392875989,791.6391392875989,791.5214827454212,791.5260789825958,3e-07,0.00023745782369477873,3.0
2026-10-04 21:00:00+00:00,791.8400683636443,792.4799467952195,791.8400683636443,791.88006077612,6.633640400000001,5253.047563118926,17.0
2026-10-04 21:01:00+00:00,791.6593628270668,791.6595752173829,791.3725486808428,791.3725486818229,6.9447903,5495.9163997718015,17.0
2026-10-04 21:02:00+00:00,791.9480932431994,791.948093248649,791.9480932322826,791.948093248649,0.8697902999999999,688.8287696111703,6.0
2026-10-04 21:03:00+00:00,792.1016469437968,792.2709357921351,792.0748328423831,792.259005353866,7.6616403,6070.003523457095,18.0
2026-10-04 21:04:00+00:00,791.9742514483243,791.9742514483243,791.852093415504,791.8585227851622,3.5411402999999995,2804.082126933006,9.0
2026-10-04 21:05:00+00:00,791.9299474492793,791.9299474492793,791.9299232785652,791.9299256001796,0.0007104,0.5625870191463676,5.0
2026-10-04 21:06:00+00:00,791.5483867873727,791.7928661084815,791.4971338899604,791.7416132115017,11.1485503,8826.771199491572,18.0
2026-10-04 21:07:00+00:00,791.7045674078953,791.9044708149559,791.6227887418885,791.7590865197184,7.5580103,5984.123331034623,17.0
2026-10-04 21:08:00+00:00,792.0041779839852,792.0263763690135,792.0041779839852,792.0263763690135,0.15573030000000002,123.3425051998594,6.0
2026-10-04 21:09:00+00:00,792.3981119747212,792.4782168711841,792.0913635334102,792.0923075401095,1.9983304,1582.86213776355,14.0
2026-10-04 21:10:00+00:00,792.3809108421815,793.5006863856206,792.3779080836771,793.2123695668424,10.001470300000003,7933.2899558154,34.0
2026-10-04 21:11:00+00:00,793.4768687261914,795.4422941939819,793.433040085925,795.2718225556878,12.320350299999998,9798.027437605513,54.0
2026-10-04 21:12:00+00:00,794.8982207776443,795.2038883305667,794.8919072170814,794.9648891682455,4.349970299999999,3458.0736574246584,16.0
2026-10-04 21:13:00+00:00,794.7776081940879,794.7776081940879,794.2479288029714,794.2479288029714,3.7440803,2973.7280235470075,14.0
2026-10-04 21:14:00+00:00,794.0329215451919,794.0450468857571,793.8320589648239,793.8441843057085,5.8863504,4672.845031825581,17.0
2026-10-04 21:15:00+00:00,793.5738475444247,793.5738475444247,793.3457320995934,793.3457320995934,5.1547602999999995,4089.5070840014196,10.0
2026-10-04 21:16:00+00:00,793.3599999568931,793.4700000028627,793.2300000273843,793.4700000028627,0.5532603,438.99545024258384,9.0
2026-10-04 21:17:00+00:00,793.4599999821644,793.559999968796,792.8600000162792,792.8600000162792,2.2441103,1779.2652924945323,10.0
2026-10-04 21:18:00+00:00,792.7024205511217,792.735222270054,792.2746610353108,792.2812213789744,7.541190299999999,5974.743461535273,16.0
2026-10-04 21:19:00+00:00,792.6757249671623,792.6757249671623,792.3988561300525,792.3988561300525,0.1818004,144.058429003986,10.0
2026-10-04 21:20:00+00:00,792.3299999946672,792.3299999987057,792.1199999998848,792.1199999998848,3.4593002999999998,2740.1809536356013,7.0
2026-10-04 21:21:00+00:00,792.0264644658207,792.3178077560416,791.8050074598912,792.2244375803045,4.606250299999999,3649.1840532716083,11.0
2026-10-04 21:22:00+00:00,792.3337551274841,792.5297270386842,792.3337551274841,792.5297270386842,2.0974302999999996,1662.2758631416652,8.0
2026-10-04 21:23:00+00:00,792.6471232905203,792.6471232977107,792.1918306651829,792.1918306723733,5.0187503,3975.8129878445225,11.0
2026-10-04 21:24:00+00:00,792.9299999813281,792.9399999857932,792.8699999878005,792.869999993168,3.3709303999999993,2672.7095862249694,10.0
2026-10-04 21:25:00+00:00,792.9600000448413,793.2800000155667,792.9600000448413,793.2800000155667,1.2521303,993.2899244034915,7.0
2026-10-04 21:26:00+00:00,793.3399999450207,793.3400000811303,793.2100001010955,793.3099999990649,0.2498803,198.23254079276634,7.0
2026-10-04 21:27:00+00:00,793.4299968137329,793.4299982185405,793.4299968137329,793.4299982185405,0.0167303,13.274321899195648,4.0
2026-10-04 21:28:00+00:00,793.365862224876,793.365862224876,793.3658619996803,793.3658619996803,0.019290300000000003,15.304265487732435,5.0
2026-10-04 21:29:00+00:00,793.2792166747915,793.2792166747915,793.0101362312005,793.0101362312005,3.5762703999999994,2836.018677103609,12.0
2026-10-04 21:30:00+00:00,793.1357443585587,793.4914299453014,792.9819343746728,793.4914299453014,1.8160903,1441.0520890567914,7.0
2026-10-04 21:31:00+00:00,793.3192535147751,793.3192535147751,793.3192506433263,793.3192506433263,0.0093003,7.378107026758127,5.0
2026-10-04 21:32:00+00:00,793.4565175195445,793.4633391493433,793.4428742999763,793.442874319991,0.48339029999999994,383.5425890504027,9.0
2026-10-04 21:33:00+00:00,793.4999998764323,793.4999998764323,793.4999995362866,793.4999995362866,0.0802103,63.64687301280541,4.0
2026-10-04 21:34:00+00:00,793.5299157359127,793.6196629845035,793.5299157341462,793.6196629845035,1.8256504,1448.872055175524,9.0
2026-10-04 21:35:00+00:00,793.3700039405151,793.3700044496334,793.3700035470059,793.3700044496334,0.0100003,7.933938055497669,4.0
2026-10-04 21:36:00+00:00,793.6600000063509,793.8699999728977,793.6600000045835,793.8699999728977,1.3475403,1069.7718179244785,6.0
2026-10-04 21:37:00+00:00,793.8008063710564,794.0578112173283,793.8008063656658,794.0578112173283,0.9766002999999999,775.4770966521861,8.0
2026-10-04 21:38:00+00:00,794.0399999920053,794.1399999820056,793.7799999853986,793.7799999897462,3.0000803,2381.4037405032377,8.0
2026-10-04 21:39:00+00:00,794.0099993678489,794.0099995039436,793.7100000226441,793.7100001759476,0.17857040000000005,141.73311221541906,8.0
2026-10-04 21:40:00+00:00,793.7899999770389,793.7899999941869,793.7899999661242,793.7899999661242,0.6812402999999999,540.7617377139223,4.0
2026-10-04 21:41:00+00:00,793.6960000131119,793.6960000161646,793.4580000365612,793.4580000365612,1.2596602999999997,999.4875423634545,7.0
2026-10-04 21:42:00+00:00,793.2692100966173,793.3575293869762,793.1430396842097,793.1430396870666,4.194560300000001,3326.8863064926945,17.0
2026-10-04 21:43:00+00:00,793.8499915595523,793.8499951285723,793.8499915595523,793.8499951285723,0.0126503,10.042440593374979,4.0
2026-10-04 21:44:00+00:00,793.5694877312382,793.5694877312382,793.1615263607871,793.2573835596723,5.130220400000001,4069.5852115884563,22.0
2026-10-04 21:45:00+00:00,793.7021847000243,793.7493600921533,793.7021847000243,793.7210548699936,1.5910102999999998,1262.8183736250248,9.0
2026-10-04 21:46:00+00:00,794.1099992826818,794.2699988038755,793.9299999629588,794.2699988038755,0.06895029999999999,54.76515469852685,6.0
2026-10-04 21:47:00+00:00,794.1999999807168,794.1999999977892,794.119999989874,794.1200000069464,2.6208703,2081.2855226542056,9.0
2026-10-04 21:48:00+00:00,794.2684033104507,794.2684033974483,794.1806739764938,794.1806739764938,0.33198029999999995,263.65233840091855,8.0
2026-10-04 21:49:00+00:00,794.0283932143853,794.0283932143853,793.9119786995981,793.9323303592524,4e-07,0.00031757293214370095,4.0
2026-10-04 21:50:00+00:00,794.0899998632143,794.119999857751,793.9899999802598,793.9900000510689,0.2017403,160.17978080730268,6.0
2026-10-04 21:51:00+00:00,794.1163798554859,794.1414375685459,794.0437355739566,794.1126442847641,4.0154502999999995,3188.719855727049,14.0
2026-10-04 21:52:00+00:00,794.1399999270916,794.1399999614538,793.9900000257952,794.1299999611202,0.45591030000000005,362.05204652127435,6.0
2026-10-04 21:53:00+00:00,794.1597369705669,794.1597369733263,793.7699421464869,793.7699421464869,2.6423902999999997,2097.449995559438,8.0
2026-10-04 21:54:00+00:00,793.6300000200614,793.6300000200614,793.5199999620319,793.5699999369637,0.7978204,633.1263347777083,8.0
2026-10-04 21:55:00+00:00,793.5818403252748,793.5818403252748,793.1299999656177,793.1299999656177,0.7092003,562.488033914616,9.0
2026-10-04 21:56:00+00:00,792.8708086412107,792.8708086444543,792.8708085188416,792.8708085188416,0.1617703,128.26294855533556,6.0
2026-10-04 21:57:00+00:00,792.9699999944206,792.9699999944206,792.8699999689946,792.8699999689946,1.4302202999999998,1133.9787692166553,7.0
2026-10-04 21:58:00+00:00,792.679999890396,792.679999890396,792.6799824557453,792.6799925104337,0.0020004,1.5856770570178715,5.0
2026-10-04 21:59:00+00:00,792.5400000365298,792.5400000365298,792.4100000400709,792.4100000400709,0.8023803,635.8141735551521,7.0
2026-10-04 22:00:00+00:00,792.8339095549279,793.7972346726299,792.8339095549279,793.7951368613923,2.3774303,1887.192610366921,11.0
2026-10-04 22:01:00+00:00,793.5160065483392,793.5160065483392,793.3736108442835,793.3736108442835,0.5334102999999999,423.1936557725324,8.0
2026-10-04 22:02:00+00:00,793.8946071285202,794.9384435934301,793.8946071285202,794.5052476012177,4.8640203,3864.489652788849,24.0
2026-10-04 22:03:00+00:00,794.0219009383135,794.3244130124834,793.6151048217725,794.3241634550319,11.728280300000002,9316.056438063632,24.0
2026-10-04 22:04:00+00:00,794.3365036240398,795.1643813770871,794.3266479380168,795.1643813770871,1.2777903,1016.0533334291425,20.0
2026-10-04 22:05:00+00:00,794.7453474834941,794.7453474834941,794.2604173095277,794.2916840782401,3.1298303,2485.9981798661033,14.0
2026-10-04 22:06:00+00:00,795.3224271006155,795.3561820534948,795.2329608238337,795.266715704738,0.4098304,325.92447620395905,11.0
2026-10-04 22:07:00+00:00,794.7195484514785,794.7195484514785,794.3511288763902,794.3511288893253,1.4386402999999999,1142.7855463706776,12.0
2026-10-04 22:08:00+00:00,794.4268515534845,794.4530371048354,794.2641841495189,794.336194415734,0.3699903,293.89668687273576,10.0
2026-10-04 22:09:00+00:00,794.7118852391187,794.8953973551122,794.5001664164383,794.6836784965604,0.7926202999999998,629.8824156550471,8.0
2026-10-04 22:10:00+00:00,794.4478277658941,794.447827766019,794.0409588898415,794.0409588898415,3.4619703,2748.946216660152,11.0
2026-10-04 22:11:00+00:00,793.7605248526226,794.3502952121174,793.7605248526226,794.2304920271172,3.4205903999999996,2716.737196415233,15.0
2026-10-04 22:12:00+00:00,794.1000000172646,794.2699999715098,794.0900000208934,794.0900000332373,0.8267403,656.5062048544786,8.0
2026-10-04 22:13:00+00:00,794.4714355718451,794.482259942149,794.4714355718451,794.482259942149,0.2599403,206.5179569940402,7.0
2026-10-04 22:14:00+00:00,794.919989353263,795.1399963942745,794.9199876165492,795.1399727526885,0.0044402999999999995,3.5306600210137624,5.0
2026-10-04 22:15:00+00:00,794.8790319611012,796.305168444174,794.8790319610463,795.7121778362622,124.13937029999998,98779.20869663519,136.0
2026-10-04 22:16:00+00:00,796.0222269021408,797.5665386089679,795.9157802784531,796.7101151344738,35.3750104,28183.628608667208,103.0
2026-10-04 22:17:00+00:00,796.6934302113648,797.0233227709094,796.2138633096974,796.5865596560029,14.9951803,11944.95908659847,38.0
2026-10-04 22:18:00+00:00,796.4855048060571,796.5781611016009,796.2844535326009,796.4574118929277,3.1989203,2547.803782989748,15.0
2026-10-04 22:19:00+00:00,796.1942719107133,796.1942719236985,796.0353772023609,796.0353772153461,3.1326102999999996,2493.6686218291784,10.0
2026-10-04 22:20:00+00:00,796.2340300447514,796.2340300447514,795.8838071482684,795.9416933481302,4.747950299999999,3779.0916017147624,17.0
2026-10-04 22:21:00+00:00,795.8891276804425,796.0862580292322,795.3915921778845,796.0732416047408,5.743750300000001,4572.445920289203,23.0
2026-10-04 22:22:00+00:00,796.0364116501074,796.0364116744017,795.5554966161003,795.5554966759692,0.8076604,642.5386706675118,8.0
2026-10-04 22:23:00+00:00,795.3900266048563,795.3900266048563,794.8701152859385,795.2500029572528,16.9152903,13451.884661097789,18.0
2026-10-04 22:24:00+00:00,795.4807984112846,795.4807984149771,795.3922895260166,795.3922895297092,2.4049303,1912.8630174763705,12.0
2026-10-04 22:25:00+00:00,795.2533786900523,795.5989421041606,795.1779178351577,795.5989421041606,0.6855903,545.4549173968741,10.0
2026-10-04 22:26:00+00:00,795.9826616892993,796.1228420268411,795.2853233990819,796.1228420168243,5.5837403,4445.343196719875,15.0
2026-10-04 22:27:00+00:00,796.1022817820474,796.1022817820474,795.8288590427965,795.8504181365505,1.1495104,914.8383324923135,12.0
2026-10-04 22:28:00+00:00,795.7014016196878,795.8529579609756,795.5584253786853,795.7608405784614,10.6158303,8447.6620429663,25.0
2026-10-04 22:29:00+00:00,795.5400000119736,795.5400000444147,795.5399999948108,795.5400000444147,0.1627603,129.48232906922894,5.0
2026-10-04 22:30:00+00:00,795.5700000306385,795.5700000306385,795.0900000574974,795.0900000574974,0.3541203,281.55750934736096,9.0
2026-10-04 22:31:00+00:00,795.3465325713406,795.4617770008782,795.2442614133577,795.2442614133577,2.5279903,2010.3697789836324,17.0
2026-10-04 22:32:00+00:00,794.795317950911,794.984092604761,794.7858792264992,794.984092604761,1.3419504000000002,1066.8292210645964,13.0
2026-10-04 22:33:00+00:00,795.0746310421616,795.1928383665315,795.0549297929302,795.094332234387,1.6581003,1318.3461508061368,10.0
2026-10-04 22:34:00+00:00,795.395563420734,795.403942819675,795.395563420734,795.403942819675,0.16861030000000002,134.11329742000825,7.0
2026-10-04 22:35:00+00:00,795.6721037156622,795.672367169511,795.6721037156622,795.672367169511,0.1646303,130.99178050882674,6.0
2026-10-04 22:36:00+00:00,796.1292795617496,796.3041152397483,796.0697117868095,796.2445474648081,1.6811103,1338.5749100619278,15.0
2026-10-04 22:37:00+00:00,796.1267905351485,796.1267905436293,796.1267904250552,796.1267904250552,1.4163903999999998,1127.62634314086,6.0
2026-10-04 22:38:00+00:00,795.8499999905273,795.9999999615479,795.4299999846323,795.4299999846323,1.5528303,1235.1678055051368,11.0
2026-10-04 22:39:00+00:00,795.6399995852072,795.8099984745854,795.6399972217098,795.8099960422544,0.0432403,34.411062971865896,5.0
2026-10-04 22:40:00+00:00,795.2023237735589,795.4812762536495,795.1061332688038,795.4812762536495,0.3234103,257.2668381975757,9.0
2026-10-04 22:41:00+00:00,795.4532038542874,795.5734951322931,795.4532038542874,795.5734951322931,1.4295402999999998,1137.3043729034666,8.0
2026-10-04 22:42:00+00:00,795.7359019166212,796.071141998576,795.7359019166212,796.071141998576,0.19013040000000003,151.35732465664609,8.0
2026-10-04 22:43:00+00:00,796.0720205858263,796.0720206064249,795.9453590442351,795.9453590442351,0.4426253,352.3055533305623,11.0
2026-10-04 22:44:00+00:00,795.6400000497814,795.6400000497814,795.6400000110464,795.6400000110464,1.2568603,1000.0083291058837,4.0
2026-10-04 22:45:00+00:00,795.5723901008325,795.5723901008325,795.5723851709201,795.5723851709201,0.014440300000000001,11.48830391358364,5.0
2026-10-04 22:46:00+00:00,795.4699739797653,795.4699827761663,795.4699739797653,795.469977309517,0.0016704,1.3287530500978173,5.0
2026-10-04 22:47:00+00:00,795.2966925894253,795.2966925992921,795.2167314877487,795.2167315134939,1.4371103,1142.8141555903767,10.0
2026-10-04 22:48:00+00:00,795.2799999910288,795.2799999910288,794.7400000027001,794.7400000027955,3.5807802999999994,2845.7893356320096,14.0
2026-10-04 22:49:00+00:00,794.7121052045406,794.7516620007561,794.5857201963304,794.6252769925461,2.7130003,2155.818614868361,12.0
2026-10-04 22:50:00+00:00,794.6048969566259,794.8074907815762,794.6048969566259,794.6324672041824,4.1048203,3261.823482418812,15.0
2026-10-04 22:51:00+00:00,794.3292771246532,794.3292771246532,794.3292768100937,794.3292768600693,0.1649403,131.0169092240829,6.0
2026-10-04 22:52:00+00:00,794.7225900836439,794.7322206300815,794.7199996746454,794.729630221083,0.3329204,264.58170638505504,9.0
2026-10-04 22:53:00+00:00,795.0788539677783,795.2737990700819,795.0788539677783,795.2737990700819,2.3995903,1908.3312940927174,9.0
2026-10-04 22:54:00+00:00,795.2477004934563,795.2710883658789,795.1307677117481,795.2710883658789,0.0249203,19.81839410340421,7.0
2026-10-04 22:55:00+00:00,795.2300001533592,795.439999774517,795.230000100653,795.4399996999159,0.1572103,125.05136098482369,5.0
2026-10-04 22:56:00+00:00,795.4778333740203,795.7133932609341,795.4601152681842,795.5816088257044,4.2108903,3350.106879462553,16.0
2026-10-04 22:57:00+00:00,795.4499998750795,795.4499998750795,795.4499964267401,795.4499964267401,0.0180003,14.31833857068025,4.0
2026-10-04 22:58:00+00:00,795.1987189240899,795.3012809502977,795.1987188479981,795.3012809184694,0.3290304,261.67829858111634,7.0
2026-10-04 22:59:00+00:00,795.3599997798661,795.4499997992887,795.3599997798661,795.4499997992887,0.2526103,200.93886308429825,5.0
2026-10-04 23:00:00+00:00,795.4817457796988,795.936033558494,795.4817457796988,795.9277793633556,1.9969603,1589.4361770557805,13.0
2026-10-04 23:01:00+00:00,795.7497823416221,795.8777942672508,795.61465870052,795.6146587128485,0.7077703,563.1124256815904,9.0
2026-10-04 23:02:00+00:00,795.687880070099,795.687880070099,795.6480682163032,795.6480682163032,0.17746030000000002,141.19594488008565,7.0
2026-10-04 23:03:00+00:00,795.2802583329378,795.479788620591,795.1605401651059,795.479788616998,3.7683704,2997.6624892225523,11.0
2026-10-04 23:04:00+00:00,795.498160319633,795.498160319633,795.4981602626642,795.4981602626642,0.7338403,583.7686085766015,5.0
2026-10-04 23:05:00+00:00,795.3898248437017,795.3898248437017,795.2066025374535,795.2676765199889,0.3620003,287.8871374805389,11.0
2026-10-04 23:06:00+00:00,795.0837947421029,795.0837947421029,794.9199999751423,794.9199999751423,1.0322003,820.5166624503419,10.0
2026-10-04 23:07:00+00:00,794.5760208362803,794.6209843986386,794.46456184354,794.467337662359,4.6315703,3679.6313254370534,13.0
2026-10-04 23:08:00+00:00,794.7371674493864,795.2058702756733,794.7371674493864,795.1911945726783,5.8241502999999994,4631.3130344278225,11.0
2026-10-04 23:09:00+00:00,795.4804710067152,795.7271401483029,795.475613853921,795.6933882448894,1.5296204000000002,1217.1088388045032,15.0
2026-10-04 23:10:00+00:00,795.6461135416702,795.6717644420538,795.6461135416702,795.6717644420538,0.1738103,138.2959480792027,9.0
2026-10-04 23:11:00+00:00,795.6274388645758,795.6274388645758,795.4286257453522,795.4286257485974,6.066330299999998,4825.332773866075,18.0
2026-10-04 23:12:00+00:00,795.4700026063982,795.470003599941,795.47000188358,795.47000188358,0.022210300000000002,17.66762738283488,4.0
2026-10-04 23:13:00+00:00,795.7200076712464,796.0399965308853,795.720002704649,796.0399965308853,0.0023803,1.8948140037424666,5.0
2026-10-04 23:14:00+00:00,796.129810079225,796.3120756722194,796.1033964090238,796.2856619358007,0.24404030000000002,194.32579182451138,7.0
2026-10-04 23:15:00+00:00,796.0619221616688,796.3090690122995,796.0619221445723,796.3090690122995,1.1731804000000001,934.2141921074772,12.0
2026-10-04 23:16:00+00:00,796.5976081683668,796.7149881941151,796.4314141938646,796.564463802282,1.2055203,960.2746313722663,14.0
2026-10-04 23:17:00+00:00,796.8799985617349,797.0699975589421,796.6200077270992,796.6200109701404,0.0085103,6.779475279359185,7.0
2026-10-04 23:18:00+00:00,797.000174554528,797.000174554528,796.3232621605741,796.3232621605741,3.4397502999999996,2739.1531799138133,11.0
2026-10-04 23:19:00+00:00,796.4401432249252,796.6594726120027,796.4301737100077,796.6594726120027,2.0371602999999996,1622.923050224109,9.0
2026-10-04 23:20:00+00:00,796.6699987463842,796.6699990242404,796.669998369113,796.6699990242404,0.0436004,34.73513062545649,5.0
2026-10-04 23:21:00+00:00,796.5154305508217,796.5154305508217,796.2071326082436,796.2499681385999,3e-07,0.00023887499044157996,3.0
2026-10-04 23:22:00+00:00,796.0399965644763,796.0399965644763,796.039986602345,796.039986602345,0.0020003,1.5923187852006708,4.0
2026-10-04 23:23:00+00:00,795.7971241573126,795.8649673147117,795.6486273989486,795.6515032180868,0.6908702999999999,549.6919927237306,9.0
2026-10-04 23:24:00+00:00,795.7458836223557,795.7458837633515,795.7145109721185,795.7145110734316,0.0619903,49.32658125579535,6.0
2026-10-04 23:25:00+00:00,795.7597101165278,795.874403748341,795.7597101165278,795.874403748341,3e-07,0.0002387623211245023,3.0
2026-10-04 23:26:00+00:00,796.3721676062374,796.3721685680216,796.3721676062374,796.3721685680216,0.14011040000000002,111.58002308693295,6.0
2026-10-04 23:27:00+00:00,796.3099997756115,796.3200000496581,796.3099996570062,796.3200000496581,0.26385030000000004,210.10927090910235,5.0
2026-10-04 23:28:00+00:00,796.2676506916869,796.2676506981143,796.2589446670924,796.2589446735197,1.2388203,986.4217447181331,6.0
2026-10-04 23:29:00+00:00,796.0523443727245,796.1270332492339,796.0124891073265,796.1270332450724,0.4187803,333.4023178204814,8.0
2026-10-04 23:30:00+00:00,795.8197923794296,796.0191002970346,795.5306920855501,795.8396193579508,12.299200299999999,9788.190885159194,23.0
2026-10-04 23:31:00+00:00,796.0500000008369,796.0500000619147,796.0499999270646,796.0499999270646,1.2561804,999.9824073283801,5.0
2026-10-04 23:32:00+00:00,795.420553394006,795.6880212554271,795.4205533687538,795.6880212554271,0.6472703,515.0252242244067,8.0
2026-10-04 23:33:00+00:00,796.0410700898605,796.0410700898605,795.7070648661564,795.7070648661564,0.30908030000000003,245.93737832095113,6.0
2026-10-04 23:34:00+00:00,795.7328835458694,795.7328835458694,795.2528266484286,795.2528266484286,1.1229003,892.9896376193684,10.0
2026-10-04 23:35:00+00:00,795.200000951301,795.200000951301,794.919997583815,794.919997583815,0.0099303,7.893794052006557,6.0
2026-10-04 23:36:00+00:00,794.7734160462999,794.8024841410869,794.6578880572166,794.6735401022387,2.3423903999999998,1861.4356714694986,14.0
2026-10-04 23:37:00+00:00,794.7965369750941,794.796537111365,794.7965369700335,794.796537111365,0.1660503,131.9762034263033,5.0
2026-10-04 23:38:00+00:00,794.6888466250011,794.8234642094264,794.2934560360445,794.2934560360445,15.549420299999998,12350.802789444026,22.0
2026-10-04 23:39:00+00:00,794.5506918868178,794.5506918868178,794.4010609047751,794.4707380174508,4.286080300000001,3405.1653791430576,11.0
2026-10-04 23:40:00+00:00,794.5431155870288,794.8945308398308,794.5390616788173,794.8945308398308,5.4381103,4322.7241355737515,13.0
2026-10-04 23:41:00+00:00,794.8100060682444,794.870000001423,794.6400232560886,794.8600010119852,12.958680300000001,10300.336636371994,15.0
2026-10-04 23:42:00+00:00,794.5874788765824,794.9483473169322,794.5803919829993,794.9483472775737,0.8538202999999999,678.743036357042,12.0
2026-10-04 23:43:00+00:00,795.0769936649608,795.1669889112412,795.0769936649608,795.148989825833,0.46098029999999995,366.54801987460945,7.0
2026-10-04 23:44:00+00:00,795.1999965262268,795.2699983414914,795.1999965262268,795.2699983414914,0.031120400000000003,24.74912045638655,6.0
2026-10-04 23:45:00+00:00,794.710605278401,794.903535090819,794.5948473834511,794.893888593699,7.063470300000002,5614.709373733103,17.0
2026-10-04 23:46:00+00:00,794.899999989105,795.0000000044344,794.8499999969512,794.9999999922754,1.9117903,1519.8732884852323,11.0
2026-10-04 23:47:00+00:00,795.1999999652688,795.1999999706815,795.0899999891411,795.0899999895868,1.3823503,1099.0929000126052,6.0
2026-10-04 23:48:00+00:00,795.1357914627821,795.1357914627821,794.9146886906782,794.9657914691004,4.9431403,3929.627440932306,15.0
2026-10-04 23:49:00+00:00,794.8300002669852,795.0500000560553,794.8300001291941,795.0500000148462,0.41720039999999997,331.69517802619384,6.0
2026-10-04 23:50:00+00:00,794.9690991603014,795.1581983147825,794.9021473263807,794.9991445082684,2.5019702999999995,1989.0642480850952,13.0
2026-10-04 23:51:00+00:00,795.4416202890709,795.4812791709361,795.4118760967023,795.4118760967023,1.4376603,1143.5320764127478,7.0
2026-10-04 23:52:00+00:00,795.4630196445265,795.4937330958904,795.3834747541829,795.383474775294,1.9758403,1571.5507234150593,8.0
2026-10-04 23:53:00+00:00,795.2899999928059,795.2899999981325,795.1999999875371,795.2000000090925,2.4635503,1959.0151985823998,8.0
2026-10-04 23:54:00+00:00,795.2406086527055,795.2406086781831,795.0317707499892,795.0317708423927,0.5385504,428.1646781998789,9.0
2026-10-04 23:55:00+00:00,795.2618276772154,795.3981723138835,795.2618276746565,795.3617928599987,2.3303402999999996,1853.4636389819068,14.0
2026-10-04 23:56:00+00:00,795.2705171149183,795.2705171428995,794.9717105209303,794.9717105209303,0.9829402999999999,781.4097316309562,12.0
2026-10-04 23:57:00+00:00,795.3843092043262,795.4364638098192,795.3764638154826,795.4207730310457,2.2413803,1782.840450882557,9.0
2026-10-04 23:58:00+00:00,795.2539819480778,795.2539819480778,794.9933674782305,795.0775542469293,11.1841803,8892.290719180686,17.0
2026-10-04 23:59:00+00:00,795.1395718190943,795.2767911397553,795.1395718190943,795.2767910929606,0.3152504,250.71132650277227,9.0
2026-10-05 00:00:00+00:00,795.2538747900173,795.3027676803041,795.1159927698283,795.3027676422181,0.6350003,505.01749604363874,8.0
2026-10-05 00:01:00+00:00,794.9321438981892,794.9321438981892,794.2560870197284,794.2606447433355,3.2127003000000007,2551.721411645108,19.0
2026-10-05 00:02:00+00:00,794.3390438234286,794.3390438234286,793.7497124623344,793.7497124623344,1.1544603,916.3525311741803,13.0
2026-10-05 00:03:00+00:00,793.5765656571936,794.0620303631829,793.5765656547592,793.9033207890035,0.6486603,514.9735662339912,7.0
2026-10-05 00:04:00+00:00,794.2016774169372,794.4165864170653,794.2016774169372,794.4165864170653,0.5099102999999999,405.08119990490167,8.0
2026-10-05 00:05:00+00:00,794.3500000408925,794.3500000408925,794.1900000465939,794.1900000529907,2.5584404,2031.8877814115735,7.0
2026-10-05 00:06:00+00:00,794.6400000601703,794.7300000268594,794.5900001770653,794.5900003541653,0.1283203,101.96202722244661,6.0
2026-10-05 00:07:00+00:00,794.6400001898965,794.6400001898965,794.5899997683554,794.5899997683554,0.12411029999999999,98.6168032482505,5.0
2026-10-05 00:08:00+00:00,794.5373249804734,794.7081544740162,794.5284759298839,794.7081544740162,3e-07,0.00023841244634220483,3.0
2026-10-05 00:09:00+00:00,794.313087925,794.3803168262593,794.3130878289896,794.380316730249,0.6474403000000001,514.3138305779274,6.0
2026-10-05 00:10:00+00:00,794.3593359049096,794.3607892124897,794.2080015520276,794.2094548755947,0.6157402999999999,489.02676800793506,8.0
2026-10-05 00:11:00+00:00,794.8579511807869,795.053697944026,794.6728787211919,794.858884817692,5.2370703999999995,4162.731937855744,15.0
2026-10-05 00:12:00+00:00,794.3091114561734,794.3232891651396,794.007844886514,794.1489886937911,4.5442602999999995,3608.8197216063436,18.0
2026-10-05 00:13:00+00:00,794.13923325381,794.2492332485992,794.005782900391,794.1771085489488,5.9526903,4727.490370541375,21.0
2026-10-05 00:14:00+00:00,794.260001705903,794.260001705903,794.2600001841972,794.2600001841972,0.030890300000000002,24.53492968368991,4.0
2026-10-05 00:15:00+00:00,794.634690204604,794.9376989370247,794.5305309680615,794.8903538295053,3.0189603,2399.7424210642293,15.0
2026-10-05 00:16:00+00:00,794.8863560393644,794.8863560393644,794.6509589381118,794.7882739017396,2.9897703,2376.234376099686,15.0
2026-10-05 00:17:00+00:00,794.8099996685771,794.8100002772445,794.8099996685771,794.8100000628983,0.1603004,127.40836093408264,5.0
2026-10-05 00:18:00+00:00,795.0104093295644,795.0139558320301,794.4205840084096,794.6334233612761,5.763650300000001,4579.9891689462465,15.0
2026-10-05 00:19:00+00:00,794.6132163235881,794.6132174082759,794.6132163235881,794.6132174082759,0.0956403,75.99704649689272,5.0
2026-10-05 00:20:00+00:00,794.8763306629927,795.1936693254827,794.7797849096643,795.1936693254827,3.4081902999999993,2710.1713504165173,14.0
2026-10-05 00:21:00+00:00,795.1976404529092,795.1976404958228,794.9396624977043,794.9396624977043,1.0944702999999998,870.0378508957609,6.0
2026-10-05 00:22:00+00:00,794.6969789744535,794.7041730457998,794.5392088673738,794.5556835413746,2.9232404,2322.6772741777613,11.0
2026-10-05 00:23:00+00:00,794.5904870417678,794.609584068787,794.5904866097436,794.609584068787,0.0334103,26.54814458661339,6.0
2026-10-05 00:24:00+00:00,794.4387809430176,794.4387809430176,794.4090740827871,794.4237932132942,3e-07,0.00023832713796398825,3.0
2026-10-05 00:25:00+00:00,794.3689221532388,794.3776255633215,794.0596920362648,794.0611426046119,4.001190299999999,3177.1897413964894,13.0
2026-10-05 00:26:00+00:00,793.8005661397361,793.8005661858382,793.7118399389822,793.7118399850842,0.8966302999999999,711.666085199378,6.0
2026-10-05 00:27:00+00:00,793.6578766720003,793.6578766786788,793.501273996949,793.5600000135631,1.6954603,1345.4494756909958,9.0
2026-10-05 00:28:00+00:00,793.7588711427092,793.7588711930638,793.2521715651069,793.2521715651069,0.6590904,522.8248910577149,12.0
2026-10-05 00:29:00+00:00,793.3888506484067,793.3888507575361,793.3888506484067,793.3888507575361,0.1618503,128.41022351176247,5.0
2026-10-05 00:30:00+00:00,793.4358305638217,793.4418426658049,793.4318426590604,793.4378547610436,2.3631003,1874.9732326171786,8.0
2026-10-05 00:31:00+00:00,793.2874849517204,793.4285073669112,793.2116566285026,793.3526790436932,6.5659803,5209.1380615531125,17.0
2026-10-05 00:32:00+00:00,793.530329371027,793.5879117786319,793.5015381946525,793.5879117786319,1.3386603000000001,1062.3446320579571,9.0
2026-10-05 00:33:00+00:00,793.5701951508497,794.0696449158742,793.5701951408424,794.0696449158742,4.1691504,3310.595777728875,16.0
2026-10-05 00:34:00+00:00,794.0351675341725,794.0351675342001,793.8189309923544,793.8666826481037,4.2311203,3358.9454364460494,14.0
2026-10-05 00:35:00+00:00,793.6958157119809,793.7391831685329,793.6745915723751,793.7179590335573,1.3242302999999997,1051.0653710063953,8.0
2026-10-05 00:36:00+00:00,793.8300000008148,793.8300000008148,793.6300000054026,793.7399999965803,3.7405102999999995,2968.992645509208,10.0
2026-10-05 00:37:00+00:00,793.581625899923,793.581625899923,793.5816256695274,793.5816256695274,0.16908030000000002,134.17901934269142,6.0
2026-10-05 00:38:00+00:00,793.5499937256542,793.659990789502,793.5499937256542,793.6599899138953,0.0059803,4.746324837682068,5.0
2026-10-05 00:39:00+00:00,793.7000738275264,793.8399999802398,793.644103381875,793.8026863498055,2.3868703999999994,1894.7041354888345,16.0
2026-10-05 00:40:00+00:00,793.9500000017033,794.0799999995364,793.910000004378,794.0799999995364,4.4864203,3562.5766318219203,15.0
2026-10-05 00:41:00+00:00,793.9830074925045,794.2636674821463,793.9830074925045,794.2636674821463,2.3577103,1872.6436297384312,15.0
2026-10-05 00:42:00+00:00,794.3199999989743,794.6299999594439,794.3199999752183,794.6099999631567,1.6160002999999998,1284.089998323461,10.0
2026-10-05 00:43:00+00:00,794.6602141199053,794.851700211583,794.4741498886331,794.6018072710764,1.5860203,1260.2545967486146,12.0
2026-10-05 00:44:00+00:00,794.609303103785,794.8434494602326,794.609303103785,794.8434494602326,3.4427803999999997,2736.4714488700793,16.0
2026-10-05 00:45:00+00:00,794.687042738378,794.8182393034061,794.4316239775509,794.4474701436851,4.495920299999999,3571.772508302637,23.0
2026-10-05 00:46:00+00:00,794.3457335670147,794.7384588312094,794.3457335670147,794.6583108243664,2.5186403,2001.4584463721753,16.0
2026-10-05 00:47:00+00:00,794.5724751989032,794.7975038837698,794.5649765042931,794.7800051902469,2.7595202999999993,2193.211558356591,21.0
2026-10-05 00:48:00+00:00,794.8962884263339,795.2295653222097,794.8962884263339,794.9703499915582,2.1594803,1716.722809890875,13.0
2026-10-05 00:49:00+00:00,794.9941967470603,795.1193679810673,794.8011080721551,795.1193679810673,2.0110504,1599.0251230260724,15.0
2026-10-05 00:50:00+00:00,795.1078983104197,795.2510439070143,795.006854339411,795.006854339411,1.0147703,806.7493440800604,8.0
2026-10-05 00:51:00+00:00,795.2889032119444,795.8897045725416,795.2889032119444,795.6669201973231,3.3261803,2646.531635322008,13.0
2026-10-05 00:52:00+00:00,795.562272261039,795.7647383367831,795.5622722597957,795.7647383367831,2.9516302999999997,2348.8033133464205,14.0
2026-10-05 00:53:00+00:00,795.7346770806715,795.9942204779657,795.7000000011802,795.9351336707571,5.744480299999998,4572.2336954495295,23.0
2026-10-05 00:54:00+00:00,795.5956960629458,795.7592575170092,795.5906496528169,795.6302784274325,3.1257903999999996,2486.9734862577952,11.0
2026-10-05 00:55:00+00:00,795.7810660382902,795.9932483506979,795.7810660382902,795.9932483506979,4.5110503,3590.76558177039,15.0
2026-10-05 00:56:00+00:00,795.983771129255,796.1011091524948,795.9837711220838,796.1011091453236,4.5697003,3637.943477291718,12.0
2026-10-05 00:57:00+00:00,796.1324127328829,796.1399999353982,796.1324127328829,796.1399999353982,0.6643703,528.9317705990804,7.0
2026-10-05 00:58:00+00:00,796.2691908434243,796.5127210341565,796.2691908434243,796.488750400003,2.9179203,2324.090693513802,15.0
2026-10-05 00:59:00+00:00,796.5981166464493,796.6343499983129,796.570941636112,796.6252916615338,1.7023102999999997,1356.103439235933,10.0
2026-10-05 01:00:00+00:00,796.4379795594149,796.4379795594149,796.1080050534488,796.1560357103411,1.7568903999999999,1398.7588960415553,11.0
2026-10-05 01:01:00+00:00,795.8412274820932,795.8649819837403,795.6313355453976,795.6875450198337,7.1208103,5665.940066158945,14.0
2026-10-05 01:02:00+00:00,795.475847227063,795.5702597775814,795.4664059386859,795.4664059386859,2.9133202999999996,2317.448428389214,14.0
2026-10-05 01:03:00+00:00,795.4101666673154,795.4101666673154,795.410165895469,795.4101659443047,0.0510103,40.574111187868766,6.0
2026-10-05 01:04:00+00:00,795.5299998137874,795.5300001376388,795.5299998137874,795.5300001376388,0.4483203,356.6522483207063,5.0
2026-10-05 01:05:00+00:00,795.8499999083474,795.8599999030688,795.8499998889246,795.859999883646,0.5683303,452.31135249187247,5.0
2026-10-05 01:06:00+00:00,795.898608114206,795.8986081284248,795.560501079806,795.7494432389309,1.6866204000000002,1342.1272442554232,11.0
2026-10-05 01:07:00+00:00,795.6467737232001,795.6467737232001,795.6467736581336,795.6467736581336,0.1854203,147.52906346572323,5.0
2026-10-05 01:08:00+00:00,796.0099981364582,796.0099992313899,795.7399987871113,795.739999882043,0.12449029999999998,99.06191130731548,5.0
2026-10-05 01:09:00+00:00,795.74849248154,795.74849248154,795.5237966273163,795.5706082608534,2.1484403,1709.2359562831302,10.0
2026-10-05 01:10:00+00:00,795.5847400773707,795.7305775843232,795.5449711168834,795.6908086250047,5.4848003,4364.205185853668,10.0
2026-10-05 01:11:00+00:00,796.0399999504779,796.2000000101968,796.0399999504779,796.2000000101968,2.8866104,2298.3192005094343,9.0
2026-10-05 01:12:00+00:00,796.320000015759,796.320000015759,796.1199999981507,796.2099999908227,1.8637302999999998,1483.9207021458958,10.0
2026-10-05 01:13:00+00:00,796.3099999584878,796.3700001898667,796.3099999404869,796.3700001898667,0.2517303,200.4704590587952,5.0
2026-10-05 01:14:00+00:00,796.5900000289379,797.1600000124369,796.5900000289379,797.1600000124369,1.2052903,960.80921556299,14.0
2026-10-05 01:15:00+00:00,797.4399999792046,797.5599999721902,796.7699999993105,796.7700000034907,5.1324203,4089.3585224489157,11.0
2026-10-05 01:16:00+00:00,796.6594002353203,796.668800472342,796.6029988433542,796.6029988433542,1.7686803,1408.9360309751632,9.0
2026-10-05 01:17:00+00:00,797.4301700860083,797.7198406991819,797.4301700860083,797.7198406991819,14.8150103,11818.22765647274,24.0
2026-10-05 01:18:00+00:00,797.747280602853,799.382719356099,797.747280602853,798.7336155918595,4.7667804,3807.38774362441,44.0
2026-10-05 01:19:00+00:00,798.2000171268743,798.4199632694853,798.2000171268743,798.4199632694853,0.5314002999999999,424.2806080073934,6.0
2026-10-05 01:20:00+00:00,798.6212165037987,798.6212396693669,798.6206023606336,798.6206308128463,0.0042702999999999994,3.410349679760097,7.0
2026-10-05 01:21:00+00:00,798.6500000006743,799.2899999947412,798.3800000095007,799.1799999996871,6.6721803,5332.273052151912,25.0
2026-10-05 01:22:00+00:00,799.4589457298717,799.4604516456404,799.3013550396306,799.3521079443651,0.2822203,225.59339170969108,9.0
2026-10-05 01:23:00+00:00,798.8714569103196,798.8714569103196,798.8417690466981,798.8417690466981,1.2117803,968.0207185479386,7.0
2026-10-05 01:24:00+00:00,799.0062061210158,799.0224902319287,798.9889128416652,799.0051968882121,1.4831203,1185.0208273104042,8.0
2026-10-05 01:25:00+00:00,799.2457415220831,799.4100955476996,799.2391673648335,799.4100955476996,1.1563002999999998,924.3581333048336,7.0
2026-10-05 01:26:00+00:00,799.3175035860448,801.3790932430824,799.2147968690588,800.0384168208528,32.12086040000001,25697.922301339637,116.0
2026-10-05 01:27:00+00:00,799.5108563808695,799.9691010614034,799.3508351075591,799.7357606406528,14.1673003,11330.09668164505,25.0
2026-10-05 01:28:00+00:00,799.5803410930356,799.9388061983458,799.5803410892917,799.9388061983458,5.9034903,4722.430982985514,12.0
2026-10-05 01:29:00+00:00,800.0599999814405,800.0599999891915,799.6899999885817,799.6899999885817,2.3031403,1841.798266480702,8.0
2026-10-05 01:30:00+00:00,799.3185670295675,799.3185670295675,798.6499542414889,798.6499542414889,2.0192802999999997,1612.6981191957398,16.0
2026-10-05 01:31:00+00:00,798.2434758624845,798.2434758624845,797.1684287818991,797.2068233104983,0.8969403,715.0469272621654,17.0
2026-10-05 01:32:00+00:00,796.9900428366204,797.190000011677,796.9900427633936,797.0500299978308,0.7951003,633.7347179662843,9.0
2026-10-05 01:33:00+00:00,797.2716660583212,797.2716660583212,797.2244438188982,797.24333275276,0.3894904,310.51862457120563,9.0
2026-10-05 01:34:00+00:00,796.88995410741,796.88995410741,796.889770449977,796.889770449977,1.7230803000000001,1373.1050647338777,9.0
2026-10-05 01:35:00+00:00,796.768954845287,797.1133695643606,796.768954845287,797.1133695620787,4.201950299999999,3349.4307623653867,19.0
2026-10-05 01:36:00+00:00,797.4373572222866,797.8493644656896,797.4373572222866,797.8493643931491,0.6065703,483.9517283147618,10.0
2026-10-05 01:37:00+00:00,798.0499999388536,798.2599999642498,798.0499999388536,798.2599999642498,1.0742003,857.4911314395971,5.0
2026-10-05 01:38:00+00:00,798.1247131610637,798.2393953799337,797.7582480325576,797.823534868478,18.318570400000002,14614.98659026507,48.0
2026-10-05 01:39:00+00:00,797.8059086116941,797.8148857885501,797.4917079584699,797.7071598503017,1.5672103000000002,1250.1748773011393,8.0
2026-10-05 01:40:00+00:00,797.7017110473753,797.869498571779,797.6364603519221,797.869498571779,2.0388502999999996,1626.7364665239209,10.0
2026-10-05 01:41:00+00:00,798.0431440119336,798.2237165538708,798.0431440119336,798.2237165538708,1.2115603,967.0961654951226,8.0
2026-10-05 01:42:00+00:00,798.1260702481036,798.2842626879878,798.1260702481036,798.2842626879878,3e-07,0.00023948527880639635,3.0
2026-10-05 01:43:00+00:00,798.2100000061637,798.4399999925473,798.2100000053725,798.4399999917562,5.0674603000000005,4046.063001890225,9.0
2026-10-05 01:44:00+00:00,798.443028049484,798.5917664729681,798.443028049484,798.5917664729681,0.8215003999999999,656.0434555942497,8.0
2026-10-05 01:45:00+00:00,798.6800000166508,799.3899999742874,798.6800000166508,799.3899999740992,2.4688303,1973.5582534530552,10.0
2026-10-05 01:46:00+00:00,799.3091086389852,799.9586629913988,799.3091086389852,799.9586629913988,0.6612702999999999,528.988905063921,11.0
2026-10-05 01:47:00+00:00,800.2395722709035,800.795580117429,800.2395722709035,800.6863642819188,5.0499203,4043.402324920457,21.0
2026-10-05 01:48:00+00:00,800.7381537604178,800.7381537775356,800.3757437988352,800.7283589101193,2.1064203,1686.670469993961,8.0
2026-10-05 01:49:00+00:00,800.4199878163084,800.4199878374835,800.4102501705099,800.4102501705099,1.3168604000000002,1054.0285622036379,7.0
2026-10-05 01:50:00+00:00,800.0889451512496,800.1165055656338,799.3308132041516,799.3308132041516,3.1568102999999996,2523.3357442302413,15.0
2026-10-05 01:51:00+00:00,799.4320478998659,799.4320478998659,799.0980811163747,799.0980812048639,1.1134903,889.7879621702283,8.0
2026-10-05 01:52:00+00:00,799.6500262811247,799.8584145803065,799.491651238306,799.8584145803065,0.9630702999999999,770.3198832873801,9.0
2026-10-05 01:53:00+00:00,799.9599999253501,800.06999993133,799.8199999590657,799.8199999915366,1.2457103,996.3440121354571,6.0
2026-10-05 01:54:00+00:00,799.5700000117018,799.5700000117018,798.8400000242002,798.8400000242002,3.9190503,3130.6941417468415,10.0
2026-10-05 01:55:00+00:00,798.8932127414754,799.2043212459531,798.8932127414754,799.1102489179472,1.9093903999999997,1525.8134378255384,17.0
2026-10-05 01:56:00+00:00,798.9573349365421,799.0157269937067,798.8516079275951,798.8516079275951,3.4483302999999994,2754.7042048204457,15.0
2026-10-05 01:57:00+00:00,798.9199998882495,799.0000000278322,798.9199998882495,799.0000000278322,0.5040003,402.6962397140274,6.0
2026-10-05 01:58:00+00:00,798.7831468391431,799.1614586040427,798.7162936725854,799.1137063422157,6.5768403,5255.643228153849,18.0
2026-10-05 01:59:00+00:00,799.2909720214647,799.5918574427993,799.2873435274934,799.5918574427993,1.3309103,1064.1850388667533,12.0
2026-10-05 02:00:00+00:00,799.6980423167545,799.7681841532925,799.6579715010382,799.7381133294326,0.4911904,392.8236837815294,13.0
2026-10-05 02:01:00+00:00,799.8174634210077,799.950360938693,799.6655803990652,799.7225364780733,0.7947703,635.5957202334392,10.0
2026-10-05 02:02:00+00:00,800.0318762418528,800.1854359774849,799.8503965231068,800.1854359463041,1.3393003,1071.688594418516,8.0
2026-10-05 02:03:00+00:00,800.2042792689558,800.512923935327,800.2042792640954,800.512923935327,2.3988643,1920.3218749170715,11.0
2026-10-05 02:04:00+00:00,800.8242963893522,802.1196960881416,800.820864565011,801.2749676078145,17.101720299999997,13703.1803794204,55.0
2026-10-05 02:05:00+00:00,801.7494985137988,802.1802740478353,801.6616442937601,801.8829212919163,8.105410299999999,6499.590089633587,33.0
2026-10-05 02:06:00+00:00,802.1727135784885,803.7936802712954,801.6501988291685,803.7422853329716,21.084430400000006,16946.448274639984,70.0
2026-10-05 02:07:00+00:00,803.9220124756987,804.082073842919,803.6729736647965,803.9089119484242,4.7509403,3819.32324730492,18.0
2026-10-05 02:08:00+00:00,804.1423051671463,804.1623881771479,803.8110425506519,803.8110808945971,7.904528300000001,6353.747436784933,18.0
2026-10-05 02:09:00+00:00,804.3624050985901,804.7206909240357,804.1002448126948,804.7206909240357,1.2807203,1030.6221246964383,16.0
2026-10-05 02:10:00+00:00,804.7152698673433,806.2575924488151,804.7019138803072,805.1813924045435,16.7917803,13520.429042905183,44.0
2026-10-05 02:11:00+00:00,805.3526552983411,805.3985950094042,804.8594730748637,804.9423587639865,9.1749204,7385.282068247818,32.0
2026-10-05 02:12:00+00:00,804.9887542168224,805.4412457828475,804.9148148231152,805.317508406031,7.3851002999999995,5947.350572924632,27.0
2026-10-05 02:13:00+00:00,805.3463192494531,805.9771317042976,805.2805572538329,805.9771317042976,10.2125003,8231.04169932328,42.0
2026-10-05 02:14:00+00:00,806.0263542477508,806.3148856357886,805.8617944356733,806.00074881122,3.5912103,2894.518190938566,23.0
2026-10-05 02:15:00+00:00,806.6360882717823,807.971488009917,806.6360882717823,807.9221307504719,34.398117299999996,27791.000222820665,81.0
2026-10-05 02:16:00+00:00,808.0961155108924,808.6465754059132,807.9183671037822,808.377083767874,0.5011803,405.1426693559082,22.0
2026-10-05 02:17:00+00:00,808.7226343967612,810.342092029136,807.4492344470386,807.4492344470386,27.321920399999986,22061.063710602917,80.0
2026-10-05 02:18:00+00:00,807.5134635943302,809.6378870220415,807.5128616780986,809.3891048039278,11.848160300000002,9589.771858790438,37.0
2026-10-05 02:19:00+00:00,809.390944601596,809.6388664746046,808.9422670483289,809.0698238789553,44.7134703,36176.319540637895,26.0
2026-10-05 02:20:00+00:00,808.7902069522096,808.9123059454749,808.3752624179657,808.5950406208822,2.9875102999999994,2415.6860123838032,29.0
2026-10-05 02:21:00+00:00,808.5495083738161,808.5879776924573,807.8361378602308,808.0923314785464,3.5479702999999994,2867.087591743637,16.0
2026-10-05 02:22:00+00:00,808.3367294666624,808.3367294776459,808.0134404801917,808.1180339648505,2.9989803000000004,2423.5300639353177,7.0
2026-10-05 02:23:00+00:00,807.2422403252078,807.3709749245077,806.9902905090357,807.2081536157236,5.0217602999999995,4053.605859663742,21.0
2026-10-05 02:24:00+00:00,807.4385974460425,807.7099999997843,806.4042076295073,806.4042076295073,9.8093504,7910.30143667219,28.0
2026-10-05 02:25:00+00:00,806.5389381251179,806.5884956772792,805.4684949479355,805.4684949479355,4.5135603,3635.530621697752,17.0
2026-10-05 02:26:00+00:00,805.562445835976,805.7297319322748,805.0354945575735,805.7297318572139,1.9328802999999999,1557.379125831091,16.0
2026-10-05 02:27:00+00:00,805.6876413735731,806.002798447974,805.6811346743746,805.7244409327105,2.3171503,1866.9846300245626,19.0
2026-10-05 02:28:00+00:00,805.5963449119545,805.683655097245,805.3068488279907,805.4679417631492,4.9279703,3969.3220946109286,26.0
2026-10-05 02:29:00+00:00,805.836071661464,806.1202023798429,805.255262130885,805.255262130885,3.4804203999999994,2802.626841527679,19.0
2026-10-05 02:30:00+00:00,805.0867896524685,805.1233988811473,805.0576800467434,805.0942892754222,0.6025803,485.13395835987063,8.0
2026-10-05 02:31:00+00:00,804.9365125828749,804.9365132204967,804.546868398065,804.546868398065,0.1399303,112.58048465900177,10.0
2026-10-05 02:32:00+00:00,804.5718440245927,804.754957354242,804.4235805974322,804.5448923404739,6.344660299999999,5104.564038000378,24.0
2026-10-05 02:33:00+00:00,804.5347079263857,804.5717526086712,804.4408934819104,804.4629553260253,0.9296503,747.869227757726,12.0
2026-10-05 02:34:00+00:00,804.5115477680291,804.988872581559,804.5010860625506,804.6992208979411,7.654310300000001,6159.417534921086,23.0
2026-10-05 02:35:00+00:00,804.9261503134089,805.7762408891673,804.9261503134089,805.746753519106,0.2341104,188.63369476505932,9.0
2026-10-05 02:36:00+00:00,805.454925414236,805.454925414236,805.4371647087352,805.4371648949029,0.1284103,103.42642797530395,6.0
2026-10-05 02:37:00+00:00,805.0084442037709,805.5937768492937,805.0084442013309,805.5937768492937,2.2996803,1852.6081384229167,14.0
2026-10-05 02:38:00+00:00,805.2718337429329,805.2718337429329,804.8760147819601,804.979029714839,6.0597103,4877.939717647017,18.0
2026-10-05 02:39:00+00:00,804.7528514030519,805.091405623385,804.7364257014555,804.7953614573934,2.4035503,1934.3661324695263,19.0
2026-10-05 02:40:00+00:00,804.7045191322785,804.8688736850457,804.6861550674375,804.8583360261396,1.4511003,1167.9301728650319,10.0
2026-10-05 02:41:00+00:00,805.0121779667039,805.148679260354,804.9146770608396,805.148679248008,3.9586504,3187.302141164598,12.0
2026-10-05 02:42:00+00:00,804.969643218867,804.9696432423084,804.969642983976,804.969642983976,0.6242502999999999,502.50254112363984,5.0
2026-10-05 02:43:00+00:00,804.3917721114849,804.3917721114849,803.5664494318692,803.891972935989,17.4274703,14009.80348275035,34.0
2026-10-05 02:44:00+00:00,803.4000000937205,803.5400000382925,803.3199999895642,803.4499999380954,0.7577403,608.8064439880924,9.0
2026-10-05 02:45:00+00:00,803.3669401337528,803.5899455715073,803.1889075010168,803.2790163305442,3.3667603,2704.447902004728,26.0
2026-10-05 02:46:00+00:00,803.2615083088588,803.2899999990086,803.0772066797333,803.2899999214052,0.5160802999999999,414.5621441464387,10.0
2026-10-05 02:47:00+00:00,802.9820541561878,803.0776698490084,802.7688367260093,802.9057750913203,2.9158404,2341.1450964045853,22.0
2026-10-05 02:48:00+00:00,803.0988767952789,803.1062870709887,802.7562948468178,802.8788845680672,2.4402603000000003,1959.2334677197373,16.0
2026-10-05 02:49:00+00:00,802.842738189876,802.842738189876,802.527708149952,802.5367954121467,1.6709102999999998,1340.9669975831487,13.0
2026-10-05 02:50:00+00:00,802.2916239316443,802.5080511216664,802.0948719250083,802.508051107826,0.6157803,494.1686484635924,13.0
2026-10-05 02:51:00+00:00,802.3298009168217,802.3298009168217,802.2299999878996,802.2299999878996,3.5161303,2820.7452105264533,7.0
2026-10-05 02:52:00+00:00,801.9887329126609,801.9999094935831,801.8202715186032,801.8215386060604,10.419170300000001,8354.315160944569,29.0
2026-10-05 02:53:00+00:00,801.6566356485072,801.9126339177525,801.6566356481239,801.9126339177525,5.6326004,4516.853422570186,22.0
2026-10-05 02:54:00+00:00,801.9134568912425,801.9774692936521,801.9134568351959,801.9705739212069,0.9563303000000001,766.94875954924,9.0
2026-10-05 02:55:00+00:00,801.6459976049504,801.6459976049504,801.3978922298136,801.4283229202913,0.8031203,643.6433551322413,15.0
2026-10-05 02:56:00+00:00,801.2531490376878,801.2730573040994,801.1072358498232,801.1280364733456,1.8375603,1472.1210750403718,13.0
2026-10-05 02:57:00+00:00,800.9460380687932,800.9460380687932,800.8160754799052,800.8856981843336,0.6576302999999999,526.6867019626727,13.0
2026-10-05 02:58:00+00:00,801.1594440634456,801.8299933208431,801.1594440634456,801.5736068539431,4.5171503,3620.828458672371,16.0
2026-10-05 02:59:00+00:00,801.2200000606377,801.2200000606377,800.8099999964583,800.830000003827,1.4874304000000003,1191.1788872376926,11.0
2026-10-05 03:00:00+00:00,800.8115524391644,800.8115524391644,800.5325380921231,800.5325380921231,3.5111903000000004,2810.8220825834437,12.0
2026-10-05 03:01:00+00:00,800.5175797113337,800.5175797113337,800.1489179022876,800.1530579977227,1.2946803,1035.942401174409,18.0
2026-10-05 03:02:00+00:00,800.0110266904361,800.0110266904361,799.755953320176,799.9119003857077,4.3070103,3445.2287940538167,16.0
2026-10-05 03:03:00+00:00,799.6627997541071,800.1571519941691,799.5948233131638,800.15209310665,1.9435102999999998,1555.103834519333,12.0
2026-10-05 03:04:00+00:00,800.0335770831656,800.0995604032769,799.9675520666664,800.0680749713238,1.9004803,1520.5136151419238,18.0
2026-10-05 03:05:00+00:00,800.2105366572384,800.6031639812138,800.2105366572384,800.6031639812138,0.9309103000000001,745.289731562701,25.0
2026-10-05 03:06:00+00:00,800.7760409661666,801.2140680586438,800.7760409661666,801.2140676856922,0.15959030000000002,127.86599342617993,8.0
2026-10-05 03:07:00+00:00,801.1356302994283,801.540672461395,801.1356302689321,801.5222614394992,3.9793803,3189.5618971837926,12.0
2026-10-05 03:08:00+00:00,801.6469583503567,801.9154266641043,801.4791683692575,801.5145950452687,5.630560300000001,4512.976258732468,19.0
2026-10-05 03:09:00+00:00,801.5894520549873,801.6090340725706,801.1193993743832,801.1327151463398,4.3602504,3493.139241669914,13.0
2026-10-05 03:10:00+00:00,801.0753989975279,801.0776995005047,800.6715025295648,800.6738030325415,6.5675203,5258.4414550944175,15.0
2026-10-05 03:11:00+00:00,800.9106973629561,801.1505048384033,800.893066611583,801.1492454990778,3.0020502999999996,2405.0903327952797,11.0
2026-10-05 03:12:00+00:00,801.433097191749,801.4330974632329,801.424243535411,801.4242438539508,0.1430603,114.65199275301936,6.0
2026-10-05 03:13:00+00:00,801.054483145983,801.054483145983,800.4971884137234,800.4971884137234,2.2521802999999996,1802.8639979507757,11.0
2026-10-05 03:14:00+00:00,800.5197990133681,800.8592295881589,800.5197990133681,800.8592295881589,4.1796302999999995,3347.295502021325,10.0
2026-10-05 03:15:00+00:00,800.3800000359732,800.3800000359732,799.9400000223861,799.9400000223861,2.2092303999999996,1767.2517662254559,10.0
2026-10-05 03:16:00+00:00,799.7136523302536,799.7136523302536,799.5684936240606,799.5684936240606,0.5917003,473.1049175479047,14.0
2026-10-05 03:17:00+00:00,799.4393349060823,799.4401247347214,799.1403325625229,799.2000831456675,3.3726303000000004,2695.4064161795977,10.0
2026-10-05 03:18:00+00:00,799.3555253503276,799.603584133815,799.3555253503276,799.4313211114062,3.0501902999999997,2438.417661170196,13.0
2026-10-05 03:19:00+00:00,799.2425103671005,799.2425103671005,798.6939203292887,798.7087145353684,0.4453703,355.72113980523136,15.0
2026-10-05 03:20:00+00:00,798.6899999782715,798.6999999761234,798.2800000487341,798.2900000482457,1.3966203,1114.908019354381,10.0
2026-10-05 03:21:00+00:00,798.1613321057368,798.1613321057368,797.5667178608624,797.5667178977923,1.0608904000000001,846.1308743772761,12.0
2026-10-05 03:22:00+00:00,797.4225281422881,797.5729037656989,797.3839618999222,797.3852236801116,2.3290903,1857.1821898366782,15.0
2026-10-05 03:23:00+00:00,797.3345287658465,797.334528775062,795.4154016807996,796.4828929782576,34.5108603,27487.309850912497,77.0
2026-10-05 03:24:00+00:00,796.1483365877613,796.4582545825056,796.1483365877613,796.4582545825056,5.8625103,4669.244721009962,22.0
2026-10-05 03:25:00+00:00,796.5738736930714,796.6937296881532,796.2228668744997,796.668046256182,9.5452103,7604.364040805386,26.0
2026-10-05 03:26:00+00:00,796.2797872996016,796.8672770298631,796.2797872996016,796.8174897770249,0.6769303,539.3899024000084,9.0
2026-10-05 03:27:00+00:00,796.8967058402043,796.8967058747443,796.8870718395261,796.8870718910019,0.33278030000000003,265.18831885000924,6.0
2026-10-05 03:28:00+00:00,796.9614987696593,796.9615034330545,796.9614987696593,796.9615034330545,0.0211904,16.8879330423478,6.0
2026-10-05 03:29:00+00:00,796.9287971039778,796.9970675451923,796.7443758019118,796.9409622388321,0.6106303,486.6362988541867,11.0
2026-10-05 03:30:00+00:00,796.9700000310505,797.1600000078281,796.6000000077798,796.6000000077798,2.4545302999999996,1955.2788369990956,10.0
2026-10-05 03:31:00+00:00,796.5843008664021,797.1496272755016,796.5843008664021,797.1496272755016,4.347950300000001,3465.966961057406,15.0
2026-10-05 03:32:00+00:00,797.1672643075639,797.242148954082,796.8677257160832,796.9894132633286,3.8838403,3095.3796019054703,14.0
2026-10-05 03:33:00+00:00,796.7941389223791,796.9661430014934,796.7015710159085,796.9082880420481,1.3069504,1041.51960581987,10.0
2026-10-05 03:34:00+00:00,796.6646083751126,796.6953688470173,796.6123041784589,796.6123041860458,4.1287403,3289.0053237687857,9.0
2026-10-05 03:35:00+00:00,796.4999999945538,796.4999999945538,796.2699999942577,796.4799999804832,4.5736703,3642.836920454736,10.0
2026-10-05 03:36:00+00:00,796.1112393369185,796.1112393369185,795.4289672347026,795.4425759739846,2.5571802999999997,2034.0900850619266,18.0
2026-10-05 03:37:00+00:00,795.1303955146291,795.2617493479819,794.9409117199258,795.1716583940599,0.8166003,649.3374147960868,17.0
2026-10-05 03:38:00+00:00,795.3207446383497,795.3207447547645,795.3207445514915,795.3207447547645,0.0940003,74.7603886031713,5.0
2026-10-05 03:39:00+00:00,795.6299999980506,795.8899999852916,795.3100000047768,795.8399999808187,8.1511304,6486.99561737965,17.0
2026-10-05 03:40:00+00:00,795.5142479031065,795.7753983164115,795.5142478979366,795.6340264607298,10.538590300000003,8384.861033608993,30.0
2026-10-05 03:41:00+00:00,795.5935880785371,795.6221813392534,795.0598471664438,795.0598471664438,3.4185502999999997,2717.9520790488004,13.0
2026-10-05 03:42:00+00:00,795.2765393998747,795.3770227684297,795.0396182152941,795.0396182172703,2.0921303,1663.3264749727832,11.0
2026-10-05 03:43:00+00:00,794.7052282350389,794.725598210603,793.3661339195112,793.7803234226496,5.737930299999999,4554.65616931062,33.0
2026-10-05 03:44:00+00:00,793.9881458950033,794.3121885309786,793.9881458950033,794.0309270815869,2.0320403000000002,1613.5028432761462,18.0
2026-10-05 03:45:00+00:00,794.1653540182999,794.35962233651,794.1452596166506,794.2895751500909,1.6651404,1322.6036608812524,23.0
2026-10-05 03:46:00+00:00,794.3731462807093,794.5458092712711,794.2541905346853,794.4284723135708,0.9788802999999999,777.6503813068498,13.0
2026-10-05 03:47:00+00:00,794.4758349295123,794.7432791338484,794.4758349295123,794.4956456457525,3.2484802999999998,2580.9034533160075,11.0
2026-10-05 03:48:00+00:00,794.1200002426056,794.2100001697568,794.0000000652805,794.0000000652805,0.37063029999999997,294.2804582241949,11.0
2026-10-05 03:49:00+00:00,794.2394820106615,794.2598273356966,793.6959496566276,793.6959496566276,8.1812603,6493.433163196566,20.0
2026-10-05 03:50:00+00:00,793.8870930220171,793.9078523314333,792.1423122390611,792.5783137263222,3.4756502999999985,2754.7250538763847,30.0
2026-10-05 03:51:00+00:00,792.6612971634107,792.7040217751902,792.4157926928265,792.4585173014011,3.6233804,2871.3786594029575,25.0
2026-10-05 03:52:00+00:00,792.7599999421337,793.1499999577916,792.7399999471409,793.0099999928412,1.1983003,950.2641208944217,18.0
2026-10-05 03:53:00+00:00,793.2330633249832,793.3600883312516,792.8391899980825,792.862164984514,6.164530300000001,4887.622839770636,28.0
2026-10-05 03:54:00+00:00,793.0476029924002,793.0938014806886,792.8252060021151,792.8846040584857,1.8335903,1453.82551902098,25.0
2026-10-05 03:55:00+00:00,792.9699999847714,792.9700006708065,792.9699999847714,792.9700006708065,0.0544503,43.17745442752562,4.0
2026-10-05 03:56:00+00:00,792.9899999964737,793.0400000000781,792.7500000241963,792.7500000259547,2.5971503,2058.890900392408,6.0
2026-10-05 03:57:00+00:00,791.7938044808523,791.8200229581005,790.7972905123515,790.8735624441506,11.0334903,8726.09577975398,51.0
2026-10-05 03:58:00+00:00,791.357485770684,791.821790392265,791.3574857706235,791.5662554962419,20.7638104,16435.931648161924,26.0
2026-10-05 03:59:00+00:00,791.8399675400024,791.8400256988151,791.8399675400024,791.8400256988151,0.0020003,1.58391760340534,4.0
2026-10-05 04:00:00+00:00,791.5800000375563,791.7300000144572,791.2800000173136,791.2800000173136,1.9481303,1541.5165438177291,8.0
2026-10-05 04:01:00+00:00,791.3745452885382,791.7741710256283,791.3745452885382,791.718983908744,0.6011403,475.9341875025975,8.0
2026-10-05 04:02:00+00:00,791.8180678270181,791.8268493784361,791.6351695677555,791.7902957384804,3.7762603,2990.006259722483,12.0
2026-10-05 04:03:00+00:00,791.1954750002428,791.2902814187046,790.953857810146,791.2315052148829,3.9171503999999997,3099.3728071450805,17.0
2026-10-05 04:04:00+00:00,791.1117563952711,791.111756406958,790.9865437628034,790.9865437628034,0.25441030000000003,201.23512389465796,6.0
2026-10-05 04:05:00+00:00,790.793622215764,791.0636244722674,790.7743261747598,790.8275919423702,3.3043202999999997,2613.14766585529,15.0
2026-10-05 04:06:00+00:00,791.3107896891381,791.7973672040212,791.3107896891381,791.7973672040212,1.0104403,800.0639692568412,12.0
2026-10-05 04:07:00+00:00,791.9187828085692,792.1655492344969,791.7889941411916,792.04702523572,4.1299303,3271.0990085458643,17.0
2026-10-05 04:08:00+00:00,791.527156959227,791.6740853239032,791.2851572333317,791.6740853239032,0.9311402999999999,737.1596453107248,7.0
2026-10-05 04:09:00+00:00,791.7497438972015,791.9726554962144,791.7497438151538,791.9324193803052,1.3060704,1034.319491753003,13.0
2026-10-05 04:10:00+00:00,791.6500012621256,791.6500012621256,791.649998132795,791.6499985357004,0.057960300000000006,45.88427141012876,5.0
2026-10-05 04:11:00+00:00,791.2872981058949,791.6595089247905,791.172771705232,791.6595089236968,3.5143303,2782.152999493668,9.0
2026-10-05 04:12:00+00:00,791.5199998436829,791.5199998436829,791.4699997346173,791.4699998245949,0.3838003,303.76642337367946,5.0
2026-10-05 04:13:00+00:00,791.2878724157399,791.3262142118284,791.2736557990304,791.2788254894634,1.7601403,1392.761749280672,10.0
2026-10-05 04:14:00+00:00,791.512523049668,791.5125230568036,791.3097335158952,791.3097335158952,3.1953302999999997,2528.4959681882656,11.0
2026-10-05 04:15:00+00:00,791.3499101428298,791.3499101428298,790.8294021856045,790.8294021856045,2.8915503000000005,2286.7229951386057,12.0
2026-10-05 04:16:00+00:00,791.1899424852064,791.499645250651,791.110019174125,791.499645250651,4.495270400000001,3558.0049269057527,14.0
2026-10-05 04:17:00+00:00,791.1972587161165,791.1972587161165,791.1327380806755,791.1591563128723,2.4826702999999997,1964.1873399510253,9.0
2026-10-05 04:18:00+00:00,790.8252327964719,790.9154075507662,790.7950476553852,790.8852223552817,0.5832902999999998,461.3156786131788,11.0
2026-10-05 04:19:00+00:00,790.6732900876881,790.6732902826898,790.6732900876881,790.6732902826898,0.1367403,108.1169029152421,5.0
2026-10-05 04:20:00+00:00,791.2477730045543,791.2548052875474,791.1121108473096,791.1121108473096,3e-07,0.00023733363325419287,3.0
2026-10-05 04:21:00+00:00,790.6691200016165,790.6871585264194,790.2705867028086,790.6113747966486,4.230900299999999,3344.9979028105527,21.0
2026-10-05 04:22:00+00:00,790.2023189263444,790.8740306616976,790.1991249463726,790.8708367964051,0.9782504000000001,773.6697124444181,13.0
2026-10-05 04:23:00+00:00,791.087593052882,791.4628473822796,791.0218982647223,791.462847382053,7.244410299999999,5733.681603641872,19.0
2026-10-05 04:24:00+00:00,791.5995918042843,791.9848282565772,791.5995918042843,791.8222100419181,3.3200303,2628.8737295521323,18.0
2026-10-05 04:25:00+00:00,792.1199999397934,792.3999998978982,791.9100002422123,791.9100003780917,0.2083203,164.9709288517642,9.0
2026-10-05 04:26:00+00:00,791.8197429645112,791.8197429645112,791.0238922242979,791.0426181231711,4.501060300000001,3560.5305240422667,15.0
2026-10-05 04:27:00+00:00,790.8302486493196,790.8580637308017,790.6031996833261,790.6310148643961,0.6020403,475.99173337826545,10.0
2026-10-05 04:28:00+00:00,790.649623333201,790.649623333201,790.443577741651,790.443577741651,0.45830030000000005,362.260528812072,9.0
2026-10-05 04:29:00+00:00,790.041913759025,790.0845435519691,789.8516086379708,789.8516086379708,1.2510734,988.1623375141754,21.0
2026-10-05 04:30:00+00:00,790.3131094855581,790.3131095334134,790.2435340627582,790.2435341139444,0.9866702999999999,779.7098248772656,10.0
2026-10-05 04:31:00+00:00,790.3085136601303,790.3085136711221,790.1610615129107,790.2808663707619,3.2286003,2551.501042248902,19.0
2026-10-05 04:32:00+00:00,789.8207703593458,789.8207703593458,788.9722047682252,788.9745513675318,38.13787030000001,30089.809110055623,93.0
2026-10-05 04:33:00+00:00,788.9870045825602,789.0148996704874,787.4624004116603,787.4914043948805,26.947810300000004,21221.16897851383,46.0
2026-10-05 04:34:00+00:00,789.4747055845833,789.5390455587539,789.3665269096786,789.426805159011,3.9523602999999996,3120.09916446631,19.0
2026-10-05 04:35:00+00:00,789.3859948634862,789.7028009233119,789.3859946696601,789.5434814844061,0.8068103999999999,637.0118921138262,11.0
2026-10-05 04:36:00+00:00,788.9634905870477,789.0648830923993,788.9634905870477,789.0648830736864,2.2345603,1763.2130618406015,8.0
2026-10-05 04:37:00+00:00,789.8560164790695,789.9282146525647,789.7581320685267,789.830330242022,6.8652403,5422.375013339838,18.0
2026-10-05 04:38:00+00:00,789.4792912067971,789.4792912067971,789.3605642915695,789.4029663972908,0.08134029999999999,64.21027410764555,10.0
2026-10-05 04:39:00+00:00,789.422609354974,789.4226093558162,789.1839393243757,789.3400000014879,8.266250300000001,6524.8820118143,15.0
2026-10-05 04:40:00+00:00,789.2841510716693,789.2841510762786,789.0063089574655,789.0063089652341,2.6064103,2056.4741704519683,8.0
2026-10-05 04:41:00+00:00,789.9651745744035,790.1404928555176,789.9262149215385,790.1404928555176,2.1157703,1671.7557876110661,9.0
2026-10-05 04:42:00+00:00,790.1765685379061,790.1765685379061,790.0124020008817,790.0124020008817,0.8958203,707.7091469641505,6.0
2026-10-05 04:43:00+00:00,790.2099998266242,790.2599998806204,790.2099998266242,790.2599998511301,0.6326402999999999,499.9503233838189,5.0
2026-10-05 04:44:00+00:00,790.3076271743141,790.6711863547531,790.2610170342132,790.3076272619662,2.3644104,1868.6115730975166,14.0
2026-10-05 04:45:00+00:00,790.5810436693426,790.9747248488055,790.5810436693426,790.9747248488055,0.9913802999999999,784.1567600130262,12.0
2026-10-05 04:46:00+00:00,790.910357476966,791.1813714716161,790.9103573528237,791.1813713474737,0.7073203,559.6186449359066,10.0
2026-10-05 04:47:00+00:00,790.6474956323267,790.6474956323267,790.2898867355296,790.2898867355296,17.4340703,13777.96944272626,19.0
2026-10-05 04:48:00+00:00,790.2654958942065,790.2654960248224,790.2654958942065,790.2654960248224,0.9248703,730.8930863881263,5.0
2026-10-05 04:49:00+00:00,789.994184997777,789.994184997777,789.4828207184617,789.5293409131256,5.7968803,4576.807082611282,27.0
2026-10-05 04:50:00+00:00,789.5308326322067,789.7348419047063,789.3472242760071,789.374425511657,4.354890400000001,3437.639107666231,18.0
2026-10-05 04:51:00+00:00,789.4814264466273,789.552605227444,789.1878139301326,789.4547343581951,2.6031803,2055.0930122229865,15.0
2026-10-05 04:52:00+00:00,789.3920019216034,789.3920019216034,788.7984852547781,788.7984852579829,2.2113603,1744.3176549996385,17.0
2026-10-05 04:53:00+00:00,788.7599996924021,788.7599996924021,788.68999916653,788.68999916653,0.1199103,94.57205440705836,5.0
2026-10-05 04:54:00+00:00,788.6609462917535,788.6609462917535,788.560219645841,788.5602196624008,1.5939103000000001,1256.8942562901632,8.0
2026-10-05 04:55:00+00:00,788.8287035482715,788.8287043432056,788.8287035482715,788.8287039377041,0.18568040000000002,146.47002927863448,6.0
2026-10-05 04:56:00+00:00,788.5849846545455,788.5849848884502,788.5823516536375,788.582352152246,0.1721403,135.74680267419328,7.0
2026-10-05 04:57:00+00:00,789.0100000197355,789.4199999744038,789.0100000197355,789.4199999744038,1.9012703,1500.9008001773348,7.0
2026-10-05 04:58:00+00:00,789.2273131386314,789.2273131386314,789.2168487304109,789.2168487304109,1.3959302999999998,1101.691712413297,7.0
2026-10-05 04:59:00+00:00,789.2597344063511,789.4172371544181,789.1317636160518,789.1317636290953,0.0807403,63.71473533494225,7.0
2026-10-05 05:00:00+00:00,789.6043737744525,789.6043737744525,789.6043491966107,789.6043573293712,0.0014303,1.1293711122881995,5.0
2026-10-05 05:01:00+00:00,789.2196199060684,789.2196199334393,789.1449759565006,789.1969023530087,0.1875904,148.04576259116183,8.0
2026-10-05 05:02:00+00:00,789.5584742573253,790.102319946766,789.1577051212493,789.1920076411769,37.2037303,29360.886607197885,34.0
2026-10-05 05:03:00+00:00,789.3002538809276,789.4457651333801,789.0698186109706,789.3401489663667,4.336690299999999,3423.1237674229965,15.0
2026-10-05 05:04:00+00:00,789.3217596089498,789.6760103724205,789.3217596089498,789.6307868728019,3.3616903000000002,2654.4941568116656,16.0
2026-10-05 05:05:00+00:00,789.9596786236067,790.1109613772451,789.9198383499485,790.1109613737813,1.9909802999999997,1573.0953589092592,12.0
2026-10-05 05:06:00+00:00,790.3883425126542,790.3883425126542,790.1700786247079,790.17007871542,0.15838030000000003,125.14737411797186,8.0
2026-10-05 05:07:00+00:00,789.9937632163168,790.0523554197331,789.7025326088784,789.7091651741115,3.1562003,2492.4803040352804,14.0
2026-10-05 05:08:00+00:00,789.7846806732155,789.7846806732155,789.525606705489,789.570261961414,3.3017403999999995,2606.9560325565835,11.0
2026-10-05 05:09:00+00:00,789.6499971983442,789.6499971983442,789.6499926042144,789.6499926042144,0.0122203,9.649759804621281,4.0
2026-10-05 05:10:00+00:00,789.3199999425769,789.4140204060832,789.1084538893483,789.4140203957435,0.7404303,584.5060599458265,9.0
2026-10-05 05:11:00+00:00,789.1034587437073,789.1475340000283,788.9656845391842,788.9656845391842,1.9186003,1513.709799046584,16.0
2026-10-05 05:12:00+00:00,789.2386019393775,789.4246216399999,789.1362911073603,789.4246216399999,2.2932303,1810.3324619108835,9.0
2026-10-05 05:13:00+00:00,789.2288699312855,789.2288700725635,789.2288699312855,789.2288699405838,0.1667303,131.5883662538545,5.0
2026-10-05 05:14:00+00:00,789.0761173944485,789.0761173944485,788.8042885284967,788.8042885284967,3e-07,0.000236641286558549,3.0
2026-10-05 05:15:00+00:00,788.8899997458708,789.0999999732746,788.8899997458708,789.0999993982546,0.19426040000000003,153.2908815231047,6.0
2026-10-05 05:16:00+00:00,788.9032422661553,788.9159632891426,788.9032422661553,788.9159632891426,0.0291303,22.981358685401712,6.0
2026-10-05 05:17:00+00:00,789.2799999715895,789.2899999704567,789.1799999582727,789.1799999582727,2.6483103,2089.993522443493,8.0
2026-10-05 05:18:00+00:00,788.7899999630188,788.7899999630188,788.4399999878622,788.4399999878622,2.5654303,2022.6878657008613,10.0
2026-10-05 05:19:00+00:00,788.8199997866456,789.0299998982216,788.8199997866456,789.0299998982216,0.5414703,427.23631075389,5.0
2026-10-05 05:20:00+00:00,789.0490278666902,789.0587488894697,788.7997209988549,789.0261115333914,2.1446302999999993,1692.16930628569,11.0
2026-10-05 05:21:00+00:00,789.0863173210151,789.2924565898359,789.0863173210151,789.2924565898359,0.3604303,284.4849169164115,9.0
2026-10-05 05:22:00+00:00,789.1290131404952,789.2439437522756,789.1290130383383,789.196055894959,0.48977030000000005,386.5247890544909,8.0
2026-10-05 05:23:00+00:00,789.0804364232364,789.1401742872581,789.0804362741856,789.1401741439518,0.2083804,164.44134514418633,7.0
2026-10-05 05:24:00+00:00,788.5333827795138,788.5333828422353,788.5333827795138,788.5333828422353,0.9874603,778.6454107814085,6.0
2026-10-05 05:25:00+00:00,788.8299994486898,788.8300000219572,788.8299994486898,788.8299999337548,0.1603003,126.44968563838088,4.0
2026-10-05 05:26:00+00:00,789.1078260401147,789.6066064885199,789.1078260401147,789.6066064885199,1.2122303,957.1850534655605,10.0
2026-10-05 05:27:00+00:00,789.7199998494956,789.7199998494956,789.7199997944247,789.7199998231285,0.5000003,394.86023682756417,4.0
2026-10-05 05:28:00+00:00,789.4009709164064,789.4772121266916,789.3358582864527,789.3358582864527,3e-07,0.00023680075748593578,3.0
2026-10-05 05:29:00+00:00,789.6399998901051,789.8699998813214,789.6399998901051,789.8699998813214,0.5329803,420.9851494977466,5.0
2026-10-05 05:30:00+00:00,789.7566485677913,789.7566485677913,788.8406043557056,788.9301648199183,4.6158402999999995,3641.575648661421,15.0
2026-10-05 05:31:00+00:00,789.0583945679907,789.2116146720764,788.758064226974,788.7580642700444,0.8421903,664.284390775008,10.0
2026-10-05 05:32:00+00:00,788.9496768671036,788.9496768885911,788.5905716551814,788.5905716551814,5.0976604,4019.9669289399803,21.0
2026-10-05 05:33:00+00:00,788.880000010853,789.5899999819256,788.880000010853,789.5799999827867,3.4841602999999997,2751.023289614026,13.0
2026-10-05 05:34:00+00:00,789.449999645064,789.909999525764,789.3999997618134,789.909999525764,0.12848030000000002,101.48787371207003,10.0
2026-10-05 05:35:00+00:00,789.4432914888446,789.4432914984001,789.4432914888446,789.443291496968,2.2391103,1767.6506052567634,6.0
2026-10-05 05:36:00+00:00,790.1214321158359,790.3225062964626,790.1214321158359,790.3225062964626,0.2667103,210.78715275108144,7.0
2026-10-05 05:37:00+00:00,790.5693469732958,791.1188110065465,790.5693469732958,791.1188110065465,1.1810203000000001,934.327375510595,10.0
2026-10-05 05:38:00+00:00,791.2799203104663,791.7298148513839,791.2799203104663,791.4898711087042,5.3765803000000005,4255.508848652598,16.0
2026-10-05 05:39:00+00:00,791.4110019976663,791.4530397357324,791.398969806143,791.441007535048,1.2183603,964.2603033727034,8.0
2026-10-05 05:40:00+00:00,791.2448854553471,791.2448854553471,791.0557847939759,791.0557847939759,1.7745203999999999,1403.74462765492,10.0
2026-10-05 05:41:00+00:00,791.0177987229324,791.0177987268246,791.0106330844764,791.0106330894498,0.6773102999999999,535.7596492010051,7.0
2026-10-05 05:42:00+00:00,790.7324495097231,790.7324495097231,790.6940824075251,790.6940824075251,0.8818203,697.2500929568286,7.0
2026-10-05 05:43:00+00:00,790.8092528324321,790.9180452459394,790.8092527653982,790.9180452137819,0.5421003,428.7569095858047,7.0
2026-10-05 05:44:00+00:00,790.9299481788261,791.2778267123681,790.9290559049111,791.1741521733676,1.6385102999999996,1296.3469974298298,13.0
2026-10-05 05:45:00+00:00,791.0936417874374,791.0936417931064,790.8702313627268,790.9170060247528,1.1733003,927.9831604439443,8.0
2026-10-05 05:46:00+00:00,790.7319553646996,790.7319553646996,790.5109500140145,790.5109500140145,3.4845303,2754.5593578056187,9.0
2026-10-05 05:47:00+00:00,790.4084912517523,790.4377797934118,790.3809264152322,790.3809264152322,4e-07,0.0003161523705660929,4.0
2026-10-05 05:48:00+00:00,790.4399997341204,790.4400005431992,790.3100005141157,790.3100013231945,0.050000300000000004,39.515737159160125,5.0
2026-10-05 05:49:00+00:00,790.899999542589,790.8999995599288,790.8999995091888,790.8999995599288,0.2472003,195.51071716121427,4.0
2026-10-05 05:50:00+00:00,791.0999999127073,791.0999999938739,791.0999999127073,791.0999999328353,0.8007702999999999,633.4893842762165,4.0
2026-10-05 05:51:00+00:00,790.9762937426815,791.0336590229126,790.9667328380244,790.9667328380244,0.4627503,366.02009291081566,9.0
2026-10-05 05:52:00+00:00,790.6000002401404,790.7300001318101,790.5800000063232,790.7299998813266,0.3600103,284.67094447627636,7.0
2026-10-05 05:53:00+00:00,790.9805082069572,791.0720667135489,790.9805082069572,791.0383617062822,3.0465503,2409.9381581677826,14.0
2026-10-05 05:54:00+00:00,790.9130102377748,790.9130461571876,790.9130102377748,790.9130461571876,0.0012604,0.9968668033765193,5.0
2026-10-05 05:55:00+00:00,791.0890138883458,791.0890139269309,790.9592675496485,791.0704787265698,1.5155603,1198.9150120599838,9.0
2026-10-05 05:56:00+00:00,791.1497978499924,791.5494127781092,791.1497978499924,791.5494127781092,1.3090503,1036.1779962620076,8.0
2026-10-05 05:57:00+00:00,791.5974853282626,791.6031272779492,791.5373048121335,791.5937240930689,0.1950403,154.39267742522938,9.0
2026-10-05 05:58:00+00:00,791.7583991589297,791.8116003445028,791.66659744139,791.6711977176775,0.2413103,191.0384142226121,8.0
2026-10-05 05:59:00+00:00,791.9827944858773,792.0108868245193,791.9827944858773,792.0108868245193,0.11854029999999999,93.88520812744456,7.0
2026-10-05 06:00:00+00:00,792.0660229921644,792.5058191313414,792.0660229652425,792.5058191313414,0.6735602999999999,533.800457285852,9.0
2026-10-05 06:01:00+00:00,792.7433925026846,793.3411607390486,792.7433925026846,793.2859821383215,1.9948603,1582.4947123142467,14.0
2026-10-05 06:02:00+00:00,793.5099996331184,793.509999761419,793.0199998957806,793.0199998957806,0.4186304,331.9822797643706,6.0
2026-10-05 06:03:00+00:00,793.2925049511376,793.4816699628092,793.1175148689936,793.1219681247238,3.2885603,2608.229417432832,11.0
2026-10-05 06:04:00+00:00,793.4841557896896,793.6016883879466,793.4841557791742,793.5933767961484,2.1519103,1707.7417615394127,10.0
2026-10-05 06:05:00+00:00,793.0406793325135,793.1309708252672,792.2190267253474,792.2190267253474,5.7763803,4576.158379261469,17.0
2026-10-05 06:06:00+00:00,792.0499999772162,792.3599999710972,792.0499999772162,792.3599999710972,1.3680702999999999,1084.0041828684589,6.0
2026-10-05 06:07:00+00:00,792.501124408373,792.501124564805,792.255141172778,792.2551412361903,0.3491803,276.6398878933953,7.0
2026-10-05 06:08:00+00:00,792.093650463936,792.093650463936,791.8573783806117,791.8573783806117,2.8288003,2240.006389520288,9.0
2026-10-05 06:09:00+00:00,791.7747838072795,792.1871324668106,791.7610013769391,792.0422621829188,20.4471003,16194.967576693036,21.0
2026-10-05 06:10:00+00:00,792.1516274023069,792.2201744459745,792.1447965858459,792.2201744459745,1.6718104000000003,1324.4419267285946,12.0
2026-10-05 06:11:00+00:00,792.7009558408073,792.7070863792504,792.7009556677939,792.707086206237,0.41427030000000004,328.3950024147837,6.0
2026-10-05 06:12:00+00:00,792.7427888474142,792.7696983500381,792.5996357555736,792.5996357555736,3.5779703,2835.8979565242603,19.0
2026-10-05 06:13:00+00:00,792.3782808047167,792.3795088379272,792.3782807057659,792.3795088379272,0.1368203,108.41360211305786,6.0
2026-10-05 06:14:00+00:00,792.7478973269189,792.7479844286465,792.7478973269189,792.7479792661022,0.0012603,0.9991002782690687,4.0
2026-10-05 06:15:00+00:00,792.8439434874712,792.8616892986607,792.820282447771,792.8616892986607,0.39934030000000004,316.621624863034,8.0
2026-10-05 06:16:00+00:00,793.6109413600617,793.7961366503913,793.6109413600617,793.7961366503913,204.89681030000017,162646.29642812823,154.0
2026-10-05 06:17:00+00:00,793.793412467228,793.7944825550147,793.7859273513764,793.7914885086592,292.8045003999991,232425.72021454957,316.0
2026-10-05 06:18:00+00:00,793.5794122285631,793.6387069035059,793.4410579754973,793.4410579754973,3.577950300000001,2838.8926714157487,12.0
2026-10-05 06:19:00+00:00,793.4531332747001,793.7247636964327,793.1815879022756,793.198412099961,9.2595203,7344.636798767355,17.0
2026-10-05 06:20:00+00:00,793.3474009415032,793.3474009415032,792.971600628358,792.971600628358,3.0606103000000004,2426.9770484906394,12.0
2026-10-05 06:21:00+00:00,792.7919661474904,792.7919661744577,792.4973313616769,792.4973313616769,0.7679902999999999,608.6302632616536,11.0
2026-10-05 06:22:00+00:00,792.1191499082432,792.119150097107,791.9276499505729,791.9276501394367,0.4122403,326.4644920717764,6.0
2026-10-05 06:23:00+00:00,792.2205214899245,792.274451139479,792.182185124834,792.274451139479,3e-07,0.00023768233534184367,3.0
2026-10-05 06:24:00+00:00,792.0408078814912,792.5102145743235,792.0408078814912,792.5102145743235,1.5844003,1255.6534217246226,7.0
2026-10-05 06:25:00+00:00,792.6509374042128,792.6509374042128,792.3843749641743,792.3843749641743,1.4873702999999998,1178.5689855057763,8.0
2026-10-05 06:26:00+00:00,792.4705807695583,792.4705807695583,792.1788023424822,792.1788023424822,3e-07,0.00023765364070274465,3.0
2026-10-05 06:27:00+00:00,792.1699966124598,792.1699966124598,792.1699912016219,792.1699912016219,0.0034903,2.7649109202910207,4.0
2026-10-05 06:28:00+00:00,792.0750480602348,792.0750481189206,792.0629833172948,792.0629833172948,0.13481040000000002,106.77832760619785,7.0
2026-10-05 06:29:00+00:00,792.1280631587026,792.1280631587026,791.6008473704393,791.6008473704393,1.2358503,978.3001447030116,13.0
2026-10-05 06:30:00+00:00,791.6027629165093,791.6066541617172,791.5755259049663,791.6066540056169,0.26240030000000003,207.71782349307009,7.0
2026-10-05 06:31:00+00:00,791.9550798384997,792.3277906827763,791.9550798384997,792.3277906827763,1.0579302999999998,838.2275772953665,9.0
2026-10-05 06:32:00+00:00,792.3972405146824,792.4013797440687,792.147253038826,792.1513922682122,0.9312602999999999,737.699143209113,8.0
2026-10-05 06:33:00+00:00,791.9318044662676,791.9318044662676,791.5661615354953,791.5661615354953,1.1591502999999999,917.5441536137178,12.0
2026-10-05 06:34:00+00:00,791.7499999342658,791.7500000088412,791.6399999582048,791.7000000197226,1.3785003,1091.3586875371875,6.0
2026-10-05 06:35:00+00:00,791.8548411628847,791.9156756038873,791.8548411314221,791.8870505378576,1.2269004,971.5665390597176,12.0
2026-10-05 06:36:00+00:00,792.0600527973669,792.0600536191399,792.0600524829913,792.0600536191399,0.0598003,47.365428824440656,6.0
2026-10-05 06:37:00+00:00,792.1899988611625,792.1900030784648,792.1899988611625,792.1900030784648,0.0095503,7.5656521864002615,4.0
2026-10-05 06:38:00+00:00,792.2891433007972,792.2903227493496,792.2891432902506,792.2903227489813,1.6421402999999997,1301.0518682861089,7.0
2026-10-05 06:39:00+00:00,792.0000001490148,792.0000001490148,791.9999999856333,791.9999999856333,0.5000003,396.0002375928166,4.0
2026-10-05 06:40:00+00:00,791.6068389383993,791.6068389383993,791.4240626149198,791.4240626161937,3.4474403,2728.3872078527897,13.0
2026-10-05 06:41:00+00:00,791.3799066468721,791.3799066826056,791.3799064780704,791.3799064780704,0.1604003,126.93757441305443,5.0
2026-10-05 06:42:00+00:00,791.2033068138109,791.2443426699805,791.1207569717859,791.1207569717859,0.8873703,702.0170634502807,9.0
2026-10-05 06:43:00+00:00,791.1700000433447,791.1700007034835,791.1699993486762,791.1699994650238,0.0825904,65.3430467238161,5.0
2026-10-05 06:44:00+00:00,791.1374565363268,791.1374565368753,791.070267298048,791.1182596157797,1.5400803,1218.385646604548,9.0
2026-10-05 06:45:00+00:00,791.2123929022642,791.2123929022642,791.2123919514385,791.2123919514385,0.0340103,26.90937081398601,5.0
2026-10-05 06:46:00+00:00,791.559954694631,791.5600281712042,791.559954694631,791.5600281712042,0.0020003,1.5833575243508597,4.0
2026-10-05 06:47:00+00:00,791.8299999985234,793.2099999995203,791.8299999985234,792.9500000120371,6.2316202999999994,4941.36331696001,22.0
2026-10-05 06:48:00+00:00,793.229998783247,793.2299989181516,793.2299975114651,793.2299989181516,0.0433203,34.362961522134,4.0
2026-10-05 06:49:00+00:00,792.6230980825691,792.6341753573354,792.5894279317233,792.6005052024738,2.0259503,1605.769231295103,7.0
2026-10-05 06:50:00+00:00,792.6841932782906,792.6841934078913,792.6841932782906,792.6841933351707,1.2196504000000001,966.7975934749184,6.0
2026-10-05 06:51:00+00:00,792.3500015893632,792.3500022858907,792.3500002330219,792.3500002330219,0.0129003,10.221552708006053,4.0
2026-10-05 06:52:00+00:00,792.4399998611013,792.4400002008517,792.4199998798161,792.4200002195665,0.3206003,254.0500897963931,5.0
2026-10-05 06:53:00+00:00,793.3488323594621,794.1903870240608,793.3114299349629,793.8163627790689,2.4684602999999994,1959.5041770105288,16.0
2026-10-05 06:54:00+00:00,793.980000139437,794.3599997514316,793.9800000071574,794.3599997163193,0.2938103,233.3911498246517,6.0
2026-10-05 06:55:00+00:00,793.6725363943933,794.0985683170197,793.6725363943933,794.0985683170197,0.06260029999999998,49.71080860621592,8.0
2026-10-05 06:56:00+00:00,794.0499998264175,794.3999985574414,794.0499998264175,794.3999985574414,0.038900300000000006,30.902398263884045,7.0
2026-10-05 06:57:00+00:00,794.6499995782748,794.6499995864274,794.6499995624607,794.6499995624607,0.4730004,375.8697676530437,5.0
2026-10-05 06:58:00+00:00,794.0600000091594,794.1000000036611,794.0300000026705,794.0999999930484,2.1824603,1733.0917242148282,8.0
2026-10-05 06:59:00+00:00,793.6841781110345,793.9636290515622,793.6606711721402,793.9401221126678,0.5574303,442.5662804513011,7.0
2026-10-05 07:00:00+00:00,793.7880659109616,793.9948852018199,793.3701098568442,793.3701098568442,1.0770403,854.4915811312484,10.0
2026-10-05 07:01:00+00:00,793.0498329678677,793.0498329934245,792.9304961968531,792.9304961968531,0.3804003,301.63099863243184,8.0
2026-10-05 07:02:00+00:00,793.5499993047999,793.5499997839697,793.5499993047999,793.5499997839697,0.1436203,113.96988903397367,4.0
2026-10-05 07:03:00+00:00,793.6648939440641,793.6648940355395,793.6648939440641,793.6648940355395,0.7935203,629.7892048145495,5.0
2026-10-05 07:04:00+00:00,793.9180097838583,793.9290048990766,793.7439803854492,793.7839804004024,2.6759203,2124.1026669682387,9.0
2026-10-05 07:05:00+00:00,793.7325941702065,793.8406694968955,793.6835564890114,793.685383556028,7.038100400000002,5586.0374154798355,18.0
2026-10-05 07:06:00+00:00,793.611137649633,793.9072022370157,793.611137649633,793.9072022370157,1.4410103,1144.0284556677227,9.0
2026-10-05 07:07:00+00:00,794.3524324396026,794.6987525813797,794.3524324396026,794.6987525813797,1.1359603,902.7462333919699,12.0
2026-10-05 07:08:00+00:00,794.9999932306964,795.0900005012112,794.9999932306964,795.0900005012112,0.0079303,6.305302230974755,5.0
2026-10-05 07:09:00+00:00,795.299931043261,795.5897817165195,795.299931043261,795.409874411249,1.3987203000000001,1112.5559381594646,11.0
2026-10-05 07:10:00+00:00,794.7454589923562,794.7910266205186,794.1895337951192,794.1895337951192,1.8082903,1436.1252303232363,17.0
2026-10-05 07:11:00+00:00,793.8000286841744,793.8000286841744,793.7999911007507,793.7999911007507,0.0020003,1.5878381221988316,4.0
2026-10-05 07:12:00+00:00,793.7931980169191,793.816167784617,793.7080203776592,793.7080203776592,3e-07,0.00023811240611329773,3.0
2026-10-05 07:13:00+00:00,793.9381992191733,793.9381992191733,793.6310079491591,793.6310079797582,0.37086040000000003,294.3263130717764,9.0
2026-10-05 07:14:00+00:00,793.6966264557591,793.8368675895254,793.5972890337414,793.8018073289732,0.3856503,306.1299051369607,11.0
2026-10-05 07:15:00+00:00,793.6289213799427,793.6289213799427,793.3370434955783,793.3735282289382,7.1440703,5667.916259826569,27.0
2026-10-05 07:16:00+00:00,793.5020155643939,794.2541768650165,793.3161874855938,794.2541768650165,2.7853002999999994,2212.236397098383,16.0
2026-10-05 07:17:00+00:00,794.4117127292845,794.67804784773,794.1739134961551,794.1739134961551,3.2846302999999994,2608.5676997390497,13.0
2026-10-05 07:18:00+00:00,793.9408437582287,793.9408437582287,793.4083710137932,793.4083710137932,0.9458103,750.413809411067,12.0
2026-10-05 07:19:00+00:00,793.3686208083709,793.3686208083709,793.3293967895555,793.3293967895555,1.4949402999999999,1185.980086435397,7.0
2026-10-05 07:20:00+00:00,792.870895704277,792.8981809909654,792.5109325556023,792.7181994126161,6.8176304000000005,5404.459694948714,17.0
2026-10-05 07:21:00+00:00,793.0255721196019,793.1824046407727,792.9658263956244,792.9658263956244,1.3340003,1057.816650301511,10.0
2026-10-05 07:22:00+00:00,792.7100003785566,792.7100003785566,792.709999983812,792.709999983812,0.1603003,127.07165081040507,4.0
2026-10-05 07:23:00+00:00,792.6234673699408,792.6234674003041,792.5776577974148,792.5776577974148,0.2627803,208.273794689302,8.0
2026-10-05 07:24:00+00:00,792.2729031140592,792.3847740436514,792.2488385791945,792.3698707537862,7.5765902999999994,6003.46187676539,18.0
2026-10-05 07:25:00+00:00,792.626577140014,792.6862764723307,792.3195521593,792.4304222841043,0.7719202999999999,611.6931292986724,8.0
2026-10-05 07:26:00+00:00,792.6229556555244,792.6229556931072,792.3673411025562,792.3673411097573,2.2029403,1745.5379481345308,13.0
2026-10-05 07:27:00+00:00,792.6093142642121,792.6093142832209,792.0859594536869,792.0859594536869,2.0176602999999997,1598.1603945771135,10.0
2026-10-05 07:28:00+00:00,792.6816406090969,792.6863848246448,792.6816406090969,792.6863847767683,0.2359204,187.0108889710891,7.0
2026-10-05 07:29:00+00:00,792.4007645682149,792.6484708859433,792.4007645650319,792.5976759310232,3.3516303,2656.4943863599983,14.0
2026-10-05 07:30:00+00:00,792.7407797424744,792.7516461700375,792.4937389003974,792.4937389003974,0.6828003,541.1149626693131,13.0
2026-10-05 07:31:00+00:00,792.3698913374471,792.4229321788185,792.3667417477383,792.4197826208862,0.7814303,619.2208284593739,7.0
2026-10-05 07:32:00+00:00,792.2495616235387,792.2495620864686,792.2495616235387,792.2495620864686,0.10093029999999999,79.96198597625589,5.0
2026-10-05 07:33:00+00:00,792.2815466261582,792.2815466261582,792.2220349425193,792.2418721343884,0.3280303,259.87933898880505,8.0
2026-10-05 07:34:00+00:00,792.2037028596716,792.2823427891778,792.1600000069086,792.277959910148,1.0042303,795.6295333639558,10.0
2026-10-05 07:35:00+00:00,792.0852876017843,792.132181054159,791.5168472157757,792.1227264823517,4.2646103,3378.09473822072,19.0
2026-10-05 07:36:00+00:00,792.2499988063594,792.2499997728272,792.2499958355501,792.2499997728272,0.038430399999999997,30.446484391269657,5.0
2026-10-05 07:37:00+00:00,792.1699141591489,792.1699141591489,792.0397885731497,792.0397885731497,0.5341303,423.052449882513,12.0
2026-10-05 07:38:00+00:00,792.1553123835134,792.1808161525054,792.1553123239732,792.1808160936152,0.2526803,200.16848626477955,6.0
2026-10-05 07:39:00+00:00,792.2147827963026,792.2210509196004,792.1550723581913,792.1613404704443,0.3343603,264.8673034480999,7.0
2026-10-05 07:40:00+00:00,792.2480801482493,792.3179465416455,792.1309599230138,792.1654131637792,1.8472402999999997,1463.3198754622833,17.0
2026-10-05 07:41:00+00:00,792.080000077876,792.080000077876,792.0100000641347,792.0100000830648,0.2171003,171.9456086210334,5.0
2026-10-05 07:42:00+00:00,792.1773952664106,792.2165490768299,792.1642735273051,792.2034273259085,0.9430502999999999,747.087679800726,9.0
2026-10-05 07:43:00+00:00,792.2400077912423,792.4828972177284,792.2400077912423,792.4828971897236,1.3311503,1054.9138463389697,9.0
2026-10-05 07:44:00+00:00,792.5452144653505,792.5654307025138,792.5122757948802,792.5324920274139,1.1607504,919.9324071338175,10.0
2026-10-05 07:45:00+00:00,792.3409168859661,792.8561490793094,792.3409168859661,792.8561490571524,1.5040203,1192.471743161783,7.0
2026-10-05 07:46:00+00:00,792.2247056119647,792.4457644797197,792.1429173863505,792.4457644750389,6.853390300000001,5430.940115529317,18.0
2026-10-05 07:47:00+00:00,792.4486858030136,792.5440979614893,792.4079510010929,792.4079510010929,4.3036403,3410.2387919687285,13.0
2026-10-05 07:48:00+00:00,792.2215173232594,792.2888619908719,792.2215173193589,792.2888619869714,3.5061603000000003,2777.8917540308985,7.0
2026-10-05 07:49:00+00:00,792.2646694132727,792.2646694132727,791.9919449404641,791.9919449404641,2.6789502999999995,2121.707058495839,8.0
2026-10-05 07:50:00+00:00,791.8499999976602,792.1652717648067,791.8499999976602,791.8786844643266,10.817870300000001,8566.440901869712,16.0
2026-10-05 07:51:00+00:00,791.9129541388598,792.3740033640028,791.8847266411049,792.3740033640028,2.7131203999999993,2149.806072956544,9.0
2026-10-05 07:52:00+00:00,792.2153922923774,792.2153922923774,791.8751957706984,791.8751957706984,3e-07,0.0002375625587312095,3.0
2026-10-05 07:53:00+00:00,791.9299999973244,792.6548461751162,791.9104123035229,792.5079384716049,11.3086003,8962.155510752373,25.0
2026-10-05 07:54:00+00:00,792.3820627211653,792.4034378645715,792.2712967514473,792.2786248597308,4.4007003000000005,3486.580782103805,14.0
2026-10-05 07:55:00+00:00,792.180000000307,792.180000000307,792.1799999791344,792.1799999791344,1.2623303,999.9928170276606,4.0
2026-10-05 07:56:00+00:00,792.0218207537317,792.0218207594847,792.0177311281955,792.0177311440174,0.6509902999999999,515.5958604027632,9.0
2026-10-05 07:57:00+00:00,791.953578803672,791.953578803672,791.7843842762239,791.8989079085939,3e-07,0.00023756967237257813,3.0
2026-10-05 07:58:00+00:00,791.9184922078432,791.9256614719322,791.7435846353998,791.7435846353998,6.168750299999999,4884.068475242697,15.0
2026-10-05 07:59:00+00:00,791.7148255101374,791.7345928481915,791.414825510313,791.4148255178949,3.8622903999999996,3056.67388301544,17.0
2026-10-05 08:00:00+00:00,791.3900000359791,791.3900000359791,791.3899999881911,791.3899999881911,1.2635903,999.9927275020783,4.0
2026-10-05 08:01:00+00:00,791.0800000048374,791.0800000174621,791.0799999988187,791.0799999988187,1.2640903,999.9965545225067,4.0
2026-10-05 08:02:00+00:00,791.2718145347397,791.4824217784733,791.2173640604684,791.2556562862287,8.9880803,7111.869376529823,18.0
2026-10-05 08:03:00+00:00,791.3918340392521,791.5311004407197,791.371938844881,791.4117292744928,1.9770502999999997,1564.6607967856546,10.0
2026-10-05 08:04:00+00:00,791.9417294482543,792.8234064661151,791.8032427177903,791.8045398048936,26.5101703,20990.873194540858,33.0
2026-10-05 08:05:00+00:00,791.9007519792094,791.9405013386026,791.8715039873948,791.8722560243685,1.5019903,1189.384447387718,8.0
2026-10-05 08:06:00+00:00,792.2400000092317,792.2400000477352,792.2400000092317,792.2400000477352,0.8833103,699.7937521141649,4.0
2026-10-05 08:07:00+00:00,792.3700000023625,792.8899999794739,792.3699999847926,792.8899999794739,4.4852303,3556.2942524749355,9.0
2026-10-05 08:08:00+00:00,792.6459238648416,792.6459242373094,792.6459237069462,792.6459237069462,0.1273803,100.96747555556792,5.0
2026-10-05 08:09:00+00:00,792.8999982443437,792.9899986900996,792.8899984014531,792.9899966603343,0.0172303,13.663455539456558,7.0
2026-10-05 08:10:00+00:00,792.4875515780678,792.5944886915714,792.4822046709223,792.5944886401012,2.0429202999999996,1619.2073705109817,11.0
2026-10-05 08:11:00+00:00,792.4481374233443,792.4519805402471,792.4128415853547,792.4397432127984,1.5569004,1233.749753183903,12.0
2026-10-05 08:12:00+00:00,792.5503907407068,792.5503907661621,792.2667480672601,792.2700732599778,1.4042203,1112.521719954148,11.0
2026-10-05 08:13:00+00:00,792.3264212522819,792.3264212522819,792.0114383285968,792.0816138489868,9.0729003,7186.477511914956,24.0
2026-10-05 08:14:00+00:00,792.5633475416981,792.6246694914657,792.4909700261016,792.554626734437,2.6984803,2138.6930469167314,10.0
2026-10-05 08:15:00+00:00,792.2969864468482,792.3021137627971,792.2969863781168,792.3021136922573,0.39311029999999997,311.46212160419736,7.0
2026-10-05 08:16:00+00:00,791.9000000115682,791.9100000102017,791.8999999980755,791.909999996709,2.1952103000000003,1738.4089886657757,5.0
2026-10-05 08:17:00+00:00,791.966393901609,792.2880724495686,791.9663938997622,792.2880724466521,14.149860299999999,11210.765542476405,19.0
2026-10-05 08:18:00+00:00,791.6690581874534,791.71590881433,791.2286622618096,791.3129933901876,5.0894303,4027.33232534372,12.0
2026-10-05 08:19:00+00:00,791.4699987366688,791.4699987366688,791.2399983113789,791.2699979457916,0.0324404,25.669115241360657,7.0
2026-10-05 08:20:00+00:00,791.1397197002988,791.212025251491,791.1328661611489,791.2051717069891,1.1748103,929.5159851346394,11.0
2026-10-05 08:21:00+00:00,791.2466092231729,791.2466092416889,791.2466092231729,791.2466092385596,0.1923003,152.15696033055778,5.0
2026-10-05 08:22:00+00:00,791.1100000183819,791.9700000036805,791.1100000183819,791.9700000036805,5.3696103,4252.570269310762,11.0
2026-10-05 08:23:00+00:00,791.6799999871736,791.7299999725868,791.489999949729,791.489999949729,1.0283203,813.9052341953054,7.0
2026-10-05 08:24:00+00:00,791.3597756793584,791.3597756864312,791.3597756749946,791.3597756749946,0.5114702999999999,404.7570218724221,5.0
2026-10-05 08:25:00+00:00,791.1399730809306,791.2898720777933,791.1399730620724,791.2898720589351,2.9706503,2350.645495818837,11.0
2026-10-05 08:26:00+00:00,790.9556276770522,790.9556276770522,790.9439068871269,790.9439069321646,0.8206004,649.048886406097,7.0
2026-10-05 08:27:00+00:00,791.1716335899562,791.3896369197214,791.1716335806509,791.3896369197214,0.6820503,539.767539277987,7.0
2026-10-05 08:28:00+00:00,791.2200000325624,791.3400000083834,791.2000000054281,791.2000000063101,1.4888903,1178.010005369395,7.0
2026-10-05 08:29:00+00:00,791.109999926411,791.1100000172429,791.109999926411,791.1100000172429,0.5122502999999999,405.2463348418326,4.0
2026-10-05 08:30:00+00:00,791.1146784013143,791.5153215919377,791.1146784013143,791.1956140860253,6.5984103,5220.6332893000545,20.0
2026-10-05 08:31:00+00:00,791.2796797927044,791.2796797927044,791.2796790802424,791.2796791205468,0.08246029999999999,65.24915972418401,5.0
2026-10-05 08:32:00+00:00,790.6880004869375,790.6880004869375,790.5480003443079,790.5480003582832,0.25296029999999997,199.9772593350314,5.0
2026-10-05 08:33:00+00:00,791.0999842558274,791.0999929263857,790.8000001213849,790.8000001213849,0.0051103,4.041225240620313,6.0
2026-10-05 08:34:00+00:00,790.9699999968817,790.9999999951413,790.4799999994731,790.7599999832294,5.1712503,4089.2178871412743,16.0
2026-10-05 08:35:00+00:00,790.8499967814464,790.8500001513445,790.8499967814464,790.8499980148204,0.024910400000000003,19.700389790548382,5.0
2026-10-05 08:36:00+00:00,790.7100000001033,790.7100000001033,790.3499999988486,790.3499999988486,15.973380300000002,12624.56112008661,37.0
2026-10-05 08:37:00+00:00,790.1875150397677,790.5648860596193,790.0000000029378,790.2975150525201,7.645810299999999,6042.464880652962,25.0
2026-10-05 08:38:00+00:00,790.2499999836258,790.2499999891057,789.9900000464282,789.9900000519082,1.2419903,981.1599171614695,6.0
2026-10-05 08:39:00+00:00,790.3069134315211,790.3069134315211,790.1524006802834,790.1524006802834,2.4673903,1949.6143689602447,8.0
2026-10-05 08:40:00+00:00,790.0200015344064,790.020002993639,789.870000796336,789.870000796336,0.0093703,7.401318868461907,8.0
2026-10-05 08:41:00+00:00,789.6100002763249,789.6100002763249,789.6000001514361,789.6000001514361,0.28749030000000003,227.00234092353645,6.0
2026-10-05 08:42:00+00:00,789.462354735846,789.4709820173537,789.4294088840487,789.4380361408552,1.0275804,811.2110529528344,9.0
2026-10-05 08:43:00+00:00,789.2813770099405,789.2813770099405,788.4307280868951,788.9374821716094,23.6100903,18626.88519512634,48.0
2026-10-05 08:44:00+00:00,788.9501139875586,789.0312984914985,788.8404328128304,789.0312984199525,0.8273303,652.7895008311688,8.0
2026-10-05 08:45:00+00:00,788.9977568289561,789.0154088095445,788.2651991125599,788.2651991150879,24.515550299999997,19324.75513864545,27.0
2026-10-05 08:46:00+00:00,788.4485577187356,788.4485577187356,787.7023196588112,787.7023196588112,4.960250299999999,3907.2006673983137,26.0
2026-10-05 08:47:00+00:00,787.5913316465874,787.7286683589452,787.3643765923098,787.5574215280576,3.4832703,2743.275375953264,22.0
2026-10-05 08:48:00+00:00,787.545897513054,787.9381521306062,787.5458975033508,787.9381521306062,3.1101003,2450.5666833228443,9.0
2026-10-05 08:49:00+00:00,788.3890219499269,788.9704723753721,788.1437225650931,788.8796207513597,6.5829203,5193.131669700427,20.0
2026-10-05 08:50:00+00:00,788.3192641732809,788.5776197407594,788.2222944905692,788.5083555705213,0.43278029999999995,341.25088267631685,10.0
2026-10-05 08:51:00+00:00,788.7605504920963,789.1684064152768,788.7605504920963,789.0595233386505,4.5579104,3596.462607644278,14.0
2026-10-05 08:52:00+00:00,788.9777525371102,789.0118893933669,788.8412053012373,788.986286724165,0.4624803,364.89061458007785,8.0
2026-10-05 08:53:00+00:00,788.8822010083502,788.8822010083502,788.4654590928454,788.4654590928454,2.4248502999999997,1911.9107050209238,10.0
2026-10-05 08:54:00+00:00,788.4899998370303,788.4900000833153,788.4899998370303,788.489999911827,0.1550803,122.27926573332611,4.0
2026-10-05 08:55:00+00:00,788.4588837213954,788.5177674833093,788.456837258325,788.5157210202389,2.1199502999999997,1671.6141393315716,9.0
2026-10-05 08:56:00+00:00,788.465811152564,788.612406835158,788.0991622513923,788.1632978625271,3.8268303,3016.167189608244,16.0
2026-10-05 08:57:00+00:00,788.3091262277936,788.3091262277936,787.9304843193436,787.9304843340085,0.47626029999999997,375.2600088480602,9.0
2026-10-05 08:58:00+00:00,788.1549434749671,788.2799651839883,788.054926079049,788.2799651631899,1.0111004,797.0301880884873,14.0
2026-10-05 08:59:00+00:00,788.5399994978654,788.6099996404051,788.5399994978654,788.609999628974,0.1996303,157.430450808932,6.0
2026-10-05 09:00:00+00:00,788.5935221984818,788.5935223294415,788.5331812697262,788.5331813968248,0.11962029999999998,94.32457571864259,7.0
2026-10-05 09:01:00+00:00,788.2770400937554,788.6343334931515,788.2770400937554,788.6343334931515,0.0760203,59.95221862244943,7.0
2026-10-05 09:02:00+00:00,788.9091781130536,789.1294534753966,788.8960283723025,789.0819190612859,1.5338403,1210.3256474575385,11.0
2026-10-05 09:03:00+00:00,789.0637909650225,789.0664118817206,789.0406864707818,789.0480655868059,1.8988903000000001,1498.3157179765496,10.0
2026-10-05 09:04:00+00:00,788.2831903232516,788.2831903232516,788.2831894181539,788.2831894181539,0.07511029999999999,59.20818684215436,6.0
2026-10-05 09:05:00+00:00,788.769999658624,788.7700002223095,788.769999658624,788.7700002223095,0.1603003,126.44006766663628,4.0
2026-10-05 09:06:00+00:00,788.7739264778138,788.7739264778138,788.5363553698078,788.6121723464711,4e-07,0.0003154448689385884,4.0
2026-10-05 09:07:00+00:00,788.9579293812363,789.1229009037799,788.9496471568174,789.1146186850053,1.4425602999999998,1138.3454210646266,13.0
2026-10-05 09:08:00+00:00,789.0699066141484,789.0855506718916,789.0699066127813,789.0855506718916,3.3660202999999997,2656.0779819982654,9.0
2026-10-05 09:09:00+00:00,788.9958557490776,789.031087100368,788.8020833275431,788.8020833294636,5.3014603,4181.802929328443,11.0
2026-10-05 09:10:00+00:00,788.6500000380339,788.7800000433095,788.4400000962062,788.7800000433095,0.4964603,391.5979554555015,7.0
2026-10-05 09:11:00+00:00,788.9401621842691,788.999188353303,788.6424346342336,788.6424346342336,0.4892003,385.80411561579746,10.0
2026-10-05 09:12:00+00:00,788.448735243018,788.5754468244637,788.2977234118674,788.5706406642124,3.9295603,3098.7358832996547,15.0
2026-10-05 09:13:00+00:00,788.5351834324102,788.5351841016063,788.4516259157654,788.451626454845,0.0917404,72.33286759161807,7.0
2026-10-05 09:14:00+00:00,788.2800022339717,788.2800024439535,788.2800006470832,788.2800006470832,0.0524303,41.329756917926765,4.0
2026-10-05 09:15:00+00:00,788.5554358326501,788.5554358326501,788.1070618601502,788.1070618601502,0.0986903,77.77852236709678,7.0
2026-10-05 09:16:00+00:00,787.3243798633459,787.4829199275053,787.2522812487978,787.4801826406631,0.4383903,345.2236735118951,8.0
2026-10-05 09:17:00+00:00,787.5537505471434,787.7994920522451,787.084927492704,787.7701906113427,0.3332703,262.5404077560994,12.0
2026-10-05 09:18:00+00:00,787.3349623761843,787.3349623761843,787.2675155249682,787.2675155249682,0.009680300000000001,7.620985730536351,6.0
2026-10-05 09:19:00+00:00,787.0199999974911,787.1700000009001,786.8700000021878,787.1700000009001,9.5814803,7542.253847759625,18.0
2026-10-05 09:20:00+00:00,787.5314091281738,787.6375340206243,786.856068886915,786.856068886915,5.6772703,4467.1945902664365,20.0
2026-10-05 09:21:00+00:00,786.889999979659,786.8900000177401,786.7400000005681,786.74000004899,1.4400003,1132.9058360925455,7.0
2026-10-05 09:22:00+00:00,786.7946527254913,787.017938726779,786.7946527254913,787.017938726779,4e-07,0.0003148071754907116,4.0
2026-10-05 09:23:00+00:00,787.0337877460905,787.1543719740221,786.9065043809738,787.0337877326796,4.625530299999999,3640.4486322812772,14.0
2026-10-05 09:24:00+00:00,786.8600022069379,786.9100013469462,786.8600003497992,786.909999124339,0.0122403,9.632014462281647,6.0
2026-10-05 09:25:00+00:00,786.8799998132005,786.8799998132005,786.6300007739919,786.6300008504434,0.0565403,44.47629623708433,5.0
2026-10-05 09:26:00+00:00,787.2260868904652,787.2380434589018,786.968405791634,786.9763768320761,2.2805103,1794.707733222231,16.0
2026-10-05 09:27:00+00:00,787.0159086928518,787.047954331111,786.9948288384462,787.0018174414623,0.8291803,652.5664030866569,19.0
2026-10-05 09:28:00+00:00,787.1743379449313,787.2022769887213,787.1334500742978,787.1334500742978,3e-07,0.00023614003502228932,3.0
2026-10-05 09:29:00+00:00,787.089571569997,787.0991432279734,787.0895713362022,787.0991429941786,0.14522040000000003,114.30285238527183,7.0
2026-10-05 09:30:00+00:00,786.8152776021236,786.8152776021236,786.734437142641,786.7562714569781,3e-07,0.00023602688143709342,3.0
2026-10-05 09:31:00+00:00,787.0108153189606,787.0602329468187,786.8625624927748,787.0602329468187,2.2682603,1785.257480102021,12.0
2026-10-05 09:32:00+00:00,787.0199999785455,787.1899999800564,787.0199999785455,787.0599999714691,1.5261303000000002,1201.1561138744582,10.0
2026-10-05 09:33:00+00:00,787.0820945694285,787.0820945694285,786.6977703328541,786.6977703328541,0.6315702999999999,496.8549468184517,9.0
2026-10-05 09:34:00+00:00,786.6328493593422,786.6328493664796,786.5438471722423,786.5438471722423,0.5673402999999999,446.238022217854,7.0
2026-10-05 09:35:00+00:00,786.5507301896808,786.6828465458511,786.4978836411144,786.6828465414582,2.6590803,2091.8528595863145,11.0
2026-10-05 09:36:00+00:00,786.5400040762867,786.7599948587958,786.5400009807865,786.5500005618096,0.0071603,5.631933969022725,6.0
2026-10-05 09:37:00+00:00,786.7099999914675,786.9399999982921,786.7099999914675,786.9399999982921,6.647230400000001,5230.971490964648,12.0
2026-10-05 09:38:00+00:00,787.1799998925006,787.3399998897479,787.1399999092797,787.2099999442796,0.7151803,562.9970839231498,9.0
2026-10-05 09:39:00+00:00,787.1699999942193,787.2299999888518,787.1499999916908,787.2299999845341,3.3534403,2639.928807317136,9.0
2026-10-05 09:40:00+00:00,787.1699999968168,787.1699999968168,786.9499999523727,786.9499999523727,0.5381003,423.4580310593717,7.0
2026-10-05 09:41:00+00:00,787.0905138348534,787.2084584624941,787.0905138174339,787.2084584518163,2.9273702999999998,2304.450661180631,9.0
2026-10-05 09:42:00+00:00,787.2199138224394,787.3895476096795,787.2199138224394,787.3895476090003,6.9585903,5479.121268313377,16.0
2026-10-05 09:43:00+00:00,786.8642925940678,786.8642926603859,786.8642925940678,786.8642926603859,2.8238503,2221.9869688883186,6.0
2026-10-05 09:44:00+00:00,787.4099999533603,787.4199999603496,787.3599999616888,787.3599999703439,1.8010403,1418.067090554588,7.0
2026-10-05 09:45:00+00:00,787.2069010631886,787.2069011017784,787.2069009031479,787.2069011017784,0.1710303,134.63623245750748,5.0
2026-10-05 09:46:00+00:00,787.3492484233004,787.3500923786171,787.0635784492416,787.1473588444608,2.5238303,1986.6263548166232,13.0
2026-10-05 09:47:00+00:00,787.2699999021313,787.2699999633743,787.23999990906,787.239999970303,1.2989602999999998,1022.5935065334246,5.0
2026-10-05 09:48:00+00:00,787.4867493014829,787.4869203912309,787.4867493013264,787.4869203912309,83.97777029999993,66131.39571486913,78.0
2026-10-05 09:49:00+00:00,787.3131874551794,787.5100691113514,787.3131874551794,787.5100691113514,1.2027704000000001,947.1938008290879,10.0
2026-10-05 09:50:00+00:00,787.6860101191112,787.6940811997177,787.600852773634,787.6687004874926,2.2703303,1788.2681170783792,11.0
2026-10-05 09:51:00+00:00,787.6757308937257,787.8052168152481,787.6757308937257,787.8052168152481,1.6908003,1332.0212969327865,7.0
2026-10-05 09:52:00+00:00,787.8072610442437,788.0686087842548,787.8072610442437,788.0686087842548,1.9051203,1501.3655043876422,7.0
2026-10-05 09:53:00+00:00,787.9070742488002,787.930486669405,787.9070740764439,787.9304864970487,0.20812029999999998,163.98432922891172,6.0
2026-10-05 09:54:00+00:00,787.775661463338,787.775661463338,787.6903159566385,787.6903159566385,2.5127303,1979.253323920819,9.0
2026-10-05 09:55:00+00:00,787.5070847001753,787.5349017619895,787.50708466156,787.5349017619895,0.2738803,215.69029515504425,7.0
2026-10-05 09:56:00+00:00,787.4945905158207,787.4945905158207,787.4088827742466,787.4088827742466,1.3461802999999999,1059.9943260357002,7.0
2026-10-05 09:57:00+00:00,787.3860442023531,787.3923551345125,787.3020736331767,787.3020736331767,4e-07,0.00031492082945327066,4.0
2026-10-05 09:58:00+00:00,787.2908971395539,787.3089188482029,787.2908971395539,787.3089188482029,3e-07,0.00023619267565446085,3.0
2026-10-05 09:59:00+00:00,787.3899995119885,787.3899997080274,787.3899992785853,787.3899997080274,0.0353103,27.802977106690363,5.0
2026-10-05 10:00:00+00:00,787.399999742883,787.3999997521119,787.3399996711003,787.3399996711003,0.0645403,50.81515978077271,5.0
2026-10-05 10:01:00+00:00,787.2594090953344,787.4832229813271,787.2594090953344,787.4832229813271,0.45691030000000005,359.8091956573651,6.0
2026-10-05 10:02:00+00:00,787.7827420871241,787.7827421336793,787.7459678179846,787.7459678524085,1.9877702999999998,1565.8580388417722,10.0
2026-10-05 10:03:00+00:00,787.599947918624,787.5999483729506,787.5999478972118,787.5999483729506,0.1396503,109.98856907026708,5.0
2026-10-05 10:04:00+00:00,787.5552886502853,787.5552886502853,787.4106722964685,787.4106722964685,0.41838030000000004,329.4371132985982,9.0
2026-10-05 10:05:00+00:00,787.6361025630341,787.6361027861672,787.6361025630341,787.6361027217165,0.0982203,77.3618543001578,5.0
2026-10-05 10:06:00+00:00,787.7418389679709,787.7955178619742,787.7282375178205,787.7955178619742,0.1589904,125.25192450308242,9.0
2026-10-05 10:07:00+00:00,788.1168336848381,788.1252505244067,788.0789378936382,788.085250528676,1.6096302999999998,1268.5258982340479,9.0
2026-10-05 10:08:00+00:00,788.1199998975271,788.1999997886156,788.1199997213379,788.1999997886156,0.0353703,27.878870452523273,5.0
2026-10-05 10:09:00+00:00,788.1295587145477,788.1788900868073,788.1295585942263,788.1788899664859,0.1877203,147.95717767817573,8.0
2026-10-05 10:10:00+00:00,788.0599996565277,788.0599998886656,788.0599996565277,788.0599998886656,0.1603203,126.34201560015084,4.0
2026-10-05 10:11:00+00:00,787.5000002765709,787.6300001374393,787.370000158836,787.6300000080132,0.2803103,220.7808015912462,6.0
2026-10-05 10:12:00+00:00,787.6457717318754,787.6457718197249,787.6457716063561,787.6457716063561,0.1606003,126.49614721371228,5.0
2026-10-05 10:13:00+00:00,787.6934649615963,787.7121421603266,787.2171964980187,787.2171964980187,1.4142703,1113.3379006564119,12.0
2026-10-05 10:14:00+00:00,787.7987583541337,787.8071141676301,787.7987583541337,787.8071141676301,0.9748903,768.0255138730151,6.0
2026-10-05 10:15:00+00:00,787.6455861106696,787.6455861271884,787.6263965681967,787.6327930961143,0.6704904,528.100226496131,8.0
2026-10-05 10:16:00+00:00,787.7306161786303,787.7306161838952,787.621976805724,787.6219768131183,0.4154203,327.19415789429866,7.0
2026-10-05 10:17:00+00:00,787.7336045765707,787.8908582293984,787.5956643437455,787.8905149344583,4.815710299999999,3794.2524680421743,10.0
2026-10-05 10:18:00+00:00,788.0877275088116,788.3310570746308,787.9611961370147,787.9611961404718,10.764670299999999,8482.14248564581,21.0
2026-10-05 10:19:00+00:00,787.6500005343039,787.6500005343039,787.6499999004758,787.6499999004758,0.12695030000000002,99.99240378236539,4.0
2026-10-05 10:20:00+00:00,788.0074573013735,788.0438256469661,788.0074573013735,788.0438256469661,0.2202703,173.58264988840492,6.0
2026-10-05 10:21:00+00:00,788.0161793597892,788.0320597803268,787.8998505347383,787.8998505347383,0.8456702999999999,666.3035029716673,11.0
2026-10-05 10:22:00+00:00,787.8535931208368,787.853593147709,787.8535931158918,787.8535931158918,1.5309102999999997,1206.1331805931277,6.0
2026-10-05 10:23:00+00:00,788.1113706963152,788.2205331883757,788.081599323807,788.2205331883757,0.16145040000000002,127.25852037147655,8.0
2026-10-05 10:24:00+00:00,788.2320548833535,788.3345730831566,788.2320548833535,788.3345730831566,0.22886030000000002,180.41848689618314,8.0
2026-10-05 10:25:00+00:00,788.400000001503,788.529999980711,788.2000000094475,788.2000000186285,1.8757203,1478.442740494942,7.0
2026-10-05 10:26:00+00:00,788.4402593774596,788.4402597640423,788.4402593774596,788.4402597640423,0.16170030000000002,127.49102653592358,5.0
2026-10-05 10:27:00+00:00,788.4629931002589,788.4629931002589,788.2960600284001,788.2960600284001,3e-07,0.00023648881800852003,3.0
2026-10-05 10:28:00+00:00,788.0600000715808,788.0600001630894,788.0600000715808,788.0600001586448,0.1000003,78.80623643386453,4.0
2026-10-05 10:29:00+00:00,788.3199999930732,788.3199999930732,787.8000000137838,787.8000000137838,1.2527703,986.9324423572679,7.0
2026-10-05 10:30:00+00:00,787.5897347312448,787.6886551590553,787.5670381422748,787.6886551477072,4.633650299999999,3649.8737732317695,14.0
2026-10-05 10:31:00+00:00,787.5942246598127,787.6980713095328,787.5128260500155,787.698071305017,12.616420399999999,9937.930015853271,21.0
2026-10-05 10:32:00+00:00,787.5271968012382,787.6806784915357,787.5271967966613,787.6695568100561,5.5015103,4333.372179786958,13.0
2026-10-05 10:33:00+00:00,787.5848679662731,787.7200172082134,787.464227637777,787.6752210816362,17.4894503,13776.00663164879,31.0
2026-10-05 10:34:00+00:00,787.8020312853702,788.1431152173188,787.7951465068066,787.9072460868902,4.4067503,3472.110493065577,14.0
2026-10-05 10:35:00+00:00,787.8099993281231,787.810000779727,787.8099991282735,787.810000779727,0.0361003,28.44017737114838,4.0
2026-10-05 10:36:00+00:00,787.7600003837241,787.8700002081365,787.7600001560746,787.869999980487,0.1879403,148.07252415733274,6.0
2026-10-05 10:37:00+00:00,787.7527197363283,787.7527197363283,787.6216720536582,787.6216720536582,0.5894303,464.2480784450894,7.0
2026-10-05 10:38:00+00:00,787.5646514453629,787.8044613266931,787.5199366298554,787.6355386903315,5.0841404,4004.4496627312774,15.0
2026-10-05 10:39:00+00:00,787.7415892055883,788.3276161934822,787.5729400306539,788.1192848597395,25.344770299999993,19974.70224377036,34.0
2026-10-05 10:40:00+00:00,788.2543923932858,788.2665886079361,788.2348829028615,788.2665886062736,4.434380299999999,3495.473831663863,11.0
2026-10-05 10:41:00+00:00,788.2300000297384,788.5300000379987,788.2300000297384,788.5300000379987,1.0355602999999998,816.5703633983497,9.0
2026-10-05 10:42:00+00:00,788.6799856023564,788.6799997526791,788.6799856023564,788.6799997526791,0.0037603,2.9656734030699994,4.0
2026-10-05 10:43:00+00:00,788.699999232723,788.8599990866675,788.699999232723,788.8599988764371,0.0390203,30.78155381415824,5.0
2026-10-05 10:44:00+00:00,788.8899999315191,788.909999961136,788.8899999315191,788.909999961136,1.2552903,990.3110705242144,7.0
2026-10-05 10:45:00+00:00,788.5900002093439,788.5900002734788,788.5900001221809,788.5900002734788,0.2563903,202.18682674711732,4.0
2026-10-05 10:46:00+00:00,788.9399999916341,789.3599999678161,788.9299999807827,789.21999998392,3.4774103999999992,2744.4418358320827,15.0
2026-10-05 10:47:00+00:00,789.25227740349,789.311464062832,789.2325485284042,789.311464062832,0.9206203,726.6561568389635,8.0
2026-10-05 10:48:00+00:00,789.5899998377483,789.5899998377483,789.5899994764669,789.5899995516285,0.09262029999999999,73.13206263547168,4.0
2026-10-05 10:49:00+00:00,789.5399995037778,789.5399995037778,789.3999999007024,789.5399994407323,0.0913103,72.0931342109331,6.0
2026-10-05 10:50:00+00:00,789.5021458611507,789.5021459881032,789.5021458611507,789.5021459445956,0.15982030000000003,126.17846981550906,5.0
2026-10-05 10:51:00+00:00,789.3599999286844,789.3600002745022,789.3599999286844,789.3600002745022,0.1603003,126.5346448520028,4.0
2026-10-05 10:52:00+00:00,789.4535350572744,789.4876988020529,789.3181919631143,789.4876988020529,3e-07,0.00023684630964061586,3.0
2026-10-05 10:53:00+00:00,789.5173942426583,789.5349294903435,789.4841548980562,789.5141548927085,2.2439203999999995,1771.606918252508,11.0
2026-10-05 10:54:00+00:00,789.5098120801624,789.9995562967582,789.5098120801624,789.9995562967582,13.409980299999999,10593.878486948268,18.0
2026-10-05 10:55:00+00:00,789.814911162763,790.0870533078921,789.814911162763,790.0870533070629,2.6529403,2096.0537842265553,9.0
2026-10-05 10:56:00+00:00,789.8800003160386,789.8800003552137,789.879999539002,789.879999539002,0.0138303,10.924277357624259,4.0
2026-10-05 10:57:00+00:00,789.8403042579457,789.8502434051036,789.5791480631848,789.7182961233947,4.366320300000001,3448.16302764499,12.0
2026-10-05 10:58:00+00:00,789.6427774528669,789.8498611149884,789.6131940750874,789.6723608483113,3.9251603000000004,3099.590600809066,11.0
2026-10-05 10:59:00+00:00,789.8853926447283,789.8853927359308,789.8853926447283,789.885392723115,0.1656604,130.85273011266833,6.0
2026-10-05 11:00:00+00:00,789.8099997763313,789.8099997763313,789.6099997573825,789.77999979659,0.1882603,148.68421969570596,7.0
2026-10-05 11:01:00+00:00,789.9499996664651,789.9499996664651,789.9499996187257,789.9499996380424,0.1263503,99.81041943926655,4.0
2026-10-05 11:02:00+00:00,789.8899999499574,789.8899999678125,789.6400000111895,789.6899999922471,0.7918702999999999,625.3320572008606,6.0
2026-10-05 11:03:00+00:00,789.4400022255819,789.4400022255819,789.4400003266155,789.4400003266155,0.019400300000000002,15.31537283833644,4.0
2026-10-05 11:04:00+00:00,789.407893703251,789.440000005243,789.3121063108845,789.43999999679,2.9089803,2296.4654080226624,10.0
2026-10-05 11:05:00+00:00,789.3530425485142,789.721987838181,789.3422352551512,789.7111805448181,3.7690102999999997,2976.429573498579,12.0
2026-10-05 11:06:00+00:00,789.8270428314421,790.2857976832793,789.8241245448716,790.0166925824407,12.0243503,9499.437454458679,19.0
2026-10-05 11:07:00+00:00,790.0501495965561,790.1675947222453,789.9778756160898,789.9778756160898,1.5261604000000002,1205.632950641402,11.0
2026-10-05 11:08:00+00:00,789.767816832266,789.7724742804777,789.7053967574243,789.710054205636,2.6434002999999997,2087.519794200194,10.0
2026-10-05 11:09:00+00:00,789.655468568038,789.8766994500455,789.655468568038,789.8766994500455,1.8726503,1479.1628381881376,9.0
2026-10-05 11:10:00+00:00,789.7599998347032,789.759999935777,789.5600000485914,789.5600001184193,0.2805203,221.48760810121902,6.0
2026-10-05 11:11:00+00:00,789.5929677128639,789.9464250205222,789.5929677001039,789.755514215073,1.0641603,840.4264649337664,12.0
2026-10-05 11:12:00+00:00,789.821376998861,789.9964194425208,789.8213769130158,789.9964194425208,0.2276603,179.85082184921015,7.0
2026-10-05 11:13:00+00:00,789.8561891956431,789.8561891956431,789.7564166400915,789.7779529631479,2.6471802999999996,2090.6846384583714,12.0
2026-10-05 11:14:00+00:00,789.7072622032326,789.736349626252,789.6587831633517,789.7363495961177,0.41586029999999996,328.41999526394636,7.0
2026-10-05 11:15:00+00:00,789.7985102148111,789.7985102819224,789.7137877605212,789.7137878109239,0.2130604,168.2567355165106,7.0
2026-10-05 11:16:00+00:00,789.7052085917344,789.7145360895532,789.6256411844228,789.7145360895532,3e-07,0.00023691436082686596,3.0
2026-10-05 11:17:00+00:00,789.806611699437,789.8706693548329,789.7692893644657,789.8693305030158,0.5392802999999999,425.9609695144655,10.0
2026-10-05 11:18:00+00:00,789.8956792567373,790.072920154746,789.8956792567373,789.9236646675182,6.733860299999999,5319.235605535113,20.0
2026-10-05 11:19:00+00:00,789.9300000009829,789.9300000009829,789.8895256515707,789.8895256515707,5.0056803,3953.934437730412,18.0
2026-10-05 11:20:00+00:00,790.0399998230461,790.0400000392041,790.0399998230461,790.0400000392041,0.1603003,126.64364901828444,4.0
2026-10-05 11:21:00+00:00,790.1099999940607,790.1312443384451,789.989615396259,789.989615396259,2.4037603,1898.945674901796,16.0
2026-10-05 11:22:00+00:00,789.7753666655375,789.7753666655375,789.7176833239577,789.7176833239577,0.7294002999999999,576.0203151317996,6.0
2026-10-05 11:23:00+00:00,790.0875126551471,790.0875129588985,789.9720018962923,789.9720022000438,0.30908030000000003,244.16478343159022,6.0
2026-10-05 11:24:00+00:00,789.9600000950468,789.9600000950468,789.9599999568692,789.9599999652708,0.4056403,320.43961137391244,4.0
2026-10-05 11:25:00+00:00,790.0714835551339,790.2734379089939,790.0623038137403,790.2734379089939,1.2318103,973.4669606327091,14.0
2026-10-05 11:26:00+00:00,790.2706619106414,790.3059424024544,790.2157554211389,790.2876402335609,1.2315703,973.2947861687386,12.0
2026-10-05 11:27:00+00:00,790.296594807688,790.4485578826443,790.2891127219175,790.4238080582124,2.0544004,1623.846987444315,17.0
2026-10-05 11:28:00+00:00,790.6402768726196,790.9052010410593,790.6402768726196,790.8869304092857,4.3569702999999995,3445.8708664514243,18.0
2026-10-05 11:29:00+00:00,790.7703629845269,790.8042163481097,790.7703627845746,790.8042161481574,0.1799703,142.32127202144872,8.0
2026-10-05 11:30:00+00:00,790.9299570256281,791.1987934599377,790.3922837558046,790.3922837558046,0.4641603,366.8687195457794,11.0
2026-10-05 11:31:00+00:00,790.7573968114259,790.9736296114115,790.6406507976419,790.7370211828209,13.4820903,10660.787923139804,28.0
2026-10-05 11:32:00+00:00,790.7699999337464,790.770000070618,790.7699997350531,790.7699997350531,0.0930203,73.55766260635457,4.0
2026-10-05 11:33:00+00:00,790.7908549438919,790.8973156574377,790.7908549438919,790.8973156574377,0.1316603,104.12977784865295,7.0
2026-10-05 11:34:00+00:00,790.7536169168978,790.7536169168978,790.715829880309,790.715829880309,0.2980503,235.67309031057505,6.0
2026-10-05 11:35:00+00:00,790.381880458101,790.381880458101,790.2139194391909,790.2139194391909,0.9389204,741.9479693254129,10.0
2026-10-05 11:36:00+00:00,790.194930025595,790.5757541443369,790.1291758604718,790.5757541069318,0.2545603,201.2492011381868,9.0
2026-10-05 11:37:00+00:00,790.4599998838272,790.4599999666684,790.4599998838272,790.4599999666684,0.1900403,150.21925553166565,4.0
2026-10-05 11:38:00+00:00,790.2531127406457,790.2531127406457,790.0571526856039,790.0571526856039,0.9796602999999998,773.9876272171244,8.0
2026-10-05 11:39:00+00:00,789.8920986359462,789.8937985275936,789.8101993513242,789.8522979474884,1.1306603,893.0546361529966,11.0
2026-10-05 11:40:00+00:00,789.7500925767342,790.1099171768959,789.7400974494384,790.0099659039372,7.634980299999999,6031.710526480231,18.0
2026-10-05 11:41:00+00:00,790.0721733609239,790.5125753637656,790.070523445849,790.5109254486906,2.2784203,1801.1161399140833,13.0
2026-10-05 11:42:00+00:00,790.516720798362,790.5500000005331,790.2551217948048,790.2584821926055,5.3871003,4257.20170649733,17.0
2026-10-05 11:43:00+00:00,790.3795752829773,790.4693504069091,790.3197251825369,790.329700196307,1.1808104,933.2295294206814,13.0
2026-10-05 11:44:00+00:00,790.1572452351868,790.1572452351868,789.9758678899083,790.0534715513601,1.5099803,1192.9651779891642,14.0
2026-10-05 11:45:00+00:00,790.0044784041316,790.0529036809718,789.9886910401327,790.0189568455122,1.2995203,1026.645671805567,11.0
2026-10-05 11:46:00+00:00,790.0672683141069,790.0836351178012,789.7709092691185,789.9799961185412,4.7515203,3753.6059881511696,37.0
2026-10-05 11:47:00+00:00,789.9780902634636,790.0499999880267,789.8935937801494,789.9690972937293,3.1190803000000002,2463.9770489776547,18.0
2026-10-05 11:48:00+00:00,789.9513397434455,790.1204715877997,789.9513397199277,790.0993300858404,0.7289603,575.9510446891733,7.0
2026-10-05 11:49:00+00:00,789.7530001366185,789.753000186697,789.5030002772876,789.503000384138,0.5064804,399.8677954357584,8.0
2026-10-05 11:50:00+00:00,789.9799999664708,789.9799999664708,789.9799999258213,789.9799999258213,0.6341003,500.9265549469632,5.0
2026-10-05 11:51:00+00:00,789.7800009263625,789.7800009263625,789.7799994276629,789.7799994276629,0.021680300000000003,17.122667321591564,4.0
2026-10-05 11:52:00+00:00,789.899505820709,789.9785175656012,789.8402470409125,789.9785175656012,1.5202202999999996,1200.9413789671332,8.0
2026-10-05 11:53:00+00:00,789.8466662232521,789.9466661681466,789.7223812061743,789.7533339636809,0.5444102999999999,429.94984946916765,9.0
2026-10-05 11:54:00+00:00,789.9111945482161,789.9285604649608,789.9111945467931,789.9285604649608,0.8039602999999999,635.0712024499779,8.0
2026-10-05 11:55:00+00:00,790.0451626750298,790.1426856058088,790.0451626750298,790.1249541693372,1.6919103,1336.8205482461296,8.0
2026-10-05 11:56:00+00:00,790.4322616116668,790.5593215413667,790.4322616116668,790.5593215413667,0.48900040000000006,386.58382445745696,9.0
2026-10-05 11:57:00+00:00,790.748882638538,790.8349052590254,790.748882638538,790.8349052410131,0.4856003,384.02966723550753,6.0
2026-10-05 11:58:00+00:00,790.7299998813903,790.9199999348552,790.7299998813903,790.9199999348552,0.25215030000000005,199.43071525957376,9.0
2026-10-05 11:59:00+00:00,791.0427101038966,791.0427104366387,790.77192728865,790.771927621392,0.09085029999999998,71.84186685598173,7.0
2026-10-05 12:00:00+00:00,790.7123500320714,790.7123500320714,790.6773928736164,790.6773928830535,3.4026403,2690.3907613228107,11.0
2026-10-05 12:01:00+00:00,790.5320975482828,790.5320975482828,789.9094777756401,789.9989469161741,4.4771303,3536.9282222064944,13.0
2026-10-05 12:02:00+00:00,790.0227424563703,790.0800417668951,789.786496551164,789.82742463011,3.5087402999999995,2771.2993148448795,17.0
2026-10-05 12:03:00+00:00,789.5157351416916,789.7616385848987,789.5142603935964,789.6421301917107,0.9148002999999999,722.3648575920159,12.0
2026-10-05 12:04:00+00:00,789.6377391624516,789.7425324934444,789.6377391624516,789.7425324934444,0.0516203,40.76674645007135,7.0
2026-10-05 12:05:00+00:00,790.0100000158911,790.559999967864,790.0099999750892,790.5599999477994,2.1109903999999995,1668.8645705138047,9.0
2026-10-05 12:06:00+00:00,790.1211393449138,790.1211393449138,789.994989318511,789.994989318511,3e-07,0.00023699849679555327,3.0
2026-10-05 12:07:00+00:00,790.0191240579165,790.237923202647,789.9265552080631,790.2210925026737,1.3968402999999998,1103.8126679177624,9.0
2026-10-05 12:08:00+00:00,790.0699764442371,790.069986651275,790.0699653649763,790.069986651275,0.0014203,1.122136402040806,4.0
2026-10-05 12:09:00+00:00,790.0217853479251,790.0217853479251,790.0065619298352,790.0065619298352,0.1658003,130.98332496993527,6.0
2026-10-05 12:10:00+00:00,789.9499999799748,790.0999999705184,789.7000000055388,789.9099999967838,2.1701603,1714.2313225660203,7.0
2026-10-05 12:11:00+00:00,789.7489341513711,789.9283483871803,789.748933823997,789.9283480598062,0.14247030000000002,112.54132872658504,6.0
2026-10-05 12:12:00+00:00,790.2000710824877,790.2035793507822,790.2000707133071,790.2035791016261,0.11356029999999999,89.73575550385439,6.0
2026-10-05 12:13:00+00:00,790.0899998527156,790.1199998567629,789.8900000296087,790.1199998492654,0.45225040000000005,357.33208597983025,9.0
2026-10-05 12:14:00+00:00,790.1152348370525,790.1152348370525,789.9197730965822,789.9197730965822,0.6509202999999999,514.1748156799591,7.0
2026-10-05 12:15:00+00:00,789.8169988376565,789.8255639970891,789.7741729566845,789.7741729566845,0.3969103,313.46950392048956,8.0
2026-10-05 12:16:00+00:00,789.719999980538,789.7199999983239,789.719999980538,789.7199999983239,1.2662703,999.9989813138776,4.0
2026-10-05 12:17:00+00:00,790.0202598417791,790.0202601999364,789.9112145981544,789.9112149563117,0.1982003,156.56063977770546,7.0
2026-10-05 12:18:00+00:00,789.759033306008,789.8576528519609,789.7120788862597,789.7120788862597,0.5801202999999999,458.1280081171206,12.0
2026-10-05 12:19:00+00:00,789.9779348246694,789.9779350401121,789.841548527649,789.8415486689735,0.19798030000000003,156.37306675794798,8.0
2026-10-05 12:20:00+00:00,789.8341855516647,789.8341855516647,789.7241529548335,789.7241529548335,0.11979029999999999,94.60129319970538,6.0
2026-10-05 12:21:00+00:00,789.6654206538541,789.6654209703298,789.6654199375267,789.6654209703298,0.0413204,32.62929106066242,6.0
2026-10-05 12:22:00+00:00,789.8407757425206,790.0531768451658,789.8306048163865,790.0531768439024,5.800850299999999,4582.980207910903,16.0
2026-10-05 12:23:00+00:00,789.8124290923168,789.8124290923168,789.2103065040853,789.2103065040853,3.7875702999999996,2989.1895173687703,23.0
2026-10-05 12:24:00+00:00,789.1788727016786,789.1788727016786,788.7866181518999,788.9644363207193,0.7469203,589.2935534660025,16.0
2026-10-05 12:25:00+00:00,789.1000681760539,789.1180262993395,788.7902816658363,788.9540107798208,1.5967202999999996,1259.7388847785585,12.0
2026-10-05 12:26:00+00:00,789.1114471400641,789.1613155792446,788.9535520920462,788.9540783274329,2.8246002999999997,2228.47992632989,10.0
2026-10-05 12:27:00+00:00,789.0199998819894,789.0199999708108,789.0199998819894,789.0199999172395,0.14458030000000002,114.07674829403447,6.0
2026-10-05 12:28:00+00:00,788.8799999380924,788.8800000498019,788.8799999380924,788.8800000498019,0.3058303,241.26340707923092,4.0
2026-10-05 12:29:00+00:00,788.6599999894237,788.6599999976808,788.4400000712053,788.4400000712053,0.7713804,608.1871626309263,9.0
2026-10-05 12:30:00+00:00,788.3451026291033,788.3451026291033,788.232448687534,788.2909860707364,2.2340903,1761.1132455580673,19.0
2026-10-05 12:31:00+00:00,788.2548623582795,788.2947050565451,787.87039325454,787.87039325454,5.4647103,4305.483453083135,28.0
2026-10-05 12:32:00+00:00,787.8795015300609,787.8804984669746,787.8319938525942,787.8424923160926,1.7527803,1380.9148000345485,8.0
2026-10-05 12:33:00+00:00,787.847598446208,788.0055971804014,787.7708004883931,788.0055971804014,1.2961803,1021.3973313549719,15.0
2026-10-05 12:34:00+00:00,787.9690192833112,787.9690193135896,787.4809339271441,787.4809339271441,0.4497503,354.1697862780132,8.0
2026-10-05 12:35:00+00:00,787.9099999799434,788.0499999776472,787.9099999799434,788.0499999776472,1.0894703,858.5570698906472,7.0
2026-10-05 12:36:00+00:00,788.0154748874277,788.1026253824992,787.9501120224685,787.9501120636604,0.8006704000000001,630.888331406056,12.0
2026-10-05 12:37:00+00:00,788.1524596039436,788.1524596661833,788.0258665557641,788.0258665557641,0.2373403,187.030295576105,6.0
2026-10-05 12:38:00+00:00,787.816390896964,787.9735036416132,787.5807218101199,787.5807218155007,2.4981503,1967.4950164776096,10.0
2026-10-05 12:39:00+00:00,787.7892214988727,787.8366467798883,787.741796252131,787.8366467798883,1.6181803,1274.8617414372736,10.0
2026-10-05 12:40:00+00:00,787.5600001182065,787.5600001182065,787.5000000298534,787.549999995677,0.43890029999999997,345.6559312631026,6.0
2026-10-05 12:41:00+00:00,787.4946909638552,787.5154727922142,787.4370364501527,787.4386001072776,3.1902202999999996,2512.1026070658186,10.0
2026-10-05 12:42:00+00:00,787.531131012455,787.6862299929409,787.5022620080593,787.513016004426,1.5649903,1232.4502311706715,10.0
2026-10-05 12:43:00+00:00,787.7636827187272,787.7655240932154,787.7636827187272,787.7655240932154,2.6594303,2095.007504068877,11.0
2026-10-05 12:44:00+00:00,788.0425107484322,788.0425107655988,787.7901764993233,787.7901764993233,0.7580802999999999,597.2082133376599,10.0
2026-10-05 12:45:00+00:00,787.8899999889071,788.2299999819013,787.8899999866239,787.9800000113153,3.3997403999999998,2678.927440430469,9.0
2026-10-05 12:46:00+00:00,788.055134499713,788.1597310272924,788.0551342931278,788.089999802321,0.1599403,126.04735099538317,8.0
2026-10-05 12:47:00+00:00,787.9601121015576,788.1874784998774,787.941255200341,787.9517672342014,3.0266903,2384.885970755615,14.0
2026-10-05 12:48:00+00:00,788.0668722890795,788.1953084273802,787.991627571583,788.1166434968475,2.1075003,1660.956062604599,8.0
2026-10-05 12:49:00+00:00,787.8576845370517,787.8602854223336,787.8576845370517,787.8602854223336,2.0300000000000002e-05,0.015993563794073375,4.0
2026-10-05 12:50:00+00:00,787.9500000021783,788.3799999752863,787.9500000021783,788.3799999752863,1.6551603,1304.8952772730947,9.0
2026-10-05 12:51:00+00:00,788.3950333494563,788.44758351992,788.3337248820753,788.421308462471,1.0203403,804.4580344029902,12.0
2026-10-05 12:52:00+00:00,788.3640593922605,788.3742078973639,788.0610395048137,788.3320296971946,7.3468003,5791.717992278958,17.0
2026-10-05 12:53:00+00:00,787.9006624691875,788.1900038685774,787.7793257013916,788.1900038685774,0.4728404,372.68807670521966,8.0
2026-10-05 12:54:00+00:00,788.0782604908014,788.0782605667262,788.0782604908014,788.0782605667262,0.1897203,149.51444401819745,6.0
2026-10-05 12:55:00+00:00,788.2004008890761,788.4608008453586,788.0852004448748,788.2592000697828,8.5865503,6768.4272708369535,29.0
2026-10-05 12:56:00+00:00,788.1023079623125,788.1893405740886,788.0056050576014,788.005605057809,4.861860300000001,3831.1731674080415,12.0
2026-10-05 12:57:00+00:00,788.089999891127,788.2899997356319,788.0299999854417,788.2899997356319,0.1908503,150.44538293654526,6.0
2026-10-05 12:58:00+00:00,788.2699999549545,788.4499999639696,788.2699999549545,788.4499999639696,0.7095602999999999,559.4528185094342,7.0
2026-10-05 12:59:00+00:00,788.2486364111012,788.4473011120083,788.2486364064018,788.4473011073089,4.0694703,3208.5628749713505,11.0
2026-10-05 13:00:00+00:00,788.4518773376727,788.7599999436894,788.4518773376727,788.7202421977267,1.1690702999999996,922.0694101621688,14.0
2026-10-05 13:01:00+00:00,788.5836787974898,788.6524525293287,788.5836787926182,788.6524525175195,1.7125203000000002,1350.5833345810383,6.0
2026-10-05 13:02:00+00:00,789.0799998693874,789.119999948457,789.0499998876815,789.119999948457,0.4919603,388.2157119106429,7.0
2026-10-05 13:03:00+00:00,789.4564303603705,789.6245720328934,789.4477873022973,789.6245720328934,0.5449003,430.26666618809526,10.0
2026-10-05 13:04:00+00:00,789.8107232502337,789.874264679819,789.8107232502337,789.874264679819,0.2353503,185.89714515467483,9.0
2026-10-05 13:05:00+00:00,790.2677185785597,790.2677205446703,790.2483699267295,790.2483718928402,0.061420300000000004,48.53729207616981,6.0
2026-10-05 13:06:00+00:00,790.0182752848024,790.17610569325,789.9609586273449,790.1187890776531,1.5156603999999998,1197.551759900951,17.0
2026-10-05 13:07:00+00:00,790.2966677364363,790.2966677364363,790.2665135305177,790.2665135522944,0.19828030000000002,156.69428138710302,7.0
2026-10-05 13:08:00+00:00,790.5399999918465,790.729999975411,790.4499999933857,790.4499999952359,3.4681203,2741.3756911184773,8.0
2026-10-05 13:09:00+00:00,790.2644470923003,790.2785932068551,790.2046499267885,790.2187960413434,0.4486603,354.5398020975479,8.0
2026-10-05 13:10:00+00:00,790.4399999507021,790.4399999539966,790.1000000335122,790.1000000335122,1.2311303,972.7160500712579,7.0
2026-10-05 13:11:00+00:00,790.2356560809075,790.2662184283328,790.2356560797226,790.2662184280425,2.5793502999999998,2038.3734075822367,7.0
2026-10-05 13:12:00+00:00,790.299992549782,790.2999982697759,790.299992549782,790.2999982697759,0.0069103,5.461210078043632,4.0
2026-10-05 13:13:00+00:00,790.3093414015652,790.3093414015652,790.2220762591533,790.2220762591533,3e-07,0.00023706662287774596,3.0
2026-10-05 13:14:00+00:00,790.3145012357684,790.3656179293215,790.1893294098041,790.1893294098041,1.7438803999999999,1377.9956838469009,12.0
2026-10-05 13:15:00+00:00,789.9654526892377,789.9654526892377,789.8477263175689,789.8499999118118,0.29082030000000003,229.7044139293531,11.0
2026-10-05 13:16:00+00:00,789.9412872259524,790.1376094103127,789.8303677788631,789.8303677817936,6.354870300000001,5019.269546254598,19.0
2026-10-05 13:17:00+00:00,789.9208847277202,789.9777955476621,789.9145613069335,789.9777955476621,3.4426303,2719.6014952795867,7.0
2026-10-05 13:18:00+00:00,790.5199999901915,790.679999990604,790.4099999971542,790.4100000032776,4.7395803,3746.2116649385343,14.0
2026-10-05 13:19:00+00:00,790.3498372476004,790.4273983035581,790.3498372203605,790.4273983035581,0.12662030000000002,100.08415430141604,6.0
2026-10-05 13:20:00+00:00,790.4302539044313,790.4525633806651,790.4283947628254,790.4283949009908,0.2534003,200.29479239642956,7.0
2026-10-05 13:21:00+00:00,790.22294118672,790.311286761845,790.2131250022352,790.3112867523741,3.0311603000000003,2395.560197045713,9.0
2026-10-05 13:22:00+00:00,789.972174079883,790.0440133821035,789.6775580791644,789.6835446876829,9.034280399999998,7134.222569974457,22.0
2026-10-05 13:23:00+00:00,789.566772085167,789.8515246966786,789.5586401543071,789.8433927581658,1.2224402999999997,965.5363939963098,12.0
2026-10-05 13:24:00+00:00,789.6399986430091,789.6399994178622,789.5535297536088,789.5535302314942,0.029120300000000002,22.99203566640018,6.0
2026-10-05 13:25:00+00:00,789.5154615143709,789.612532957292,789.4427966857423,789.5436016445992,2.7466603000000003,2168.6080657562356,14.0
2026-10-05 13:26:00+00:00,789.5568907661267,789.6602723513031,789.5568907661267,789.6602723513031,0.030060300000000005,23.73742468496188,6.0
2026-10-05 13:27:00+00:00,789.5964766938819,789.5964766938819,789.525374496266,789.5730450680296,3e-07,0.00023687191352040888,3.0
2026-10-05 13:28:00+00:00,789.8299888219461,790.1967294394599,789.8299888219461,790.1967294394599,0.7119203000000001,562.5570926815592,15.0
2026-10-05 13:29:00+00:00,790.3195946086049,790.6622976784932,790.1875676885362,790.298378459608,10.1619503,8030.972844077128,26.0
2026-10-05 13:30:00+00:00,790.0224796985457,790.3690669524397,788.289305159033,788.5767189769326,4.8895304,3855.769840169969,23.0
2026-10-05 13:31:00+00:00,789.0378330026973,789.2872948243322,788.9131020944932,789.2872948218144,7.341500300000001,5794.55291172054,16.0
2026-10-05 13:32:00+00:00,789.1232093779525,789.7000000044097,789.0673510017672,789.7000000044097,3.8671803000000002,3053.912282927053,27.0
2026-10-05 13:33:00+00:00,788.9808152421264,789.2163876557012,788.9808150049446,789.2163876557012,0.2585303,204.0363494655447,7.0
2026-10-05 13:34:00+00:00,789.2679482739527,789.6360128516621,789.0176901504877,789.6360128495425,17.274530299999995,13640.591229940606,28.0
2026-10-05 13:35:00+00:00,789.4299999916792,790.1299999497314,789.4299999916792,789.7700000047182,1.9386903,1531.1194382401472,15.0
2026-10-05 13:36:00+00:00,789.7519201340551,789.7519201340551,789.7519199279002,789.7519199279002,0.7785202999999999,614.8379016278448,7.0
2026-10-05 13:37:00+00:00,789.2938148401028,789.3425521782136,789.2138872461662,789.2631249300855,4.586670300000001,3620.0897340020133,15.0
2026-10-05 13:38:00+00:00,789.2328404776517,789.2709855225412,789.2242390361249,789.2623840810145,91.62606029999995,72317.00279632876,159.0
2026-10-05 13:39:00+00:00,789.9700000072908,789.9700000072908,789.890000024329,789.8900000259804,1.2618502999999999,996.7229334997833,5.0
2026-10-05 13:40:00+00:00,790.1481384653036,790.1481384653036,790.0074067974771,790.0370344883373,1.2363704,976.7784043451594,9.0
2026-10-05 13:41:00+00:00,789.5002400312464,789.5002400523414,789.3759822777811,789.4824889504341,1.0615002999999998,838.0358988656324,8.0
2026-10-05 13:42:00+00:00,789.6099999429691,789.6099999957208,789.6099999389295,789.6099999389295,0.6357702999999999,502.0105865441731,4.0
2026-10-05 13:43:00+00:00,789.6471503690833,789.6471503690833,789.6471501967974,789.6471501967974,0.5662803,447.16162510758744,7.0
2026-10-05 13:44:00+00:00,789.9599992980308,790.0599998379914,789.9599992980308,790.0599998379914,0.1368203,108.09624619583394,6.0
2026-10-05 13:45:00+00:00,789.84999999616,789.850000042284,789.8499999309518,789.8499999309518,1.2660502999999999,999.9898293675814,4.0
2026-10-05 13:46:00+00:00,789.4676463242345,790.0905877951922,789.3794146954996,789.9164682459522,12.113400300000002,9568.574383425459,23.0
2026-10-05 13:47:00+00:00,790.1626196130626,790.8244961381063,790.1626196130626,790.8244961381063,4.0792103,3225.939430138873,13.0
2026-10-05 13:48:00+00:00,790.7664292053704,790.7756001116093,790.3457018811731,790.5107781934739,2.0357203,1609.2588385372521,13.0
2026-10-05 13:49:00+00:00,790.7014115854595,790.7014116579469,790.6973178116434,790.6973178745327,1.2736903,1007.1035040128089,6.0
2026-10-05 13:50:00+00:00,790.5599971536426,790.5600189645806,790.5599971536426,790.5600189645806,0.0045004,3.5578363093481986,5.0
2026-10-05 13:51:00+00:00,791.0799993731894,791.0800004928246,791.0799992003069,791.0799992003069,0.0331003,26.18498529752992,4.0
2026-10-05 13:52:00+00:00,790.8143261732749,790.8143261732749,790.7754077104992,790.7754077104992,2.6998503,2134.9752217398136,7.0
2026-10-05 13:53:00+00:00,791.119470642626,791.2391363067736,790.7704457781048,790.7704457781048,8.614200299999998,6811.855011252883,18.0
2026-10-05 13:54:00+00:00,790.9900415161505,791.2589204754718,790.9103321581483,791.1692526364889,7.0472402999999995,5575.559841300746,18.0
2026-10-05 13:55:00+00:00,790.9799079629895,791.1413168012954,790.7641345165658,790.927228300004,3.9921203,3157.4766439191803,30.0
2026-10-05 13:56:00+00:00,791.0212069276182,791.3113966932375,791.0212069276182,791.3113966932375,0.46225030000000006,365.7839305148681,9.0
2026-10-05 13:57:00+00:00,791.4385650319839,791.7964903670068,791.4321412213916,791.7943490981368,1.1517003,911.9097893946288,16.0
2026-10-05 13:58:00+00:00,791.9996760369936,792.3378403381502,791.5322136405276,791.8604319225849,8.0068804,6340.331771896479,20.0
2026-10-05 13:59:00+00:00,791.6611644144804,791.7030506653597,791.4998835987504,791.7030506653597,3e-07,0.0002375109151996079,3.0
2026-10-05 14:00:00+00:00,791.6179615381949,791.6347769156611,790.5431846055694,790.5431846055694,5.2031303,4113.299197279732,32.0
2026-10-05 14:01:00+00:00,790.7207643616687,792.4546938200839,790.6950317343374,792.4546938200839,26.05430030000001,20646.852566933027,63.0
2026-10-05 14:02:00+00:00,792.5001571845341,792.5001571845341,792.0584071318199,792.1970500375203,6.232010299999999,4936.980175463441,58.0
2026-10-05 14:03:00+00:00,792.0375277572168,792.1118187417563,791.6764364791983,791.6764364791983,1.1505003,910.8239776722486,19.0
2026-10-05 14:04:00+00:00,791.5845540555415,791.6728706723767,791.496237441286,791.6728706723767,1.5443802999999998,1222.643985510866,11.0
2026-10-05 14:05:00+00:00,791.8462897730841,791.8834082887336,791.804705511044,791.8359187994389,1.5039103,1190.8501941924399,10.0
2026-10-05 14:06:00+00:00,792.3591770461684,792.6468335424398,792.27288011681,792.6468335091474,1.0414403,825.4943560838166,8.0
2026-10-05 14:07:00+00:00,792.6473375986346,793.2630175604362,792.4957716661111,792.9812045615071,4.187380299999999,3320.513874251124,21.0
2026-10-05 14:08:00+00:00,792.9277928280717,793.271624124728,792.7909773297471,792.8611776155232,3.4165603,2708.858022852445,16.0
2026-10-05 14:09:00+00:00,793.2399999965187,793.5499999846013,793.0499999975666,793.0499999984141,9.097500399999998,7214.772692205571,23.0
2026-10-05 14:10:00+00:00,793.0273819566748,793.1498144414112,793.027381861598,793.1498143463343,2.3981503,1902.092465219606,8.0
2026-10-05 14:11:00+00:00,792.1719192338743,792.5501299219178,792.0986751090052,792.5174083661265,3.0866503000000005,2446.224096288527,13.0
2026-10-05 14:12:00+00:00,792.7412735378538,792.9458743933387,792.5163498158527,792.5163498158527,1.0186503,807.2970174948233,11.0
2026-10-05 14:13:00+00:00,792.6685217889087,792.6751736488196,792.5388691163012,792.545520975141,2.1922802999999997,1737.4819324870382,9.0
2026-10-05 14:14:00+00:00,792.6594741812352,792.9377485501022,792.5509942687696,792.6857600465803,3.1866803,2526.0360956309646,15.0
2026-10-05 14:15:00+00:00,792.4912639756532,792.5307022092248,792.1954772082655,792.530702193625,5.1103303,4050.093661100358,11.0
2026-10-05 14:16:00+00:00,792.6450320094501,793.1696495288425,792.6434396410232,792.9471656898625,0.6646702999999999,527.0484305032305,14.0
2026-10-05 14:17:00+00:00,792.9376456869962,792.9376456869962,792.3585096916078,792.3585096916078,1.4319404,1134.6101613112046,15.0
2026-10-05 14:18:00+00:00,792.1739127294293,792.2173910128541,791.8517389545462,791.8517389545462,1.3493402999999997,1068.4774629964488,16.0
2026-10-05 14:19:00+00:00,791.4998019832846,792.1890098913077,791.4766336653566,791.8593069328523,5.5100003,4363.145018757808,19.0
2026-10-05 14:20:00+00:00,791.6081845452824,791.6081845452824,791.389999876317,791.389999876317,0.3057403,241.95981597918515,7.0
2026-10-05 14:21:00+00:00,790.9835736856178,791.0208645047786,790.6729680941437,790.9295099190509,1.1998303,948.9811911650278,21.0
2026-10-05 14:22:00+00:00,791.044137591569,791.3604716829833,790.8660772226991,790.8660772226991,11.7310203,9277.666006480851,22.0
2026-10-05 14:23:00+00:00,791.171719287693,791.1918095628744,791.1482806745697,791.1482806855697,1.5181102999999998,1201.0503537360544,8.0
2026-10-05 14:24:00+00:00,791.1101647467304,791.1101652368056,790.9860549234884,790.9860566058633,0.0445803,35.26239569930637,6.0
2026-10-05 14:25:00+00:00,790.8497672041071,790.8655447374454,790.8422011073316,790.8557967478417,0.8193803,648.0116599959855,10.0
2026-10-05 14:26:00+00:00,790.870349119439,791.0401292976777,790.5507629407542,790.6606207104896,2.4206003,1913.8733356899972,12.0
2026-10-05 14:27:00+00:00,790.4742255593706,790.5472448276669,790.1505281929191,790.3111705831711,14.446570399999999,11417.28596373619,26.0
2026-10-05 14:28:00+00:00,790.144479634672,790.1444796347507,790.1344796265417,790.1344796265417,1.6758403,1324.1392033776876,9.0
2026-10-05 14:29:00+00:00,790.2195827462743,790.4476634348252,790.0980806942771,790.4451600046015,2.6891102999999994,2125.5942213535213,17.0
2026-10-05 14:30:00+00:00,789.8094618228438,789.8142469817011,789.432765598565,789.437550794449,1.4561703,1149.5555151716178,11.0
2026-10-05 14:31:00+00:00,788.6794991796578,788.6794991796578,788.3536854903084,788.5446810547446,0.6383703,503.3835046083216,14.0
2026-10-05 14:32:00+00:00,788.5634168337132,788.7053166719405,787.617344484376,787.617344484376,10.1288403,7977.65029979233,28.0
2026-10-05 14:33:00+00:00,787.3935936612304,787.7292190033666,786.3656253509905,786.3656253509905,14.702850299999994,11561.816070601493,53.0
2026-10-05 14:34:00+00:00,786.2034970520031,786.2390758363389,785.4741417172886,785.5030494795615,2.8159703,2211.9532578938756,36.0
2026-10-05 14:35:00+00:00,785.504318614132,786.5197962268593,785.4618549423384,786.16163793822,20.3240903,15978.02011985229,46.0
2026-10-05 14:36:00+00:00,785.7914021572197,785.8075865795366,785.5676298756475,785.6054696709007,1.1885503,933.7316166589899,9.0
2026-10-05 14:37:00+00:00,786.0856137141886,787.3407141153533,786.0856137141886,787.3309308937462,11.9020303,9370.836595624573,38.0
2026-10-05 14:38:00+00:00,787.5348441682518,787.5348442357516,787.5282767503402,787.5282768810381,0.2950204,232.3369072567546,8.0
2026-10-05 14:39:00+00:00,787.1500000076909,787.4199999894602,786.9999999951642,787.2399999789591,4.443040300000001,3497.7390456785147,12.0
2026-10-05 14:40:00+00:00,786.9170531231666,786.928976406189,786.9170531231666,786.9289763793192,0.36735029999999996,289.07859555163583,6.0
2026-10-05 14:41:00+00:00,788.4071363104267,790.3080797525347,788.3972009967968,788.4004995354901,75.11788030000004,59222.97435256718,65.0
2026-10-05 14:42:00+00:00,788.4999999886501,788.5499999948589,788.2000000041141,788.2200000118695,5.8199303,4587.38546113508,15.0
2026-10-05 14:43:00+00:00,788.8610268908683,788.8610272552652,788.8610268908683,788.8610271971477,0.12756030000000002,100.62734928757632,5.0
2026-10-05 14:44:00+00:00,788.5560684849237,788.635641093444,788.4023419038692,788.4186153506079,2.9133102999999996,2296.9080728126637,12.0
2026-10-05 14:45:00+00:00,787.4202335592834,787.6019868954354,787.3437103096487,787.3891486436867,5.5132303,4341.057712193578,20.0
2026-10-05 14:46:00+00:00,787.428492244241,787.428492244241,786.871306753343,787.1200502634291,2.5269403000000006,1989.005375948685,14.0
2026-10-05 14:47:00+00:00,787.4810336625967,787.4981279565171,787.1135089488225,787.1135090700093,1.1092903,873.1373806103234,10.0
2026-10-05 14:48:00+00:00,787.7199999964959,787.7399999926159,787.2499999653115,787.2499999840115,1.5464502999999998,1217.4429986502746,11.0
2026-10-05 14:49:00+00:00,787.9192284994784,788.2308536564987,787.7861982768738,787.7861982996417,6.072610300000001,4783.918581992248,18.0
2026-10-05 14:50:00+00:00,787.8034695275868,787.9193060951758,787.6683268635569,787.8131225787394,4.6202303,3639.8780596759057,12.0
2026-10-05 14:51:00+00:00,787.7700001776711,787.7700001776711,787.7699992019241,787.7699992019241,0.1603004,126.27984598006812,5.0
2026-10-05 14:52:00+00:00,787.3182092442206,787.3182092442206,786.8803883187207,786.8803883187207,4.3133003,3394.0514149992546,17.0
2026-10-05 14:53:00+00:00,786.9214832931298,787.2650877559972,786.9214832931298,787.2650877406982,2.3772803,1871.549783963733,11.0
2026-10-05 14:54:00+00:00,787.0007799595124,787.0007799595124,786.981425704074,786.9814257429313,0.5797303,456.23697804037727,7.0
2026-10-05 14:55:00+00:00,787.3399996026058,787.3400000564313,787.3399996026058,787.3399998644139,0.1603003,126.21083818026551,4.0
2026-10-05 14:56:00+00:00,787.2099999613049,787.2099999613049,786.7600000389367,786.7600000489368,1.3857403,1090.2450384958138,8.0
2026-10-05 14:57:00+00:00,787.2929752955363,787.313223701653,787.2929752955363,787.313223701653,0.2536403,199.69436225365436,8.0
2026-10-05 14:58:00+00:00,787.7570641241681,787.9286236438701,787.7570641241681,787.9286236266147,0.3148303,248.0638049549542,7.0
2026-10-05 14:59:00+00:00,788.0459042740531,788.3001067244445,788.0459042740531,788.3001067244445,2.4033703,1894.5770639883604,12.0
2026-10-05 15:00:00+00:00,788.1123400101867,788.3942588342659,788.1123400101867,788.3591574814884,0.43353030000000004,341.77758205069694,11.0
2026-10-05 15:01:00+00:00,788.3299997435098,788.3299997435098,788.3299994683582,788.3299995895819,0.2213503,174.49708190815383,4.0
2026-10-05 15:02:00+00:00,788.518206565247,788.5527351608694,788.4120524740046,788.4465810897781,2.2886803999999996,1804.5022365871855,14.0
2026-10-05 15:03:00+00:00,788.6704087897922,788.671478133521,788.6704087897922,788.671478133521,1.2719603,1003.1588099281568,6.0
2026-10-05 15:04:00+00:00,789.3799999933282,789.4800000152532,789.3799999933282,789.4600000070523,1.1652303,919.9027126462174,6.0
2026-10-05 15:05:00+00:00,789.6953397934285,789.703278892042,789.4309841431301,789.4309841431301,2.1250903,1677.6121269220196,13.0
2026-10-05 15:06:00+00:00,789.3346677941718,789.4962663060703,789.2864535455024,789.4882305979586,0.9689002999999998,764.9353834728312,17.0
2026-10-05 15:07:00+00:00,789.4473241114941,789.447324310196,789.4473240278026,789.447324310196,0.4474203,353.21475867706516,6.0
2026-10-05 15:08:00+00:00,789.4440727742925,789.8093344999046,789.399778177058,789.6832652943784,3.8020403,3002.407598884818,8.0
2026-10-05 15:09:00+00:00,789.6489328038427,789.7875988311686,789.2790710323854,789.3009385923605,2.2807802999999995,1800.222031512965,13.0
2026-10-05 15:10:00+00:00,788.8598165099143,788.8598165099143,788.6905973222213,788.6905973222213,0.2785703,219.70577630323038,7.0
2026-10-05 15:11:00+00:00,788.2500000364571,788.2500000364571,788.2330432384489,788.2330432384489,1.3399102999999999,1056.161573435543,6.0
2026-10-05 15:12:00+00:00,788.289998793304,788.2899991180874,788.289998727503,788.289998727503,0.06344029999999999,50.009354006272396,4.0
2026-10-05 15:13:00+00:00,787.8800000332682,787.9000000247528,787.769999986298,787.7699999968326,0.7046003,555.0629783287682,6.0
2026-10-05 15:14:00+00:00,787.8996871669445,788.0328787378141,787.8023655395687,787.8153567457192,4.1068704,3235.4555692844347,15.0
2026-10-05 15:15:00+00:00,787.6556765501067,787.6631560490531,787.6046518841601,787.6106355229699,1.9613703,1544.796108478878,9.0
2026-10-05 15:16:00+00:00,788.2104631436049,788.3215677880162,788.1805700396365,788.3215677880162,1.1226702999999998,885.0252110050423,9.0
2026-10-05 15:17:00+00:00,789.056245736309,789.1327506106152,788.7807768468206,788.9152750301973,0.2424003,191.23329934190235,9.0
2026-10-05 15:18:00+00:00,788.169999906384,788.7199999886486,788.169999906384,788.7199999886486,0.29832030000000004,235.29118701261368,7.0
2026-10-05 15:19:00+00:00,788.7190024245166,788.7190045560187,788.7190023667314,788.7190023667314,0.023320300000000002,18.39316375089289,6.0
2026-10-05 15:20:00+00:00,788.5200000006605,788.6899999961391,788.1800000049118,788.5199999958692,11.279780299999999,8894.332362109404,20.0
2026-10-05 15:21:00+00:00,788.4412502493986,788.6344501795365,788.3955003034125,788.5612502659586,3.7717203,2974.2324754214965,9.0
2026-10-05 15:22:00+00:00,788.4046325220412,788.4770010984344,788.3282649958498,788.4770010862827,5.704320299999999,4497.725363379604,19.0
2026-10-05 15:23:00+00:00,788.7179083985551,788.8113148345528,788.4798332810684,788.4798333065621,4.7007004,3706.4074678160896,17.0
2026-10-05 15:24:00+00:00,788.7968103771267,788.8900058110326,788.6019472277997,788.6019472277997,2.6906003,2121.8126357917017,10.0
2026-10-05 15:25:00+00:00,788.5351947010356,788.6612489105835,788.5351947010356,788.6612489105835,0.0961503,75.83001568112726,7.0
2026-10-05 15:26:00+00:00,788.7699999568454,788.8099998970338,788.7699999249317,788.8099998651201,0.2006303,158.259186915939,5.0
2026-10-05 15:27:00+00:00,788.3920301624942,788.414510523091,788.3695497723515,788.4145105094864,0.9219603,726.8868786336792,11.0
2026-10-05 15:28:00+00:00,788.3048522740352,788.5981389686374,788.304852273009,788.456226054923,1.1724303,924.4099696504412,12.0
2026-10-05 15:29:00+00:00,788.6055695510792,788.6417782115415,788.5633261279874,788.5633261400852,1.3992402999999998,1103.3895850372505,9.0
2026-10-05 15:30:00+00:00,788.4765319037155,788.6135265919646,788.4582659513597,788.4582659577287,0.8047102999999999,634.4804877363235,9.0
2026-10-05 15:31:00+00:00,788.4437796418865,788.4437796418865,788.1005831346196,788.1005831346196,0.44757030000000003,352.73041442373665,7.0
2026-10-05 15:32:00+00:00,787.5489192968485,787.5845949483337,787.4408107787569,787.5110811465165,1.3362503000000001,1052.311918435357,13.0
2026-10-05 15:33:00+00:00,787.423031990962,787.423031990962,786.0395339010321,786.0523618985355,0.8525102999999999,670.1177348578291,17.0
2026-10-05 15:34:00+00:00,786.8859490143597,786.8859490726214,786.3905928082636,786.4797035731943,3.3187304,2610.1141012313487,15.0
2026-10-05 15:35:00+00:00,786.4996113671692,787.2796891239085,786.4996113671692,787.2796891239085,0.4412903000000001,347.41889019739637,11.0
2026-10-05 15:36:00+00:00,787.498404299527,787.6776134992818,787.0833934784764,787.2626026889794,2.6372703,2076.2242803723457,11.0
2026-10-05 15:37:00+00:00,787.5699999282009,787.7499999305122,787.5699999282009,787.7499999305122,0.7465103,588.0634887731267,6.0
2026-10-05 15:38:00+00:00,787.6214331496637,788.2646417078518,787.6214331496637,788.1041978574282,3.0513702999999994,2404.7977426474795,18.0
2026-10-05 15:39:00+00:00,787.9422138852007,787.9422138852007,787.7616603803255,787.7792494665424,1.2796002999999998,1008.0425639511624,12.0
2026-10-05 15:40:00+00:00,787.0483352248829,787.0483352248829,786.7859586418598,786.8311882227996,1.8304502999999999,1440.2553845317798,17.0
2026-10-05 15:41:00+00:00,787.1710711167261,787.8026777041308,787.1710711167261,787.8026777041308,1.5490302999999999,1220.330218184833,11.0
2026-10-05 15:42:00+00:00,787.9494604067108,787.9494604067108,787.6068199549544,787.6068199549544,2.2300402999999998,1756.3949490543923,10.0
2026-10-05 15:43:00+00:00,787.2378319023509,787.7537392558067,787.2329536808944,787.748319009744,12.520280299999998,9862.829759855811,33.0
2026-10-05 15:44:00+00:00,787.7715046122742,787.7715046122742,787.4782115023578,787.4782116033125,0.7380504,581.1986090651094,7.0
2026-10-05 15:45:00+00:00,787.6099999824153,787.7099999478215,787.4599999862631,787.4600000147686,0.8672103,682.8934228508075,9.0
2026-10-05 15:46:00+00:00,787.398147176507,787.5030518984514,787.283705649212,787.2837056564322,2.5869703,2036.679564207132,9.0
2026-10-05 15:47:00+00:00,787.4903562073906,787.5939773753829,787.4903562073906,787.5792977437051,0.6527002999999999,514.0532439111056,10.0
2026-10-05 15:48:00+00:00,787.6899996769974,787.689999844402,787.5652580650841,787.5652582324886,0.2801503,220.63664336340918,7.0
2026-10-05 15:49:00+00:00,787.2916594214862,787.3313100509167,787.1847598483697,787.3313099857377,0.7380703000000001,581.1058561605664,9.0
2026-10-05 15:50:00+00:00,787.5663880927058,787.5663880927058,786.9118059698761,786.9118059698761,1.0354803,814.831672919229,9.0
2026-10-05 15:51:00+00:00,786.9317480173086,786.9688482778176,786.9136246771604,786.9507249408246,2.1453003,1688.2456263007684,9.0
2026-10-05 15:52:00+00:00,787.3584807155728,787.3584813874114,787.2411456256925,787.2411459321897,0.20100040000000002,158.23578522882852,7.0
2026-10-05 15:53:00+00:00,787.4599983000838,787.4599983000838,786.9000000145439,786.9000000145439,0.0292303,23.001323070425123,6.0
2026-10-05 15:54:00+00:00,787.3207377211332,787.6503667014365,787.2244434906037,787.5096289788004,5.706910299999999,4494.246812968293,40.0
2026-10-05 15:55:00+00:00,787.3820168008209,787.4321325432522,786.7879340618346,786.8467274617476,3.4299002999999995,2698.805826575066,32.0
2026-10-05 15:56:00+00:00,786.6999999097856,786.9899996693445,786.6999999097856,786.7399999553962,0.26219030000000004,206.27559661030537,6.0
2026-10-05 15:57:00+00:00,786.9220901037404,787.1884674388109,786.8733725397491,787.0812887970301,5.1031903,4016.625598300502,24.0
2026-10-05 15:58:00+00:00,786.9244825576208,786.9914251916676,786.8232643392074,786.9320461153969,5.799700299999999,4563.9700239350805,29.0
2026-10-05 15:59:00+00:00,787.0099999935736,787.0999999998835,786.8999999990165,786.9000000028797,6.062890300000001,4770.88837708746,12.0
2026-10-05 16:00:00+00:00,787.0684313894712,787.0684317502081,787.0684313894712,787.0684316249101,0.1257203,98.9504793444132,5.0
2026-10-05 16:01:00+00:00,787.1299999638355,787.1499999611681,786.6099999957185,786.8199999802694,2.2493103000000003,1769.80233020162,13.0
2026-10-05 16:02:00+00:00,786.5276798370138,786.5276798492517,786.2996253751044,786.3447987329191,1.3325203,1047.820407111029,14.0
2026-10-05 16:03:00+00:00,786.0883520384349,786.2212156655968,785.9032763443032,785.9032763443032,3.566000399999999,2802.531397805095,18.0
2026-10-05 16:04:00+00:00,785.9641448709842,786.4896098489781,785.9641448709842,786.4896098221747,2.4828103,1952.7045041094766,15.0
2026-10-05 16:05:00+00:00,786.5755472829896,787.0785292982049,786.556136889774,787.0785292982049,5.1210503,4030.668738586131,17.0
2026-10-05 16:06:00+00:00,786.4703149030544,786.96965359372,786.440409374975,786.7603148971642,2.9914603000000004,2353.5622476303656,10.0
2026-10-05 16:07:00+00:00,786.960440925083,787.2383766102996,786.7925081921356,786.8437346936552,4.930760299999999,3879.737849331207,18.0
2026-10-05 16:08:00+00:00,786.8322515948539,787.3820216720635,786.8226065058419,787.3820216720635,6.307220300000001,4966.191870945079,17.0
2026-10-05 16:09:00+00:00,787.3099999979329,787.3099999993933,786.8800000130444,787.0600000064723,8.2164103,6466.807890771179,14.0
2026-10-05 16:10:00+00:00,787.5185772750785,787.6303207542152,787.5096326190496,787.6213760981863,1.2292703,968.1995652826303,7.0
2026-10-05 16:11:00+00:00,787.2138574065797,787.6051782547067,787.0873582445981,787.4480713157851,1.9175703,1509.9870343474315,11.0
2026-10-05 16:12:00+00:00,787.5090901849738,787.5090901849738,787.3709097524603,787.3709097524603,0.37852030000000003,298.0358729707742,7.0
2026-10-05 16:13:00+00:00,787.1936733054687,787.1936733054687,787.1152549788304,787.1152549804599,2.4708003,1944.8046081402968,7.0
2026-10-05 16:14:00+00:00,787.059644244878,787.107865525084,787.0303557357311,787.0303557488991,1.5137304,1191.3517752199234,9.0
2026-10-05 16:15:00+00:00,787.0152240427248,787.0152240427248,786.7923355546997,786.8020018928978,0.9120102999999999,717.5715297869423,13.0
2026-10-05 16:16:00+00:00,786.6005046811296,787.0683924720744,786.1716075131228,786.1716075131228,6.3526103,4994.241851455422,13.0
2026-10-05 16:17:00+00:00,785.9999999952776,786.109999989104,785.6100000150165,786.109999989104,4.4971403,3535.2469611839992,11.0
2026-10-05 16:18:00+00:00,786.1381185325793,786.6730667670042,786.1299999984781,786.5350517550547,4.3764202999999995,3442.207967162372,17.0
2026-10-05 16:19:00+00:00,786.6619728725175,786.7180271237416,786.1436744771778,786.4008168823693,7.7252303,6075.127418524431,18.0
2026-10-05 16:20:00+00:00,786.2647008082795,786.2709814791626,786.2498234758,786.2561041466831,1.6749803,1316.9634852004426,8.0
2026-10-05 16:21:00+00:00,786.2510894785449,786.2510894785449,785.6846706021806,785.912407091326,5.777330299999999,4540.475562634652,21.0
2026-10-05 16:22:00+00:00,785.4389855169666,785.6029434332681,785.0170646305621,785.01706464535,2.7956003,2194.59394142766,20.0
2026-10-05 16:23:00+00:00,784.7800499966681,785.2743006819969,784.6454512880812,785.2593626069394,1.6496502999999998,1295.403343102346,17.0
2026-10-05 16:24:00+00:00,785.3900149069882,785.4707096723291,785.3900149069882,785.4607407657555,1.8590102999999998,1460.1796073291694,11.0
2026-10-05 16:25:00+00:00,785.6999998830393,785.9899996772665,785.6999998830393,785.7000000458634,0.23603030000000003,185.44900672082517,8.0
2026-10-05 16:26:00+00:00,785.9999999374886,786.3599999924559,785.9999999374886,786.3599999924559,2.7935803,2196.759804686925,11.0
2026-10-05 16:27:00+00:00,785.6735252743988,785.6764669280573,785.4411831767782,785.6247001142359,1.1569003,908.8894512495696,10.0
2026-10-05 16:28:00+00:00,785.5629816579789,785.669944478618,785.5629816579789,785.6565741286437,3.8395704,3016.583726589746,11.0
2026-10-05 16:29:00+00:00,785.9294323151079,785.9294323151079,785.4463514455306,785.6699999825917,3.1444203,2470.476697046261,18.0
2026-10-05 16:30:00+00:00,785.4721019078539,785.7899595853637,784.8865019851838,785.7274370395154,17.8398703,14017.27556793637,24.0
2026-10-05 16:31:00+00:00,785.7254824112981,786.6335746036999,785.7254824112981,786.6335746036999,2.3195502999999995,1824.6361439620841,21.0
2026-10-05 16:32:00+00:00,786.8564916134039,787.106491604653,786.8564916125617,787.0339776246018,7.0044702999999995,5512.756121362388,22.0
2026-10-05 16:33:00+00:00,786.7548820434881,786.7689285168682,786.7267891194892,786.7689284829473,0.2039803,160.48536206263014,11.0
2026-10-05 16:34:00+00:00,787.1700899907692,787.1700900187185,786.9507502943376,787.000600253294,1.3328202999999998,1048.9303761297754,7.0
2026-10-05 16:35:00+00:00,787.201153308266,787.4665534494516,787.201153308266,787.4665534494516,1.2574903,990.2315525371168,9.0
2026-10-05 16:36:00+00:00,787.8302558072808,787.8954725182699,787.6424431484303,787.6467909243058,0.5455203,429.6773136790646,11.0
2026-10-05 16:37:00+00:00,787.460000091716,787.7699999443128,787.4200000839877,787.7699999175649,0.8412304,662.6960721386531,8.0
2026-10-05 16:38:00+00:00,787.7799999099194,787.8500000006284,787.759999922792,787.8500000006284,0.46611030000000003,367.22499985529294,8.0
2026-10-05 16:39:00+00:00,787.7203310289497,787.8383448594574,787.7006620592407,787.710496556349,2.2119003,1742.3370836461372,15.0
2026-10-05 16:40:00+00:00,787.5724185685879,787.584902280458,787.4961767062716,787.496176711342,2.1382902999999995,1683.895435948948,9.0
2026-10-05 16:41:00+00:00,787.5100001411727,787.5100001411727,787.5099995361832,787.5099995361832,0.1154003,90.87889019947539,4.0
2026-10-05 16:42:00+00:00,787.1591908680992,787.1864380245004,787.0161431889877,787.0978846581911,0.39850030000000003,313.6587431656546,8.0
2026-10-05 16:43:00+00:00,786.9046694860062,786.9473135669705,786.7999576542333,786.8266102053342,6.3641003,5007.44346605575,22.0
2026-10-05 16:44:00+00:00,786.7999999711475,786.8899999443745,786.6799999952281,786.8899999338137,1.0084803,793.5630632002524,9.0
2026-10-05 16:45:00+00:00,786.6804288608396,786.7568775545233,786.5479098126249,786.6629671760671,4.865540299999999,3827.5403693127314,19.0
2026-10-05 16:46:00+00:00,787.0501419029304,787.1599999907367,786.9300709455853,787.1592548522494,4.3767703,3445.215248007456,14.0
2026-10-05 16:47:00+00:00,786.957000056414,786.957000056414,786.9570000236679,786.9570000236679,0.9875402999999999,777.151751890473,4.0
2026-10-05 16:48:00+00:00,786.9615958950385,787.2397813367724,786.8856187630347,787.2397813367724,4e-07,0.0003148959125347089,4.0
2026-10-05 16:49:00+00:00,787.211758827377,787.211758827377,787.0630470516709,787.0630470516709,0.9222003,725.829778109965,6.0
2026-10-05 16:50:00+00:00,787.0299999994378,787.1700000007978,787.019999999673,787.1700000007978,12.756110300000003,10041.22734486118,18.0
2026-10-05 16:51:00+00:00,787.3009743013823,787.5183846144164,787.3009743013823,787.4509743060212,1.0139502999999999,798.4361516328823,13.0
2026-10-05 16:52:00+00:00,787.7947207114373,787.8719879980166,787.6978256648624,787.8719879980166,0.2052603,161.7188406180693,8.0
2026-10-05 16:53:00+00:00,787.6474357144679,787.6474357144679,787.6192211646014,787.6192211646014,1.4210803,1119.2701590983581,8.0
2026-10-05 16:54:00+00:00,787.4248048593313,787.6587023301809,787.4248048593313,787.5780535129875,1.0751503,846.7647805079046,14.0
2026-10-05 16:55:00+00:00,787.5602202671872,787.6000733971467,787.3797429807144,787.3797430015228,0.7490703999999999,589.8028590420478,13.0
2026-10-05 16:56:00+00:00,787.3411111504997,787.6062962543326,787.3411111504997,787.6062962543326,0.8809503000000001,693.8420029671432,9.0
2026-10-05 16:57:00+00:00,787.6164625670037,787.6242318373478,787.6164624941257,787.6242317644698,0.7186003,565.9870092332175,6.0
2026-10-05 16:58:00+00:00,787.5101831727319,787.6698765735339,787.4003939450658,787.6698765667343,3.3024483,2601.2390448290216,10.0
2026-10-05 16:59:00+00:00,787.2837584582787,787.4166238508626,787.1821554853578,787.3306521005985,5.7373503,4517.191753028565,11.0
2026-10-05 17:00:00+00:00,787.2400000158814,787.3300000254453,787.210000027203,787.2100000518539,0.7949402999999999,625.7849536042206,11.0
2026-10-05 17:01:00+00:00,787.2178363146788,787.2178363146788,786.9848019123668,787.1695777021739,4.608240299999999,3627.4665709011388,21.0
2026-10-05 17:02:00+00:00,787.2699989434568,787.2699989434568,787.2699952425838,787.2699952425838,0.033230300000000004,26.161218122909638,4.0
2026-10-05 17:03:00+00:00,786.4138993905893,786.4938992905353,786.3369495676097,786.4938989978259,0.2398703,188.6565275007782,11.0
2026-10-05 17:04:00+00:00,786.4699999965912,786.5599999843512,786.2800000089859,786.419999989946,2.2058903,1734.7562497038218,13.0
2026-10-05 17:05:00+00:00,786.4620523068334,786.4620523068334,786.439500821498,786.439500844157,1.5142303,1190.8505212950981,9.0
2026-10-05 17:06:00+00:00,786.6386121084718,786.6388728593827,786.6381738852609,786.6384218857067,8.04e-05,0.06324572911961082,5.0
2026-10-05 17:07:00+00:00,786.6473603259244,786.6473603714638,786.5642970330836,786.5685549900489,0.8996802999999999,707.6602335240136,10.0
2026-10-05 17:08:00+00:00,786.512465969057,786.5224547900551,786.4148380297019,786.4173170092113,1.1352703,892.7962234062423,10.0
2026-10-05 17:09:00+00:00,786.2328228555988,786.2328228555988,786.1593822162505,786.1593822252979,1.6300702999999999,1281.495060031806,7.0
2026-10-05 17:10:00+00:00,785.9605323390679,785.960532340943,785.9605323352281,785.960532340943,0.30925030000000003,243.05853041459636,6.0
2026-10-05 17:11:00+00:00,785.9600819653988,786.2299654871173,785.9500862795002,786.2299654871173,10.918380299999999,8584.35776644422,13.0
2026-10-05 17:12:00+00:00,786.118617247328,786.118617247328,785.8604926024378,785.9465341141795,0.6372703000000001,500.86038357890345,12.0
2026-10-05 17:13:00+00:00,785.8797979928237,786.0685188778463,785.730807880741,785.9592594623189,1.8522303,1455.7775549416688,9.0
2026-10-05 17:14:00+00:00,786.067944601344,786.0679446266731,786.067944601344,786.0679446266731,1.3458703,1057.945500455084,6.0
2026-10-05 17:15:00+00:00,786.3449694453476,786.3804073394289,786.2199999972606,786.2672505112447,7.0192004,5518.967399295429,17.0
2026-10-05 17:16:00+00:00,786.5199999829271,786.51999999999,786.3300000004426,786.4400000083702,2.8638803,2252.2700231559716,7.0
2026-10-05 17:17:00+00:00,786.40532882024,786.4313323025902,786.4053287166071,786.4313321989573,0.2102603,165.35528783755242,7.0
2026-10-05 17:18:00+00:00,786.48963868109,786.48963868109,786.320658002986,786.320658002986,0.2712503,213.28971437950733,7.0
2026-10-05 17:19:00+00:00,786.3793719012748,786.4486757374888,786.2152970473253,786.2792698192151,1.6196203,1273.473866868378,13.0
2026-10-05 17:20:00+00:00,786.3664853737187,786.3804318777952,786.3641610934673,786.364161916035,0.06488029999999999,51.01954273436091,7.0
2026-10-05 17:21:00+00:00,786.4349762118582,786.637511877211,786.4303554401432,786.4496445551506,3.8363302999999993,3017.080600831154,16.0
2026-10-05 17:22:00+00:00,786.5240105314349,786.5240105314349,786.5240104658945,786.5240104658945,0.2116903,166.49950373272836,6.0
2026-10-05 17:23:00+00:00,786.6404179588941,786.722589438202,786.6239836898704,786.722589438202,0.17214030000000002,135.42666256266895,7.0
2026-10-05 17:24:00+00:00,786.9229343132768,787.123228451553,786.9229343132768,787.1232284498801,0.6960702999999999,547.8931017640765,9.0
2026-10-05 17:25:00+00:00,786.7204456090634,786.9019791335736,786.6631192347257,786.701336823392,2.5181603000000004,1981.0400743455941,12.0
2026-10-05 17:26:00+00:00,786.8599999911119,786.8600000431117,786.8599998521172,786.8600000431117,0.2408304,189.4998085543826,5.0
2026-10-05 17:27:00+00:00,786.7600000471386,786.8800000010633,786.7500000022519,786.8199999753747,0.7813303,614.7663066267595,7.0
2026-10-05 17:28:00+00:00,786.7890226017729,786.7991325173391,786.5631088246528,786.5920448880942,12.097440299999999,9515.750303488638,15.0
2026-10-05 17:29:00+00:00,786.5146969036961,786.5436109813786,786.5146969036961,786.5436109813786,3.0143103,2370.8865079803627,6.0
2026-10-05 17:30:00+00:00,786.3867339094256,786.3867339094256,786.0388549160612,786.0388549160612,0.8253802999999998,648.7809858822749,8.0
2026-10-05 17:31:00+00:00,785.7191684958976,785.7991684812365,785.7191684709461,785.799168456285,1.6369802999999998,1286.3377585193198,7.0
2026-10-05 17:32:00+00:00,785.8384038396902,785.8496993676355,785.8384038396902,785.8496993676355,0.1951703,153.37452158049123,6.0
2026-10-05 17:33:00+00:00,785.7320948445397,786.045435392937,785.7320948194952,786.0454353761729,1.4376402999999998,1130.0505955278315,7.0
2026-10-05 17:34:00+00:00,786.1700000073083,786.3099999931891,785.9700000119676,786.1899999974886,2.9746603,2338.6481812495294,12.0
2026-10-05 17:35:00+00:00,785.9700005631155,785.9700005631155,785.9699994678224,785.9699994678224,0.09691029999999999,76.1685884394265,4.0
2026-10-05 17:36:00+00:00,786.0910981114248,786.2342078908702,786.0910980946093,786.2342078908702,0.2813803,221.23081728659542,7.0
2026-10-05 17:37:00+00:00,785.9699999654694,785.9699999839631,785.9699998596692,785.9699998596692,0.3971804,312.1718789322633,7.0
2026-10-05 17:38:00+00:00,786.08081937,786.2965215595121,786.0808192364631,786.2965214259752,0.2540703,199.77459308765398,6.0
2026-10-05 17:39:00+00:00,785.8599999390395,785.8599999390395,785.8599999085106,785.8599999085106,0.1603003,125.97359374333423,4.0
2026-10-05 17:40:00+00:00,785.9500000142505,786.0400000249706,785.9200000049617,785.9200000707145,0.7869902999999999,618.5114166316516,9.0
2026-10-05 17:41:00+00:00,786.2873702141231,786.3821195521866,786.2287543588253,786.2703908695242,3.2645503,2566.8192403942226,13.0
2026-10-05 17:42:00+00:00,786.3199996268861,786.3199998379898,786.3199996268861,786.3199998379898,0.18210030000000002,143.18910786649792,4.0
2026-10-05 17:43:00+00:00,786.1786661215423,786.2117875233668,786.092550562588,786.1786661581014,0.6613102999999999,519.9080495706138,10.0
2026-10-05 17:44:00+00:00,786.2720025616136,786.3271001154076,786.1371001253631,786.2560988319433,3.3543903,2637.409831237712,14.0
2026-10-05 17:45:00+00:00,786.2499996641784,786.2500000230064,786.1799997958477,786.1999999189235,0.1594903,125.39127384706909,6.0
2026-10-05 17:46:00+00:00,786.2260829902067,786.226091172754,786.2260697067379,786.2260855092511,0.0043904,3.451847005819816,6.0
2026-10-05 17:47:00+00:00,786.099997626614,786.0999977836647,785.9899982456719,785.9899988349448,0.0313903,24.67246186042857,5.0
2026-10-05 17:48:00+00:00,785.9899946687734,785.9899970979558,785.9899935604427,785.9899970979558,0.0126003,9.903709760433372,4.0
2026-10-05 17:49:00+00:00,785.7584958179273,785.7877436464433,785.7584956277245,785.787743526283,0.21818030000000002,171.44340561888748,7.0
2026-10-05 17:50:00+00:00,785.9494925234976,785.9494929152028,785.9298305193141,785.9298309110193,0.14854030000000001,116.74225286247209,7.0
2026-10-05 17:51:00+00:00,785.7900001553072,785.790000197717,785.7900000563723,785.7900000563723,0.2670103,209.81402365205196,5.0
2026-10-05 17:52:00+00:00,785.8599921964403,785.8600017814175,785.8599921964403,785.8600017814175,0.013900299999999999,10.923689782762237,4.0
2026-10-05 17:53:00+00:00,786.2787741623988,786.278777293686,786.1974763372286,786.1974811759088,0.022510300000000004,17.697541160514064,7.0
2026-10-05 17:54:00+00:00,786.1400003179758,786.1400003179758,786.1399995306243,786.1399995306243,0.08808029999999999,69.24344700065724,5.0
2026-10-05 17:55:00+00:00,786.3099986509056,786.3099995577525,786.1399992566761,786.1400001635229,0.0841903,66.18536245576703,5.0
2026-10-05 17:56:00+00:00,786.290867710583,786.4597327592422,786.290867710583,786.4597327592422,0.15876040000000002,124.85866175675042,8.0
2026-10-05 17:57:00+00:00,786.5262676189121,786.5520985904961,786.497929582542,786.5404366428772,0.7494802999999999,589.4965624172345,10.0
2026-10-05 17:58:00+00:00,786.5380216102183,786.7143307688266,786.3485038241596,786.7095177935839,1.7644802999999998,1388.1334459692782,16.0
2026-10-05 17:59:00+00:00,786.5424591087581,786.6175928315324,786.5424590982699,786.6175928206375,2.4799702999999997,1950.788267652674,10.0
2026-10-05 18:00:00+00:00,786.4433739407757,786.4433739407757,786.443373102271,786.4433731407747,0.05617030000000001,44.17476020232927,7.0
2026-10-05 18:01:00+00:00,786.3281417709276,786.9410823782781,786.3281417709276,786.9410823782781,3.0399803,2392.2853876906424,15.0
2026-10-05 18:02:00+00:00,786.8100066353271,786.8504139835449,786.6728580898188,786.6930617639276,2.4637103,1938.1837992063245,13.0
2026-10-05 18:03:00+00:00,786.8136724660868,786.8136724660868,786.3796450955878,786.5725461698484,0.3290703,258.83766373987584,8.0
2026-10-05 18:04:00+00:00,786.5273388498304,786.5666793691877,786.5264471343613,786.5559525238792,1.4502503000000002,1140.7030061145417,11.0
2026-10-05 18:05:00+00:00,786.3286520316304,786.4076382939878,786.1410605760037,786.4076381828364,0.2579803,202.8776784206996,12.0
2026-10-05 18:06:00+00:00,786.5310331929091,786.5680849118608,786.415808230451,786.5680849118608,3e-07,0.00023597042547355822,3.0
2026-10-05 18:07:00+00:00,786.3501423010154,786.460074236571,786.3001732110437,786.3001732110437,2.0367903,1601.5285656845736,11.0
2026-10-05 18:08:00+00:00,786.4599984049082,786.4699989375845,786.4599984049082,786.4699987103093,0.0421903,33.18140518658756,5.0
2026-10-05 18:09:00+00:00,786.2379738810306,786.5614565485716,786.2285434405808,786.5614565485716,3.3420403,2628.7200862120253,15.0
2026-10-05 18:10:00+00:00,786.1530681184755,786.1530681184755,786.1530429856142,786.1530429856142,0.0012703,0.9986502105046258,4.0
2026-10-05 18:11:00+00:00,786.4229804541146,786.4229804541146,786.3089462728879,786.3089464403575,0.0565903,44.49745917174377,6.0
2026-10-05 18:12:00+00:00,786.4000889471104,786.4292037216243,786.3416814832516,786.4250444598736,3.2016802999999996,2517.881572273801,19.0
2026-10-05 18:13:00+00:00,786.4095530776717,786.4491955583536,786.3599998854424,786.3599998854424,0.5694904,447.82447087876056,9.0
2026-10-05 18:14:00+00:00,786.3751428741961,786.6350549822699,786.3751428741961,786.6350549822699,3.8083603,2995.789713982794,8.0
2026-10-05 18:15:00+00:00,786.6785198247185,786.9489582278143,786.6785198247185,786.9489582278143,0.7093003,558.1831321556762,11.0
2026-10-05 18:16:00+00:00,786.951356406119,787.050205222937,786.951356406119,787.050205222937,0.6526103,513.6370705456025,10.0
2026-10-05 18:17:00+00:00,787.3128666644718,787.4143334889736,787.24496652183,787.2592331557263,2.4020303,1891.020531994819,14.0
2026-10-05 18:18:00+00:00,787.3133100700267,787.3166550357845,787.0734147620478,787.0767597278057,13.806150299999997,10866.50004243907,14.0
2026-10-05 18:19:00+00:00,787.141982396912,787.1515272878377,787.1157339742705,787.1515272878377,0.5730403,451.06954734248063,8.0
2026-10-05 18:20:00+00:00,787.206749731497,787.206751263524,787.2067464624673,787.206751263524,0.0127613,10.045781514899208,5.0
2026-10-05 18:21:00+00:00,787.04000000133,787.0584659063267,786.9520860466394,786.9520860487958,2.4632802999999996,1938.4835706079032,14.0
2026-10-05 18:22:00+00:00,786.9386666184845,787.1333332479572,786.6029334217699,786.6224000777876,1.0492402999999997,825.3559230443376,11.0
2026-10-05 18:23:00+00:00,786.4300002573128,786.5405061486827,786.4300000875364,786.5222571846907,0.1732704,136.28102611129424,9.0
2026-10-05 18:24:00+00:00,786.6499999754523,786.6499999787136,786.420000019234,786.5799999920386,1.5760003,1239.6503159614529,9.0
2026-10-05 18:25:00+00:00,786.5142746065841,786.7560542173197,786.5142746065841,786.6883559356597,1.6267503,1279.7455190248413,8.0
2026-10-05 18:26:00+00:00,786.7255459395288,786.7255459395288,786.725545929831,786.7255459313706,0.3914003,307.9246146952022,6.0
2026-10-05 18:27:00+00:00,786.5876771841474,786.6192068104707,786.5876771841474,786.6192068104707,3e-07,0.0002359857620431412,3.0
2026-10-05 18:28:00+00:00,786.75000000748,786.9600000037157,786.75000000748,786.9600000037157,2.6837203,2111.980527297972,7.0
2026-10-05 18:29:00+00:00,786.9900000289487,786.9900000289487,786.9799999031299,786.9799999031299,0.9764002999999999,768.4075079994159,5.0
2026-10-05 18:30:00+00:00,786.563783153532,786.8552291137887,786.5560840670731,786.8552291137887,3.9815503,3132.903673534574,17.0
2026-10-05 18:31:00+00:00,786.5435783394324,786.5435783394324,786.36526077376,786.36526077376,0.1958003,153.97055396908047,6.0
2026-10-05 18:32:00+00:00,786.2501123558509,786.3749725039959,786.1837975096989,786.3749725039959,1.5926003,1252.3810171223556,16.0
2026-10-05 18:33:00+00:00,786.5999999557221,786.5999999951323,786.3500000064454,786.3500000135367,1.4786102999999997,1162.7052094250153,7.0
2026-10-05 18:34:00+00:00,786.6678006986751,786.8850147352204,786.6111438616647,786.8661291228834,6.035070400000001,4748.792484632093,22.0
2026-10-05 18:35:00+00:00,787.0405088226009,787.0405088226009,787.0271965232737,787.0271965232737,0.11944029999999999,94.00276446089876,8.0
2026-10-05 18:36:00+00:00,786.749999911176,786.749999911176,786.5200000332454,786.5200000388061,0.36724029999999996,288.8418407702511,5.0
2026-10-05 18:37:00+00:00,786.6050928446008,786.6238196317402,786.468355436929,786.468355436929,1.6965002999999996,1334.2438009392563,15.0
2026-10-05 18:38:00+00:00,786.168769842355,786.1696647619681,786.039514091635,786.0495140924364,13.688380299999999,10759.744683527479,12.0
2026-10-05 18:39:00+00:00,786.3399999068641,786.3400000930824,786.3399999068641,786.3400000930824,0.4148903,326.24483854061896,4.0
2026-10-05 18:40:00+00:00,786.3100818819038,786.3100818819038,786.2301163535208,786.3000861858567,3.3883603,2664.2679959187353,9.0
2026-10-05 18:41:00+00:00,786.3799999296469,786.4800000685143,786.3799999296469,786.4800000685143,0.1271303,99.98543835271025,5.0
2026-10-05 18:42:00+00:00,786.609842329867,786.6596849175454,786.609842329867,786.6297794341925,0.6063202999999999,476.94960385547336,7.0
2026-10-05 18:43:00+00:00,786.8098300983623,786.809830225883,786.5783004612634,786.5875616655468,0.3600402999999999,283.2032216783319,9.0
2026-10-05 18:44:00+00:00,786.5986593891248,786.7386223065639,786.5644184019221,786.7084414115031,4e-07,0.00031468337656460123,4.0
2026-10-05 18:45:00+00:00,786.8099999932032,787.0699999903597,786.8099999932032,786.8699999987459,7.1545703000000005,5629.716731952028,14.0
2026-10-05 18:46:00+00:00,787.0031996150473,787.0031996150473,786.7434001791138,786.7434001791138,0.23164030000000002,182.24147724051,7.0
2026-10-05 18:47:00+00:00,786.7000039743957,786.7000039743957,786.7000023544502,786.7000023544502,0.0067003,5.271126025775523,4.0
2026-10-05 18:48:00+00:00,786.6824999963756,786.7175000372886,786.6824999963756,786.7175000255711,0.3664003,288.25352802461924,6.0
2026-10-05 18:49:00+00:00,786.8646775856611,786.8787105722257,786.7153224031299,786.7901641528998,3.5568903,2798.526303010857,11.0
2026-10-05 18:50:00+00:00,787.1499987887038,787.1499993126552,787.1499987887038,787.1499993126552,0.12200029999999999,96.03253606114372,4.0
2026-10-05 18:51:00+00:00,787.0499999865664,787.1999999866724,787.049999982956,787.1899999878569,2.5327603,1993.7635805262446,8.0
2026-10-05 18:52:00+00:00,787.0090155253147,787.0090155253147,787.0090154355036,787.0090154355036,0.0856203,67.38394800429245,5.0
2026-10-05 18:53:00+00:00,787.13230222671,787.1323022373755,787.1323016937841,787.1323022373755,0.0625303,49.21961899859376,5.0
2026-10-05 18:54:00+00:00,787.142239917918,787.2161200532781,787.1361196511845,787.2099997236435,0.0780404,61.434183262433024,9.0
2026-10-05 18:55:00+00:00,787.3092126703876,787.3291200489615,787.1798147422869,787.2196294892088,2.6580502999999993,2092.46937232968,11.0
2026-10-05 18:56:00+00:00,787.2909298896316,787.300105371815,787.2267017678995,787.2267017891091,0.48378030000000005,380.8447699595458,10.0
2026-10-05 18:57:00+00:00,787.1807809566604,787.1807809566604,787.1807809360657,787.1807809549852,0.1613503,127.01185516132114,5.0
2026-10-05 18:58:00+00:00,787.1700069752092,787.1700120902392,787.1700065053705,787.1700120902392,0.0010603,0.8346363638192805,4.0
2026-10-05 18:59:00+00:00,787.278266493167,787.4118135647242,787.278266493167,787.4118135647242,0.9695702999999999,763.4511083014936,10.0
2026-10-05 19:00:00+00:00,787.4199999454657,787.4299999666049,787.3299999988476,787.4299999435557,0.5057903,398.274455900451,6.0
2026-10-05 19:01:00+00:00,787.2799999735255,787.4199999539585,787.2799999735255,787.3899999609918,1.2796203,1007.5602279670842,7.0
2026-10-05 19:02:00+00:00,787.2500000253663,787.2500000253663,787.0500000703677,787.0500000854307,0.31622029999999995,248.88118714201488,6.0
2026-10-05 19:03:00+00:00,787.0236493766935,787.0236493766935,786.9726304135462,786.9752706974841,3e-07,0.00023609258120924523,3.0
2026-10-05 19:04:00+00:00,787.2500588357068,787.2500588717368,787.2200882773757,787.2200883134057,1.2842003,1010.948273578102,6.0
2026-10-05 19:05:00+00:00,787.1598617566076,787.2596888914328,787.1498790292293,787.2596888802121,1.2381904000000001,974.7773890784655,13.0
2026-10-05 19:06:00+00:00,787.247445862461,787.330562049245,787.247445862461,787.330562049245,0.0791003,62.2780836572639,7.0
2026-10-05 19:07:00+00:00,787.103413699838,787.103413699838,786.9397846589986,786.9397846589986,0.7142203,562.0483690810854,10.0
2026-10-05 19:08:00+00:00,786.6595186138239,786.6595186138239,786.5283203156744,786.534210690793,3e-07,0.0002359602632072379,3.0
2026-10-05 19:09:00+00:00,786.6899996616665,786.6899997172592,786.6899994720962,786.6899994720962,0.030880300000000003,24.293223190698175,4.0
2026-10-05 19:10:00+00:00,786.7116138416076,786.7599499918902,786.707586253701,786.7599499904301,2.2904802999999996,1802.058166282065,9.0
2026-10-05 19:11:00+00:00,786.8543886896686,787.2577243567877,786.8445512356286,787.1200000002289,1.8456503000000002,1452.7482641364224,10.0
2026-10-05 19:12:00+00:00,787.1563136454898,787.2065521709758,787.1144482271402,787.1144482506065,1.0984603,864.6139729596957,9.0
2026-10-05 19:13:00+00:00,787.1200000075075,787.2399999957431,787.1199999957217,787.2399999957431,1.6397002999999997,1290.8376641650198,9.0
2026-10-05 19:14:00+00:00,787.2426998086223,787.2612891248693,787.2426998086223,787.2612890163654,0.1580303,124.41113768164293,6.0
2026-10-05 19:15:00+00:00,787.1008039115977,787.130201063968,787.0126122328877,787.0126122328877,0.6320204000000001,497.4080259884747,9.0
2026-10-05 19:16:00+00:00,787.0099999906304,787.0699999931401,786.8300000093427,787.0699999931401,2.4130903,1899.2709824044464,8.0
2026-10-05 19:17:00+00:00,786.9600000546761,786.9600000829503,786.8500001176726,786.8500002668555,0.1794403,141.19260010288463,5.0
2026-10-05 19:18:00+00:00,787.2238589019203,787.4607422557581,787.2238589019203,787.3084601209015,3.1657003,2492.3826283972758,8.0
2026-10-05 19:19:00+00:00,787.1505582135051,787.1505582135051,787.1309302934712,787.1309302934712,2.0278603,1596.1915644441976,7.0
2026-10-05 19:20:00+00:00,787.0675965453052,787.4444469113181,786.9861788639358,787.4444469113181,50.93219030000001,40106.270420765504,53.0
2026-10-05 19:21:00+00:00,787.47077962375,787.4707888980628,787.3894305505522,787.3894398248652,3.3889303,2668.4079305225127,9.0
2026-10-05 19:22:00+00:00,786.9218771506811,787.0520259215788,786.9218771506811,787.0520259215788,3.3845403,2663.809299928228,15.0
2026-10-05 19:23:00+00:00,787.0100008363971,787.0100008363971,787.0100005274792,787.0100005274792,0.035950300000000004,28.293245621963038,4.0
2026-10-05 19:24:00+00:00,787.0221169293651,787.0221169293651,786.9543481922873,786.9543481922873,3e-07,0.00023608630445768618,3.0
2026-10-05 19:25:00+00:00,787.1930624469626,787.199072447888,787.1870524947454,787.1870525434538,0.2972403,233.98371565413197,7.0
2026-10-05 19:26:00+00:00,786.8128619175408,786.8128619319808,786.8099250857579,786.8099250857579,0.2269503,178.56674854119026,8.0
2026-10-05 19:27:00+00:00,786.7931713030019,786.8906613653488,786.7893386307383,786.8178406168531,10.1713403,8002.992011025175,17.0
2026-10-05 19:28:00+00:00,786.8417826086541,786.8417826086541,786.7317007723233,786.7317007726381,1.4391104,1132.1937725915914,12.0
2026-10-05 19:29:00+00:00,786.6400000289331,786.6400000289331,786.6400000063959,786.6400000063959,1.0883603,856.147746398961,4.0
2026-10-05 19:30:00+00:00,786.7499997196561,786.8299997666048,786.6999998305042,786.8299996928366,0.1353203,106.47407160743457,8.0
2026-10-05 19:31:00+00:00,786.7347231544604,786.7775621163344,786.6271811317635,786.7447126474912,6.0429903,4754.290667105076,20.0
2026-10-05 19:32:00+00:00,786.6100002915881,786.7799996395835,786.610000095491,786.610000095491,0.07822029999999999,61.528870190469334,6.0
2026-10-05 19:33:00+00:00,786.6100010296881,786.6100010296881,786.6100002916186,786.6100004022836,0.020550300000000004,16.165071491267053,5.0
2026-10-05 19:34:00+00:00,786.7772570875331,786.7772570979109,786.7761378416079,786.7761378478373,1.4751003,1160.573716972186,7.0
2026-10-05 19:35:00+00:00,786.2430131086282,786.2523934342158,786.2411540674098,786.2505343929975,0.5005903,393.5893908869509,7.0
2026-10-05 19:36:00+00:00,786.2507478072877,786.2507478072877,786.2507477967991,786.2507478039944,0.5281903,415.2900183578161,6.0
2026-10-05 19:37:00+00:00,786.1105731754553,786.1105731867306,786.01004409059,786.0100440966717,1.5875902999999998,1247.861921710448,8.0
2026-10-05 19:38:00+00:00,786.0204981321206,786.2301595378871,786.0204981099969,786.1602723805078,0.7754502999999999,609.6282190655464,9.0
2026-10-05 19:39:00+00:00,786.1373440381707,786.1863225989357,786.1373440381707,786.1863225989357,0.8321103,654.1937367536972,6.0
2026-10-05 19:40:00+00:00,786.2999530699057,786.5672958193387,786.2504451538831,786.2504451558451,22.3742603,17591.772120907754,34.0
2026-10-05 19:41:00+00:00,786.2699999730436,786.5399999326077,786.2699999730436,786.5399999326077,0.5819403,457.7193235227817,7.0
2026-10-05 19:42:00+00:00,786.6221354100941,786.6221365664409,786.6221354100941,786.6221365664409,0.0599403,47.150366852433436,5.0
2026-10-05 19:43:00+00:00,786.4389626910032,786.4389626910032,786.438962676001,786.4389626825468,1.3415302999999998,1055.0316975392057,5.0
2026-10-05 19:44:00+00:00,786.4395248319446,786.4395248319446,786.4395247944598,786.43952481801,0.1762603,138.6180665762799,6.0
2026-10-05 19:45:00+00:00,786.4347419217772,786.4512073871729,786.3986497757811,786.4096267702541,0.3046203,239.55633642964284,8.0
2026-10-05 19:46:00+00:00,786.2167514685899,786.2722739879151,786.1439656969977,786.1809807097657,2.6104003,2052.247067899066,9.0
2026-10-05 19:47:00+00:00,786.3027391236822,786.4220300605277,786.3027391236822,786.335170631685,3e-07,0.00023590055118950548,3.0
2026-10-05 19:48:00+00:00,786.3924912463705,786.3924918706354,786.3924909313133,786.3924918706354,0.019180300000000004,15.08324391182635,6.0
2026-10-05 19:49:00+00:00,786.5883938282368,786.588393850452,786.5638066515937,786.5638066738089,1.1960503,940.7698769413512,10.0
2026-10-05 19:50:00+00:00,786.4039044551652,786.4039044551652,786.3943441984386,786.3943442093293,0.6932404,545.1603297374131,8.0
2026-10-05 19:51:00+00:00,786.3334802303518,786.333480236137,786.1995706490577,786.1995706548429,2.8559002,2245.30751107308,8.0
2026-10-05 19:52:00+00:00,786.3300002224348,786.3300002233428,785.7300069101406,786.1700020056552,60.144130399999995,47283.51111719638,40.0
2026-10-05 19:53:00+00:00,786.0707378885469,786.074427337113,785.9436894527595,785.9918447279596,6.097390300000001,4792.499049923367,15.0
2026-10-05 19:54:00+00:00,786.0006177572432,786.0562035473432,785.9520212921348,786.0076070820589,4.8563203,3817.104698227027,11.0
2026-10-05 19:55:00+00:00,786.1685700262179,786.5901355583953,786.1685700262179,786.5803317094512,6.196260300000001,4873.856482132105,17.0
2026-10-05 19:56:00+00:00,786.9330651461778,786.9330656789764,786.9330651461778,786.9330656789764,0.0879103,69.17952188375851,7.0
2026-10-05 19:57:00+00:00,787.168637977234,787.2985054170313,787.168637977234,787.2985054170313,0.26108030000000004,205.5481299838302,7.0
2026-10-05 19:58:00+00:00,787.2399861815202,787.3199940588158,787.2399855195573,787.3199940588158,0.0044802999999999996,3.5274297693817123,5.0
2026-10-05 19:59:00+00:00,787.3699999909553,787.3699999909553,787.3699994716806,787.3699994716806,0.0140503,11.062784703576954,4.0
2026-10-05 20:00:00+00:00,787.408004262597,787.7120597124726,787.3199573407765,787.5199573375913,3.3236902999999995,2617.4724432593657,18.0
2026-10-05 20:01:00+00:00,787.0900003046295,787.0900003046295,787.0900001169989,787.0900001169989,0.2369903,186.5326952547276,5.0
2026-10-05 20:02:00+00:00,787.6307952379942,787.6307960739445,787.6307952379942,787.6307960739445,0.0920703,72.51740368376689,5.0
2026-10-05 20:03:00+00:00,787.4099999983363,787.4799998472249,787.4099998155936,787.4799997773401,0.1389703,109.43633181305688,5.0
2026-10-05 20:04:00+00:00,787.3300001387632,787.3300002063665,787.3300000982684,787.3300002063665,0.18243040000000002,143.63292686964755,5.0
2026-10-05 20:05:00+00:00,787.6099999648643,787.6099999648643,787.1200000027911,787.1200000027911,2.5525103000000002,2009.1319073431246,10.0
2026-10-05 20:06:00+00:00,787.196084882446,787.29611504293,787.196084882446,787.29611504293,3e-07,0.000236188834512879,3.0
2026-10-05 20:07:00+00:00,787.572357445586,787.6561258535819,787.572357445586,787.6561258535819,2.0055302999999998,1579.6682263799717,7.0
2026-10-05 20:08:00+00:00,787.3599998948974,787.3899997940911,787.21000005194,787.21000005194,0.0756403,59.54480056692876,7.0
2026-10-05 20:09:00+00:00,787.240440694201,787.243525555764,787.2308813897189,787.2330848592626,1.3608103,1071.2748903772585,10.0
2026-10-05 20:10:00+00:00,787.2200018233978,787.2200018233978,787.2200010477176,787.2200010477176,0.0143203,11.27322658100363,4.0
2026-10-05 20:11:00+00:00,787.1203105191554,787.120310520168,787.1203105191554,787.120310520168,1.2753903,1003.8856089704102,5.0
2026-10-05 20:12:00+00:00,787.2685190717099,787.2685190717099,787.2685190648791,787.2685190648791,0.12318029999999999,96.97597235896752,5.0
2026-10-05 20:13:00+00:00,787.1100000234131,787.3899999706498,787.1100000234131,787.3899999706498,0.8133803,640.4475143931271,7.0
2026-10-05 20:14:00+00:00,787.3299999964084,787.5099999768179,787.2500000035196,787.3099999969894,2.7564303,2170.1651394847013,8.0
2026-10-05 20:15:00+00:00,787.3678740066547,787.5814582454144,787.3678740066547,787.5814582454144,0.060350299999999996,47.53077727954823,7.0
2026-10-05 20:16:00+00:00,787.6138471957947,787.718773855013,787.5747310496745,787.718773855013,4e-07,0.0003150875095420052,4.0
2026-10-05 20:17:00+00:00,787.8256265716377,787.8946062379576,787.7384547156408,787.7551312706804,0.9272603,730.4540593485905,10.0
2026-10-05 20:18:00+00:00,787.809931930087,787.8197440125869,787.7562992878474,787.805116924126,0.9621403,757.9790515389136,11.0
2026-10-05 20:19:00+00:00,787.6980099408926,787.6980099408926,787.6336421758563,787.6399468321471,2.4111703,1899.1340468952524,12.0
2026-10-05 20:20:00+00:00,787.8795259224779,787.8795259224779,787.7997366278172,787.8196839503512,2.6881703,2117.793476150721,8.0
2026-10-05 20:21:00+00:00,788.0218894971764,788.0494563703646,788.0218894864953,788.0494563367007,0.6105703,481.15959297033623,7.0
2026-10-05 20:22:00+00:00,787.830000044386,787.830000044386,787.7000000850473,787.7000000850473,0.5671803,446.7679223582372,5.0
2026-10-05 20:23:00+00:00,787.8113805257348,787.8320707591496,787.8113804775985,787.832070740468,0.1383503,108.99680333656498,6.0
2026-10-05 20:24:00+00:00,787.9238431742307,787.9238431798325,787.8849439119621,787.894668737063,1.3845302999999998,1090.8640420749261,9.0
2026-10-05 20:25:00+00:00,787.9196168713379,788.0350192621264,787.9003831205915,787.9003831398784,0.6757502999999999,532.4239202768877,8.0
2026-10-05 20:26:00+00:00,787.8448728495248,787.8795241876318,787.8448728482552,787.8795241876318,0.6363104,501.33593518764167,7.0
2026-10-05 20:27:00+00:00,787.9991511665546,788.0013209323366,787.9130185963697,787.9386790621836,3.4324903,2704.5918728757583,9.0
2026-10-05 20:28:00+00:00,788.0199995679635,788.0199995927926,788.0199994923404,788.0199994923404,0.06766029999999999,53.31766957165159,4.0
2026-10-05 20:29:00+00:00,787.8444335340866,787.8444335676269,787.8444333551531,787.8444333551531,0.0128193,10.099614144509715,6.0
2026-10-05 20:30:00+00:00,787.9199964776366,788.0699929467569,787.9199964776366,788.0699929467569,0.0046803,3.6884039879887065,5.0
2026-10-05 20:31:00+00:00,787.9538589588576,787.9830320042203,787.9511025056112,787.9802755734012,0.2285603,180.10100817913923,7.0
2026-10-05 20:32:00+00:00,788.0840222480958,788.1150417143648,787.9720667439557,787.9960889919038,4.3758102999999995,3448.121402570489,12.0
2026-10-05 20:33:00+00:00,788.0367442502763,788.0581397889265,788.0367440020093,788.0367441576902,0.0642003,50.592195385946965,7.0
2026-10-05 20:34:00+00:00,788.1199919085172,788.1199960412342,788.1199919085172,788.1199960412342,0.0052703,4.153628815136117,6.0
2026-10-05 20:35:00+00:00,788.0000000098623,788.1399998911288,788.0000000070361,788.1399998782058,0.32601030000000003,256.94175780229386,7.0
2026-10-05 20:36:00+00:00,788.2859653432912,788.3054614063187,788.2859653432912,788.3054614063187,0.2379603,187.58540408788605,6.0
2026-10-05 20:37:00+00:00,788.304419252504,788.3055240722035,788.304419155398,788.3055239750976,0.18021040000000002,142.06085379776195,7.0
2026-10-05 20:38:00+00:00,788.1499999985672,788.1699999982653,788.1499999985672,788.1699999936984,1.1492703,905.8203723437578,8.0
2026-10-05 20:39:00+00:00,787.8855870689143,787.8904757812621,787.8762854543947,787.8904757812621,2.1952103,1729.5852877069271,11.0
2026-10-05 20:40:00+00:00,787.9109394574882,788.0413838092505,787.9109394574882,787.9783029903125,1.5602303,1229.427624068066,10.0
2026-10-05 20:41:00+00:00,788.0699998404332,788.0699998563686,788.0699998404332,788.0699998563686,0.3140603,247.50150057589107,4.0
2026-10-05 20:42:00+00:00,787.9790231657328,788.1414406364072,787.9721855191975,788.1346029836288,1.6707502999999997,1316.7761243752786,16.0
2026-10-05 20:43:00+00:00,787.5771944876383,787.7812221937735,787.5771944639641,787.7812221700993,1.4747203,1161.7569602930555,11.0
2026-10-05 20:44:00+00:00,787.599919529327,787.599919529327,787.5999195173173,787.5999195173173,0.5914803,465.84983667607867,9.0
2026-10-05 20:45:00+00:00,787.7089105870499,787.7178212790503,787.7089105870499,787.7178212790503,0.5133403,404.36730269073405,9.0
2026-10-05 20:46:00+00:00,787.5189605755977,787.6610144466367,787.5189605755977,787.6610144466367,3e-07,0.000236298304333991,3.0
2026-10-05 20:47:00+00:00,787.5900014170485,787.6693959755033,787.5900008293634,787.6693955967394,0.017230400000000003,13.57185875389006,7.0
2026-10-05 20:48:00+00:00,787.734125201665,787.967062585339,787.734125201665,787.7708426916879,2.1858803,1721.9727659541595,9.0
2026-10-05 20:49:00+00:00,787.949999808565,787.9499999281053,787.949999808565,787.9499999281053,0.3940403,310.4840543566706,4.0
2026-10-05 20:50:00+00:00,787.945034864944,787.9872239491472,787.945034864944,787.9848696534787,3e-07,0.00023639546089604358,3.0
2026-10-05 20:51:00+00:00,787.9219056384898,787.9219056384898,787.9219054322448,787.9219054322448,0.08124029999999999,64.0110119738872,5.0
2026-10-05 20:52:00+00:00,787.9799804141023,787.9799804141023,787.8702720478598,787.8702720478598,3e-07,0.0002363610816143579,3.0
2026-10-05 20:53:00+00:00,787.9034032559057,787.9034032559057,787.9034028768281,787.9034028768281,0.1044503,82.29674680150555,5.0
2026-10-05 20:54:00+00:00,787.7799992809557,787.7799992809557,787.7799985645387,787.7799990002605,0.0317603,25.020129102247974,4.0
2026-10-05 20:55:00+00:00,787.6200289686411,788.5197392813452,787.6200289685563,787.7299935623313,50.859220300000004,40063.33327950419,40.0
2026-10-05 20:56:00+00:00,787.8399987154643,787.8399992066772,787.8399987154643,787.8399992066772,0.0590703,46.537945105138185,4.0
2026-10-05 20:57:00+00:00,787.6499998084613,787.6499998705679,787.5499999896368,787.5600000336258,0.22078040000000004,173.87781183142394,12.0
2026-10-05 20:58:00+00:00,787.7924420674024,787.9576228209073,787.6376495470895,787.6457781889296,14.437430299999999,11371.581023691931,28.0
2026-10-05 20:59:00+00:00,787.7699999694887,787.8299999925066,787.6499999955631,787.7000000079587,1.3806602999999997,1087.546118320988,9.0
2026-10-05 21:00:00+00:00,787.646869751277,787.6575500667084,787.6415144639468,787.6415144639468,3e-07,0.00023629245433918404,3.0
2026-10-05 21:01:00+00:00,787.5999997909756,787.6499996965531,787.4699997203531,787.4699997203531,0.1588603,125.09772039657523,6.0
2026-10-05 21:02:00+00:00,787.3246151421125,787.3246151421125,786.9957711671157,787.2207696745261,1.1907503,937.3833676561728,14.0
2026-10-05 21:03:00+00:00,787.0700000004346,787.0800000003529,786.3500000055224,787.0399999998847,36.7179303,28898.479863307766,38.0
2026-10-05 21:04:00+00:00,786.9400000185894,786.9400000229508,786.9200000232642,786.9200000276255,1.2834503,1009.972710111456,5.0
2026-10-05 21:05:00+00:00,787.079999684239,787.079999684239,786.9399981587563,786.9399981587563,0.018300300000000002,14.40123804830469,5.0
2026-10-05 21:06:00+00:00,786.8525377346476,786.8622625476611,786.8525377346476,786.8622625476611,0.13754029999999998,108.22527164948406,6.0
2026-10-05 21:07:00+00:00,787.0072363661436,787.1140974403872,786.9755105400957,787.053529955383,3.4198103,2691.5737683927773,17.0
2026-10-05 21:08:00+00:00,787.0499997613722,787.0499997613722,786.9000003774923,786.9000003774923,0.0601103,47.300795092691175,7.0
2026-10-05 21:09:00+00:00,786.8662781173347,786.8662781173347,786.5188343515575,786.5188343515575,43.64790029999999,34329.89566584899,34.0
2026-10-05 21:10:00+00:00,786.5013230716127,786.7601345374864,786.5013230710841,786.561048793978,36.098667299999995,28393.805611552874,57.0
2026-10-05 21:11:00+00:00,786.5600027352722,786.6100019625646,786.3900053612315,786.3900053612315,80.91030040000001,63627.051565334856,57.0
2026-10-05 21:12:00+00:00,786.3901170129395,786.559832838325,786.390117012473,786.420066864621,10.259710300000002,8068.442060137642,15.0
2026-10-05 21:13:00+00:00,786.410380293753,786.6099577466308,786.410380293753,786.6099577466308,10.100640299999998,7945.264239596915,15.0
2026-10-05 21:14:00+00:00,786.596818904677,786.6107154202521,786.5719482613722,786.5836378079787,7.0426003,5539.594163601562,13.0
2026-10-05 21:15:00+00:00,786.5700000034873,786.7199999981958,786.5700000033183,786.6700000001279,7.7632403,6107.108246801992,11.0
2026-10-05 21:16:00+00:00,786.6752534987453,786.7542675271008,786.6752534987453,786.7454881921742,1.3833623000000002,1088.3540480601491,9.0
2026-10-05 21:17:00+00:00,786.7097908314809,786.70979119231,786.7097908314809,786.70979119231,0.030170300000000004,23.735270413209356,5.0
2026-10-05 21:18:00+00:00,786.7199995692928,786.7199999750103,786.7199995692928,786.7199999750103,0.0559003,43.97788401460307,4.0
2026-10-05 21:19:00+00:00,787.0027820097527,787.0027820097527,787.0027798803885,787.0027804244017,0.0029633,2.3321253392316295,4.0
2026-10-05 21:20:00+00:00,786.790000062377,786.7900001502252,786.7900000180142,786.7900000180142,0.0751203,59.10390083835323,4.0
2026-10-05 21:21:00+00:00,786.9675084423486,786.9675084423486,786.9675084136672,786.9675084393851,0.18854030000000002,148.37509013141423,7.0
2026-10-05 21:22:00+00:00,786.8319387159311,786.8319387159311,786.823538639602,786.8284224714555,3e-07,0.00023604852674143664,3.0
2026-10-05 21:23:00+00:00,786.8591287925008,786.8591288341137,786.8591287925008,786.8591288341137,0.4501903,354.23634726756825,5.0
2026-10-05 21:24:00+00:00,786.883873939295,786.8838739419713,786.855326678024,786.8553266790803,1.0348103,814.2459966573771,6.0
2026-10-05 21:25:00+00:00,786.8500000009033,786.8500000009033,786.8499998745973,786.8499998745973,0.3504503,275.7518185110526,4.0
2026-10-05 21:26:00+00:00,786.8699994664653,786.8699994664653,786.8699993571369,786.8699993945047,0.0677803,53.33428461995935,4.0
2026-10-05 21:27:00+00:00,786.450000473762,786.590000212357,786.4500001303246,786.5899998689197,0.16067030000000002,126.3816512559393,6.0
2026-10-05 21:28:00+00:00,786.4521364117596,786.4521364117596,786.3764092244028,786.3764092326008,0.5970803,469.5298623375241,8.0
2026-10-05 21:29:00+00:00,786.2400000016243,786.2400000016243,785.9600000015976,786.0000000013077,41.3978603,32538.718195854137,31.0
2026-10-05 21:30:00+00:00,786.0100000072669,786.0100000072669,785.9400000096208,785.9500000098377,5.9028703,4639.360912343071,11.0
2026-10-05 21:31:00+00:00,785.950090362385,785.9500903624311,785.2406250030666,785.940097892582,36.613210300000006,28775.790087343696,38.0
2026-10-05 21:32:00+00:00,786.1599999868132,786.1799999962042,786.1599999868132,786.1799999962042,0.8339802999999999,655.6586322508343,7.0
2026-10-05 21:33:00+00:00,786.2937332433746,786.3226273457514,786.2937332433746,786.3226273454425,2.7976403000000003,2199.847871063492,8.0
2026-10-05 21:34:00+00:00,786.4824268772433,786.5042971766442,786.4824268772433,786.5042971766442,0.0489303,38.48389121214235,7.0
2026-10-05 21:35:00+00:00,786.7699897398046,786.7699922374119,786.6299987520999,786.7699920902435,0.004660299999999999,3.666584194138161,6.0
2026-10-05 21:36:00+00:00,786.6000000045602,786.6000000045602,786.37000000774,786.5199999962213,5.2089204,4096.920072988317,17.0
2026-10-05 21:37:00+00:00,786.3378085181012,786.3378085181012,786.3356169768784,786.3356169768784,0.8454503,664.807683273787,7.0
2026-10-05 21:38:00+00:00,786.2366535058677,786.2633464131079,786.2366534920474,786.2633463689592,0.11161030000000001,87.75508796724345,10.0
2026-10-05 21:39:00+00:00,786.2740153190764,786.3002922167998,786.2740153106388,786.3002922083622,0.2381103,187.22619846782078,7.0
2026-10-05 21:40:00+00:00,786.1457348098575,786.2886740352086,786.1028530435974,786.2886740352086,4.4586502999999995,3505.7862323736845,9.0
2026-10-05 21:41:00+00:00,786.2300000621019,786.4499998751509,786.2300000621019,786.3699999769881,0.2356703,185.32405380557677,7.0
2026-10-05 21:42:00+00:00,786.4527374615184,786.4527374697119,786.3531222179151,786.3531222261087,0.2664803,209.54761591675012,6.0
2026-10-05 21:43:00+00:00,786.4499999728998,786.479999974233,786.2300000527421,786.3700000039794,0.8266302999999999,650.0372690142894,9.0
2026-10-05 21:44:00+00:00,786.4995327498028,786.5886917260838,786.3014017116851,786.3905606879661,3.1140603,2448.8676253331355,12.0
2026-10-05 21:45:00+00:00,786.3000024027007,786.300002465281,786.3000015100447,786.3000015100447,0.018280300000000003,14.373799917604073,4.0
2026-10-05 21:46:00+00:00,786.3481869539183,786.3481869539183,786.348186915677,786.348186915677,0.49210030000000005,386.9621786856608,5.0
2026-10-05 21:47:00+00:00,786.2224142817089,786.3575171413042,786.18154093783,786.2640923679486,4.9330303,3878.6645914530895,19.0
2026-10-05 21:48:00+00:00,786.4133402627926,786.4142378233169,785.1632393207369,786.1595983837777,88.3673304,69470.8249775106,41.0
2026-10-05 21:49:00+00:00,786.3099999989125,786.309999999183,786.1400000072995,786.1800000061526,5.5957703,4399.282694488428,10.0
2026-10-05 21:50:00+00:00,786.2100456535366,786.4712984903243,786.2100456535366,786.4712984901956,4.625210300000001,3637.595150431228,14.0
2026-10-05 21:51:00+00:00,786.4364778698852,786.4364778698852,786.319150441795,786.319150441795,0.9739002999999998,765.7964565110092,10.0
2026-10-05 21:52:00+00:00,786.3207771653288,786.3207771719782,786.3207771653288,786.3207771719782,0.4854903,381.75111000545684,5.0
2026-10-05 21:53:00+00:00,786.3401206385861,786.4753567533719,786.3401206385861,786.4753567533719,0.5248303,412.76609742747917,7.0
2026-10-05 21:54:00+00:00,786.4827230729334,786.6494164815723,786.4827230729334,786.6494164809677,2.2816803,1794.8824765911195,13.0
2026-10-05 21:55:00+00:00,786.5700000098991,786.7199999840019,786.5700000087065,786.7199999840019,1.4238903,1120.2029767932206,5.0
2026-10-05 21:56:00+00:00,786.7835603881629,786.8071208142,786.7835603881629,786.8071208142,0.6011103,472.95786443476,7.0
2026-10-05 21:57:00+00:00,786.7799918270752,786.7799918270752,786.6301144885591,786.6401063107606,6.1144603,4809.879700424925,13.0
2026-10-05 21:58:00+00:00,786.8399999858524,786.8599999800142,786.8399999798737,786.8599999800142,0.9584602999999998,754.1740716388442,7.0
2026-10-05 21:59:00+00:00,786.9438363239955,786.9438363239955,786.8390539533491,786.8390539533491,3.1411002999999997,2471.5403884245807,10.0
2026-10-05 22:00:00+00:00,787.0894353887231,787.5016637737666,787.0894353887231,787.5016637737666,0.06701030000000001,52.77072273997924,8.0
2026-10-05 22:01:00+00:00,787.5600098503139,787.567703699617,787.5215405955198,787.5215405955198,0.17952030000000002,141.37610322416992,8.0
2026-10-05 22:02:00+00:00,787.7399999796498,787.9299999952038,787.5999999886741,787.9299999952038,4.6541502999999995,3667.1446458566775,10.0
2026-10-05 22:03:00+00:00,787.7109880525189,787.7218862359067,787.7109880525189,787.7218862359067,4.0696103,3205.721101761074,10.0
2026-10-05 22:04:00+00:00,788.2378887908394,788.27864996383,788.2378887908394,788.27864996383,0.6466802999999999,509.7642738422045,11.0
2026-10-05 22:05:00+00:00,788.3011581504043,788.3014147475798,788.2911897101577,788.3011085791388,13.303030299999998,10486.793532951871,11.0
2026-10-05 22:06:00+00:00,788.1033792364244,788.3120972959139,788.1032627124554,788.3108155430072,0.31925030000000004,251.66846435534973,9.0
2026-10-05 22:07:00+00:00,788.3157670658256,788.3157670658256,788.0765914009905,788.0765914009905,0.1460303,115.08306106526408,8.0
2026-10-05 22:08:00+00:00,788.3761290444374,788.3853118450828,788.0730973347146,788.0730973347146,0.7354203,579.564953663825,7.0
2026-10-05 22:09:00+00:00,787.6402610632081,787.6602313971092,787.4504583227105,787.660146828673,5.0227702999999995,3956.235991984697,17.0
2026-10-05 22:10:00+00:00,787.8672311332062,787.8672312122106,787.687278732504,787.819875317289,1.2448503000000002,980.7178081346899,11.0
2026-10-05 22:11:00+00:00,787.735390110944,787.7607983695368,787.7353899349952,787.7607983169547,0.36009040000000003,283.66510097027157,11.0
2026-10-05 22:12:00+00:00,787.8417929614238,788.0053269946884,787.8417929614238,787.9672200966388,0.26407030000000004,208.07874020108548,17.0
2026-10-05 22:13:00+00:00,788.0005716232702,788.4248713757106,788.0005700360275,788.4248713688042,0.0092503,7.293166587622849,14.0
2026-10-05 22:14:00+00:00,788.3604104320787,788.3604104320787,788.3604102958955,788.3604102958955,0.31715030000000005,250.02874063346638,5.0
2026-10-05 22:15:00+00:00,788.418698650105,788.4343163556049,788.418698650105,788.4343163556049,0.6808802999999999,536.8293938504991,8.0
2026-10-05 22:16:00+00:00,788.4299999678263,788.5199999962524,788.1800000045037,788.5199999962524,2.0448603,1612.4132437483365,12.0
2026-10-05 22:17:00+00:00,788.6900626127756,788.7500446417847,788.6800656099866,788.7500446417847,4.1381803,3263.9898963607543,9.0
2026-10-05 22:18:00+00:00,788.6660702034487,788.6660702034487,788.6660701380503,788.6660701380503,0.2358203,185.98346925977606,5.0
2026-10-05 22:19:00+00:00,788.7339757654528,789.2238572642232,788.7339757654528,789.2238572642232,1.2235703,965.6708717999427,16.0
2026-10-05 22:20:00+00:00,789.261908784838,789.261908784838,788.8871790641025,788.8871790641025,25.288970300000003,19950.14444140287,16.0
2026-10-05 22:21:00+00:00,788.9850496112401,789.0029867129882,788.8420006721914,788.8599377739395,4.9334503,3891.8012966688225,13.0
2026-10-05 22:22:00+00:00,788.9585418874414,788.9585418874414,788.6306311143114,788.7336887685381,2.2208102999999997,1751.6278999741635,11.0
2026-10-05 22:23:00+00:00,788.5193774707676,788.5950864414458,788.5193774707676,788.5950864414458,0.2653004,209.21459187095013,8.0
2026-10-05 22:24:00+00:00,788.5026383690071,788.5119439308343,788.4971523717925,788.5099300482249,0.14746030000000002,116.27391083789027,9.0
2026-10-05 22:25:00+00:00,788.7156428810961,788.7156433283177,788.7156428810961,788.7156433283177,0.1351303,106.57938149764857,6.0
2026-10-05 22:26:00+00:00,788.9199994008762,788.9199994008762,788.919996344923,788.919996344923,0.0086103,6.79283784452869,4.0
2026-10-05 22:27:00+00:00,788.5978163820046,788.5978163820046,788.5651199809278,788.5651199809278,3e-07,0.00023656953599427832,3.0
2026-10-05 22:28:00+00:00,788.5886929403999,788.5887037570706,788.5886929403999,788.5887037570706,0.0061853,4.877657709348608,4.0
2026-10-05 22:29:00+00:00,788.4614691483766,788.8903349980052,788.4614691483766,788.790598797174,0.6293803,496.449263708145,13.0
2026-10-05 22:30:00+00:00,788.7925934211977,788.903877754863,788.6003241852725,788.8316085047335,2.5344403,1999.2466185082192,15.0
2026-10-05 22:31:00+00:00,788.9129999791774,788.9129999791774,788.8773333488309,788.8773334398408,0.15609030000000004,123.1360996398248,7.0
2026-10-05 22:32:00+00:00,788.5804238793273,788.7902634661032,788.5804238739739,788.6903398521297,1.6237003,1280.596741425005,8.0
2026-10-05 22:33:00+00:00,788.9999996962932,788.999999846073,788.9999996962932,788.999999846073,0.2363903,186.51194666361314,4.0
2026-10-05 22:34:00+00:00,788.8324254340373,788.8324258584671,788.8324254340373,788.8324258584671,0.0671703,52.98611069464099,6.0
2026-10-05 22:35:00+00:00,789.1450853914731,789.1462326812606,789.0177054452835,789.0177054582639,6.2692804,4946.573236082467,13.0
2026-10-05 22:36:00+00:00,789.1971694704422,789.2566216194813,789.0089043086441,789.0089043086441,2.6887203,2121.424257895409,9.0
2026-10-05 22:37:00+00:00,788.7742961603894,788.7742961603894,788.6628640902918,788.6628640902918,0.7392202999999999,582.9955989916847,8.0
2026-10-05 22:38:00+00:00,788.5499999489003,788.7899999687327,788.5499999489003,788.7899999687327,0.6820103,537.9629045156753,6.0
2026-10-05 22:39:00+00:00,789.0327621045278,789.0327621701825,788.9562699969933,788.9562699969933,0.1414003,111.55865326445586,8.0
2026-10-05 22:40:00+00:00,788.9585805932182,788.9585812344648,788.9585804154573,788.9585812344648,0.0096003,7.574239067425233,5.0
2026-10-05 22:41:00+00:00,788.8799977880336,788.8799991008508,788.8799977880336,788.8799991008508,0.0126903,10.011123852589527,4.0
2026-10-05 22:42:00+00:00,788.8946529981602,788.8970373940022,788.8551324437722,788.8970373940022,3e-07,0.00023666911121820064,3.0
2026-10-05 22:43:00+00:00,788.8619590319569,788.8719590305055,788.7815492461697,788.7835082686237,2.0670003,1630.4157482262976,10.0
2026-10-05 22:44:00+00:00,788.6800054085536,788.7800009708808,788.6800037557482,788.7799995925953,0.0067602999999999995,5.332389431245822,5.0
2026-10-05 22:45:00+00:00,788.5641388495998,788.6062082493715,788.5082776284426,788.5503470282144,1.1779203,928.8494613365785,8.0
2026-10-05 22:46:00+00:00,788.3413950506927,788.391450269265,788.2225138193302,788.2663121355808,0.8870203999999999,699.2082994970277,10.0
2026-10-05 22:47:00+00:00,788.2106057343752,788.2106059548455,788.2106057157305,788.2106057157305,0.0525103,41.38917536931473,5.0
2026-10-05 22:48:00+00:00,788.2100000023372,788.2100000023372,787.9900000025299,787.9900000025299,3.8716703000000003,3050.837479706795,10.0
2026-10-05 22:49:00+00:00,787.9300000025796,787.9499999997344,787.9299999941486,787.9499999913033,2.1087403,1661.581919366661,7.0
2026-10-05 22:50:00+00:00,788.0199999976202,788.0299999974053,787.8800000003409,788.0299999971178,13.9613103,11001.93135566876,13.0
2026-10-05 22:51:00+00:00,787.879999990137,787.8800000030636,787.8699999817064,787.8699999817064,0.8206003,646.5263583459882,7.0
2026-10-05 22:52:00+00:00,787.9345595828446,788.0115198609707,787.9345595828446,788.0115198609707,4.2188003,3324.463236392919,10.0
2026-10-05 22:53:00+00:00,787.8211357278432,787.9003565626809,787.8211356738658,787.9003565087036,0.46001030000000004,362.4422793676757,8.0
2026-10-05 22:54:00+00:00,787.7987443705724,787.8049925009798,787.7987443311222,787.8049924988807,0.33530030000000005,264.15125032637246,7.0
2026-10-05 22:55:00+00:00,787.7812608508864,787.8799131479644,787.772521706992,787.7837825790045,2.2085003999999997,1739.8207989392442,15.0
2026-10-05 22:56:00+00:00,787.9890869613162,787.989087225507,787.9890869613162,787.989087225507,0.19062030000000002,150.20671620365232,5.0
2026-10-05 22:57:00+00:00,788.0899995756973,788.0899996119156,788.0899988490914,788.0899988490914,0.047100300000000005,37.11927537279187,4.0
2026-10-05 22:58:00+00:00,788.0701484613743,788.0900295091767,788.0701484613743,788.0900295091767,0.2084403,164.26972217790163,6.0
2026-10-05 22:59:00+00:00,787.9060857938797,787.9075481386368,787.906085781883,787.9075481305321,1.4867903,1171.4532998572581,6.0
2026-10-05 23:00:00+00:00,788.0087678578191,788.2739821989896,788.0087678578191,788.2739821989896,1.4492703000000002,1142.4220706637245,8.0
2026-10-05 23:01:00+00:00,788.1500005115041,788.1500005115041,788.1500000919574,788.1500000919574,0.0571003,45.00360145025079,4.0
2026-10-05 23:02:00+00:00,788.2465400600072,788.2635441632433,788.2203799070192,788.220379910813,1.4599303,1150.7468157093072,7.0
2026-10-05 23:03:00+00:00,787.9910382653283,788.1902966383293,787.9910382608297,788.1902966382921,3.3521703,2642.1481031390726,8.0
2026-10-05 23:04:00+00:00,788.4419213032164,788.4812863283951,788.4419213032164,788.4812863283951,0.15616030000000003,123.1294742174281,7.0
2026-10-05 23:05:00+00:00,788.3600146525063,788.3600202625169,788.3600141685068,788.3600202625169,0.0033203,2.6175917752776345,4.0
2026-10-05 23:06:00+00:00,788.5600010688435,788.5600010688435,788.4300024752881,788.4300024752881,0.0167103,13.174901870362808,5.0
2026-10-05 23:07:00+00:00,788.6599972474386,788.6599972474386,788.6599889389969,788.6599920921469,0.0108203,8.533537712434658,4.0
2026-10-05 23:08:00+00:00,788.5068710469827,788.5156775069374,788.5068710413852,788.51567750134,1.0367503,817.4938652042174,6.0
2026-10-05 23:09:00+00:00,788.519533117233,788.5195333566431,788.519533117233,788.5195333566431,0.16181030000000002,127.59058224829845,5.0
2026-10-05 23:10:00+00:00,788.4845439820153,788.4845439820153,788.4845434895132,788.4845434895132,0.1542804,121.6477107633795,6.0
2026-10-05 23:11:00+00:00,788.3347876541836,788.3347877043584,788.3347876541836,788.3347877043584,0.26318030000000003,207.47418592846938,5.0
2026-10-05 23:12:00+00:00,788.6157681307652,788.6157681307652,788.61576758905,788.61576758905,0.057660300000000005,45.47182174391491,5.0
2026-10-05 23:13:00+00:00,788.4399999553515,788.4399999553515,788.4399998549452,788.4399998549452,0.8000003,630.7522364159561,5.0
2026-10-05 23:14:00+00:00,787.9200008543585,787.9200008543585,787.8799987987934,787.879998952144,0.026270300000000003,20.69784393647251,5.0
2026-10-05 23:15:00+00:00,788.3499987320615,788.3499995203086,788.2399990286366,788.2399998168837,0.11127029999999999,87.70770125162458,5.0
2026-10-05 23:16:00+00:00,788.0801348124792,788.080134813336,788.0801346631156,788.0801346631156,0.1575403,124.15438083886762,5.0
2026-10-05 23:17:00+00:00,788.0299997324739,788.02999984531,787.7900001861307,787.9400000154315,0.1587103,125.05419378444913,6.0
2026-10-05 23:18:00+00:00,787.8661245805378,787.8681401915048,787.8661245805378,787.8681401915048,0.9735204,767.0057069864898,7.0
2026-10-05 23:19:00+00:00,787.7155445637586,787.715544593928,787.5871538618111,787.5871539384386,0.4124903,324.87206140421273,8.0
2026-10-05 23:20:00+00:00,787.7689547223783,787.7689547324686,787.6698257896417,787.6698257974932,2.5612603,2017.4274543230351,6.0
2026-10-05 23:21:00+00:00,787.8037819064489,787.8037821060836,787.8037819064489,787.8037821060836,0.045690299999999996,35.99499114556159,5.0
2026-10-05 23:22:00+00:00,787.9129480028423,787.9612465183288,787.9129480028423,787.9457971754305,3e-07,0.00023638373915262913,3.0
2026-10-05 23:23:00+00:00,788.1200639509417,788.2012579769341,788.1200639509417,788.2012579769341,0.6562003,517.2179019448415,10.0
2026-10-05 23:24:00+00:00,788.2301773205735,788.3360730310272,788.1754389238347,788.1754389238347,3e-07,0.0002364526316771504,3.0
2026-10-05 23:25:00+00:00,788.3199998723921,788.3199998723921,788.3199997372283,788.3199998518028,0.12584030000000002,99.20242527735083,6.0
2026-10-05 23:26:00+00:00,788.2900019447682,788.2900019447682,788.2900016624286,788.2900016624286,0.0145904,11.501466440255498,5.0
2026-10-05 23:27:00+00:00,788.437571898812,788.437571898812,787.8794520239642,787.8794520239642,0.1295503,102.07001937354018,6.0
2026-10-05 23:28:00+00:00,788.1286642521687,788.1375358714743,788.1286642430347,788.1375358466211,0.11123129999999999,87.66556269101625,6.0
2026-10-05 23:29:00+00:00,788.1299999292153,788.1299999292153,788.1299999239903,788.129999926623,0.4212003,331.9605924080936,4.0
2026-10-05 23:30:00+00:00,787.9700000108222,788.1099991771615,787.9700000108222,788.089999297103,0.0478703,37.726104693352106,8.0
2026-10-05 23:31:00+00:00,787.9088422057134,787.9221108191703,787.8453698465856,787.8453698465856,3e-07,0.0002363536109539757,3.0
2026-10-05 23:32:00+00:00,787.8799999997642,787.8799999997642,787.4000000025839,787.4000000025839,36.23488030000001,28531.34474831363,15.0
2026-10-05 23:33:00+00:00,787.6399999885421,787.6399999885421,787.3700000281976,787.5599999506909,0.7354203,579.1876114317371,6.0
2026-10-05 23:34:00+00:00,787.5599828150006,787.5599828150006,787.559976449537,787.5599817506989,0.0017403,1.3705906362407412,4.0
2026-10-05 23:35:00+00:00,787.4699999951415,787.4699999951415,787.2100000021577,787.2100000047299,2.8511003999999995,2244.414745897485,13.0
2026-10-05 23:36:00+00:00,787.4498366676488,787.4498366676488,787.4498366193247,787.4498366193247,1.1021903,867.9195716584045,5.0
2026-10-05 23:37:00+00:00,787.2199993652417,787.4499981650313,787.0900014507698,787.4499981650313,0.018700300000000003,14.725551200685537,7.0
2026-10-05 23:38:00+00:00,787.3199999911819,787.4600000004593,787.3199999911819,787.4600000004593,1.1148103,877.868518838512,5.0
2026-10-05 23:39:00+00:00,787.6661854213546,787.6661858555287,787.6661854213546,787.6661857282662,0.0416403,32.798656273580725,5.0
2026-10-05 23:40:00+00:00,787.50000000064,787.6199999976698,787.3400000028895,787.3900000020932,12.120540299999998,9543.59222684237,15.0
2026-10-05 23:41:00+00:00,787.4499999991824,787.4499999995826,787.210000010441,787.4100000008716,6.2699803,4937.045188028465,12.0
2026-10-05 23:42:00+00:00,787.4999999609688,787.4999999609688,787.4199999411443,787.4899998831286,0.3619703,285.04799150469603,8.0
2026-10-05 23:43:00+00:00,787.479998555091,787.4799988200219,787.4799979620088,787.4799979620088,0.0251404,19.797562140764086,5.0
2026-10-05 23:44:00+00:00,787.609976174871,787.610002397568,787.609976174871,787.6100017348119,0.0015903,1.2525361857588715,4.0
2026-10-05 23:45:00+00:00,787.1701481676981,787.248962841203,786.8844449728664,787.2489628378264,10.8189803,8517.231020137875,22.0
2026-10-05 23:46:00+00:00,787.109999960507,787.1899999548048,787.109999960507,787.1899999548048,1.0642903,837.7986812088991,8.0
2026-10-05 23:47:00+00:00,786.8400002000177,786.8400002000177,786.6900001063068,786.6900001314136,0.24218030000000002,190.5208202388258,7.0
2026-10-05 23:48:00+00:00,786.7179353358707,786.7774877552188,786.7129740850534,786.7725264948765,0.1399003,110.06971248839118,10.0
2026-10-05 23:49:00+00:00,786.6772258745474,786.6810536943409,786.6021632115369,786.602163234524,1.2651402999999999,995.1620967751746,10.0
2026-10-05 23:50:00+00:00,786.6299999743496,786.6900000101253,786.6299999743496,786.6500000169743,1.7520603000000001,1378.25823502474,7.0
2026-10-05 23:51:00+00:00,786.5500001006477,786.5500001071355,786.5500000257008,786.5500000691856,0.7485304,588.7565861717875,5.0
2026-10-05 23:52:00+00:00,786.9764936854224,786.9931170950919,786.9764936576232,786.9931170930062,0.9494802999999999,747.2344609154026,6.0
2026-10-05 23:53:00+00:00,787.1582917011996,787.1874375917466,786.9639860176917,786.9639860557126,0.2174203,171.10194593742884,7.0
2026-10-05 23:54:00+00:00,786.8426665572915,786.8426665572915,786.8426662452212,786.8426662452212,0.037960299999999995,29.868783663468466,5.0
2026-10-05 23:55:00+00:00,787.0264708518223,787.0829417272428,787.0264708518223,787.0829417250244,0.9303402999999999,732.2549801293417,7.0
2026-10-05 23:56:00+00:00,786.8000011789707,786.8200010886234,786.8000002372014,786.8200001468541,0.06641029999999999,52.25295225575262,5.0
2026-10-05 23:57:00+00:00,786.8499999818225,786.8499999818225,786.4300000984194,786.4300000984194,0.5267202999999999,414.22864558083944,7.0
2026-10-05 23:58:00+00:00,786.4100002261054,786.410000284381,786.410000194279,786.410000194279,0.16977040000000002,133.50914029698282,5.0
2026-10-05 23:59:00+00:00,786.3651714228946,786.4250343119279,786.2702741030497,786.2702741296007,0.2539403,199.66570929355305,10.0
2026-10-06 00:00:00+00:00,786.3028312358889,786.3028316256606,786.3028312358889,786.3028315082847,0.026950300000000003,21.191097199997728,5.0
2026-10-06 00:01:00+00:00,786.3999999905782,786.5400000094273,786.3799999990787,786.5400000094273,0.7058402999999999,555.1716295686541,9.0
2026-10-06 00:02:00+00:00,786.3699950417994,786.3700059630987,786.3699950417994,786.3700059630987,0.0028103,2.2099356277580964,4.0
2026-10-06 00:03:00+00:00,786.3811479541693,786.427704088421,786.2118111502092,786.2118111502092,1.8278603,1437.0853569925648,13.0
2026-10-06 00:04:00+00:00,786.2905949519272,786.2905949519272,786.0916766526609,786.0916766526609,0.2310803,181.65030046839988,8.0
2026-10-06 00:05:00+00:00,785.968838370484,786.1479040563624,785.7274494492186,786.1479040563624,6.514500300000002,5121.360756819546,15.0
2026-10-06 00:06:00+00:00,785.8748756480177,785.9802487794024,785.8748756311579,785.9802487631025,1.6123503000000001,1267.2754898872631,8.0
2026-10-06 00:07:00+00:00,786.1933136326046,786.1933137216452,786.1933136326046,786.1933137216452,0.3349603,263.3435482221964,5.0
2026-10-06 00:08:00+00:00,786.4799992832643,786.4800001068746,786.4799992832643,786.4800001068746,0.1459504,114.7870706075984,5.0
2026-10-06 00:09:00+00:00,786.5602997844564,786.8065788280555,786.5571660338413,786.7506710037085,1.1336703000000001,891.9158692219756,13.0
2026-10-06 00:10:00+00:00,786.7699997518665,786.9499996572031,786.5400002965017,786.9499996572031,0.12669030000000003,99.69893154157099,6.0
2026-10-06 00:11:00+00:00,786.7729112391927,787.052828455783,786.7729112390309,787.052828455783,0.3331603,262.2147564441772,10.0
2026-10-06 00:12:00+00:00,787.0800011689855,787.0800011689855,787.0799876135993,787.0799876135993,0.0060203,4.738457649430152,4.0
2026-10-06 00:13:00+00:00,786.7582202137446,786.8671523189508,786.7582202137446,786.8671523189508,1.4841602999999999,1167.8369888458396,7.0
2026-10-06 00:14:00+00:00,786.7995839011933,786.9356912360466,786.7836107377751,786.7904161049978,4.2331003,3330.5627464511913,9.0
2026-10-06 00:15:00+00:00,786.5584590921043,786.7744471747786,786.5584590921043,786.7203693774313,6.3902603,5027.347943633935,10.0
2026-10-06 00:16:00+00:00,786.9577863256761,787.174369588389,786.9577863256761,787.1743695825727,2.8576103,2249.4375864151666,9.0
2026-10-06 00:17:00+00:00,787.2535253633731,787.3491186720785,787.2535253633731,787.3491186646502,3.5017104,2757.0685972588394,9.0
2026-10-06 00:18:00+00:00,787.6399993214573,787.6799991079731,787.639997550342,787.6799973368578,0.056210300000000005,44.27572895430398,5.0
2026-10-06 00:19:00+00:00,787.3699999897367,787.5599999864454,787.3699999897367,787.5599999864454,6.2084903,4889.558620583846,12.0
2026-10-06 00:20:00+00:00,787.2446231171011,787.5565158899824,787.1279229586881,787.5547235948255,7.0875603,5581.841593028159,15.0
2026-10-06 00:21:00+00:00,787.7148711534849,787.7148711764341,787.7148711534849,787.7148711764341,2.6240103,2066.9719354301365,6.0
2026-10-06 00:22:00+00:00,787.7755559665343,787.8488878543668,787.7022240368634,787.8488878265274,0.2688803,211.83704531346305,7.0
2026-10-06 00:23:00+00:00,787.8999999243806,787.8999999243806,787.570000053645,787.6899999911146,0.5757203,453.4891231018845,8.0
2026-10-06 00:24:00+00:00,787.5097399519028,787.5097399557882,787.5097399519028,787.5097399537093,1.4303002999999999,1126.3754173087123,5.0
2026-10-06 00:25:00+00:00,787.0550982737349,787.0784126970624,787.0294547962196,787.05276925847,0.47154930000000006,371.1341824068931,8.0
2026-10-06 00:26:00+00:00,786.8232632776976,786.8232632776976,786.823263205131,786.823263205131,1.5708704,1235.9973742003494,6.0
2026-10-06 00:27:00+00:00,786.7430689919537,786.7790254186525,786.5469673262766,786.7229963713405,5.2432803,4125.009188430821,12.0
2026-10-06 00:28:00+00:00,786.9151570328135,786.9151570328135,786.456909104678,786.456909104678,3.3100403,2603.204063349921,12.0
2026-10-06 00:29:00+00:00,786.4075353952747,786.4451259840065,786.3494960347518,786.3870866239911,3.0673103,2412.09321058876,7.0
2026-10-06 00:30:00+00:00,786.2027792364488,786.2027792424208,786.0531639831113,786.149345227168,5.4659003,4297.013941921981,11.0
2026-10-06 00:31:00+00:00,786.5859261307834,786.7662954561899,786.5014829359679,786.7662954561899,5.0642803,3984.4050507827624,12.0
2026-10-06 00:32:00+00:00,786.5710307127188,786.6605889708577,786.569852758543,786.619607346398,1.4832802999999999,1166.7773671706473,8.0
2026-10-06 00:33:00+00:00,786.6811724260428,786.6811725066941,786.6811724260428,786.6811725066941,0.21194030000000003,166.72944370542052,7.0
2026-10-06 00:34:00+00:00,786.6899999792522,786.7699999680998,786.5399999791458,786.5399999791458,2.1520003,1692.634315917122,9.0
2026-10-06 00:35:00+00:00,786.5999994412184,786.7199991566372,786.599999130661,786.7199991566372,0.0656503,51.648403960632976,5.0
2026-10-06 00:36:00+00:00,786.6999993175393,786.6999993175393,786.6399981641073,786.6399981641073,0.0403204,31.71763938197607,6.0
2026-10-06 00:37:00+00:00,786.4096244265382,786.6857903133033,786.4078951641449,786.6857903133033,5.772750300000001,4541.3406320368595,14.0
2026-10-06 00:38:00+00:00,786.4630365745207,786.4948617066548,786.436517680584,786.4948617066548,0.024190300000000005,19.025546653142495,7.0
2026-10-06 00:39:00+00:00,786.2300000169442,786.2300000169442,786.1600000100369,786.1600000100369,3.9762702999999995,3125.984659087909,7.0
2026-10-06 00:40:00+00:00,786.222511621345,786.5039605968766,786.222511621345,786.4827617154759,10.2256103,8042.266228970216,26.0
2026-10-06 00:41:00+00:00,786.3586980921554,786.3991320600537,786.2760880428781,786.3165220107763,3.4730402999999996,2730.908969499263,10.0
2026-10-06 00:42:00+00:00,786.4544102940836,786.4544103276733,786.3922358725116,786.3922359061013,1.4338902999999998,1127.6001990610703,7.0
2026-10-06 00:43:00+00:00,786.6499828608567,786.6499828771143,786.6005570995354,786.6005571024314,0.43434030000000007,341.6523219520372,6.0
2026-10-06 00:44:00+00:00,786.3097199858415,786.4884407335578,786.3097199109832,786.3792224182698,0.8850802999999999,696.008758091729,9.0
2026-10-06 00:45:00+00:00,786.216913396761,786.216913396761,785.9838615325904,785.9838615325904,2.3047103,1811.465101307935,12.0
2026-10-06 00:46:00+00:00,786.2330304808254,786.2895102176184,786.2288461018942,786.2853258386872,0.7379302999999999,580.2237663817401,8.0
2026-10-06 00:47:00+00:00,786.3287255049098,786.3287255049098,786.1270715373952,786.1270715373952,4e-07,0.00031445082861495803,4.0
2026-10-06 00:48:00+00:00,786.2759474821961,786.2759476460278,786.2740046811915,786.2740046811915,0.0205903,16.189617638587137,6.0
2026-10-06 00:49:00+00:00,786.0594362747541,786.2287627137313,786.0594362747541,786.2287627137313,1.4615003,1149.073572574747,7.0
2026-10-06 00:50:00+00:00,786.0631898447349,786.5481422626109,786.0631898447349,786.5481422597289,1.5819202999999995,1244.2564731679527,9.0
2026-10-06 00:51:00+00:00,786.3399999948906,786.3399999948906,786.2299999875481,786.2299999875481,2.5788503,2027.5694713368885,6.0
2026-10-06 00:52:00+00:00,786.0349445732782,786.2005498653432,786.0239556587039,786.2005498605217,2.8608103,2249.170630906644,11.0
2026-10-06 00:53:00+00:00,786.2250612715567,786.2250612715567,785.9669877496399,785.9976707617767,0.8012903,629.8123094040053,10.0
2026-10-06 00:54:00+00:00,786.0000000129963,786.1199999769906,785.9900000118845,786.1199999745255,1.3331204,1047.9926088140396,12.0
2026-10-06 00:55:00+00:00,786.0230963329686,786.0369352079725,785.7461295900838,785.983080563286,11.032920299999999,8671.688685003212,15.0
2026-10-06 00:56:00+00:00,786.0606611069098,786.0606611069098,785.8152979585211,785.9053631576624,5.4122603,4253.524396575299,11.0
2026-10-06 00:57:00+00:00,785.8591995953095,785.8591996058268,785.8483991887217,785.8483991919678,2.7663402999999995,2173.9240963752277,7.0
2026-10-06 00:58:00+00:00,785.8226113124992,785.8919054981335,785.7129238319733,785.8911088807472,0.2479703,194.87765403649155,10.0
2026-10-06 00:59:00+00:00,785.6860947747053,785.7687207807256,785.6754423841294,785.7225604411045,6.430250300000001,5052.392729993181,15.0
2026-10-06 01:00:00+00:00,786.2199998699153,786.2199999476027,786.0199999217134,786.049999991631,1.5444604,1214.0230974070744,9.0
2026-10-06 01:01:00+00:00,786.0180571332348,786.4896444508621,786.0180571332348,786.4896444508621,8.3245103,6547.141146074539,14.0
2026-10-06 01:02:00+00:00,786.5799999978212,786.5799999978212,786.2099999958613,786.2099999958613,2.5427503,1999.1357133524762,5.0
2026-10-06 01:03:00+00:00,786.1200001469992,786.1200001469992,786.1199998710423,786.1199998710423,0.2885503,226.83516179878922,4.0
2026-10-06 01:04:00+00:00,785.9187051358562,785.9187051414395,785.7841902513157,785.8545760437925,5.5664903,4374.451874758383,11.0
2026-10-06 01:05:00+00:00,786.0999999730374,786.0999999990792,786.0999999730374,786.0999999988347,1.2731403000000001,1000.8155898285165,5.0
2026-10-06 01:06:00+00:00,786.4399993037305,786.4399993158445,786.0900002502776,786.0900003639548,0.1001803,78.7507320634611,6.0
2026-10-06 01:07:00+00:00,786.3499999686646,786.3499999686646,785.9300000228088,785.9300000228088,1.5380203,1208.7762944140804,9.0
2026-10-06 01:08:00+00:00,785.8946965663336,786.0006923168585,785.8600624566383,785.9660582073675,2.5750004,2023.8629142703946,9.0
2026-10-06 01:09:00+00:00,785.889999078929,785.889999078929,785.8499977064937,785.8499979118583,0.019480300000000002,15.308593714322376,5.0
2026-10-06 01:10:00+00:00,785.7699996585761,785.7699996585761,785.6799997400764,785.6799998458749,0.10914030000000001,85.74935088717875,6.0
2026-10-06 01:11:00+00:00,785.6231276722367,785.6231276722367,785.2248713637124,785.5592121548931,18.8767203,14828.781526936276,34.0
2026-10-06 01:12:00+00:00,785.36374483216,785.5015123815627,785.3594395963632,785.5015123815627,3.7481803,2944.2012943287796,10.0
2026-10-06 01:13:00+00:00,785.3538399491024,785.3538399491024,785.289232017028,785.2892320231558,1.9863602999999999,1559.8673545082852,9.0
2026-10-06 01:14:00+00:00,785.3439045369255,785.3617654148923,785.3439045369255,785.3617654148923,1.4987203,1177.037620671137,6.0
2026-10-06 01:15:00+00:00,785.3000000971866,785.4500000501976,785.3000000066969,785.4499999697989,1.2768903999999999,1002.9335646414364,6.0
2026-10-06 01:16:00+00:00,785.3328526979067,785.3328526979067,785.3328517831148,785.332851937172,0.0498603,39.15693159744298,5.0
2026-10-06 01:17:00+00:00,785.1650787392362,785.1650787392362,783.3801417948818,783.6987535786288,35.8266703,28077.31685898248,89.0
2026-10-06 01:18:00+00:00,783.5500000291619,783.5500000291619,783.4800000382609,783.4800000382609,0.4640803,363.5976334617561,5.0
2026-10-06 01:19:00+00:00,783.1918383515435,783.2148723505869,783.1538142396998,783.1768482387432,4.819050300000001,3774.1686254579704,9.0
2026-10-06 01:20:00+00:00,783.320244278676,783.4913860880766,783.3202442766755,783.4076550198761,1.8051602999999998,1414.1763975579759,10.0
2026-10-06 01:21:00+00:00,783.4102760000085,783.6290225165116,783.410275999255,783.6290225165116,5.5987603,4387.351061193252,12.0
2026-10-06 01:22:00+00:00,783.7169683190541,783.8249845264274,783.7169683068973,783.8249845264274,4.2418704,3324.8840006431105,8.0
2026-10-06 01:23:00+00:00,784.0036722266099,784.0129084283723,783.9944360406229,784.0129084214875,1.6695203,1308.9254660717145,7.0
2026-10-06 01:24:00+00:00,783.7200016980828,783.7200016980828,783.719999962868,783.719999962868,0.0381403,29.891315914583775,4.0
2026-10-06 01:25:00+00:00,783.5520157362298,783.6781416716454,783.5070550883516,783.6331810295445,3.5472803,2779.766545492437,10.0
2026-10-06 01:26:00+00:00,783.5128400139814,783.5698139142804,783.5128400139814,783.5616747858228,10.2871703,8060.6323890749745,13.0
2026-10-06 01:27:00+00:00,783.5735823926599,783.5735823926599,783.5646519896837,783.5646519896837,2.2779502999999997,1784.9213340692954,6.0
2026-10-06 01:28:00+00:00,783.7276410348287,784.1002148715446,783.7276410348287,784.1002148715446,5.483960299999999,4299.974449577019,13.0
2026-10-06 01:29:00+00:00,783.8800685970452,784.0597599211903,783.6304973115166,784.0597599191965,4.397020299999999,3447.526680777833,10.0
2026-10-06 01:30:00+00:00,783.7934493927727,783.8289662705977,783.4644831407713,783.4940805389588,0.7409604000000001,580.5380873137792,11.0
2026-10-06 01:31:00+00:00,783.3161300908671,783.4107955113722,783.1267992637576,783.2025315989242,2.8210303000000003,2209.438072677273,11.0
2026-10-06 01:32:00+00:00,783.2825672272342,783.5454032921431,783.2825672166811,783.4134475270222,6.9005903,5406.015236894528,14.0
2026-10-06 01:33:00+00:00,783.0596758068478,783.081186599077,782.9657532459761,783.0576996343202,3.3624703000000005,2633.008258206723,35.0
2026-10-06 01:34:00+00:00,782.852834471633,782.9685351278212,782.587653860056,782.587653860056,2.3168502999999996,1813.1384406219665,23.0
2026-10-06 01:35:00+00:00,782.3856175495636,782.3856175520335,782.0437529032666,782.0437529032666,7.6367303,5972.257223722089,24.0
2026-10-06 01:36:00+00:00,782.0041475398683,782.2287192612156,782.0041475398683,782.2287192612156,5.4924603,4296.360186062072,12.0
2026-10-06 01:37:00+00:00,782.1199838431173,782.8222001761699,782.1199838431173,782.8222001761699,3.8567204,3019.126348992318,18.0
2026-10-06 01:38:00+00:00,783.1566833459019,783.4960557080715,783.1566833459019,783.4960557080715,1.3625502999999999,1067.5527857538493,16.0
2026-10-06 01:39:00+00:00,783.2313587503397,783.2313587503397,783.1976652807958,783.1976652807958,0.4490503,351.69514655364094,7.0
2026-10-06 01:40:00+00:00,782.8800072400493,782.8800072400493,782.6000088930232,782.6000088930232,0.0040003,3.1306348155747608,5.0
2026-10-06 01:41:00+00:00,782.7281186235109,782.764981221569,782.7281186235109,782.764981221569,1.6283402999999999,1274.6077643518238,7.0
2026-10-06 01:42:00+00:00,782.7195373296354,782.7195373296354,782.5708328465829,782.6401850898075,3.2808602999999996,2567.733112445801,8.0
2026-10-06 01:43:00+00:00,782.8758056391406,782.8758056505952,782.6545751918945,782.6545751918945,1.9683602999999998,1540.54619442109,7.0
2026-10-06 01:44:00+00:00,782.489203782633,783.6642676397496,782.4725148611358,783.1895293670015,45.107510399999995,35327.72984109312,65.0
2026-10-06 01:45:00+00:00,783.1908043732408,783.3101149101436,783.1112640152846,783.2902298210746,7.6686003,6006.7396913929615,16.0
2026-10-06 01:46:00+00:00,783.26920967263,783.3374102974078,783.1735257877291,783.2512948358407,1.0437603,817.5266064732455,9.0
2026-10-06 01:47:00+00:00,783.1272713000017,783.5050916795964,783.0745521882798,783.5050916373915,1.8154403000000001,1422.4067186137136,9.0
2026-10-06 01:48:00+00:00,783.4476125296849,783.4476125493603,783.4476125296849,783.4476125340633,1.4076803,1102.843770246234,5.0
2026-10-06 01:49:00+00:00,783.0000000277984,783.0000000277984,782.9500000241959,782.9500000284218,1.9139602999999998,1498.535216939398,5.0
2026-10-06 01:50:00+00:00,782.8419478548507,783.051460884607,782.6736579833307,782.914144941268,6.080960300000001,4760.869833696297,15.0
2026-10-06 01:51:00+00:00,782.7419288248853,782.7419288248853,782.6589642355211,782.676742337228,0.4637503,362.9665740619122,11.0
2026-10-06 01:52:00+00:00,782.7586315144777,782.7586315144777,782.6290591678111,782.6290591779232,0.8066804,631.3315225092707,10.0
2026-10-06 01:53:00+00:00,782.774982724637,782.7749827336206,782.7609817399749,782.7609817540468,0.4244703,332.2587887534348,6.0
2026-10-06 01:54:00+00:00,782.6660622917913,782.7722436113016,782.3626671499712,782.4157577998125,1.6043503,1255.2689557508563,12.0
2026-10-06 01:55:00+00:00,782.2314568836747,782.2314569101841,782.2314568820677,782.2314568820677,0.18523030000000001,144.89296742770247,5.0
2026-10-06 01:56:00+00:00,782.6799479155251,782.6799609724837,782.6799380712132,782.6799609724837,0.0009703,0.759434366131601,4.0
2026-10-06 01:57:00+00:00,782.4700000167962,782.4700000167962,782.4100000057613,782.4100000067778,2.8837303,2256.259424042545,6.0
2026-10-06 01:58:00+00:00,782.5398492644838,782.8296411087775,782.5398492644838,782.8296411087775,6.1857003,4842.349545855457,13.0
2026-10-06 01:59:00+00:00,782.6461599351951,782.6537596721266,782.6461599157258,782.6537596628151,2.2619203999999997,1770.3005051180185,9.0
2026-10-06 02:00:00+00:00,782.999846694474,783.0453709227421,782.7175964820126,782.7175964820126,14.2652503,11165.66242803031,14.0
2026-10-06 02:01:00+00:00,782.3955104995291,782.3955104995291,782.0056370320982,782.0359860517927,3.9963103,3125.258466029436,13.0
2026-10-06 02:02:00+00:00,781.7208538821815,781.7810594988894,781.1577814400943,781.3974385762878,12.0758503,9436.038493050697,40.0
2026-10-06 02:03:00+00:00,781.3423953475419,781.3423953475419,781.3423953092722,781.3423953190071,2.1853003,1707.467770893345,7.0
2026-10-06 02:04:00+00:00,781.6363024206763,781.6363024206763,781.6363012303107,781.6363014061568,0.0345303,26.990135978445018,5.0
2026-10-06 02:05:00+00:00,781.3900000081859,781.5497838294518,781.3900000081859,781.5497838294518,2.8939903,2261.7974933695305,7.0
2026-10-06 02:06:00+00:00,781.2088906902678,781.2088906902678,780.9697717919968,781.1088906514666,2.9033303000000004,2267.81710982779,16.0
2026-10-06 02:07:00+00:00,781.1393181592986,781.1393181592986,780.7217831024511,780.7217831024511,3.8784902999999993,3028.02186276156,14.0
2026-10-06 02:08:00+00:00,781.0136550146998,781.2452848028048,781.0136550146998,781.2452848028048,4.0816203,3188.7466137304095,8.0
2026-10-06 02:09:00+00:00,781.1736023105335,781.2912103183509,781.173602307659,781.2912102988524,1.6899804,1320.3668320973388,7.0
2026-10-06 02:10:00+00:00,781.0734138548778,781.0832825477322,781.0734137816434,781.083282522958,0.1972703,154.0845334682887,6.0
2026-10-06 02:11:00+00:00,781.015014822648,781.0900295474416,781.0150147837531,781.0900295085468,0.8473803,661.8803035319612,6.0
2026-10-06 02:12:00+00:00,780.6400000939614,780.6400000939614,780.410000031057,780.5000000116978,1.3946803,1088.5479741663148,7.0
2026-10-06 02:13:00+00:00,780.3513688924843,780.3790951046273,780.3298530291378,780.3683371692626,0.5007102999999999,390.7384642145226,8.0
2026-10-06 02:14:00+00:00,780.1808841574237,780.3881184707196,780.0930008804363,780.1846472204412,7.8893303,6155.134376911038,14.0
2026-10-06 02:15:00+00:00,780.2997556044157,780.2997556061597,780.042300399678,780.0798966081082,7.156740300000001,5582.8292332750825,20.0
2026-10-06 02:16:00+00:00,780.2843032644513,780.63000000833,780.2662021767414,780.63000000833,4.2408004,3310.496016287326,11.0
2026-10-06 02:17:00+00:00,780.4464891196261,780.5352221123428,780.3832331842257,780.5340792718441,2.3094003,1802.5656368306206,10.0
2026-10-06 02:18:00+00:00,780.3550309005813,780.4301235627985,780.3550309005813,780.4301235627985,2.5661703,2002.7166043121836,7.0
2026-10-06 02:19:00+00:00,780.8593937709203,780.8992835597523,780.6400000046174,780.8992835597523,5.0371103,3933.4758244814493,13.0
2026-10-06 02:20:00+00:00,781.1675682590522,781.3728108038366,781.011400594716,781.2166431395002,0.0716503,55.974406845938134,8.0
2026-10-06 02:21:00+00:00,781.2650186574592,781.5132174314333,781.155900614417,781.5132174314333,4.6119303,3604.2844873225154,13.0
2026-10-06 02:22:00+00:00,781.5692702502334,781.8903936419462,781.5692702502334,781.8903936419462,3.5353802999999995,2764.2798944409815,15.0
2026-10-06 02:23:00+00:00,782.2258469326757,783.0175173452998,782.2258469326757,783.0175173452998,12.842100299999998,10055.589494405329,26.0
2026-10-06 02:24:00+00:00,782.9000009921975,782.9000009921975,782.9000002018045,782.9000002018045,0.07819029999999999,61.21518588577914,4.0
2026-10-06 02:25:00+00:00,783.0985579226236,783.2472631504991,783.0300000186335,783.1576105054058,3.1961902999999996,2503.120758068556,10.0
2026-10-06 02:26:00+00:00,783.1367520670091,783.1367520670091,783.1172640180215,783.1172640180215,0.5038803,394.59736192857986,6.0
2026-10-06 02:27:00+00:00,782.8796374523888,782.8796374523888,782.6099187497105,782.6298979115732,3.6762403,2877.135570687411,10.0
2026-10-06 02:28:00+00:00,782.5945362410183,782.5945362410183,782.1131725083237,782.1131725083237,1.0025404,784.1000528117638,9.0
2026-10-06 02:29:00+00:00,782.0394333209363,782.0394333209363,781.7697950625684,781.7697950625684,0.9479703,741.0945471564015,8.0
2026-10-06 02:30:00+00:00,782.1081779721192,782.2040889891463,782.0709310333239,782.1817408258692,5.681970300000001,4444.333420574886,12.0
2026-10-06 02:31:00+00:00,782.2334303521003,782.6538489064816,782.2334303379356,782.6538489064816,2.1100003000000003,1651.399855988831,11.0
2026-10-06 02:32:00+00:00,782.2790919675089,782.5867459299284,782.2790919140627,782.5867458764823,1.3729502999999998,1074.4527075271399,6.0
2026-10-06 02:33:00+00:00,781.9433200981663,781.9433200981663,781.8642913813,781.8642913813,0.2315903,181.07218580028268,7.0
2026-10-06 02:34:00+00:00,781.6150119164811,781.6150119164811,781.0850119146176,781.1795693627458,3.5586302999999995,2779.9292852752187,13.0
2026-10-06 02:35:00+00:00,781.1119827014725,781.6971093381062,780.6517356420597,781.6971093381062,13.770020399999998,10763.985142206751,30.0
2026-10-06 02:36:00+00:00,781.3929603840467,781.4106582841005,781.2071324105439,781.4106582629914,2.3511602999999996,1837.2217177048121,8.0
2026-10-06 02:37:00+00:00,781.2302813022512,781.2302813022512,781.2302812562795,781.2302812562795,1.2812803,1000.9749691371301,5.0
2026-10-06 02:38:00+00:00,781.5041608690461,781.504160887291,781.4283846509917,781.4283846701962,1.3928802999999998,1088.4362028679382,8.0
2026-10-06 02:39:00+00:00,781.7100000008304,781.7407436513637,781.7100000004913,781.7407436513637,3.3215803,2596.6146538197195,8.0
2026-10-06 02:40:00+00:00,781.7400067600943,781.7600055790615,781.7400044832998,781.760004803833,0.0050803,3.971575352404913,5.0
2026-10-06 02:41:00+00:00,781.8500037768371,781.8500037768371,781.8499920866108,781.8499920866108,0.0059702999999999996,4.667879007754692,4.0
2026-10-06 02:42:00+00:00,781.7299999651166,781.7299999986566,781.4100000307903,781.4100000307903,0.7948003,621.0649024474722,5.0
2026-10-06 02:43:00+00:00,781.5298071976674,781.5298072598679,781.3532765040849,781.3532765261178,1.3147503999999999,1027.2845328540238,7.0
2026-10-06 02:44:00+00:00,781.3285238184145,781.3285238310447,781.3285237826672,781.3285237826672,0.9519103,743.7546694725158,5.0
2026-10-06 02:45:00+00:00,781.1999999569496,781.1999999569496,780.9199999352908,780.9199999352908,1.2733903,994.4159529935998,6.0
2026-10-06 02:46:00+00:00,780.6072641269832,780.9109040677777,780.5986281220815,780.8849881687105,7.3056003,5704.833603830828,18.0
2026-10-06 02:47:00+00:00,780.7500000098014,780.7500000098014,780.4800000110766,780.6499999825098,1.7852903,1393.686872663775,7.0
2026-10-06 02:48:00+00:00,780.4364036252762,780.7348026668668,780.436403623884,780.7348026654746,1.4748602999999998,1151.4747652796425,8.0
2026-10-06 02:49:00+00:00,780.7477753575554,780.7477753575554,780.747775304518,780.7477753330469,1.4411103,1125.14366073454,5.0
2026-10-06 02:50:00+00:00,781.0316205550827,781.0371805020344,780.8005797150796,780.9433201545442,5.6443704,4407.933360358033,12.0
2026-10-06 02:51:00+00:00,780.9500000119781,780.9500000119781,780.9500000059903,780.9500000059903,2.5615403,2000.4348973003443,5.0
2026-10-06 02:52:00+00:00,780.9600000045964,780.9600000045964,780.8500000038504,780.9000000060192,3.8220603,2984.6468882930058,9.0
2026-10-06 02:53:00+00:00,781.0999999983108,781.1899999901792,781.0999999879629,781.1399999863884,3.3204303000000004,2593.720924496804,10.0
2026-10-06 02:54:00+00:00,781.0799988618053,781.0799988618053,781.0799965629919,781.0799985530971,0.0197103,15.39532109548111,4.0
2026-10-06 02:55:00+00:00,780.9933647363068,780.9933647363068,780.9933643327603,780.9933643327603,0.1442903,112.68976683758329,5.0
2026-10-06 02:56:00+00:00,781.078121649307,781.078121649307,780.9829536303307,780.9829536569365,0.2226403,173.87827909706644,7.0
2026-10-06 02:57:00+00:00,780.9599996045366,781.0600000126174,780.9599996045366,781.0599997984735,0.1444404,112.81661879489144,6.0
2026-10-06 02:58:00+00:00,781.1699999913479,781.3899999886518,781.009999996505,781.0100000008997,9.307690299999999,7269.399201211373,12.0
2026-10-06 02:59:00+00:00,781.1893126097501,781.2390472377507,780.6422317441612,781.2390472377507,8.5577303,6685.63306608963,18.0
2026-10-06 03:00:00+00:00,781.0824684252154,781.4285677531897,781.0824684252154,781.3103874950434,8.213710299999999,6417.457177265029,13.0
2026-10-06 03:01:00+00:00,780.9699999899196,780.9699999899196,780.969999980523,780.969999980523,0.8007702999999999,625.3775811754033,4.0
2026-10-06 03:02:00+00:00,781.509995863874,781.5099998354696,781.509995863874,781.5099998354696,0.0367803,28.744172246948523,4.0
2026-10-06 03:03:00+00:00,781.5099881975873,781.5099881975873,781.4799940960576,781.47999409943,1.3723003,1072.425230346646,6.0
2026-10-06 03:04:00+00:00,781.749995723935,781.749998209105,781.749995723935,781.749998209105,0.0142003,11.101084499568755,4.0
2026-10-06 03:05:00+00:00,781.7660032669688,781.9423038703277,781.766003254165,781.9423038703277,3.0971504,2421.792919208907,10.0
2026-10-06 03:06:00+00:00,781.9824131206864,782.1029616275225,781.9824131206864,782.05222540888,2.3198103,1814.2128076414413,12.0
2026-10-06 03:07:00+00:00,781.8355056765122,781.8535990004706,781.7218564442522,781.8535990004706,3e-07,0.00023455607970014118,3.0
2026-10-06 03:08:00+00:00,781.9564988209574,781.9564988209574,781.8585504109451,781.8585504109451,3e-07,0.00023455756512328352,3.0
2026-10-06 03:09:00+00:00,781.8699999578716,781.8700000074126,781.8499999511037,781.8500000154421,0.7472502999999999,584.237647066539,5.0
2026-10-06 03:10:00+00:00,781.9311214139368,781.9383826624961,781.746777275493,781.746777275493,3e-07,0.00023452403318264788,3.0
2026-10-06 03:11:00+00:00,781.649057181858,781.7180095502603,781.649057181858,781.6989165353141,3e-07,0.0002345096749605942,3.0
2026-10-06 03:12:00+00:00,781.6799998950291,781.7779106485539,781.6450318042325,781.6450319035266,0.5332004,416.7734436689732,9.0
2026-10-06 03:13:00+00:00,781.7854257521232,781.785425752486,781.5926710453003,781.5926710646511,1.5438203000000001,1206.6386319208311,6.0
2026-10-06 03:14:00+00:00,781.7351583479882,781.7351584156198,781.7351576463632,781.7351576463632,0.0191903,15.001732195781004,5.0
2026-10-06 03:15:00+00:00,781.8022547163645,781.831503165688,781.8022547163645,781.831503165688,0.27966030000000003,218.64723272476726,8.0
2026-10-06 03:16:00+00:00,782.0385225871746,782.0385225871746,782.0385225693504,782.0385225736014,0.7134703,557.9612593121442,5.0
2026-10-06 03:17:00+00:00,782.2957568411231,782.3975752554278,782.2957568411231,782.3806047551425,0.038940300000000004,30.466135463346678,7.0
2026-10-06 03:18:00+00:00,782.3198717118795,782.319872298697,782.1203275675637,782.1203275675637,0.0136603,10.68399831067119,6.0
2026-10-06 03:19:00+00:00,781.7599999539589,781.7600003317883,781.7499999699678,781.750000089047,0.2498604,195.32836772224934,6.0
2026-10-06 03:20:00+00:00,781.8897020181802,781.9306456323802,781.650000003342,781.9293047004642,11.062350299999999,8649.97587843197,13.0
2026-10-06 03:21:00+00:00,781.7279924308991,781.8767484739049,781.7279924308991,781.8767484739049,4.3178103,3375.9954778911356,9.0
2026-10-06 03:22:00+00:00,782.2999964488986,782.2999967826481,782.2999952049,782.2999952049,0.018190300000000003,14.230271602775696,4.0
2026-10-06 03:23:00+00:00,782.1099999881325,782.1099999881325,782.1099992575245,782.1099998497549,0.0589803,46.129082424138495,4.0
2026-10-06 03:24:00+00:00,782.3706615447841,782.4236080315708,782.3110967574968,782.311096758459,6.5849593,5151.486732092815,13.0
2026-10-06 03:25:00+00:00,782.2650012518975,782.2650012518975,782.2649882075127,782.2649882075127,0.0038103,2.980664284567086,5.0
2026-10-06 03:26:00+00:00,782.1799983825194,782.1799992208968,782.1799983219008,782.1799987523029,0.024240400000000002,18.960356041755325,5.0
2026-10-06 03:27:00+00:00,782.0508918293909,782.1303237498162,782.0285676090117,782.0285676090117,32.3096003,25267.030442628693,23.0
2026-10-06 03:28:00+00:00,781.6630121444691,781.663915736425,781.5418073287791,781.5445181046467,0.2529903,197.72318209865,10.0
2026-10-06 03:29:00+00:00,781.6294048414178,781.6661467488669,781.6294048414178,781.6661467488669,0.4995803,390.5050080926429,7.0
2026-10-06 03:30:00+00:00,781.4329282891878,781.4329282891878,781.0421314290186,781.1894007584324,2.9988403000000003,2342.6622569272376,15.0
2026-10-06 03:31:00+00:00,781.3772574844163,781.3772576387352,781.3483554624008,781.3676236207996,0.4155903,324.7288051108552,8.0
2026-10-06 03:32:00+00:00,780.9700001820024,780.9700001820024,780.9699999708794,780.9699999708794,0.7932104,619.4735260649012,5.0
2026-10-06 03:33:00+00:00,780.920495044451,780.9204951673929,780.5921855643223,780.5921856872643,0.40701030000000005,317.7090596742292,9.0
2026-10-06 03:34:00+00:00,780.9099938689089,780.9099959351394,780.9099932278415,780.9099959351394,0.0062803,4.904349047471456,4.0
2026-10-06 03:35:00+00:00,780.5395436284954,780.8249489155995,780.5395436284954,780.8249489155995,3e-07,0.00023424748467467985,3.0
2026-10-06 03:36:00+00:00,781.0799999875319,781.0800000090214,780.7300000497511,780.7300000497511,1.5688103,1224.81726559705,5.0
2026-10-06 03:37:00+00:00,781.1199999606625,781.1299999623693,780.9699999791094,780.9699999850741,2.1140903,1651.0411015594452,6.0
2026-10-06 03:38:00+00:00,781.0899999344584,781.0899999344584,780.7999999200705,780.7999999200705,0.2811503,219.5221542175278,5.0
2026-10-06 03:39:00+00:00,780.6234161753514,780.6234161753514,780.5147865489189,780.5147865489189,0.013290399999999999,10.373353719149751,7.0
2026-10-06 03:40:00+00:00,780.3582523186997,780.4770186608789,780.1405140256395,780.4770186608789,4.4706203,3489.2164033088043,17.0
2026-10-06 03:41:00+00:00,780.4430673780639,780.7346902092071,780.4430673780639,780.7346897441499,0.0315903,24.66364306942462,7.0
2026-10-06 03:42:00+00:00,780.7507917218891,780.8775613240393,780.7273158700507,780.8775613222429,2.4141402999999997,1885.1479901537475,8.0
2026-10-06 03:43:00+00:00,781.0174410370848,781.0174410787104,781.0174407441037,781.0174407441037,0.2003703,156.4926989071283,6.0
2026-10-06 03:44:00+00:00,781.0599352418845,781.19701692329,781.0246563614636,781.0447211223591,8.583390300000001,6704.011683147863,22.0
2026-10-06 03:45:00+00:00,780.7503917798626,780.9876442267281,780.7503917580481,780.9876442125482,1.6914803,1321.0252147289343,14.0
2026-10-06 03:46:00+00:00,780.932460612432,780.9413611488826,780.932460612432,780.9413611488826,1.5578404,1216.5820024287198,8.0
2026-10-06 03:47:00+00:00,781.0326644465842,781.0326644983852,781.0326644465842,781.0326644943489,1.2985503,1014.210200788936,5.0
2026-10-06 03:48:00+00:00,781.4422306361829,781.4499256544595,781.4345356123783,781.4499256540934,1.6820103,1314.4068238844193,8.0
2026-10-06 03:49:00+00:00,781.4692160235189,781.4692160285673,781.4692160235189,781.4692160245162,3.8487003,3007.64080615432,5.0
2026-10-06 03:50:00+00:00,781.426379393659,781.5861289843203,781.426379393659,781.5861289843203,3e-07,0.0002344758386952961,3.0
2026-10-06 03:51:00+00:00,781.399860212401,781.6088477778263,781.3998602117696,781.6088477778263,1.3254402999999997,1035.9758656812962,7.0
2026-10-06 03:52:00+00:00,781.5100009352547,781.5100009352547,781.5099939294021,781.5099939294021,0.0063903,4.9940833142070575,4.0
2026-10-06 03:53:00+00:00,781.3999999857745,781.7299999334525,781.3999999857745,781.5499999758806,1.3322904,1041.251562087866,8.0
2026-10-06 03:54:00+00:00,781.2130075472631,781.2130075472631,781.2130062635549,781.2130066975944,0.0064003,4.999997606766614,4.0
2026-10-06 03:55:00+00:00,781.4323009225285,781.453611996793,781.2889216916254,781.4452029035699,0.6861503,536.1888604058454,9.0
2026-10-06 03:56:00+00:00,781.4867731910524,781.4867731922434,781.4867731545471,781.4867731922434,0.5508603,430.4900383267111,5.0
2026-10-06 03:57:00+00:00,781.4998317844255,781.4998317870773,780.9315409676583,780.9315409676583,4.2246203,3299.1392408822508,11.0
2026-10-06 03:58:00+00:00,780.9430586039877,780.9520596827982,780.3730164399794,780.5260347797599,12.826440300000002,10011.370587698315,41.0
2026-10-06 03:59:00+00:00,780.5356197106555,780.6518651841985,780.4387484941141,780.6518651841985,1.6348302999999997,1276.2333229546425,12.0
2026-10-06 04:00:00+00:00,780.7891655875487,780.9373891909614,780.7850458421814,780.9332694381822,0.9693802999999999,757.0213270079657,10.0
2026-10-06 04:01:00+00:00,780.7229912251604,780.785297136659,780.7034467202863,780.7034467202863,3e-07,0.00023421103401608586,3.0
2026-10-06 04:02:00+00:00,780.7399999955614,781.0699999823646,780.739999991655,781.0699999823646,5.393550299999999,4212.740332725882,6.0
2026-10-06 04:03:00+00:00,780.6903929563788,780.6903929563788,780.6903928938452,780.6903929292075,2.2590003999999997,1763.5799099032367,9.0
2026-10-06 04:04:00+00:00,780.7504497891006,780.7604176613395,780.7504497866587,780.7604176609536,0.7222102999999999,563.8732154670425,6.0
2026-10-06 04:05:00+00:00,781.1097846861409,781.1097847530268,781.1097846861409,781.1097847530268,1.2827302999999999,1001.9531885291855,5.0
2026-10-06 04:06:00+00:00,781.1099998117427,781.2000000217906,781.1099998117427,781.2000000217906,0.12906030000000002,100.82190636281231,5.0
2026-10-06 04:07:00+00:00,781.4699999254937,781.5299999858344,781.4699999254937,781.5299999858344,1.1968102999999999,935.3431537420463,6.0
2026-10-06 04:08:00+00:00,781.7099999869481,781.7199999907057,781.3000000288346,781.3000000288346,1.9664103,1536.3563674467005,7.0
2026-10-06 04:09:00+00:00,781.5112176754767,781.5112177653721,781.5112176754767,781.5112177653721,0.6708303,524.2614046669098,6.0
2026-10-06 04:10:00+00:00,781.7499995078928,781.7499995078928,781.749998961929,781.749998961929,0.0671203,52.47129445532436,4.0
2026-10-06 04:11:00+00:00,781.4693469892246,781.4693470373963,781.4693468511147,781.4693470373963,0.0168504,13.168071085318944,6.0
2026-10-06 04:12:00+00:00,781.5075294552528,781.5659613333636,781.5075294552528,781.5659613333636,0.2766303,216.20482635343677,6.0
2026-10-06 04:13:00+00:00,781.754830960369,781.9873558625297,781.754830960369,781.9873558625297,3.3578903,2625.827756973437,9.0
2026-10-06 04:14:00+00:00,781.9599999872643,781.9599999872643,781.9599999854589,781.9599999859977,2.8408702999999997,2221.446939748221,4.0
2026-10-06 04:15:00+00:00,781.9565081453399,781.9565081453399,781.9503755978408,781.9565076505198,0.0775603,60.64878132032661,8.0
2026-10-06 04:16:00+00:00,781.7784260867579,781.8177265522562,781.6506995206923,781.8177264990597,1.0853103,848.5148312920124,8.0
2026-10-06 04:17:00+00:00,781.7800000295001,781.7800000295001,781.5300000883847,781.5300000883847,0.4698703,367.21773560052935,6.0
2026-10-06 04:18:00+00:00,781.4353738386862,781.4369105733372,781.3977165743579,781.3977165743579,12.891490399999999,10073.381161800255,12.0
2026-10-06 04:19:00+00:00,781.3407319334949,781.3407319742478,781.3407318042741,781.3407319742478,0.0292303,22.838823997826854,5.0
2026-10-06 04:20:00+00:00,781.3323035562089,781.3461515908942,781.3253784058116,781.3461515908942,0.0313403,24.487622794704105,7.0
2026-10-06 04:21:00+00:00,781.2928396342014,781.3784178512894,781.2928396342014,781.3784178512894,3e-07,0.00023441352535538682,3.0
2026-10-06 04:22:00+00:00,781.6486530848584,781.6486530929662,781.4296748873409,781.4296748906683,1.3629502999999998,1065.0498098211385,7.0
2026-10-06 04:23:00+00:00,781.7399999756382,781.7399999847867,781.5399999911695,781.6299999933289,3.8631703,3019.5698015632283,8.0
2026-10-06 04:24:00+00:00,781.6599999553652,781.65999998706,781.6599999553652,781.65999998706,1.2793203,999.9935056814456,4.0
2026-10-06 04:25:00+00:00,781.5100007329695,781.5100007329695,781.5100002479853,781.5100002479853,0.1040704,81.33205832980792,5.0
2026-10-06 04:26:00+00:00,781.7999986027818,781.7999986492233,781.7999985978835,781.7999986492233,0.0473203,36.99501047608084,4.0
2026-10-06 04:27:00+00:00,781.5800000147558,781.5800000284229,781.5800000147558,781.5800000284229,0.0710203,55.508046076018594,5.0
2026-10-06 04:28:00+00:00,781.5411230818919,781.5411230818919,781.5411230595364,781.5411230595364,1.4449602999999998,1129.2958956384443,6.0
2026-10-06 04:29:00+00:00,781.5399999940269,781.744695310102,781.4190436729953,781.651651984409,5.0245303,3927.4324094407184,17.0
2026-10-06 04:30:00+00:00,781.700000004314,781.7000000100114,781.5000000229561,781.5000000229561,0.8007702999999999,625.8019894683825,5.0
2026-10-06 04:31:00+00:00,781.420000023152,781.4300000208223,781.2300000183894,781.2300000183894,1.2876903,1005.9822930926798,7.0
2026-10-06 04:32:00+00:00,781.1981027926917,781.2489065125247,781.070000002962,781.0700000036825,5.293990299999999,4134.977003640494,10.0
2026-10-06 04:33:00+00:00,781.1799999552951,781.1800000300321,781.1799999552951,781.1800000016616,0.8544804,667.5029988734199,5.0
2026-10-06 04:34:00+00:00,781.0759944444134,781.0759944444134,780.9740888187162,781.016049945901,1.9991503,1561.368470554163,8.0
2026-10-06 04:35:00+00:00,780.9099799396662,781.0299598865271,780.683340016516,780.8267602279885,5.3414703,4170.762949203022,17.0
2026-10-06 04:36:00+00:00,781.2233197407442,781.2233197585668,781.1833232853602,781.1833233031829,3.8401902999999997,2999.8926206706465,6.0
2026-10-06 04:37:00+00:00,781.4667965451005,781.4667965466521,781.2268072766069,781.2268072788428,1.7491303,1366.4674797836844,8.0
2026-10-06 04:38:00+00:00,781.4370705039129,781.4370705039129,781.0285694233313,781.0285694233313,2.6882602999999996,2099.608096346535,8.0
2026-10-06 04:39:00+00:00,781.4699999189746,781.4699999503943,781.3799999484877,781.389999976628,1.2198003999999998,953.1398345274907,10.0
2026-10-06 04:40:00+00:00,781.1790654519889,781.1790654519889,781.1488155529335,781.1623218462422,3e-07,0.00023434869655387266,3.0
2026-10-06 04:41:00+00:00,781.2978934704673,781.3060989754979,781.1802273067026,781.1802273067026,3e-07,0.00023435406819201075,3.0
2026-10-06 04:42:00+00:00,781.2699999548089,781.2700002564413,781.2699999548089,781.2700002564413,0.1270403,99.25277521357837,4.0
2026-10-06 04:43:00+00:00,781.4699950944597,781.469996011051,781.4699950944597,781.469995281705,0.0121403,9.487280183718482,4.0
2026-10-06 04:44:00+00:00,781.2397004362643,781.2397004362643,781.2113001761933,781.211300188993,1.0294002999999998,804.1791467779393,6.0
2026-10-06 04:45:00+00:00,781.3799999858604,781.429999993861,781.3799999858604,781.429999993861,2.3004203,1797.6174350148776,9.0
2026-10-06 04:46:00+00:00,781.3601813711593,781.3601813772455,781.3601813235798,781.3601813235798,0.8155604,637.2464220243312,6.0
2026-10-06 04:47:00+00:00,781.3099940893869,781.3099940893869,781.3099898283862,781.3099898283862,0.0046103,3.602073446105809,4.0
2026-10-06 04:48:00+00:00,781.3099999861511,781.3199999894599,781.3099999836186,781.3199999825842,2.9001003000000005,2265.906366345493,9.0
2026-10-06 04:49:00+00:00,781.1916411544314,781.1916413127815,781.1117804155601,781.1117805736934,0.0569003,44.44549464817733,6.0
2026-10-06 04:50:00+00:00,781.2699991241007,781.2699991241007,781.2699988916022,781.2699988916022,0.035000300000000005,27.34468434220575,5.0
2026-10-06 04:51:00+00:00,781.4299643854569,781.4299930040191,781.4299643854569,781.4299930040191,0.0025603,2.0006952110881904,4.0
2026-10-06 04:52:00+00:00,781.478176714824,781.6236189106634,781.4684805756178,781.6236189106634,0.4416604,345.21220017753114,8.0
2026-10-06 04:53:00+00:00,781.3423820401873,781.3423820446687,781.342382039788,781.3423820446687,3.3601102999999997,2625.396585734826,6.0
2026-10-06 04:54:00+00:00,781.2401352947566,781.240135296216,781.1405862338403,781.1405862338403,2.8363202999999997,2215.5649018889417,8.0
2026-10-06 04:55:00+00:00,781.159999948973,781.1600000086121,781.159999948973,781.160000003723,0.8007702999999999,625.5297275509812,4.0
2026-10-06 04:56:00+00:00,781.2451889403653,781.2451889403653,781.1960327895746,781.1960327895746,0.1327003,103.66494790998638,6.0
2026-10-06 04:57:00+00:00,781.065427359237,781.065427359237,780.9381323461588,780.9381323461588,0.2273303,177.530899907692,8.0
2026-10-06 04:58:00+00:00,781.1699200212082,781.1699272895146,781.1699185819139,781.1699272895146,0.0009004,0.703365402531479,5.0
2026-10-06 04:59:00+00:00,781.0310028429308,781.0742247681005,781.0310028429308,781.0742247681005,3e-07,0.00023432226743043015,3.0
2026-10-06 05:00:00+00:00,781.0808368611735,781.0808368769061,781.0808368485345,781.0808368485345,0.2033803,158.85645492250603,5.0
2026-10-06 05:01:00+00:00,781.189999992997,781.3299999859969,781.1899999919801,781.3299999849801,6.0000003,4687.98023430888,13.0
2026-10-06 05:02:00+00:00,780.9271462920489,781.1048113590516,780.9271462546528,781.1048113216556,0.8626602999999999,673.8281108661828,6.0
2026-10-06 05:03:00+00:00,780.919999985271,781.3599999658247,780.9099999868918,781.3599999658247,1.8510803,1446.3601031447388,6.0
2026-10-06 05:04:00+00:00,781.3799999254194,781.3899999404575,781.3799999254194,781.389999939846,0.6095602999999999,476.3043227803325,6.0
2026-10-06 05:05:00+00:00,781.2950679154094,781.2950679154094,781.2950678573069,781.2950678573069,0.0550303,42.99490197270795,5.0
2026-10-06 05:06:00+00:00,781.36094817262,781.3609483521068,781.3607224043066,781.3607225837933,0.9412304,735.4404654618328,7.0
2026-10-06 05:07:00+00:00,781.8351027112858,782.2583413564453,781.8351027112858,782.2583413564453,1.1786403,922.0012061338631,12.0
2026-10-06 05:08:00+00:00,782.2837097451769,782.4278385551131,782.1537097593849,782.1537097593849,2.5526003,1996.525794177919,12.0
2026-10-06 05:09:00+00:00,782.2899999897224,782.3599999734312,782.2899999806458,782.3099999759911,1.2890302999999999,1008.4212939620517,6.0
2026-10-06 05:10:00+00:00,782.1300691381867,782.1300691381867,782.1300338216756,782.1300592617896,0.0005403,0.4225848710191449,4.0
2026-10-06 05:11:00+00:00,782.2599999789467,782.2599999987399,782.2299999829785,782.2299999986445,2.2323003,1746.172263665974,5.0
2026-10-06 05:12:00+00:00,782.2080744460249,782.2192818014104,782.1983066926882,782.1983066926882,3e-07,0.00023465949200780645,3.0
2026-10-06 05:13:00+00:00,782.2985521909732,782.2985522230443,782.1636193090134,782.1636193574643,0.5882303,460.09234046372706,6.0
2026-10-06 05:14:00+00:00,782.1591385694894,782.1859309538474,782.0583836480769,782.1859309538474,4e-07,0.00031287437238153895,4.0
2026-10-06 05:15:00+00:00,782.2699990342986,782.2699990502346,782.2699990199228,782.2699990502346,0.039890300000000004,31.204984943113576,6.0
2026-10-06 05:16:00+00:00,782.1899997956937,782.1900001443863,782.1899997956937,782.1900001443863,0.0566803,44.33476386518386,4.0
2026-10-06 05:17:00+00:00,782.1008802381225,782.1207545006887,782.0909431136021,782.1207545006887,0.33086030000000005,258.77270747032424,7.0
2026-10-06 05:18:00+00:00,782.289999628697,782.319999499443,782.2899989268341,782.3199987975801,0.06963029999999999,54.473176212275135,7.0
2026-10-06 05:19:00+00:00,782.0199999491252,782.1199999278567,782.0199999491252,782.1199999237288,0.6794203,531.3882049841798,6.0
2026-10-06 05:20:00+00:00,782.0290705243776,782.058261021684,782.0290705243776,782.058261021684,4e-07,0.00031282330440867356,4.0
2026-10-06 05:21:00+00:00,782.0600001824246,782.0600001824246,782.0400000260915,782.0400000260915,0.14435030000000001,112.88770861576633,5.0
2026-10-06 05:22:00+00:00,782.2499996866782,782.2500002433263,782.2499996866782,782.2500002433263,0.041730300000000005,32.643527185154085,4.0
2026-10-06 05:23:00+00:00,782.3599999821774,782.3600000015596,782.3599999821774,782.3600000015596,1.2781603,999.9814923099933,4.0
2026-10-06 05:24:00+00:00,782.5504932036683,782.5917488663321,782.5399999981753,782.5812556530237,1.5628403,1223.0495243591483,7.0
2026-10-06 05:25:00+00:00,782.5899999269918,782.6000000880657,782.5899999269918,782.6000000880657,0.3907403,305.7933588144108,6.0
2026-10-06 05:26:00+00:00,782.4300011949466,782.4400011090183,782.4299987940358,782.4399987081075,0.04655039999999999,36.42289491586188,6.0
2026-10-06 05:27:00+00:00,782.3399998117559,782.3399998375453,782.3399996059493,782.3399996059493,0.0545503,42.676881680504415,4.0
2026-10-06 05:28:00+00:00,782.2429974592576,782.2430081896707,782.2429974592576,782.2430081896707,0.0040403,3.1604964259887267,4.0
2026-10-06 05:29:00+00:00,782.3300000906404,782.3300003857348,782.3300000906404,782.3300003857348,0.1603003,125.40773376083341,4.0
2026-10-06 05:30:00+00:00,782.4700001098662,782.4700001098662,782.4699997745856,782.4699997745856,0.0199403,15.602686536505171,4.0
2026-10-06 05:31:00+00:00,782.4659337871474,782.4659338358699,782.4659337871474,782.4659338358699,0.13362030000000003,104.5533328189291,7.0
2026-10-06 05:32:00+00:00,782.3435066834846,782.3435066841625,782.3345456585706,782.3345456585706,2.1770503,1703.1816573263548,6.0
2026-10-06 05:33:00+00:00,782.449999998483,782.4499999992518,782.3200000023754,782.3400000022376,13.359380400000001,10451.577662165893,26.0
2026-10-06 05:34:00+00:00,782.4610122974648,782.6098221345218,782.4549110678483,782.4938987718085,8.3783603,6556.01581646194,15.0
2026-10-06 05:35:00+00:00,782.5002785790782,782.5002785790782,782.4905571503416,782.4905571524747,2.0453802999999997,1600.4907705356957,6.0
2026-10-06 05:36:00+00:00,782.6999989452219,782.7000000528964,782.6999989452219,782.7000000528964,0.06920029999999999,54.16307481366044,4.0
2026-10-06 05:37:00+00:00,782.6300000062056,782.6999999982589,782.5000000181076,782.6999999948504,2.5798403000000003,2019.241002796715,8.0
2026-10-06 05:38:00+00:00,782.3983361421924,782.3983361421924,782.3906960387848,782.3906960387848,0.3471203,271.58369312619175,7.0
2026-10-06 05:39:00+00:00,782.266892954684,782.275080486404,782.0911146337137,782.094406373264,6.9112404000000005,5405.24245794092,17.0
2026-10-06 05:40:00+00:00,781.7599986105054,781.7599988630225,781.5099999738613,781.51000043501,0.047710300000000004,37.286076573754464,6.0
2026-10-06 05:41:00+00:00,781.4500000937036,781.4500002170608,781.4500000937036,781.4500001112582,0.1302603,101.79191144949252,4.0
2026-10-06 05:42:00+00:00,781.6299995962611,781.6299995962611,781.4799995884886,781.4799995884886,0.0995803,77.82001280302157,6.0
2026-10-06 05:43:00+00:00,781.3861249409907,781.6344476989248,781.3220416502844,781.4582186494822,6.4331403,5027.230359160196,15.0
2026-10-06 05:44:00+00:00,781.7999998320546,781.8699997461722,781.6499999859391,781.6500000042267,0.24452030000000002,191.12929249603354,7.0
2026-10-06 05:45:00+00:00,781.4000000715301,781.4000000839228,781.4000000593967,781.4000000593967,0.7505603,586.4878184645808,5.0
2026-10-06 05:46:00+00:00,781.320000083291,781.330000065247,781.3199998190455,781.3300000112234,0.1662603,129.90416020086602,5.0
2026-10-06 05:47:00+00:00,781.3100000313542,781.3699999714861,781.2100000656561,781.2100000656561,0.30066030000000005,234.87883298274022,6.0
2026-10-06 05:48:00+00:00,781.0846438895753,781.0846438895753,781.0539502557697,781.07068882821,0.010610399999999999,8.287472436742839,9.0
2026-10-06 05:49:00+00:00,781.0100000907389,781.1299984256372,780.9199989179169,780.9199989179169,0.021620300000000002,16.88372465260504,7.0
2026-10-06 05:50:00+00:00,780.8784055485153,781.1369249810198,780.6596583337367,780.6894874990259,14.2682303,11139.057400425072,30.0
2026-10-06 05:51:00+00:00,780.6688468156717,780.6688468162141,780.559692490867,780.559692490867,2.7770703,2167.66913939352,10.0
2026-10-06 05:52:00+00:00,780.520000012479,780.520000012479,780.469999996865,780.5199999975551,1.4541402999999997,1134.9855869524447,7.0
2026-10-06 05:53:00+00:00,780.528227225861,780.6505909238906,780.5282272118378,780.6250984701172,2.6135203000000002,2040.1795415411505,9.0
2026-10-06 05:54:00+00:00,780.5214439510802,780.5214439510802,780.5214439345926,780.5214439420084,2.0713304,1616.7177946889778,6.0
2026-10-06 05:55:00+00:00,780.5399999583768,780.5400000004795,780.5399999515629,780.5399999515629,0.4014103,313.31679554255686,5.0
2026-10-06 05:56:00+00:00,780.6399999989146,780.7399999971681,780.6200000012302,780.7399999971681,2.5911703000000004,2023.0303000146623,7.0
2026-10-06 05:57:00+00:00,780.721420244113,780.8212536347429,780.6972895687462,780.7971229594284,1.7461802999999998,1363.4125544084313,13.0
2026-10-06 05:58:00+00:00,780.71390063503,780.8797885420903,780.6834038066628,780.7029069837421,3.4638202999999996,2704.2145774792975,8.0
2026-10-06 05:59:00+00:00,780.6875919039011,780.6875919039011,780.6230607974595,780.623060798049,2.0646504,1611.7137147259161,8.0
2026-10-06 06:00:00+00:00,780.736121149883,780.736121149883,780.3591292373285,780.3591292373285,2.0212402999999997,1577.2933204873964,10.0
2026-10-06 06:01:00+00:00,780.0192624607599,780.0275297844478,779.002222125312,779.1274511120297,15.6101303,12162.281032165663,62.0
2026-10-06 06:02:00+00:00,778.9841357280741,779.1320678680592,778.7379321589567,779.1320678680592,5.0871003,3963.522976191224,15.0
2026-10-06 06:03:00+00:00,779.3399999625476,779.4200000325837,779.2000000619488,779.2000001887856,0.4225303,329.2356098397676,6.0
2026-10-06 06:04:00+00:00,779.0394003690978,779.0394003690978,778.9799999936461,779.019600196486,1.2626703,983.644912285977,7.0
2026-10-06 06:05:00+00:00,778.8845454655348,779.0814428600148,778.8845454655348,779.0814428600148,0.2277003,177.39707826365822,6.0
2026-10-06 06:06:00+00:00,779.2387016390095,779.2688771574706,779.0152633488301,779.042421315445,1.0790204,840.6026650647601,10.0
2026-10-06 06:07:00+00:00,778.7806393692036,778.7905846498405,778.4126296377676,778.472301321589,3.5655202999999993,2775.658793349842,20.0
2026-10-06 06:08:00+00:00,778.4297247036286,778.4297247036286,778.0056439163457,778.301514231815,4.1160703,3203.5437471746004,14.0
2026-10-06 06:09:00+00:00,778.9757482932527,779.0100458598544,778.9757482932527,779.0100458598544,3.2798403,2555.0285425159987,7.0
2026-10-06 06:10:00+00:00,778.8037099513145,778.9611296820813,778.6972400367828,778.6990500495085,1.4189403,1104.9274636869648,8.0
2026-10-06 06:11:00+00:00,778.4384802695333,778.4384802695333,778.1738767844927,778.1738767844927,2.9793803000000003,2318.475918466345,9.0
2026-10-06 06:12:00+00:00,778.7135565884703,778.7898502506004,778.5132884912122,778.7726868481844,2.1375704,1664.6814437351484,16.0
2026-10-06 06:13:00+00:00,778.5129707863614,778.5327921889207,778.2137824796231,778.2444155625886,2.3567302999999997,1834.112194962144,9.0
2026-10-06 06:14:00+00:00,778.3643538090746,778.3643538090746,778.0340702532867,778.0340702532867,2.3139503,1800.332170272814,13.0
2026-10-06 06:15:00+00:00,778.2203444245014,778.4999539029311,778.2203444245014,778.4999538905463,0.9106903,708.9723565585678,6.0
2026-10-06 06:16:00+00:00,778.2332331744602,778.2502664035264,778.2332316991011,778.2502663140486,0.026630300000000003,20.72503806702301,6.0
2026-10-06 06:17:00+00:00,778.5299998958636,778.5300000488006,778.5299998958636,778.5300000488006,0.3971203,309.1700671783797,4.0
2026-10-06 06:18:00+00:00,778.6199999875912,779.0847492062752,778.6199999875912,779.0847492062752,0.9123404,710.7904917247529,14.0
2026-10-06 06:19:00+00:00,779.0002912269023,779.000448980719,779.0002912269023,779.0004247123053,4.8128403,3749.204637772499,10.0
2026-10-06 06:20:00+00:00,779.0004031418663,779.000403169328,779.0004031418663,779.000403169328,1.1685602999999998,910.3089448276708,7.0
2026-10-06 06:21:00+00:00,779.2852729618015,779.2852729850043,779.2663648837942,779.2663649045413,0.7738703,603.0510955885869,9.0
2026-10-06 06:22:00+00:00,779.0561729892136,779.0561729892136,779.0561717521593,779.0561717521593,0.14425030000000003,112.37908649210053,5.0
2026-10-06 06:23:00+00:00,778.6904585988995,778.8002260605733,778.680479603814,778.6804796359528,0.6009504,467.9483457094177,10.0
2026-10-06 06:24:00+00:00,778.6784899084814,778.6784899513407,778.4743162541401,778.4743162864935,0.5123903,398.88268846433124,8.0
2026-10-06 06:25:00+00:00,778.5799999429644,778.5799999731032,778.4200000565361,778.4200000614748,0.4226403,328.99166235198174,7.0
2026-10-06 06:26:00+00:00,778.4099999924765,778.499999984136,778.4099999924765,778.499999984136,1.3673403,1064.4744235283085,5.0
2026-10-06 06:27:00+00:00,778.5769516828522,778.6615241549068,778.5769516772723,778.6538289867638,3.4530503,2688.7308377788936,17.0
2026-10-06 06:28:00+00:00,778.6397681937616,778.6397681965275,778.5420862424703,778.5420862442305,5.479190300000001,4265.780247091152,12.0
2026-10-06 06:29:00+00:00,778.8001165401622,778.8408454786553,778.7837317092266,778.8408454786553,1.6218903999999998,1263.1944904097143,13.0
2026-10-06 06:30:00+00:00,779.0157465266722,779.2461009816622,778.8703544535334,779.178582172594,7.1018803,5533.633022913477,19.0
2026-10-06 06:31:00+00:00,779.3885812189257,779.3885812189257,779.0316145416871,779.0871624661065,2.7788203000000005,2164.9432225302153,8.0
2026-10-06 06:32:00+00:00,779.0100000143492,779.147983319828,779.0001440589258,779.1479833182202,1.9528203,1521.5359985278817,7.0
2026-10-06 06:33:00+00:00,779.1238832932612,779.3281702934277,779.1238832932612,779.3281702934277,3e-07,0.0002337984510880283,3.0
2026-10-06 06:34:00+00:00,779.1755077941656,779.1825692070975,779.1237246269621,779.1237246989117,0.5249002999999999,408.96227683157605,10.0
2026-10-06 06:35:00+00:00,779.4492491241432,779.5415699147329,779.1999829074855,779.1999829074855,0.9955504000000001,775.7328546635404,8.0
2026-10-06 06:36:00+00:00,778.9811676468686,779.0661994304364,778.9433756658268,778.9433756970568,1.0626403,827.7366224337331,8.0
2026-10-06 06:37:00+00:00,778.9007526036746,778.9151881864789,778.9007526036746,778.9151881864789,0.5782202999999999,450.3845737877422,9.0
2026-10-06 06:38:00+00:00,779.0312602732312,779.0312602732312,778.9861065547694,778.9965266418475,1.5534803,1210.1557579065352,7.0
2026-10-06 06:39:00+00:00,778.9856773164356,779.0102055338293,778.9779071514342,779.002435368828,1.0234403,797.262486154604,9.0
2026-10-06 06:40:00+00:00,778.9000000262787,778.9000000262787,778.8999999964115,778.8999999978882,1.2838502999999999,999.9909986672887,4.0
2026-10-06 06:41:00+00:00,778.7700026017419,778.7700026017419,778.7699991227554,778.7699991227554,0.0251504,19.586376985936948,5.0
2026-10-06 06:42:00+00:00,778.9199977021079,778.9199977021079,778.9199975615307,778.9199976106695,0.028490300000000003,22.19166440792726,4.0
2026-10-06 06:43:00+00:00,778.9899991872862,778.9899994942139,778.9899991872862,778.9899994942139,0.0501203,39.043212471649845,4.0
2026-10-06 06:44:00+00:00,778.9404422663825,779.0968129786193,778.9404422663825,779.0968129786193,4.9245903,3836.7326079554227,11.0
2026-10-06 06:45:00+00:00,779.5475402999817,779.5636060131429,779.5475402438715,779.5636060131429,0.2431903,189.58230721541804,7.0
2026-10-06 06:46:00+00:00,779.5257799561579,779.5257799561579,779.5257755584748,779.5257781199724,0.0146904,11.451545490893642,6.0
2026-10-06 06:47:00+00:00,779.4553069101239,779.5700979769456,779.439010487415,779.5700979769456,3e-07,0.00023387102939308367,3.0
2026-10-06 06:48:00+00:00,779.5294231623502,779.5294231623502,779.5294231257344,779.5294231351606,0.4628503,360.80542735693604,5.0
2026-10-06 06:49:00+00:00,779.3809409398001,779.3832514309249,779.2857560730318,779.2857560730318,3e-07,0.00023378572682190954,3.0
2026-10-06 06:50:00+00:00,779.280773726399,779.457508826305,779.280773726399,779.370727570334,3e-07,0.0002338112182711002,3.0
2026-10-06 06:51:00+00:00,779.0100131198437,779.0100131198437,779.0100034380393,779.0100034380393,0.0072703,5.663636427995578,4.0
2026-10-06 06:52:00+00:00,779.2399998188479,779.2399998188479,779.2399997317517,779.2399997317517,0.3117704,242.94396641236813,5.0
2026-10-06 06:53:00+00:00,779.1813141119228,779.1813141881404,779.1717521781407,779.1717522518173,0.6165803,480.4219527549512,9.0
2026-10-06 06:54:00+00:00,779.1950603311097,779.199787382297,778.9346644813531,778.9346644813531,3.0172302999999996,2350.225271393472,12.0
2026-10-06 06:55:00+00:00,778.9895731540203,779.0311737840909,778.9895731540203,779.0311737840909,1.3232302999999999,1030.8376537956747,7.0
2026-10-06 06:56:00+00:00,779.2481958925631,779.3863918301341,779.2481958925631,779.3863918301341,0.1288403,100.41637653931203,6.0
2026-10-06 06:57:00+00:00,779.187022811064,779.187022811064,778.8453677116127,778.894175586511,5.4308703,4230.073245035767,26.0
2026-10-06 06:58:00+00:00,778.9099999810945,778.9099999810945,778.869999967299,778.8699999812404,1.2963704,1009.7040134236806,6.0
2026-10-06 06:59:00+00:00,778.8099999987471,778.8400000006424,778.7500000027453,778.7500000066395,4.5021103,3506.018396154892,9.0
2026-10-06 07:00:00+00:00,778.8703595230712,778.9008151920117,778.8703594708169,778.9008151397574,0.6230203,485.27101951861613,7.0
2026-10-06 07:01:00+00:00,778.6799904512692,778.6800096548387,778.6799904512692,778.6800096548387,0.0023703,1.8457052268848644,4.0
2026-10-06 07:02:00+00:00,778.4900134377386,778.4900134377386,778.3500035795992,778.3500035795992,0.0046403,3.611777521610414,6.0
2026-10-06 07:03:00+00:00,778.3999998050026,778.4000001199213,778.3999998050026,778.4000001199213,0.1603003,124.77775353922343,4.0
2026-10-06 07:04:00+00:00,778.5826546142234,778.5826546142234,778.2792056971261,778.3419353516276,4e-07,0.00031133677414065105,4.0
2026-10-06 07:05:00+00:00,778.7599958123458,778.7599960291416,778.759993515492,778.759993515492,0.016400300000000003,12.771897521652127,4.0
2026-10-06 07:06:00+00:00,778.2490269961118,778.2819291864791,778.2224133396876,778.2819291864791,3e-07,0.00023348457875594373,3.0
2026-10-06 07:07:00+00:00,778.42284458604,778.5147702576751,778.3200439818727,778.4005473652649,1.1396403,887.0966333195146,10.0
2026-10-06 07:08:00+00:00,778.1306207974258,778.1306207974258,778.1306206434923,778.1306207169193,0.48383030000000005,376.48317166065334,6.0
2026-10-06 07:09:00+00:00,778.0287743423823,778.0549026263051,777.4273825336086,778.0079667686333,18.9348303,14731.448822812112,26.0
2026-10-06 07:10:00+00:00,778.3599999944607,778.3599999944607,778.159999992407,778.2899999855756,2.6144404,2034.7928188782882,8.0
2026-10-06 07:11:00+00:00,778.2126564109535,778.2126564109535,778.1654241660226,778.171752375297,3.8710003000000004,3012.303086896301,10.0
2026-10-06 07:12:00+00:00,777.9234716747156,778.1056159643115,777.9234716747156,778.0352081356225,3e-07,0.00023341056244068675,3.0
2026-10-06 07:13:00+00:00,777.8771912331483,777.878499975182,777.8356942257335,777.878499975182,3e-07,0.0002333635499925546,3.0
2026-10-06 07:14:00+00:00,778.3699999036986,778.3699999898781,778.3699999036986,778.3699999898781,1.2893702999999999,1003.6071603979491,5.0
2026-10-06 07:15:00+00:00,778.7073313626289,778.7688269898962,778.6566569107158,778.7181525379831,3.1253303,2433.7514372869805,13.0
2026-10-06 07:16:00+00:00,778.8861263906002,778.9554298719772,778.8861263906002,778.9554298719772,0.0989004,77.0390035965105,8.0
2026-10-06 07:17:00+00:00,778.9584723411,778.9584723411,778.8507502880032,778.8507502880032,3e-07,0.00023365522508640095,3.0
2026-10-06 07:18:00+00:00,778.8569371202653,778.8569371202653,778.7287064218962,778.7287076273936,0.019730300000000003,15.364551020100768,6.0
2026-10-06 07:19:00+00:00,778.5859479328561,778.5859479328561,778.4476862887728,778.4476862887728,2.9673602999999997,2309.9347599201587,9.0
2026-10-06 07:20:00+00:00,778.628453323338,778.7018559522791,778.6284533176325,778.7018559465736,2.9007802999999996,2258.8430033032582,12.0
2026-10-06 07:21:00+00:00,778.6338405500961,778.6423955487456,778.6338404668105,778.64239546546,1.4191703,1105.0261619654354,6.0
2026-10-06 07:22:00+00:00,778.5299999022097,778.9199999183354,778.1199999648084,778.9199999183354,1.9649003000000003,1530.5001415155375,11.0
2026-10-06 07:23:00+00:00,778.4100017221172,778.4100017221172,778.4099983357505,778.4099983357505,0.0331203,25.781172667879556,4.0
2026-10-06 07:24:00+00:00,778.548162512913,778.548162512913,778.3691186309151,778.3691186309151,0.0495303,38.55285595652481,6.0
2026-10-06 07:25:00+00:00,778.3699012534671,778.379895443194,778.180011574703,778.180011574703,1.8076602999999998,1406.685113177131,10.0
2026-10-06 07:26:00+00:00,778.4299999325939,778.459999958229,778.4299999325939,778.459999958229,2.4383304,1898.1426830821483,8.0
2026-10-06 07:27:00+00:00,778.2661184971107,778.3816444471686,778.248059241998,778.2480592490613,4.8437103,3769.608140539688,22.0
2026-10-06 07:28:00+00:00,778.2099983608086,778.2099983608086,778.2099977516162,778.2099980097114,0.0421703,32.81734907906893,4.0
2026-10-06 07:29:00+00:00,777.7968288825277,778.0255351927158,777.7968288825277,778.0240045808363,3e-07,0.00023340720137425086,3.0
2026-10-06 07:30:00+00:00,777.8077940767273,777.886044118053,777.8077940767273,777.886044118053,3e-07,0.00023336581323541588,3.0
2026-10-06 07:31:00+00:00,778.2482999202703,778.2575199465945,778.1284399350056,778.1284399624632,1.2051303,937.7461602904953,9.0
2026-10-06 07:32:00+00:00,778.1985397721409,778.7009882537877,778.0790117437087,778.6676401489285,28.802260400000005,22427.388136622936,38.0
2026-10-06 07:33:00+00:00,778.6642118789756,778.8744988873458,778.6642118789756,778.8600314166559,5.1113703,3981.042032440162,11.0
2026-10-06 07:34:00+00:00,778.9599999575955,779.0699999927332,778.7999999922597,779.0699999557318,1.3847103,1078.7862533597013,7.0
2026-10-06 07:35:00+00:00,778.7181691631988,778.8788918090013,778.7181691631988,778.8788918090013,3e-07,0.00023366366754270037,3.0
2026-10-06 07:36:00+00:00,779.0204797036142,779.1080971815345,779.0204797036142,779.1080971815345,1.6296103,1269.6425799804297,9.0
2026-10-06 07:37:00+00:00,778.8499998179044,778.8499998179044,778.8499994636143,778.8499996124688,0.12848030000000002,100.06688160520989,4.0
2026-10-06 07:38:00+00:00,778.9744938228437,778.9744938228437,778.6063630951445,778.8788572609479,4e-07,0.00031155154290437914,4.0
2026-10-06 07:39:00+00:00,779.2399529404393,779.2400013820172,779.2399529404393,779.2400013820172,0.0020003,1.558713774764449,4.0
2026-10-06 07:40:00+00:00,779.6794537652488,779.6804096347851,779.6794537652488,779.6804096347851,1.1718903,913.6999091510312,6.0
2026-10-06 07:41:00+00:00,779.8180551219397,779.8652401453245,779.8180551219397,779.8652401144723,0.9425702999999999,735.0778133342701,8.0
2026-10-06 07:42:00+00:00,779.5700000206201,779.6000000153286,779.5600000056262,779.5999999985711,1.7008702999999998,1325.9984858775695,6.0
2026-10-06 07:43:00+00:00,779.6136526397598,779.6272263704806,779.6136502961455,779.6272244345572,0.0199503,15.553797015636746,6.0
2026-10-06 07:44:00+00:00,779.7327223055531,779.8749738201865,779.7252353379109,779.8749738201865,2.0397304,1590.7346923002383,8.0
2026-10-06 07:45:00+00:00,780.0824985462522,780.0824986431304,780.00489326752,780.0048933643982,0.4820703,376.01719294564344,9.0
2026-10-06 07:46:00+00:00,780.0319746790067,780.0319806419699,780.0319746790067,780.0319806419699,0.0038403,2.995556815259357,4.0
2026-10-06 07:47:00+00:00,780.0117620427203,780.0727336961176,780.0117620427203,780.0727333459256,0.1107903,86.4244921492151,7.0
2026-10-06 07:48:00+00:00,779.9699999541277,780.0699995316538,779.8899988181681,779.8899992456468,0.0710103,55.38022281343315,6.0
2026-10-06 07:49:00+00:00,780.0699999196286,780.0699999196286,779.8399998594139,779.8399998594139,0.7502104,585.0440782305309,8.0
2026-10-06 07:50:00+00:00,779.8004145765797,779.8004146487198,779.709433332693,779.7475466927007,0.5388803,420.19059188602654,10.0
2026-10-06 07:51:00+00:00,779.4443025063474,779.4443025063474,779.384262957961,779.4235381632936,3e-07,0.00023382706144898808,3.0
2026-10-06 07:52:00+00:00,779.6399994522706,779.6399996182607,779.5499996849221,779.5499998607822,0.1113303,86.78753534950084,7.0
2026-10-06 07:53:00+00:00,779.6100000527064,779.6100001571958,779.6100000527064,779.6100001380025,0.0476503,37.14865038957586,4.0
2026-10-06 07:54:00+00:00,779.8498042853884,779.8498043279182,779.8498042853884,779.8498043279182,0.7852702999999999,612.3928897995255,5.0
2026-10-06 07:55:00+00:00,780.0099999526311,780.0099999857345,780.0099999249938,780.0099999857345,1.2694004,990.1450059858914,5.0
2026-10-06 07:56:00+00:00,780.1837710894036,780.1837713296372,780.1837710894036,780.1837713296372,0.0573603,44.751575178599396,7.0
2026-10-06 07:57:00+00:00,779.9380149993684,779.9380149993684,779.6611236309714,779.8758427133617,5.957670299999999,4646.243145820866,19.0
2026-10-06 07:58:00+00:00,779.9650719336147,780.3001384115903,779.7323868790194,779.7323868790194,18.537890299999997,14454.59345132042,25.0
2026-10-06 07:59:00+00:00,779.6300051251314,779.6700030749147,779.4000168710179,779.4000168915596,2.5421703,1981.3675747612212,8.0
2026-10-06 08:00:00+00:00,779.3400844148807,779.7498921468568,779.3400844148807,779.669929665904,4.2651403,3325.4016377162125,12.0
2026-10-06 08:01:00+00:00,779.989942456817,779.990005075279,779.9899100417827,779.990005075279,0.0018304,1.4276937052897907,5.0
2026-10-06 08:02:00+00:00,780.2469980512312,780.2469980526497,780.2469979714712,780.2469979714712,0.0381603,29.774459516690733,4.0
2026-10-06 08:03:00+00:00,780.0234928712027,780.0234928712027,780.0118660613972,780.0118660686259,0.5160503,402.52535748827415,7.0
2026-10-06 08:04:00+00:00,779.7393102960281,779.7986648458224,779.7104154841975,779.7104154841975,0.46358030000000006,361.45838832328894,11.0
2026-10-06 08:05:00+00:00,779.7199485060543,779.7199485949691,779.7199485060543,779.7199485949691,0.16929030000000003,131.99902401362692,6.0
2026-10-06 08:06:00+00:00,779.9993480515291,780.5151222226625,779.9943887975828,780.5151222226625,9.7396303,7601.928734008047,18.0
2026-10-06 08:07:00+00:00,780.8205982779393,781.2550387528705,780.6707772729031,780.7905393935022,3.9993303999999994,3122.6393402288304,18.0
2026-10-06 08:08:00+00:00,781.1899320919683,781.1899320919683,781.185951872413,781.185951872413,0.3298003,257.63536128330736,7.0
2026-10-06 08:09:00+00:00,780.7489070454866,780.8592714099307,780.7489070454866,780.8592714099307,1.0447403,815.7951494705924,7.0
2026-10-06 08:10:00+00:00,780.6700320308456,780.6700320308456,780.6397448678989,780.6473166502686,0.6759702999999999,527.694400830277,9.0
2026-10-06 08:11:00+00:00,780.6599999046291,780.659999955013,780.6399999142109,780.6399999645947,0.6261903,488.82919576982954,6.0
2026-10-06 08:12:00+00:00,780.7406270287432,780.782648022059,780.7299650232837,780.7719860165995,3.0042003,2345.595434622664,8.0
2026-10-06 08:13:00+00:00,780.9007301401178,780.9007301580514,780.6790681369299,780.6879346239111,3.1089903999999997,2427.151294141567,9.0
2026-10-06 08:14:00+00:00,780.5774480070329,780.5774480070329,780.5774478628512,780.5774478628512,0.5056103,394.6679975871705,5.0
2026-10-06 08:15:00+00:00,780.2104979999416,780.4397343773168,780.2104979999416,780.3899003882556,0.6024603,470.1539335048785,8.0
2026-10-06 08:16:00+00:00,780.3299999981411,780.4799999913704,780.309999996907,780.4799999913704,2.6834603,2094.387094920843,6.0
2026-10-06 08:17:00+00:00,780.56942302826,780.7253842257121,780.5014424271401,780.5020193978008,6.0585403,4728.702938752958,13.0
2026-10-06 08:18:00+00:00,780.5682879246459,780.6880233295917,780.5682879246459,780.6880233295917,1.1074503,864.5731856427633,6.0
2026-10-06 08:19:00+00:00,780.9199999403535,780.929999998762,780.829999963786,780.8299999832199,0.9020604,704.3558221168632,8.0
2026-10-06 08:20:00+00:00,781.1409252228459,781.2220936928153,781.0084519321371,781.0189679803952,2.4322903,1899.6648599347259,11.0
2026-10-06 08:21:00+00:00,781.0725299970168,781.082063132952,780.9295331211299,780.9295331320061,3.0033803,2345.428375496864,9.0
2026-10-06 08:22:00+00:00,780.9676763138463,780.991041690006,780.641233940464,780.6568268782459,5.8864803000000006,4595.321032479305,13.0
2026-10-06 08:23:00+00:00,781.1114601766511,781.1288594326053,781.1114601604719,781.1288587294729,0.0316003,24.68390627450896,8.0
2026-10-06 08:24:00+00:00,780.9200081970115,780.9200081970115,780.9199986237884,780.9199992563958,0.011210399999999999,8.754425559663899,5.0
2026-10-06 08:25:00+00:00,780.9437317832088,780.9437317832088,780.9437315344487,780.9437316624532,0.024250300000000002,18.93811977593399,5.0
2026-10-06 08:26:00+00:00,781.0330279169261,781.1366368956521,781.0330279169261,781.1366368956521,1.6344102999999999,1276.6977650496137,10.0
2026-10-06 08:27:00+00:00,781.2399999941653,781.5499999643872,781.1300000067147,781.5499999643872,2.3243302999999997,1816.5803458822238,10.0
2026-10-06 08:28:00+00:00,781.5407675016171,781.5957976384265,781.5315958077192,781.5957976140664,1.5183902999999996,1186.7674776179613,9.0
2026-10-06 08:29:00+00:00,781.3400000155575,781.5699999621268,781.3400000076989,781.3500000076666,1.2913902999999998,1009.0278109149004,7.0
2026-10-06 08:30:00+00:00,781.5099999822024,781.5099999854754,781.2399999996826,781.2400000075704,3.1043004,2425.203644519501,10.0
2026-10-06 08:31:00+00:00,781.260000042784,781.260000042784,781.2500000254912,781.2500000254912,0.3206003,250.46898438317248,5.0
2026-10-06 08:32:00+00:00,781.2938630782685,781.7257704877669,781.2938630782685,781.7257704877669,5.1769403,4046.9476447866714,12.0
2026-10-06 08:33:00+00:00,781.548650085751,781.5486500915633,781.5486500807928,781.5486500915633,0.8100003,633.0546410387614,9.0
2026-10-06 08:34:00+00:00,781.7199999535304,781.7999999359281,781.7199999535304,781.7799999421686,0.4535303,354.56091790777174,7.0
2026-10-06 08:35:00+00:00,781.7499999991189,781.8982181955777,781.4338011705039,781.4338011705039,8.1894803,6399.536720439958,17.0
2026-10-06 08:36:00+00:00,781.549999963111,781.5699999603535,781.5199999546684,781.5699999603535,0.8096002999999999,632.7593064389021,8.0
2026-10-06 08:37:00+00:00,781.4115355319307,781.428464497795,781.3931092265027,781.4100381755952,1.5367404,1200.8243746299795,9.0
2026-10-06 08:38:00+00:00,781.3711541592908,781.3711541592908,781.3138719168392,781.3204616322662,0.5709502999999999,446.0951519650808,9.0
2026-10-06 08:39:00+00:00,781.17392916893,781.1884701646314,781.1739288680964,781.1884698637978,0.08661029999999999,67.65896773144448,6.0
2026-10-06 08:40:00+00:00,781.2568130229818,781.3104391018205,781.1858017114955,781.2414504228121,2.9388503,2295.9516709475165,14.0
2026-10-06 08:41:00+00:00,781.4005121118348,782.111059613271,781.3932559760027,781.5742440150628,24.9253603,19481.019633275562,48.0
2026-10-06 08:42:00+00:00,781.5812176329689,781.7650431139969,781.5724640383823,781.6249856083731,1.2861002999999998,1005.2481284784242,8.0
2026-10-06 08:43:00+00:00,781.8918026221438,781.924753484138,781.8918026221438,781.924753484138,0.3058204,239.12854088042047,7.0
2026-10-06 08:44:00+00:00,781.9648746571304,782.1881244264392,781.880687103309,781.8806871041111,10.365210300000001,8104.35775134261,21.0
2026-10-06 08:45:00+00:00,781.9199999899727,781.9199999899727,781.8200000011452,781.8399999983025,1.9271703,1506.7388273487286,6.0
2026-10-06 08:46:00+00:00,782.0251184918335,782.1064662929508,781.9052094985609,782.0161383232854,0.5420503,423.89208238297834,10.0
2026-10-06 08:47:00+00:00,782.0781744925868,782.1644016527121,782.0406897310831,782.1644016527121,3.0801103,2409.1526298238555,11.0
2026-10-06 08:48:00+00:00,782.2432146887695,782.2668752336381,782.1694642106497,782.2458036618339,4.0973703,3205.150723223629,10.0
2026-10-06 08:49:00+00:00,782.1398443622428,782.5593067001753,781.7404103172853,782.02007074282,21.6555504,16935.075055782705,30.0
2026-10-06 08:50:00+00:00,782.0612244840244,782.1534548056808,782.0379154500525,782.145685126568,2.4475403,1914.3330848183857,12.0
2026-10-06 08:51:00+00:00,782.1076342253274,782.107634478075,782.1076341120327,782.1076341120327,0.07276029999999999,56.90638609028172,5.0
2026-10-06 08:52:00+00:00,781.9654638602325,781.992032693134,781.9654638602325,781.9743201445112,2.3715503,1854.4914335310116,10.0
2026-10-06 08:53:00+00:00,782.1203953880145,782.1203953880145,781.9508435411022,782.1004481131268,0.8194203,640.8689838229928,8.0
2026-10-06 08:54:00+00:00,782.0801197964648,782.1860479158609,782.0481437597132,782.0817364297158,5.764360400000001,4508.200991038691,20.0
2026-10-06 08:55:00+00:00,782.1111360846384,782.1802601013742,782.0266527930768,782.1211217953411,5.3583613,4190.887550940743,15.0
2026-10-06 08:56:00+00:00,782.219999989242,782.3199999865493,782.219999989242,782.3199999865493,4.8208103,3771.4163138311565,6.0
2026-10-06 08:57:00+00:00,782.2002747367262,782.2002747484607,782.1803113515991,782.1803113834146,1.4414102999999998,1127.442757285261,6.0
2026-10-06 08:58:00+00:00,782.589999522081,782.6199995234407,782.5899994169147,782.6199995234407,0.1503803,117.69063031433487,6.0
2026-10-06 08:59:00+00:00,782.6214095914173,782.6214098484296,782.6214095914173,782.6214098484296,0.5606804000000001,438.80048512238153,6.0
2026-10-06 09:00:00+00:00,782.8007969393462,783.0002473214034,782.8007969393462,782.9902747997807,4.868870299999999,3812.27809416149,19.0
2026-10-06 09:01:00+00:00,782.9356950623998,782.9620029678184,782.935694882414,782.9620029648671,0.4683003,366.66134087704813,6.0
2026-10-06 09:02:00+00:00,783.0417144540796,783.3761011490764,783.0417144540796,783.3466268884613,4.678000299999999,3664.4957555882092,19.0
2026-10-06 09:03:00+00:00,783.4100000020163,783.4100000020163,783.4099998851469,783.409999994201,0.2734103,214.1923631214145,4.0
2026-10-06 09:04:00+00:00,783.4299999927861,783.509955198104,783.4299999927861,783.509955198104,2.5540803,2001.1473414253599,8.0
2026-10-06 09:05:00+00:00,783.2338719441923,783.2338719441923,783.1981441319415,783.1981441319415,3e-07,0.00023495944323958243,3.0
2026-10-06 09:06:00+00:00,782.9545631326254,783.0687019379733,782.9545631326254,783.0687019379733,3e-07,0.00023492061058139199,3.0
2026-10-06 09:07:00+00:00,783.0377429467798,783.157677106098,783.0100658362112,783.0100658497322,2.0702703,1621.0424839297448,8.0
2026-10-06 09:08:00+00:00,783.1151577427677,783.1151577427677,782.9425498088577,782.9425498088577,3e-07,0.00023488276494265732,3.0
2026-10-06 09:09:00+00:00,782.7700000058717,782.7700000058717,782.4400000128675,782.6000000043408,5.6293703,4405.545196804436,15.0
2026-10-06 09:10:00+00:00,782.4579378950397,782.4579378950397,782.3524308180412,782.3524308224488,0.8298704,649.2511247075979,9.0
2026-10-06 09:11:00+00:00,782.3358632972743,782.4469064413297,782.1786151147564,782.4324280206658,2.4270603,1899.0106834815656,10.0
2026-10-06 09:12:00+00:00,782.2866431197049,782.4136905763035,782.2770121697746,782.413690573881,0.5394802999999999,422.09677251490444,9.0
2026-10-06 09:13:00+00:00,782.300000014903,782.4199999997529,782.30000000435,782.4199999881579,2.2233203,1739.5702690996713,8.0
2026-10-06 09:14:00+00:00,782.3762430703954,782.5026519651616,782.2837569284269,782.4101658247997,4.7730502999999995,3734.4830767131098,15.0
2026-10-06 09:15:00+00:00,782.7534870622634,782.7534870872677,782.5813953975209,782.7190687550531,4.4552304000000005,3487.1937897772027,11.0
2026-10-06 09:16:00+00:00,783.1019049936102,783.1028390346861,783.1019049936102,783.1028390346861,21.598460300000006,16913.815579707963,67.0
2026-10-06 09:17:00+00:00,783.1199999999377,783.1199999999377,783.1099999996004,783.1099999996095,128.51300029999987,100639.81566488271,225.0
2026-10-06 09:18:00+00:00,782.9200000045164,782.9400000103235,782.9000000068415,782.9400000103235,2.5805203,2020.39256370864,6.0
2026-10-06 09:19:00+00:00,783.1594198793148,783.2541990040008,783.1594198793148,783.2070995124033,0.5254302999999999,411.5207412589318,10.0
2026-10-06 09:20:00+00:00,783.3687956115871,783.5577265017307,783.3687956115871,783.557726500085,0.6313103,494.66806338408657,11.0
2026-10-06 09:21:00+00:00,783.7101048212427,784.1025537374024,783.6816921984483,784.1025537374024,6.321630400000001,4956.806540423998,24.0
2026-10-06 09:22:00+00:00,784.2099999421306,784.2099999534571,784.2099999421306,784.2099999534571,1.2751603,999.9934588036504,4.0
2026-10-06 09:23:00+00:00,784.1800001965452,784.1800001965452,784.179999442905,784.179999442905,0.0283703,22.24742183819505,4.0
2026-10-06 09:24:00+00:00,784.1007394744272,784.1007394744272,783.9747138001102,783.9747138001102,3e-07,0.00023519241414003304,3.0
2026-10-06 09:25:00+00:00,783.9843794604071,783.984379461254,783.022727764401,783.022727765322,53.65280029999999,42011.36204315408,128.0
2026-10-06 09:26:00+00:00,782.6847857069478,783.1277023828064,782.6679761857184,783.127702381796,3.9846703000000003,3120.505696787982,15.0
2026-10-06 09:27:00+00:00,783.4304496681771,783.4304496681771,783.0001289188782,783.0001289188782,1.1704404,916.4549840918634,18.0
2026-10-06 09:28:00+00:00,781.5596759744698,781.8345546088332,781.4925302262633,781.8268420636019,2.4637003,1926.187025340149,8.0
2026-10-06 09:29:00+00:00,781.3192051874198,781.8865037217872,781.3192051874198,781.8865037217872,2.8981302999999996,2266.008967597174,17.0
2026-10-06 09:30:00+00:00,781.5494444639229,782.3197014632294,781.5494444639229,782.3197014632294,0.7824402999999999,612.1184619087995,12.0
2026-10-06 09:31:00+00:00,782.5099927766823,782.5099961260983,782.5099927766823,782.5099961260983,0.0047103,3.6858568347527605,4.0
2026-10-06 09:32:00+00:00,782.5999999927661,783.2799999323591,782.5999999927661,783.1799999503597,1.6666102999999997,1305.2558546712687,12.0
2026-10-06 09:33:00+00:00,783.1672254373888,783.1711857188457,782.8092055838604,783.1276226491607,15.5785504,12199.99313907213,22.0
2026-10-06 09:34:00+00:00,783.2399980061862,783.2399988750436,783.239997252211,783.239997252211,0.028000300000000002,21.930954895061085,4.0
2026-10-06 09:35:00+00:00,782.7700019522215,782.7700019522215,782.770000226403,782.770000226403,0.0146003,11.428676834305552,4.0
2026-10-06 09:36:00+00:00,782.8745271963721,783.2886996706196,782.8745271963721,783.2533889239813,3e-07,0.0002349760166771944,3.0
2026-10-06 09:37:00+00:00,783.2100000227354,783.2100000250259,783.2099999007651,783.2100000250259,0.1827203,143.10836616757274,5.0
2026-10-06 09:38:00+00:00,782.9863855991438,783.1332542156017,782.9863855939732,783.0566271061922,7.067050300000002,5533.900571507805,18.0
2026-10-06 09:39:00+00:00,782.8388889336486,782.8388889336486,782.8388888568511,782.8388888568511,1.6424104000000002,1285.7427325829365,6.0
2026-10-06 09:40:00+00:00,782.609999943135,782.6799998602588,782.5999997516531,782.5999997516531,0.2533903,198.3032487170713,7.0
2026-10-06 09:41:00+00:00,782.6445122151558,782.9128723947567,782.6445122151558,782.9128723947567,7.482520299999999,5858.161460825077,14.0
2026-10-06 09:42:00+00:00,782.9899999514213,782.9899999649776,782.9499999623071,782.9499999707668,1.1023603,863.0929968527745,5.0
2026-10-06 09:43:00+00:00,782.9100000046984,783.1199999814203,782.9099999958039,783.0999999793252,2.7064003,2119.3820748740454,7.0
2026-10-06 09:44:00+00:00,783.0259461614613,783.1675676884424,782.9779730779177,783.0979730718882,7.960860400000001,6234.133643148262,23.0
2026-10-06 09:45:00+00:00,783.0624448739343,783.0849778886917,783.0624448341099,783.0849778488673,0.7494603,586.8911024241054,7.0
2026-10-06 09:46:00+00:00,783.167638271154,783.2786621946085,783.0455904202706,783.0676382672057,6.1018203,4778.138011451892,22.0
2026-10-06 09:47:00+00:00,783.0798826312384,785.9776135075,783.0798826312384,783.2397574387187,204.86796030000014,160460.73153233714,97.0
2026-10-06 09:48:00+00:00,783.0200000066455,783.2099999935523,782.9999999946776,783.0099999939885,4.3533703,3408.7324785768296,10.0
2026-10-06 09:49:00+00:00,782.9500000014801,783.3199999934583,782.8799999986492,782.9499999973117,13.8370903,10833.749850347802,27.0
2026-10-06 09:50:00+00:00,782.9424041469248,783.1952709148419,782.9285300871355,783.1952709148419,12.6475604,9905.509493889826,27.0
2026-10-06 09:51:00+00:00,783.3099847808795,783.8242824550694,783.3099847808795,783.7885649109761,5.6524602999999995,4430.333746753265,17.0
2026-10-06 09:52:00+00:00,783.6524547877842,783.7597416113392,783.2995348808513,783.2995348808513,12.774780300000002,10006.479467195064,19.0
2026-10-06 09:53:00+00:00,783.2800000155215,783.3100000115728,783.0000000068526,783.0000000068526,2.2792303,1784.6373249156186,8.0
2026-10-06 09:54:00+00:00,783.0899999921813,783.2799999719216,783.0899999782587,783.2799999579989,2.8134603,2203.7271836658315,10.0
2026-10-06 09:55:00+00:00,783.4667398570326,783.7652352943738,783.4667398460075,783.5662384170971,2.2351004,1751.349212912549,11.0
2026-10-06 09:56:00+00:00,783.3499999503829,783.3499999503829,783.3399998779006,783.3399998779006,1.0604203,830.6696376725234,5.0
2026-10-06 09:57:00+00:00,783.1699999839856,783.3169687536858,783.0362845201129,783.0934934113875,5.327830299999999,4172.189241930039,17.0
2026-10-06 09:58:00+00:00,783.0274559267477,783.0852753132424,783.0274559267477,783.0274559397598,1.9720102999999998,1544.1382082960022,9.0
2026-10-06 09:59:00+00:00,782.8750609178353,782.8750609178353,782.7669915491136,782.8334957745134,10.4818603,8205.55134086909,22.0
2026-10-06 10:00:00+00:00,782.878668554674,783.1900141394973,782.7219971718064,782.8090014206592,5.3193303,4164.0196403696555,16.0
2026-10-06 10:01:00+00:00,782.5829886608259,782.5829886608259,782.3786038722079,782.5224301828524,3.7217203000000003,2912.3296136168547,13.0
2026-10-06 10:02:00+00:00,782.5843888412545,782.876938234163,782.5430616758996,782.876938234163,1.1073104,866.8877756268464,15.0
2026-10-06 10:03:00+00:00,782.8571013154966,782.8571013154966,782.8314155020499,782.8314155020499,0.2243203,175.6049779748445,6.0
2026-10-06 10:04:00+00:00,782.5600000026213,782.5600000066413,782.4900000473663,782.4900000473663,0.4644003,363.3885907689969,5.0
2026-10-06 10:05:00+00:00,782.9399991919908,782.9399994654449,782.9199992246936,782.9199994981477,0.1834703,143.64256718392502,5.0
2026-10-06 10:06:00+00:00,782.9479173528781,783.1734643646131,782.9372174267139,783.0023740339831,4.1607202999999995,3257.853872591386,16.0
2026-10-06 10:07:00+00:00,782.9399998592099,783.2199998381362,782.9399998592099,783.2199998381362,0.0455303,35.6602415586303,6.0
2026-10-06 10:08:00+00:00,783.4395321270621,784.3775826606287,783.4395321270621,783.7002339348367,30.916230299999995,24229.056918493283,36.0
2026-10-06 10:09:00+00:00,783.6631579725398,783.7578947793331,783.6631579717559,783.7578947793331,3.4880003000000004,2733.747772117683,9.0
2026-10-06 10:10:00+00:00,783.9053923305446,784.6309055585396,783.9047182887793,784.6228170573573,10.4079604,8166.32320886942,26.0
2026-10-06 10:11:00+00:00,784.6799999980788,784.6799999980788,784.1000000060691,784.1000000060691,18.191310299999998,14263.806406340404,22.0
2026-10-06 10:12:00+00:00,784.4999999993918,784.4999999993918,784.499999994691,784.499999994691,2.8567203,2241.097075334834,4.0
2026-10-06 10:13:00+00:00,784.5099992094235,784.5099994331986,784.4999990927078,784.4999994747611,0.0721803,56.625445312088104,5.0
2026-10-06 10:14:00+00:00,784.2404728875463,784.2404728886563,784.1215924968388,784.1314991971745,7.6280503,5981.394517690457,12.0
2026-10-06 10:15:00+00:00,783.942480349232,783.942480349232,783.9406470275857,783.9406470275857,0.3032703,237.74591520625,6.0
2026-10-06 10:16:00+00:00,784.0286060534302,784.0286060999578,783.7803485548922,783.7803485833357,0.8565703,671.3629683201324,7.0
2026-10-06 10:17:00+00:00,783.8211904078099,783.8211904078099,783.8006343967604,783.8006343967604,0.6831804,535.4772309274325,9.0
2026-10-06 10:18:00+00:00,783.800025354953,783.8999746441016,783.7500507261572,783.8999746441016,0.9859602999999999,772.8942541700907,10.0
2026-10-06 10:19:00+00:00,783.8584554645113,783.8584554645113,783.6347660830965,783.6347660849844,5.568590299999999,4363.740957163613,11.0
2026-10-06 10:20:00+00:00,783.7175418813744,783.7175418825728,783.4969646694769,783.6216387444879,6.251860300000001,4899.093013487606,12.0
2026-10-06 10:21:00+00:00,783.7217625996234,783.8390607136806,783.721762595801,783.8390607136806,3.4662103,2716.951025788085,10.0
2026-10-06 10:22:00+00:00,783.8772701149454,783.9181838823121,783.6790919577437,783.684545989154,2.0325903,1592.9096064374583,10.0
2026-10-06 10:23:00+00:00,783.8254839933114,783.957016315496,783.8254839933114,783.8339516610481,4.0658303,3186.935830832225,12.0
2026-10-06 10:24:00+00:00,783.8085168135565,783.8182819019047,783.5258590548793,783.5395301677762,5.7610904,4514.042065270086,18.0
2026-10-06 10:25:00+00:00,783.5862620320477,783.6273857314949,783.522523426949,783.6046219355702,2.2162403,1736.6561423998746,13.0
2026-10-06 10:26:00+00:00,783.4451862947524,783.6317517416737,783.4451862947524,783.6317517416737,1.7989603,1409.722411202727,13.0
2026-10-06 10:27:00+00:00,783.6095914919364,783.9341860254988,783.6095914919364,783.9341860254988,5.4485303,4271.2891657657665,16.0
2026-10-06 10:28:00+00:00,783.6999996965578,783.6999999244355,783.6999996965578,783.6999999244355,0.2157203,169.0599990936992,4.0
2026-10-06 10:29:00+00:00,783.749995688549,783.7500012701329,783.749995688549,783.7500012701329,0.0051803,4.060060131579669,4.0
2026-10-06 10:30:00+00:00,783.9898721660333,784.3996625175618,783.8699335270122,783.8699335277014,22.4317803,17583.598132669,29.0
2026-10-06 10:31:00+00:00,783.7598651230899,783.8098201611955,783.7598651137216,783.809820153775,2.2245503999999996,1743.624448947008,9.0
2026-10-06 10:32:00+00:00,783.7046212795633,783.7231495384109,783.7046212795633,783.7231495384109,4.6824603,3669.7525339045724,7.0
2026-10-06 10:33:00+00:00,783.6788828943359,783.7585986828935,783.5444116322886,783.5444116344634,3.1684703,2482.637196994772,16.0
2026-10-06 10:34:00+00:00,783.8088392222584,783.8522955423985,783.7027279364411,783.7461842605733,0.6921902999999999,542.5015064071814,10.0
2026-10-06 10:35:00+00:00,783.7280182272542,783.7280182272542,783.6724854029889,783.6724854029889,3e-07,0.00023510174562089663,3.0
2026-10-06 10:36:00+00:00,783.8237241948476,783.881845529745,783.6719241794751,783.722294172261,6.239270299999999,4889.85523347685,15.0
2026-10-06 10:37:00+00:00,783.5569114727389,783.5569115035114,783.4021700665545,783.4021700665545,0.4404804,345.07330123178394,8.0
2026-10-06 10:38:00+00:00,783.5156836783187,783.7384614701012,783.5156836783187,783.7384614523893,0.2965103,232.3865263267864,9.0
2026-10-06 10:39:00+00:00,783.5199995440524,783.6199997223358,783.5199995440524,783.6199997223358,0.10751029999999999,84.24722125614824,5.0
2026-10-06 10:40:00+00:00,783.7232716657385,783.806774564957,783.6034104022123,783.6668901819764,3.6460203,2857.2653900413566,16.0
2026-10-06 10:41:00+00:00,784.1070532404307,784.4267189422926,784.1070532404307,784.4221887814642,9.0204303,7075.825679676639,25.0
2026-10-06 10:42:00+00:00,784.2616209890019,784.444505325118,784.2616209890019,784.444505325118,1.2414603,973.8567109142726,7.0
2026-10-06 10:43:00+00:00,784.596937750351,784.5969585379786,784.596937750351,784.5969585379786,0.0026703,2.0951092583839643,5.0
2026-10-06 10:44:00+00:00,784.4952245958955,784.5328368969875,784.4011938552726,784.4011938578526,2.6854303,2106.4547333420514,7.0
2026-10-06 10:45:00+00:00,784.2100002983223,784.399999861575,784.2100000648135,784.220000145774,0.13051030000000002,102.34878748502501,7.0
2026-10-06 10:46:00+00:00,784.379999752566,784.3799998159108,784.3799997238353,784.3799998159108,0.2170803,170.27344567403784,4.0
2026-10-06 10:47:00+00:00,784.3599998404475,784.3699998260952,784.3399997469061,784.3399997563481,0.2787004,218.59587166809413,7.0
2026-10-06 10:48:00+00:00,784.2456557421433,784.3480801825555,784.2456557011817,784.3480801376984,0.5598702999999999,439.1331949311172,8.0
2026-10-06 10:49:00+00:00,784.2804749740609,784.3195249886501,784.143799886117,784.2902374647338,1.1162403,875.4563699547057,11.0
2026-10-06 10:50:00+00:00,784.2432156186967,784.3007149070953,784.1817857876182,784.2067873151091,1.2102003,949.0472892707811,14.0
2026-10-06 10:51:00+00:00,784.1001220906504,784.2300287218104,784.1001220831288,784.2300287142888,1.7547503,1376.1278781554067,7.0
2026-10-06 10:52:00+00:00,784.186045517363,784.1860456761663,784.186045517363,784.1860455728867,0.16630630000000002,130.41507975085818,5.0
2026-10-06 10:53:00+00:00,784.0501611547336,784.0771752030579,783.8430533997695,783.8430533997695,1.7311104000000002,1356.9188617080965,10.0
2026-10-06 10:54:00+00:00,783.7214518262562,783.7214518262562,783.7043554744222,783.7043554744222,1.1041203,865.3038880777257,8.0
2026-10-06 10:55:00+00:00,783.7143968484495,783.7841601022724,783.6568320173417,783.7104960600673,8.8319103,6921.660802371018,18.0
2026-10-06 10:56:00+00:00,783.6946114019424,783.6946114019424,783.5830742638304,783.5830742665397,4.6519702999999994,3645.2051890706366,12.0
2026-10-06 10:57:00+00:00,783.420005862779,783.4200066008501,783.4200027050109,783.4200027050109,0.0110003,8.617855055755932,4.0
2026-10-06 10:58:00+00:00,783.4437583125095,783.589485263896,783.3837530898676,783.5894852565308,4.7134602999999995,3693.417930254093,21.0
2026-10-06 10:59:00+00:00,783.49528963414,783.6099923784794,783.4952896329493,783.5758765270306,6.7017703,5251.345537105321,20.0
2026-10-06 11:00:00+00:00,783.7399999870933,783.8399999586366,783.4699999484802,783.4699999484802,1.0542303,825.9578130866862,10.0
2026-10-06 11:01:00+00:00,783.4398151463151,783.4398151463151,783.1541021104545,783.3015668969722,6.2833604,4921.766046698386,17.0
2026-10-06 11:02:00+00:00,783.2803949864532,785.3891249605693,783.2803949864532,783.7701932066016,197.1460503,154517.1979335494,93.0
2026-10-06 11:03:00+00:00,783.8075290962437,783.8903780842394,783.7106538582044,783.745065227443,10.534890299999999,8256.668285337455,15.0
2026-10-06 11:04:00+00:00,783.42889527192,783.507632730902,783.2714203613069,783.271420362464,7.1094703,5568.644899905753,15.0
2026-10-06 11:05:00+00:00,783.2508358054272,783.4381890979924,783.1902786078796,783.2297214072623,4.0000103000000005,3132.92695289518,11.0
2026-10-06 11:06:00+00:00,783.220000003298,783.2600000018273,783.1800000001882,783.1800000041401,8.1592703,6390.177313587779,11.0
2026-10-06 11:07:00+00:00,783.2664993366075,783.3130258438217,783.155413493734,783.21900164073,7.827946299999999,6130.996285983245,18.0
2026-10-06 11:08:00+00:00,783.139991702473,783.1399963945356,783.139991702473,783.1399963608782,0.011210399999999999,8.779312615203988,5.0
2026-10-06 11:09:00+00:00,783.0590714333983,783.1804642229655,782.9295856808776,782.9295856808776,0.6657603000000001,521.2434358417769,11.0
2026-10-06 11:10:00+00:00,782.8199999833275,782.8699999919197,782.7099999931098,782.7899999955799,3.3734403,2640.695332422089,10.0
2026-10-06 11:11:00+00:00,782.8400542853766,783.0336001574672,782.8400542853766,783.0336001574672,4.6518303,3642.539427130591,14.0
2026-10-06 11:12:00+00:00,783.0966602465566,783.1333205377817,783.0966602465566,783.1333205377817,1.8741002999999998,1467.6703909598527,6.0
2026-10-06 11:13:00+00:00,783.369374154976,783.3804619709276,783.369374154976,783.3804619709276,1.3383403,1048.4296424883098,7.0
2026-10-06 11:14:00+00:00,783.3867393128496,783.6023972300247,783.3704358621848,783.5860937793599,7.7891803,6103.493365020143,17.0
2026-10-06 11:15:00+00:00,783.92423408453,784.1179575130412,783.92423408453,784.1075627175958,3.674120399999999,2880.9055919749976,17.0
2026-10-06 11:16:00+00:00,784.0187548180668,784.3654969116878,784.0187548080575,784.3654969116878,0.8263803000000001,648.1841946475297,9.0
2026-10-06 11:17:00+00:00,784.3979994793372,784.3979994793372,784.3979990202162,784.3979990202162,0.12748030000000002,99.99529223449687,4.0
2026-10-06 11:18:00+00:00,784.4142308492103,784.4714397386284,784.325957846159,784.3831667277021,0.5303003,415.9586286306504,7.0
2026-10-06 11:19:00+00:00,783.9474680370176,783.9474680370176,783.8773401753984,783.8773401753984,4.9354203,3868.764137411667,8.0
2026-10-06 11:20:00+00:00,783.4856896617749,783.4856896617749,783.4856895122286,783.4856895122286,0.3670603,287.5864922380655,5.0
