date,Close,High,Low,Open
2026-09-28 13:30:00+00:00,105.335,105.46,105.01,105.255
2026-09-28 13:31:00+00:00,105.27,105.51,105.265,105.335
2026-09-28 13:32:00+00:00,105.3,105.44,105.27,105.27
2026-09-28 13:33:00+00:00,105.42,105.465,105.295,105.295
2026-09-28 13:34:00+00:00,105.58,105.58,105.36,105.43
2026-09-28 13:35:00+00:00,105.41,105.57,105.375,105.535
2026-09-28 13:36:00+00:00,105.21,105.38,105.055,105.38
2026-09-28 13:37:00+00:00,105.67,105.695,105.15,105.2
2026-09-28 13:38:00+00:00,105.76,105.795,105.685,105.71
2026-09-28 13:39:00+00:00,105.555,105.76,105.5,105.76
2026-09-28 13:40:00+00:00,105.65,105.68,105.5,105.56
2026-09-28 13:41:00+00:00,105.64,105.675,105.58,105.63
2026-09-28 13:42:00+00:00,105.675,105.71,105.48,105.64
2026-09-28 13:43:00+00:00,105.89,105.95,105.66,105.67
2026-09-28 13:44:00+00:00,106.11,106.13,105.89,105.89
2026-09-28 13:45:00+00:00,106.12,106.175,105.98,106.115
2026-09-28 13:46:00+00:00,106.115,106.195,106.085,106.12
2026-09-28 13:47:00+00:00,106.28,106.31,106.12,106.12
2026-09-28 13:48:00+00:00,106.315,106.355,106.205,106.265
2026-09-28 13:49:00+00:00,106.29,106.365,106.275,106.3
2026-09-28 13:50:00+00:00,106.375,106.395,106.245,106.29
2026-09-28 13:51:00+00:00,106.395,106.46,106.35,106.375
2026-09-28 13:52:00+00:00,106.435,106.595,106.395,106.395
2026-09-28 13:53:00+00:00,106.355,106.49,106.305,106.435
2026-09-28 13:54:00+00:00,106.28,106.37,106.2,106.355
2026-09-28 13:55:00+00:00,106.28,106.315,106.195,106.28
2026-09-28 13:56:00+00:00,106.105,106.295,106.1,106.275
2026-09-28 13:57:00+00:00,106.27,106.305,106.1,106.1
2026-09-28 13:58:00+00:00,106.305,106.345,106.25,106.27
2026-09-28 13:59:00+00:00,106.31,106.355,106.18,106.305
2026-09-28 14:00:00+00:00,106.295,106.365,106.23,106.31
2026-09-28 14:01:00+00:00,106.35,106.42,106.295,106.3
2026-09-28 14:02:00+00:00,106.36,106.415,106.32,106.35
2026-09-28 14:03:00+00:00,106.16,106.37,106.14,106.36
2026-09-28 14:04:00+00:00,106.13,106.16,106.09,106.155
2026-09-28 14:05:00+00:00,106.125,106.32,106.085,106.14
2026-09-28 14:06:00+00:00,106.24,106.245,106.125,106.125
2026-09-28 14:07:00+00:00,106.275,106.31,106.22,106.22
2026-09-28 14:08:00+00:00,106.325,106.35,106.27,106.28
2026-09-28 14:09:00+00:00,106.195,106.33,106.175,106.325
2026-09-28 14:10:00+00:00,106.39,106.44,106.195,106.2
2026-09-28 14:11:00+00:00,106.345,106.41,106.255,106.385
2026-09-28 14:12:00+00:00,106.41,106.45,106.275,106.345
2026-09-28 14:13:00+00:00,106.36,106.45,106.265,106.43
2026-09-28 14:14:00+00:00,106.35,106.385,106.245,106.36
2026-09-28 14:15:00+00:00,106.49,106.51,106.335,106.35
2026-09-28 14:16:00+00:00,106.475,106.51,106.46,106.49
2026-09-28 14:17:00+00:00,106.545,106.6,106.455,106.475
2026-09-28 14:18:00+00:00,106.495,106.56,106.385,106.535
2026-09-28 14:19:00+00:00,106.415,106.535,106.36,106.5
2026-09-28 14:20:00+00:00,106.37,106.51,106.355,106.415
2026-09-28 14:21:00+00:00,106.355,106.395,106.28,106.37
2026-09-28 14:22:00+00:00,106.295,106.375,106.265,106.35
2026-09-28 14:23:00+00:00,106.215,106.31,106.21,106.295
2026-09-28 14:24:00+00:00,106.23,106.255,106.205,106.23
2026-09-28 14:25:00+00:00,106.25,106.255,106.09,106.095
2026-09-28 14:26:00+00:00,106.25,106.27,106.23,106.25
2026-09-28 14:27:00+00:00,106.245,106.275,106.095,106.26
2026-09-28 14:28:00+00:00,106.2,106.255,106.155,106.245
2026-09-28 14:29:00+00:00,106.22,106.245,106.15,106.195
2026-09-28 14:30:00+00:00,106.155,106.22,106.12,106.22
2026-09-28 14:31:00+00:00,106.095,106.2,106.025,106.155
2026-09-28 14:32:00+00:00,106.025,106.11,106.01,106.095
2026-09-28 14:33:00+00:00,105.95,106.05,105.93,106.025
2026-09-28 14:34:00+00:00,105.93,106.005,105.88,105.945
2026-09-28 14:35:00+00:00,105.9,105.935,105.885,105.925
2026-09-28 14:36:00+00:00,105.915,105.93,105.89,105.9
2026-09-28 14:37:00+00:00,105.93,105.96,105.865,105.915
2026-09-28 14:38:00+00:00,105.905,105.96,105.895,105.93
2026-09-28 14:39:00+00:00,105.94,105.985,105.875,105.905
2026-09-28 14:40:00+00:00,105.82,105.98,105.77,105.9
2026-09-28 14:41:00+00:00,105.87,105.925,105.775,105.925
2026-09-28 14:42:00+00:00,105.795,105.885,105.745,105.87
2026-09-28 14:43:00+00:00,105.71,105.815,105.68,105.8
2026-09-28 14:44:00+00:00,105.68,105.79,105.68,105.695
2026-09-28 14:45:00+00:00,105.75,105.8,105.68,105.68
2026-09-28 14:46:00+00:00,105.65,105.78,105.615,105.745
2026-09-28 14:47:00+00:00,105.705,105.745,105.63,105.65
2026-09-28 14:48:00+00:00,105.675,105.75,105.645,105.675
2026-09-28 14:49:00+00:00,105.645,105.7,105.635,105.675
2026-09-28 14:50:00+00:00,105.57,105.68,105.515,105.645
2026-09-28 14:51:00+00:00,105.515,105.6,105.515,105.57
2026-09-28 14:52:00+00:00,105.63,105.69,105.445,105.61
2026-09-28 14:53:00+00:00,105.625,105.675,105.595,105.63
2026-09-28 14:54:00+00:00,105.54,105.635,105.535,105.625
2026-09-28 14:55:00+00:00,105.455,105.56,105.45,105.555
2026-09-28 14:56:00+00:00,105.56,105.61,105.43,105.455
2026-09-28 14:57:00+00:00,105.52,105.61,105.505,105.6
2026-09-28 14:58:00+00:00,105.5,105.59,105.445,105.525
2026-09-28 14:59:00+00:00,105.475,105.585,105.44,105.5
2026-09-28 15:00:00+00:00,105.47,105.515,105.405,105.48
2026-09-28 15:01:00+00:00,105.515,105.525,105.445,105.515
2026-09-28 15:02:00+00:00,105.49,105.525,105.44,105.51
2026-09-28 15:03:00+00:00,105.505,105.52,105.425,105.49
2026-09-28 15:04:00+00:00,105.435,105.59,105.435,105.5
2026-09-28 15:05:00+00:00,105.42,105.555,105.415,105.47
2026-09-28 15:06:00+00:00,105.385,105.475,105.36,105.42
2026-09-28 15:07:00+00:00,105.375,105.395,105.37,105.38
2026-09-28 15:08:00+00:00,105.375,105.42,105.37,105.375
2026-09-28 15:09:00+00:00,105.41,105.45,105.33,105.375
2026-09-28 15:10:00+00:00,105.4,105.47,105.35,105.465
2026-09-28 15:11:00+00:00,105.385,105.45,105.345,105.4
2026-09-28 15:12:00+00:00,105.345,105.375,105.32,105.35
2026-09-28 15:13:00+00:00,105.3,105.345,105.29,105.345
2026-09-28 15:14:00+00:00,105.25,105.425,105.25,105.3
2026-09-28 15:15:00+00:00,105.235,105.28,105.21,105.25
2026-09-28 15:16:00+00:00,105.195,105.265,105.19,105.235
2026-09-28 15:17:00+00:00,105.235,105.26,105.18,105.195
2026-09-28 15:18:00+00:00,105.25,105.27,105.21,105.26
2026-09-28 15:19:00+00:00,105.235,105.27,105.19,105.25
2026-09-28 15:20:00+00:00,105.39,105.47,105.205,105.225
2026-09-28 15:21:00+00:00,105.375,105.465,105.345,105.465
2026-09-28 15:22:00+00:00,105.485,105.49,105.375,105.375
2026-09-28 15:23:00+00:00,105.43,105.5,105.43,105.455
2026-09-28 15:24:00+00:00,105.47,105.505,105.425,105.43
2026-09-28 15:25:00+00:00,105.46,105.565,105.405,105.47
2026-09-28 15:26:00+00:00,105.47,105.49,105.425,105.485
2026-09-28 15:27:00+00:00,105.375,105.485,105.37,105.435
2026-09-28 15:28:00+00:00,105.38,105.44,105.35,105.375
2026-09-28 15:29:00+00:00,105.325,105.375,105.285,105.365
2026-09-28 15:30:00+00:00,105.315,105.45,105.305,105.45
2026-09-28 15:31:00+00:00,105.28,105.32,105.27,105.315
2026-09-28 15:32:00+00:00,105.3,105.315,105.265,105.275
2026-09-28 15:33:00+00:00,105.27,105.46,105.24,105.305
2026-09-28 15:34:00+00:00,105.265,105.27,105.23,105.27
2026-09-28 15:35:00+00:00,105.25,105.295,105.22,105.265
2026-09-28 15:36:00+00:00,105.305,105.345,105.22,105.24
2026-09-28 15:37:00+00:00,105.27,105.305,105.23,105.305
2026-09-28 15:38:00+00:00,105.245,105.305,105.23,105.27
2026-09-28 15:39:00+00:00,105.225,105.26,105.21,105.245
2026-09-28 15:40:00+00:00,105.155,105.235,105.125,105.23
2026-09-28 15:41:00+00:00,105.045,105.19,104.945,105.16
2026-09-28 15:42:00+00:00,105.07,105.085,104.985,105.045
2026-09-28 15:43:00+00:00,105.085,105.135,105.02,105.07
2026-09-28 15:44:00+00:00,105.02,105.1,105.0,105.085
2026-09-28 15:45:00+00:00,105.085,105.1,104.995,105.02
2026-09-28 15:46:00+00:00,105.07,105.1,105.04,105.085
2026-09-28 15:47:00+00:00,105.005,105.07,105.005,105.07
2026-09-28 15:48:00+00:00,104.95,105.03,104.945,105.005
2026-09-28 15:49:00+00:00,104.93,105.025,104.92,104.95
2026-09-28 15:50:00+00:00,104.94,104.99,104.89,104.925
2026-09-28 15:51:00+00:00,104.92,104.96,104.885,104.93
2026-09-28 15:52:00+00:00,104.88,104.985,104.87,104.915
2026-09-28 15:53:00+00:00,104.77,104.88,104.77,104.88
2026-09-28 15:54:00+00:00,104.865,104.99,104.77,104.77
2026-09-28 15:55:00+00:00,104.86,104.975,104.76,104.865
2026-09-28 15:56:00+00:00,104.875,104.88,104.805,104.865
2026-09-28 15:57:00+00:00,104.845,104.875,104.805,104.875
2026-09-28 15:58:00+00:00,104.89,104.9,104.84,104.845
2026-09-28 15:59:00+00:00,104.825,104.985,104.825,104.89
2026-09-28 16:00:00+00:00,104.82,104.895,104.76,104.83
2026-09-28 16:01:00+00:00,104.78,104.84,104.76,104.82
2026-09-28 16:02:00+00:00,104.84,104.845,104.78,104.82
2026-09-28 16:03:00+00:00,104.895,104.985,104.8,104.84
2026-09-28 16:04:00+00:00,104.905,104.92,104.87,104.895
2026-09-28 16:05:00+00:00,104.94,104.97,104.89,104.905
2026-09-28 16:06:00+00:00,104.89,105.01,104.89,104.995
2026-09-28 16:07:00+00:00,104.99,105.005,104.81,104.89
2026-09-28 16:08:00+00:00,104.98,105.025,104.95,104.95
2026-09-28 16:09:00+00:00,104.99,105.02,104.925,104.98
2026-09-28 16:10:00+00:00,104.945,105.0,104.905,104.995
2026-09-28 16:11:00+00:00,104.905,104.99,104.89,104.945
2026-09-28 16:12:00+00:00,104.895,104.94,104.895,104.91
2026-09-28 16:13:00+00:00,104.865,104.905,104.86,104.9
2026-09-28 16:14:00+00:00,104.83,104.88,104.815,104.865
2026-09-28 16:15:00+00:00,104.805,104.895,104.805,104.825
2026-09-28 16:16:00+00:00,105.175,105.225,104.81,104.82
2026-09-28 16:17:00+00:00,105.115,105.26,105.05,105.175
2026-09-28 16:18:00+00:00,105.17,105.195,105.115,105.115
2026-09-28 16:19:00+00:00,105.22,105.22,105.05,105.16
2026-09-28 16:20:00+00:00,105.445,105.46,105.185,105.21
2026-09-28 16:21:00+00:00,105.355,105.47,105.32,105.46
2026-09-28 16:22:00+00:00,105.26,105.415,105.24,105.34
2026-09-28 16:23:00+00:00,105.355,105.405,105.245,105.265
2026-09-28 16:24:00+00:00,105.475,105.535,105.355,105.36
2026-09-28 16:25:00+00:00,105.51,105.515,105.415,105.475
2026-09-28 16:26:00+00:00,105.755,105.765,105.495,105.505
2026-09-28 16:27:00+00:00,105.72,105.915,105.72,105.75
2026-09-28 16:28:00+00:00,105.945,105.96,105.7,105.745
2026-09-28 16:29:00+00:00,106.045,106.06,105.895,105.955
2026-09-28 16:30:00+00:00,105.94,106.08,105.94,106.045
2026-09-28 16:31:00+00:00,105.935,105.965,105.89,105.94
2026-09-28 16:32:00+00:00,105.835,105.935,105.83,105.935
2026-09-28 16:33:00+00:00,105.87,105.9,105.83,105.83
2026-09-28 16:34:00+00:00,105.775,105.895,105.685,105.87
2026-09-28 16:35:00+00:00,105.81,105.84,105.68,105.78
2026-09-28 16:36:00+00:00,105.82,105.855,105.78,105.81
2026-09-28 16:37:00+00:00,105.745,105.825,105.665,105.825
2026-09-28 16:38:00+00:00,105.61,105.78,105.605,105.745
2026-09-28 16:39:00+00:00,105.64,105.64,105.605,105.605
2026-09-28 16:40:00+00:00,105.575,105.74,105.56,105.645
2026-09-28 16:41:00+00:00,105.565,105.725,105.56,105.72
2026-09-28 16:42:00+00:00,105.595,105.73,105.58,105.655
2026-09-28 16:43:00+00:00,105.63,105.655,105.58,105.595
2026-09-28 16:44:00+00:00,105.67,105.755,105.635,105.755
2026-09-28 16:45:00+00:00,105.65,105.725,105.64,105.67
2026-09-28 16:46:00+00:00,105.62,105.75,105.59,105.65
2026-09-28 16:47:00+00:00,105.565,105.735,105.56,105.615
2026-09-28 16:48:00+00:00,105.51,105.57,105.475,105.56
2026-09-28 16:49:00+00:00,105.64,105.64,105.475,105.52
2026-09-28 16:50:00+00:00,105.625,105.71,105.59,105.64
2026-09-28 16:51:00+00:00,105.61,105.63,105.595,105.63
2026-09-28 16:52:00+00:00,105.64,105.645,105.595,105.61
2026-09-28 16:53:00+00:00,105.645,105.655,105.61,105.64
2026-09-28 16:54:00+00:00,105.625,105.755,105.61,105.645
2026-09-28 16:55:00+00:00,105.645,105.67,105.615,105.62
2026-09-28 16:56:00+00:00,105.67,105.755,105.62,105.645
2026-09-28 16:57:00+00:00,105.69,105.775,105.635,105.77
2026-09-28 16:58:00+00:00,105.61,105.78,105.6,105.78
2026-09-28 16:59:00+00:00,105.545,105.61,105.525,105.61
2026-09-28 17:00:00+00:00,105.525,105.545,105.43,105.545
2026-09-28 17:01:00+00:00,105.535,105.545,105.515,105.525
2026-09-28 17:02:00+00:00,105.495,105.535,105.415,105.535
2026-09-28 17:03:00+00:00,105.485,105.505,105.43,105.5
2026-09-28 17:04:00+00:00,105.5,105.515,105.48,105.485
2026-09-28 17:05:00+00:00,105.5,105.53,105.48,105.5
2026-09-28 17:06:00+00:00,105.5,105.69,105.475,105.495
2026-09-28 17:07:00+00:00,105.49,105.545,105.48,105.5
2026-09-28 17:08:00+00:00,105.53,105.695,105.475,105.49
2026-09-28 17:09:00+00:00,105.51,105.59,105.5,105.53
2026-09-28 17:10:00+00:00,105.615,105.635,105.51,105.515
2026-09-28 17:11:00+00:00,105.96,106.055,105.56,105.615
2026-09-28 17:12:00+00:00,105.945,106.095,105.895,106.02
2026-09-28 17:13:00+00:00,105.965,105.995,105.87,105.945
2026-09-28 17:14:00+00:00,105.89,105.99,105.82,105.965
2026-09-28 17:15:00+00:00,105.72,105.89,105.665,105.885
2026-09-28 17:16:00+00:00,105.8,105.8,105.675,105.72
2026-09-28 17:17:00+00:00,105.7,105.805,105.645,105.8
2026-09-28 17:18:00+00:00,105.665,105.785,105.64,105.69
2026-09-28 17:19:00+00:00,105.66,105.75,105.655,105.68
2026-09-28 17:20:00+00:00,105.625,105.665,105.57,105.665
2026-09-28 17:21:00+00:00,105.645,105.66,105.59,105.615
2026-09-28 17:22:00+00:00,105.56,105.75,105.55,105.645
2026-09-28 17:23:00+00:00,105.52,105.56,105.51,105.555
2026-09-28 17:24:00+00:00,105.495,105.565,105.48,105.52
2026-09-28 17:25:00+00:00,105.475,105.515,105.425,105.495
2026-09-28 17:26:00+00:00,105.415,105.475,105.41,105.475
2026-09-28 17:27:00+00:00,105.39,105.42,105.38,105.415
2026-09-28 17:28:00+00:00,105.37,105.415,105.37,105.39
2026-09-28 17:29:00+00:00,105.335,105.55,105.315,105.37
2026-09-28 17:30:00+00:00,105.32,105.55,105.315,105.33
2026-09-28 17:31:00+00:00,105.325,105.545,105.31,105.32
2026-09-28 17:32:00+00:00,105.32,105.385,105.3,105.345
2026-09-28 17:33:00+00:00,105.225,105.33,105.215,105.315
2026-09-28 17:34:00+00:00,105.245,105.31,105.22,105.225
2026-09-28 17:35:00+00:00,105.315,105.32,105.235,105.245
2026-09-28 17:36:00+00:00,105.265,105.475,105.245,105.475
2026-09-28 17:37:00+00:00,105.19,105.37,105.145,105.37
2026-09-28 17:38:00+00:00,105.215,105.25,105.155,105.19
2026-09-28 17:39:00+00:00,105.23,105.425,105.2,105.215
2026-09-28 17:40:00+00:00,105.245,105.26,105.205,105.215
2026-09-28 17:41:00+00:00,105.535,105.605,105.225,105.245
2026-09-28 17:42:00+00:00,105.545,105.605,105.52,105.535
2026-09-28 17:43:00+00:00,105.535,105.565,105.4,105.545
2026-09-28 17:44:00+00:00,105.53,105.545,105.5,105.535
2026-09-28 17:45:00+00:00,105.485,105.525,105.46,105.525
2026-09-28 17:46:00+00:00,105.47,105.495,105.46,105.48
2026-09-28 17:47:00+00:00,105.48,105.49,105.455,105.48
2026-09-28 17:48:00+00:00,105.5,105.51,105.45,105.475
2026-09-28 17:49:00+00:00,105.545,105.605,105.505,105.505
2026-09-28 17:50:00+00:00,105.53,105.61,105.52,105.545
2026-09-28 17:51:00+00:00,105.55,105.625,105.5,105.535
2026-09-28 17:52:00+00:00,105.545,105.58,105.52,105.55
2026-09-28 17:53:00+00:00,105.6,105.625,105.51,105.545
2026-09-28 17:54:00+00:00,105.58,105.625,105.515,105.6
2026-09-28 17:55:00+00:00,105.535,105.585,105.515,105.58
2026-09-28 17:56:00+00:00,105.535,105.575,105.52,105.535
2026-09-28 17:57:00+00:00,105.53,105.575,105.52,105.565
2026-09-28 17:58:00+00:00,105.495,105.545,105.485,105.53
2026-09-28 17:59:00+00:00,105.48,105.54,105.48,105.495
2026-09-28 18:00:00+00:00,105.435,105.485,105.425,105.485
2026-09-28 18:01:00+00:00,105.47,105.475,105.42,105.435
2026-09-28 18:02:00+00:00,105.465,105.48,105.44,105.47
2026-09-28 18:03:00+00:00,105.47,105.48,105.44,105.465
2026-09-28 18:04:00+00:00,105.525,105.545,105.465,105.47
2026-09-28 18:05:00+00:00,105.53,105.535,105.5,105.52
2026-09-28 18:06:00+00:00,105.5,105.53,105.5,105.53
2026-09-28 18:07:00+00:00,105.54,105.55,105.505,105.505
2026-09-28 18:08:00+00:00,105.56,105.565,105.535,105.54
2026-09-28 18:09:00+00:00,105.54,105.56,105.535,105.56
2026-09-28 18:10:00+00:00,105.52,105.55,105.505,105.54
2026-09-28 18:11:00+00:00,105.48,105.525,105.475,105.51
2026-09-28 18:12:00+00:00,105.48,105.505,105.47,105.48
2026-09-28 18:13:00+00:00,105.49,105.52,105.45,105.48
2026-09-28 18:14:00+00:00,105.5,105.505,105.485,105.49
2026-09-28 18:15:00+00:00,105.485,105.52,105.465,105.5
2026-09-28 18:16:00+00:00,105.435,105.495,105.395,105.48
2026-09-28 18:17:00+00:00,105.37,105.465,105.355,105.43
2026-09-28 18:18:00+00:00,105.27,105.38,105.26,105.37
2026-09-28 18:19:00+00:00,105.31,105.31,105.27,105.27
2026-09-28 18:20:00+00:00,105.295,105.32,105.29,105.31
2026-09-28 18:21:00+00:00,105.12,105.295,105.115,105.295
2026-09-28 18:22:00+00:00,105.085,105.12,105.07,105.12
2026-09-28 18:23:00+00:00,105.025,105.085,105.01,105.085
2026-09-28 18:24:00+00:00,105.03,105.055,105.01,105.02
2026-09-28 18:25:00+00:00,105.08,105.095,105.02,105.03
2026-09-28 18:26:00+00:00,105.07,105.085,105.05,105.075
2026-09-28 18:27:00+00:00,105.1,105.11,105.06,105.07
2026-09-28 18:28:00+00:00,105.085,105.105,105.08,105.1
2026-09-28 18:29:00+00:00,105.08,105.085,105.075,105.085
2026-09-28 18:30:00+00:00,105.27,105.32,105.075,105.08
2026-09-28 18:31:00+00:00,105.3,105.305,105.24,105.255
2026-09-28 18:32:00+00:00,105.34,105.385,105.21,105.21
2026-09-28 18:33:00+00:00,105.275,105.36,105.27,105.34
2026-09-28 18:34:00+00:00,105.27,105.31,105.2,105.2
2026-09-28 18:35:00+00:00,105.335,105.335,105.27,105.28
2026-09-28 18:36:00+00:00,105.285,105.335,105.235,105.33
2026-09-28 18:37:00+00:00,105.28,105.29,105.27,105.285
2026-09-28 18:38:00+00:00,105.3,105.325,105.23,105.28
2026-09-28 18:39:00+00:00,105.305,105.31,105.26,105.305
2026-09-28 18:40:00+00:00,105.335,105.335,105.255,105.305
2026-09-28 18:41:00+00:00,105.42,105.425,105.33,105.335
2026-09-28 18:42:00+00:00,105.35,105.425,105.34,105.42
2026-09-28 18:43:00+00:00,105.34,105.36,105.325,105.35
2026-09-28 18:44:00+00:00,105.315,105.34,105.255,105.33
2026-09-28 18:45:00+00:00,105.275,105.315,105.24,105.315
2026-09-28 18:46:00+00:00,105.18,105.295,105.18,105.285
2026-09-28 18:47:00+00:00,105.185,105.21,105.075,105.175
2026-09-28 18:48:00+00:00,105.23,105.235,105.09,105.18
2026-09-28 18:49:00+00:00,105.195,105.24,105.17,105.235
2026-09-28 18:50:00+00:00,105.16,105.225,105.15,105.195
2026-09-28 18:51:00+00:00,105.125,105.16,105.075,105.16
2026-09-28 18:52:00+00:00,105.07,105.13,105.06,105.125
2026-09-28 18:53:00+00:00,105.065,105.105,105.06,105.07
2026-09-28 18:54:00+00:00,105.09,105.095,105.045,105.065
2026-09-28 18:55:00+00:00,105.125,105.145,105.06,105.09
2026-09-28 18:56:00+00:00,105.225,105.225,105.09,105.125
2026-09-28 18:57:00+00:00,105.235,105.26,105.205,105.225
2026-09-28 18:58:00+00:00,105.31,105.31,105.21,105.235
2026-09-28 18:59:00+00:00,105.26,105.32,105.24,105.305
2026-09-28 19:00:00+00:00,105.12,105.315,105.11,105.26
2026-09-28 19:01:00+00:00,105.105,105.22,105.08,105.12
2026-09-28 19:02:00+00:00,105.035,105.15,105.03,105.105
2026-09-28 19:03:00+00:00,105.025,105.085,105.01,105.035
2026-09-28 19:04:00+00:00,104.995,105.025,104.995,105.025
2026-09-28 19:05:00+00:00,105.1,105.135,104.985,104.99
2026-09-28 19:06:00+00:00,105.02,105.1,104.96,104.985
2026-09-28 19:07:00+00:00,105.025,105.04,104.96,104.97
2026-09-28 19:08:00+00:00,104.955,105.035,104.95,105.025
2026-09-28 19:09:00+00:00,104.985,105.04,104.925,104.955
2026-09-28 19:10:00+00:00,104.905,104.985,104.89,104.97
2026-09-28 19:11:00+00:00,104.935,104.95,104.9,104.93
2026-09-28 19:12:00+00:00,104.935,104.96,104.9,104.945
2026-09-28 19:13:00+00:00,104.925,104.96,104.9,104.935
2026-09-28 19:14:00+00:00,104.87,104.95,104.855,104.925
2026-09-28 19:15:00+00:00,104.87,104.915,104.835,104.87
2026-09-28 19:16:00+00:00,104.905,104.935,104.87,104.905
2026-09-28 19:17:00+00:00,104.855,104.915,104.85,104.905
2026-09-28 19:18:00+00:00,104.91,104.925,104.84,104.855
2026-09-28 19:19:00+00:00,104.92,104.935,104.905,104.91
2026-09-28 19:20:00+00:00,104.97,104.98,104.915,104.92
2026-09-28 19:21:00+00:00,104.955,105.035,104.935,104.97
2026-09-28 19:22:00+00:00,104.955,104.995,104.92,104.995
2026-09-28 19:23:00+00:00,104.94,104.965,104.91,104.965
2026-09-28 19:24:00+00:00,105.01,105.02,104.915,104.935
2026-09-28 19:25:00+00:00,105.055,105.075,105.01,105.01
2026-09-28 19:26:00+00:00,105.05,105.08,105.04,105.06
2026-09-28 19:27:00+00:00,104.975,105.05,104.955,105.05
2026-09-28 19:28:00+00:00,105.055,105.055,104.975,105.015
2026-09-28 19:29:00+00:00,104.995,105.155,104.955,105.055
2026-09-28 19:30:00+00:00,104.95,105.01,104.95,104.995
2026-09-28 19:31:00+00:00,104.925,105.0,104.915,104.95
2026-09-28 19:32:00+00:00,104.815,104.925,104.8,104.92
2026-09-28 19:33:00+00:00,104.8,104.825,104.795,104.805
2026-09-28 19:34:00+00:00,104.905,104.925,104.795,104.8
2026-09-28 19:35:00+00:00,104.865,104.985,104.84,104.9
2026-09-28 19:36:00+00:00,104.875,104.92,104.825,104.87
2026-09-28 19:37:00+00:00,104.855,104.92,104.82,104.9
2026-09-28 19:38:00+00:00,104.83,104.915,104.815,104.86
2026-09-28 19:39:00+00:00,104.795,104.83,104.79,104.82
2026-09-28 19:40:00+00:00,104.775,104.81,104.77,104.8
2026-09-28 19:41:00+00:00,104.865,104.91,104.775,104.775
2026-09-28 19:42:00+00:00,104.83,104.875,104.8,104.865
2026-09-28 19:43:00+00:00,104.85,104.905,104.83,104.83
2026-09-28 19:44:00+00:00,104.855,104.965,104.835,104.845
2026-09-28 19:45:00+00:00,104.92,104.99,104.82,104.85
2026-09-28 19:46:00+00:00,105.015,105.09,104.915,104.92
2026-09-28 19:47:00+00:00,105.0,105.025,104.91,105.015
2026-09-28 19:48:00+00:00,105.03,105.055,104.9,104.99
2026-09-28 19:49:00+00:00,105.01,105.045,104.88,105.035
2026-09-28 19:50:00+00:00,105.01,105.095,104.92,105.02
2026-09-28 19:51:00+00:00,105.265,105.28,105.01,105.04
2026-09-28 19:52:00+00:00,105.285,105.355,105.235,105.25
2026-09-28 19:53:00+00:00,105.23,105.295,105.225,105.285
2026-09-28 19:54:00+00:00,105.075,105.23,105.025,105.225
2026-09-28 19:55:00+00:00,105.01,105.1,105.005,105.07
2026-09-28 19:56:00+00:00,105.355,105.405,104.995,105.0
2026-09-28 19:57:00+00:00,105.53,105.54,105.305,105.355
2026-09-28 19:58:00+00:00,105.57,105.61,105.51,105.525
2026-09-28 19:59:00+00:00,105.71,105.78,105.51,105.565
2026-09-29 13:30:00+00:00,105.185,105.87,105.175,105.87
2026-09-29 13:31:00+00:00,105.145,105.31,104.995,105.185
2026-09-29 13:32:00+00:00,105.27,105.275,105.145,105.145
2026-09-29 13:33:00+00:00,105.375,105.465,105.205,105.205
2026-09-29 13:34:00+00:00,105.495,105.495,105.325,105.325
2026-09-29 13:35:00+00:00,105.5,105.6,105.42,105.42
2026-09-29 13:36:00+00:00,105.655,105.76,105.52,105.565
2026-09-29 13:37:00+00:00,105.515,105.705,105.405,105.645
2026-09-29 13:38:00+00:00,105.515,105.555,105.42,105.515
2026-09-29 13:39:00+00:00,105.57,105.635,105.51,105.51
2026-09-29 13:40:00+00:00,105.66,105.665,105.48,105.615
2026-09-29 13:41:00+00:00,105.665,105.685,105.62,105.66
2026-09-29 13:42:00+00:00,105.615,105.72,105.61,105.665
2026-09-29 13:43:00+00:00,105.55,105.695,105.53,105.615
2026-09-29 13:44:00+00:00,105.535,105.59,105.45,105.55
2026-09-29 13:45:00+00:00,105.435,105.675,105.405,105.545
2026-09-29 13:46:00+00:00,105.365,105.59,105.325,105.575
2026-09-29 13:47:00+00:00,105.335,105.535,105.265,105.37
2026-09-29 13:48:00+00:00,105.255,105.375,105.2,105.36
2026-09-29 13:49:00+00:00,105.255,105.505,105.18,105.505
2026-09-29 13:50:00+00:00,105.305,105.52,105.21,105.235
2026-09-29 13:51:00+00:00,105.2,105.495,105.135,105.305
2026-09-29 13:52:00+00:00,105.28,105.29,105.175,105.205
2026-09-29 13:53:00+00:00,105.225,105.385,105.215,105.28
2026-09-29 13:54:00+00:00,105.355,105.4,105.215,105.295
2026-09-29 13:55:00+00:00,105.465,105.49,105.36,105.36
2026-09-29 13:56:00+00:00,105.44,105.535,105.43,105.465
2026-09-29 13:57:00+00:00,105.265,105.535,105.21,105.44
2026-09-29 13:58:00+00:00,105.17,105.265,105.125,105.215
2026-09-29 13:59:00+00:00,104.975,105.18,104.965,105.165
2026-09-29 14:00:00+00:00,105.065,105.145,104.93,104.965
2026-09-29 14:01:00+00:00,105.045,105.205,104.985,105.065
2026-09-29 14:02:00+00:00,105.0,105.265,104.975,105.045
2026-09-29 14:03:00+00:00,105.09,105.15,104.96,104.975
2026-09-29 14:04:00+00:00,105.155,105.205,105.01,105.09
2026-09-29 14:05:00+00:00,105.345,105.425,105.155,105.155
2026-09-29 14:06:00+00:00,105.365,105.445,105.285,105.34
2026-09-29 14:07:00+00:00,105.285,105.45,105.265,105.36
2026-09-29 14:08:00+00:00,105.335,105.4,105.285,105.285
2026-09-29 14:09:00+00:00,105.5,105.55,105.335,105.335
2026-09-29 14:10:00+00:00,105.51,105.56,105.405,105.5
2026-09-29 14:11:00+00:00,105.625,105.64,105.505,105.515
2026-09-29 14:12:00+00:00,105.695,105.725,105.58,105.63
2026-09-29 14:13:00+00:00,105.665,105.74,105.645,105.69
2026-09-29 14:14:00+00:00,105.68,105.73,105.59,105.67
2026-09-29 14:15:00+00:00,105.805,105.845,105.675,105.675
2026-09-29 14:16:00+00:00,105.755,105.82,105.755,105.805
2026-09-29 14:17:00+00:00,105.705,105.785,105.7,105.735
2026-09-29 14:18:00+00:00,105.705,105.78,105.675,105.71
2026-09-29 14:19:00+00:00,105.675,105.75,105.62,105.725
2026-09-29 14:20:00+00:00,105.64,105.76,105.625,105.675
2026-09-29 14:21:00+00:00,105.66,105.74,105.6,105.635
2026-09-29 14:22:00+00:00,105.675,105.74,105.605,105.66
2026-09-29 14:23:00+00:00,105.56,105.725,105.54,105.675
2026-09-29 14:24:00+00:00,105.48,105.59,105.42,105.555
2026-09-29 14:25:00+00:00,105.445,105.49,105.42,105.48
2026-09-29 14:26:00+00:00,105.46,105.475,105.395,105.445
2026-09-29 14:27:00+00:00,105.45,105.505,105.415,105.46
2026-09-29 14:28:00+00:00,105.44,105.48,105.42,105.45
2026-09-29 14:29:00+00:00,105.485,105.5,105.435,105.44
2026-09-29 14:30:00+00:00,105.5,105.575,105.44,105.49
2026-09-29 14:31:00+00:00,105.365,105.52,105.36,105.495
2026-09-29 14:32:00+00:00,105.24,105.37,105.195,105.36
2026-09-29 14:33:00+00:00,105.27,105.275,105.23,105.245
2026-09-29 14:34:00+00:00,105.36,105.445,105.26,105.27
2026-09-29 14:35:00+00:00,105.375,105.425,105.345,105.355
2026-09-29 14:36:00+00:00,105.38,105.405,105.36,105.38
2026-09-29 14:37:00+00:00,105.31,105.42,105.305,105.38
2026-09-29 14:38:00+00:00,105.36,105.405,105.3,105.31
2026-09-29 14:39:00+00:00,105.405,105.42,105.345,105.39
2026-09-29 14:40:00+00:00,105.4,105.47,105.36,105.405
2026-09-29 14:41:00+00:00,105.495,105.56,105.325,105.4
2026-09-29 14:42:00+00:00,105.555,105.6,105.445,105.495
2026-09-29 14:43:00+00:00,105.605,105.66,105.525,105.575
2026-09-29 14:44:00+00:00,105.645,105.655,105.555,105.655
2026-09-29 14:45:00+00:00,105.61,105.695,105.57,105.645
2026-09-29 14:46:00+00:00,105.655,105.69,105.575,105.615
2026-09-29 14:47:00+00:00,105.675,105.725,105.635,105.655
2026-09-29 14:48:00+00:00,105.62,105.765,105.595,105.685
2026-09-29 14:49:00+00:00,105.58,105.675,105.565,105.62
2026-09-29 14:50:00+00:00,105.64,105.685,105.575,105.58
2026-09-29 14:51:00+00:00,105.605,105.65,105.565,105.63
2026-09-29 14:52:00+00:00,105.655,105.665,105.57,105.605
2026-09-29 14:53:00+00:00,105.635,105.71,105.625,105.655
2026-09-29 14:54:00+00:00,105.655,105.705,105.63,105.635
2026-09-29 14:55:00+00:00,105.795,105.8,105.65,105.655
2026-09-29 14:56:00+00:00,105.81,105.91,105.78,105.79
2026-09-29 14:57:00+00:00,105.815,105.87,105.78,105.81
2026-09-29 14:58:00+00:00,105.71,105.825,105.685,105.815
2026-09-29 14:59:00+00:00,105.625,105.71,105.625,105.705
2026-09-29 15:00:00+00:00,105.525,105.635,105.52,105.635
2026-09-29 15:01:00+00:00,105.555,105.59,105.525,105.525
2026-09-29 15:02:00+00:00,105.49,105.58,105.485,105.545
2026-09-29 15:03:00+00:00,105.47,105.685,105.435,105.45
2026-09-29 15:04:00+00:00,105.465,105.555,105.43,105.47
2026-09-29 15:05:00+00:00,105.43,105.48,105.43,105.465
2026-09-29 15:06:00+00:00,105.44,105.45,105.38,105.42
2026-09-29 15:07:00+00:00,105.455,105.535,105.445,105.445
2026-09-29 15:08:00+00:00,105.37,105.455,105.36,105.455
2026-09-29 15:09:00+00:00,105.335,105.435,105.305,105.37
2026-09-29 15:10:00+00:00,105.345,105.375,105.335,105.335
2026-09-29 15:11:00+00:00,105.41,105.42,105.325,105.33
2026-09-29 15:12:00+00:00,105.35,105.43,105.345,105.405
2026-09-29 15:13:00+00:00,105.4,105.42,105.29,105.36
2026-09-29 15:14:00+00:00,105.43,105.44,105.365,105.405
2026-09-29 15:15:00+00:00,105.415,105.44,105.395,105.43
2026-09-29 15:16:00+00:00,105.405,105.435,105.405,105.415
2026-09-29 15:17:00+00:00,105.38,105.42,105.365,105.405
2026-09-29 15:18:00+00:00,105.35,105.42,105.35,105.38
2026-09-29 15:19:00+00:00,105.265,105.35,105.265,105.32
2026-09-29 15:20:00+00:00,105.285,105.34,105.255,105.265
2026-09-29 15:21:00+00:00,105.295,105.34,105.285,105.285
2026-09-29 15:22:00+00:00,105.26,105.335,105.255,105.3
2026-09-29 15:23:00+00:00,105.22,105.285,105.195,105.26
2026-09-29 15:24:00+00:00,105.225,105.24,105.19,105.23
2026-09-29 15:25:00+00:00,105.255,105.305,105.21,105.23
2026-09-29 15:26:00+00:00,105.225,105.265,105.215,105.255
2026-09-29 15:27:00+00:00,105.18,105.26,105.155,105.24
2026-09-29 15:28:00+00:00,105.155,105.355,105.15,105.18
2026-09-29 15:29:00+00:00,105.17,105.19,105.14,105.155
2026-09-29 15:30:00+00:00,105.185,105.23,105.17,105.17
2026-09-29 15:31:00+00:00,105.265,105.27,105.185,105.195
2026-09-29 15:32:00+00:00,105.25,105.29,105.25,105.265
2026-09-29 15:33:00+00:00,105.265,105.31,105.25,105.25
2026-09-29 15:34:00+00:00,105.275,105.36,105.235,105.36
2026-09-29 15:35:00+00:00,105.25,105.365,105.2,105.275
2026-09-29 15:36:00+00:00,105.17,105.255,105.17,105.255
2026-09-29 15:37:00+00:00,105.135,105.285,105.115,105.17
2026-09-29 15:38:00+00:00,105.145,105.22,105.08,105.15
2026-09-29 15:39:00+00:00,105.105,105.22,105.105,105.215
2026-09-29 15:40:00+00:00,105.045,105.085,105.04,105.08
2026-09-29 15:41:00+00:00,104.97,105.07,104.965,105.045
2026-09-29 15:42:00+00:00,105.01,105.115,104.95,104.97
2026-09-29 15:43:00+00:00,104.94,105.015,104.93,104.985
2026-09-29 15:44:00+00:00,104.985,105.025,104.94,104.94
2026-09-29 15:45:00+00:00,105.03,105.045,104.96,104.985
2026-09-29 15:46:00+00:00,105.13,105.14,105.025,105.03
2026-09-29 15:47:00+00:00,105.205,105.27,105.05,105.135
2026-09-29 15:48:00+00:00,105.055,105.195,105.02,105.17
2026-09-29 15:49:00+00:00,105.075,105.125,105.015,105.055
2026-09-29 15:50:00+00:00,105.105,105.105,105.055,105.07
2026-09-29 15:51:00+00:00,105.095,105.13,105.085,105.1
2026-09-29 15:52:00+00:00,105.105,105.18,105.095,105.095
2026-09-29 15:53:00+00:00,105.015,105.125,105.01,105.105
2026-09-29 15:54:00+00:00,105.045,105.1,104.99,105.015
2026-09-29 15:55:00+00:00,105.035,105.045,105.03,105.04
2026-09-29 15:56:00+00:00,105.05,105.14,105.035,105.035
2026-09-29 15:57:00+00:00,105.065,105.135,105.015,105.05
2026-09-29 15:58:00+00:00,105.07,105.15,105.055,105.065
2026-09-29 15:59:00+00:00,105.05,105.135,105.015,105.07
2026-09-29 16:00:00+00:00,105.06,105.155,105.02,105.08
2026-09-29 16:01:00+00:00,105.08,105.15,104.995,105.06
2026-09-29 16:02:00+00:00,105.085,105.14,105.025,105.075
2026-09-29 16:03:00+00:00,105.11,105.175,105.08,105.085
2026-09-29 16:04:00+00:00,105.15,105.17,105.1,105.11
2026-09-29 16:05:00+00:00,105.105,105.17,105.075,105.15
2026-09-29 16:06:00+00:00,105.26,105.34,105.09,105.105
2026-09-29 16:07:00+00:00,105.205,105.34,105.205,105.285
2026-09-29 16:08:00+00:00,105.215,105.235,105.165,105.21
2026-09-29 16:09:00+00:00,105.18,105.34,105.16,105.215
2026-09-29 16:10:00+00:00,105.16,105.345,105.155,105.185
2026-09-29 16:11:00+00:00,105.19,105.355,105.15,105.16
2026-09-29 16:12:00+00:00,105.17,105.21,105.165,105.17
2026-09-29 16:13:00+00:00,105.15,105.2,105.14,105.17
2026-09-29 16:14:00+00:00,105.18,105.195,105.1,105.15
2026-09-29 16:15:00+00:00,105.24,105.37,105.165,105.18
2026-09-29 16:16:00+00:00,105.32,105.325,105.21,105.235
2026-09-29 16:17:00+00:00,105.37,105.435,105.3,105.315
2026-09-29 16:18:00+00:00,105.385,105.46,105.34,105.37
2026-09-29 16:19:00+00:00,105.43,105.445,105.34,105.385
2026-09-29 16:20:00+00:00,105.41,105.465,105.22,105.22
2026-09-29 16:21:00+00:00,105.33,105.48,105.325,105.41
2026-09-29 16:22:00+00:00,105.31,105.355,105.15,105.33
2026-09-29 16:23:00+00:00,105.35,105.355,105.295,105.31
2026-09-29 16:24:00+00:00,105.375,105.375,105.31,105.35
2026-09-29 16:25:00+00:00,105.37,105.445,105.355,105.365
2026-09-29 16:26:00+00:00,105.36,105.385,105.35,105.37
2026-09-29 16:27:00+00:00,105.38,105.43,105.34,105.38
2026-09-29 16:28:00+00:00,105.385,105.45,105.37,105.45
2026-09-29 16:29:00+00:00,105.335,105.405,105.2,105.385
2026-09-29 16:30:00+00:00,105.375,105.395,105.33,105.335
2026-09-29 16:31:00+00:00,105.325,105.405,105.17,105.375
2026-09-29 16:32:00+00:00,105.335,105.36,105.165,105.325
2026-09-29 16:33:00+00:00,105.32,105.35,105.165,105.33
2026-09-29 16:34:00+00:00,105.325,105.335,105.165,105.32
2026-09-29 16:35:00+00:00,105.335,105.35,105.165,105.165
2026-09-29 16:36:00+00:00,105.305,105.34,105.295,105.33
2026-09-29 16:37:00+00:00,105.35,105.55,105.28,105.305
2026-09-29 16:38:00+00:00,105.3,105.35,105.24,105.35
2026-09-29 16:39:00+00:00,105.325,105.365,105.295,105.3
2026-09-29 16:40:00+00:00,105.31,105.365,105.3,105.325
2026-09-29 16:41:00+00:00,105.315,105.36,105.265,105.315
2026-09-29 16:42:00+00:00,105.26,105.355,105.22,105.31
2026-09-29 16:43:00+00:00,105.275,105.365,105.25,105.26
2026-09-29 16:44:00+00:00,105.24,105.27,105.205,105.27
2026-09-29 16:45:00+00:00,105.175,105.26,105.13,105.24
2026-09-29 16:46:00+00:00,105.23,105.23,105.14,105.175
2026-09-29 16:47:00+00:00,105.21,105.23,105.155,105.23
2026-09-29 16:48:00+00:00,105.205,105.23,105.095,105.205
2026-09-29 16:49:00+00:00,105.125,105.2,105.09,105.16
2026-09-29 16:50:00+00:00,105.17,105.19,105.095,105.125
2026-09-29 16:51:00+00:00,105.13,105.19,105.13,105.165
2026-09-29 16:52:00+00:00,105.045,105.17,105.045,105.13
2026-09-29 16:53:00+00:00,105.07,105.16,105.01,105.045
2026-09-29 16:54:00+00:00,105.045,105.085,105.025,105.07
2026-09-29 16:55:00+00:00,105.055,105.075,104.98,105.045
2026-09-29 16:56:00+00:00,105.045,105.06,105.025,105.055
2026-09-29 16:57:00+00:00,105.085,105.16,105.045,105.12
2026-09-29 16:58:00+00:00,105.08,105.15,105.015,105.135
2026-09-29 16:59:00+00:00,105.07,105.155,105.025,105.08
2026-09-29 17:00:00+00:00,105.065,105.145,105.055,105.07
2026-09-29 17:01:00+00:00,105.065,105.08,105.06,105.07
2026-09-29 17:02:00+00:00,105.145,105.25,105.075,105.075
2026-09-29 17:03:00+00:00,105.265,105.275,105.12,105.12
2026-09-29 17:04:00+00:00,105.235,105.275,105.215,105.235
2026-09-29 17:05:00+00:00,105.185,105.275,105.175,105.24
2026-09-29 17:06:00+00:00,105.2,105.265,105.15,105.185
2026-09-29 17:07:00+00:00,105.18,105.255,105.15,105.205
2026-09-29 17:08:00+00:00,105.2,105.25,105.15,105.175
2026-09-29 17:09:00+00:00,105.135,105.265,105.115,105.2
2026-09-29 17:10:00+00:00,105.13,105.21,105.1,105.135
2026-09-29 17:11:00+00:00,105.14,105.195,105.105,105.14
2026-09-29 17:12:00+00:00,105.205,105.21,105.14,105.14
2026-09-29 17:13:00+00:00,105.245,105.375,105.2,105.375
2026-09-29 17:14:00+00:00,105.28,105.335,105.2,105.245
2026-09-29 17:15:00+00:00,105.215,105.38,105.135,105.375
2026-09-29 17:16:00+00:00,105.19,105.25,105.185,105.215
2026-09-29 17:17:00+00:00,105.195,105.245,105.185,105.19
2026-09-29 17:18:00+00:00,105.21,105.26,105.115,105.115
2026-09-29 17:19:00+00:00,105.245,105.26,105.14,105.215
2026-09-29 17:20:00+00:00,105.145,105.245,105.13,105.24
2026-09-29 17:21:00+00:00,105.26,105.305,105.145,105.145
2026-09-29 17:22:00+00:00,105.305,105.365,105.245,105.26
2026-09-29 17:23:00+00:00,105.34,105.4,105.26,105.295
2026-09-29 17:24:00+00:00,105.325,105.38,105.285,105.34
2026-09-29 17:25:00+00:00,105.275,105.375,105.27,105.325
2026-09-29 17:26:00+00:00,105.27,105.385,105.22,105.275
2026-09-29 17:27:00+00:00,105.25,105.355,105.24,105.27
2026-09-29 17:28:00+00:00,105.335,105.34,105.235,105.25
2026-09-29 17:29:00+00:00,105.3,105.385,105.26,105.335
2026-09-29 17:30:00+00:00,105.315,105.325,105.24,105.3
2026-09-29 17:31:00+00:00,105.31,105.42,105.285,105.32
2026-09-29 17:32:00+00:00,105.305,105.41,105.29,105.315
2026-09-29 17:33:00+00:00,105.325,105.355,105.3,105.3
2026-09-29 17:34:00+00:00,105.33,105.415,105.315,105.325
2026-09-29 17:35:00+00:00,105.325,105.34,105.32,105.335
2026-09-29 17:36:00+00:00,105.36,105.41,105.3,105.325
2026-09-29 17:37:00+00:00,105.385,105.42,105.355,105.36
2026-09-29 17:38:00+00:00,105.39,105.43,105.375,105.385
2026-09-29 17:39:00+00:00,105.395,105.43,105.33,105.375
2026-09-29 17:40:00+00:00,105.33,105.42,105.32,105.35
2026-09-29 17:41:00+00:00,105.42,105.43,105.31,105.4
2026-09-29 17:42:00+00:00,105.44,105.46,105.305,105.335
2026-09-29 17:43:00+00:00,105.455,105.47,105.395,105.44
2026-09-29 17:44:00+00:00,105.42,105.48,105.415,105.455
2026-09-29 17:45:00+00:00,105.35,105.46,105.315,105.455
2026-09-29 17:46:00+00:00,105.34,105.44,105.315,105.345
2026-09-29 17:47:00+00:00,105.345,105.385,105.275,105.34
2026-09-29 17:48:00+00:00,105.325,105.36,105.305,105.325
2026-09-29 17:49:00+00:00,105.34,105.345,105.285,105.325
2026-09-29 17:50:00+00:00,105.39,105.45,105.33,105.34
2026-09-29 17:51:00+00:00,105.385,105.44,105.295,105.435
2026-09-29 17:52:00+00:00,105.34,105.445,105.33,105.385
2026-09-29 17:53:00+00:00,105.27,105.36,105.255,105.335
2026-09-29 17:54:00+00:00,105.25,105.37,105.235,105.37
2026-09-29 17:55:00+00:00,105.265,105.305,105.215,105.255
2026-09-29 17:56:00+00:00,105.27,105.29,105.23,105.26
2026-09-29 17:57:00+00:00,105.235,105.3,105.23,105.285
2026-09-29 17:58:00+00:00,105.235,105.26,105.23,105.24
2026-09-29 17:59:00+00:00,105.225,105.34,105.215,105.24
2026-09-29 18:00:00+00:00,105.285,105.435,105.23,105.23
2026-09-29 18:01:00+00:00,105.215,105.38,105.17,105.285
2026-09-29 18:02:00+00:00,105.31,105.325,105.18,105.215
2026-09-29 18:03:00+00:00,105.21,105.32,105.175,105.315
2026-09-29 18:04:00+00:00,105.285,105.29,105.18,105.21
2026-09-29 18:05:00+00:00,105.25,105.35,105.24,105.285
2026-09-29 18:06:00+00:00,105.23,105.29,105.18,105.255
2026-09-29 18:07:00+00:00,105.13,105.285,105.125,105.235
2026-09-29 18:08:00+00:00,105.035,105.145,105.03,105.13
2026-09-29 18:09:00+00:00,104.97,105.04,104.96,105.04
2026-09-29 18:10:00+00:00,104.99,105.035,104.965,104.97
2026-09-29 18:11:00+00:00,105.055,105.12,104.98,104.99
2026-09-29 18:12:00+00:00,105.01,105.105,104.99,105.05
2026-09-29 18:13:00+00:00,105.03,105.09,104.995,105.01
2026-09-29 18:14:00+00:00,105.035,105.125,104.97,105.03
2026-09-29 18:15:00+00:00,105.025,105.1,104.975,105.1
2026-09-29 18:16:00+00:00,105.025,105.095,104.995,105.025
2026-09-29 18:17:00+00:00,105.045,105.1,104.995,105.025
2026-09-29 18:18:00+00:00,105.055,105.13,105.035,105.045
2026-09-29 18:19:00+00:00,105.1,105.12,105.025,105.055
2026-09-29 18:20:00+00:00,105.06,105.13,105.04,105.055
2026-09-29 18:21:00+00:00,105.05,105.12,105.035,105.06
2026-09-29 18:22:00+00:00,105.1,105.14,105.04,105.045
2026-09-29 18:23:00+00:00,105.07,105.115,105.005,105.095
2026-09-29 18:24:00+00:00,105.02,105.115,104.995,105.07
2026-09-29 18:25:00+00:00,104.97,105.02,104.97,105.02
2026-09-29 18:26:00+00:00,104.965,105.005,104.94,105.0
2026-09-29 18:27:00+00:00,104.92,104.97,104.89,104.965
2026-09-29 18:28:00+00:00,104.865,105.055,104.865,105.055
2026-09-29 18:29:00+00:00,104.905,104.945,104.85,104.885
2026-09-29 18:30:00+00:00,104.925,105.065,104.895,104.91
2026-09-29 18:31:00+00:00,104.93,104.93,104.875,104.925
2026-09-29 18:32:00+00:00,104.935,104.96,104.88,104.93
2026-09-29 18:33:00+00:00,104.905,105.005,104.875,104.935
2026-09-29 18:34:00+00:00,104.92,104.96,104.865,104.9
2026-09-29 18:35:00+00:00,105.025,105.03,104.88,104.92
2026-09-29 18:36:00+00:00,105.005,105.04,104.985,104.995
2026-09-29 18:37:00+00:00,105.0,105.035,104.98,105.005
2026-09-29 18:38:00+00:00,105.105,105.145,104.975,104.995
2026-09-29 18:39:00+00:00,105.125,105.175,105.095,105.105
2026-09-29 18:40:00+00:00,105.195,105.21,105.125,105.125
2026-09-29 18:41:00+00:00,105.17,105.385,105.16,105.195
2026-09-29 18:42:00+00:00,105.155,105.19,105.015,105.175
2026-09-29 18:43:00+00:00,105.085,105.19,105.055,105.16
2026-09-29 18:44:00+00:00,105.075,105.085,104.97,105.085
2026-09-29 18:45:00+00:00,105.06,105.085,105.06,105.075
2026-09-29 18:46:00+00:00,105.06,105.135,105.03,105.06
2026-09-29 18:47:00+00:00,105.035,105.115,105.03,105.06
2026-09-29 18:48:00+00:00,105.065,105.095,105.005,105.035
2026-09-29 18:49:00+00:00,105.045,105.14,105.03,105.06
2026-09-29 18:50:00+00:00,105.055,105.14,105.04,105.125
2026-09-29 18:51:00+00:00,105.0,105.145,104.965,105.135
2026-09-29 18:52:00+00:00,105.025,105.095,105.005,105.015
2026-09-29 18:53:00+00:00,105.05,105.105,105.01,105.03
2026-09-29 18:54:00+00:00,105.045,105.11,105.035,105.09
2026-09-29 18:55:00+00:00,105.02,105.065,105.015,105.04
2026-09-29 18:56:00+00:00,105.03,105.04,104.985,105.025
2026-09-29 18:57:00+00:00,104.99,105.035,104.975,105.03
2026-09-29 18:58:00+00:00,104.945,105.065,104.905,104.99
2026-09-29 18:59:00+00:00,105.01,105.03,104.93,104.945
2026-09-29 19:00:00+00:00,105.01,105.065,104.96,104.975
2026-09-29 19:01:00+00:00,104.98,105.075,104.98,105.005
2026-09-29 19:02:00+00:00,105.025,105.065,104.945,104.98
2026-09-29 19:03:00+00:00,104.985,105.035,104.98,105.025
2026-09-29 19:04:00+00:00,104.95,105.015,104.935,104.98
2026-09-29 19:05:00+00:00,104.92,104.955,104.875,104.95
2026-09-29 19:06:00+00:00,105.085,105.145,104.915,104.92
2026-09-29 19:07:00+00:00,105.2,105.21,104.985,105.085
2026-09-29 19:08:00+00:00,105.31,105.335,105.21,105.21
2026-09-29 19:09:00+00:00,105.375,105.385,105.3,105.31
2026-09-29 19:10:00+00:00,105.3,105.38,105.29,105.38
2026-09-29 19:11:00+00:00,105.24,105.325,105.205,105.3
2026-09-29 19:12:00+00:00,105.225,105.295,105.09,105.245
2026-09-29 19:13:00+00:00,105.19,105.265,105.17,105.22
2026-09-29 19:14:00+00:00,105.16,105.195,105.13,105.19
2026-09-29 19:15:00+00:00,105.14,105.195,105.14,105.16
2026-09-29 19:16:00+00:00,105.12,105.18,105.045,105.05
2026-09-29 19:17:00+00:00,105.095,105.14,105.035,105.115
2026-09-29 19:18:00+00:00,105.14,105.155,105.095,105.095
2026-09-29 19:19:00+00:00,105.14,105.165,105.11,105.14
2026-09-29 19:20:00+00:00,105.15,105.16,105.11,105.14
2026-09-29 19:21:00+00:00,105.205,105.245,105.125,105.15
2026-09-29 19:22:00+00:00,105.245,105.295,105.165,105.205
2026-09-29 19:23:00+00:00,105.25,105.305,105.235,105.245
2026-09-29 19:24:00+00:00,105.25,105.295,105.205,105.245
2026-09-29 19:25:00+00:00,105.225,105.285,105.2,105.25
2026-09-29 19:26:00+00:00,105.21,105.235,105.145,105.22
2026-09-29 19:27:00+00:00,105.155,105.215,105.155,105.21
2026-09-29 19:28:00+00:00,105.185,105.185,105.12,105.155
2026-09-29 19:29:00+00:00,105.255,105.285,105.16,105.19
2026-09-29 19:30:00+00:00,105.14,105.25,105.1,105.25
2026-09-29 19:31:00+00:00,105.14,105.155,105.105,105.14
2026-09-29 19:32:00+00:00,105.135,105.15,105.1,105.14
2026-09-29 19:33:00+00:00,105.165,105.2,105.125,105.135
2026-09-29 19:34:00+00:00,105.115,105.165,105.06,105.16
2026-09-29 19:35:00+00:00,105.03,105.12,105.01,105.105
2026-09-29 19:36:00+00:00,105.045,105.065,105.025,105.03
2026-09-29 19:37:00+00:00,105.085,105.1,105.025,105.045
2026-09-29 19:38:00+00:00,105.105,105.175,105.08,105.085
2026-09-29 19:39:00+00:00,105.105,105.185,105.09,105.105
2026-09-29 19:40:00+00:00,105.11,105.185,105.09,105.115
2026-09-29 19:41:00+00:00,105.115,105.175,105.09,105.125
2026-09-29 19:42:00+00:00,105.115,105.19,105.085,105.095
2026-09-29 19:43:00+00:00,105.135,105.165,105.1,105.115
2026-09-29 19:44:00+00:00,105.175,105.21,105.115,105.135
2026-09-29 19:45:00+00:00,105.155,105.21,105.11,105.175
2026-09-29 19:46:00+00:00,105.165,105.23,105.13,105.165
2026-09-29 19:47:00+00:00,105.135,105.21,105.13,105.165
2026-09-29 19:48:00+00:00,105.145,105.155,105.09,105.135
2026-09-29 19:49:00+00:00,105.17,105.17,105.09,105.145
2026-09-29 19:50:00+00:00,105.15,105.19,105.135,105.15
2026-09-29 19:51:00+00:00,105.14,105.22,105.075,105.15
2026-09-29 19:52:00+00:00,105.115,105.185,105.065,105.14
2026-09-29 19:53:00+00:00,105.115,105.14,105.07,105.07
2026-09-29 19:54:00+00:00,105.125,105.13,105.05,105.115
2026-09-29 19:55:00+00:00,105.285,105.37,105.1,105.13
2026-09-29 19:56:00+00:00,105.485,105.485,105.24,105.285
2026-09-29 19:57:00+00:00,105.465,105.51,105.435,105.44
2026-09-29 19:58:00+00:00,105.47,105.535,105.43,105.46
2026-09-29 19:59:00+00:00,105.485,105.52,105.415,105.475
2026-09-30 13:30:00+00:00,105.95,105.95,105.745,105.745
2026-09-30 13:31:00+00:00,105.39,105.92,105.375,105.92
2026-09-30 13:32:00+00:00,105.57,105.705,105.38,105.385
2026-09-30 13:33:00+00:00,105.605,105.635,105.475,105.565
2026-09-30 13:34:00+00:00,105.545,105.745,105.545,105.605
2026-09-30 13:35:00+00:00,105.735,105.735,105.425,105.54
2026-09-30 13:36:00+00:00,105.935,106.04,105.745,105.835
2026-09-30 13:37:00+00:00,105.985,106.065,105.89,105.915
2026-09-30 13:38:00+00:00,105.985,106.055,105.83,105.99
2026-09-30 13:39:00+00:00,105.995,106.08,105.91,106.015
2026-09-30 13:40:00+00:00,106.2,106.23,105.995,105.995
2026-09-30 13:41:00+00:00,106.31,106.33,106.2,106.2
2026-09-30 13:42:00+00:00,106.215,106.325,106.16,106.315
2026-09-30 13:43:00+00:00,106.155,106.21,106.075,106.21
2026-09-30 13:44:00+00:00,106.185,106.205,106.065,106.15
2026-09-30 13:45:00+00:00,106.105,106.27,106.04,106.19
2026-09-30 13:46:00+00:00,106.24,106.285,106.075,106.075
2026-09-30 13:47:00+00:00,106.24,106.305,106.07,106.07
2026-09-30 13:48:00+00:00,106.275,106.325,106.2,106.25
2026-09-30 13:49:00+00:00,106.365,106.41,106.235,106.285
2026-09-30 13:50:00+00:00,106.345,106.4,106.32,106.365
2026-09-30 13:51:00+00:00,106.27,106.35,106.245,106.345
2026-09-30 13:52:00+00:00,106.22,106.35,106.215,106.25
2026-09-30 13:53:00+00:00,106.235,106.34,106.2,106.24
2026-09-30 13:54:00+00:00,106.2,106.275,106.18,106.235
2026-09-30 13:55:00+00:00,106.055,106.285,106.045,106.2
2026-09-30 13:56:00+00:00,106.0,106.145,105.92,106.055
2026-09-30 13:57:00+00:00,105.905,106.14,105.9,105.97
2026-09-30 13:58:00+00:00,105.895,105.94,105.835,105.905
2026-09-30 13:59:00+00:00,105.885,105.95,105.855,105.895
2026-09-30 14:00:00+00:00,105.875,105.925,105.78,105.89
2026-09-30 14:01:00+00:00,105.88,105.93,105.825,105.83
2026-09-30 14:02:00+00:00,105.94,105.99,105.82,105.885
2026-09-30 14:03:00+00:00,106.065,106.09,105.94,105.98
2026-09-30 14:04:00+00:00,106.04,106.075,105.93,106.045
2026-09-30 14:05:00+00:00,105.945,106.09,105.88,106.05
2026-09-30 14:06:00+00:00,105.915,106.02,105.865,105.97
2026-09-30 14:07:00+00:00,105.85,106.145,105.84,106.145
2026-09-30 14:08:00+00:00,105.835,105.865,105.765,105.855
2026-09-30 14:09:00+00:00,105.83,105.87,105.8,105.835
2026-09-30 14:10:00+00:00,105.815,105.85,105.76,105.83
2026-09-30 14:11:00+00:00,105.92,105.955,105.81,105.815
2026-09-30 14:12:00+00:00,105.935,105.96,105.89,105.92
2026-09-30 14:13:00+00:00,106.0,106.025,105.935,105.945
2026-09-30 14:14:00+00:00,105.955,106.02,105.95,106.0
2026-09-30 14:15:00+00:00,105.94,106.005,105.865,105.965
2026-09-30 14:16:00+00:00,105.95,105.97,105.88,105.935
2026-09-30 14:17:00+00:00,105.985,106.015,105.92,105.95
2026-09-30 14:18:00+00:00,105.95,106.07,105.91,106.0
2026-09-30 14:19:00+00:00,105.895,105.985,105.84,105.945
2026-09-30 14:20:00+00:00,105.865,105.93,105.8,105.895
2026-09-30 14:21:00+00:00,105.87,105.96,105.82,105.86
2026-09-30 14:22:00+00:00,105.775,105.91,105.765,105.91
2026-09-30 14:23:00+00:00,105.795,105.8,105.75,105.785
2026-09-30 14:24:00+00:00,105.785,105.82,105.77,105.795
2026-09-30 14:25:00+00:00,105.74,105.8,105.685,105.79
2026-09-30 14:26:00+00:00,105.76,105.76,105.71,105.73
2026-09-30 14:27:00+00:00,105.77,105.77,105.73,105.76
2026-09-30 14:28:00+00:00,105.63,105.78,105.62,105.76
2026-09-30 14:29:00+00:00,105.755,105.775,105.63,105.63
2026-09-30 14:30:00+00:00,105.76,105.79,105.66,105.755
2026-09-30 14:31:00+00:00,105.755,105.77,105.66,105.76
2026-09-30 14:32:00+00:00,105.72,105.78,105.715,105.755
2026-09-30 14:33:00+00:00,105.685,105.71,105.645,105.705
2026-09-30 14:34:00+00:00,105.59,105.71,105.575,105.685
2026-09-30 14:35:00+00:00,105.59,105.635,105.56,105.59
2026-09-30 14:36:00+00:00,105.64,105.67,105.59,105.59
2026-09-30 14:37:00+00:00,105.56,105.655,105.56,105.64
2026-09-30 14:38:00+00:00,105.62,105.625,105.525,105.605
2026-09-30 14:39:00+00:00,105.565,105.625,105.565,105.615
2026-09-30 14:40:00+00:00,105.645,105.66,105.565,105.605
2026-09-30 14:41:00+00:00,105.67,105.715,105.645,105.67
2026-09-30 14:42:00+00:00,105.67,105.69,105.63,105.67
2026-09-30 14:43:00+00:00,105.665,105.68,105.62,105.67
2026-09-30 14:44:00+00:00,105.49,105.68,105.49,105.665
2026-09-30 14:45:00+00:00,105.64,105.645,105.49,105.54
2026-09-30 14:46:00+00:00,105.665,105.665,105.6,105.64
2026-09-30 14:47:00+00:00,105.745,105.76,105.665,105.665
2026-09-30 14:48:00+00:00,105.76,105.79,105.71,105.725
2026-09-30 14:49:00+00:00,105.78,105.785,105.675,105.75
2026-09-30 14:50:00+00:00,105.76,105.785,105.735,105.775
2026-09-30 14:51:00+00:00,105.75,105.845,105.74,105.765
2026-09-30 14:52:00+00:00,105.795,105.805,105.715,105.795
2026-09-30 14:53:00+00:00,105.8,105.845,105.72,105.745
2026-09-30 14:54:00+00:00,105.825,105.875,105.795,105.8
2026-09-30 14:55:00+00:00,105.88,105.925,105.735,105.825
2026-09-30 14:56:00+00:00,105.875,105.93,105.85,105.88
2026-09-30 14:57:00+00:00,105.94,105.96,105.855,105.86
2026-09-30 14:58:00+00:00,105.795,105.95,105.785,105.94
2026-09-30 14:59:00+00:00,105.755,105.805,105.7,105.795
2026-09-30 15:00:00+00:00,105.655,105.785,105.65,105.775
2026-09-30 15:01:00+00:00,105.585,105.775,105.575,105.665
2026-09-30 15:02:00+00:00,105.67,105.775,105.595,105.625
2026-09-30 15:03:00+00:00,105.73,105.76,105.645,105.66
2026-09-30 15:04:00+00:00,105.95,105.955,105.675,105.73
2026-09-30 15:05:00+00:00,105.89,105.935,105.875,105.935
2026-09-30 15:06:00+00:00,105.895,105.915,105.825,105.91
2026-09-30 15:07:00+00:00,105.835,105.895,105.81,105.865
2026-09-30 15:08:00+00:00,105.92,105.94,105.77,105.835
2026-09-30 15:09:00+00:00,105.975,106.16,105.92,106.145
2026-09-30 15:10:00+00:00,105.945,106.025,105.89,105.975
2026-09-30 15:11:00+00:00,105.885,105.945,105.875,105.945
2026-09-30 15:12:00+00:00,105.79,105.905,105.75,105.89
2026-09-30 15:13:00+00:00,105.82,105.875,105.75,105.795
2026-09-30 15:14:00+00:00,105.87,105.895,105.815,105.86
2026-09-30 15:15:00+00:00,105.975,105.99,105.84,105.87
2026-09-30 15:16:00+00:00,106.015,106.04,105.97,105.975
2026-09-30 15:17:00+00:00,106.03,106.06,106.01,106.015
2026-09-30 15:18:00+00:00,106.045,106.075,105.98,106.03
2026-09-30 15:19:00+00:00,105.955,106.065,105.95,106.045
2026-09-30 15:20:00+00:00,105.96,106.02,105.945,105.96
2026-09-30 15:21:00+00:00,105.92,105.985,105.91,105.96
2026-09-30 15:22:00+00:00,105.985,106.0,105.905,105.965
2026-09-30 15:23:00+00:00,105.96,106.005,105.935,105.99
2026-09-30 15:24:00+00:00,105.99,105.995,105.95,105.965
2026-09-30 15:25:00+00:00,105.94,106.035,105.92,105.995
2026-09-30 15:26:00+00:00,105.92,106.0,105.89,106.0
2026-09-30 15:27:00+00:00,105.92,105.985,105.9,105.92
2026-09-30 15:28:00+00:00,105.975,105.99,105.9,105.925
2026-09-30 15:29:00+00:00,105.995,106.025,105.945,105.975
2026-09-30 15:30:00+00:00,105.985,106.04,105.955,106.0
2026-09-30 15:31:00+00:00,105.935,106.005,105.875,105.965
2026-09-30 15:32:00+00:00,105.92,105.995,105.89,105.935
2026-09-30 15:33:00+00:00,105.86,105.955,105.83,105.955
2026-09-30 15:34:00+00:00,105.855,105.91,105.83,105.855
2026-09-30 15:35:00+00:00,105.835,106.045,105.82,105.86
2026-09-30 15:36:00+00:00,105.81,105.885,105.78,105.835
2026-09-30 15:37:00+00:00,105.805,105.85,105.725,105.815
2026-09-30 15:38:00+00:00,105.72,105.815,105.7,105.815
2026-09-30 15:39:00+00:00,105.74,105.76,105.705,105.72
2026-09-30 15:40:00+00:00,105.74,105.755,105.705,105.74
2026-09-30 15:41:00+00:00,105.765,105.775,105.715,105.74
2026-09-30 15:42:00+00:00,105.715,105.79,105.71,105.765
2026-09-30 15:43:00+00:00,105.605,105.735,105.6,105.715
2026-09-30 15:44:00+00:00,105.605,105.65,105.57,105.585
2026-09-30 15:45:00+00:00,105.605,105.65,105.6,105.605
2026-09-30 15:46:00+00:00,105.56,105.64,105.56,105.61
2026-09-30 15:47:00+00:00,105.575,105.61,105.565,105.565
2026-09-30 15:48:00+00:00,105.81,105.83,105.56,105.575
2026-09-30 15:49:00+00:00,105.74,105.85,105.665,105.82
2026-09-30 15:50:00+00:00,105.66,105.765,105.645,105.74
2026-09-30 15:51:00+00:00,105.63,105.77,105.625,105.71
2026-09-30 15:52:00+00:00,105.56,105.635,105.555,105.63
2026-09-30 15:53:00+00:00,105.53,105.58,105.53,105.56
2026-09-30 15:54:00+00:00,105.485,105.555,105.475,105.515
2026-09-30 15:55:00+00:00,105.445,105.53,105.44,105.515
2026-09-30 15:56:00+00:00,105.48,105.54,105.445,105.445
2026-09-30 15:57:00+00:00,105.45,105.525,105.445,105.47
2026-09-30 15:58:00+00:00,105.42,105.46,105.375,105.44
2026-09-30 15:59:00+00:00,105.465,105.47,105.41,105.445
2026-09-30 16:00:00+00:00,105.48,105.48,105.41,105.46
2026-09-30 16:01:00+00:00,105.44,105.495,105.435,105.46
2026-09-30 16:02:00+00:00,105.54,105.55,105.455,105.485
2026-09-30 16:03:00+00:00,105.53,105.555,105.49,105.54
2026-09-30 16:04:00+00:00,105.53,105.55,105.48,105.53
2026-09-30 16:05:00+00:00,105.49,105.54,105.475,105.53
2026-09-30 16:06:00+00:00,105.57,105.675,105.48,105.52
2026-09-30 16:07:00+00:00,105.46,105.605,105.455,105.57
2026-09-30 16:08:00+00:00,105.5,105.54,105.455,105.455
2026-09-30 16:09:00+00:00,105.585,105.595,105.475,105.5
2026-09-30 16:10:00+00:00,105.855,105.87,105.54,105.57
2026-09-30 16:11:00+00:00,105.865,105.88,105.8,105.86
2026-09-30 16:12:00+00:00,105.915,105.93,105.84,105.855
2026-09-30 16:13:00+00:00,105.935,105.94,105.89,105.915
2026-09-30 16:14:00+00:00,105.985,105.985,105.895,105.935
2026-09-30 16:15:00+00:00,105.845,105.985,105.83,105.985
2026-09-30 16:16:00+00:00,105.83,105.885,105.8,105.845
2026-09-30 16:17:00+00:00,105.845,105.885,105.8,105.83
2026-09-30 16:18:00+00:00,105.845,105.87,105.795,105.845
2026-09-30 16:19:00+00:00,105.875,105.89,105.815,105.845
2026-09-30 16:20:00+00:00,105.885,105.895,105.85,105.88
2026-09-30 16:21:00+00:00,105.865,105.9,105.84,105.855
2026-09-30 16:22:00+00:00,105.855,105.895,105.805,105.885
2026-09-30 16:23:00+00:00,105.805,105.865,105.79,105.855
2026-09-30 16:24:00+00:00,105.835,105.855,105.8,105.835
2026-09-30 16:25:00+00:00,105.815,105.85,105.785,105.835
2026-09-30 16:26:00+00:00,105.81,105.845,105.8,105.815
2026-09-30 16:27:00+00:00,105.805,105.845,105.79,105.81
2026-09-30 16:28:00+00:00,105.84,105.87,105.78,105.805
2026-09-30 16:29:00+00:00,105.865,105.9,105.805,105.84
2026-09-30 16:30:00+00:00,105.78,105.875,105.75,105.865
2026-09-30 16:31:00+00:00,105.76,105.805,105.745,105.795
2026-09-30 16:32:00+00:00,105.77,105.805,105.74,105.765
2026-09-30 16:33:00+00:00,105.8,105.835,105.76,105.775
2026-09-30 16:34:00+00:00,105.795,105.84,105.77,105.8
2026-09-30 16:35:00+00:00,105.755,105.825,105.73,105.795
2026-09-30 16:36:00+00:00,105.74,105.79,105.735,105.755
2026-09-30 16:37:00+00:00,105.715,105.805,105.685,105.75
2026-09-30 16:38:00+00:00,105.7,105.725,105.655,105.72
2026-09-30 16:39:00+00:00,105.695,105.705,105.69,105.7
2026-09-30 16:40:00+00:00,105.705,105.715,105.685,105.705
2026-09-30 16:41:00+00:00,105.68,105.715,105.67,105.7
2026-09-30 16:42:00+00:00,105.595,105.685,105.58,105.68
2026-09-30 16:43:00+00:00,105.6,105.63,105.58,105.595
2026-09-30 16:44:00+00:00,105.605,105.635,105.585,105.6
2026-09-30 16:45:00+00:00,105.595,105.66,105.575,105.59
2026-09-30 16:46:00+00:00,105.585,105.625,105.56,105.595
2026-09-30 16:47:00+00:00,105.575,105.655,105.57,105.585
2026-09-30 16:48:00+00:00,105.505,105.575,105.48,105.575
2026-09-30 16:49:00+00:00,105.565,105.57,105.49,105.51
2026-09-30 16:50:00+00:00,105.6,105.6,105.505,105.565
2026-09-30 16:51:00+00:00,105.525,105.63,105.525,105.6
2026-09-30 16:52:00+00:00,105.555,105.57,105.51,105.52
2026-09-30 16:53:00+00:00,105.53,105.575,105.49,105.54
2026-09-30 16:54:00+00:00,105.47,105.53,105.455,105.53
2026-09-30 16:55:00+00:00,105.465,105.515,105.46,105.465
2026-09-30 16:56:00+00:00,105.505,105.52,105.46,105.465
2026-09-30 16:57:00+00:00,105.515,105.535,105.495,105.505
2026-09-30 16:58:00+00:00,105.485,105.515,105.475,105.51
2026-09-30 16:59:00+00:00,105.47,105.515,105.44,105.485
2026-09-30 17:00:00+00:00,105.43,105.5,105.4,105.47
2026-09-30 17:01:00+00:00,105.475,105.48,105.385,105.435
2026-09-30 17:02:00+00:00,105.45,105.515,105.43,105.475
2026-09-30 17:03:00+00:00,105.49,105.515,105.485,105.49
2026-09-30 17:04:00+00:00,105.49,105.515,105.455,105.49
2026-09-30 17:05:00+00:00,105.485,105.52,105.48,105.49
2026-09-30 17:06:00+00:00,105.51,105.515,105.475,105.48
2026-09-30 17:07:00+00:00,105.49,105.52,105.46,105.505
2026-09-30 17:08:00+00:00,105.48,105.51,105.47,105.505
2026-09-30 17:09:00+00:00,105.405,105.485,105.405,105.48
2026-09-30 17:10:00+00:00,105.385,105.44,105.37,105.405
2026-09-30 17:11:00+00:00,105.39,105.39,105.38,105.385
2026-09-30 17:12:00+00:00,105.385,105.415,105.37,105.38
2026-09-30 17:13:00+00:00,105.38,105.41,105.36,105.385
2026-09-30 17:14:00+00:00,105.31,105.4,105.31,105.385
2026-09-30 17:15:00+00:00,105.295,105.365,105.295,105.31
2026-09-30 17:16:00+00:00,105.365,105.365,105.27,105.305
2026-09-30 17:17:00+00:00,105.35,105.39,105.305,105.365
2026-09-30 17:18:00+00:00,105.34,105.35,105.325,105.345
2026-09-30 17:19:00+00:00,105.275,105.34,105.25,105.34
2026-09-30 17:20:00+00:00,105.275,105.31,105.26,105.27
2026-09-30 17:21:00+00:00,105.32,105.425,105.265,105.275
2026-09-30 17:22:00+00:00,105.285,105.38,105.285,105.29
2026-09-30 17:23:00+00:00,105.29,105.365,105.27,105.285
2026-09-30 17:24:00+00:00,105.38,105.38,105.275,105.29
2026-09-30 17:25:00+00:00,105.31,105.38,105.29,105.34
2026-09-30 17:26:00+00:00,105.255,105.315,105.225,105.31
2026-09-30 17:27:00+00:00,105.255,105.29,105.23,105.25
2026-09-30 17:28:00+00:00,105.255,105.29,105.215,105.255
2026-09-30 17:29:00+00:00,105.275,105.285,105.235,105.25
2026-09-30 17:30:00+00:00,105.3,105.32,105.245,105.275
2026-09-30 17:31:00+00:00,105.28,105.335,105.245,105.3
2026-09-30 17:32:00+00:00,105.29,105.355,105.265,105.28
2026-09-30 17:33:00+00:00,105.3,105.31,105.28,105.29
2026-09-30 17:34:00+00:00,105.395,105.41,105.28,105.3
2026-09-30 17:35:00+00:00,105.41,105.45,105.395,105.395
2026-09-30 17:36:00+00:00,105.455,105.495,105.39,105.41
2026-09-30 17:37:00+00:00,105.455,105.475,105.415,105.455
2026-09-30 17:38:00+00:00,105.505,105.6,105.44,105.45
2026-09-30 17:39:00+00:00,105.545,105.62,105.47,105.505
2026-09-30 17:40:00+00:00,105.515,105.595,105.48,105.545
2026-09-30 17:41:00+00:00,105.545,105.56,105.49,105.515
2026-09-30 17:42:00+00:00,105.58,105.65,105.52,105.55
2026-09-30 17:43:00+00:00,105.58,105.6,105.56,105.575
2026-09-30 17:44:00+00:00,105.595,105.655,105.565,105.58
2026-09-30 17:45:00+00:00,105.55,105.645,105.505,105.595
2026-09-30 17:46:00+00:00,105.46,105.625,105.425,105.625
2026-09-30 17:47:00+00:00,105.49,105.61,105.405,105.46
2026-09-30 17:48:00+00:00,105.475,105.495,105.395,105.495
2026-09-30 17:49:00+00:00,105.475,105.495,105.435,105.475
2026-09-30 17:50:00+00:00,105.515,105.525,105.43,105.475
2026-09-30 17:51:00+00:00,105.465,105.52,105.43,105.51
2026-09-30 17:52:00+00:00,105.395,105.51,105.395,105.465
2026-09-30 17:53:00+00:00,105.455,105.465,105.39,105.395
2026-09-30 17:54:00+00:00,105.465,105.47,105.405,105.455
2026-09-30 17:55:00+00:00,105.435,105.475,105.425,105.46
2026-09-30 17:56:00+00:00,105.45,105.475,105.435,105.44
2026-09-30 17:57:00+00:00,105.45,105.485,105.445,105.45
2026-09-30 17:58:00+00:00,105.455,105.48,105.44,105.45
2026-09-30 17:59:00+00:00,105.465,105.485,105.44,105.45
2026-09-30 18:00:00+00:00,105.455,105.485,105.45,105.465
2026-09-30 18:01:00+00:00,105.45,105.485,105.395,105.46
2026-09-30 18:02:00+00:00,105.435,105.49,105.39,105.45
2026-09-30 18:03:00+00:00,105.42,105.485,105.39,105.43
2026-09-30 18:04:00+00:00,105.365,105.445,105.365,105.42
2026-09-30 18:05:00+00:00,105.385,105.395,105.3,105.365
2026-09-30 18:06:00+00:00,105.34,105.385,105.295,105.375
2026-09-30 18:07:00+00:00,105.35,105.37,105.335,105.345
2026-09-30 18:08:00+00:00,105.385,105.395,105.35,105.35
2026-09-30 18:09:00+00:00,105.365,105.385,105.35,105.385
2026-09-30 18:10:00+00:00,105.33,105.52,105.32,105.515
2026-09-30 18:11:00+00:00,105.315,105.36,105.3,105.325
2026-09-30 18:12:00+00:00,105.33,105.345,105.29,105.3
2026-09-30 18:13:00+00:00,105.33,105.345,105.275,105.33
2026-09-30 18:14:00+00:00,105.315,105.355,105.25,105.325
2026-09-30 18:15:00+00:00,105.26,105.35,105.25,105.31
2026-09-30 18:16:00+00:00,105.27,105.29,105.255,105.255
2026-09-30 18:17:00+00:00,105.27,105.28,105.24,105.27
2026-09-30 18:18:00+00:00,105.27,105.335,105.25,105.27
2026-09-30 18:19:00+00:00,105.28,105.33,105.195,105.265
2026-09-30 18:20:00+00:00,105.26,105.325,105.255,105.275
2026-09-30 18:21:00+00:00,105.3,105.33,105.25,105.26
2026-09-30 18:22:00+00:00,105.375,105.38,105.295,105.3
2026-09-30 18:23:00+00:00,105.4,105.435,105.37,105.375
2026-09-30 18:24:00+00:00,105.38,105.43,105.34,105.4
2026-09-30 18:25:00+00:00,105.32,105.42,105.295,105.37
2026-09-30 18:26:00+00:00,105.31,105.325,105.245,105.315
2026-09-30 18:27:00+00:00,105.345,105.35,105.31,105.31
2026-09-30 18:28:00+00:00,105.365,105.41,105.34,105.345
2026-09-30 18:29:00+00:00,105.36,105.42,105.34,105.37
2026-09-30 18:30:00+00:00,105.35,105.405,105.33,105.4
2026-09-30 18:31:00+00:00,105.32,105.405,105.3,105.405
2026-09-30 18:32:00+00:00,105.355,105.405,105.31,105.32
2026-09-30 18:33:00+00:00,105.335,105.395,105.315,105.355
2026-09-30 18:34:00+00:00,105.34,105.405,105.31,105.335
2026-09-30 18:35:00+00:00,105.335,105.39,105.325,105.34
2026-09-30 18:36:00+00:00,105.365,105.4,105.335,105.335
2026-09-30 18:37:00+00:00,105.39,105.405,105.34,105.355
2026-09-30 18:38:00+00:00,105.375,105.395,105.35,105.39
2026-09-30 18:39:00+00:00,105.44,105.46,105.375,105.375
2026-09-30 18:40:00+00:00,105.445,105.45,105.41,105.435
2026-09-30 18:41:00+00:00,105.465,105.51,105.415,105.44
2026-09-30 18:42:00+00:00,105.45,105.58,105.435,105.46
2026-09-30 18:43:00+00:00,105.445,105.585,105.445,105.585
2026-09-30 18:44:00+00:00,105.44,105.5,105.4,105.44
2026-09-30 18:45:00+00:00,105.41,105.575,105.405,105.44
2026-09-30 18:46:00+00:00,105.415,105.555,105.385,105.555
2026-09-30 18:47:00+00:00,105.425,105.44,105.405,105.415
2026-09-30 18:48:00+00:00,105.42,105.545,105.4,105.43
2026-09-30 18:49:00+00:00,105.42,105.43,105.405,105.42
2026-09-30 18:50:00+00:00,105.43,105.555,105.415,105.555
2026-09-30 18:51:00+00:00,105.43,105.57,105.39,105.43
2026-09-30 18:52:00+00:00,105.435,105.45,105.405,105.43
2026-09-30 18:53:00+00:00,105.425,105.485,105.41,105.435
2026-09-30 18:54:00+00:00,105.45,105.485,105.41,105.425
2026-09-30 18:55:00+00:00,105.44,105.47,105.4,105.445
2026-09-30 18:56:00+00:00,105.42,105.465,105.39,105.44
2026-09-30 18:57:00+00:00,105.435,105.45,105.42,105.42
2026-09-30 18:58:00+00:00,105.43,105.49,105.42,105.435
2026-09-30 18:59:00+00:00,105.38,105.44,105.34,105.425
2026-09-30 19:00:00+00:00,105.385,105.395,105.365,105.38
2026-09-30 19:01:00+00:00,105.49,105.515,105.38,105.385
2026-09-30 19:02:00+00:00,105.46,105.49,105.415,105.49
2026-09-30 19:03:00+00:00,105.455,105.465,105.405,105.465
2026-09-30 19:04:00+00:00,105.475,105.485,105.425,105.46
2026-09-30 19:05:00+00:00,105.435,105.585,105.425,105.48
2026-09-30 19:06:00+00:00,105.385,105.48,105.345,105.435
2026-09-30 19:07:00+00:00,105.375,105.39,105.335,105.38
2026-09-30 19:08:00+00:00,105.27,105.39,105.265,105.34
2026-09-30 19:09:00+00:00,105.24,105.275,105.2,105.27
2026-09-30 19:10:00+00:00,105.19,105.25,105.15,105.245
2026-09-30 19:11:00+00:00,105.225,105.24,105.185,105.185
2026-09-30 19:12:00+00:00,105.205,105.23,105.17,105.225
2026-09-30 19:13:00+00:00,105.215,105.235,105.175,105.205
2026-09-30 19:14:00+00:00,105.22,105.24,105.2,105.225
2026-09-30 19:15:00+00:00,105.235,105.285,105.165,105.215
2026-09-30 19:16:00+00:00,105.245,105.29,105.2,105.275
2026-09-30 19:17:00+00:00,105.235,105.29,105.225,105.245
2026-09-30 19:18:00+00:00,105.285,105.315,105.235,105.235
2026-09-30 19:19:00+00:00,105.305,105.325,105.28,105.28
2026-09-30 19:20:00+00:00,105.265,105.31,105.26,105.305
2026-09-30 19:21:00+00:00,105.235,105.285,105.2,105.27
2026-09-30 19:22:00+00:00,105.26,105.305,105.225,105.235
2026-09-30 19:23:00+00:00,105.27,105.315,105.23,105.255
2026-09-30 19:24:00+00:00,105.31,105.315,105.25,105.265
2026-09-30 19:25:00+00:00,105.335,105.35,105.3,105.31
2026-09-30 19:26:00+00:00,105.39,105.395,105.335,105.335
2026-09-30 19:27:00+00:00,105.42,105.44,105.365,105.39
2026-09-30 19:28:00+00:00,105.41,105.42,105.365,105.42
2026-09-30 19:29:00+00:00,105.425,105.425,105.395,105.42
2026-09-30 19:30:00+00:00,105.4,105.425,105.395,105.425
2026-09-30 19:31:00+00:00,105.325,105.48,105.285,105.395
2026-09-30 19:32:00+00:00,105.34,105.385,105.32,105.325
2026-09-30 19:33:00+00:00,105.33,105.35,105.275,105.34
2026-09-30 19:34:00+00:00,105.275,105.36,105.265,105.305
2026-09-30 19:35:00+00:00,105.31,105.345,105.275,105.275
2026-09-30 19:36:00+00:00,105.31,105.35,105.295,105.315
2026-09-30 19:37:00+00:00,105.215,105.32,105.185,105.32
2026-09-30 19:38:00+00:00,105.205,105.245,105.2,105.215
2026-09-30 19:39:00+00:00,105.24,105.255,105.17,105.205
2026-09-30 19:40:00+00:00,105.25,105.31,105.235,105.245
2026-09-30 19:41:00+00:00,105.265,105.28,105.245,105.245
2026-09-30 19:42:00+00:00,105.19,105.33,105.19,105.255
2026-09-30 19:43:00+00:00,105.35,105.39,105.18,105.19
2026-09-30 19:44:00+00:00,105.415,105.445,105.305,105.33
2026-09-30 19:45:00+00:00,105.355,105.415,105.32,105.415
2026-09-30 19:46:00+00:00,105.415,105.445,105.27,105.325
2026-09-30 19:47:00+00:00,105.3,105.445,105.24,105.38
2026-09-30 19:48:00+00:00,105.43,105.435,105.235,105.295
2026-09-30 19:49:00+00:00,105.43,105.52,105.34,105.4
2026-09-30 19:50:00+00:00,105.44,105.505,105.34,105.43
2026-09-30 19:51:00+00:00,105.43,105.48,105.335,105.44
2026-09-30 19:52:00+00:00,105.36,105.53,105.335,105.42
2026-09-30 19:53:00+00:00,105.57,105.685,105.33,105.385
2026-09-30 19:54:00+00:00,105.605,105.71,105.53,105.58
2026-09-30 19:55:00+00:00,105.615,105.705,105.545,105.67
2026-09-30 19:56:00+00:00,105.515,105.715,105.48,105.615
2026-09-30 19:57:00+00:00,105.385,105.525,105.365,105.49
2026-09-30 19:58:00+00:00,105.24,105.42,105.235,105.385
2026-09-30 19:59:00+00:00,104.925,105.295,104.925,105.24
2026-10-01 13:30:00+00:00,104.155,104.61,104.01,104.425
2026-10-01 13:31:00+00:00,104.145,104.155,103.75,104.155
2026-10-01 13:32:00+00:00,104.23,104.37,104.14,104.145
2026-10-01 13:33:00+00:00,104.28,104.455,104.16,104.16
2026-10-01 13:34:00+00:00,104.135,104.275,104.03,104.275
2026-10-01 13:35:00+00:00,104.235,104.265,104.045,104.135
2026-10-01 13:36:00+00:00,104.02,104.23,104.005,104.225
2026-10-01 13:37:00+00:00,103.89,104.09,103.8,104.065
2026-10-01 13:38:00+00:00,103.745,103.93,103.635,103.925
2026-10-01 13:39:00+00:00,103.55,103.75,103.46,103.705
2026-10-01 13:40:00+00:00,103.48,103.555,103.27,103.55
2026-10-01 13:41:00+00:00,103.5,103.715,103.415,103.48
2026-10-01 13:42:00+00:00,103.53,103.6,103.41,103.49
2026-10-01 13:43:00+00:00,103.415,103.61,103.345,103.525
2026-10-01 13:44:00+00:00,103.41,103.51,103.34,103.415
2026-10-01 13:45:00+00:00,103.435,103.555,103.315,103.415
2026-10-01 13:46:00+00:00,103.48,103.505,103.38,103.435
2026-10-01 13:47:00+00:00,103.485,103.565,103.385,103.505
2026-10-01 13:48:00+00:00,103.46,103.54,103.41,103.44
2026-10-01 13:49:00+00:00,103.42,103.465,103.3,103.43
2026-10-01 13:50:00+00:00,103.62,103.635,103.425,103.425
2026-10-01 13:51:00+00:00,103.615,103.685,103.56,103.59
2026-10-01 13:52:00+00:00,103.6,103.68,103.535,103.62
2026-10-01 13:53:00+00:00,103.435,103.615,103.415,103.605
2026-10-01 13:54:00+00:00,103.465,103.515,103.355,103.45
2026-10-01 13:55:00+00:00,103.52,103.57,103.435,103.465
2026-10-01 13:56:00+00:00,103.44,103.565,103.405,103.52
2026-10-01 13:57:00+00:00,103.425,103.455,103.355,103.435
2026-10-01 13:58:00+00:00,103.345,103.465,103.315,103.36
2026-10-01 13:59:00+00:00,103.335,103.385,103.295,103.345
2026-10-01 14:00:00+00:00,103.14,103.355,103.11,103.355
2026-10-01 14:01:00+00:00,103.08,103.165,102.965,103.14
2026-10-01 14:02:00+00:00,103.11,103.195,103.03,103.075
2026-10-01 14:03:00+00:00,103.115,103.2,103.08,103.105
2026-10-01 14:04:00+00:00,102.84,103.145,102.81,103.005
2026-10-01 14:05:00+00:00,102.61,102.865,102.61,102.835
2026-10-01 14:06:00+00:00,102.73,102.74,102.575,102.61
2026-10-01 14:07:00+00:00,102.665,102.74,102.58,102.74
2026-10-01 14:08:00+00:00,102.79,102.83,102.685,102.685
2026-10-01 14:09:00+00:00,102.775,102.9,102.65,102.81
2026-10-01 14:10:00+00:00,102.69,102.835,102.685,102.775
2026-10-01 14:11:00+00:00,102.52,102.81,102.46,102.685
2026-10-01 14:12:00+00:00,102.44,102.52,102.36,102.48
2026-10-01 14:13:00+00:00,102.34,102.475,102.255,102.425
2026-10-01 14:14:00+00:00,102.36,102.39,102.205,102.34
2026-10-01 14:15:00+00:00,102.43,102.45,102.33,102.36
2026-10-01 14:16:00+00:00,102.475,102.485,102.34,102.43
2026-10-01 14:17:00+00:00,102.56,102.65,102.47,102.47
2026-10-01 14:18:00+00:00,102.345,102.56,102.29,102.555
2026-10-01 14:19:00+00:00,102.325,102.4,102.235,102.345
2026-10-01 14:20:00+00:00,102.395,102.4,102.305,102.345
2026-10-01 14:21:00+00:00,102.405,102.455,102.37,102.39
2026-10-01 14:22:00+00:00,102.335,102.425,102.26,102.405
2026-10-01 14:23:00+00:00,102.345,102.445,102.255,102.335
2026-10-01 14:24:00+00:00,102.34,102.41,102.245,102.345
2026-10-01 14:25:00+00:00,102.215,102.35,102.165,102.35
2026-10-01 14:26:00+00:00,102.32,102.325,102.15,102.215
2026-10-01 14:27:00+00:00,102.15,102.365,102.065,102.32
2026-10-01 14:28:00+00:00,102.16,102.2,102.04,102.145
2026-10-01 14:29:00+00:00,102.155,102.22,102.09,102.16
2026-10-01 14:30:00+00:00,102.18,102.22,102.055,102.09
2026-10-01 14:31:00+00:00,102.19,102.21,102.08,102.18
2026-10-01 14:32:00+00:00,102.18,102.24,102.14,102.165
2026-10-01 14:33:00+00:00,102.18,102.235,102.155,102.18
2026-10-01 14:34:00+00:00,102.245,102.255,102.125,102.18
2026-10-01 14:35:00+00:00,102.26,102.3,102.21,102.245
2026-10-01 14:36:00+00:00,102.34,102.355,102.245,102.26
2026-10-01 14:37:00+00:00,102.315,102.37,102.3,102.34
2026-10-01 14:38:00+00:00,102.43,102.49,102.25,102.315
2026-10-01 14:39:00+00:00,102.36,102.43,102.29,102.325
2026-10-01 14:40:00+00:00,102.295,102.395,102.25,102.355
2026-10-01 14:41:00+00:00,102.19,102.295,102.055,102.295
2026-10-01 14:42:00+00:00,102.18,102.22,102.12,102.15
2026-10-01 14:43:00+00:00,102.145,102.21,102.125,102.18
2026-10-01 14:44:00+00:00,102.17,102.2,102.105,102.175
2026-10-01 14:45:00+00:00,102.11,102.195,102.08,102.17
2026-10-01 14:46:00+00:00,102.03,102.175,102.005,102.11
2026-10-01 14:47:00+00:00,102.055,102.13,102.01,102.03
2026-10-01 14:48:00+00:00,102.09,102.16,102.03,102.06
2026-10-01 14:49:00+00:00,102.06,102.145,101.88,101.885
2026-10-01 14:50:00+00:00,102.06,102.13,102.02,102.035
2026-10-01 14:51:00+00:00,102.09,102.155,102.025,102.11
2026-10-01 14:52:00+00:00,102.015,102.135,102.0,102.09
2026-10-01 14:53:00+00:00,102.115,102.125,102.01,102.015
2026-10-01 14:54:00+00:00,102.1,102.135,102.025,102.115
2026-10-01 14:55:00+00:00,102.065,102.11,102.03,102.095
2026-10-01 14:56:00+00:00,102.045,102.085,101.99,102.065
2026-10-01 14:57:00+00:00,101.965,102.06,101.96,102.045
2026-10-01 14:58:00+00:00,101.85,102.075,101.795,101.965
2026-10-01 14:59:00+00:00,101.95,101.97,101.765,101.845
2026-10-01 15:00:00+00:00,102.055,102.07,101.92,101.95
2026-10-01 15:01:00+00:00,101.87,102.09,101.855,102.055
2026-10-01 15:02:00+00:00,101.72,101.97,101.715,101.87
2026-10-01 15:03:00+00:00,101.75,101.785,101.71,101.72
2026-10-01 15:04:00+00:00,101.755,101.82,101.71,101.75
2026-10-01 15:05:00+00:00,101.76,101.805,101.72,101.735
2026-10-01 15:06:00+00:00,101.84,101.925,101.73,101.76
2026-10-01 15:07:00+00:00,101.855,101.95,101.775,101.84
2026-10-01 15:08:00+00:00,101.825,101.885,101.765,101.855
2026-10-01 15:09:00+00:00,101.83,101.87,101.795,101.825
2026-10-01 15:10:00+00:00,101.75,101.83,101.71,101.83
2026-10-01 15:11:00+00:00,101.75,101.77,101.705,101.745
2026-10-01 15:12:00+00:00,101.695,101.765,101.64,101.75
2026-10-01 15:13:00+00:00,101.66,101.725,101.64,101.7
2026-10-01 15:14:00+00:00,101.685,101.725,101.64,101.66
2026-10-01 15:15:00+00:00,101.715,101.72,101.63,101.665
2026-10-01 15:16:00+00:00,101.675,101.77,101.665,101.715
2026-10-01 15:17:00+00:00,101.815,101.83,101.675,101.715
2026-10-01 15:18:00+00:00,101.705,101.82,101.7,101.82
2026-10-01 15:19:00+00:00,101.715,101.78,101.615,101.71
2026-10-01 15:20:00+00:00,101.54,101.76,101.54,101.75
2026-10-01 15:21:00+00:00,101.695,101.72,101.54,101.54
2026-10-01 15:22:00+00:00,101.695,101.75,101.685,101.7
2026-10-01 15:23:00+00:00,101.79,101.85,101.695,101.695
2026-10-01 15:24:00+00:00,101.79,101.915,101.705,101.79
2026-10-01 15:25:00+00:00,101.75,101.845,101.75,101.775
2026-10-01 15:26:00+00:00,101.75,101.775,101.73,101.75
2026-10-01 15:27:00+00:00,101.775,101.785,101.715,101.75
2026-10-01 15:28:00+00:00,101.715,101.79,101.7,101.785
2026-10-01 15:29:00+00:00,101.615,101.725,101.595,101.71
2026-10-01 15:30:00+00:00,101.635,101.685,101.58,101.6
2026-10-01 15:31:00+00:00,101.595,101.665,101.59,101.62
2026-10-01 15:32:00+00:00,101.615,101.675,101.58,101.6
2026-10-01 15:33:00+00:00,101.625,101.67,101.57,101.615
2026-10-01 15:34:00+00:00,101.66,101.69,101.585,101.625
2026-10-01 15:35:00+00:00,101.66,101.695,101.6,101.655
2026-10-01 15:36:00+00:00,101.755,101.755,101.645,101.66
2026-10-01 15:37:00+00:00,101.775,101.88,101.675,101.88
2026-10-01 15:38:00+00:00,101.815,101.865,101.765,101.775
2026-10-01 15:39:00+00:00,101.85,101.895,101.795,101.815
2026-10-01 15:40:00+00:00,101.855,101.855,101.79,101.85
2026-10-01 15:41:00+00:00,101.87,101.96,101.81,101.84
2026-10-01 15:42:00+00:00,101.895,101.96,101.83,101.88
2026-10-01 15:43:00+00:00,101.83,101.92,101.805,101.895
2026-10-01 15:44:00+00:00,101.78,101.87,101.68,101.83
2026-10-01 15:45:00+00:00,101.765,101.795,101.67,101.78
2026-10-01 15:46:00+00:00,101.665,101.78,101.62,101.765
2026-10-01 15:47:00+00:00,101.75,101.765,101.61,101.665
2026-10-01 15:48:00+00:00,101.745,101.805,101.625,101.71
2026-10-01 15:49:00+00:00,101.705,101.75,101.665,101.75
2026-10-01 15:50:00+00:00,101.665,101.705,101.605,101.7
2026-10-01 15:51:00+00:00,101.68,101.705,101.64,101.665
2026-10-01 15:52:00+00:00,101.735,101.745,101.665,101.68
2026-10-01 15:53:00+00:00,101.725,101.785,101.66,101.735
2026-10-01 15:54:00+00:00,101.72,101.775,101.72,101.725
2026-10-01 15:55:00+00:00,101.805,101.805,101.7,101.72
2026-10-01 15:56:00+00:00,101.855,101.94,101.74,101.805
2026-10-01 15:57:00+00:00,101.87,101.885,101.805,101.855
2026-10-01 15:58:00+00:00,101.81,101.955,101.805,101.835
2026-10-01 15:59:00+00:00,101.825,101.86,101.725,101.81
2026-10-01 16:00:00+00:00,101.675,101.825,101.645,101.825
2026-10-01 16:01:00+00:00,101.755,101.78,101.59,101.675
2026-10-01 16:02:00+00:00,101.825,101.825,101.67,101.755
2026-10-01 16:03:00+00:00,101.765,101.825,101.695,101.815
2026-10-01 16:04:00+00:00,101.685,101.8,101.61,101.765
2026-10-01 16:05:00+00:00,101.685,101.745,101.585,101.685
2026-10-01 16:06:00+00:00,101.76,101.79,101.655,101.68
2026-10-01 16:07:00+00:00,101.785,101.81,101.695,101.76
2026-10-01 16:08:00+00:00,101.835,101.88,101.785,101.785
2026-10-01 16:09:00+00:00,101.78,101.875,101.685,101.835
2026-10-01 16:10:00+00:00,101.725,101.815,101.635,101.78
2026-10-01 16:11:00+00:00,101.75,101.785,101.665,101.72
2026-10-01 16:12:00+00:00,101.66,101.77,101.59,101.75
2026-10-01 16:13:00+00:00,101.7,101.745,101.585,101.66
2026-10-01 16:14:00+00:00,101.69,101.75,101.59,101.7
2026-10-01 16:15:00+00:00,101.605,101.76,101.555,101.75
2026-10-01 16:16:00+00:00,101.645,101.66,101.555,101.56
2026-10-01 16:17:00+00:00,101.745,101.77,101.64,101.645
2026-10-01 16:18:00+00:00,101.7,101.775,101.63,101.745
2026-10-01 16:19:00+00:00,101.755,101.79,101.675,101.7
2026-10-01 16:20:00+00:00,101.84,101.84,101.71,101.755
2026-10-01 16:21:00+00:00,101.83,101.885,101.79,101.84
2026-10-01 16:22:00+00:00,101.87,101.95,101.7,101.7
2026-10-01 16:23:00+00:00,101.895,101.935,101.845,101.87
2026-10-01 16:24:00+00:00,101.905,101.975,101.87,101.895
2026-10-01 16:25:00+00:00,101.875,101.93,101.86,101.9
2026-10-01 16:26:00+00:00,101.83,101.96,101.815,101.875
2026-10-01 16:27:00+00:00,101.78,101.825,101.77,101.825
2026-10-01 16:28:00+00:00,101.8,101.825,101.68,101.78
2026-10-01 16:29:00+00:00,101.775,101.805,101.66,101.695
2026-10-01 16:30:00+00:00,101.81,101.82,101.715,101.775
2026-10-01 16:31:00+00:00,101.845,101.86,101.79,101.815
2026-10-01 16:32:00+00:00,101.855,101.94,101.835,101.845
2026-10-01 16:33:00+00:00,101.885,101.96,101.85,101.855
2026-10-01 16:34:00+00:00,101.86,101.895,101.85,101.89
2026-10-01 16:35:00+00:00,101.94,101.955,101.845,101.845
2026-10-01 16:36:00+00:00,101.9,101.95,101.855,101.885
2026-10-01 16:37:00+00:00,101.865,101.93,101.84,101.88
2026-10-01 16:38:00+00:00,101.835,101.91,101.805,101.85
2026-10-01 16:39:00+00:00,101.855,101.92,101.805,101.835
2026-10-01 16:40:00+00:00,101.85,101.865,101.8,101.855
2026-10-01 16:41:00+00:00,101.805,101.87,101.795,101.85
2026-10-01 16:42:00+00:00,101.87,101.905,101.745,101.81
2026-10-01 16:43:00+00:00,101.93,101.945,101.725,101.87
2026-10-01 16:44:00+00:00,101.935,102.015,101.89,101.93
2026-10-01 16:45:00+00:00,101.905,101.97,101.88,101.935
2026-10-01 16:46:00+00:00,101.86,101.905,101.85,101.9
2026-10-01 16:47:00+00:00,101.785,101.865,101.74,101.855
2026-10-01 16:48:00+00:00,101.845,101.85,101.77,101.785
2026-10-01 16:49:00+00:00,101.78,101.845,101.735,101.845
2026-10-01 16:50:00+00:00,101.825,101.85,101.74,101.78
2026-10-01 16:51:00+00:00,101.695,101.835,101.675,101.83
2026-10-01 16:52:00+00:00,101.795,101.8,101.635,101.745
2026-10-01 16:53:00+00:00,101.75,101.78,101.725,101.74
2026-10-01 16:54:00+00:00,101.675,101.78,101.62,101.78
2026-10-01 16:55:00+00:00,101.705,101.795,101.67,101.675
2026-10-01 16:56:00+00:00,101.635,101.78,101.635,101.705
2026-10-01 16:57:00+00:00,101.625,101.695,101.615,101.69
2026-10-01 16:58:00+00:00,101.755,101.76,101.615,101.625
2026-10-01 16:59:00+00:00,101.71,101.77,101.67,101.705
2026-10-01 17:00:00+00:00,101.72,101.785,101.7,101.71
2026-10-01 17:01:00+00:00,101.69,101.725,101.61,101.72
2026-10-01 17:02:00+00:00,101.78,101.82,101.66,101.69
2026-10-01 17:03:00+00:00,101.76,101.78,101.665,101.78
2026-10-01 17:04:00+00:00,101.845,101.845,101.725,101.76
2026-10-01 17:05:00+00:00,101.78,101.845,101.765,101.845
2026-10-01 17:06:00+00:00,101.73,101.81,101.67,101.785
2026-10-01 17:07:00+00:00,101.665,101.75,101.635,101.73
2026-10-01 17:08:00+00:00,101.615,101.68,101.61,101.665
2026-10-01 17:09:00+00:00,101.62,101.665,101.6,101.615
2026-10-01 17:10:00+00:00,101.635,101.675,101.615,101.615
2026-10-01 17:11:00+00:00,101.64,101.66,101.625,101.635
2026-10-01 17:12:00+00:00,101.615,101.64,101.585,101.64
2026-10-01 17:13:00+00:00,101.67,101.76,101.61,101.615
2026-10-01 17:14:00+00:00,101.745,101.825,101.63,101.67
2026-10-01 17:15:00+00:00,101.77,101.84,101.675,101.675
2026-10-01 17:16:00+00:00,101.725,101.805,101.665,101.77
2026-10-01 17:17:00+00:00,101.685,101.765,101.64,101.725
2026-10-01 17:18:00+00:00,101.765,101.765,101.64,101.685
2026-10-01 17:19:00+00:00,101.76,101.835,101.69,101.765
2026-10-01 17:20:00+00:00,101.84,101.845,101.755,101.755
2026-10-01 17:21:00+00:00,101.835,101.84,101.785,101.805
2026-10-01 17:22:00+00:00,101.855,101.855,101.785,101.84
2026-10-01 17:23:00+00:00,101.815,101.86,101.755,101.855
2026-10-01 17:24:00+00:00,101.77,101.815,101.75,101.815
2026-10-01 17:25:00+00:00,101.825,101.86,101.75,101.8
2026-10-01 17:26:00+00:00,101.765,101.855,101.735,101.825
2026-10-01 17:27:00+00:00,101.68,101.765,101.645,101.765
2026-10-01 17:28:00+00:00,101.665,101.74,101.66,101.68
2026-10-01 17:29:00+00:00,101.69,101.74,101.66,101.67
2026-10-01 17:30:00+00:00,101.78,101.95,101.685,101.685
2026-10-01 17:31:00+00:00,101.765,101.84,101.725,101.82
2026-10-01 17:32:00+00:00,101.735,101.81,101.705,101.765
2026-10-01 17:33:00+00:00,101.73,101.765,101.71,101.73
2026-10-01 17:34:00+00:00,101.775,101.78,101.7,101.73
2026-10-01 17:35:00+00:00,101.61,101.78,101.6,101.775
2026-10-01 17:36:00+00:00,101.615,101.74,101.575,101.61
2026-10-01 17:37:00+00:00,101.6,101.755,101.595,101.615
2026-10-01 17:38:00+00:00,101.66,101.705,101.595,101.6
2026-10-01 17:39:00+00:00,101.695,101.72,101.66,101.66
2026-10-01 17:40:00+00:00,101.66,101.79,101.635,101.695
2026-10-01 17:41:00+00:00,101.73,101.75,101.645,101.66
2026-10-01 17:42:00+00:00,101.775,101.84,101.695,101.73
2026-10-01 17:43:00+00:00,101.79,101.825,101.76,101.76
2026-10-01 17:44:00+00:00,101.79,101.82,101.765,101.795
2026-10-01 17:45:00+00:00,101.765,101.815,101.75,101.8
2026-10-01 17:46:00+00:00,101.815,101.825,101.7,101.765
2026-10-01 17:47:00+00:00,101.81,101.835,101.765,101.815
2026-10-01 17:48:00+00:00,101.78,101.84,101.715,101.81
2026-10-01 17:49:00+00:00,101.755,101.805,101.71,101.78
2026-10-01 17:50:00+00:00,101.69,101.775,101.645,101.755
2026-10-01 17:51:00+00:00,101.725,101.765,101.665,101.69
2026-10-01 17:52:00+00:00,101.65,101.775,101.645,101.725
2026-10-01 17:53:00+00:00,101.675,101.72,101.635,101.65
2026-10-01 17:54:00+00:00,101.54,101.705,101.53,101.655
2026-10-01 17:55:00+00:00,101.6,101.685,101.52,101.685
2026-10-01 17:56:00+00:00,101.565,101.675,101.555,101.6
2026-10-01 17:57:00+00:00,101.56,101.66,101.535,101.565
2026-10-01 17:58:00+00:00,101.65,101.69,101.545,101.6
2026-10-01 17:59:00+00:00,101.705,101.715,101.62,101.645
2026-10-01 18:00:00+00:00,101.59,101.765,101.58,101.715
2026-10-01 18:01:00+00:00,101.62,101.665,101.56,101.595
2026-10-01 18:02:00+00:00,101.595,101.66,101.535,101.62
2026-10-01 18:03:00+00:00,101.415,101.605,101.33,101.6
2026-10-01 18:04:00+00:00,101.44,101.46,101.295,101.415
2026-10-01 18:05:00+00:00,101.405,101.47,101.32,101.44
2026-10-01 18:06:00+00:00,101.42,101.435,101.305,101.405
2026-10-01 18:07:00+00:00,101.425,101.435,101.305,101.31
2026-10-01 18:08:00+00:00,101.455,101.475,101.32,101.41
2026-10-01 18:09:00+00:00,101.475,101.55,101.405,101.405
2026-10-01 18:10:00+00:00,101.485,101.525,101.445,101.465
2026-10-01 18:11:00+00:00,101.51,101.515,101.47,101.495
2026-10-01 18:12:00+00:00,101.485,101.56,101.45,101.52
2026-10-01 18:13:00+00:00,101.555,101.57,101.485,101.485
2026-10-01 18:14:00+00:00,101.56,101.57,101.475,101.555
2026-10-01 18:15:00+00:00,101.655,101.66,101.55,101.57
2026-10-01 18:16:00+00:00,101.765,101.77,101.445,101.455
2026-10-01 18:17:00+00:00,101.715,101.765,101.63,101.765
2026-10-01 18:18:00+00:00,101.72,101.76,101.695,101.715
2026-10-01 18:19:00+00:00,101.66,101.76,101.65,101.71
2026-10-01 18:20:00+00:00,101.615,101.695,101.61,101.66
2026-10-01 18:21:00+00:00,101.6,101.695,101.595,101.64
2026-10-01 18:22:00+00:00,101.61,101.63,101.525,101.6
2026-10-01 18:23:00+00:00,101.66,101.75,101.595,101.6
2026-10-01 18:24:00+00:00,101.61,101.675,101.605,101.66
2026-10-01 18:25:00+00:00,101.595,101.645,101.535,101.61
2026-10-01 18:26:00+00:00,101.525,101.63,101.495,101.595
2026-10-01 18:27:00+00:00,101.555,101.615,101.51,101.525
2026-10-01 18:28:00+00:00,101.55,101.68,101.535,101.68
2026-10-01 18:29:00+00:00,101.545,101.605,101.52,101.55
2026-10-01 18:30:00+00:00,101.515,101.575,101.515,101.545
2026-10-01 18:31:00+00:00,101.43,101.535,101.415,101.515
2026-10-01 18:32:00+00:00,101.52,101.56,101.425,101.46
2026-10-01 18:33:00+00:00,101.56,101.56,101.51,101.515
2026-10-01 18:34:00+00:00,101.62,101.655,101.505,101.555
2026-10-01 18:35:00+00:00,101.6,101.675,101.535,101.56
2026-10-01 18:36:00+00:00,101.585,101.655,101.565,101.59
2026-10-01 18:37:00+00:00,101.595,101.6,101.51,101.585
2026-10-01 18:38:00+00:00,101.605,101.635,101.565,101.59
2026-10-01 18:39:00+00:00,101.575,101.625,101.57,101.605
2026-10-01 18:40:00+00:00,101.66,101.67,101.55,101.575
2026-10-01 18:41:00+00:00,101.555,101.73,101.555,101.665
2026-10-01 18:42:00+00:00,101.62,101.685,101.555,101.555
2026-10-01 18:43:00+00:00,101.595,101.64,101.515,101.62
2026-10-01 18:44:00+00:00,101.585,101.61,101.57,101.6
2026-10-01 18:45:00+00:00,101.53,101.585,101.47,101.585
2026-10-01 18:46:00+00:00,101.55,101.55,101.465,101.52
2026-10-01 18:47:00+00:00,101.565,101.585,101.49,101.495
2026-10-01 18:48:00+00:00,101.585,101.61,101.54,101.565
2026-10-01 18:49:00+00:00,101.63,101.635,101.585,101.585
2026-10-01 18:50:00+00:00,101.615,101.685,101.565,101.62
2026-10-01 18:51:00+00:00,101.615,101.675,101.57,101.615
2026-10-01 18:52:00+00:00,101.635,101.655,101.58,101.615
2026-10-01 18:53:00+00:00,101.645,101.69,101.625,101.635
2026-10-01 18:54:00+00:00,101.7,101.705,101.625,101.645
2026-10-01 18:55:00+00:00,101.72,101.73,101.645,101.7
2026-10-01 18:56:00+00:00,101.715,101.73,101.66,101.72
2026-10-01 18:57:00+00:00,101.695,101.72,101.65,101.72
2026-10-01 18:58:00+00:00,101.585,101.7,101.535,101.695
2026-10-01 18:59:00+00:00,101.605,101.665,101.57,101.585
2026-10-01 19:00:00+00:00,101.515,101.645,101.515,101.605
2026-10-01 19:01:00+00:00,101.465,101.59,101.46,101.515
2026-10-01 19:02:00+00:00,101.55,101.575,101.485,101.485
2026-10-01 19:03:00+00:00,101.565,101.565,101.525,101.55
2026-10-01 19:04:00+00:00,101.565,101.685,101.525,101.565
2026-10-01 19:05:00+00:00,101.565,101.575,101.52,101.565
2026-10-01 19:06:00+00:00,101.54,101.575,101.525,101.565
2026-10-01 19:07:00+00:00,101.63,101.665,101.535,101.54
2026-10-01 19:08:00+00:00,101.705,101.77,101.63,101.635
2026-10-01 19:09:00+00:00,101.705,101.725,101.56,101.56
2026-10-01 19:10:00+00:00,101.625,101.78,101.625,101.705
2026-10-01 19:11:00+00:00,101.675,101.705,101.66,101.67
2026-10-01 19:12:00+00:00,101.68,101.685,101.66,101.675
2026-10-01 19:13:00+00:00,101.715,101.745,101.665,101.675
2026-10-01 19:14:00+00:00,101.715,101.725,101.685,101.72
2026-10-01 19:15:00+00:00,101.655,101.735,101.565,101.715
2026-10-01 19:16:00+00:00,101.69,101.715,101.58,101.655
2026-10-01 19:17:00+00:00,101.66,101.72,101.645,101.69
2026-10-01 19:18:00+00:00,101.69,101.695,101.645,101.66
2026-10-01 19:19:00+00:00,101.685,101.71,101.665,101.69
2026-10-01 19:20:00+00:00,101.655,101.7,101.65,101.685
2026-10-01 19:21:00+00:00,101.675,101.7,101.65,101.655
2026-10-01 19:22:00+00:00,101.635,101.685,101.635,101.675
2026-10-01 19:23:00+00:00,101.745,101.88,101.62,101.64
2026-10-01 19:24:00+00:00,101.805,101.81,101.695,101.73
2026-10-01 19:25:00+00:00,101.8,101.85,101.745,101.755
2026-10-01 19:26:00+00:00,101.79,101.805,101.7,101.805
2026-10-01 19:27:00+00:00,101.72,101.805,101.69,101.785
2026-10-01 19:28:00+00:00,101.795,101.8,101.72,101.72
2026-10-01 19:29:00+00:00,101.755,101.805,101.7,101.795
2026-10-01 19:30:00+00:00,101.8,101.98,101.735,101.76
2026-10-01 19:31:00+00:00,101.84,101.86,101.75,101.785
2026-10-01 19:32:00+00:00,101.785,101.905,101.765,101.835
2026-10-01 19:33:00+00:00,101.645,101.845,101.64,101.845
2026-10-01 19:34:00+00:00,101.65,101.74,101.57,101.645
2026-10-01 19:35:00+00:00,101.57,101.67,101.53,101.65
2026-10-01 19:36:00+00:00,101.54,101.625,101.485,101.57
2026-10-01 19:37:00+00:00,101.545,101.625,101.54,101.565
2026-10-01 19:38:00+00:00,101.555,101.625,101.495,101.545
2026-10-01 19:39:00+00:00,101.545,101.585,101.53,101.555
2026-10-01 19:40:00+00:00,101.53,101.575,101.52,101.545
2026-10-01 19:41:00+00:00,101.56,101.595,101.5,101.53
2026-10-01 19:42:00+00:00,101.54,101.595,101.5,101.56
2026-10-01 19:43:00+00:00,101.475,101.54,101.47,101.54
2026-10-01 19:44:00+00:00,101.455,101.475,101.435,101.475
2026-10-01 19:45:00+00:00,101.425,101.475,101.42,101.455
2026-10-01 19:46:00+00:00,101.39,101.44,101.375,101.425
2026-10-01 19:47:00+00:00,101.4,101.42,101.21,101.21
2026-10-01 19:48:00+00:00,101.35,101.4,101.34,101.4
2026-10-01 19:49:00+00:00,101.435,101.44,101.35,101.35
2026-10-01 19:50:00+00:00,101.57,101.605,101.415,101.58
2026-10-01 19:51:00+00:00,101.59,101.635,101.53,101.57
2026-10-01 19:52:00+00:00,101.505,101.595,101.505,101.59
2026-10-01 19:53:00+00:00,101.49,101.57,101.48,101.505
2026-10-01 19:54:00+00:00,101.46,101.515,101.39,101.49
2026-10-01 19:55:00+00:00,101.37,101.52,101.315,101.5
2026-10-01 19:56:00+00:00,101.25,101.37,101.19,101.37
2026-10-01 19:57:00+00:00,101.205,101.3,101.16,101.25
2026-10-01 19:58:00+00:00,101.17,101.23,101.11,101.21
2026-10-01 19:59:00+00:00,101.345,101.345,101.165,101.17
2026-10-02 13:30:00+00:00,101.34,101.47,101.34,101.43
2026-10-02 13:31:00+00:00,101.53,101.69,101.23,101.365
2026-10-02 13:32:00+00:00,101.525,101.64,101.47,101.53
2026-10-02 13:33:00+00:00,101.375,101.59,101.345,101.45
2026-10-02 13:34:00+00:00,101.53,101.555,101.35,101.375
2026-10-02 13:35:00+00:00,101.825,101.885,101.53,101.53
2026-10-02 13:36:00+00:00,101.91,101.945,101.67,101.765
2026-10-02 13:37:00+00:00,101.81,101.97,101.79,101.895
2026-10-02 13:38:00+00:00,101.71,101.815,101.69,101.79
2026-10-02 13:39:00+00:00,101.825,101.88,101.665,101.71
2026-10-02 13:40:00+00:00,101.645,101.825,101.61,101.79
2026-10-02 13:41:00+00:00,101.715,101.785,101.59,101.645
2026-10-02 13:42:00+00:00,101.745,101.865,101.665,101.725
2026-10-02 13:43:00+00:00,101.94,101.98,101.7,101.775
2026-10-02 13:44:00+00:00,101.805,101.955,101.78,101.935
2026-10-02 13:45:00+00:00,101.905,101.93,101.705,101.78
2026-10-02 13:46:00+00:00,101.98,102.175,101.905,101.935
2026-10-02 13:47:00+00:00,102.03,102.09,101.94,101.975
2026-10-02 13:48:00+00:00,101.92,102.075,101.82,102.025
2026-10-02 13:49:00+00:00,102.02,102.075,101.84,101.915
2026-10-02 13:50:00+00:00,102.04,102.32,101.985,102.02
2026-10-02 13:51:00+00:00,102.12,102.12,101.95,102.04
2026-10-02 13:52:00+00:00,102.035,102.165,101.975,102.11
2026-10-02 13:53:00+00:00,101.89,102.045,101.845,102.035
2026-10-02 13:54:00+00:00,101.815,101.96,101.805,101.915
2026-10-02 13:55:00+00:00,101.76,101.935,101.73,101.805
2026-10-02 13:56:00+00:00,101.775,101.84,101.655,101.76
2026-10-02 13:57:00+00:00,101.935,101.98,101.735,101.775
2026-10-02 13:58:00+00:00,102.015,102.06,101.91,101.94
2026-10-02 13:59:00+00:00,101.895,101.99,101.86,101.965
2026-10-02 14:00:00+00:00,101.89,101.915,101.73,101.895
2026-10-02 14:01:00+00:00,101.86,101.99,101.8,101.945
2026-10-02 14:02:00+00:00,101.98,102.035,101.83,101.855
2026-10-02 14:03:00+00:00,101.92,102.05,101.885,101.98
2026-10-02 14:04:00+00:00,101.955,102.035,101.89,101.92
2026-10-02 14:05:00+00:00,102.04,102.065,101.95,101.955
2026-10-02 14:06:00+00:00,102.01,102.115,101.995,102.055
2026-10-02 14:07:00+00:00,102.025,102.11,101.995,102.045
2026-10-02 14:08:00+00:00,102.125,102.14,101.995,102.02
2026-10-02 14:09:00+00:00,102.09,102.195,102.035,102.125
2026-10-02 14:10:00+00:00,102.14,102.19,102.08,102.11
2026-10-02 14:11:00+00:00,102.0,102.15,101.985,102.15
2026-10-02 14:12:00+00:00,102.09,102.115,101.99,102.0
2026-10-02 14:13:00+00:00,101.985,102.13,101.975,102.09
2026-10-02 14:14:00+00:00,101.965,102.035,101.95,101.985
2026-10-02 14:15:00+00:00,101.91,102.05,101.865,101.965
2026-10-02 14:16:00+00:00,101.965,102.005,101.84,101.91
2026-10-02 14:17:00+00:00,101.98,102.03,101.92,101.965
2026-10-02 14:18:00+00:00,101.925,102.035,101.885,101.98
2026-10-02 14:19:00+00:00,102.035,102.075,101.905,101.925
2026-10-02 14:20:00+00:00,102.03,102.075,101.97,102.035
2026-10-02 14:21:00+00:00,101.94,102.08,101.94,102.035
2026-10-02 14:22:00+00:00,101.92,102.02,101.89,101.94
2026-10-02 14:23:00+00:00,101.825,101.92,101.775,101.92
2026-10-02 14:24:00+00:00,101.85,102.01,101.805,101.825
2026-10-02 14:25:00+00:00,101.84,101.865,101.81,101.85
2026-10-02 14:26:00+00:00,101.905,101.98,101.815,101.84
2026-10-02 14:27:00+00:00,101.94,102.01,101.905,101.91
2026-10-02 14:28:00+00:00,101.975,102.085,101.93,101.945
2026-10-02 14:29:00+00:00,101.97,102.05,101.96,101.975
2026-10-02 14:30:00+00:00,101.96,102.0,101.9,101.98
2026-10-02 14:31:00+00:00,101.91,102.01,101.895,101.96
2026-10-02 14:32:00+00:00,101.99,102.02,101.895,101.905
2026-10-02 14:33:00+00:00,102.14,102.16,101.97,101.985
2026-10-02 14:34:00+00:00,102.325,102.335,102.1,102.13
2026-10-02 14:35:00+00:00,102.32,102.335,102.26,102.325
2026-10-02 14:36:00+00:00,102.415,102.455,102.29,102.325
2026-10-02 14:37:00+00:00,102.35,102.46,102.275,102.42
2026-10-02 14:38:00+00:00,102.42,102.44,102.275,102.345
2026-10-02 14:39:00+00:00,102.365,102.455,102.275,102.42
2026-10-02 14:40:00+00:00,102.4,102.505,102.36,102.36
2026-10-02 14:41:00+00:00,102.45,102.51,102.35,102.43
2026-10-02 14:42:00+00:00,102.425,102.52,102.385,102.45
2026-10-02 14:43:00+00:00,102.415,102.455,102.35,102.43
2026-10-02 14:44:00+00:00,102.49,102.505,102.385,102.415
2026-10-02 14:45:00+00:00,102.46,102.5,102.4,102.495
2026-10-02 14:46:00+00:00,102.545,102.565,102.46,102.46
2026-10-02 14:47:00+00:00,102.585,102.62,102.515,102.55
2026-10-02 14:48:00+00:00,102.57,102.61,102.525,102.59
2026-10-02 14:49:00+00:00,102.525,102.595,102.515,102.57
2026-10-02 14:50:00+00:00,102.515,102.59,102.505,102.52
2026-10-02 14:51:00+00:00,102.565,102.61,102.485,102.515
2026-10-02 14:52:00+00:00,102.43,102.565,102.42,102.565
2026-10-02 14:53:00+00:00,102.275,102.64,102.255,102.425
2026-10-02 14:54:00+00:00,102.255,102.35,102.25,102.275
2026-10-02 14:55:00+00:00,102.36,102.385,102.245,102.295
2026-10-02 14:56:00+00:00,102.26,102.585,102.22,102.585
2026-10-02 14:57:00+00:00,102.07,102.29,102.06,102.26
2026-10-02 14:58:00+00:00,101.91,102.195,101.91,102.195
2026-10-02 14:59:00+00:00,101.975,102.005,101.94,101.965
2026-10-02 15:00:00+00:00,102.005,102.05,101.91,101.975
2026-10-02 15:01:00+00:00,102.06,102.13,102.0,102.01
2026-10-02 15:02:00+00:00,102.06,102.09,102.03,102.05
2026-10-02 15:03:00+00:00,102.11,102.14,102.04,102.06
2026-10-02 15:04:00+00:00,102.0,102.245,101.99,102.11
2026-10-02 15:05:00+00:00,101.97,102.18,101.965,101.99
2026-10-02 15:06:00+00:00,102.01,102.155,101.935,101.97
2026-10-02 15:07:00+00:00,102.03,102.225,101.98,102.02
2026-10-02 15:08:00+00:00,102.01,102.205,101.995,102.025
2026-10-02 15:09:00+00:00,101.94,102.095,101.9,102.035
2026-10-02 15:10:00+00:00,101.835,101.95,101.78,101.91
2026-10-02 15:11:00+00:00,101.915,101.995,101.805,101.83
2026-10-02 15:12:00+00:00,101.875,102.115,101.82,101.92
2026-10-02 15:13:00+00:00,101.87,101.975,101.8,101.875
2026-10-02 15:14:00+00:00,101.915,101.985,101.85,101.875
2026-10-02 15:15:00+00:00,101.845,102.0,101.805,101.91
2026-10-02 15:16:00+00:00,101.82,101.91,101.78,101.85
2026-10-02 15:17:00+00:00,101.855,101.945,101.77,101.82
2026-10-02 15:18:00+00:00,101.835,101.935,101.795,101.855
2026-10-02 15:19:00+00:00,101.995,102.075,101.835,101.835
2026-10-02 15:20:00+00:00,101.98,102.015,101.94,101.995
2026-10-02 15:21:00+00:00,102.075,102.095,101.98,101.98
2026-10-02 15:22:00+00:00,102.105,102.115,102.06,102.075
2026-10-02 15:23:00+00:00,102.15,102.195,102.085,102.105
2026-10-02 15:24:00+00:00,102.1,102.165,102.05,102.145
2026-10-02 15:25:00+00:00,102.03,102.11,101.985,102.105
2026-10-02 15:26:00+00:00,102.075,102.09,102.005,102.03
2026-10-02 15:27:00+00:00,102.135,102.24,102.065,102.075
2026-10-02 15:28:00+00:00,102.165,102.23,102.12,102.12
2026-10-02 15:29:00+00:00,102.16,102.22,102.125,102.165
2026-10-02 15:30:00+00:00,102.165,102.24,102.1,102.16
2026-10-02 15:31:00+00:00,102.205,102.26,102.09,102.245
2026-10-02 15:32:00+00:00,102.275,102.28,102.175,102.275
2026-10-02 15:33:00+00:00,102.255,102.3,102.2,102.275
2026-10-02 15:34:00+00:00,102.225,102.305,102.175,102.255
2026-10-02 15:35:00+00:00,102.175,102.285,102.125,102.225
2026-10-02 15:36:00+00:00,102.14,102.205,102.085,102.175
2026-10-02 15:37:00+00:00,102.175,102.245,102.14,102.14
2026-10-02 15:38:00+00:00,102.18,102.265,102.085,102.1
2026-10-02 15:39:00+00:00,102.155,102.255,102.09,102.18
2026-10-02 15:40:00+00:00,102.095,102.19,102.08,102.155
2026-10-02 15:41:00+00:00,102.045,102.185,102.01,102.095
2026-10-02 15:42:00+00:00,102.185,102.225,102.01,102.045
2026-10-02 15:43:00+00:00,102.165,102.265,102.16,102.185
2026-10-02 15:44:00+00:00,102.115,102.26,102.11,102.165
2026-10-02 15:45:00+00:00,102.18,102.24,102.12,102.13
2026-10-02 15:46:00+00:00,102.2,102.28,102.13,102.15
2026-10-02 15:47:00+00:00,102.24,102.275,102.155,102.2
2026-10-02 15:48:00+00:00,102.21,102.275,102.15,102.24
2026-10-02 15:49:00+00:00,102.21,102.275,102.16,102.205
2026-10-02 15:50:00+00:00,102.225,102.3,102.165,102.215
2026-10-02 15:51:00+00:00,102.17,102.28,102.105,102.225
2026-10-02 15:52:00+00:00,102.12,102.225,102.07,102.17
2026-10-02 15:53:00+00:00,102.135,102.21,102.07,102.12
2026-10-02 15:54:00+00:00,102.165,102.205,102.14,102.145
2026-10-02 15:55:00+00:00,102.19,102.215,102.135,102.165
2026-10-02 15:56:00+00:00,102.13,102.24,102.13,102.19
2026-10-02 15:57:00+00:00,102.19,102.21,102.12,102.14
2026-10-02 15:58:00+00:00,102.215,102.27,102.165,102.255
2026-10-02 15:59:00+00:00,102.15,102.22,102.035,102.21
2026-10-02 16:00:00+00:00,102.18,102.185,102.09,102.15
2026-10-02 16:01:00+00:00,102.215,102.295,102.175,102.185
2026-10-02 16:02:00+00:00,102.27,102.3,102.175,102.215
2026-10-02 16:03:00+00:00,102.245,102.295,102.23,102.27
2026-10-02 16:04:00+00:00,102.295,102.315,102.235,102.245
2026-10-02 16:05:00+00:00,102.22,102.3,102.2,102.295
2026-10-02 16:06:00+00:00,102.305,102.315,102.215,102.22
2026-10-02 16:07:00+00:00,102.26,102.315,102.255,102.305
2026-10-02 16:08:00+00:00,102.315,102.32,102.245,102.28
2026-10-02 16:09:00+00:00,102.3,102.32,102.255,102.315
2026-10-02 16:10:00+00:00,102.23,102.32,102.2,102.305
2026-10-02 16:11:00+00:00,102.2,102.285,102.155,102.235
2026-10-02 16:12:00+00:00,102.21,102.275,102.145,102.2
2026-10-02 16:13:00+00:00,102.26,102.295,102.205,102.21
2026-10-02 16:14:00+00:00,102.25,102.29,102.22,102.27
2026-10-02 16:15:00+00:00,102.265,102.275,102.16,102.25
2026-10-02 16:16:00+00:00,102.195,102.27,102.15,102.27
2026-10-02 16:17:00+00:00,102.205,102.29,102.185,102.2
2026-10-02 16:18:00+00:00,102.195,102.275,102.19,102.205
2026-10-02 16:19:00+00:00,102.195,102.22,102.18,102.195
2026-10-02 16:20:00+00:00,102.19,102.26,102.185,102.26
2026-10-02 16:21:00+00:00,102.195,102.27,102.18,102.19
2026-10-02 16:22:00+00:00,102.22,102.27,102.14,102.195
2026-10-02 16:23:00+00:00,102.2,102.285,102.185,102.22
2026-10-02 16:24:00+00:00,102.205,102.285,102.18,102.2
2026-10-02 16:25:00+00:00,102.19,102.275,102.18,102.2
2026-10-02 16:26:00+00:00,102.155,102.25,102.14,102.19
2026-10-02 16:27:00+00:00,102.185,102.235,102.13,102.155
2026-10-02 16:28:00+00:00,102.195,102.225,102.15,102.19
2026-10-02 16:29:00+00:00,102.145,102.24,102.135,102.195
2026-10-02 16:30:00+00:00,102.165,102.225,102.135,102.145
2026-10-02 16:31:00+00:00,102.185,102.195,102.145,102.16
2026-10-02 16:32:00+00:00,102.23,102.295,102.185,102.19
2026-10-02 16:33:00+00:00,102.285,102.33,102.2,102.315
2026-10-02 16:34:00+00:00,102.205,102.295,102.185,102.285
2026-10-02 16:35:00+00:00,102.215,102.25,102.185,102.205
2026-10-02 16:36:00+00:00,102.215,102.225,102.18,102.21
2026-10-02 16:37:00+00:00,102.195,102.22,102.175,102.22
2026-10-02 16:38:00+00:00,102.245,102.31,102.185,102.195
2026-10-02 16:39:00+00:00,102.295,102.355,102.22,102.245
2026-10-02 16:40:00+00:00,102.265,102.37,102.255,102.295
2026-10-02 16:41:00+00:00,102.25,102.345,102.25,102.27
2026-10-02 16:42:00+00:00,102.26,102.265,102.22,102.255
2026-10-02 16:43:00+00:00,102.27,102.29,102.25,102.26
2026-10-02 16:44:00+00:00,102.32,102.375,102.27,102.275
2026-10-02 16:45:00+00:00,102.33,102.385,102.29,102.32
2026-10-02 16:46:00+00:00,102.315,102.395,102.315,102.325
2026-10-02 16:47:00+00:00,102.355,102.385,102.295,102.32
2026-10-02 16:48:00+00:00,102.34,102.38,102.29,102.355
2026-10-02 16:49:00+00:00,102.35,102.385,102.31,102.34
2026-10-02 16:50:00+00:00,102.39,102.41,102.33,102.35
2026-10-02 16:51:00+00:00,102.405,102.42,102.355,102.39
2026-10-02 16:52:00+00:00,102.38,102.455,102.345,102.405
2026-10-02 16:53:00+00:00,102.42,102.465,102.33,102.375
2026-10-02 16:54:00+00:00,102.435,102.475,102.395,102.42
2026-10-02 16:55:00+00:00,102.44,102.475,102.425,102.435
2026-10-02 16:56:00+00:00,102.44,102.475,102.41,102.44
2026-10-02 16:57:00+00:00,102.405,102.475,102.405,102.44
2026-10-02 16:58:00+00:00,102.42,102.47,102.395,102.42
2026-10-02 16:59:00+00:00,102.455,102.465,102.41,102.42
2026-10-02 17:00:00+00:00,102.49,102.5,102.43,102.465
2026-10-02 17:01:00+00:00,102.47,102.5,102.465,102.49
2026-10-02 17:02:00+00:00,102.51,102.565,102.465,102.47
2026-10-02 17:03:00+00:00,102.5,102.585,102.47,102.51
2026-10-02 17:04:00+00:00,102.37,102.545,102.36,102.495
2026-10-02 17:05:00+00:00,102.425,102.515,102.395,102.51
2026-10-02 17:06:00+00:00,102.42,102.505,102.385,102.43
2026-10-02 17:07:00+00:00,102.425,102.46,102.39,102.425
2026-10-02 17:08:00+00:00,102.425,102.465,102.395,102.425
2026-10-02 17:09:00+00:00,102.49,102.53,102.405,102.43
2026-10-02 17:10:00+00:00,102.49,102.53,102.425,102.49
2026-10-02 17:11:00+00:00,102.41,102.5,102.41,102.5
2026-10-02 17:12:00+00:00,102.425,102.475,102.365,102.41
2026-10-02 17:13:00+00:00,102.47,102.555,102.42,102.43
2026-10-02 17:14:00+00:00,102.425,102.49,102.335,102.47
2026-10-02 17:15:00+00:00,102.425,102.49,102.395,102.425
2026-10-02 17:16:00+00:00,102.49,102.535,102.405,102.43
2026-10-02 17:17:00+00:00,102.515,102.515,102.48,102.485
2026-10-02 17:18:00+00:00,102.525,102.565,102.465,102.515
2026-10-02 17:19:00+00:00,102.535,102.6,102.48,102.52
2026-10-02 17:20:00+00:00,102.525,102.6,102.505,102.535
2026-10-02 17:21:00+00:00,102.505,102.58,102.465,102.525
2026-10-02 17:22:00+00:00,102.56,102.615,102.47,102.505
2026-10-02 17:23:00+00:00,102.5,102.61,102.495,102.56
2026-10-02 17:24:00+00:00,102.53,102.605,102.46,102.5
2026-10-02 17:25:00+00:00,102.56,102.595,102.48,102.525
2026-10-02 17:26:00+00:00,102.52,102.61,102.48,102.56
2026-10-02 17:27:00+00:00,102.485,102.6,102.46,102.59
2026-10-02 17:28:00+00:00,102.475,102.52,102.455,102.485
2026-10-02 17:29:00+00:00,102.465,102.495,102.395,102.475
2026-10-02 17:30:00+00:00,102.465,102.51,102.425,102.465
2026-10-02 17:31:00+00:00,102.5,102.515,102.465,102.465
2026-10-02 17:32:00+00:00,102.535,102.545,102.47,102.5
2026-10-02 17:33:00+00:00,102.54,102.575,102.5,102.535
2026-10-02 17:34:00+00:00,102.505,102.575,102.5,102.54
2026-10-02 17:35:00+00:00,102.5,102.545,102.49,102.5
2026-10-02 17:36:00+00:00,102.48,102.55,102.475,102.485
2026-10-02 17:37:00+00:00,102.475,102.56,102.425,102.545
2026-10-02 17:38:00+00:00,102.495,102.52,102.47,102.475
2026-10-02 17:39:00+00:00,102.47,102.51,102.42,102.49
2026-10-02 17:40:00+00:00,102.49,102.545,102.45,102.47
2026-10-02 17:41:00+00:00,102.41,102.49,102.405,102.49
2026-10-02 17:42:00+00:00,102.44,102.5,102.41,102.41
2026-10-02 17:43:00+00:00,102.465,102.505,102.425,102.435
2026-10-02 17:44:00+00:00,102.455,102.51,102.445,102.465
2026-10-02 17:45:00+00:00,102.445,102.515,102.425,102.455
2026-10-02 17:46:00+00:00,102.47,102.51,102.41,102.43
2026-10-02 17:47:00+00:00,102.455,102.515,102.45,102.47
2026-10-02 17:48:00+00:00,102.44,102.45,102.435,102.45
2026-10-02 17:49:00+00:00,102.38,102.44,102.37,102.44
2026-10-02 17:50:00+00:00,102.385,102.405,102.245,102.4
2026-10-02 17:51:00+00:00,102.395,102.52,102.36,102.48
2026-10-02 17:52:00+00:00,102.41,102.47,102.355,102.395
2026-10-02 17:53:00+00:00,102.38,102.465,102.375,102.415
2026-10-02 17:54:00+00:00,102.37,102.455,102.35,102.41
2026-10-02 17:55:00+00:00,102.365,102.38,102.335,102.37
2026-10-02 17:56:00+00:00,102.375,102.38,102.335,102.365
2026-10-02 17:57:00+00:00,102.345,102.38,102.335,102.375
2026-10-02 17:58:00+00:00,102.375,102.385,102.33,102.35
2026-10-02 17:59:00+00:00,102.39,102.405,102.34,102.365
2026-10-02 18:00:00+00:00,102.38,102.405,102.335,102.36
2026-10-02 18:01:00+00:00,102.38,102.4,102.335,102.38
2026-10-02 18:02:00+00:00,102.34,102.395,102.32,102.38
2026-10-02 18:03:00+00:00,102.275,102.38,102.23,102.34
2026-10-02 18:04:00+00:00,102.3,102.34,102.23,102.275
2026-10-02 18:05:00+00:00,102.275,102.32,102.235,102.3
2026-10-02 18:06:00+00:00,102.28,102.315,102.225,102.275
2026-10-02 18:07:00+00:00,102.29,102.325,102.275,102.31
2026-10-02 18:08:00+00:00,102.29,102.32,102.24,102.29
2026-10-02 18:09:00+00:00,102.32,102.33,102.235,102.3
2026-10-02 18:10:00+00:00,102.28,102.32,102.235,102.32
2026-10-02 18:11:00+00:00,102.265,102.305,102.225,102.275
2026-10-02 18:12:00+00:00,102.295,102.305,102.23,102.265
2026-10-02 18:13:00+00:00,102.31,102.325,102.275,102.295
2026-10-02 18:14:00+00:00,102.34,102.35,102.28,102.31
2026-10-02 18:15:00+00:00,102.36,102.37,102.32,102.34
2026-10-02 18:16:00+00:00,102.35,102.37,102.33,102.36
2026-10-02 18:17:00+00:00,102.34,102.41,102.32,102.35
2026-10-02 18:18:00+00:00,102.275,102.345,102.225,102.34
2026-10-02 18:19:00+00:00,102.32,102.325,102.235,102.275
2026-10-02 18:20:00+00:00,102.225,102.32,102.205,102.305
2026-10-02 18:21:00+00:00,102.2,102.245,102.19,102.225
2026-10-02 18:22:00+00:00,102.16,102.2,102.13,102.2
2026-10-02 18:23:00+00:00,102.095,102.19,102.085,102.16
2026-10-02 18:24:00+00:00,102.055,102.115,102.03,102.09
2026-10-02 18:25:00+00:00,102.045,102.1,102.015,102.055
2026-10-02 18:26:00+00:00,101.99,102.05,101.98,102.05
2026-10-02 18:27:00+00:00,102.02,102.02,101.96,101.99
2026-10-02 18:28:00+00:00,102.075,102.09,102.005,102.02
2026-10-02 18:29:00+00:00,102.02,102.085,102.02,102.045
2026-10-02 18:30:00+00:00,102.09,102.165,102.02,102.04
2026-10-02 18:31:00+00:00,102.095,102.155,102.075,102.085
2026-10-02 18:32:00+00:00,102.205,102.21,102.09,102.125
2026-10-02 18:33:00+00:00,102.22,102.23,102.185,102.2
2026-10-02 18:34:00+00:00,102.225,102.25,102.195,102.23
2026-10-02 18:35:00+00:00,102.22,102.295,102.19,102.2
2026-10-02 18:36:00+00:00,102.27,102.3,102.215,102.215
2026-10-02 18:37:00+00:00,102.25,102.31,102.235,102.29
2026-10-02 18:38:00+00:00,102.24,102.31,102.22,102.235
2026-10-02 18:39:00+00:00,102.3,102.345,102.24,102.27
2026-10-02 18:40:00+00:00,102.35,102.4,102.295,102.3
2026-10-02 18:41:00+00:00,102.36,102.415,102.31,102.35
2026-10-02 18:42:00+00:00,102.345,102.37,102.335,102.35
2026-10-02 18:43:00+00:00,102.34,102.395,102.33,102.35
2026-10-02 18:44:00+00:00,102.37,102.41,102.345,102.345
2026-10-02 18:45:00+00:00,102.39,102.445,102.365,102.37
2026-10-02 18:46:00+00:00,102.375,102.445,102.375,102.41
2026-10-02 18:47:00+00:00,102.41,102.43,102.35,102.375
2026-10-02 18:48:00+00:00,102.385,102.435,102.37,102.43
2026-10-02 18:49:00+00:00,102.385,102.43,102.325,102.385
2026-10-02 18:50:00+00:00,102.41,102.435,102.33,102.385
2026-10-02 18:51:00+00:00,102.38,102.435,102.335,102.435
2026-10-02 18:52:00+00:00,102.395,102.425,102.31,102.38
2026-10-02 18:53:00+00:00,102.4,102.435,102.385,102.395
2026-10-02 18:54:00+00:00,102.37,102.405,102.365,102.4
2026-10-02 18:55:00+00:00,102.335,102.375,102.325,102.37
2026-10-02 18:56:00+00:00,102.345,102.36,102.325,102.33
2026-10-02 18:57:00+00:00,102.335,102.36,102.33,102.345
2026-10-02 18:58:00+00:00,102.355,102.36,102.33,102.345
2026-10-02 18:59:00+00:00,102.345,102.4,102.29,102.355
2026-10-02 19:00:00+00:00,102.29,102.37,102.255,102.365
2026-10-02 19:01:00+00:00,102.305,102.33,102.285,102.29
2026-10-02 19:02:00+00:00,102.32,102.33,102.3,102.305
2026-10-02 19:03:00+00:00,102.3,102.33,102.265,102.32
2026-10-02 19:04:00+00:00,102.32,102.335,102.295,102.3
2026-10-02 19:05:00+00:00,102.32,102.34,102.29,102.33
2026-10-02 19:06:00+00:00,102.28,102.33,102.275,102.32
2026-10-02 19:07:00+00:00,102.245,102.3,102.245,102.285
2026-10-02 19:08:00+00:00,102.24,102.275,102.235,102.25
2026-10-02 19:09:00+00:00,102.22,102.26,102.215,102.235
2026-10-02 19:10:00+00:00,102.23,102.255,102.2,102.22
2026-10-02 19:11:00+00:00,102.2,102.23,102.15,102.23
2026-10-02 19:12:00+00:00,102.215,102.23,102.2,102.21
2026-10-02 19:13:00+00:00,102.215,102.225,102.155,102.22
2026-10-02 19:14:00+00:00,102.2,102.225,102.165,102.22
2026-10-02 19:15:00+00:00,102.18,102.205,102.125,102.205
2026-10-02 19:16:00+00:00,102.2,102.25,102.125,102.125
2026-10-02 19:17:00+00:00,102.255,102.26,102.13,102.13
2026-10-02 19:18:00+00:00,102.285,102.29,102.215,102.26
2026-10-02 19:19:00+00:00,102.235,102.29,102.235,102.285
2026-10-02 19:20:00+00:00,102.295,102.33,102.235,102.24
2026-10-02 19:21:00+00:00,102.38,102.395,102.255,102.295
2026-10-02 19:22:00+00:00,102.405,102.435,102.325,102.38
2026-10-02 19:23:00+00:00,102.43,102.44,102.39,102.405
2026-10-02 19:24:00+00:00,102.39,102.515,102.39,102.39
2026-10-02 19:25:00+00:00,102.41,102.475,102.365,102.455
2026-10-02 19:26:00+00:00,102.345,102.435,102.335,102.41
2026-10-02 19:27:00+00:00,102.415,102.43,102.345,102.365
2026-10-02 19:28:00+00:00,102.425,102.505,102.42,102.43
2026-10-02 19:29:00+00:00,102.4,102.44,102.385,102.425
2026-10-02 19:30:00+00:00,102.39,102.44,102.355,102.395
2026-10-02 19:31:00+00:00,102.365,102.42,102.33,102.39
2026-10-02 19:32:00+00:00,102.325,102.375,102.32,102.365
2026-10-02 19:33:00+00:00,102.29,102.34,102.275,102.325
2026-10-02 19:34:00+00:00,102.32,102.34,102.25,102.29
2026-10-02 19:35:00+00:00,102.345,102.365,102.29,102.33
2026-10-02 19:36:00+00:00,102.29,102.4,102.27,102.35
2026-10-02 19:37:00+00:00,102.24,102.305,102.23,102.285
2026-10-02 19:38:00+00:00,102.265,102.3,102.225,102.265
2026-10-02 19:39:00+00:00,102.27,102.29,102.225,102.265
2026-10-02 19:40:00+00:00,102.27,102.335,102.225,102.29
2026-10-02 19:41:00+00:00,102.22,102.285,102.22,102.27
2026-10-02 19:42:00+00:00,102.23,102.27,102.22,102.245
2026-10-02 19:43:00+00:00,102.26,102.28,102.225,102.23
2026-10-02 19:44:00+00:00,102.26,102.29,102.225,102.27
2026-10-02 19:45:00+00:00,102.25,102.325,102.225,102.26
2026-10-02 19:46:00+00:00,102.25,102.28,102.22,102.25
2026-10-02 19:47:00+00:00,102.23,102.29,102.215,102.26
2026-10-02 19:48:00+00:00,102.195,102.24,102.19,102.23
2026-10-02 19:49:00+00:00,102.2,102.23,102.185,102.195
2026-10-02 19:50:00+00:00,102.22,102.25,102.16,102.23
2026-10-02 19:51:00+00:00,102.27,102.29,102.215,102.215
2026-10-02 19:52:00+00:00,102.23,102.29,102.215,102.27
2026-10-02 19:53:00+00:00,102.295,102.32,102.23,102.23
2026-10-02 19:54:00+00:00,102.24,102.355,102.23,102.305
2026-10-02 19:55:00+00:00,102.26,102.29,102.205,102.25
2026-10-02 19:56:00+00:00,102.26,102.31,102.25,102.26
2026-10-02 19:57:00+00:00,102.18,102.265,102.16,102.26
2026-10-02 19:58:00+00:00,102.165,102.255,102.135,102.175
2026-10-02 19:59:00+00:00,102.2,102.22,102.14,102.17
