date,Open,High,Low,Close,Volume,volumenotional,tradesdone
2024-04-09 00:00:00+00:00,3694.6121599954395,3726.4056257917287,3451.1624726437685,3504.732524100749,137648.21817457,482420187.1209313,394170.0
2024-04-10 00:00:00+00:00,3504.3306973739823,3562.5925537545977,3412.248912465994,3545.937826332064,106466.71452743,377524350.2881115,343823.0
2024-04-11 00:00:00+00:00,3545.9896427553845,3617.880282203109,3473.8695436544763,3503.2091953305985,88049.31754416,308455178.8632851,299722.0
2024-04-12 00:00:00+00:00,3503.5373974010417,3553.0984825069913,3088.154716037363,3239.183527499946,202523.21813183004,656009872.1089023,501978.0
2024-04-13 00:00:00+00:00,3238.779045757166,3302.0993898943148,2823.8802931961072,3011.5652020026155,303104.47081912,912818876.890279,711948.0
2024-04-14 00:00:00+00:00,3011.670888738938,3175.708125144266,2911.1987759932126,3158.150465336833,193009.76895035,609553891.6251024,445531.0
2024-04-15 00:00:00+00:00,3158.15019094705,3280.794633570718,3025.6170332154984,3103.177767927034,163196.48027858,506427689.4044321,388139.0
2024-04-16 00:00:00+00:00,3102.9258577730798,3128.207068320351,2989.8971261375314,3085.2525504350497,137275.22560024,423528739.8946873,355695.0
2024-04-17 00:00:00+00:00,3085.2695088269675,3123.924788632577,2914.3594640996394,2985.2412642895097,150646.83586735997,449717150.7658919,346694.0
2024-04-18 00:00:00+00:00,2984.561829352509,3099.370421246488,2953.4898378008475,3065.8151358168047,123798.44678241,379543151.9361238,293554.0
2024-04-19 00:00:00+00:00,3065.5767027305983,3128.5220071238273,2865.933568210357,3058.1363955129345,150760.60208870002,461046484.25689685,378854.0
2024-04-20 00:00:00+00:00,3058.033607385447,3172.174192869794,3019.4658688219106,3157.1965971451054,49551.19012551001,156442848.84875035,223063.0
2024-04-21 00:00:00+00:00,3156.789466083641,3198.250080588936,3117.82713588286,3148.158298490274,44131.356488339996,138932496.15240014,197492.0
2024-04-22 00:00:00+00:00,3148.1810371507113,3237.243838851916,3129.8695011202362,3201.6302962310456,82501.98411413,264140851.83897105,255599.0
2024-04-23 00:00:00+00:00,3201.7374142883964,3266.046888302094,3153.6426704447854,3219.7454110436493,87258.05629786,280948726.3416231,238026.0
2024-04-24 00:00:00+00:00,3219.596225316684,3293.3501670358437,3103.396827284602,3139.0410109855984,109934.13543185999,345087759.62785345,282154.0
2024-04-25 00:00:00+00:00,3139.1673194727523,3191.8530162944808,3072.1568120762663,3155.501110211263,111528.34120136,351927804.480912,279876.0
2024-04-26 00:00:00+00:00,3155.44786658549,3166.7149329651984,3101.126302422434,3130.205350511838,80821.99433062,252989439.09274414,246416.0
2024-04-27 00:00:00+00:00,3130.3523919269246,3281.909455191999,3067.6612076220354,3253.2453359426304,74533.61324487001,242476129.6598252,215449.0
2024-04-28 00:00:00+00:00,3253.6754655545674,3356.459913199414,3241.2653305007366,3262.696777754326,77699.98561064,253511492.6833926,230266.0
2024-04-29 00:00:00+00:00,3262.9766030963033,3287.0771905246793,3115.0046917579098,3215.69674916428,97904.23354184999,314830325.52994746,270150.0
2024-04-30 00:00:00+00:00,3215.9979986198186,3249.7690450173286,2916.742957600838,3011.804537738994,146391.0324855,440901175.9241254,331615.0
2024-05-01 00:00:00+00:00,3012.372386801095,3021.1066133402655,2815.334302202884,2969.659247313325,192999.2267829,573141938.5401605,412770.0
2024-05-02 00:00:00+00:00,2968.7213860920665,3016.2203035268003,2891.1847839153806,2987.052934899408,90944.87251560001,271657148.3617755,269627.0
2024-05-03 00:00:00+00:00,2986.975357583772,3128.287099497848,2958.841464391593,3103.6695485740793,109941.40594386999,341221793.75541055,248591.0
2024-05-04 00:00:00+00:00,3104.243486226596,3167.6343570933136,3094.2420267970138,3117.5072049088667,43901.26009334,136862494.64556557,198364.0
2024-05-05 00:00:00+00:00,3117.8639602199087,3171.761662742524,3074.2346963224736,3137.438804601561,45406.88506209,142461323.18988413,184189.0
2024-05-06 00:00:00+00:00,3137.998365864545,3221.6653347273755,3046.417806720369,3063.5152805341513,102297.07729773002,313388659.45557916,257438.0
2024-05-07 00:00:00+00:00,3062.8568589787046,3129.8298889962516,3000.3021547789062,3005.761994355062,71972.29545045,216331590.31145635,221210.0
2024-05-08 00:00:00+00:00,3006.4540805253555,3038.3699818481696,2937.946091565912,2973.6107958425755,73810.90438914,219484902.14245087,211788.0
2024-05-09 00:00:00+00:00,2973.43132181479,3058.6570584120723,2950.1164190902177,3036.226240780882,71746.37068722,217838213.36132964,212898.0
2024-05-10 00:00:00+00:00,3037.1981494018282,3054.328922153872,2879.3432030322188,2909.6473005569583,109645.86520649001,319030795.7152958,256416.0
2024-05-11 00:00:00+00:00,2909.451071147532,2943.8376080656813,2886.2367005443493,2912.0764532581707,32503.156102790002,94651675.54350938,144913.0
2024-05-12 00:00:00+00:00,2911.819088955088,2954.255117842293,2900.8924107975076,2928.2455536402276,29587.603733710002,86639769.07610531,126972.0
2024-05-13 00:00:00+00:00,2928.141053593819,2994.776452315667,2864.705803579576,2950.186715204155,102529.07699276,302479920.86618453,226743.0
2024-05-14 00:00:00+00:00,2950.0234275286903,2984.5057390771894,2859.1726135637214,2880.6155790356943,96733.05148265001,278650735.1085835,227232.0
2024-05-15 00:00:00+00:00,2880.78544159315,3041.5590389499407,2862.7780938808587,3033.5826039605035,117791.66035885,357330731.7562314,283343.0
2024-05-16 00:00:00+00:00,3033.40443287785,3041.6806106500176,2924.088892091403,2945.245060955553,96137.34337001001,283148035.7339101,230344.0
2024-05-17 00:00:00+00:00,2944.967589428125,3121.9184889048106,2933.0632289346704,3093.5973756174376,98791.13678651,305620001.49701065,228891.0
2024-05-18 00:00:00+00:00,3093.2501808698826,3147.842059949003,3085.435195221095,3123.9038061360725,40952.32725531999,127931130.98302415,168965.0
2024-05-19 00:00:00+00:00,3123.8296276604165,3137.4216399954917,3054.143593916683,3071.0656805323983,42166.44948886,129495935.89514084,162470.0
2024-05-20 00:00:00+00:00,3071.144988498507,3694.292949648527,3049.057836329695,3661.38883393587,352424.46248137,1290362991.7351391,581395.0
2024-05-21 00:00:00+00:00,3661.7379132301726,3840.3851727546817,3625.7593798705816,3789.3975035693406,330785.02785211,1253475958.7609005,636000.0
2024-05-22 00:00:00+00:00,3789.3815973347746,3812.7359648572756,3653.487731307985,3736.2083056148695,185385.41428649,692638524.5970374,433140.0
2024-05-23 00:00:00+00:00,3736.8459693055765,3946.2753782366535,3522.8676520607028,3781.269168717046,389512.18841706,1472850428.9009337,722823.0
2024-05-24 00:00:00+00:00,3780.940233332911,3828.02291086659,3628.12281482445,3727.208526780169,138586.31229112,516540084.86648184,392820.0
2024-05-25 00:00:00+00:00,3727.0764669242203,3777.7119611009653,3707.7793763222517,3749.182288906293,39623.22539677,148554694.8869121,209007.0
2024-05-26 00:00:00+00:00,3749.648814555766,3882.623880152728,3731.872546300689,3824.4556174383742,76743.33537213999,293501480.0649379,271586.0
2024-05-27 00:00:00+00:00,3824.2865580823786,3974.1137407115198,3822.1165511773675,3891.683192194017,100696.44276629,391878653.82729757,340350.0
2024-05-28 00:00:00+00:00,3891.079352764131,3926.5903917767155,3769.9550428995562,3840.3965798628924,119236.80823523,457916630.54034483,311291.0
2024-05-29 00:00:00+00:00,3840.462217270686,3883.808131516923,3740.979487328707,3762.289013389929,127422.49469037,479400251.8323156,332875.0
2024-05-30 00:00:00+00:00,3762.503773736472,3823.94174977366,3700.764008911133,3746.8114204157932,110718.41742003,414841030.83973134,276598.0
2024-05-31 00:00:00+00:00,3746.8183611513477,3845.616993408457,3720.9760052488105,3758.9907800632445,104848.24397237001,394123582.3979605,276938.0
2024-06-01 00:00:00+00:00,3758.7522809955053,3829.9797391108104,3748.572972454684,3812.6516627567207,38088.13009509,145216772.53833917,169065.0
2024-06-02 00:00:00+00:00,3812.688136166117,3835.0742726814074,3750.7920205672335,3779.019509500943,50060.78564506,189180685.6136265,182547.0
2024-06-03 00:00:00+00:00,3778.950439939912,3850.021638376796,3757.6910757510605,3766.144362845265,78100.86357455,294139127.0846386,221180.0
2024-06-04 00:00:00+00:00,3766.2534675072,3832.3423001448855,3730.506378329999,3810.840801905628,73457.76285325,279935839.8978726,264750.0
2024-06-05 00:00:00+00:00,3810.5201629886324,3888.313499804148,3777.617447517876,3866.34702077795,83371.25261701999,322342194.1743411,295733.0
2024-06-06 00:00:00+00:00,3866.1581325260026,3878.9217410299652,3758.505682038677,3812.1859990596017,64664.9966052,246514994.6875801,251986.0
2024-06-07 00:00:00+00:00,3812.086739424744,3839.654969905757,3576.2893513683534,3676.6867735023434,134969.13491267,496239233.16446716,386270.0
2024-06-08 00:00:00+00:00,3676.1813419692885,3707.566080442802,3658.2835469081947,3680.817074470489,33299.806740839995,122570497.22825134,185039.0
2024-06-09 00:00:00+00:00,3680.87667279312,3721.083396687126,3666.3019247997213,3705.7893383523756,23493.04709355,87060283.44468786,149832.0
2024-06-10 00:00:00+00:00,3706.3893725359326,3712.473206743645,3643.0930547126645,3665.834327847616,52234.73463559,191483883.33315665,208312.0
2024-06-11 00:00:00+00:00,3665.846967097171,3671.2737647061745,3392.0526970741157,3497.474729853785,176453.49950215,617141655.503037,389786.0
2024-06-12 00:00:00+00:00,3497.298779572491,3656.811965132658,3461.8664567896312,3559.1703692245114,120126.51050085001,427550716.7329625,356665.0
2024-06-13 00:00:00+00:00,3559.12346537084,3560.5185167138357,3426.2212597007974,3467.780886843456,124884.04683143001,433070510.67369604,346444.0
2024-06-14 00:00:00+00:00,3468.058934753486,3529.7866679546064,3360.953863522979,3479.610108512464,119932.52152303001,417318414.2309239,316985.0
2024-06-15 00:00:00+00:00,3479.6325799142505,3591.8665992419697,3471.2367130408684,3566.573335899233,66243.27725313,236261506.33359364,241262.0
2024-06-16 00:00:00+00:00,3566.690669887031,3651.2386037497163,3539.0555765010504,3622.073262863527,56017.68237055,202900149.5619507,219152.0
2024-06-17 00:00:00+00:00,3622.5435066942605,3639.3595297582033,3463.5899088393303,3509.872155664205,134998.88456642,473828825.9854037,316521.0
2024-06-18 00:00:00+00:00,3510.0398013895183,3515.778072757658,3351.403891676513,3482.283499748957,151469.17537611,527458610.1328089,380958.0
2024-06-19 00:00:00+00:00,3482.1963968392183,3585.8231991089233,3464.720966565133,3559.084019769792,120773.45885782002,429842887.43319166,331020.0
2024-06-20 00:00:00+00:00,3558.958015674329,3624.1800842411053,3483.740636453045,3510.965576702839,123842.21399445999,434805750.2772156,310770.0
2024-06-21 00:00:00+00:00,3511.0250665762833,3546.0131317584855,3444.9863176412455,3517.312075042151,117365.67870073,412811718.889595,322153.0
2024-06-22 00:00:00+00:00,3517.3802392312923,3520.0842408063054,3474.0716406520382,3494.2766463770163,33364.39720688,116584433.98044734,152166.0
2024-06-23 00:00:00+00:00,3494.437296115396,3519.860584532723,3405.457621069106,3418.714488746423,51455.755444730006,175912536.6682911,184349.0
2024-06-24 00:00:00+00:00,3418.5855803686527,3432.4888547256587,3233.459786002026,3350.744961462512,200927.84444770997,673257962.4006876,424757.0
2024-06-25 00:00:00+00:00,3350.7212104531777,3430.2706944360666,3335.035638961392,3393.8543706359833,122730.62217354,416529858.47454226,277800.0
2024-06-26 00:00:00+00:00,3393.853149639718,3425.495054594131,3323.552022241322,3369.506065098463,96380.35464199999,324754189.52255976,244969.0
2024-06-27 00:00:00+00:00,3369.8036839909473,3474.6704657234063,3359.5728328887185,3445.6527027299257,100241.86583665,345398655.94674367,255913.0
2024-06-28 00:00:00+00:00,3445.6683763140168,3484.738401305844,3360.3348924394218,3373.7611015097714,115009.58459024,388014862.79134935,269272.0
2024-06-29 00:00:00+00:00,3374.052339369703,3403.1037322475736,3366.5619175259067,3373.4035148070157,26521.47704902,89467643.89503767,139758.0
2024-06-30 00:00:00+00:00,3373.503164195083,3454.1339015180397,3347.683016089776,3432.5748606414886,37878.767559570006,130021705.27706236,155807.0
2024-07-01 00:00:00+00:00,3432.6693757266826,3518.618238104027,3421.0649821985517,3438.9420600190974,76041.83300822,261503457.85291627,228300.0
2024-07-02 00:00:00+00:00,3438.783924013175,3460.618898468957,3397.1537999385655,3416.4458399390774,50605.15874544,172889784.07531512,180417.0
2024-07-03 00:00:00+00:00,3416.6256974128796,3427.2984761607254,3248.569597829316,3292.2019840106846,103639.46845758999,341202063.67789054,289413.0
2024-07-04 00:00:00+00:00,3292.3903206109335,3309.827641865707,3050.465691587358,3058.895981250401,148853.6780667,455327917.63256955,329238.0
2024-07-05 00:00:00+00:00,3059.0741827050606,3108.598998783483,2809.7972226672123,2982.1631321606988,293274.67240382003,874592915.6391788,556428.0
2024-07-06 00:00:00+00:00,2981.9954582815117,3082.0556125744474,2956.1459991287907,3067.656690546723,62381.82261222001,191366015.50487554,204053.0
2024-07-07 00:00:00+00:00,3067.4092453882963,3074.1526169197896,2922.6855155016283,2931.984298912662,55870.26415864,163810737.28923532,161616.0
2024-07-08 00:00:00+00:00,2930.9762079014304,3095.860406980565,2823.103043786054,3018.618743641975,160728.95206356,485179427.34499466,385005.0
2024-07-09 00:00:00+00:00,3018.883947998176,3113.510752280732,3004.173243329307,3066.810531358535,77085.86529719,236407743.51230773,252798.0
2024-07-10 00:00:00+00:00,3066.4600533943517,3150.7222176035707,3024.216847192959,3100.71644040065,79175.87601011002,245501940.42767155,269680.0
2024-07-11 00:00:00+00:00,3100.587847351506,3219.7146427060957,3055.262206093439,3099.3749346243694,91143.61520233,282488236.4091502,311194.0
2024-07-12 00:00:00+00:00,3099.868310919956,3158.3642783615933,3046.4332843558427,3135.2244541026203,59956.21340944,187976186.45667174,253016.0
2024-07-13 00:00:00+00:00,3135.2377186115923,3203.1469320057754,3114.5742815326316,3177.015165554809,31249.236050710002,99279296.84510773,178981.0
2024-07-14 00:00:00+00:00,3177.111928675485,3269.999032455189,3165.059298769102,3246.427866027533,46490.853272880006,150929201.580475,196504.0
2024-07-15 00:00:00+00:00,3246.5010668265954,3495.846791149181,3234.278823726774,3486.283378371462,131450.32144699,458273070.74222696,365696.0
2024-07-16 00:00:00+00:00,3485.748509453681,3499.895758280929,3348.4363159465597,3446.355913530546,106132.66052252,365770922.21051675,340629.0
2024-07-17 00:00:00+00:00,3446.629289199139,3518.2535150693893,3377.111672821633,3387.5940236992674,80378.0906092,272288339.3840841,361385.0
2024-07-18 00:00:00+00:00,3387.186188447767,3489.8767875915028,3367.8882716469543,3425.7013890111793,72647.64400950001,248869134.99173388,302089.0
2024-07-19 00:00:00+00:00,3425.670249946212,3541.8429561032312,3376.3260674297812,3505.849576884784,99629.21886199,349285054.7926692,347019.0
2024-07-20 00:00:00+00:00,3506.0294122497185,3540.77852112246,3482.2938794603047,3519.364915742935,34516.10753062,121474777.87127455,200730.0
2024-07-21 00:00:00+00:00,3519.2446811704413,3547.5815884070003,3413.3585721807153,3536.3993204478807,49053.334304710006,173472178.1008792,232755.0
2024-07-22 00:00:00+00:00,3536.3566046128917,3563.0049213798493,3424.4402767774636,3441.155602696369,65534.704560700004,225515115.7701041,273324.0
2024-07-23 00:00:00+00:00,3441.0681542246766,3541.015920855124,3390.494892780748,3482.938389249227,162971.85319343998,567620923.8545213,405626.0
2024-07-24 00:00:00+00:00,3483.1245794015654,3488.4898361010387,3300.3624054361267,3335.453186338005,142972.11694033002,476876803.0061136,334500.0
2024-07-25 00:00:00+00:00,3335.2482829290857,3342.1020741404254,3086.533104729273,3174.4307222275065,234024.98570472997,742896104.3899479,504247.0
2024-07-26 00:00:00+00:00,3174.405353728116,3286.728827775092,3170.1881274305565,3275.320122093299,111245.74728509999,364365434.58019394,293151.0
2024-07-27 00:00:00+00:00,3275.0999703129155,3327.7368972009635,3191.324353700756,3249.32331895767,63877.46171525,207558525.9071876,197449.0
2024-07-28 00:00:00+00:00,3249.2821706772584,3284.0851717019764,3198.691740401194,3270.3575522535025,34370.06621304,112402405.61126831,159552.0
2024-07-29 00:00:00+00:00,3270.369136928817,3396.6924055885684,3257.1614677347093,3318.10252206193,133137.32759939,441763302.48812133,307514.0
2024-07-30 00:00:00+00:00,3317.7497669696268,3365.566424381045,3232.6178299959383,3278.334123838697,99649.30552861001,326683718.7312703,264161.0
2024-07-31 00:00:00+00:00,3278.559416073406,3348.0942189708358,3213.4294748617713,3231.843401073389,105892.42953136,342227749.6045547,290956.0
2024-08-01 00:00:00+00:00,3231.8887840850452,3242.1253455383,3077.394131829363,3200.825679136383,134516.89134118,430565120.08244747,334466.0
2024-08-02 00:00:00+00:00,3200.8934300543237,3215.9576959607994,2964.4564180850484,2986.1286562626046,145722.76302072,435146918.5259366,325309.0
2024-08-03 00:00:00+00:00,2986.1997782336057,3016.2165855377807,2857.963207378668,2902.2194364570655,92876.4277931,269547773.92983603,265407.0
2024-08-04 00:00:00+00:00,2902.3243443844844,2933.233773450936,2626.4619923968853,2688.347135591225,132847.70616220002,357140750.33101517,316443.0
2024-08-05 00:00:00+00:00,2688.4029050091603,2696.365750448528,2103.3606711362504,2420.2301294919803,867178.98707361,2098772712.1778872,1271122.0
2024-08-06 00:00:00+00:00,2420.8468314783904,2556.5262973750378,2415.97614043798,2462.532517375674,229640.09393664,565496198.6121805,383988.0
2024-08-07 00:00:00+00:00,2462.2847130990262,2552.858391900446,2309.143181232213,2343.4659267664297,237893.07721232,557494320.6606873,501245.0
2024-08-08 00:00:00+00:00,2343.1206516265415,2725.176731719554,2321.293695667033,2683.809553343909,254968.29444836001,684286344.4403114,474432.0
2024-08-09 00:00:00+00:00,2683.5125156082668,2708.5695891002006,2553.3698847906317,2600.0159604319842,137252.86001521,356859626.6544829,289942.0
2024-08-10 00:00:00+00:00,2600.1412735537097,2645.6491553063206,2577.918668838309,2610.6661807145447,37093.06850293001,96837619.47952725,129227.0
2024-08-11 00:00:00+00:00,2610.4159501524828,2720.150947547404,2540.4640602767613,2555.5302678985345,68693.25431889,175547690.61237514,172736.0
2024-08-12 00:00:00+00:00,2555.0832104522674,2750.1377837683563,2509.9641897753313,2723.228541038913,140203.10569152999,381805098.96146977,298736.0
2024-08-13 00:00:00+00:00,2723.3488077997386,2738.830721232122,2612.365249507147,2703.445916855098,107635.54103649,290986863.9235882,300171.0
2024-08-14 00:00:00+00:00,2703.52851094572,2782.3167316988493,2634.0331696511053,2661.878315673594,145462.9094846,387204564.4918475,352068.0
2024-08-15 00:00:00+00:00,2662.1928712491426,2675.788342150455,2516.257009575004,2570.4392205950053,132882.19081574,341565594.9913675,329996.0
2024-08-16 00:00:00+00:00,2570.227639352295,2630.990607001211,2551.5381631152763,2593.7843365640288,85057.34573763,220620411.08397588,248250.0
2024-08-17 00:00:00+00:00,2593.9644773130567,2627.815643708973,2588.5337216260646,2614.786674277061,19707.16304984,51530027.33052692,129110.0
2024-08-18 00:00:00+00:00,2614.7679091694704,2687.838287380286,2594.8401846842544,2612.669456404284,51758.60789832,135228133.9619462,168920.0
2024-08-19 00:00:00+00:00,2612.3956088307327,2648.623984910187,2564.1989814350836,2637.493416786782,66579.64714665,175603381.0412762,190084.0
2024-08-20 00:00:00+00:00,2638.0616673821796,2697.2064075083144,2555.8993379093185,2573.7805209372805,106084.23815632999,273037545.74523354,222496.0
2024-08-21 00:00:00+00:00,2573.091149873028,2650.5409928574963,2536.928131208493,2639.3793815061276,64107.25901268,169203377.64294046,163264.0
2024-08-22 00:00:00+00:00,2633.363614655463,2646.5958461787773,2588.060516984055,2625.817470669719,17410.83428895,45717672.85486031,32529.0
2024-08-23 00:00:00+00:00,2624.086469062055,2800.7739331967073,2623.5395642794283,2764.6300139183504,22069.46631888,61013908.97633578,34017.0
2024-08-24 00:00:00+00:00,2765.3306985833324,2820.882160599499,2734.942136352258,2769.6631738666165,10414.84794829,28845620.8237991,28909.0
2024-08-25 00:00:00+00:00,2770.0031674207958,2793.347756166214,2736.311876606443,2747.932592858704,4661.43482544,12809308.6863132,15757.0
2024-08-26 00:00:00+00:00,2749.0669181164885,2762.7598387783773,2669.254131476525,2681.59943612135,12191.27723077,32692122.147631887,21811.0
2024-08-27 00:00:00+00:00,2680.3482077627314,2700.531411826705,2394.1649362721746,2458.669758378571,137666.13039015,338475551.54326296,264922.0
2024-08-28 00:00:00+00:00,2458.05875231725,2555.4313317503893,2419.2818861010196,2528.7741993780114,148550.80360908,375651439.46351147,289582.0
2024-08-29 00:00:00+00:00,2528.7849219667755,2597.0142509862058,2503.59624454061,2527.8958905558175,90214.96072543,228054028.48446897,220624.0
2024-08-30 00:00:00+00:00,2527.963167049183,2551.40158638173,2430.8001504752006,2526.0367122446996,103564.57755984,261607925.00426945,235128.0
2024-08-31 00:00:00+00:00,2526.3410813120854,2534.269513744196,2492.7643561653076,2513.0812842917394,18239.6111439,45837625.39849414,112689.0
2024-09-01 00:00:00+00:00,2513.043144370516,2516.507175176322,2399.9830402986236,2426.944050682678,53559.4496258,129985787.6271739,162460.0
2024-09-02 00:00:00+00:00,2426.5565633956203,2564.8994488365556,2424.102216510475,2538.926920820733,70266.47512379999,178401445.32299614,154195.0
2024-09-03 00:00:00+00:00,2538.595755813517,2553.8648735694005,2411.5581728801885,2424.19650176466,73598.96156422001,178418345.1574938,164495.0
2024-09-04 00:00:00+00:00,2424.6957858869523,2490.2284370423426,2307.6107577279645,2450.4969059447426,132518.63481401998,324736504.5917772,246379.0
2024-09-05 00:00:00+00:00,2450.7155278806613,2466.355137477445,2347.8011358886156,2368.0440835962577,90555.60417652,214439662.70669276,185327.0
2024-09-06 00:00:00+00:00,2368.0181839230636,2409.1906692567864,2150.473976527821,2224.857604203221,196389.32878252002,436938291.5261562,331288.0
2024-09-07 00:00:00+00:00,2224.954824265838,2311.332189983591,2221.577986138871,2273.373167884863,62153.66577507,141298476.0587279,138989.0
2024-09-08 00:00:00+00:00,2273.3488497195913,2334.1362674888574,2241.2972837857524,2297.6344250746547,57035.32241372,131046320.22299512,117509.0
2024-09-09 00:00:00+00:00,2297.4411275606008,2381.317463029413,2273.292658362018,2360.097784497053,111609.03551238,263408237.44262093,199565.0
2024-09-10 00:00:00+00:00,2359.8405163544016,2399.784143610525,2321.2380469428326,2388.3082024214245,75411.99953965,180107097.0615468,169660.0
2024-09-11 00:00:00+00:00,2388.903366789094,2389.7146982119584,2277.239917382436,2340.6643132405293,98156.32426252998,229751005.32016942,182991.0
2024-09-12 00:00:00+00:00,2340.4380421718174,2392.122608099583,2315.1223690496577,2361.8886151734687,80592.42901178001,190350340.55209917,182743.0
2024-09-13 00:00:00+00:00,2361.992052247707,2466.274814315619,2337.0615384949356,2441.2277130124844,104438.34502305,254957782.17142913,223842.0
2024-09-14 00:00:00+00:00,2441.232224293558,2442.5389445746987,2379.4576196356065,2418.223089895814,40246.1091571,97324070.44216658,113498.0
2024-09-15 00:00:00+00:00,2418.530691226419,2431.0881634041048,2285.423535417136,2316.863526016922,58756.07443486,136129805.79006246,146003.0
2024-09-16 00:00:00+00:00,2316.045329231164,2335.097790772144,2252.4994845471538,2295.385879253027,100059.72373891999,229675676.9522758,191031.0
2024-09-17 00:00:00+00:00,2295.497335865808,2393.9865008798133,2263.328307845735,2342.1750731617276,103511.16579716,242441272.32401896,183246.0
2024-09-18 00:00:00+00:00,2342.140868518848,2376.147593509266,2277.476538014732,2374.701148143457,113276.41709553,268997637.7343322,209840.0
2024-09-19 00:00:00+00:00,2374.9882089205166,2495.194319961041,2373.0759546376867,2465.764241545593,137651.09666885,339415151.975586,260659.0
2024-09-20 00:00:00+00:00,2466.577808241702,2573.6829967610106,2438.653889520192,2561.481320021222,141001.87569856,361173670.68981576,273859.0
2024-09-21 00:00:00+00:00,2561.725117977503,2623.1422271713113,2529.4144149905756,2613.719449453236,67025.91522407,175186938.23855552,178429.0
2024-09-22 00:00:00+00:00,2613.341042667346,2632.659409889551,2525.922802088387,2581.32474243875,55581.08363604,143472826.4012676,167567.0
2024-09-23 00:00:00+00:00,2581.2924488479853,2704.436663861398,2540.3730098343244,2647.0784895794363,128329.45332009,339698135.46309865,279282.0
2024-09-24 00:00:00+00:00,2647.191779729125,2671.879616414539,2591.924052460937,2653.4284522321054,116878.14532985,310127796.262343,250992.0
2024-09-25 00:00:00+00:00,2653.6086054940156,2673.868582857261,2554.241065899154,2579.4622705968213,85385.73004151,220249269.0894406,195237.0
2024-09-26 00:00:00+00:00,2579.996800982794,2667.564550214325,2559.1140937368805,2632.5919083811377,90471.87761664,238175532.94961506,199894.0
2024-09-27 00:00:00+00:00,2632.7094364085333,2729.313456933789,2615.7177321061254,2695.532979533705,117197.66716945998,315910176.97969395,260154.0
2024-09-28 00:00:00+00:00,2695.5921302892966,2705.1407938071748,2650.564248307016,2676.2733122139493,29492.42876902,78929800.02689913,132772.0
2024-09-29 00:00:00+00:00,2676.0613357145094,2683.850742319284,2634.665119510697,2658.116181590306,31569.96167739,83916625.9868562,124427.0
2024-09-30 00:00:00+00:00,2657.9393650795632,2663.945010362229,2574.3431486710742,2601.623261635313,88777.2413715,230964936.2559073,198989.0
2024-10-01 00:00:00+00:00,2601.5938343897683,2657.956743096228,2413.422392628548,2447.853500504598,182668.10219439998,447144753.3870936,286330.0
2024-10-02 00:00:00+00:00,2447.5651461257553,2498.6364458861485,2352.1937446906127,2364.022404793302,110680.22046923,261650520.95672196,228164.0
2024-10-03 00:00:00+00:00,2363.837242900044,2403.0613438026794,2309.5160859550647,2350.1967068050126,88753.28875749001,208587686.95596737,200211.0
2024-10-04 00:00:00+00:00,2349.8642299936787,2440.869620425019,2339.147755386662,2414.618310449468,75731.86344415,182863544.15670332,178829.0
2024-10-05 00:00:00+00:00,2414.75368630596,2428.2215707189484,2389.9078295979916,2414.6586321148343,21033.27279795,50788173.723196104,122838.0
2024-10-06 00:00:00+00:00,2415.1706555878,2457.182569211327,2406.568753480074,2440.2042857876436,26725.710097119998,65216192.31971032,116045.0
2024-10-07 00:00:00+00:00,2439.483982978562,2520.256717913638,2402.839532184336,2421.7871002618813,95624.79098012,231582885.26089332,189327.0
2024-10-08 00:00:00+00:00,2421.891008583431,2464.4229670682503,2399.560758810772,2439.636588829983,69893.37451275,170514433.7781019,154696.0
2024-10-09 00:00:00+00:00,2439.6048123216633,2472.0441122917673,2349.733696889953,2368.7031399301886,81464.22977053002,192964576.8494488,185353.0
2024-10-10 00:00:00+00:00,2368.349682874711,2418.160602498154,2328.7741999228288,2384.3435137498054,93341.82623809001,222558977.95235133,192042.0
2024-10-11 00:00:00+00:00,2384.4106632757653,2471.0507506694994,2379.846265236578,2438.657765323674,93249.0966488,227402633.6520139,211883.0
2024-10-12 00:00:00+00:00,2438.944484229746,2489.6504291663327,2433.6385886127164,2476.1168023051646,33314.68297368,82491046.27459884,133584.0
2024-10-13 00:00:00+00:00,2476.1159837757486,2484.201588724307,2436.112503099679,2467.619386721449,35452.00136689,87482045.87101306,146649.0
2024-10-14 00:00:00+00:00,2468.010833554417,2652.9557901273515,2442.633555134204,2628.915929180921,161500.72873967,424571838.35804546,295528.0
2024-10-15 00:00:00+00:00,2628.836531324585,2687.4610982479153,2536.643808384945,2606.7385591464367,170712.0020952,445001558.37064517,303639.0
2024-10-16 00:00:00+00:00,2606.780896565505,2646.7434977904563,2587.8612331488744,2610.546124496688,115443.79718437,301371357.3368388,244880.0
2024-10-17 00:00:00+00:00,2610.909207014432,2647.3293460444334,2574.503163810931,2604.7925274214826,81043.81726283999,211102329.59995776,193089.0
2024-10-18 00:00:00+00:00,2604.8628920488745,2675.8519712235648,2594.9594206260394,2641.906685032864,98117.29768143999,259216744.66195583,218853.0
2024-10-19 00:00:00+00:00,2641.7471390431674,2662.7761922834547,2631.0353657632986,2648.15687909753,22328.686729099998,59129865.36287988,112812.0
2024-10-20 00:00:00+00:00,2648.248839465102,2757.886113287537,2635.1048873619593,2746.2843285492745,55870.21340033,153435491.49402997,169658.0
2024-10-21 00:00:00+00:00,2745.999856640266,2768.013651799891,2654.3206716940645,2665.492356521329,83705.99825788001,223117698.55136684,213932.0
2024-10-22 00:00:00+00:00,2665.3900425387737,2670.4057203529696,2603.7128716526413,2620.739220530803,85175.58350692,223222992.32818183,198067.0
2024-10-23 00:00:00+00:00,2620.9890799833693,2626.053294885951,2448.630029726509,2522.300864432007,99961.56929834,252133152.65118295,231634.0
2024-10-24 00:00:00+00:00,2522.1021940995843,2559.3218866257907,2505.037847073281,2534.033838719655,92754.09817328,235042023.45101643,236398.0
2024-10-25 00:00:00+00:00,2534.1382797797255,2564.605469515942,2379.538247737295,2436.502183398837,176208.87316036,429333304.1894659,369869.0
2024-10-26 00:00:00+00:00,2435.824967092415,2503.7020831772597,2426.0713436011224,2479.643094350749,52240.26108117,129537202.63700338,172459.0
2024-10-27 00:00:00+00:00,2479.5037136771457,2524.202792861927,2460.7021543630553,2504.9807560893755,40201.20733246,100703250.73937139,163797.0
2024-10-28 00:00:00+00:00,2504.915356696197,2588.076769435316,2469.003008507331,2565.618518844698,117242.02286112,300798305.0393029,274490.0
2024-10-29 00:00:00+00:00,2565.712814683368,2681.4968754978,2559.4287151126828,2637.75475502916,150650.84670421,397379987.24319905,351159.0
2024-10-30 00:00:00+00:00,2638.097770742608,2721.1337060772125,2598.912803900872,2658.165596340302,154978.35099861998,411958120.8020833,326541.0
2024-10-31 00:00:00+00:00,2658.2506130301817,2668.022806457397,2500.168562291084,2515.1327956070445,115817.4289494,291296213.8535247,273755.0
2024-11-01 00:00:00+00:00,2514.8779279663413,2585.1396551425782,2465.1610285910965,2510.6387576664724,103581.5278445,260055798.3847106,269124.0
2024-11-02 00:00:00+00:00,2510.431391846622,2522.3753772801683,2469.873995717656,2493.199983230966,31720.217444240003,79084845.60006177,129769.0
2024-11-03 00:00:00+00:00,2493.382311780939,2495.7887129798983,2409.779463933012,2456.62297816374,73032.57708615,179413507.02435073,179330.0
2024-11-04 00:00:00+00:00,2456.2809793017204,2489.2690848426873,2356.220318102105,2397.0021992414595,86424.28098638999,207159191.59223866,213855.0
2024-11-05 00:00:00+00:00,2396.6678045036083,2479.611679054886,2379.680114231445,2422.383804159812,111362.96545751001,269763843.90748084,258055.0
2024-11-06 00:00:00+00:00,2422.3581937300023,2746.581407765912,2420.404849413426,2724.0668427620612,319171.90733993996,869445609.9258554,626814.0
2024-11-07 00:00:00+00:00,2724.103440088682,2920.2549407042025,2701.493051347421,2897.3787782538725,288502.46421428,835900917.2884022,569882.0
2024-11-08 00:00:00+00:00,2897.6056671662227,2985.903775949939,2888.8915829627745,2963.8428603721854,223061.91863969,661120474.9811665,480380.0
2024-11-09 00:00:00+00:00,2963.8994427778034,3158.5222595166847,2956.781121559899,3128.07840673999,143096.8083351,447618036.22643733,415296.0
2024-11-10 00:00:00+00:00,3127.897608974428,3250.546146037422,3069.5654684579886,3186.3403713303182,220393.93920917998,702250106.0987301,643714.0
2024-11-11 00:00:00+00:00,3186.0177157278954,3391.0537849870343,3108.159192111818,3375.318085190154,321946.73840835,1086672648.6176872,663989.0
2024-11-12 00:00:00+00:00,3375.3006836474797,3446.600442318034,3210.0934666420217,3246.9105872082673,337187.30877365,1094817042.729427,789533.0
2024-11-13 00:00:00+00:00,3247.3600726606282,3338.7872275850436,3120.795695249813,3191.41347523699,272145.28188495,868528119.8297986,651936.0
2024-11-14 00:00:00+00:00,3191.3837710984126,3242.2894778462132,3028.7552262671416,3059.218434128401,188155.72541257998,575609463.6689663,523011.0
2024-11-15 00:00:00+00:00,3058.6301340389164,3131.629223919154,3011.415622502335,3090.748922341368,184238.53005884,569435038.2331175,498650.0
2024-11-16 00:00:00+00:00,3090.566012748243,3219.668732393687,3072.9549635029684,3134.1075066236494,89100.489944,279250514.37733537,334227.0
2024-11-17 00:00:00+00:00,3134.405067244894,3161.6546978367423,3036.9638035423504,3076.6992198760404,92617.66981023,284956712.45187134,308080.0
2024-11-18 00:00:00+00:00,3076.2018655472425,3226.4405506688317,3051.056190086823,3209.2223622527745,173589.94949591998,557088747.7846361,464613.0
2024-11-19 00:00:00+00:00,3209.4362563072646,3222.7947439982718,3069.8771755161492,3111.37353687609,152452.23547967998,474335851.1090784,420133.0
2024-11-20 00:00:00+00:00,3111.3698049651775,3161.6566248952904,3031.455986426971,3072.1687775643836,157279.61735733,483189529.79246247,475249.0
2024-11-21 00:00:00+00:00,3072.0559792796657,3389.9240197856448,3032.633266613315,3359.868758939295,321323.98379792,1079606414.6605475,767990.0
2024-11-22 00:00:00+00:00,3360.042583375008,3429.2258018741927,3260.8768090732233,3331.478655937005,211050.98206985,703111842.0802488,664326.0
2024-11-23 00:00:00+00:00,3331.6129652383065,3499.85406748426,3316.106756087464,3397.0179292981916,188124.22900658002,639061378.8707513,565106.0
2024-11-24 00:00:00+00:00,3397.1230871288444,3453.1356573846197,3285.6201745217286,3364.6918536048397,99982.29413788,336409610.5904478,378169.0
2024-11-25 00:00:00+00:00,3364.495927930866,3546.8049682366222,3304.1051414053372,3414.6192895711133,295389.06362928,1008641194.5968885,660238.0
2024-11-26 00:00:00+00:00,3414.3481352793024,3462.73467846192,3252.9596546963853,3323.712952325206,205740.18112012,683821304.8026767,609076.0
2024-11-27 00:00:00+00:00,3323.771839730576,3688.376301960112,3301.498620903186,3657.5068126080823,289990.4379597,1060642002.4288043,632032.0
2024-11-28 00:00:00+00:00,3657.7083651762964,3665.093822304031,3530.6315387952377,3579.386324911449,146551.1403577,524563147.69652975,414870.0
2024-11-29 00:00:00+00:00,3579.584603747529,3649.6975309722698,3536.6089543651105,3593.813162833489,167157.91571369,600734317.76367,405339.0
2024-11-30 00:00:00+00:00,3593.606212745701,3740.4564552229645,3570.5281845207805,3706.5452234517697,128126.00808520999,474904843.2681779,452195.0
2024-12-01 00:00:00+00:00,3706.396583149245,3747.9072196158895,3661.4574658871693,3710.5257702189365,101731.32993415999,377476721.35934573,420142.0
2024-12-02 00:00:00+00:00,3710.415388126202,3761.7063253448005,3556.2880388097637,3644.5897611124747,225984.82684713,823621986.0938255,657416.0
2024-12-03 00:00:00+00:00,3644.637634439007,3671.592869383356,3502.518309262003,3617.835126487402,212928.61557865,770340624.8747725,627033.0
2024-12-04 00:00:00+00:00,3618.020078426293,3898.7922506479895,3617.2884225405537,3843.2743554935123,359109.69358565996,1380157076.1669,903602.0
2024-12-05 00:00:00+00:00,3843.5446103568456,3959.498880664914,3679.249861620893,3788.4662754525366,369549.70744875,1400026603.7729404,975927.0
2024-12-06 00:00:00+00:00,3788.6712132654147,4095.5676714563474,3781.295551132955,4004.7228297413303,295062.35236685997,1181642938.7207448,778458.0
2024-12-07 00:00:00+00:00,4005.114619307283,4030.10914133177,3973.365775101864,4000.0258725498866,87454.07766642,349818573.3256672,447769.0
2024-12-08 00:00:00+00:00,4000.029027065661,4018.280351010026,3926.8107140380816,4006.9181366935077,68305.6342653,273695084.7759841,387739.0
2024-12-09 00:00:00+00:00,4007.462511008985,4008.6742006276327,3497.390559441745,3715.0428624938054,335491.85867134,1246366634.9817421,829661.0
2024-12-10 00:00:00+00:00,3715.6383724151824,3781.717755174311,3516.359623025699,3630.4884303234144,285823.33351758006,1037678305.452045,717630.0
2024-12-11 00:00:00+00:00,3630.4045548519966,3851.6470327778497,3564.6983493640682,3834.756487814515,198216.13207549998,760110598.4660223,584793.0
2024-12-12 00:00:00+00:00,3834.8523445137216,3988.9837490978166,3799.40239113996,3882.6473729776017,205508.5693498,797917306.9103862,653163.0
2024-12-13 00:00:00+00:00,3882.5786646663278,3969.191146080043,3853.9621976127587,3907.7433414255534,142704.81563584,557653793.090315,538605.0
2024-12-14 00:00:00+00:00,3907.4973986409786,3945.0222802454273,3824.469825934214,3869.276866001777,59399.223900209996,229832042.89554238,378165.0
2024-12-15 00:00:00+00:00,3869.463679300136,3973.3319243537326,3831.352834079257,3957.22651879971,73390.66634846,290423491.10650736,366863.0
2024-12-16 00:00:00+00:00,3957.9249985551214,4108.2507728448145,3882.0441524980797,3987.412379816122,237392.56379369003,946582047.7472482,719689.0
2024-12-17 00:00:00+00:00,3987.2787730033633,4041.3644667834756,3848.6655825311477,3893.258437582394,169837.78725555,661222398.2529937,576570.0
2024-12-18 00:00:00+00:00,3893.237345997435,3907.2641464311846,3615.9136051540668,3624.781011251706,238731.90855838,865350888.9222945,662743.0
2024-12-19 00:00:00+00:00,3625.0142396835067,3718.2920945534283,3322.6398819169194,3414.534953686121,367426.23984321,1254589738.8461006,748537.0
2024-12-20 00:00:00+00:00,3414.843414645309,3497.3432489504366,3096.5927386160133,3470.982636315657,406592.90448108996,1411276911.5030138,882585.0
2024-12-21 00:00:00+00:00,3470.74143415475,3553.3542505397013,3291.8559142543204,3337.6987818787443,130383.14994222001,435179680.7396614,427825.0
2024-12-22 00:00:00+00:00,3337.5774982634257,3400.570269656017,3218.9983243043866,3278.9459962929564,101971.09018535,334357697.90088135,374456.0
2024-12-23 00:00:00+00:00,3278.8003585184747,3462.4559048178553,3214.504884460067,3418.3086583917357,224260.6096937,766591983.8521843,581824.0
2024-12-24 00:00:00+00:00,3418.171673889874,3537.56588186473,3353.564612287841,3491.431764800223,130272.95992709,454839150.38398856,385087.0
2024-12-25 00:00:00+00:00,3491.1858671377163,3544.0893607379367,3438.1664329298155,3494.305613482404,53035.32046954,185321618.02955186,257132.0
2024-12-26 00:00:00+00:00,3495.377454490919,3512.7116659404396,3302.769269371806,3331.940621707851,155711.24851220998,518820634.17467856,423704.0
2024-12-27 00:00:00+00:00,3331.502257964164,3437.835867648885,3302.005803062156,3329.0171113950846,156749.77115282003,521822670.3750015,484505.0
2024-12-28 00:00:00+00:00,3328.8345772724247,3421.1249626258796,3317.526534410342,3398.220717379333,46294.68530053001,157319558.69281754,240657.0
2024-12-29 00:00:00+00:00,3399.3614460218155,3408.992790773,3321.299025124417,3351.8902504496346,44045.32025306,147635079.53416365,229208.0
2024-12-30 00:00:00+00:00,3352.258984624702,3431.8085593506717,3296.8727520422017,3358.9084275134205,164808.83939992002,553577799.5890973,475354.0
2024-12-31 00:00:00+00:00,3356.4227454598185,3447.559036428441,3311.252350775972,3332.0659139280847,122959.20514014001,409708176.25115144,337875.0
2025-01-01 00:00:00+00:00,3330.8909065470816,3366.9820852503603,3308.5513124243994,3353.5898797060204,125854.09432952998,422063017.0630786,245440.0
2025-01-02 00:00:00+00:00,3353.6847081373903,3506.0437643938903,3347.6782069218602,3452.406918149677,105921.80433363,365685170.0643207,314613.0
2025-01-03 00:00:00+00:00,3452.8345943655845,3629.755649012205,3421.155491450437,3607.716854504443,130528.32955673,470909254.53212523,341591.0
2025-01-04 00:00:00+00:00,3608.0501293964385,3670.2477603741772,3571.8254510956576,3656.7489037853165,65661.21592542,240106579.35649052,243710.0
2025-01-05 00:00:00+00:00,3656.5085868150836,3674.867218412909,3593.7646157462327,3635.503847963623,45978.77862653,167156026.6214174,219224.0
2025-01-06 00:00:00+00:00,3635.7481908413565,3745.644052347883,3610.024628639887,3688.841043129225,139047.73052301,512924975.3072516,392522.0
2025-01-07 00:00:00+00:00,3688.399506814154,3701.966014392583,3356.1243917171287,3380.5133825835355,193373.30208107,653701035.5194257,426582.0
2025-01-08 00:00:00+00:00,3380.775362989731,3414.543833840493,3207.772563953775,3326.6322302556787,167098.74429310998,555876068.4007118,450888.0
2025-01-09 00:00:00+00:00,3326.6518216048544,3356.7318588530547,3157.498704947889,3219.0699886038565,156840.97487836,504882075.21430004,446700.0
2025-01-10 00:00:00+00:00,3219.367158218565,3321.95252123743,3194.7535381818793,3266.6862193507345,142981.48294959,467075639.9737576,419189.0
2025-01-11 00:00:00+00:00,3266.4902958303614,3318.859765080493,3218.0796866035867,3282.2332883648464,38660.53787952,126892904.37425064,227858.0
2025-01-12 00:00:00+00:00,3282.191733456459,3298.2018916378174,3223.437941013815,3266.089309574434,47921.30766984999,156515270.6813244,209639.0
2025-01-13 00:00:00+00:00,3266.9088263952895,3336.7268993959665,2919.015436834718,3136.947588259729,270375.3272343499,848153230.692729,552094.0
2025-01-14 00:00:00+00:00,3136.897959906567,3256.418039735264,3124.889355268506,3224.0891789989455,129083.50904818,416176744.7094496,371867.0
2025-01-15 00:00:00+00:00,3224.7004566323603,3474.88715814163,3185.673894294101,3451.4938485521498,185178.32742478,639141857.991804,528449.0
2025-01-16 00:00:00+00:00,3451.4266998953567,3460.0621200309574,3263.2435002677407,3307.637167926036,181302.80454465002,599683894.9611138,509403.0
2025-01-17 00:00:00+00:00,3307.9002240136233,3526.4920655038145,3307.1951463734017,3475.023313083143,196884.63476717996,684178695.8038102,502027.0
2025-01-18 00:00:00+00:00,3475.3845629666,3495.9416183393464,3224.83912197037,3304.525755770878,191843.58467855,633952066.6496798,520159.0
2025-01-19 00:00:00+00:00,3304.4566872932633,3445.127641271829,3125.809192546778,3210.527864268043,374389.23199512,1201987061.4022455,877663.0
2025-01-20 00:00:00+00:00,3211.625334972713,3448.0119687118117,3140.207586401567,3280.27454035017,363060.44430026,1190937932.0463638,1002098.0
2025-01-21 00:00:00+00:00,3280.441828408688,3367.767524034467,3201.107031922619,3327.6032568959645,195865.67593779002,651763261.1647196,617157.0
2025-01-22 00:00:00+00:00,3327.822758372579,3365.840631443079,3220.5320912486172,3241.0848577187107,119757.97374372999,388145755.2918782,446080.0
2025-01-23 00:00:00+00:00,3241.118445735065,3348.8705216060744,3182.1250594065964,3338.693578795732,178147.61784272004,594780307.7692453,552843.0
2025-01-24 00:00:00+00:00,3339.3544486075807,3428.3215702087887,3275.519415249372,3309.7939549048197,187030.04099554,619030899.0726389,558192.0
2025-01-25 00:00:00+00:00,3309.644528088104,3350.151270184043,3269.197635679495,3318.147220612838,65524.885269720005,217421215.9386965,320447.0
2025-01-26 00:00:00+00:00,3318.4215328101955,3360.967697019811,3227.998349672288,3231.603797793976,85325.79916365,275739176.6270574,374814.0
2025-01-27 00:00:00+00:00,3231.0356199719495,3253.2437211348065,3006.2779306510965,3182.183569932972,276808.59013342,880855747.5388794,774347.0
2025-01-28 00:00:00+00:00,3182.09550259142,3223.639630592026,3038.141557405158,3076.1631601641775,137922.41369656,424271847.974281,521521.0
2025-01-29 00:00:00+00:00,3076.1046891832502,3181.804548018484,3054.0177709922714,3113.9562201674185,170126.11578522003,529765276.46230835,498275.0
2025-01-30 00:00:00+00:00,3114.048542880859,3283.4140785529476,3091.2112596690495,3247.5286991246153,138096.27745921,448471624.29106015,490719.0
2025-01-31 00:00:00+00:00,3247.4150181651503,3438.785969070268,3213.582766623956,3299.8713376458563,212863.45045648003,702421998.9937372,602452.0
2025-02-01 00:00:00+00:00,3299.818279988567,3330.6534508276377,3102.316092282189,3116.904455895543,96216.90560026,299898901.7979312,407496.0
2025-02-02 00:00:00+00:00,3116.9051153111527,3162.5982511518987,2749.4609817386377,2868.626455429267,295412.71571257,847428731.5632834,719634.0
2025-02-03 00:00:00+00:00,2869.3813861228746,2923.9652029058184,2143.7189749687186,2883.4611823543373,934711.37782167,2695203974.653724,1480181.0
2025-02-04 00:00:00+00:00,2882.9676584749654,2891.5916599147636,2633.7708863925836,2732.1700759367927,459107.69146726,1254360296.2592695,939548.0
2025-02-05 00:00:00+00:00,2732.211557236692,2827.7276100752706,2699.7081124180463,2788.4041577102057,252192.76948046,703215366.9637661,659779.0
2025-02-06 00:00:00+00:00,2788.811208959467,2858.613456947818,2656.596038473633,2687.4672657746887,230020.87482412,618173571.5346797,557743.0
2025-02-07 00:00:00+00:00,2687.420140661765,2799.3670290599184,2563.3401829341915,2623.2483938680602,230243.87193413,603986867.2491698,605576.0
2025-02-08 00:00:00+00:00,2622.8964490350777,2667.7277825460615,2588.483261385567,2632.7576132041495,182933.23737360997,481618873.40345347,459762.0
2025-02-09 00:00:00+00:00,2633.8813046761743,2698.7842326476243,2523.673571632514,2628.611437530357,131572.86547054,345853939.0445044,311170.0
2025-02-10 00:00:00+00:00,2627.9152959316507,2694.3995323835256,2560.661873997441,2661.8817378323884,137275.22105288,365410403.97756547,371576.0
2025-02-11 00:00:00+00:00,2661.9861437719887,2725.7127118933367,2560.6968927165653,2602.27280533209,162070.51867229998,421751703.2869929,527879.0
2025-02-12 00:00:00+00:00,2602.0377023633314,2796.5898213695627,2548.2067913621777,2738.487655732268,197902.53589045,541953651.5741096,611029.0
2025-02-13 00:00:00+00:00,2739.355803261958,2758.26322406983,2613.7209243596985,2676.2669604087046,174211.03980976,466235249.9813062,510084.0
2025-02-14 00:00:00+00:00,2676.6152475791873,2792.9863013691925,2665.0847947260477,2726.221107791366,161714.82994201,440870382.83079886,537216.0
2025-02-15 00:00:00+00:00,2726.3217096865174,2739.4077337260396,2664.3694693322304,2693.5700853462113,48865.86183732,131623623.6396662,300189.0
2025-02-16 00:00:00+00:00,2693.568512370992,2726.480658705967,2652.625069535945,2661.6676868464137,61157.53083307,162781023.62569565,303271.0
2025-02-17 00:00:00+00:00,2661.44692952401,2849.4159097502343,2638.580682867836,2744.1002072578844,166654.80629451,457317488.49328744,502202.0
2025-02-18 00:00:00+00:00,2744.174564799419,2756.4874609015433,2604.8270688058133,2670.6548568479443,171767.29792903003,458731168.4618119,542751.0
2025-02-19 00:00:00+00:00,2670.612027080573,2736.2625104907647,2654.8781371118353,2715.36568901179,124665.33983915999,338511986.4082496,419694.0
2025-02-20 00:00:00+00:00,2715.414102490442,2771.604386896986,2707.398275533229,2738.8024346271513,107447.67670119001,294277958.54425025,435204.0
2025-02-21 00:00:00+00:00,2738.7678232571398,2846.2964529213327,2614.223037148888,2661.574259515549,353659.7062213,941291570.7064431,740394.0
2025-02-22 00:00:00+00:00,2661.5668208428024,2797.783289082171,2652.4497310631796,2763.600369346629,109826.76372438,303517284.79284155,382999.0
2025-02-23 00:00:00+00:00,2763.5562299331496,2866.221858563157,2745.6646222386403,2819.636630771842,121611.31729549001,342899724.9627809,378293.0
2025-02-24 00:00:00+00:00,2820.1209410909096,2840.0487628823234,2472.0327520940714,2514.019063661232,278091.0469057299,699126193.3545148,646759.0
2025-02-25 00:00:00+00:00,2513.89416497265,2531.4707002706414,2320.9717316329925,2492.9568284718935,495773.67908636,1235942378.6549742,1028571.0
2025-02-26 00:00:00+00:00,2492.8815514027056,2504.363806741837,2251.6129436806314,2333.2012856445053,270436.5612304,630982932.3480482,697676.0
2025-02-27 00:00:00+00:00,2333.5337783404348,2379.6020684605446,2228.020604124875,2305.439318609995,203005.2107917,468016194.8418953,550094.0
2025-02-28 00:00:00+00:00,2305.6900149979374,2312.2103641172803,2073.9029527021216,2236.643763286778,433861.10054848995,970392724.6745176,854382.0
2025-03-01 00:00:00+00:00,2237.1045863457657,2280.6174396735805,2142.6139610211476,2216.794410695216,111262.69366284,246646517.43067774,322664.0
2025-03-02 00:00:00+00:00,2216.9117688362635,2551.5452294290117,2172.9121201115145,2518.645182903303,392914.340408721,989611810.7640538,621127.0
2025-03-03 00:00:00+00:00,2518.775235331903,2523.9566933438646,2094.6558672762935,2147.775861532076,380173.70602531,816527908.9903523,789681.0
2025-03-04 00:00:00+00:00,2147.67571490161,2222.137657909217,1991.1663438020175,2171.004392765262,528682.6532378801,1147772362.5582314,1011186.0
2025-03-05 00:00:00+00:00,2170.945192482826,2273.2375057627128,2154.843249789124,2241.669649458705,205076.46220967002,459713681.15378237,529426.0
2025-03-06 00:00:00+00:00,2241.6559522634384,2320.0505327855203,2176.25384202935,2202.4829352184775,186608.39819607002,411001812.5952987,482325.0
2025-03-07 00:00:00+00:00,2202.3021900305857,2258.0276308569646,2102.4526869094157,2140.853685014355,304943.79019182007,652840036.9544023,570438.0
2025-03-08 00:00:00+00:00,2140.8651774857003,2234.1475893164297,2105.504235986061,2203.3795005843067,76033.496398,167530647.32110393,212893.0
2025-03-09 00:00:00+00:00,2203.394114430814,2211.887798711895,1988.7397955102213,2020.018266944642,175718.31514217,354954206.42391866,376542.0
2025-03-10 00:00:00+00:00,2020.1346668137842,2151.883241879435,1809.773373433283,1864.0526576595494,476323.91835039994,887892865.9078732,779552.0
2025-03-11 00:00:00+00:00,1865.2065197284683,1962.7864361558024,1754.5258078516079,1922.81653128879,421769.28012529,810984944.2146801,742457.0
2025-03-12 00:00:00+00:00,1922.9110249466346,1956.084788639032,1829.66865974972,1907.9310722279472,287720.35275063996,548950601.1253316,585478.0
2025-03-13 00:00:00+00:00,1908.1915692260236,1921.277806372685,1821.1188311902702,1863.6322972386224,218284.80725153998,406802616.79047734,468038.0
2025-03-14 00:00:00+00:00,1863.7417181723654,1945.7372200436607,1857.589685847074,1911.5671451382188,129250.00955259,247070071.76953197,372071.0
2025-03-15 00:00:00+00:00,1911.6113360053846,1957.1138800671038,1903.8106642459563,1937.5482043256113,48858.42666223,94665556.8455783,226541.0
2025-03-16 00:00:00+00:00,1937.4640946558968,1940.8721548520848,1860.8428692597563,1887.0986486325746,70081.78089666,132251234.02385126,237403.0
2025-03-17 00:00:00+00:00,1886.982400998927,1952.1289862171354,1879.92038298944,1926.5602264034992,103506.78388494,199412052.99566805,278254.0
2025-03-18 00:00:00+00:00,1926.2990227189775,1935.6553926850038,1871.8916418015842,1931.4700469831764,119354.02738152999,230528728.87423506,289557.0
2025-03-19 00:00:00+00:00,1931.341779387955,2070.574586222486,1927.8162435981176,2057.167628525377,243176.38491485998,500254587.06867677,470154.0
2025-03-20 00:00:00+00:00,2057.2655493536977,2068.5856693418905,1951.4736226841685,1982.7963642303773,152224.84496924002,301830869.15054196,327531.0
2025-03-21 00:00:00+00:00,1982.500383957975,1995.2878019670636,1936.137854095661,1964.9828387505454,104631.95160435,205599989.28752536,249136.0
2025-03-22 00:00:00+00:00,1965.0170118155565,2005.893595009618,1963.9102041932783,1980.2554413621235,48984.933739680004,97002681.5827644,130684.0
2025-03-23 00:00:00+00:00,1980.4742949950848,2020.75609748858,1977.1631304165767,2006.220160061622,66405.15507348001,133223360.8404339,164925.0
2025-03-24 00:00:00+00:00,2005.9993946374439,2104.1311243458053,1977.6662310850993,2081.6764137148516,177558.80509359,369619976.6107187,330822.0
2025-03-25 00:00:00+00:00,2081.571548233069,2097.8023007541683,2037.506533013821,2066.794626043285,104567.31614071,216119167.05938867,248328.0
2025-03-26 00:00:00+00:00,2066.7253887416646,2079.2533466863038,1981.611841417561,2009.6705334346705,153964.06881159003,309417052.29836047,281098.0
2025-03-27 00:00:00+00:00,2009.7344192215187,2037.5459336545084,1987.046874570633,2003.2000755914958,112404.46478803,225168632.36020333,239458.0
2025-03-28 00:00:00+00:00,2003.176185343744,2015.7339005578888,1860.5112834767353,1896.2899031213642,294133.94154199,557763223.5113652,425779.0
2025-03-29 00:00:00+00:00,1896.4911161568593,1912.9048106656053,1796.932142266307,1827.6010301181764,142415.15338568002,260278081.0321069,266730.0
2025-03-30 00:00:00+00:00,1827.6418063490003,1848.2223373607403,1767.904837322389,1807.2337774026903,141947.15731379,256531697.30377463,233401.0
2025-03-31 00:00:00+00:00,1807.7354166504733,1853.994094506747,1776.875984636905,1822.2095002854228,198621.10572039,361929265.80089,358125.0
2025-04-01 00:00:00+00:00,1821.8025548312646,1927.963276119708,1817.9140564221823,1905.3019056742498,205494.93279396,391529887.0587339,387368.0
2025-04-02 00:00:00+00:00,1904.9611670371662,1956.1483805735938,1781.3288556535952,1794.595228141368,329188.80524903,590760659.0574673,539937.0
2025-04-03 00:00:00+00:00,1794.7639970687424,1844.6587560770379,1749.9646716861641,1816.2617628517319,235046.87574053003,426906652.88528705,455479.0
2025-04-04 00:00:00+00:00,1816.3914005879235,1835.2554327732403,1758.5353166405484,1816.2909112828218,271477.14977192,493081479.7517037,488483.0
2025-04-05 00:00:00+00:00,1816.2936366678039,1826.5995522189055,1764.0838742436802,1805.3726075712266,50441.90722106,91066437.57055098,175145.0
2025-04-06 00:00:00+00:00,1805.0843907186072,1816.243389800951,1536.0493390240522,1579.6381172736246,394444.68173188006,623079854.4195411,583868.0
2025-04-07 00:00:00+00:00,1579.843954173073,1638.3973467339185,1410.9837487265443,1552.4181806249812,884441.3814871,1373022880.317649,1288024.0
2025-04-08 00:00:00+00:00,1552.3243507305478,1618.1583113955367,1444.121833805325,1472.0781777864986,350819.17162489,516433246.898137,619575.0
2025-04-09 00:00:00+00:00,1472.309527144714,1677.8567331549718,1383.7234379291588,1658.8547990676539,547064.66625992,907500847.0256127,873781.0
2025-04-10 00:00:00+00:00,1669.1550143457987,1669.4491401729524,1471.969753135203,1521.4989550216383,329818.4357201,501818405.29500353,527897.0
2025-04-11 00:00:00+00:00,1521.0827959798078,1590.600528702125,1504.1270071144947,1566.1804548026573,191379.24683237,299734435.84371126,387962.0
2025-04-12 00:00:00+00:00,1566.009092698013,1668.6791566004515,1544.7767841563543,1643.764945516516,116963.43081754001,192260387.48521844,285835.0
2025-04-13 00:00:00+00:00,1643.882667345237,1649.1437254841942,1561.992694144872,1596.9593252560253,147206.82467280998,235083311.40257263,362534.0
2025-04-14 00:00:00+00:00,1597.0184944047978,1690.852611878016,1595.2021086118796,1623.8463631725833,169345.24784861,274990664.83952504,415134.0
2025-04-15 00:00:00+00:00,1623.6076664612906,1660.8057982940359,1583.3006582978421,1588.6837275515613,144694.07723633,229873125.97844625,325852.0
2025-04-16 00:00:00+00:00,1588.1649456356413,1613.1944428915674,1538.312488921924,1577.2732042637908,161820.78748024,255235591.98544806,281008.0
2025-04-17 00:00:00+00:00,1577.3082498400195,1616.8315039643219,1562.7003731360207,1583.5558761615428,119190.35134005,188744581.24629498,290616.0
2025-04-18 00:00:00+00:00,1583.778092426021,1600.5110081646703,1573.728311679108,1588.527415461221,48354.57480627001,76812567.74273036,193178.0
2025-04-19 00:00:00+00:00,1588.5476132722442,1630.7272205865022,1585.0349247570023,1612.7713188256325,69174.43684220001,111562547.73501533,198098.0
2025-04-20 00:00:00+00:00,1612.8511339883082,1618.880161919496,1565.8772892616785,1587.24769957501,95097.60128169,150943448.86946398,217726.0
2025-04-21 00:00:00+00:00,1587.3610682860233,1658.2947725228792,1563.2443701401937,1579.5924917680447,178979.85359734998,282715232.9201179,343821.0
2025-04-22 00:00:00+00:00,1579.51302060055,1778.6679138199293,1538.8967356342046,1756.9217128444363,399776.31682681997,702375691.3140166,614381.0
2025-04-23 00:00:00+00:00,1757.080995506594,1835.450700900634,1746.0481112109078,1795.8966473416456,329580.16850837,591891919.6544763,678805.0
2025-04-24 00:00:00+00:00,1795.7611517068076,1803.2056684184895,1723.1722948673953,1770.3350868141338,194293.00075318,343963716.3557595,510354.0
2025-04-25 00:00:00+00:00,1770.367900935266,1828.6830600351932,1740.0235258403325,1785.9715970029786,235381.60439537,420384859.90712225,513304.0
2025-04-26 00:00:00+00:00,1785.8794932172318,1841.4457633073664,1779.9347028757236,1821.4737900746366,95840.64572248,174571224.20732614,314969.0
2025-04-27 00:00:00+00:00,1821.75780943441,1857.6450283935524,1783.060971083552,1791.913137464959,87994.59361289999,157678668.32084566,295223.0
2025-04-28 00:00:00+00:00,1791.8835107969917,1828.8196174029663,1745.1373479260806,1800.1972471115923,244585.99381136,440303032.7412633,507103.0
2025-04-29 00:00:00+00:00,1800.4178226303216,1843.2344585003264,1780.821200129737,1798.4311206788623,174221.70561931998,313325737.2835365,464317.0
2025-04-30 00:00:00+00:00,1798.3052896326003,1817.382424390453,1732.6683063479938,1793.8823043896264,157835.66460431,283138605.7352478,387311.0
2025-05-01 00:00:00+00:00,1793.9952521067478,1874.3106823545008,1792.7918133547594,1838.9398264504082,169108.69812170003,310980719.97517353,404169.0
2025-05-02 00:00:00+00:00,1838.6946825835344,1871.5788370319167,1813.578686677729,1842.9515132859913,118204.71074771999,217845550.55004343,309666.0
2025-05-03 00:00:00+00:00,1842.8786497625586,1849.2601924076146,1810.62739957011,1834.2475725941836,56156.70816983,103005305.64539064,192527.0
2025-05-04 00:00:00+00:00,1834.3370469940996,1850.4696869614495,1803.84046485918,1809.7632464813528,54497.58541199,98627727.10059784,183500.0
2025-05-05 00:00:00+00:00,1809.152436772031,1833.6127208602936,1782.1503089062705,1820.414424030732,103634.42072929999,188657594.32168722,227622.0
2025-05-06 00:00:00+00:00,1820.3405147359697,1820.7582822625284,1751.8122821357706,1817.094443248579,111208.05882482,202075545.7350415,259765.0
2025-05-07 00:00:00+00:00,1817.0766797153647,1850.7712227385352,1787.2910308178525,1811.4038431677752,168704.47713138998,305591938.23540986,330114.0
2025-05-08 00:00:00+00:00,1811.4235517307122,2225.491457661001,1808.7799123311268,2207.260965573667,410495.39064327,906070452.3148037,676519.0
2025-05-09 00:00:00+00:00,2206.9002050437743,2490.4641406785217,2184.616982163368,2345.2837320332096,448386.43852398,1051593419.934599,852379.0
2025-05-10 00:00:00+00:00,2345.392020876966,2600.2526198860733,2317.9230178796943,2583.834786677815,244881.63341229002,632733683.0291592,574231.0
2025-05-11 00:00:00+00:00,2583.1928475809823,2608.2884196868,2436.626862984242,2514.6671565229617,183512.33711501,461472446.9598854,417548.0
2025-05-12 00:00:00+00:00,2514.717251077465,2624.649761467324,2407.6847637768833,2495.8110526285445,307011.54832561995,766242815.5956848,626679.0
2025-05-13 00:00:00+00:00,2495.637176429103,2738.7736357795948,2415.8952215123513,2679.9437177191357,276218.38845339,740249734.8541664,627434.0
2025-05-14 00:00:00+00:00,2679.846650754262,2724.5738577352345,2547.9861227291995,2610.141786733726,225665.62364347,589019274.1011473,527006.0
2025-05-15 00:00:00+00:00,2610.40389166135,2646.7393187079965,2475.5689714625782,2548.5524054454954,208491.59311278997,531351751.14276433,486908.0
2025-05-16 00:00:00+00:00,2549.1109807067587,2648.568049027933,2530.2612844630667,2537.615161216428,163744.88850424998,415521511.64007837,415113.0
2025-05-17 00:00:00+00:00,2537.7094303382255,2539.0170421853572,2447.004689561667,2476.009108531345,100010.87789278,247627844.61473942,276410.0
2025-05-18 00:00:00+00:00,2476.0857725346395,2587.870769468083,2322.5760507539903,2498.13059770458,175488.18284532,438392399.1014699,398838.0
2025-05-19 00:00:00+00:00,2498.901609297903,2547.4951637940717,2349.760489379973,2528.6216374248334,272122.02446071,688093639.0712011,477411.0
2025-05-20 00:00:00+00:00,2529.137288738295,2588.2824254058487,2444.2830000755275,2524.8423143646514,169912.54122718002,429002373.83161247,456796.0
2025-05-21 00:00:00+00:00,2524.945291841203,2616.7191280996485,2452.280914844716,2551.8221671892775,283046.25612653,722283710.7236131,690442.0
2025-05-22 00:00:00+00:00,2552.1657840845196,2692.664408171828,2545.5105212525186,2664.795404085473,265468.26517559,707418612.9704559,611604.0
2025-05-23 00:00:00+00:00,2665.1481996721686,2733.567553897941,2499.9652944481854,2526.684004673921,271216.1224587,685277438.4260807,631817.0
2025-05-24 00:00:00+00:00,2526.358665834354,2576.9366437688377,2515.533260043961,2530.55653478297,58159.867107490005,147176831.77096796,268210.0
2025-05-25 00:00:00+00:00,2531.0246286045417,2554.9947149263194,2463.4096170559346,2552.073900055384,77884.44764092,198766866.04462206,281895.0
2025-05-26 00:00:00+00:00,2552.075184280842,2600.752203500883,2526.870220546301,2564.3272154179317,76095.67210052001,195134202.94288248,269893.0
2025-05-27 00:00:00+00:00,2564.6026051448935,2713.1334452576393,2510.8012009078802,2661.604066593772,233042.20810709003,620266088.785823,523442.0
2025-05-28 00:00:00+00:00,2661.382233606553,2689.367434877849,2609.4483063127564,2681.5135409388777,181850.40598757,487634326.0809013,407912.0
2025-05-29 00:00:00+00:00,2682.180123378671,2788.874518640939,2618.999637841507,2631.531979715555,260820.4475325,686357348.6454967,586949.0
2025-05-30 00:00:00+00:00,2631.353067408415,2649.3340432096293,2507.3937644554217,2531.3755986674882,183130.20622201,463571335.4093411,512212.0
2025-05-31 00:00:00+00:00,2531.800400555395,2551.449352775155,2477.178600060265,2529.3171010584133,72274.8136957,182805922.25634483,298627.0
2025-06-01 00:00:00+00:00,2529.2707949435435,2549.6240224337375,2470.1251835074954,2540.11946589188,72913.2016894,185208242.93174562,243751.0
2025-06-02 00:00:00+00:00,2540.405395676913,2616.7296300402927,2476.1330477793576,2609.0754163454512,163547.78496488,426708505.14962065,398482.0
2025-06-03 00:00:00+00:00,2608.9765688087964,2657.337348578751,2576.3663948398053,2594.7434991910245,237942.28284915,617399191.605504,485870.0
2025-06-04 00:00:00+00:00,2593.9716158472856,2679.7331644797528,2583.9386573680845,2607.5957968542407,164795.13356429,429719097.6242758,377070.0
2025-06-05 00:00:00+00:00,2608.3970627724716,2642.089345821605,2392.646719234717,2415.9114985518067,285332.21635212,689337382.3923585,580380.0
2025-06-06 00:00:00+00:00,2415.4709985370455,2532.7177864283494,2384.338897409848,2478.248608458296,166626.80008572998,412942635.444319,387942.0
2025-06-07 00:00:00+00:00,2478.383193242339,2545.073070254309,2458.2541653092003,2526.0880023080244,49170.25663925,124208395.36681591,185596.0
2025-06-08 00:00:00+00:00,2525.950680006051,2549.232030698116,2493.0621588415065,2510.7707367008948,48388.472240330004,121492360.09468415,166757.0
2025-06-09 00:00:00+00:00,2510.7647486698315,2695.037842071972,2479.289578392243,2681.1837915483165,162049.3224146,434484016.68941283,351039.0
2025-06-10 00:00:00+00:00,2681.2231822176586,2826.8106517662004,2656.8737321938875,2816.142580645111,357765.28159421997,1007518043.3739715,654452.0
2025-06-11 00:00:00+00:00,2816.275919698228,2879.697609055748,2743.2633719412106,2772.370256747125,238333.6870402,660749225.1311282,544566.0
2025-06-12 00:00:00+00:00,2772.243940513217,2785.6872191988537,2615.767174465148,2643.84636057163,200222.37248432002,529357190.79768676,471764.0
2025-06-13 00:00:00+00:00,2643.736711619806,2646.4533379938225,2439.324876584094,2580.141695111425,359932.41164933995,928676622.7184713,743594.0
2025-06-14 00:00:00+00:00,2580.1161654433295,2580.6479302034113,2490.047052249224,2532.1365771957394,87941.40049943002,222679636.8544264,295506.0
2025-06-15 00:00:00+00:00,2532.274822674339,2559.7895023464152,2492.5073028330216,2548.0478011071446,68145.86383220999,173638918.49220955,242204.0
2025-06-16 00:00:00+00:00,2548.0546925769986,2681.7417867712434,2515.4656919933655,2544.459029081585,229413.42919609,583733071.3105601,491213.0
2025-06-17 00:00:00+00:00,2545.3186037612427,2619.2472256293054,2452.7197861183727,2510.631675357895,208590.00358838,523692670.1720038,463674.0
2025-06-18 00:00:00+00:00,2510.731575491361,2548.380584208198,2466.6201480863974,2525.549910323939,131028.43322244001,330918847.7748196,399097.0
2025-06-19 00:00:00+00:00,2525.6005830371373,2548.105333395396,2485.5117354184645,2521.6320373424696,71522.26227400999,180352827.93335426,312584.0
2025-06-20 00:00:00+00:00,2521.8896182481517,2569.214650238854,2367.733296431098,2407.1408765965725,178775.48007909002,430337765.8315538,416379.0
2025-06-21 00:00:00+00:00,2407.1716267019474,2449.0365300827684,2217.241836650408,2297.1385678924225,142884.44817623,328225376.6576441,329234.0
2025-06-22 00:00:00+00:00,2297.4195442473488,2314.9875929416257,2113.417459451492,2228.4148247772014,290168.76967948995,646616388.0411367,583309.0
2025-06-23 00:00:00+00:00,2228.5120217582153,2439.7948511038085,2189.333055749212,2413.140527270912,284277.76406315004,686002193.4627458,598608.0
2025-06-24 00:00:00+00:00,2413.036993548197,2483.169825111534,2377.9234958076763,2449.7061611443273,202400.52699552997,495821817.99980855,432243.0
2025-06-25 00:00:00+00:00,2449.6436327962547,2469.988141029777,2391.184283731339,2419.972194524357,148509.21595908998,359388173.25161064,355768.0
2025-06-26 00:00:00+00:00,2419.9410945001473,2521.523338856059,2395.1860337629073,2417.235380505071,148350.82333911,358598858.9023542,359059.0
2025-06-27 00:00:00+00:00,2417.0904702871694,2464.703061905307,2381.9348569233025,2424.182906949962,133423.26931998,323442408.8748768,313360.0
2025-06-28 00:00:00+00:00,2424.3019577441983,2448.8567677093965,2407.1103372584635,2437.0830240461432,38144.561763150006,92961463.9326525,176939.0
2025-06-29 00:00:00+00:00,2437.206365892025,2525.8562182207584,2413.4761630953603,2500.8275808809226,62787.85913598,157021609.871725,203933.0
2025-06-30 00:00:00+00:00,2500.8819509899686,2524.650158788415,2434.1772757275908,2486.247941840252,153579.38848164998,381836438.5215868,353496.0
2025-07-01 00:00:00+00:00,2486.321276276315,2501.321669788721,2386.95388018374,2405.5250449237624,105261.55940442,253209317.4150627,307663.0
2025-07-02 00:00:00+00:00,2405.5310365231776,2619.863428433822,2373.069354314303,2571.220174745695,216728.20806978,557255941.0255011,448527.0
2025-07-03 00:00:00+00:00,2571.200533122533,2637.6894587452944,2557.4183818382458,2592.064074120645,152361.91306673,394931841.12456363,388413.0
2025-07-04 00:00:00+00:00,2592.1272087520374,2603.6744752214017,2475.0754308510286,2508.7353317557713,100270.01738825999,251550935.3376934,296876.0
2025-07-05 00:00:00+00:00,2508.9089157066887,2530.3810312418045,2488.736900243284,2517.1352317014116,33252.23405501,83700369.87264717,184350.0
2025-07-06 00:00:00+00:00,2517.2154230042147,2605.5953792232367,2504.597290506685,2571.1900075369526,59402.73421285,152735716.6284534,224980.0
2025-07-07 00:00:00+00:00,2571.0073930077606,2590.9528006930495,2512.9725339653714,2542.5149711656913,107401.38587377,273069631.50800365,319339.0
2025-07-08 00:00:00+00:00,2542.5013712431705,2628.885447617442,2523.8216702207837,2616.3363832045766,139665.99746721,365413230.67001975,354728.0
2025-07-09 00:00:00+00:00,2616.3766293040912,2797.417208821779,2590.679989132076,2769.9245332726014,239007.02251971,662031415.3017819,543791.0
2025-07-10 00:00:00+00:00,2769.941696155596,3000.0693879217433,2756.5197884988825,2951.186587067341,316467.12475028995,933953533.8108226,740543.0
2025-07-11 00:00:00+00:00,2951.6279338832683,3040.264387813549,2913.9812100347276,2958.755998512326,312343.39776876,924147901.7440401,908399.0
2025-07-12 00:00:00+00:00,2958.930554266589,2980.6596824949047,2905.108840541632,2944.0347771226034,87306.57720509,257033599.56332448,405350.0
2025-07-13 00:00:00+00:00,2943.5696818096108,3020.4872747781665,2936.689976002799,2972.514384827382,109709.86844996999,326114162.12505555,407602.0
2025-07-14 00:00:00+00:00,2973.278111666301,3082.9588334669816,2964.0945366230976,3014.5443415731816,254503.73679498,767212799.6645373,777549.0
2025-07-15 00:00:00+00:00,3014.4143855351554,3144.656565705516,2932.8891788753945,3138.481521507347,236959.69781445997,743693632.9326476,718046.0
2025-07-16 00:00:00+00:00,3139.02639064621,3425.5528629535415,3101.5464002734225,3373.2694214529824,378350.0533184701,1276276665.4643006,900988.0
2025-07-17 00:00:00+00:00,3373.1591515288414,3526.4146377250486,3311.0090505196536,3479.479659863883,361167.95655347,1256676558.6224015,937238.0
2025-07-18 00:00:00+00:00,3479.6924197997587,3677.1560406620156,3461.937381241637,3549.4660117636504,428443.4393787999,1520745426.0381703,987205.0
2025-07-19 00:00:00+00:00,3549.5151670133964,3610.5860040378047,3509.108991418238,3594.303860487157,106907.45814085999,384257889.51056224,406185.0
2025-07-20 00:00:00+00:00,3594.42289711688,3824.891623885668,3581.2653102335235,3758.6650863880914,202010.61599187003,759290249.4083937,610605.0
2025-07-21 00:00:00+00:00,3758.6507853932853,3860.539764663063,3703.9552885287726,3763.744705233728,270838.07082143,1019365355.0298746,685083.0
2025-07-22 00:00:00+00:00,3763.8949562903254,3801.401991091844,3617.6874325233457,3748.645454813819,284714.22189806006,1067292673.839016,678720.0
2025-07-23 00:00:00+00:00,3748.6699102538228,3766.6952094941576,3528.723748406511,3630.2682862289753,275600.69707952,1000504470.2703799,660677.0
2025-07-24 00:00:00+00:00,3630.3693318474693,3774.7690021899552,3508.176172381801,3708.3936717554798,288880.88951725996,1071284062.5769007,723738.0
2025-07-25 00:00:00+00:00,3708.925327066647,3747.569168859744,3574.8108912717043,3725.8732392771863,281617.53489649,1049271236.9820412,677343.0
2025-07-26 00:00:00+00:00,3725.940662290963,3794.872633360091,3698.3895249482102,3742.7620993391197,90693.85563598001,339445525.5172796,318587.0
2025-07-27 00:00:00+00:00,3743.1473786032334,3880.1794273201067,3732.124884249782,3874.0435553151883,104431.9821866,404574047.5587883,389644.0
2025-07-28 00:00:00+00:00,3873.762744633887,3941.6129560984386,3753.4578335261476,3799.22483744474,261418.45105392,993187472.210385,646053.0
2025-07-29 00:00:00+00:00,3799.465866521282,3886.1367209462014,3715.6720375730624,3793.675403428473,185604.11590328,704121769.2773609,575295.0
2025-07-30 00:00:00+00:00,3793.4414363654887,3833.6264457135844,3675.855312641196,3810.2497265027023,160333.38461868,610910234.892578,570531.0
2025-07-31 00:00:00+00:00,3810.1641915602663,3878.2887472021143,3681.6155529613056,3698.133419764529,144964.6764733,536098714.7512635,464273.0
2025-08-01 00:00:00+00:00,3698.281845865046,3724.9366104212213,3430.185145907316,3486.9785942919784,298483.8312303,1040806730.2423156,785632.0
2025-08-02 00:00:00+00:00,3486.456527896598,3536.8136905803794,3368.2491818545495,3392.990749218605,158617.54956225998,538187878.3284717,534349.0
2025-08-03 00:00:00+00:00,3392.992380682297,3527.6971444476603,3354.7703747922014,3497.5956658558252,75997.98116656,265810209.54195288,337712.0
2025-08-04 00:00:00+00:00,3497.6871352534813,3737.1929443609592,3491.988357015094,3720.911304714744,175083.15071578,651468874.7634212,509595.0
2025-08-05 00:00:00+00:00,3720.809871091652,3721.3287316700876,3545.90303102564,3611.576630907829,172123.3197015,621636559.0682145,540505.0
2025-08-06 00:00:00+00:00,3611.613028018474,3699.863175081584,3563.683506005197,3683.880312642284,168985.39390949998,622521965.7473083,551061.0
2025-08-07 00:00:00+00:00,3683.7974123115127,3928.6857282973538,3648.2443346236646,3911.4251581670082,288226.43999043,1127376148.6274815,754810.0
2025-08-08 00:00:00+00:00,3911.497399137574,4071.306241969033,3880.507068496432,4010.9789425549657,423708.79007540003,1699487034.7678719,804653.0
2025-08-09 00:00:00+00:00,4010.742481691702,4326.06672581585,4007.4771140825096,4262.643451620631,269449.02481733,1148565121.1831567,659934.0
2025-08-10 00:00:00+00:00,4262.57031202044,4332.707882592587,4161.149351054327,4251.91626181031,184240.02139157997,783373143.0311383,491897.0
2025-08-11 00:00:00+00:00,4251.88794081363,4365.811623571185,4165.630125048378,4224.666468009436,341720.05587054,1443653261.4825814,750297.0
2025-08-12 00:00:00+00:00,4224.7126832067715,4637.779889483097,4220.254987348825,4589.8653447874,464833.0180775,2133520960.7868524,967086.0
2025-08-13 00:00:00+00:00,4589.7137384817115,4785.269517285773,4563.350102828258,4751.502065071025,446829.95251224,2123113442.0974963,1307112.0
2025-08-14 00:00:00+00:00,4750.012949745844,4791.270801567553,4448.071070731901,4541.294646225918,524386.16567287,2381392086.7251415,1318531.0
2025-08-15 00:00:00+00:00,4551.579520079651,4671.3663489602895,4369.930822373853,4442.470140748532,331422.80975687003,1472335936.3078763,735187.0
2025-08-16 00:00:00+00:00,4442.524109781326,4494.452734189189,4376.125380531294,4424.996758401085,122567.46419641,542360631.7545552,369316.0
2025-08-17 00:00:00+00:00,4425.399338777998,4577.053531306559,4398.154284489791,4475.327003070218,144206.93427059,645373186.9711434,407474.0
2025-08-18 00:00:00+00:00,4475.1863408201225,4484.388093793979,4227.589379431994,4315.109615234507,328412.43490059,1417135655.6021125,743365.0
2025-08-19 00:00:00+00:00,4315.470161142602,4356.497838404005,4066.7089596569026,4075.886799060244,378285.0941417,1541847221.4934168,836642.0
2025-08-20 00:00:00+00:00,4075.3293770270566,4378.41165708907,4062.93291870562,4336.2754409245845,306102.04951692,1327342799.7369013,687596.0
2025-08-21 00:00:00+00:00,4336.2190246807895,4340.087736846831,4204.633954104665,4224.510780606197,197925.89731659,836140086.9750897,557104.0
2025-08-22 00:00:00+00:00,4224.519175810364,4885.853937731788,4205.999892759907,4830.96702675927,583379.49108076,2818287085.4987555,1127609.0
2025-08-23 00:00:00+00:00,4830.259831083113,4830.73348750891,4660.374948573479,4776.910343523124,150112.80533314002,717075412.4911497,493105.0
2025-08-24 00:00:00+00:00,4777.424342068074,4955.991052652849,4710.222675781529,4779.938424014188,235855.35096622998,1127374054.5928345,649687.0
2025-08-25 00:00:00+00:00,4779.681828193756,4797.558994598784,4336.065168674764,4377.393475083817,393961.99631178,1724526672.0861807,900050.0
2025-08-26 00:00:00+00:00,4377.3629595657085,4634.710949120697,4312.184095947706,4601.756397725574,335125.11459353997,1542164140.1193388,885477.0
2025-08-27 00:00:00+00:00,4601.692569400129,4663.997233961153,4470.220027866726,4507.033210643952,258744.97159267,1166172180.0552895,845500.0
2025-08-28 00:00:00+00:00,4506.992673547526,4634.3543832684745,4428.926803072378,4511.889771340803,202442.73471579002,913399304.0464327,692778.0
2025-08-29 00:00:00+00:00,4511.829409932209,4516.851639570529,4267.363391902791,4360.3825351506375,277148.67534706,1208474243.6234546,737304.0
2025-08-30 00:00:00+00:00,4360.502172369577,4415.158197481164,4257.849329538447,4374.707794416331,90400.91593043,395477591.5432276,328018.0
2025-08-31 00:00:00+00:00,4374.537311948598,4498.744474064126,4373.5910646459915,4392.217447263964,127001.9932093,557820370.4111868,367951.0
2025-09-01 00:00:00+00:00,4391.845967353743,4490.324609023682,4212.691231048182,4314.042661061721,163057.08564761002,703435223.6721846,510513.0
2025-09-02 00:00:00+00:00,4315.106727539095,4417.033092683623,4256.870060779896,4326.404947369384,203579.62712259,880767905.9667878,502540.0
2025-09-03 00:00:00+00:00,4326.674523857831,4493.884462035598,4283.710296412146,4452.096588556986,204410.78187771002,910056544.6620189,535094.0
2025-09-04 00:00:00+00:00,4452.162012211697,4484.220301681689,4265.810852551243,4298.4644496901,229892.87988904997,988186371.4399575,583101.0
2025-09-05 00:00:00+00:00,4298.4462865189935,4490.226956625036,4242.613724438095,4307.363631041268,293205.40283981,1262942288.6170015,675529.0
2025-09-06 00:00:00+00:00,4306.481635670678,4325.891051191075,4237.825957615211,4274.019089456142,80354.36875741,343436105.99036855,298237.0
2025-09-07 00:00:00+00:00,4274.290333506191,4335.919219497964,4270.630818619263,4305.863444924646,64776.950021130004,278920701.1696944,257842.0
2025-09-08 00:00:00+00:00,4305.173718341607,4383.71398167039,4279.207571438681,4306.107931502001,191585.42465673998,824987516.674567,458446.0
2025-09-09 00:00:00+00:00,4305.9787877349345,4382.279057033021,4275.687633908072,4309.6655460551765,155135.67936545,668582892.3251429,432088.0
2025-09-10 00:00:00+00:00,4309.631126887434,4453.715772491594,4284.846014038343,4349.670083400671,204397.62709751,889062243.7041255,491305.0
2025-09-11 00:00:00+00:00,4349.994300720064,4479.070115537049,4339.424398014985,4460.6487194707,193724.72096643,864137928.5087246,516588.0
2025-09-12 00:00:00+00:00,4460.670754721874,4742.718392800617,4452.284670062792,4714.402544885706,274928.42586634995,1296123270.5657415,693194.0
2025-09-13 00:00:00+00:00,4714.334153906827,4767.312829813066,4607.397815992546,4668.2113508054,115032.68083022,536996866.3652077,413326.0
2025-09-14 00:00:00+00:00,4668.307784955299,4693.80429398433,4579.921281356976,4606.839175732388,70658.61862684,325512892.3932608,358275.0
2025-09-15 00:00:00+00:00,4606.466868020151,4671.974642582506,4465.351361122895,4524.995738222627,155562.596644,703920086.8409455,492001.0
2025-09-16 00:00:00+00:00,4525.079115492993,4538.692453783823,4424.086907316267,4502.978021379121,156830.24415941,706203142.5373446,447248.0
2025-09-17 00:00:00+00:00,4503.0158626071425,4622.309681062659,4415.148910749772,4592.290690154014,232802.46751283004,1069096604.2040516,586639.0
2025-09-18 00:00:00+00:00,4592.410808941183,4646.4441510699035,4555.110401815192,4589.575951682181,164990.14031390002,757234780.2493442,493818.0
2025-09-19 00:00:00+00:00,4589.899499820655,4621.9219712108015,4438.037737348479,4471.104607441363,131389.62026457,587456736.53489,355283.0
2025-09-20 00:00:00+00:00,4471.040392040334,4512.125018122572,4457.261339608716,4482.514920225666,55967.02852109,250873040.3864813,237997.0
2025-09-21 00:00:00+00:00,4482.255116713111,4500.979632346036,4442.825723078638,4447.183401206905,60490.35268463,269011692.3922381,256721.0
2025-09-22 00:00:00+00:00,4447.348697357327,4457.806036258037,4057.46720645589,4202.63422489442,299972.11362656,1260673071.240899,676796.0
2025-09-23 00:00:00+00:00,4202.56217290357,4233.039645953499,4119.1860997122285,4165.457295514787,147037.29869723,612477588.5711635,477210.0
2025-09-24 00:00:00+00:00,4165.365298342572,4221.167335766995,4076.0203583069556,4154.187458356677,127497.51986772999,529648598.0061052,436568.0
2025-09-25 00:00:00+00:00,4154.053274909027,4162.591640639683,3824.580044970884,3875.2477681448436,389422.79332457,1509109810.6957705,868315.0
2025-09-26 00:00:00+00:00,3875.6392426561415,4071.1930172232446,3869.639198211708,4034.5656134702886,217695.00928790998,878304798.6970967,596213.0
2025-09-27 00:00:00+00:00,4034.4642265510006,4041.068040978151,3974.74547000837,4020.2066696945108,56630.812689239996,227667570.88350317,241420.0
2025-09-28 00:00:00+00:00,4020.2923006440633,4147.05884495393,3967.278010074268,4143.956962205337,92702.99281459999,384157212.49133295,307333.0
2025-09-29 00:00:00+00:00,4143.82736099057,4239.362535444041,4083.722005435502,4217.645409984409,153548.49002735002,647613084.1738895,423494.0
2025-09-30 00:00:00+00:00,4217.387357459569,4248.560491189784,4093.1580512099617,4146.054521698254,158675.87443393,657878826.6812198,415135.0
2025-10-01 00:00:00+00:00,4146.098046796623,4358.718203191611,4123.594813397566,4350.261563143446,209965.59930256,913405276.2283052,523606.0
2025-10-02 00:00:00+00:00,4350.490626653454,4522.867506592262,4335.259587450667,4487.486785281117,212989.86753018002,955789215.9404584,495361.0
2025-10-03 00:00:00+00:00,4487.286361411436,4595.657287703566,4430.449985640147,4515.649665803212,255815.58118693,1155173543.694015,561053.0
2025-10-04 00:00:00+00:00,4515.678864320157,4521.090381831283,4442.665436615677,4489.818994907962,73083.41223259999,328131292.45461637,258513.0
2025-10-05 00:00:00+00:00,4489.672902616195,4618.668627997925,4469.95241028386,4515.382207292428,128485.30665078001,580160267.5494435,395942.0
2025-10-06 00:00:00+00:00,4515.35704379687,4738.549707368443,4489.679013588817,4686.489074284147,261891.89808652998,1227353519.02606,607798.0
2025-10-07 00:00:00+00:00,4686.372832401262,4758.620674406454,4432.404848076093,4449.862099414968,284016.48391053,1263834187.3625684,633938.0
2025-10-08 00:00:00+00:00,4449.925404489281,4559.550083852268,4411.784492508561,4527.393843792213,187034.55938907,846779112.7544646,475966.0
2025-10-09 00:00:00+00:00,4527.038482236826,4532.285433839908,4269.991359100133,4370.710992765897,204654.29494547,894484776.6349198,572712.0
2025-10-10 00:00:00+00:00,4370.692411640229,4396.585709025193,3490.2405683701677,3839.000713190145,551718.4968554999,2118047702.908459,1218668.0
2025-10-11 00:00:00+00:00,3840.556221784218,3890.6553308993484,3651.909532909438,3753.807986397757,228328.60396083,857101737.0712141,828277.0
2025-10-12 00:00:00+00:00,3763.9228227194294,4202.5545216589435,3707.1373470842905,4155.989183749004,250911.57367383997,1042785786.2659203,897314.0
2025-10-13 00:00:00+00:00,4156.2628167032,4293.668116599019,4043.8177702512003,4242.385294689714,207156.41510615998,878837329.1470113,858105.0
2025-10-14 00:00:00+00:00,4241.617332064476,4265.626548241764,3889.3194990390843,4124.2329956217345,341468.21470881,1408294478.058121,1016321.0
2025-10-15 00:00:00+00:00,4124.113672628214,4216.58836467531,3928.5212437377186,3985.6373322858217,201357.30758734,802537202.2486615,818582.0
2025-10-16 00:00:00+00:00,3979.6914367460618,4087.442981381504,3824.8028154132703,3895.094926012035,211469.18920490998,823692565.8799239,772444.0
2025-10-17 00:00:00+00:00,3894.9146945223592,3952.19592629405,3674.2725965869104,3833.099882375357,278350.68328444,1066945971.3566873,961838.0
2025-10-18 00:00:00+00:00,3833.3396126479197,3929.9974376590253,3820.441387094605,3890.385218469789,62583.24430916001,243472928.58423963,327735.0
2025-10-19 00:00:00+00:00,3890.4256238852504,4032.125272931043,3831.147543221654,3984.2077137725555,128549.73166053001,512168832.4852758,623573.0
2025-10-20 00:00:00+00:00,3984.1019028700425,4086.2513190160844,3909.057066081504,3980.723081520935,132791.88175377,528607708.7358309,488537.0
2025-10-21 00:00:00+00:00,3980.675759791858,4112.802506416307,3839.726521243562,3874.875329397468,227583.92210755,881859325.1420604,620066.0
2025-10-22 00:00:00+00:00,3874.0297968770374,3891.6009873136477,3708.265286201328,3806.319159555645,197712.51167004,752556921.2535423,647228.0
2025-10-23 00:00:00+00:00,3806.1555727477416,3935.761914518177,3796.9245312691173,3858.3720339000397,144511.80515746,557580307.5879552,423833.0
2025-10-24 00:00:00+00:00,3858.5816130776348,4023.9372801961063,3847.6518676814076,3936.1075646559884,159983.74128979002,629713214.3127091,501151.0
2025-10-25 00:00:00+00:00,3936.0242441337523,3966.651524466642,3912.7004688781294,3954.523074385839,36321.83252944,143635524.84164864,172063.0
2025-10-26 00:00:00+00:00,3954.4595791017396,4178.8332195406,3920.017380653465,4158.79348074293,95964.96381199,399098465.88103527,328564.0
2025-10-27 00:00:00+00:00,4158.963828675614,4253.463016971145,4095.95213955545,4119.9328845289365,179707.56589718003,740383110.3384428,503690.0
2025-10-28 00:00:00+00:00,4119.64748037497,4176.85225097705,3931.245376602501,3980.2498240115265,158309.13928092,630109923.7622981,492718.0
2025-10-29 00:00:00+00:00,3980.1243671036627,4038.0978851888603,3838.801676758392,3904.184952773394,172882.18090406997,674964009.2883178,536457.0
2025-10-30 00:00:00+00:00,3904.2499318386494,3949.3488281947593,3676.776373889184,3803.936299827331,206076.92799278998,783903506.9486768,722545.0
2025-10-31 00:00:00+00:00,3804.184974246462,3903.44346609785,3795.9105747662043,3846.078810289825,159985.63770249998,615317371.1182901,671395.0
2025-11-01 00:00:00+00:00,3846.6791638942386,3904.8597585035,3829.7200828032414,3872.5074800130756,36880.77605579,142821081.1447339,343413.0
2025-11-02 00:00:00+00:00,3872.5003774649813,3916.575449955306,3838.713071571745,3906.765264283129,47950.72676192,187332233.7106005,318231.0
2025-11-03 00:00:00+00:00,3906.3032949947597,3914.2572829061282,3554.3700800180727,3603.3428593496055,256045.7717557,922620703.3225605,785208.0
2025-11-04 00:00:00+00:00,3602.842868564897,3653.100702407949,3055.9273911513646,3286.749181987943,440366.2976345699,1447373568.5254817,1214519.0
2025-11-05 00:00:00+00:00,3285.684097780844,3481.3450091358254,3166.3961786433943,3424.1122333267804,286265.5473611,980205362.6991292,985375.0
2025-11-06 00:00:00+00:00,3421.50406717489,3453.7847979668127,3245.4261171238463,3313.436861817351,239997.0590206,795215102.0866104,774178.0
2025-11-07 00:00:00+00:00,3313.5041373586337,3475.41212716208,3188.3083348892274,3434.3240228978866,303109.06874990993,1040974756.3660227,929250.0
2025-11-08 00:00:00+00:00,3434.146729703811,3486.1647092859953,3354.9128149279018,3400.5599681389476,96742.60376135,328979025.56437516,425738.0
2025-11-09 00:00:00+00:00,3400.9366231190993,3621.994483506539,3357.8946645321134,3583.1189173738326,133868.90404975,479668202.5487617,397423.0
2025-11-10 00:00:00+00:00,3583.1606009535594,3658.018431212457,3506.449523208472,3566.5363041082637,204654.0272364,729906017.9205819,786084.0
2025-11-11 00:00:00+00:00,3566.456390587697,3643.914178722155,3404.03409535835,3416.249169414376,185203.06256439,632699808.658596,655267.0
2025-11-12 00:00:00+00:00,3416.4511320185725,3587.615872626996,3371.599853650788,3413.9440438268252,198867.42895593,678922274.5952516,846400.0
2025-11-13 00:00:00+00:00,3414.0148665586307,3563.3094329976707,3151.0978184976666,3229.9637815817923,317417.34846274,1025246539.1803772,982306.0
2025-11-14 00:00:00+00:00,3230.021566109246,3254.5754280902634,3068.323847427027,3109.504044648946,334440.00447601,1039942546.6105647,1009341.0
2025-11-15 00:00:00+00:00,3110.2643121657215,3228.028405820172,3108.907581722533,3166.5997362597873,90907.4786419001,287867597.8914831,800575.0
2025-11-16 00:00:00+00:00,3166.4207362660104,3245.8097031347734,3002.3263999903047,3092.9102074676443,171293.77036245,529796250.82964027,714658.0
2025-11-17 00:00:00+00:00,3092.5900507024357,3220.689100191334,2956.040279424785,3022.3064944219564,297140.90198933,898050877.8407501,893166.0
2025-11-18 00:00:00+00:00,3027.935310835465,3168.7580181345625,2936.6277325332308,3122.071340196031,289321.15421727,903281283.6941749,829037.0
2025-11-19 00:00:00+00:00,3121.720411972716,3124.278685972724,2869.4121071128925,3023.1937796548505,352594.76112931006,1065962288.585018,884843.0
2025-11-20 00:00:00+00:00,3023.731361098717,3060.3424701001245,2788.3028575484977,2831.592045095853,323692.93854998,916566349.851824,940042.0
2025-11-21 00:00:00+00:00,2830.818371968522,2882.4498505334504,2620.8494334728343,2764.362859129508,397129.81905643,1097810922.052417,1214079.0
2025-11-22 00:00:00+00:00,2764.1363495282517,2798.0956971727214,2702.9192351894676,2768.495446994313,118224.18488172001,327303117.5696558,488314.0
2025-11-23 00:00:00+00:00,2769.5391007308363,2857.2321072510085,2767.1417879648407,2801.1569091244605,144209.45328808,403953306.43896645,614650.0
2025-11-24 00:00:00+00:00,2800.9504542415557,2983.325657058044,2762.145020183726,2952.349861647286,258934.42228429002,764465005.8067436,951376.0
2025-11-25 00:00:00+00:00,2952.5507487338436,2978.8693135446806,2855.3807537716852,2958.3639400727598,184169.86653558002,544841492.0068728,573224.0
2025-11-26 00:00:00+00:00,2958.4699565108526,3044.633328608238,2888.034673126453,3026.5456105919184,154764.82610135002,468402805.11106247,569343.0
2025-11-27 00:00:00+00:00,3026.438345879547,3071.386065517318,2984.47115128681,3014.9540261908187,99428.60045900001,299772659.27238035,379097.0
2025-11-28 00:00:00+00:00,3016.2697980383314,3098.827848879825,2994.563273066373,3031.9456523167755,170741.82867906,517679945.13209176,551222.0
2025-11-29 00:00:00+00:00,3031.9011186939997,3053.3220592495386,2963.353871664661,2990.3378429878726,83796.32539917981,250579322.94449323,259508.0
2025-11-30 00:00:00+00:00,2990.2157133618416,3053.2004336553564,2977.238592852043,2991.8433517164776,60446.270726380004,180845773.20877436,243861.0
2025-12-01 00:00:00+00:00,2991.8136998921827,2999.3084036175,2717.450169260312,2798.672936768125,272897.21700198,763750055.7427796,727140.0
2025-12-02 00:00:00+00:00,2798.5557215595336,3034.6607922058056,2782.34478973922,2996.9430457110507,199839.89488880002,598908783.2426165,663707.0
2025-12-03 00:00:00+00:00,2996.9904778652194,3214.896393340251,2986.4874048798183,3189.60900999084,247064.36952207,788038739.0753008,710316.0
2025-12-04 00:00:00+00:00,3189.6123416886726,3241.191162221784,3065.03444266045,3134.0188255063094,212570.37078886002,666199543.7971438,657585.0
2025-12-05 00:00:00+00:00,3134.044420075973,3193.7451514104487,2984.105694316993,3022.736168871609,210709.39668476002,636918914.4801396,627017.0
2025-12-06 00:00:00+00:00,3022.58670774379,3068.7957002227763,3012.8064551009656,3039.242193925653,55738.231572239994,169401985.20915076,269842.0
2025-12-07 00:00:00+00:00,3039.1133027716355,3150.048305840216,2913.164768965628,3060.9332375368795,112505.04672663,344370436.91618145,427232.0
2025-12-08 00:00:00+00:00,3060.1766325556473,3179.8995043916416,3040.790577934672,3124.8060278255302,172389.44649641,538683581.5454887,558782.0
2025-12-09 00:00:00+00:00,3124.722364008932,3397.4053847537275,3091.2258780603065,3318.694237154034,213112.07789254002,707253824.7698942,668575.0
2025-12-10 00:00:00+00:00,3318.27243616499,3466.970995374993,3286.1718933932675,3324.8102648955605,195820.35245897,651065517.9310501,901585.0
2025-12-11 00:00:00+00:00,3325.041099679876,3328.3002265156106,3145.8032120785156,3237.368366527884,211585.35969461998,684979750.2957867,658867.0
2025-12-12 00:00:00+00:00,3237.5121912117766,3266.4666268896926,3045.32782055843,3084.8978326976553,187562.51095353,578611183.535875,612332.0
2025-12-13 00:00:00+00:00,3085.166695476964,3135.854374064111,3062.30254285656,3115.253835013608,54743.4855069,170539853.16738206,283554.0
2025-12-14 00:00:00+00:00,3114.8564542976583,3129.976169281908,3026.34961051796,3062.546841920825,122765.02885859,375973651.42919374,460250.0
2025-12-15 00:00:00+00:00,3063.255140947591,3177.4329857779,2893.6747358278153,2964.4010819331756,276557.30120053,819826762.8953704,795256.0
2025-12-16 00:00:00+00:00,2964.482997416874,2981.949428920506,2877.390134171921,2962.00503439725,159401.58167272998,472148287.4055106,656040.0
2025-12-17 00:00:00+00:00,2961.963109047629,3028.682826215131,2790.237366964342,2832.5069596162716,237501.96332272,672725964.0341328,710480.0
2025-12-18 00:00:00+00:00,2832.5702373155655,2995.7311045286224,2774.7038285203066,2826.861895044032,244446.47827351998,691016434.8091224,764496.0
2025-12-19 00:00:00+00:00,2826.9847296125417,3017.4287679501995,2807.0925142242236,2978.1415060001045,199330.9517231,593635780.7570672,630073.0
2025-12-20 00:00:00+00:00,2978.3491630195954,2993.077619167797,2965.519754909228,2977.0998573598463,42123.04639074,125404515.40143423,316497.0
2025-12-21 00:00:00+00:00,2977.051170783368,3012.2957521759413,2942.753400508186,3001.560054441842,78622.12795837,235989038.6750585,226193.0
2025-12-22 00:00:00+00:00,3001.5089210777733,3075.866416889945,2962.496063339518,3007.5318492829815,159404.65323311,479414571.5224877,586997.0
2025-12-23 00:00:00+00:00,3007.5190605694747,3033.584294579111,2900.2111385743574,2963.0049141689888,139626.90597221,413715208.5458695,509471.0
2025-12-24 00:00:00+00:00,2963.086980798586,2976.209566312065,2886.606468612046,2945.280753265779,107694.36387677,317190137.16145205,466420.0
2025-12-25 00:00:00+00:00,2944.8956592040113,2969.1512929238997,2889.222800911712,2902.682800094841,54705.62313219,158793071.33427835,222643.0
2025-12-26 00:00:00+00:00,2902.1484650027423,2991.46942280849,2892.8005254446552,2925.741701651287,109338.59897003,319896498.6067432,412659.0
2025-12-27 00:00:00+00:00,2925.8770769247008,2958.7218095092726,2915.939411538412,2946.864425945232,28839.818373320002,84987034.81505841,191792.0
2025-12-28 00:00:00+00:00,2946.847095654007,2958.52725077235,2923.6705716724996,2948.954959505116,37047.64510595001,109251836.77317673,278041.0
2025-12-29 00:00:00+00:00,2949.1205246532354,3054.2323509384473,2907.4562006925044,2934.6257356603446,161323.75714808,473424849.50017506,463564.0
2025-12-30 00:00:00+00:00,2934.32256690555,3005.590335575755,2915.228022014262,2970.6404121337123,168793.71841566998,501425441.2399077,487653.0
2025-12-31 00:00:00+00:00,2970.477303522483,3023.8394830687093,2957.6243775458556,2967.0360988248617,124566.01221056,369591854.91539,333158.0
2026-01-01 00:00:00+00:00,2967.311719515097,3006.8548076572188,2965.0390782515724,3000.624324519697,50265.085914790005,150826639.4699913,423077.0
2026-01-02 00:00:00+00:00,3000.4816838154425,3148.7270435924984,2979.893435556183,3124.897531007064,235225.49912599,735055581.4487104,579763.0
2026-01-03 00:00:00+00:00,3124.4817523260804,3135.6783587849086,3076.187656757701,3125.4927273918724,63084.97105653,197171618.24491128,246711.0
2026-01-04 00:00:00+00:00,3125.5769954457437,3165.730239177888,3117.2958018159034,3143.1770775951695,67979.45908604,213671477.54655963,287943.0
2026-01-05 00:00:00+00:00,3143.1518207127256,3264.399548015077,3132.9843431042714,3225.251779180293,173223.73390914,558690155.9867074,596276.0
2026-01-06 00:00:00+00:00,3225.0990621923074,3307.5477279076695,3181.5809381851805,3295.489505598304,172558.25222103996,568663909.2988224,584212.0
2026-01-07 00:00:00+00:00,3295.130524063364,3295.325391024788,3122.173495430014,3165.9807626312095,184683.98763735,584705952.0258702,587828.0
2026-01-08 00:00:00+00:00,3165.784442046787,3181.6040485121744,3050.430698288836,3104.226063500824,177165.86437365,549962893.7513363,612068.0
2026-01-09 00:00:00+00:00,3104.152864609317,3145.001928794184,3053.8730597203007,3084.306717432649,162229.14388497002,500364438.2477608,593725.0
2026-01-10 00:00:00+00:00,3084.0813461216826,3100.166880604244,3074.188855110535,3082.0309787712754,57372.91419791,176825098.90034497,209135.0
2026-01-11 00:00:00+00:00,3082.036307984211,3142.463432631168,3080.367457829931,3118.353731771599,91526.50534465001,285412019.49750257,286945.0
2026-01-12 00:00:00+00:00,3118.6728680304395,3167.0298390443895,3062.2696709289476,3091.926070807819,149314.97717569998,461670870.69162124,740452.0
2026-01-13 00:00:00+00:00,3091.8955920776452,3370.2690948043237,3088.2231058461166,3323.2298103777057,207504.22224742002,689584217.1518669,648701.0
2026-01-14 00:00:00+00:00,3323.2072214425243,3403.0513771549536,3278.6735814451645,3354.4273663254926,267333.64969749004,896751310.4849334,804516.0
2026-01-15 00:00:00+00:00,3354.4180580059497,3383.9737345699864,3271.3218314470646,3317.894654467994,197783.72473231,656225563.0301005,606261.0
2026-01-16 00:00:00+00:00,3317.9874694503255,3326.2324818858965,3251.012554913895,3294.849258978469,131009.94693736,431658026.58536917,552768.0
2026-01-17 00:00:00+00:00,3294.869979034047,3328.7459742870747,3282.599245510546,3309.0673000053202,40272.516709229996,133264468.13143085,198787.0
2026-01-18 00:00:00+00:00,3308.893263900317,3367.5509807029366,3277.121189744415,3282.550991746501,53465.86144114,175504416.4981951,350542.0
2026-01-19 00:00:00+00:00,3282.325801625705,3282.6026883406153,3163.234232977602,3187.42919901763,134866.60646347,429877759.4140841,479643.0
2026-01-20 00:00:00+00:00,3187.09776922521,3198.1238968171992,2907.6579570167887,2936.519533617988,224922.13029092,660488229.1422567,639265.0
2026-01-21 00:00:00+00:00,2936.6453145246846,3066.3895057150467,2863.8088441191812,2979.7680451304896,267507.40176194,797110007.6061124,706061.0
2026-01-22 00:00:00+00:00,2979.760547271921,3035.6397311668125,2903.0588250735955,2949.4039838094973,156338.3542372,461104964.8094181,508223.0
2026-01-23 00:00:00+00:00,2949.481271827682,3015.2665585219265,2888.348507477563,2952.9698179399456,160575.56261219,474174789.89252305,483189.0
2026-01-24 00:00:00+00:00,2952.897445612142,2966.145166762796,2939.981620380373,2948.914876979025,41037.25386302,121015368.42702463,244796.0
2026-01-25 00:00:00+00:00,2948.9597550041476,2955.573850261441,2781.1492421990206,2814.429986484689,184470.79450794,519180135.6938014,442399.0
2026-01-26 00:00:00+00:00,2814.5277894417227,2948.5414395549456,2810.2221525435016,2927.242516974061,246832.2678456699,722537908.9989743,609078.0
2026-01-27 00:00:00+00:00,2927.5542345416475,3031.5765274199653,2896.511626918622,3022.352119996467,186411.13383399998,563400085.534135,479229.0
2026-01-28 00:00:00+00:00,3022.2019438330526,3041.5251481310975,2979.482315482715,3006.318736214347,161585.87896582,485778655.4426085,500798.0
2026-01-29 00:00:00+00:00,3006.665230777283,3009.514638723677,2750.7440242662406,2818.307290442609,275319.23733275,775934213.7739882,668960.0
2026-01-30 00:00:00+00:00,2818.2789219870033,2824.562388987334,2632.8317387643483,2702.873238324427,330011.00005295,891977900.3957995,843897.0
2026-01-31 00:00:00+00:00,2702.892098950377,2710.2527878748024,2238.6085646874285,2449.528490613783,412734.39996829006,1011004671.778711,1037796.0
2026-02-01 00:00:00+00:00,2449.6035974766774,2473.907000408325,2219.370289913866,2268.163025189397,279685.86029889,634373126.9982294,849360.0
2026-02-02 00:00:00+00:00,2268.3791235582908,2395.29422011982,2156.3171636399316,2345.0700210521964,457358.26764057,1072537162.3242675,1368477.0
2026-02-03 00:00:00+00:00,2345.0572816691265,2357.4673252668517,2108.2148945438366,2230.7917587574557,503542.20254820003,1123297795.631102,1231182.0
2026-02-04 00:00:00+00:00,2230.561704452423,2292.812742861622,2072.793568579606,2143.634313775698,490718.32229461,1051920634.0691682,1225642.0
2026-02-05 00:00:00+00:00,2143.473244840063,2168.774406086077,1813.9927919116988,1823.2572724391116,717789.5416500892,1308715001.8942618,1776581.0
2026-02-06 00:00:00+00:00,1823.9478222048813,2092.5684565680403,1741.150633955444,2062.0488320487766,669758.2531618301,1381074223.6873806,1651496.0
2026-02-07 00:00:00+00:00,2062.0739370948277,2119.963446102176,1993.7510265305277,2086.5971633292634,305974.315965081,638445139.7443497,781280.0
2026-02-08 00:00:00+00:00,2086.3445996863925,2150.083864171334,2065.069981016484,2088.5913882890336,168473.13383356002,351871536.4828393,477768.0
2026-02-09 00:00:00+00:00,2088.4017294434684,2148.5713642000887,2007.0184834840527,2103.853607107226,320104.54952728003,673453111.1744018,799731.0
2026-02-10 00:00:00+00:00,2104.120400048464,2123.280388020505,1987.9349223154181,2021.524297308707,301077.02654837,608634524.5289886,737314.0
2026-02-11 00:00:00+00:00,2021.4332169605245,2031.257504454249,1901.7502465921668,1939.8053914464563,343082.93139948,665514120.041966,776390.0
2026-02-12 00:00:00+00:00,1940.1139919885704,2000.3141871245432,1895.73154610137,1946.3049970056454,244745.95258456,476350270.5122359,633625.0
2026-02-13 00:00:00+00:00,1946.086609554006,2072.0042984543193,1923.3670509551391,2047.602267135553,281895.04798161,577208939.3414301,658074.0
2026-02-14 00:00:00+00:00,2047.7323509657413,2106.420580470867,2041.3816750629035,2085.5348292638027,101165.08506653001,210983308.41168374,261298.0
2026-02-16 00:00:00+00:00,1965.4446773422103,2022.3019087041016,1936.4568970815928,1997.502136285408,142897.2292367,285437520.6695739,418239.0
2026-02-17 00:00:00+00:00,1997.4018249788119,2015.2605854106214,1940.370354247951,1990.9916127095191,223171.35799340002,444332301.9618529,599072.0
2026-02-18 00:00:00+00:00,1990.9974279467335,2038.118510293439,1922.8750397840302,1955.191230685001,232509.25851485,454600063.3013066,553657.0
2026-02-19 00:00:00+00:00,1955.1090055387106,1986.6027980089113,1905.513356540913,1948.2399144307606,184112.58360743,358695484.1329656,450905.0
2026-02-20 00:00:00+00:00,1948.2211877245522,1981.2132812070565,1922.580642791399,1968.3334897896932,227678.39670301002,448147013.13215786,531358.0
2026-02-21 00:00:00+00:00,1968.3269882024902,1995.208009501856,1955.402723163253,1973.262827285714,73262.68138778,144566525.80978322,190900.0
2026-02-22 00:00:00+00:00,1973.0337508947414,1982.722062690794,1934.372916755236,1957.100822408142,76850.18405323,150403558.41279352,206345.0
2026-02-23 00:00:00+00:00,1957.0985397012212,1958.054277168752,1837.2573259271576,1855.7007559262154,298447.17039558,553828639.7071178,628084.0
2026-02-24 00:00:00+00:00,1855.733093569984,1868.9629176399985,1799.3854454520942,1852.0715287201072,280774.72680080996,520014877.4919466,618238.0
2026-02-25 00:00:00+00:00,1852.1475374764057,2149.2065587651937,1846.3555339617594,2057.748363238663,454143.42539125,934512890.2744446,769853.0
2026-02-26 00:00:00+00:00,2057.674163215236,2083.554296379063,1975.2711398405172,2027.8942324982977,274316.7088198,556285271.6935873,597757.0
2026-02-27 00:00:00+00:00,2027.6443868925237,2063.829097877891,1886.9583629439987,1929.6431069636592,311880.12899716,601817341.1183066,709337.0
2026-02-28 00:00:00+00:00,1929.7845608446055,1984.9590188985378,1835.8278758610024,1964.9577810427027,220402.93260094998,433082457.37886703,551612.0
2026-03-01 00:00:00+00:00,1964.9343269847443,2054.7226880617704,1907.984964482142,1939.6465410852052,232010.22612779,450017832.6051642,560547.0
2026-03-02 00:00:00+00:00,1939.679861796822,2089.5595207874194,1920.2739525016905,2027.4331609101728,377207.27247674996,764762532.755842,874199.0
2026-03-03 00:00:00+00:00,2027.609619516757,2041.7514541138498,1928.187983003226,1982.8648097343435,335849.09135304,665943344.6251978,827341.0
2026-03-04 00:00:00+00:00,1982.9367752879014,2199.938351390693,1943.316142699796,2127.885575289898,409592.67431228,871566343.4135138,865375.0
2026-03-05 00:00:00+00:00,2127.6815407518125,2164.183025832922,2054.633871433434,2072.9925507394296,287799.34669851,596605901.8136857,746668.0
2026-03-06 00:00:00+00:00,2073.156791086516,2093.5245170460294,1955.6317520566706,1978.532502490598,302173.13491444,597859368.8076961,639297.0
2026-03-07 00:00:00+00:00,1978.6122039092045,1996.3095334066302,1948.2124579988777,1969.5006372891444,88996.1576221,175277989.15301108,218000.0
2026-03-08 00:00:00+00:00,1969.7656048114272,2000.998910527625,1911.9354317888929,1937.0215119561396,191039.42411865998,370047474.149557,383501.0
2026-03-09 00:00:00+00:00,1937.025849419669,2054.097597634811,1929.7131516013148,1993.3026441959191,286552.81804952,571186489.9199004,759119.0
2026-03-10 00:00:00+00:00,1993.1508213559189,2088.77234768001,1991.2104303849856,2036.88339343449,249659.68163529,508527659.53306395,562937.0
2026-03-11 00:00:00+00:00,2036.9861985262382,2086.4078297029737,2007.1746543388645,2052.2434963211167,224180.56103231,460073098.3801774,510297.0
2026-03-12 00:00:00+00:00,2052.4464555692707,2095.873355436942,2018.475596745154,2073.9406721525183,205999.56578956998,427230877.93674767,540866.0
2026-03-13 00:00:00+00:00,2073.605679964099,2211.024554091235,2070.270341004829,2092.866844891825,334981.08455200004,701070805.524786,790122.0
2026-03-14 00:00:00+00:00,2092.6669921858743,2105.991369169281,2062.0113984113073,2096.6252982110177,71741.22961912,150414476.94421256,259817.0
2026-03-15 00:00:00+00:00,2096.6401428284926,2202.9923039272944,2083.907733599269,2178.6559094932677,134438.75586171,292895789.9230372,372623.0
2026-03-16 00:00:00+00:00,2178.6674264646945,2386.0299108776503,2165.1849071252154,2352.7992431540983,351408.2191172,826792991.9770777,919082.0
2026-03-17 00:00:00+00:00,2352.771290926011,2376.6184458859207,2296.5006588973197,2318.024175978614,263775.99075547,611439123.6138909,795417.0
2026-03-18 00:00:00+00:00,2318.2680097579687,2350.8426291362257,2153.192202437239,2203.4636614250567,251855.11796078001,554953600.3704998,738088.0
2026-03-19 00:00:00+00:00,2203.4382385262907,2233.611902702944,2099.1795629803546,2137.787263807595,245078.47909047003,523925651.2329428,733979.0
2026-03-20 00:00:00+00:00,2137.879856798476,2176.575259773811,2116.212010031382,2146.0150631481356,209263.13480941,449081839.4625928,682596.0
2026-03-21 00:00:00+00:00,2146.030669714397,2167.5787293840554,2070.8603052919484,2083.211738359993,53590.51734113,111640394.78982677,213381.0
2026-03-22 00:00:00+00:00,2082.7939549234175,2126.5951406853274,2025.7273801920883,2053.5589193957085,137005.38065577002,281348621.4508608,403011.0
2026-03-23 00:00:00+00:00,2053.5123494258746,2197.986829018718,2022.9692774409423,2151.7610961952523,329527.05779324006,709063503.1031785,970008.0
2026-03-24 00:00:00+00:00,2152.1203997544494,2175.2344476174067,2101.416304368334,2155.6177822313507,216499.88851842,466691009.54141116,671758.0
2026-03-25 00:00:00+00:00,2155.613116945917,2199.432624325719,2145.791652124968,2168.075376080391,209959.33991004998,455207674.83707225,607419.0
2026-03-26 00:00:00+00:00,2168.0527939661674,2171.3002237633495,2032.7202112002683,2058.8488260043387,242401.34617873,499067727.00194955,676248.0
2026-03-27 00:00:00+00:00,2058.871960219045,2075.987228130429,1969.7360717389379,1991.529340425233,231649.33646817002,461336450.2663975,685613.0
2026-03-28 00:00:00+00:00,1991.503874052506,2043.2971493621123,1981.3801606677237,1993.27658942126,70065.87080271999,139660659.98847634,311450.0
2026-03-29 00:00:00+00:00,1993.0394544062315,2017.8011378471601,1937.8324865557001,1982.9818020961907,83607.71294959998,165792573.2939388,324006.0
2026-03-30 00:00:00+00:00,1983.1176232247176,2083.9694647744386,1978.5991234659657,2024.6162273789425,254306.13993620002,514872337.6369307,704148.0
2026-03-31 00:00:00+00:00,2024.6106891897773,2121.489920603304,2010.3283750775263,2103.614619782608,277344.5045304,583425954.446513,788572.0
2026-04-01 00:00:00+00:00,2103.369411759106,2167.3679683333444,2080.4296023193224,2140.1322361870307,209639.76928125,448656828.2256147,568187.0
2026-04-02 00:00:00+00:00,2139.9857161105992,2159.079879027471,2015.984611907116,2056.7608823534792,244570.50834594,503023054.5432345,597284.0
2026-04-03 00:00:00+00:00,2056.8389631834725,2081.5160382212866,2040.7366280646088,2053.4871616118676,82632.93113912,169685663.22054043,233848.0
2026-04-04 00:00:00+00:00,2053.4136841227196,2083.3595134309917,2044.222055315092,2065.179500627706,45136.649252489995,93215282.7632652,144193.0
2026-04-05 00:00:00+00:00,2065.050014937139,2122.4582429557,2021.2554797738253,2109.178286956892,82197.08885433999,173368315.06264025,221488.0
2026-04-06 00:00:00+00:00,2109.357114384223,2174.6561960887166,2087.8205439276244,2107.304087149112,247682.64080604003,521942641.2864536,572762.0
2026-04-07 00:00:00+00:00,2107.10795482212,2272.8346778122464,2059.890447065615,2239.7632216168877,310038.4349193794,694412683.820087,626852.0
2026-04-08 00:00:00+00:00,2239.9180282679336,2271.248720266756,2186.050098802488,2216.280040409433,168405.02986074984,373232706.38493437,395767.0
