Date,AdjClose,Close,High,Low,Open,Volume
2007-04-30,5.977596759796143,7.824999809265137,8.5625,7.757500171661377,8.25,94059600
2007-05-07,5.200318813323975,6.807499885559082,7.889999866485596,6.802499771118164,7.875,50027200
2007-05-14,5.083821773529053,6.65500020980835,7.150000095367432,6.537499904632568,6.800000190734863,28262400
2007-05-21,5.211777210235596,6.822500228881836,6.997499942779541,6.5,6.630000114440918,12465200
2007-05-28,5.068544864654541,6.635000228881836,6.949999809265137,6.135000228881836,6.849999904632568,22644000
2007-06-04,5.2977166175842285,6.934999942779541,6.945000171661377,6.462500095367432,6.644999980926514,12344800
2007-06-11,5.33782434463501,6.987500190734863,7.262499809265137,6.8125,6.880000114440918,15969600
2007-06-18,5.043715953826904,6.602499961853027,7.007500171661377,6.5,7.0,24886000
2007-06-25,5.181221008300781,6.78249979019165,6.869999885559082,6.402500152587891,6.5625,10150000
2007-07-02,4.768709659576416,6.242499828338623,6.849999904632568,6.0625,6.802499771118164,17262000
2007-07-09,4.579640865325928,5.994999885559082,6.28000020980835,5.837500095367432,6.25,14089200
2007-07-16,4.415400505065918,5.78000020980835,5.994999885559082,5.587500095367432,5.994999885559082,11318400
2007-07-23,4.379114627838135,5.732500076293945,5.875,5.25,5.8125,14199600
2007-07-30,4.487973213195801,5.875,6.28000020980835,5.795000076293945,5.9375,18321200
2007-08-06,4.799263954162598,6.28249979019165,6.422500133514404,5.597499847412109,5.900000095367432,18238000
2007-08-13,4.715236663818359,6.172500133514404,6.480000019073486,5.652500152587891,6.362500190734863,13758000
2007-08-20,5.108649253845215,6.6875,6.712500095367432,5.872499942779541,6.1875,8674000
2007-08-27,5.110559940338135,6.690000057220459,6.795000076293945,6.474999904632568,6.6875,5199600
2007-09-03,4.973054885864258,6.510000228881836,6.875,6.355000019073486,6.675000190734863,5406400
2007-09-10,4.988333702087402,6.53000020980835,6.599999904632568,6.315000057220459,6.534999847412109,4311600
2007-09-17,5.299625873565674,6.9375,6.997499942779541,6.422500133514404,6.522500038146973,6763600
2007-09-24,5.015070915222168,6.565000057220459,6.9375,6.565000057220459,6.9375,8600800
2007-10-01,5.2709808349609375,6.900000095367432,7.057499885559082,6.527500152587891,6.527500152587891,9954800
2007-10-08,5.334001541137695,6.982500076293945,7.130000114440918,6.772500038146973,6.875,4819200
2007-10-15,5.463865756988525,7.152500152587891,7.445000171661377,6.912499904632568,6.977499961853027,13332800
2007-10-22,5.750335216522217,7.527500152587891,8.140000343322754,6.875,7.122499942779541,25765600
2007-10-29,5.538346767425537,7.25,7.597499847412109,6.887499809265137,7.597499847412109,17900400
2007-11-05,5.26334285736084,6.889999866485596,7.40500020980835,6.752500057220459,7.167500019073486,15165200
2007-11-12,5.286259174346924,6.920000076293945,7.159999847412109,6.735000133514404,6.807499885559082,15420800
2007-11-19,5.282439231872559,6.914999961853027,7.212500095367432,6.707499980926514,6.864999771118164,10636400
2007-11-26,5.614739418029785,7.349999904632568,7.514999866485596,6.815000057220459,6.900000095367432,18428000
2007-12-03,5.929851531982422,7.762499809265137,7.84499979019165,7.302499771118164,7.349999904632568,14230000
2007-12-10,5.851551532745361,7.659999847412109,8.067500114440918,7.412499904632568,7.78000020980835,17249600
2007-12-17,6.2373247146606445,8.164999961853027,8.34000015258789,7.4375,7.590000152587891,17213200
2007-12-24,6.187672138214111,8.100000381469727,8.324999809265137,8.017499923706055,8.182499885559082,4628400
2007-12-31,5.920305252075195,7.75,8.1875,7.617499828338623,8.087499618530273,8074800
2008-01-07,6.258334159851074,8.192500114440918,8.297499656677246,7.662499904632568,7.772500038146973,16080400
2008-01-14,5.983327388763428,7.832499980926514,8.537500381469727,7.5625,8.25,22929600
2008-01-21,6.006243705749512,7.862500190734863,8.40250015258789,7.4375,7.449999809265137,33727200
2008-01-28,6.773972988128662,8.867500305175781,8.982500076293945,7.675000190734863,7.855000019073486,27756400
2008-02-04,6.0482587814331055,7.917500019073486,8.914999961853027,7.889999866485596,8.854999542236328,18639200
2008-02-11,6.579174995422363,8.612500190734863,8.72249984741211,7.764999866485596,7.920000076293945,21191200
2008-02-18,6.586816787719727,8.6225004196167,8.914999961853027,8.197500228881836,8.6875,13027600
2008-02-25,5.933671474456787,7.767499923706055,8.922499656677246,7.712500095367432,8.6274995803833,17325200
2008-03-03,5.796167850494385,7.587500095367432,7.9375,7.307499885559082,7.795000076293945,23230800
2008-03-10,5.675851821899414,7.429999828338623,8.2475004196167,7.184999942779541,7.652500152587891,21581600
2008-03-17,5.137295246124268,6.724999904632568,7.387499809265137,5.0625,7.144999980926514,67747200
2008-03-24,4.978785037994385,6.517499923706055,6.96750020980835,6.494999885559082,6.737500190734863,18453600
2008-03-31,5.481054306030273,7.175000190734863,7.382500171661377,6.332499980926514,6.510000228881836,16024400
2008-04-07,5.211777210235596,6.822500228881836,7.360000133514404,6.760000228881836,7.195000171661377,8487200
2008-04-14,5.322545051574707,6.96750020980835,7.349999904632568,6.412499904632568,6.877500057220459,15810400
2008-04-21,5.90502405166626,7.730000019073486,7.755000114440918,6.777500152587891,6.897500038146973,20072000
2008-04-28,6.082633018493652,7.962500095367432,8.22249984741211,7.550000190734863,7.702499866485596,17894800
2008-05-05,6.229687213897705,8.154999732971191,8.354999542236328,7.6875,7.892499923706055,19245200
2008-05-12,6.176211833953857,8.085000038146973,8.335000038146973,7.775000095367432,8.157500267028809,10394000
2008-05-19,5.6968607902526855,7.457499980926514,8.207500457763672,7.434999942779541,8.069999694824219,12068800
2008-05-26,6.220136642456055,8.142499923706055,8.1850004196167,7.414999961853027,7.480000019073486,9612000
2008-06-02,6.2373247146606445,8.164999961853027,8.712499618530273,7.902500152587891,8.145000457763672,12906800
2008-06-09,6.5734453201293945,8.604999542236328,8.654999732971191,8.007499694824219,8.242500305175781,9905200
2008-06-16,6.395837306976318,8.3725004196167,8.817500114440918,8.177499771118164,8.569999694824219,11049600
2008-06-23,6.214408874511719,8.135000228881836,8.574999809265137,8.032500267028809,8.397500038146973,13862400
2008-06-30,5.77515983581543,7.559999942779541,8.479999542236328,7.505000114440918,8.100000381469727,12761600
2008-07-07,5.729325294494629,7.5,8.125,7.090000152587891,7.622499942779541,17668800
2008-07-14,6.439763069152832,8.430000305175781,8.462499618530273,6.960000038146973,7.570000171661377,16755200
2008-07-21,4.971144676208496,6.507500171661377,8.732500076293945,6.197500228881836,8.412500381469727,40616000
2008-07-28,5.40848445892334,7.079999923706055,7.172500133514404,6.264999866485596,6.497499942779541,33834000
2008-08-04,5.421851634979248,7.097499847412109,7.164999961853027,6.650000095367432,6.960000038146973,15712000
2008-08-11,5.517339706420898,7.222499847412109,7.380000114440918,6.635000228881836,7.110000133514404,18332000
2008-08-18,5.238514423370361,6.857500076293945,7.237500190734863,6.525000095367432,7.207499980926514,11342400
2008-08-25,5.213687419891357,6.824999809265137,6.875,6.627500057220459,6.8125,8251600
2008-09-01,5.141114234924316,6.730000019073486,6.962500095367432,6.425000190734863,6.940000057220459,6559200
2008-09-08,4.751522541046143,6.21999979019165,6.9375,5.727499961853027,6.875,25146800
2008-09-15,4.195777416229248,5.492499828338623,6.119999885559082,4.582499980926514,6.0,52598800
2008-09-22,4.619747161865234,6.047500133514404,6.375,5.034999847412109,5.667500019073486,16230400
2008-09-29,4.096466541290283,5.362500190734863,6.059999942779541,5.300000190734863,5.934999942779541,12625600
2008-10-06,3.9303171634674072,5.144999980926514,5.75,4.559999942779541,5.28249979019165,16500800
2008-10-13,4.2072367668151855,5.507500171661377,5.962500095367432,4.755000114440918,5.329999923706055,17487600
2008-10-20,3.819551706314087,5.0,6.117499828338623,4.897500038146973,5.599999904632568,16935200
2008-10-27,4.081190586090088,5.34250020980835,5.360000133514404,4.332499980926514,4.914999961853027,15999600
2008-11-03,4.081190586090088,5.34250020980835,5.777500152587891,5.1875,5.277500152587891,15439200
2008-11-10,3.626662492752075,4.747499942779541,5.512499809265137,4.375,5.442500114440918,14427600
2008-11-17,2.8169186115264893,3.6875,4.797500133514404,3.180000066757202,4.724999904632568,29382400
2008-11-24,3.483429193496704,4.559999942779541,4.579999923706055,3.5924999713897705,3.682499885559082,7579600
2008-12-01,3.282902956008911,4.297500133514404,4.525000095367432,3.922499895095825,4.525000095367432,12930800
2008-12-08,3.47579026222229,4.550000190734863,4.784999847412109,4.292500019073486,4.337500095367432,8912400
2008-12-15,3.303910732269287,4.324999809265137,4.635000228881836,4.190000057220459,4.565000057220459,9393200
2008-12-22,3.0250837802886963,3.9600000381469727,4.329999923706055,3.819999933242798,4.322500228881836,5351200
2008-12-29,3.466240644454956,4.537499904632568,4.612500190734863,3.8924999237060547,3.9674999713897705,5451200
2009-01-05,3.399399518966675,4.449999809265137,4.927499771118164,4.329999923706055,4.550000190734863,7497600
2009-01-12,3.456692934036255,4.525000095367432,4.637499809265137,4.257500171661377,4.442500114440918,9285600
2009-01-19,3.072829484939575,4.022500038146973,4.625,3.869999885559082,4.449999809265137,15007600
2009-01-26,2.916227102279663,3.817500114440918,4.237500190734863,3.765000104904175,4.007500171661377,16028800
2009-02-02,3.0212652683258057,3.9549999237060547,4.010000228881836,3.627500057220459,3.7750000953674316,10736000
2009-02-09,2.9315052032470703,3.8375000953674316,4.025000095367432,3.625,3.932499885559082,10229200
2009-02-16,2.7558062076568604,3.6075000762939453,3.7725000381469727,3.487499952316284,3.6675000190734863,10409200
2009-02-23,2.6832339763641357,3.512500047683716,3.734999895095825,3.490000009536743,3.6500000953674316,10882400
2009-03-02,2.5533692836761475,3.3424999713897705,3.575000047683716,3.1700000762939453,3.4774999618530273,14704800
2009-03-09,2.8226466178894043,3.694999933242798,3.734999895095825,3.180000066757202,3.2950000762939453,14046000
2009-03-16,2.7691733837127686,3.625,3.9075000286102295,3.5875000953674316,3.7225000858306885,10493600
2009-03-23,3.2427985668182373,4.244999885559082,4.322500228881836,3.7274999618530273,3.7300000190734863,11732400
2009-03-30,3.2523486614227295,4.257500171661377,4.324999809265137,3.9124999046325684,4.147500038146973,11789200
2009-04-06,3.017444372177124,3.950000047683716,4.050000190734863,3.734999895095825,4.014999866485596,12913600
2009-04-13,3.326828718185425,4.355000019073486,4.394999980926514,3.827500104904175,3.950000047683716,15722000
2009-04-20,2.70424222946167,3.5399999618530273,4.375,3.369999885559082,4.3125,37554000
2009-04-27,2.709970474243164,3.547499895095825,3.822499990463257,3.444999933242798,3.4749999046325684,17859200
2009-05-04,3.023174285888672,3.9574999809265137,3.9800000190734863,3.5425000190734863,3.549999952316284,15868000
2009-05-11,2.7749035358428955,3.632499933242798,3.9600000381469727,3.5824999809265137,3.9600000381469727,14690000
2009-05-18,2.7004218101501465,3.5350000858306885,3.7725000381469727,3.505000114440918,3.684999942779541,12363600
2009-05-25,2.8398356437683105,3.7174999713897705,3.7249999046325684,3.5350000858306885,3.5350000858306885,7460000
2009-06-01,2.92004656791687,3.822499990463257,3.869999885559082,3.702500104904175,3.752500057220459,10678000
2009-06-08,2.8207383155822754,3.692500114440918,3.8475000858306885,3.6475000381469727,3.8125,7201600
2009-06-15,2.8436548709869385,3.7225000858306885,3.734999895095825,3.577500104904175,3.612499952316284,9741600
2009-06-22,2.9104979038238525,3.809999942779541,3.942500114440918,3.567500114440918,3.7149999141693115,38864000
2009-06-29,2.9658799171447754,3.882499933242798,3.9674999713897705,3.762500047683716,3.875,12165600
2009-07-06,3.0002567768096924,3.927500009536743,3.944999933242798,3.7174999713897705,3.882499933242798,22319200
2009-07-13,2.870392084121704,3.757499933242798,4.027500152587891,3.7325000762939453,3.9700000286102295,24212400
2009-07-20,3.284813165664673,4.300000190734863,4.367499828338623,3.702500104904175,3.7825000286102295,22940400
2009-07-27,3.5884673595428467,4.697500228881836,4.757500171661377,4.252500057220459,4.275000095367432,16410000
2009-08-03,3.788994073867798,4.960000038146973,5.019999980926514,4.667500019073486,4.735000133514404,11263200
2009-08-10,3.6744070053100586,4.809999942779541,5.119999885559082,4.757500171661377,4.987500190734863,9240000
2009-08-17,3.6476707458496094,4.775000095367432,4.792500019073486,4.582499980926514,4.742499828338623,5471200
2009-08-24,3.626662492752075,4.747499942779541,4.897500038146973,4.692500114440918,4.867499828338623,4584000
2009-08-31,3.466240644454956,4.537499904632568,4.824999809265137,4.40749979019165,4.744999885559082,7252400
2009-09-07,3.6171140670776367,4.735000133514404,4.755000114440918,4.539999961853027,4.607500076293945,5384000
2009-09-14,3.792814254760742,4.965000152587891,5.019999980926514,4.635000228881836,4.650000095367432,7500800
2009-09-21,3.634303331375122,4.757500171661377,5.057499885559082,4.65500020980835,4.962500095367432,8115200
2009-09-28,3.685865879058838,4.824999809265137,5.09250020980835,4.6875,4.75,11164000
2009-10-05,3.9264984130859375,5.139999866485596,5.1875,4.882500171661377,4.897500038146973,6088000
2009-10-12,3.8825738430023193,5.082499980926514,5.247499942779541,5.027500152587891,5.172500133514404,5115200
2009-10-19,3.2160627841949463,4.210000038146973,5.15500020980835,4.162499904632568,5.054999828338623,22506000
2009-10-26,3.0575499534606934,4.002500057220459,4.21999979019165,3.9649999141693115,4.210000038146973,14666400
2009-11-02,3.2580761909484863,4.264999866485596,4.289999961853027,3.987499952316284,4.012499809265137,13701600
2009-11-09,3.2790846824645996,4.292500019073486,4.349999904632568,4.227499961853027,4.284999847412109,6284400
2009-11-16,3.2237002849578857,4.21999979019165,4.387499809265137,4.210000038146973,4.352499961853027,5865600
2009-11-23,3.2007834911346436,4.190000057220459,4.295000076293945,4.135000228881836,4.262499809265137,5562000
2009-11-30,3.3421072959899902,4.375,4.402500152587891,4.139999866485596,4.202499866485596,7968000
2009-12-07,3.309640884399414,4.332499980926514,4.409999847412109,4.297500133514404,4.357500076293945,6640400
2009-12-14,3.345926523208618,4.380000114440918,4.420000076293945,4.302499771118164,4.322500228881836,5590800
2009-12-21,3.4223175048828125,4.480000019073486,4.494999885559082,4.337500095367432,4.377500057220459,4277600
2009-12-28,3.3841233253479004,4.429999828338623,4.510000228881836,4.387499809265137,4.462500095367432,3719600
2010-01-04,3.2962710857391357,4.315000057220459,4.480000019073486,4.28249979019165,4.462500095367432,7083200
2010-01-11,3.1301214694976807,4.097499847412109,4.347499847412109,4.09499979019165,4.307499885559082,13828000
2010-01-18,3.0480024814605713,3.990000009536743,4.172500133514404,3.8299999237060547,4.09499979019165,16514000
2010-01-25,3.0365428924560547,3.9749999046325684,4.0625,3.9175000190734863,4.039999961853027,8660800
2010-02-01,3.151129961013794,4.125,4.132500171661377,3.952500104904175,4.005000114440918,11006400
2010-02-08,3.2332496643066406,4.232500076293945,4.257500171661377,4.0,4.125,8879200
2010-02-15,3.3058202266693115,4.327499866485596,4.352499961853027,4.170000076293945,4.232500076293945,5685600
2010-02-22,3.2905426025390625,4.307499885559082,4.349999904632568,4.152500152587891,4.335000038146973,4941200
2010-03-01,3.2714457511901855,4.28249979019165,4.375,4.222499847412109,4.307499885559082,5098400
2010-03-08,3.1797759532928467,4.162499904632568,4.302499771118164,4.119999885559082,4.295000076293945,6421600
2010-03-15,3.1874148845672607,4.172500133514404,4.1875,3.9674999713897705,4.070000171661377,6110800
2010-03-22,3.0785582065582275,4.03000020980835,4.147500038146973,4.010000228881836,4.039999961853027,5307600
2010-03-29,3.1358516216278076,4.105000019073486,4.110000133514404,4.022500038146973,4.050000190734863,2262000
2010-04-05,3.1683189868927,4.147500038146973,4.15500020980835,4.047500133514404,4.117499828338623,6075600
2010-04-12,3.1110239028930664,4.072500228881836,4.212500095367432,4.037499904632568,4.144999980926514,5469200
2010-04-19,3.248527765274048,4.252500057220459,4.304999828338623,3.9375,4.072500228881836,10519200
2010-04-26,3.2752647399902344,4.287499904632568,4.320000171661377,4.102499961853027,4.25,7810400
2010-05-03,3.1969640254974365,4.184999942779541,4.340000152587891,4.127500057220459,4.317500114440918,11061600
2010-05-10,3.3363778591156006,4.367499828338623,4.412499904632568,4.159999847412109,4.275000095367432,8488000
2010-05-17,3.1301214694976807,4.097499847412109,4.400000095367432,4.054999828338623,4.397500038146973,8410000
2010-05-24,3.2026939392089844,4.192500114440918,4.300000190734863,4.019999980926514,4.110000133514404,7848400
2010-05-31,3.267625331878662,4.277500152587891,4.367499828338623,4.112500190734863,4.162499904632568,7892000
2010-06-07,3.3115499019622803,4.335000038146973,4.337500095367432,4.122499942779541,4.307499885559082,6883200
2010-06-14,3.334468126296997,4.364999771118164,4.462500095367432,4.277500152587891,4.375,7963200
2010-06-21,3.2943623065948486,4.3125,4.400000095367432,4.212500095367432,4.389999866485596,6473200
2010-06-28,3.1549489498138428,4.130000114440918,4.375,4.054999828338623,4.3125,5158800
2010-07-05,3.2122411727905273,4.204999923706055,4.207499980926514,4.070000171661377,4.15749979019165,6268400
2010-07-12,3.317279815673828,4.34250020980835,4.46999979019165,4.150000095367432,4.207499980926514,12919600
2010-07-19,3.1893248558044434,4.175000190734863,4.572500228881836,4.15500020980835,4.347499847412109,39203200
2010-07-26,3.160677909851074,4.137499809265137,4.175000190734863,4.057499885559082,4.142499923706055,8836000
2010-08-02,3.2408883571624756,4.242499828338623,4.277500152587891,4.130000114440918,4.142499923706055,5365600
2010-08-09,3.133941650390625,4.102499961853027,4.28000020980835,4.087500095367432,4.25,4346400
2010-08-16,3.120572328567505,4.085000038146973,4.142499923706055,4.03000020980835,4.085000038146973,4492400
2010-08-23,3.1148436069488525,4.077499866485596,4.107500076293945,3.940000057220459,4.079999923706055,6790400
2010-08-30,3.181684970855713,4.164999961853027,4.21750020980835,3.994999885559082,4.072500228881836,5180400
2010-09-06,3.1797759532928467,4.162499904632568,4.1875,4.09250020980835,4.167500019073486,2058800
2010-09-13,3.2580761909484863,4.264999866485596,4.317500114440918,4.150000095367432,4.179999828338623,5846400
2010-09-20,3.2962710857391357,4.315000057220459,4.322500228881836,4.21750020980835,4.264999866485596,4562000
2010-09-27,3.315370559692383,4.340000152587891,4.369999885559082,4.267499923706055,4.315000057220459,4827200
2010-10-04,3.2618963718414307,4.269999980926514,4.352499961853027,4.190000057220459,4.332499980926514,6496000
2010-10-11,3.2332496643066406,4.232500076293945,4.34499979019165,4.21750020980835,4.28249979019165,4818800
2010-10-18,3.6037440299987793,4.71750020980835,4.71999979019165,4.224999904632568,4.25,9804400
2010-10-25,3.575099468231201,4.679999828338623,4.735000133514404,4.582499980926514,4.715000152587891,5782000
2010-11-01,3.6438519954681396,4.769999980926514,4.797500133514404,4.59250020980835,4.704999923706055,6684400
2010-11-08,3.533085823059082,4.625,4.762499809265137,4.614999771118164,4.744999885559082,6846800
2010-11-15,3.4108588695526123,4.465000152587891,4.769999980926514,4.4375,4.65749979019165,8396800
2010-11-22,3.4261372089385986,4.485000133514404,4.505000114440918,4.367499828338623,4.465000152587891,6745600
2010-11-29,3.6744070053100586,4.809999942779541,4.827499866485596,4.357500076293945,4.465000152587891,22745200
2010-12-06,3.674669027328491,4.360000133514404,4.872499942779541,4.230000019073486,4.872499942779541,10369600
2010-12-13,3.704164981842041,4.394999980926514,4.409999847412109,4.28249979019165,4.355000019073486,5847200
2010-12-20,3.7758052349090576,4.480000019073486,4.534999847412109,4.377500057220459,4.432499885559082,3494800
2010-12-27,3.754734992980957,4.454999923706055,4.525000095367432,4.445000171661377,4.482500076293945,3195200
2011-01-03,3.7758052349090576,4.480000019073486,4.514999866485596,4.34250020980835,4.460000038146973,6718000
2011-01-10,3.798982858657837,4.507500171661377,4.582499980926514,4.4375,4.485000133514404,5632000
2011-01-17,3.518747091293335,4.175000190734863,4.552499771118164,4.152500152587891,4.514999866485596,11502400
2011-01-24,3.407073497772217,4.042500019073486,4.244999885559082,4.03249979019165,4.175000190734863,7594800
2011-01-31,3.388110637664795,4.019999980926514,4.117499828338623,4.017499923706055,4.057499885559082,8047600
2011-02-07,3.3860044479370117,4.017499923706055,4.057499885559082,3.9774999618530273,4.037499904632568,7357200
2011-02-14,3.3333284854888916,3.9549999237060547,4.057499885559082,3.944999933242798,4.0,7082000
2011-02-21,3.2764384746551514,3.887500047683716,3.9649999141693115,3.807499885559082,3.947499990463257,5696800
2011-02-28,3.3227932453155518,3.942500114440918,4.065000057220459,3.825000047683716,3.9049999713897705,8224800
2011-03-07,3.278545618057251,3.890000104904175,3.9700000286102295,3.862499952316284,3.9649999141693115,6545600
2011-03-14,3.3249001502990723,3.944999933242798,3.9625000953674316,3.827500104904175,3.8975000381469727,8145200
2011-03-21,3.360719919204712,3.987499952316284,4.034999847412109,3.9175000190734863,3.994999885559082,6725600
2011-03-28,3.4028611183166504,4.037499904632568,4.070000171661377,3.930000066757202,4.012499809265137,7765600
2011-04-04,3.388110637664795,4.019999980926514,4.082499980926514,3.984999895095825,4.052499771118164,6157200
2011-04-11,3.3670408725738525,3.994999885559082,4.039999961853027,3.927500009536743,4.027500152587891,9231600
2011-04-18,3.4723920822143555,4.119999885559082,4.230000019073486,3.8975000381469727,3.9549999237060547,11236400
2011-04-25,3.6957380771636963,4.385000228881836,4.402500152587891,4.117499828338623,4.125,20809200
2011-05-02,3.6283133029937744,4.304999828338623,4.429999828338623,4.289999961853027,4.394999980926514,11336000
2011-05-09,3.6219911575317383,4.297500133514404,4.417500019073486,4.269999980926514,4.324999809265137,8229200
2011-05-16,3.5292820930480957,4.1875,4.324999809265137,4.152500152587891,4.277500152587891,6408800
2011-05-23,3.6291987895965576,4.28000020980835,4.302499771118164,4.087500095367432,4.172500133514404,6510000
2011-05-30,3.444769859313965,4.0625,4.337500095367432,4.059999942779541,4.317500114440918,6339200
2011-06-06,3.3684558868408203,3.9725000858306885,4.105000019073486,3.932499885559082,4.057499885559082,8174000
2011-06-13,3.4066128730773926,4.017499923706055,4.050000190734863,3.9075000286102295,3.9749999046325684,9460800
2011-06-20,3.215825080871582,3.7925000190734863,4.112500190734863,3.744999885559082,4.005000114440918,13084000
2011-06-27,3.3748154640197754,3.9800000190734863,3.990000009536743,3.7850000858306885,3.7925000190734863,7699200
2011-07-04,3.334537982940674,3.932499885559082,4.050000190734863,3.9149999618530273,3.992500066757202,6782800
2011-07-11,3.2497429847717285,3.8324999809265137,3.950000047683716,3.8125,3.9149999618530273,8044800
2011-07-18,3.2285449504852295,3.807499885559082,3.9700000286102295,3.7799999713897705,3.8375000953674316,11250000
2011-07-25,3.2094650268554688,3.7850000858306885,3.822499990463257,3.742500066757202,3.7874999046325684,12202400
2011-08-01,3.0589568614959717,3.6075000762939453,3.8350000381469727,3.432499885559082,3.819999933242798,15314000
2011-08-08,3.1755475997924805,3.744999885559082,3.759999990463257,3.25,3.552500009536743,25222400
2011-08-15,3.103472948074341,3.6600000858306885,3.819999933242798,3.5950000286102295,3.757499933242798,15388400
2011-08-22,3.103472948074341,3.6600000858306885,3.8424999713897705,3.5924999713897705,3.734999895095825,12168800
2011-08-29,3.073096752166748,3.5999999046325684,3.7699999809265137,3.575000047683716,3.7049999237060547,11008000
2011-09-05,3.0496222972869873,3.572499990463257,3.672499895095825,3.505000114440918,3.5399999618530273,10899600
2011-09-12,3.085901975631714,3.615000009536743,3.677500009536743,3.434999942779541,3.5225000381469727,16904000
2011-09-19,3.0304155349731445,3.549999952316284,3.6549999713897705,3.505000114440918,3.559999942779541,11835200
2011-09-26,2.9727962017059326,3.4825000762939453,3.7149999141693115,3.4725000858306885,3.567500114440918,13660000
2011-10-03,2.906639337539673,3.4049999713897705,3.5325000286102295,3.25,3.4700000286102295,14142400
2011-10-10,3.073096752166748,3.5999999046325684,3.637500047683716,3.384999990463257,3.4600000381469727,10958000
2011-10-17,3.122180938720703,3.6575000286102295,3.7874999046325684,3.442500114440918,3.567500114440918,13130400
2011-10-24,3.248093605041504,3.805000066757202,3.8424999713897705,3.615000009536743,3.6549999713897705,16581200
2011-10-31,3.2160823345184326,3.7674999237060547,4.105000019073486,3.674999952316284,3.862499952316284,22955600
2011-11-07,3.207545757293701,3.757499933242798,3.7899999618530273,3.6424999237060547,3.7125000953674316,13394400
2011-11-14,3.122180938720703,3.6575000286102295,3.7750000953674316,3.5875000953674316,3.75,10002000
2011-11-21,3.024012327194214,3.5425000190734863,3.619999885559082,3.512500047683716,3.6050000190734863,5284400
2011-11-28,3.2362823486328125,3.765000104904175,3.805000066757202,3.547499895095825,3.627500057220459,11727200
2011-12-05,3.2556235790252686,3.7874999046325684,3.805000066757202,3.7049999237060547,3.797499895095825,7509600
2011-12-12,3.156771659851074,3.672499895095825,3.7874999046325684,3.615000009536743,3.740000009536743,12350400
2011-12-19,3.2298359870910645,3.757499933242798,3.7799999713897705,3.5950000286102295,3.690000057220459,5844400
2011-12-26,3.2104947566986084,3.734999895095825,3.799999952316284,3.7300000190734863,3.757499933242798,3057200
2012-01-02,3.2556235790252686,3.7874999046325684,3.8424999713897705,3.700000047683716,3.7850000858306885,5660400
2012-01-09,3.274963617324829,3.809999942779541,3.8475000858306885,3.7300000190734863,3.809999942779541,7000400
2012-01-16,3.3480262756347656,3.8949999809265137,3.9100000858306885,3.7249999046325684,3.827500104904175,12924800
2012-01-23,3.2878572940826416,3.825000047683716,4.014999866485596,3.7925000190734863,3.875,12815200
2012-01-30,3.298600435256958,3.8375000953674316,3.8450000286102295,3.759999990463257,3.8125,7231600
2012-02-06,3.35447359085083,3.9024999141693115,3.9124999046325684,3.765000104904175,3.8125,7559200
2012-02-13,3.365218162536621,3.9149999618530273,3.987499952316284,3.882499933242798,3.9175000190734863,10714800
2012-02-20,3.423238515853882,3.9825000762939453,4.070000171661377,3.9100000858306885,3.930000066757202,7170400
2012-02-27,3.418792963027954,3.952500104904175,4.025000095367432,3.9200000762939453,3.992500066757202,9144000
2012-03-05,3.5809738636016846,4.139999866485596,4.162499904632568,3.952500104904175,3.9549999237060547,10427200
2012-03-12,3.6458470821380615,4.215000152587891,4.232500076293945,4.112500190734863,4.152500152587891,9674800
2012-03-19,3.6631457805633545,4.235000133514404,4.309999942779541,4.195000171661377,4.202499866485596,6330800
2012-03-26,3.676121473312378,4.25,4.360000133514404,4.224999904632568,4.257500171661377,7900000
2012-04-02,3.686931848526001,4.262499809265137,4.372499942779541,4.215000152587891,4.260000228881836,7021600
2012-04-09,3.5917856693267822,4.152500152587891,4.262499809265137,4.132500171661377,4.197500228881836,5748800
2012-04-16,3.276073455810547,3.7874999046325684,4.227499961853027,3.7750000953674316,4.190000057220459,19495200
2012-04-23,3.3279716968536377,3.8475000858306885,3.862499952316284,3.692500114440918,3.742500066757202,14525200
2012-04-30,3.144165277481079,3.634999990463257,3.8499999046325684,3.634999990463257,3.8375000953674316,9872000
2012-05-07,3.1182148456573486,3.6050000190734863,3.6549999713897705,3.5850000381469727,3.625,8269600
2012-05-14,3.0468554496765137,3.5225000381469727,3.632499933242798,3.509999990463257,3.5824999809265137,11137600
2012-05-21,3.1095669269561768,3.5950000286102295,3.6649999618530273,3.507499933242798,3.5325000286102295,9209600
2012-05-28,3.06376314163208,3.5174999237060547,3.6424999237060547,3.490000009536743,3.615000009536743,7520000
2012-06-04,3.137798547744751,3.6024999618530273,3.6500000953674316,3.497499942779541,3.5199999809265137,5744800
2012-06-11,3.1269102096557617,3.5899999141693115,3.6449999809265137,3.549999952316284,3.6424999237060547,5927600
2012-06-18,3.1552183628082275,3.622499942779541,3.6875,3.567500114440918,3.5799999237060547,5599200
2012-06-25,3.2053017616271973,3.680000066757202,3.7174999713897705,3.5450000762939453,3.5999999046325684,4706000
2012-07-02,3.179170846939087,3.6500000953674316,3.692500114440918,3.612499952316284,3.682499885559082,4633600
2012-07-09,3.153040885925293,3.619999885559082,3.672499895095825,3.492500066757202,3.6424999237060547,6049200
2012-07-16,2.9135143756866455,3.3450000286102295,3.6500000953674316,3.252500057220459,3.619999885559082,14392400
2012-07-23,3.079005241394043,3.5350000858306885,3.549999952316284,3.315000057220459,3.315000057220459,9332800
2012-07-30,2.9810168743133545,3.422499895095825,3.5374999046325684,3.299999952316284,3.5225000381469727,9361200
2012-08-06,2.9853720664978027,3.427500009536743,3.487499952316284,3.4000000953674316,3.422499895095825,4832000
2012-08-13,2.9701297283172607,3.4100000858306885,3.444999933242798,3.322499990463257,3.4175000190734863,4844400
2012-08-20,3.0115015506744385,3.4574999809265137,3.4774999618530273,3.382499933242798,3.4124999046325684,6758000
2012-08-27,3.0312914848327637,3.4549999237060547,3.490000009536743,3.4149999618530273,3.4549999237060547,4413200
2012-09-03,3.127800226211548,3.565000057220459,3.565000057220459,3.422499895095825,3.4574999809265137,3141600
2012-09-10,3.173862934112549,3.617500066757202,3.6449999809265137,3.5325000286102295,3.555000066757202,5094800
2012-09-17,3.11025333404541,3.5450000762939453,3.622499942779541,3.5399999618530273,3.622499942779541,7394400
2012-09-24,3.0751588344573975,3.505000114440918,3.5625,3.484999895095825,3.5374999046325684,3658000
2012-10-01,3.132187843322754,3.569999933242798,3.5824999809265137,3.497499942779541,3.5199999809265137,3740000
2012-10-08,3.1036734580993652,3.5374999046325684,3.5899999141693115,3.5250000953674316,3.549999952316284,4983200
2012-10-15,3.090512990951538,3.5225000381469727,3.700000047683716,3.5174999237060547,3.5299999713897705,9395600
2012-10-22,3.070772171020508,3.5,3.555000066757202,3.4800000190734863,3.502500057220459,5874800
2012-10-29,3.145348072052002,3.5850000381469727,3.617500066757202,3.497499942779541,3.515000104904175,2114800
2012-11-05,3.1650888919830322,3.6075000762939453,3.7274999618530273,3.559999942779541,3.5824999809265137,8767600
2012-11-12,3.0861260890960693,3.5174999237060547,3.622499942779541,3.497499942779541,3.619999885559082,7549200
2012-11-19,3.318626880645752,3.7825000286102295,3.7825000286102295,3.5374999046325684,3.549999952316284,5473200
2012-11-26,3.3761096000671387,3.822499990463257,3.8350000381469727,3.7300000190734863,3.7725000381469727,7278800
2012-12-03,3.3451969623565674,3.7874999046325684,3.8350000381469727,3.7249999046325684,3.8350000381469727,5960000
2012-12-10,3.252458095550537,3.682499885559082,3.819999933242798,3.6424999237060547,3.817500114440918,11344400
2012-12-17,3.0669825077056885,3.4725000858306885,3.762500047683716,3.4700000286102295,3.6875,13401200
2012-12-24,2.994117498397827,3.390000104904175,3.4825000762939453,3.369999885559082,3.4825000762939453,6620000
2012-12-31,3.1111438274383545,3.5225000381469727,3.5399999618530273,3.372499942779541,3.387500047683716,8392400
2013-01-07,3.135432004928589,3.549999952316284,3.5824999809265137,3.497499942779541,3.505000114440918,8222800
2013-01-14,3.1045196056365967,3.515000104904175,3.567500114440918,3.450000047683716,3.555000066757202,9306000
2013-01-21,3.0868544578552246,3.494999885559082,3.5250000953674316,3.3924999237060547,3.502500057220459,36249600
2013-01-28,3.2237541675567627,3.6500000953674316,3.6624999046325684,3.4700000286102295,3.492500066757202,13515200
2013-02-04,3.2944118976593018,3.7300000190734863,3.737499952316284,3.625,3.627500057220459,8763600
2013-02-11,3.314284563064575,3.752500057220459,3.7825000286102295,3.7174999713897705,3.7200000286102295,6090400
2013-02-18,3.276747465133667,3.7100000381469727,3.797499895095825,3.672499895095825,3.752500057220459,8340000
2013-02-25,3.2480876445770264,3.6524999141693115,3.7225000858306885,3.617500066757202,3.7125000953674316,8916800
2013-03-04,3.296999216079712,3.7074999809265137,3.762500047683716,3.625,3.6549999713897705,4610800
2013-03-11,3.317007541656494,3.7300000190734863,3.757499933242798,3.682499885559082,3.7200000286102295,4391600
2013-03-18,3.3058905601501465,3.7174999713897705,3.7699999809265137,3.672499895095825,3.692500114440918,4352000
2013-03-25,3.314783811569214,3.7274999618530273,3.7325000762939453,3.6700000762939453,3.7200000286102295,4084800
2013-04-01,3.2258574962615967,3.627500057220459,3.7200000286102295,3.609999895095825,3.7174999713897705,8582800
2013-04-08,3.212517261505127,3.612499952316284,3.680000066757202,3.6024999618530273,3.630000114440918,4472000
2013-04-15,3.2014005184173584,3.5999999046325684,3.6524999141693115,3.430000066757202,3.5975000858306885,12250800
2013-04-22,3.2992210388183594,3.7100000381469727,3.752500057220459,3.555000066757202,3.5999999046325684,5702000
2013-04-29,3.4859702587127686,3.9200000762939453,3.994999885559082,3.700000047683716,3.7200000286102295,8109200
2013-05-06,3.5082015991210938,3.944999933242798,3.992500066757202,3.8949999809265137,3.924999952316284,4772000
2013-05-13,3.5082015991210938,3.944999933242798,3.9649999141693115,3.9024999141693115,3.9549999237060547,4150800
2013-05-20,3.463738441467285,3.8949999809265137,4.074999809265137,3.8399999141693115,3.947499990463257,5352000
2013-05-27,3.5284969806671143,3.942500114440918,3.944999933242798,3.8575000762939453,3.9175000190734863,4089600
2013-06-03,3.7142069339752197,4.150000095367432,4.192500114440918,3.882499933242798,3.940000057220459,7478800
2013-06-10,3.521784543991089,3.934999942779541,4.1875,3.890000104904175,4.170000076293945,6380400
2013-06-17,3.6403706073760986,4.067500114440918,4.177499771118164,3.9674999713897705,3.9700000286102295,7432000
2013-06-24,3.5732462406158447,3.992500066757202,4.167500019073486,3.9549999237060547,4.042500019073486,7807600
2013-07-01,3.7477686405181885,4.1875,4.215000152587891,4.0,4.0,5401200
2013-07-08,3.7477686405181885,4.1875,4.224999904632568,4.127500057220459,4.210000038146973,4054000
2013-07-15,3.698544979095459,4.132500171661377,4.357500076293945,3.9749999046325684,4.184999942779541,13070000
2013-07-22,3.6381325721740723,4.065000057220459,4.122499942779541,4.042500019073486,4.114999771118164,6598800
2013-07-29,3.7142069339752197,4.150000095367432,4.15500020980835,4.012499809265137,4.052499771118164,5690800
2013-08-05,3.832793712615967,4.28249979019165,4.289999961853027,4.130000114440918,4.130000114440918,6470800
2013-08-12,3.855168104171753,4.307499885559082,4.357500076293945,4.262499809265137,4.28249979019165,5839200
2013-08-19,3.9021546840667725,4.360000133514404,4.385000228881836,4.232500076293945,4.302499771118164,5726800
2013-08-26,3.7766852378845215,4.195000171661377,4.402500152587891,4.179999828338623,4.362500190734863,7395200
2013-09-02,3.8824663162231445,4.3125,4.362500190734863,4.227499961853027,4.230000019073486,6648800
2013-09-09,4.0220112800598145,4.46750020980835,4.480000019073486,4.309999942779541,4.309999942779541,6271600
2013-09-16,4.251582622528076,4.722499847412109,4.724999904632568,4.445000171661377,4.507500171661377,9858400
2013-09-23,4.220073699951172,4.6875,4.737500190734863,4.642499923706055,4.71999979019165,5251200
2013-09-30,4.393378734588623,4.880000114440918,4.922500133514404,4.642499923706055,4.667500019073486,7105600
2013-10-07,4.375370979309082,4.860000133514404,4.90749979019165,4.707499980926514,4.860000133514404,6814800
2013-10-14,4.474402904510498,4.96999979019165,4.994999885559082,4.78000020980835,4.849999904632568,15610800
2013-10-21,4.546424865722656,5.050000190734863,5.0625,4.952499866485596,4.965000152587891,8786800
2013-10-28,4.775996685028076,5.304999828338623,5.335000038146973,5.054999828338623,5.067500114440918,11555200
2013-11-04,4.976311683654785,5.527500152587891,5.5625,5.269999980926514,5.302499771118164,8839600
2013-11-11,5.406194686889648,6.005000114440918,6.047500133514404,5.482500076293945,5.507500171661377,13404800
2013-11-18,5.45120906829834,6.054999828338623,6.099999904632568,5.699999809265137,5.922500133514404,14817200
2013-11-25,5.480449676513672,6.0625,6.112500190734863,6.025000095367432,6.082499980926514,4571600
2013-12-02,5.573108196258545,6.164999961853027,6.257500171661377,6.065000057220459,6.067500114440918,9431600
2013-12-09,5.534687519073486,6.122499942779541,6.21999979019165,5.960000038146973,6.152500152587891,11536000
2013-12-16,5.471409797668457,6.052499771118164,6.197500228881836,5.962500095367432,6.130000114440918,9838800
2013-12-23,5.5279083251953125,6.114999771118164,6.222499847412109,6.03249979019165,6.085000038146973,4676000
2013-12-30,5.566329002380371,6.15749979019165,6.210000038146973,6.002500057220459,6.119999885559082,7332400
2014-01-06,5.166312217712402,5.715000152587891,6.184999942779541,5.637499809265137,6.172500133514404,20689600
2014-01-13,5.143712997436523,5.690000057220459,5.835000038146973,5.647500038146973,5.757500171661377,11106400
2014-01-20,4.976474285125732,5.505000114440918,5.78249979019165,5.337500095367432,5.692500114440918,17375200
2014-01-27,4.7911553382873535,5.300000190734863,5.514999866485596,5.199999809265137,5.5,12025200
2014-02-03,4.938053131103516,5.462500095367432,5.480000019073486,5.147500038146973,5.304999828338623,10378800
2014-02-10,4.9131951332092285,5.434999942779541,5.512499809265137,5.352499961853027,5.452499866485596,7912000
2014-02-17,4.958395004272461,5.485000133514404,5.494999885559082,5.34250020980835,5.417500019073486,7300000
2014-02-24,5.048722267150879,5.559999942779541,5.630000114440918,5.442500114440918,5.492499828338623,8008000
2014-03-03,5.103203773498535,5.619999885559082,5.679999828338623,5.420000076293945,5.512499809265137,6305200
2014-03-10,4.948838233947754,5.449999809265137,5.675000190734863,5.427499771118164,5.605000019073486,4711600
2014-03-17,4.93748664855957,5.4375,5.554999828338623,5.400000095367432,5.507500171661377,7947200
2014-03-24,4.8149027824401855,5.302499771118164,5.542500019073486,5.244999885559082,5.449999809265137,7211600
2014-03-31,4.885275363922119,5.380000114440918,5.742499828338623,5.087500095367432,5.327499866485596,19609600
2014-04-07,4.8126325607299805,5.300000190734863,5.675000190734863,5.184999942779541,5.394999980926514,16050400
2014-04-14,5.436912536621094,5.987500190734863,6.110000133514404,5.210000038146973,5.387499809265137,17664800
2014-04-21,5.382430076599121,5.927499771118164,6.107500076293945,5.84250020980835,5.96999979019165,8217600
2014-04-28,5.436912536621094,5.987500190734863,6.054999828338623,5.630000114440918,5.947500228881836,6916400
2014-05-05,5.159955978393555,5.682499885559082,5.987500190734863,5.612500190734863,5.949999809265137,7480400
2014-05-12,4.97153902053833,5.474999904632568,5.824999809265137,5.425000190734863,5.710000038146973,6550400
2014-05-19,5.14406681060791,5.664999961853027,5.71999979019165,5.474999904632568,5.474999904632568,5275200
2014-05-26,5.248384475708008,5.755000114440918,5.817500114440918,5.664999961853027,5.704999923706055,5783200
2014-06-02,5.328181266784668,5.84250020980835,5.877500057220459,5.637499809265137,5.747499942779541,8305200
2014-06-09,5.262064456939697,5.769999980926514,5.917500019073486,5.6875,5.832499980926514,6176800
2014-06-16,5.298542022705078,5.809999942779541,6.042500019073486,5.730000019073486,5.742499828338623,9161600
2014-06-23,5.262064456939697,5.769999980926514,5.900000095367432,5.752500057220459,5.809999942779541,9228800
2014-06-30,5.528814792633057,6.0625,6.0625,5.735000133514404,5.772500038146973,6204000
2014-07-07,5.264344215393066,5.772500038146973,6.050000190734863,5.585000038146973,6.022500038146973,6684800
2014-07-14,5.10930871963501,5.602499961853027,5.90500020980835,5.480000019073486,5.795000076293945,10226800
2014-07-21,5.159466743469238,5.65749979019165,5.677499771118164,5.539999961853027,5.554999828338623,6355600
2014-07-28,5.296261787414551,5.807499885559082,5.837500095367432,5.619999885559082,5.647500038146973,8545600
2014-08-04,5.309942722320557,5.822500228881836,5.952499866485596,5.764999866485596,5.827499866485596,7883600
2014-08-11,5.380621433258057,5.900000095367432,5.934999942779541,5.789999961853027,5.837500095367432,5561200
2014-08-18,5.4170989990234375,5.940000057220459,5.972499847412109,5.820000171661377,5.929999828338623,3064400
2014-08-25,5.366604328155518,5.860000133514404,6.054999828338623,5.829999923706055,5.96750020980835,3945600
2014-09-01,5.444448947906494,5.945000171661377,6.0625,5.857500076293945,5.885000228881836,4901200
2014-09-08,5.790163993835449,6.322500228881836,6.34250020980835,5.885000228881836,5.9375,7609600
2014-09-15,5.884035587310791,6.425000190734863,6.659999847412109,6.252500057220459,6.324999809265137,18063600
2014-09-22,5.778715133666992,6.309999942779541,6.46750020980835,6.195000171661377,6.412499904632568,10466400
2014-09-29,5.84282112121582,6.380000114440918,6.387499809265137,6.184999942779541,6.244999885559082,7012800
2014-10-06,5.4467387199401855,5.947500228881836,6.40500020980835,5.932499885559082,6.387499809265137,10025200
2014-10-13,5.629899024963379,6.147500038146973,6.202499866485596,5.752500057220459,5.929999828338623,9236000
2014-10-20,5.9298248291015625,6.474999904632568,6.644999980926514,6.139999866485596,6.139999866485596,13383200
2014-10-27,5.9115071296691895,6.454999923706055,6.487500190734863,6.347499847412109,6.425000190734863,11648000
2014-11-03,6.156485557556152,6.722499847412109,6.940000057220459,6.427499771118164,6.460000038146973,16502800
2014-11-10,6.213721752166748,6.784999847412109,6.804999828338623,6.679999828338623,6.730000019073486,5317600
2014-11-17,6.174800872802734,6.742499828338623,6.929999828338623,6.622499942779541,6.857500076293945,7356800
2014-11-24,6.277644634246826,6.829999923706055,6.925000190734863,6.739999771118164,6.75,5039600
2014-12-01,6.41551399230957,6.980000019073486,6.997499942779541,6.724999904632568,6.804999828338623,7474000
2014-12-08,6.270751476287842,6.822500228881836,7.167500019073486,6.815000057220459,7.0,8487600
2014-12-15,6.672872066497803,7.260000228881836,7.304999828338623,6.752500057220459,6.852499961853027,10393200
2014-12-22,6.748698711395264,7.34250020980835,7.462500095367432,7.269999980926514,7.322500228881836,5123200
2014-12-29,6.670573711395264,7.257500171661377,7.409999847412109,7.137499809265137,7.362500190734863,5662400
2015-01-05,6.663679122924805,7.25,7.422500133514404,7.099999904632568,7.287499904632568,8793200
2015-01-12,6.454580783843994,7.022500038146973,7.357500076293945,6.389999866485596,7.28249979019165,35959600
2015-01-19,7.001457691192627,7.617499828338623,7.627500057220459,6.827499866485596,7.0,19128000
2015-01-26,7.0382256507873535,7.65749979019165,7.769999980926514,7.537499904632568,7.617499828338623,9718800
2015-02-02,7.474810600280762,8.132499694824219,8.1850004196167,7.572500228881836,7.710000038146973,10027200
2015-02-09,7.470215320587158,8.1274995803833,8.237500190734863,7.952499866485596,8.117500305175781,5796000
2015-02-16,7.474810600280762,8.132499694824219,8.137499809265137,7.957499980926514,8.102499961853027,4453600
2015-02-23,7.345667362213135,7.96750020980835,8.227499961853027,7.90500020980835,7.929999828338623,5739200
2015-03-02,7.470128536224365,8.102499961853027,8.357500076293945,7.96999979019165,7.987500190734863,8452400
2015-03-09,7.804340839385986,8.46500015258789,8.640000343322754,8.069999694824219,8.1899995803833,10573600
2015-03-16,7.891924858093262,8.5600004196167,8.635000228881836,8.414999961853027,8.492500305175781,8349600
2015-03-23,7.799725532531738,8.460000038146973,8.637499809265137,8.15250015258789,8.555000305175781,6328800
2015-03-30,7.885009288787842,8.552499771118164,8.699999809265137,8.430000305175781,8.487500190734863,5691600
2015-04-06,7.742105484008789,8.397500038146973,8.59749984741211,8.327500343322754,8.47249984741211,7511200
2015-04-13,7.486263275146484,8.119999885559082,8.449999809265137,8.055000305175781,8.399999618530273,8197600
2015-04-20,7.949542999267578,8.6225004196167,8.742500305175781,8.069999694824219,8.137499809265137,14773200
2015-04-27,7.924190521240234,8.595000267028809,8.692500114440918,8.449999809265137,8.640000343322754,9621600
2015-05-04,7.974895477294922,8.649999618530273,8.779999732971191,8.489999771118164,8.612500190734863,6023200
2015-05-11,8.053266525268555,8.734999656677246,8.837499618530273,8.545000076293945,8.649999618530273,5378800
2015-05-18,8.253789901733398,8.952500343322754,9.024999618530273,8.734999656677246,8.734999656677246,5322000
2015-05-25,8.251474380493164,8.925000190734863,9.0024995803833,8.84749984741211,8.9375,3969200
2015-06-01,8.857044219970703,9.579999923706055,9.720000267028809,8.862500190734863,8.947500228881836,9374800
2015-06-08,9.233794212341309,9.987500190734863,10.0,9.404999732971191,9.604999542236328,7186400
2015-06-15,9.409453392028809,10.177499771118164,10.327500343322754,9.8100004196167,9.947500228881836,11944000
2015-06-22,9.804688453674316,10.604999542236328,10.614999771118164,10.239999771118164,10.257499694824219,9496400
2015-06-29,10.340920448303223,11.1850004196167,11.317500114440918,10.194999694824219,10.550000190734863,13460400
2015-07-06,10.35710334777832,11.202500343322754,11.487500190734863,10.425000190734863,11.074999809265137,21968800
2015-07-13,10.398706436157227,11.2475004196167,11.432499885559082,11.092499732971191,11.257499694824219,10478800
2015-07-20,9.749218940734863,10.545000076293945,11.420000076293945,10.467499732971191,11.25,16420800
2015-07-27,9.28001880645752,10.037500381469727,10.5,10.010000228881836,10.449999809265137,15330000
2015-08-03,9.878656387329102,10.6850004196167,11.114999771118164,10.039999961853027,10.079999923706055,14563600
2015-08-10,9.751530647277832,10.547499656677246,10.895000457763672,10.167499542236328,10.760000228881836,7945600
2015-08-17,8.977235794067383,9.710000038146973,10.720000267028809,9.664999961853027,10.479999542236328,11616400
2015-08-24,9.33350944519043,10.069999694824219,10.072500228881836,8.899999618530273,9.242500305175781,22363200
2015-08-31,8.687020301818848,9.3725004196167,10.102499961853027,9.164999961853027,10.082500457763672,18088000
2015-09-07,8.888614654541016,9.59000015258789,9.817500114440918,9.404999732971191,9.5625,6706800
2015-09-14,8.97203540802002,9.680000305175781,10.069999694824219,9.452500343322754,9.604999542236328,12412000
2015-09-21,9.41461181640625,10.157500267028809,10.22249984741211,9.662500381469727,9.737500190734863,12252400
2015-09-28,9.034597396850586,9.7475004196167,10.1899995803833,9.425000190734863,10.057499885559082,19444800
2015-10-05,9.025330543518066,9.737500190734863,10.117500305175781,9.654999732971191,9.805000305175781,13803600
2015-10-12,9.124964714050293,9.845000267028809,9.970000267028809,9.177499771118164,9.737500190734863,11983600
2015-10-19,9.108746528625488,9.827500343322754,10.227499961853027,9.414999961853027,9.774999618530273,14779200
2015-10-26,9.53278636932373,10.28499984741211,10.512499809265137,9.65250015258789,9.720000267028809,9073600
2015-11-02,10.149147033691406,10.949999809265137,11.055000305175781,10.362500190734863,10.375,10157600
2015-11-09,9.569860458374023,10.324999809265137,10.989999771118164,10.279999732971191,10.989999771118164,7162400
2015-11-16,9.968409538269043,10.755000114440918,10.850000381469727,10.232500076293945,10.317500114440918,9182000
2015-11-23,10.119073867797852,10.892499923706055,10.982500076293945,10.694999694824219,10.800000190734863,6266400
2015-11-30,10.36758041381836,11.15999984741211,11.212499618530273,10.792499542236328,10.932499885559082,11585600
2015-12-07,9.631354331970215,10.367500305175781,11.202500343322754,10.302499771118164,11.157500267028809,9174400
2015-12-14,9.647611618041992,10.385000228881836,11.024999618530273,10.172499656677246,10.425000190734863,14768000
2015-12-21,9.923988342285156,10.682499885559082,10.977499961853027,10.382499694824219,10.444999694824219,3416000
2015-12-28,10.1260404586792,10.899999618530273,11.117500305175781,10.607500076293945,10.65250015258789,4908400
2016-01-04,8.651262283325195,9.3125,10.78499984741211,9.297499656677246,10.664999961853027,20140400
2016-01-11,7.919680118560791,8.524999618530273,9.382499694824219,8.2475004196167,9.199999809265137,24295600
2016-01-18,7.701364517211914,8.289999961853027,8.71500015258789,7.887499809265137,8.649999618530273,25104400
2016-01-25,7.494664669036865,8.067500114440918,8.257499694824219,7.837500095367432,8.2475004196167,19200400
2016-02-01,7.197386264801025,7.747499942779541,8.242500305175781,7.692500114440918,8.0625,21567600
2016-02-08,7.15325927734375,7.699999809265137,7.889999866485596,7.375,7.607500076293945,16937200
2016-02-15,7.764073371887207,8.357500076293945,8.399999618530273,7.827499866485596,7.877500057220459,11306000
2016-02-22,8.140819549560547,8.737500190734863,8.797499656677246,8.100000381469727,8.425000190734863,11016000
2016-02-29,8.841930389404297,9.489999771118164,9.72249984741211,8.492500305175781,8.7475004196167,19520800
2016-03-07,9.095823287963867,9.762499809265137,9.765000343322754,9.297499656677246,9.422499656677246,15014400
2016-03-14,9.093493461608887,9.760000228881836,9.797499656677246,9.292499542236328,9.694999694824219,8918800
2016-03-21,8.949075698852539,9.604999542236328,9.850000381469727,9.3774995803833,9.744999885559082,7139200
2016-03-28,9.317102432250977,10.0,10.020000457763672,9.492500305175781,9.617500305175781,8770400
2016-04-04,8.765066146850586,9.407500267028809,10.050000190734863,9.342499732971191,9.970000267028809,9606400
2016-04-11,9.175019264221191,9.84749984741211,10.02750015258789,9.487500190734863,9.487500190734863,9414000
2016-04-18,9.35669994354248,10.042499542236328,10.350000381469727,9.8100004196167,9.867500305175781,14604800
2016-04-25,8.85124683380127,9.5,10.015000343322754,9.430000305175781,9.979999542236328,7977200
2016-05-02,8.599686622619629,9.229999542236328,9.697500228881836,9.057499885559082,9.505000114440918,6424400
2016-05-09,8.371417045593262,8.984999656677246,9.414999961853027,8.975000381469727,9.237500190734863,6043600
2016-05-16,8.767395973205566,9.40999984741211,9.447500228881836,8.907500267028809,8.984999656677246,9085600
2016-05-23,9.343116760253906,10.0024995803833,10.015000343322754,9.307499885559082,9.414999961853027,23458800
2016-05-30,9.149295806884766,9.795000076293945,10.077500343322754,9.664999961853027,10.007499694824219,19794800
2016-06-06,9.111932754516602,9.755000114440918,10.095000267028809,9.717499732971191,9.795000076293945,23312000
2016-06-13,8.504780769348145,9.104999542236328,9.767499923706055,9.087499618530273,9.664999961853027,11254400
2016-06-20,8.30395221710205,8.890000343322754,9.4399995803833,8.890000343322754,9.270000457763672,12728000
2016-06-27,8.184860229492188,8.762499809265137,8.887499809265137,8.4375,8.800000190734863,16684000
2016-07-04,8.26425552368164,8.84749984741211,8.904999732971191,8.414999961853027,8.75,9447200
2016-07-11,8.581841468811035,9.1875,9.297499656677246,8.885000228881836,8.9350004196167,9734400
2016-07-18,8.145160675048828,8.720000267028809,9.34749984741211,8.482500076293945,9.207500457763672,21424000
2016-07-25,8.135819435119629,8.710000038146973,8.8100004196167,8.625,8.72249984741211,10216000
2016-08-01,8.43706226348877,9.032500267028809,9.119999885559082,8.529999732971191,8.7475004196167,8168800
2016-08-08,8.296951293945312,8.882499694824219,9.045000076293945,8.710000038146973,9.0,6614400
2016-08-15,8.222222328186035,8.802499771118164,9.010000228881836,8.710000038146973,8.890000343322754,9399200
2016-08-22,8.245574951171875,8.827500343322754,8.842499732971191,8.642499923706055,8.787500381469727,7103600
2016-08-29,8.273303031921387,8.832500457763672,9.067500114440918,8.699999809265137,8.859999656677246,9053200
2016-09-05,8.273303031921387,8.832500457763672,8.949999809265137,8.704999923706055,8.864999771118164,6945600
2016-09-12,8.235833168029785,8.792499542236328,8.975000381469727,8.699999809265137,8.774999618530273,10907200
2016-09-19,8.481719017028809,9.055000305175781,9.114999771118164,8.789999961853027,8.800000190734863,7020000
2016-09-26,8.25925350189209,8.817500114440918,9.015000343322754,8.6875,8.989999771118164,6499600
2016-10-03,8.678421020507812,9.265000343322754,9.3774995803833,8.737500190734863,8.737500190734863,9294000
2016-10-10,8.411468505859375,8.979999542236328,9.414999961853027,8.897500038146973,9.3100004196167,5587200
2016-10-17,7.996984004974365,8.537500381469727,8.982500076293945,8.425000190734863,8.97249984741211,11081600
2016-10-24,7.807300567626953,8.335000038146973,8.614999771118164,8.270000457763672,8.572500228881836,7155600
2016-10-31,7.5450263023376465,8.055000305175781,8.430000305175781,7.992499828338623,8.332500457763672,6667600
2016-11-07,8.63861083984375,9.22249984741211,9.2475004196167,8.114999771118164,8.22249984741211,11091200
2016-11-14,8.90556812286377,9.507499694824219,9.649999618530273,9.255000114440918,9.262499809265137,9848000
2016-11-21,8.842341423034668,9.4399995803833,9.5625,9.3774995803833,9.524999618530273,4807200
2016-11-28,8.732611656188965,9.297499656677246,9.462499618530273,9.079999923706055,9.397500038146973,9149600
2016-12-05,9.298501968383789,9.899999618530273,9.90250015258789,9.297499656677246,9.380000114440918,9165600
2016-12-12,8.918112754821777,9.494999885559082,9.920000076293945,9.4375,9.8725004196167,13405600
2016-12-19,8.82653522491455,9.397500038146973,9.680000305175781,9.34000015258789,9.512499809265137,7163200
2016-12-26,8.572940826416016,9.1274995803833,9.454999923706055,9.017499923706055,9.40250015258789,4660000
2017-01-02,9.058999061584473,9.645000457763672,9.672499656677246,9.047499656677246,9.272500038146973,9854400
2017-01-09,9.105960845947266,9.694999694824219,9.8725004196167,9.542499542236328,9.645000457763672,9146800
2017-01-16,8.652775764465332,9.212499618530273,9.670000076293945,9.0649995803833,9.625,12652000
2017-01-23,8.718523979187012,9.282500267028809,9.322500228881836,9.069999694824219,9.1875,7912800
2017-01-30,8.901676177978516,9.477499961853027,9.487500190734863,9.119999885559082,9.212499618530273,10701600
2017-02-06,8.974467277526855,9.555000305175781,9.649999618530273,9.3725004196167,9.442500114440918,6717600
2017-02-13,9.084827423095703,9.672499656677246,9.8774995803833,9.579999923706055,9.632499694824219,8424800
2017-02-20,8.807750701904297,9.3774995803833,9.727499961853027,9.329999923706055,9.6875,4769200
2017-02-27,8.847777366638184,9.395000457763672,9.625,9.125,9.352499961853027,8873200
2017-03-06,8.704158782958984,9.242500305175781,9.467499732971191,9.172499656677246,9.362500190734863,5890400
2017-03-13,8.558187484741211,9.087499618530273,9.345000267028809,9.039999961853027,9.267499923706055,8521600
2017-03-20,8.1673583984375,8.672499656677246,9.074999809265137,8.654999732971191,9.039999961853027,12342400
2017-03-27,8.174422264099121,8.680000305175781,8.770000457763672,8.52750015258789,8.529999732971191,11654400
2017-04-03,8.169713973999023,8.675000190734863,8.8774995803833,8.332500457763672,8.422499656677246,23278800
2017-04-10,8.000195503234863,8.494999885559082,8.729999542236328,8.4375,8.712499618530273,11108800
2017-04-17,8.011970520019531,8.507499694824219,8.72249984741211,8.2524995803833,8.5024995803833,19755200
2017-04-24,8.20032024383545,8.707500457763672,8.800000190734863,8.52750015258789,8.6274995803833,15070800
2017-05-01,8.506390571594238,9.032500267028809,9.0600004196167,8.694999694824219,8.75,9776000
2017-05-08,8.23798942565918,8.7475004196167,9.074999809265137,8.654999732971191,9.052499771118164,10391200
2017-05-15,8.223865509033203,8.732500076293945,8.822500228881836,8.5649995803833,8.767499923706055,10388400
2017-05-22,8.301558494567871,8.8149995803833,8.84000015258789,8.664999961853027,8.765000343322754,7052400
2017-05-29,8.447944641113281,8.944999694824219,8.979999542236328,8.6274995803833,8.787500381469727,7760400
2017-06-05,8.67461109161377,9.1850004196167,9.210000038146973,8.859999656677246,8.96500015258789,9420800
2017-06-12,8.636834144592285,9.145000457763672,9.34749984741211,9.0649995803833,9.207500457763672,9147600
2017-06-19,8.71474552154541,9.227499961853027,9.255000114440918,9.109999656677246,9.170000076293945,9036800
2017-06-26,8.835163116455078,9.354999542236328,9.557499885559082,9.212499618530273,9.229999542236328,11347200
2017-07-03,8.839882850646973,9.359999656677246,9.59749984741211,9.319999694824219,9.385000228881836,8270800
2017-07-10,8.948495864868164,9.475000381469727,9.507499694824219,9.3125,9.367500305175781,6904800
2017-07-17,9.151548385620117,9.6899995803833,9.702500343322754,9.057499885559082,9.477499961853027,18136000
2017-07-24,9.439598083496094,9.994999885559082,10.024999618530273,9.642499923706055,9.647500038146973,12512800
2017-07-31,9.571821212768555,10.135000228881836,10.25,9.942500114440918,10.007499694824219,9921200
2017-08-07,9.604873657226562,10.170000076293945,10.204999923706055,9.96500015258789,10.157500267028809,7073600
2017-08-14,9.67570686340332,10.244999885559082,10.444999694824219,10.082500457763672,10.25,11396400
2017-08-21,10.022787094116211,10.612500190734863,10.642499923706055,9.925000190734863,10.239999771118164,8914800
2017-08-28,10.098897933959961,10.667499542236328,10.6850004196167,10.3100004196167,10.625,9423200
2017-09-04,9.810152053833008,10.362500190734863,10.677499771118164,10.257499694824219,10.59000015258789,6992800
2017-09-11,9.911924362182617,10.470000267028809,10.572500228881836,10.270000457763672,10.457500457763672,7441200
2017-09-18,10.449174880981445,11.037500381469727,11.067500114440918,10.392499923706055,10.479999542236328,9052800
2017-09-25,10.659812927246094,11.260000228881836,11.270000457763672,10.875,11.029999732971191,9153600
2017-10-02,11.23020076751709,11.862500190734863,12.037500381469727,11.199999809265137,11.244999885559082,11644800
2017-10-09,11.275167465209961,11.90999984741211,12.0,11.762499809265137,11.899999618530273,7824800
2017-10-16,11.689346313476562,12.34749984741211,12.682499885559082,11.782500267028809,11.90250015258789,19619200
2017-10-23,12.683378219604492,13.397500038146973,13.427499771118164,12.282500267028809,12.4375,14891200
2017-10-30,12.763851165771484,13.482500076293945,13.914999961853027,13.207500457763672,13.319999694824219,14532400
2017-11-06,12.752017974853516,13.470000267028809,13.654999732971191,13.335000038146973,13.482500076293945,7796000
2017-11-13,12.903484344482422,13.630000114440918,13.694999694824219,13.28499984741211,13.407500267028809,5630400
2017-11-20,13.161460876464844,13.90250015258789,14.0024995803833,13.654999732971191,13.692500114440918,4071200
2017-11-27,13.770153999328613,14.520000457763672,14.532500267028809,13.755000114440918,13.904999732971191,10140800
2017-12-04,14.495649337768555,15.28499984741211,15.292499542236328,14.602499961853027,14.694999694824219,10988400
2017-12-11,14.32020092010498,15.100000381469727,15.582500457763672,14.975000381469727,15.327500343322754,17618800
2017-12-18,14.301236152648926,15.079999923706055,15.335000038146973,14.857500076293945,15.170000076293945,10875600
2017-12-25,14.038068771362305,14.802499771118164,15.1225004196167,14.77750015258789,15.082500457763672,48660400
2018-01-01,14.305977821350098,15.085000038146973,15.114999771118164,14.729999542236328,14.757499694824219,16827200
2018-01-08,14.960343360900879,15.774999618530273,15.789999961853027,14.8125,14.854999542236328,13240800
2018-01-15,14.813344955444336,15.619999885559082,16.00749969482422,15.262499809265137,15.949999809265137,19761200
2018-01-22,15.22114372253418,16.049999237060547,16.395000457763672,15.587499618530273,15.600000381469727,16616800
2018-01-29,15.50328254699707,16.34749984741211,16.854999542236328,15.755000114440918,16.049999237060547,12033600
2018-02-05,14.704286575317383,15.505000114440918,16.542499542236328,14.832500457763672,16.177499771118164,22024000
2018-02-12,15.9727201461792,16.842500686645508,17.145000457763672,15.625,15.657500267028809,12847200
2018-02-19,16.413700103759766,17.3075008392334,17.415000915527344,16.825000762939453,16.825000762939453,9136400
2018-02-26,16.102340698242188,16.954999923706055,17.8075008392334,16.252500534057617,17.290000915527344,15182400
2018-03-05,17.512664794921875,18.440000534057617,18.462499618530273,16.74250030517578,16.887500762939453,12526000
2018-03-12,16.873985290527344,17.767499923706055,18.52750015258789,17.545000076293945,18.512500762939453,11542800
2018-03-19,15.720088005065918,16.552499771118164,18.27750015258789,16.552499771118164,17.75,11418000
2018-03-26,15.964631080627441,16.809999465942383,17.399999618530273,16.072500228881836,16.857500076293945,9115200
2018-04-02,16.40862464904785,17.27750015258789,17.78499984741211,15.962499618530273,16.727500915527344,18012400
2018-04-09,16.89772605895996,17.792499542236328,18.334999084472656,17.177499771118164,17.475000381469727,11072800
2018-04-16,17.522165298461914,18.450000762939453,18.8174991607666,17.712499618530273,17.979999542236328,21443200
2018-04-23,17.545909881591797,18.475000381469727,18.729999542236328,17.815000534057617,18.532499313354492,11862400
2018-04-30,17.795202255249023,18.737499237060547,18.88249969482422,17.952499389648438,18.552499771118164,10922000
2018-05-07,18.92298126220703,19.924999237060547,20.079999923706055,18.752500534057617,18.772499084472656,12061200
2018-05-14,18.42439079284668,19.399999618530273,19.979999542236328,19.3125,19.88249969482422,13064800
2018-05-21,18.467130661010742,19.44499969482422,20.0,19.202499389648438,19.575000762939453,11395600
2018-05-28,17.19860076904297,18.084999084472656,19.295000076293945,17.985000610351562,19.235000610351562,15816800
2018-06-04,16.97035789489746,17.844999313354492,18.212499618530273,17.0,18.104999542236328,30876000
2018-06-11,16.559053421020508,17.412500381469727,18.209999084472656,17.3075008392334,17.822500228881836,25712000
2018-06-18,15.672262191772461,16.479999542236328,17.387500762939453,16.322500228881836,17.322500228881836,28926800
2018-06-25,15.313268661499023,16.102500915527344,16.497499465942383,15.857500076293945,16.427499771118164,17423600
2018-07-02,14.452620506286621,15.197500228881836,16.332500457763672,15.007499694824219,15.970000267028809,18625200
2018-07-09,14.621419906616211,15.375,15.692500114440918,15.067500114440918,15.227499961853027,17323600
2018-07-16,14.897209167480469,15.664999961853027,16.719999313354492,15.444999694824219,15.444999694824219,21018800
2018-07-23,14.5905179977417,15.342499732971191,16.03499984741211,15.270000457763672,15.614999771118164,12134400
2018-07-30,14.290953636169434,15.02750015258789,15.467499732971191,14.702500343322754,15.462499618530273,13076800
2018-08-06,14.745050430297852,15.505000114440918,15.552499771118164,15.029999732971191,15.072500228881836,12128800
2018-08-13,14.550098419189453,15.300000190734863,15.539999961853027,14.907500267028809,15.507499694824219,9972400
2018-08-20,14.52156925201416,15.270000457763672,15.642499923706055,14.994999885559082,15.297499656677246,16270000
2018-08-27,14.802179336547852,15.539999961853027,15.697500228881836,15.265000343322754,15.387499809265137,8255600
2018-09-03,14.466413497924805,15.1875,15.75,14.7524995803833,15.477499961853027,11098800
2018-09-10,13.961581230163574,14.657500267028809,15.242500305175781,14.135000228881836,15.21500015258789,17515600
2018-09-17,13.675822257995605,14.357500076293945,14.904999732971191,14.204999923706055,14.75,12555600
2018-09-24,13.17098617553711,13.827500343322754,14.4375,13.757499694824219,14.40250015258789,9409200
2018-10-01,13.23528003692627,13.895000457763672,14.242500305175781,13.742500305175781,13.912500381469727,11984800
2018-10-08,12.382777214050293,13.0,14.132499694824219,12.5625,13.875,13046800
2018-10-15,12.156549453735352,12.762499809265137,13.802499771118164,12.672499656677246,13.0,16661600
2018-10-22,11.375482559204102,11.942500114440918,13.02750015258789,11.792499542236328,12.757499694824219,13534800
2018-10-29,13.068588256835938,13.720000267028809,13.782500267028809,11.600000381469727,11.867500305175781,16933200
2018-11-05,13.185274124145508,13.842499732971191,14.449999809265137,13.587499618530273,13.755000114440918,10851200
2018-11-12,12.88284683227539,13.524999618530273,14.069999694824219,13.132499694824219,13.75,8862800
2018-11-19,12.361343383789062,12.977499961853027,13.8125,12.649999618530273,13.522500038146973,7268400
2018-11-26,13.80043888092041,14.462499618530273,14.657500267028809,13.119999885559082,13.142499923706055,9172400
2018-12-03,12.657757759094238,13.265000343322754,15.632499694824219,13.055000305175781,14.789999961853027,14308800
2018-12-10,12.41443157196045,13.010000228881836,13.632499694824219,12.640000343322754,13.09000015258789,12958800
2018-12-17,12.500308990478516,13.100000381469727,14.132499694824219,12.739999771118164,12.952500343322754,15922000
2018-12-24,12.712625503540039,13.322500228881836,13.574999809265137,12.704999923706055,13.212499618530273,10203600
2018-12-31,13.001275062561035,13.625,13.9975004196167,12.75,13.300000190734863,13551600
2019-01-07,12.271297454833984,12.859999656677246,13.885000228881836,12.510000228881836,13.625,16835200
2019-01-14,13.032289505004883,13.657500267028809,13.697500228881836,12.550000190734863,13.0,10402000
2019-01-21,12.061366081237793,12.640000343322754,13.875,12.25,13.762499809265137,15508000
2019-01-28,11.83474063873291,12.40250015258789,13.052499771118164,12.130000114440918,12.697500228881836,14012000
2019-02-04,12.03751277923584,12.614999771118164,12.917499542236328,12.324999809265137,12.470000267028809,11899200
2019-02-11,12.683995246887207,13.292499542236328,13.494999885559082,12.6274995803833,12.75,9189200
2019-02-18,13.428290367126465,14.072500228881836,14.125,13.297499656677246,13.4375,6492800
2019-02-25,13.27564811706543,13.887499809265137,14.53499984741211,13.704999923706055,14.279999732971191,9861200
2019-03-04,12.429641723632812,13.0024995803833,14.107500076293945,12.982500076293945,13.987500190734863,9634800
2019-03-11,12.933899879455566,13.529999732971191,13.795000076293945,13.0024995803833,13.0024995803833,7109200
2019-03-18,11.987516403198242,12.539999961853027,13.887499809265137,12.467499732971191,13.609999656677246,7206800
2019-03-25,12.398575782775879,12.970000267028809,13.1225004196167,12.302499771118164,12.762499809265137,7758400
2019-04-01,12.845474243164062,13.4375,13.967499732971191,13.024999618530273,13.175000190734863,9874800
2019-04-08,12.938676834106445,13.53499984741211,13.607500076293945,13.072500228881836,13.47249984741211,6090000
2019-04-15,13.115528106689453,13.720000267028809,14.125,13.462499618530273,13.725000381469727,8858400
2019-04-22,12.9482421875,13.545000076293945,13.857500076293945,13.367500305175781,13.442500114440918,6153600
2019-04-29,13.552873611450195,14.177499771118164,14.180000305175781,13.4375,13.5,6849600
2019-05-06,13.495514869689941,14.117500305175781,14.829999923706055,13.517499923706055,13.517499923706055,9273200
2019-05-13,13.246970176696777,13.857500076293945,14.029999732971191,13.524999618530273,13.550000190734863,6550800
2019-05-20,12.776168823242188,13.364999771118164,14.117500305175781,13.354999542236328,14.055000305175781,7248000
2019-05-27,12.163726806640625,12.699999809265137,13.542499542236328,12.539999961853027,13.197500228881836,6990800
2019-06-03,13.066429138183594,13.642499923706055,13.662500381469727,12.345000267028809,12.699999809265137,10678000
2019-06-10,13.195724487304688,13.77750015258789,13.930000305175781,12.942500114440918,13.75,9850000
2019-06-17,12.759940147399902,13.322500228881836,13.942500114440918,13.322500228881836,13.727499961853027,7220000
2019-06-24,12.977832794189453,13.550000190734863,13.7475004196167,12.949999809265137,13.475000381469727,12926000
2019-07-01,13.143048286437988,13.72249984741211,13.797499656677246,13.100000381469727,13.649999618530273,9921200
2019-07-08,12.50373363494873,13.055000305175781,13.84749984741211,12.932499885559082,13.737500190734863,9264800
2019-07-15,11.864420890808105,12.387499809265137,13.15250015258789,11.8125,13.0625,20239600
2019-07-22,12.134990692138672,12.670000076293945,12.7475004196167,12.220000267028809,12.467499732971191,9213600
2019-07-29,12.003299713134766,12.532500267028809,12.987500190734863,12.489999771118164,12.670000076293945,8420800
2019-08-05,11.40229606628418,11.904999732971191,12.524999618530273,11.457500457763672,12.270000457763672,10862800
2019-08-12,11.196372985839844,11.6899995803833,11.992500305175781,11.172499656677246,11.895000457763672,8577200
2019-08-19,10.870731353759766,11.350000381469727,11.970000267028809,11.350000381469727,11.970000267028809,6036400
2019-08-26,11.326642990112305,11.800000190734863,11.805000305175781,11.125,11.552499771118164,6647200
2019-09-02,11.758593559265137,12.25,12.287500381469727,11.607500076293945,11.800000190734863,7014000
2019-09-09,12.416114807128906,12.9350004196167,13.09000015258789,12.045000076293945,12.25,6036400
2019-09-16,12.514504432678223,13.037500381469727,13.147500038146973,12.592499732971191,13.0649995803833,6092000
2019-09-23,12.812066078186035,13.34749984741211,13.34749984741211,12.34000015258789,12.595000267028809,8712000
2019-09-30,11.420232772827148,11.897500038146973,13.467499732971191,11.46500015258789,13.287500381469727,21298000
2019-10-07,11.499425888061523,11.979999542236328,12.102499961853027,11.3125,11.897500038146973,6099600
2019-10-14,10.798707008361816,11.25,12.072500228881836,11.137499809265137,11.864999771118164,14950000
2019-10-21,11.163466453552246,11.630000114440918,11.710000038146973,11.199999809265137,11.399999618530273,6859600
2019-10-28,11.276249885559082,11.7475004196167,12.202500343322754,11.65250015258789,11.65250015258789,7520800
2019-11-04,11.269050598144531,11.739999771118164,11.904999732971191,11.28499984741211,11.8149995803833,7323600
2019-11-11,11.15866470336914,11.625,11.792499542236328,11.442500114440918,11.645000457763672,6102800
2019-11-18,11.50422191619873,11.984999656677246,12.067500114440918,11.432499885559082,11.607500076293945,9283600
2019-11-25,11.64319896697998,12.104999542236328,12.432499885559082,11.975000381469727,11.9975004196167,5278000
2019-12-02,11.349835395812988,11.800000190734863,12.302499771118164,11.305000305175781,12.25,9453200
2019-12-09,11.26807975769043,11.71500015258789,12.132499694824219,11.522500038146973,11.795000076293945,8387600
2019-12-16,11.373882293701172,11.824999809265137,12.022500038146973,11.630000114440918,11.765000343322754,15452000
2019-12-23,11.335406303405762,11.78499984741211,11.887499809265137,11.657500267028809,11.8100004196167,3420800
2019-12-30,11.354643821716309,11.805000305175781,12.012499809265137,11.479999542236328,11.827500343322754,7336800
2020-01-06,11.667245864868164,12.130000114440918,12.207500457763672,11.524999618530273,11.664999961853027,7791200
2020-01-13,12.059202194213867,12.537500381469727,12.692500114440918,12.024999618530273,12.142499923706055,8410800
2020-01-20,11.458044052124023,11.912500381469727,12.859999656677246,11.827500343322754,12.537500381469727,12207200
2020-01-27,11.301743507385254,11.75,12.147500038146973,11.574999809265137,11.71500015258789,9840400
2020-02-03,12.443940162658691,12.9375,13.642499923706055,11.845000267028809,11.852499961853027,13944800
2020-02-10,13.259111404418945,13.78499984741211,13.890000343322754,12.875,12.907500267028809,8921200
2020-02-17,13.235063552856445,13.760000228881836,14.625,13.595000267028809,13.72249984741211,9532000
2020-02-24,12.310412406921387,12.774999618530273,13.852499961853027,12.267499923706055,13.25,18366400
2020-03-02,11.56359577178955,12.0,13.7475004196167,11.432499885559082,12.850000381469727,25667600
2020-03-09,10.628872871398926,11.029999732971191,11.742500305175781,9.954999923706055,11.039999961853027,23222000
2020-03-16,9.130422592163086,9.475000381469727,10.712499618530273,9.117500305175781,9.279999732971191,23066400
2020-03-23,9.97841739654541,10.354999542236328,11.229999542236328,8.425000190734863,9.492500305175781,17604800
2020-03-30,10.284370422363281,10.672499656677246,11.352499961853027,10.262499809265137,10.430000305175781,15543600
2020-04-06,10.968551635742188,11.382499694824219,11.837499618530273,10.922499656677246,11.012499809265137,7917600
2020-04-13,11.064915657043457,11.482500076293945,11.789999961853027,10.914999961853027,11.332500457763672,8724400
2020-04-20,9.303877830505371,9.654999732971191,11.649999618530273,9.512499809265137,11.234999656677246,29977200
2020-04-27,9.884462356567383,10.257499694824219,10.510000228881836,9.5649995803833,9.737500190734863,19180400
2020-05-04,9.908554077148438,10.282500267028809,10.342499732971191,10.0024995803833,10.132499694824219,9932800
2020-05-11,8.971423149108887,9.3100004196167,10.34749984741211,9.0625,10.21500015258789,11962400
2020-05-18,9.352058410644531,9.704999923706055,9.992500305175781,9.447500228881836,9.447500228881836,11246800
2020-05-25,10.226325035095215,10.587499618530273,10.96500015258789,9.942500114440918,9.960000038146973,9440800
2020-06-01,10.499186515808105,10.869999885559082,11.369999885559082,10.545000076293945,10.617500305175781,16885600
2020-06-08,10.030733108520508,10.385000228881836,11.307499885559082,10.132499694824219,11.077500343322754,17637600
2020-06-15,10.035561561584473,10.390000343322754,10.907500267028809,10.117500305175781,10.117500305175781,13530000
2020-06-22,9.71440601348877,10.057499885559082,10.774999618530273,9.97249984741211,10.295000076293945,15537200
2020-06-29,10.38569164276123,10.7524995803833,10.920000076293945,10.047499656677246,10.1274995803833,12273200
2020-07-06,11.887646675109863,12.307499885559082,12.322500228881836,11.020000457763672,11.087499618530273,20696000
2020-07-13,12.404397964477539,12.842499732971191,13.387499809265137,12.319999694824219,12.425000190734863,16046400
2020-07-20,11.923871040344238,12.345000267028809,13.082500457763672,12.220000267028809,13.029999732971191,17609200
2020-07-27,11.976991653442383,12.399999618530273,12.657500267028809,12.217499732971191,12.300000190734863,11563600
2020-08-03,12.365763664245605,12.802499771118164,13.03499984741211,12.432499885559082,12.5,8102400
2020-08-10,12.595159530639648,13.039999961853027,13.092499732971191,12.369999885559082,12.867500305175781,9262400
2020-08-17,12.435787200927734,12.875,13.28499984741211,12.755000114440918,13.037500381469727,7597200
2020-08-24,12.865610122680664,13.319999694824219,13.329999923706055,12.882499694824219,12.942500114440918,9232000
2020-08-31,12.553524017333984,12.97249984741211,13.422499656677246,12.850000381469727,13.319999694824219,11116000
2020-09-07,11.457600593566895,11.84000015258789,12.817500114440918,11.7524995803833,12.817500114440918,11004000
2020-09-14,11.62695026397705,12.015000343322754,12.055000305175781,11.672499656677246,11.862500190734863,13537600
2020-09-21,11.484211921691895,11.867500305175781,12.25,11.607500076293945,11.944999694824219,10219600
2020-09-28,11.83742618560791,12.232500076293945,12.390000343322754,11.967499732971191,12.005000114440918,10980000
2020-10-05,12.255952835083008,12.664999961853027,12.932499885559082,12.267499923706055,12.289999961853027,7639600
2020-10-12,12.202731132507324,12.609999656677246,13.017499923706055,12.292499542236328,12.8100004196167,7631200
2020-10-19,11.9535493850708,12.352499961853027,12.699999809265137,12.029999732971191,12.607500076293945,11086000
2020-10-26,11.508404731750488,11.892499923706055,12.257499694824219,11.677499771118164,12.257499694824219,9236800
2020-11-02,11.781782150268555,12.175000190734863,12.392499923706055,11.862500190734863,11.977499961853027,8602800
2020-11-09,12.962379455566406,13.395000457763672,13.425000190734863,12.232500076293945,12.640000343322754,13055600
2020-11-16,12.817221641540527,13.244999885559082,13.9375,13.147500038146973,13.505000114440918,15124400
2020-11-23,13.090599060058594,13.52750015258789,13.654999732971191,13.015000343322754,13.272500038146973,8180000
2020-11-30,13.347516059875488,13.767499923706055,13.97249984741211,13.045000076293945,13.5024995803833,14231600
2020-12-07,13.352363586425781,13.772500038146973,14.100000381469727,13.229999542236328,13.5625,14529600
2020-12-14,14.336400032043457,14.787500381469727,15.092499732971191,13.5,13.895000457763672,20798400
2020-12-21,14.804180145263672,15.270000457763672,15.337499618530273,14.307499885559082,14.6850004196167,8974400
2020-12-28,14.765399932861328,15.229999542236328,15.737500190734863,14.944999694824219,15.399999618530273,8747600
2021-01-04,16.937068939208984,17.469999313354492,17.967500686645508,14.9975004196167,15.3725004196167,24894000
2021-01-11,16.728626251220703,17.2549991607666,17.662500381469727,16.8075008392334,17.290000915527344,12768800
2021-01-18,16.68742561340332,17.212499618530273,17.725000381469727,16.762500762939453,17.375,15871200
2021-01-25,14.830842971801758,15.297499656677246,17.5,14.770000457763672,17.469999313354492,32936400
2021-02-01,17.431514739990234,17.979999542236328,18.135000228881836,15.3725004196167,15.475000381469727,29094800
2021-02-08,17.613292694091797,18.167499542236328,18.467500686645508,17.5625,18.114999771118164,13345600
2021-02-15,18.064104080200195,18.63249969482422,19.040000915527344,18.082500457763672,18.2450008392334,10607600
2021-02-22,17.569133758544922,18.09749984741211,19.167499542236328,17.662500381469727,18.637500762939453,14308400
2021-03-01,18.25112533569336,18.799999237060547,19.412500381469727,17.872499465942383,18.475000381469727,18914000
2021-03-08,19.144264221191406,19.719999313354492,20.142499923706055,18.739999771118164,18.959999084472656,12495600
2021-03-15,19.042333602905273,19.614999771118164,19.834999084472656,19.030000686645508,19.834999084472656,13115200
2021-03-22,17.717182159423828,18.25,19.875,17.912500381469727,19.549999237060547,21376800
2021-03-29,17.879791259765625,18.417499542236328,18.684999465942383,17.8075008392334,18.072500228881836,13590000
2021-04-05,18.073957443237305,18.61750030517578,19.127500534057617,18.25,18.657499313354492,14573200
2021-04-12,18.578767776489258,19.137500762939453,19.392499923706055,18.302499771118164,18.649999618530273,16456800
2021-04-19,17.789995193481445,18.325000762939453,19.399999618530273,17.52750015258789,19.102500915527344,24356800
2021-04-26,17.357986450195312,17.8799991607666,18.462499618530273,17.799999237060547,18.389999389648438,11218000
2021-05-03,16.891998291015625,17.399999618530273,18.147499084472656,17.167499542236328,18.11750030517578,16763200
2021-05-10,16.756084442138672,17.260000228881836,17.55500030517578,16.40250015258789,17.5,18310800
2021-05-17,16.29981231689453,16.790000915527344,17.21500015258789,16.364999771118164,17.18000030517578,13583600
2021-05-24,16.3485164642334,16.815000534057617,17.052499771118164,16.522499084472656,16.522499084472656,14435600
2021-05-31,16.584293365478516,17.0575008392334,17.475000381469727,16.572500228881836,16.9325008392334,40968400
2021-06-07,15.913433074951172,16.36750030517578,17.147499084472656,16.167499542236328,17.147499084472656,25560400
2021-06-14,15.376259803771973,15.8149995803833,16.600000381469727,15.770000457763672,16.53499984741211,17305200
2021-06-21,16.19295883178711,16.655000686645508,16.774999618530273,15.770000457763672,15.942500114440918,14354800
2021-06-28,15.932879447937012,16.387500762939453,16.774999618530273,16.237499237060547,16.662500381469727,16684000
2021-07-05,15.872111320495605,16.325000762939453,16.38249969482422,15.635000228881836,16.344999313354492,9127200
2021-07-12,15.30577278137207,15.742500305175781,16.447500228881836,15.725000381469727,16.2450008392334,10580400
2021-07-19,14.785614013671875,15.207500457763672,15.960000038146973,15.1850004196167,15.59749984741211,17292800
2021-07-26,15.035967826843262,15.46500015258789,15.819999694824219,14.942500114440918,15.167499542236328,12216000
2021-08-02,15.43702507019043,15.8774995803833,15.895000457763672,15.130000114440918,15.515000343322754,11388000
2021-08-09,15.364105224609375,15.802499771118164,16.077499389648438,15.612500190734863,15.917499542236328,10302000
2021-08-16,15.06027603149414,15.489999771118164,15.682499885559082,15.052499771118164,15.682499885559082,10359200
2021-08-23,15.857526779174805,16.309999465942383,16.322500228881836,15.505000114440918,15.617500305175781,9526400
2021-08-30,15.702030181884766,16.125,16.422500610351562,16.03499984741211,16.3125,12601600
2021-09-06,15.288177490234375,15.699999809265137,16.27750015258789,15.637499809265137,16.18000030517578,9476800
2021-09-13,14.981439590454102,15.385000228881836,15.824999809265137,15.239999771118164,15.757499694824219,18146000
2021-09-20,15.271138191223145,15.682499885559082,15.707500457763672,14.710000038146973,15.175000190734863,12106000
2021-09-27,15.706896781921387,16.1299991607666,16.520000457763672,15.577500343322754,15.762499809265137,23808800
2021-10-04,17.445077896118164,17.915000915527344,18.012500762939453,15.914999961853027,16.15999984741211,19858400
2021-10-11,17.306310653686523,17.772499084472656,18.327499389648438,17.420000076293945,17.967500686645508,15702800
2021-10-18,18.131582260131836,18.6200008392334,18.780000686645508,17.575000762939453,17.677499771118164,19766800
2021-10-25,17.247888565063477,17.712499618530273,18.8125,17.44499969482422,18.642499923706055,12104000
2021-11-01,17.97091293334961,18.454999923706055,19.072500228881836,17.719999313354492,17.84749984741211,20370800
2021-11-08,17.87109375,18.352500915527344,18.677499771118164,18.0,18.479999542236328,8349600
2021-11-15,18.151060104370117,18.639999389648438,18.9375,18.325000762939453,18.4325008392334,12804800
2021-11-22,18.09506607055664,18.582500457763672,19.63249969482422,18.450000762939453,18.752500534057617,15132000
2021-11-29,18.260499954223633,18.727500915527344,19.225000381469727,18.40999984741211,18.78499984741211,22172000
2021-12-06,18.58226776123047,19.0575008392334,19.38249969482422,18.614999771118164,18.782499313354492,14626400
2021-12-13,18.804094314575195,19.28499984741211,20.272499084472656,18.657499313354492,18.952499389648438,19300000
2021-12-20,19.501270294189453,20.0,20.079999923706055,18.530000686645508,19.0049991607666,9092800
2021-12-27,19.359882354736328,19.854999542236328,20.707500457763672,19.827499389648438,20.045000076293945,8993200
2022-01-03,18.826038360595703,19.3075008392334,20.239999771118164,19.06999969482422,20.0,19822800
2022-01-10,18.221494674682617,18.6875,19.514999389648438,18.327499389648438,19.122499465942383,14472800
2022-01-17,16.895410537719727,17.327499389648438,18.787500381469727,17.24250030517578,18.475000381469727,21366800
2022-01-24,16.05685806274414,16.467500686645508,17.0575008392334,15.957500457763672,17.002500534057617,24192800
2022-01-31,17.7875919342041,18.24250030517578,18.362499237060547,16.337499618530273,16.454999923706055,19185600
2022-02-07,17.82172203063965,18.27750015258789,19.174999237060547,18.165000915527344,18.25,13425600
2022-02-14,17.102611541748047,17.540000915527344,18.75,17.415000915527344,18.165000915527344,11754000
2022-02-21,16.70771026611328,17.135000228881836,17.594999313354492,15.460000038146973,17.325000762939453,15121200
2022-02-28,14.325079917907715,14.670000076293945,16.84000015258789,14.529999732971191,16.6875,21660000
2022-03-07,14.871912002563477,15.229999542236328,15.682499885559082,14.237500190734863,14.59000015258789,17320000
2022-03-14,16.28537940979004,16.677499771118164,16.72249984741211,15.327500343322754,15.40999984741211,23624800
2022-03-21,16.1120548248291,16.5,17.06999969482422,16.292499542236328,16.65250015258789,19848800
2022-03-28,16.30002212524414,16.6924991607666,17.1924991607666,16.417499542236328,16.600000381469727,15791600
2022-04-04,15.836193084716797,16.217500686645508,16.9950008392334,15.592499732971191,16.6875,12484800
2022-04-11,15.938726425170898,16.322500228881836,16.512500762939453,16.037500381469727,16.155000686645508,7659200
2022-04-18,14.891443252563477,15.25,16.90999984741211,15.207500457763672,16.020000457763672,23137200
2022-04-25,14.539908409118652,14.890000343322754,16.107500076293945,14.854999542236328,15.137499809265137,14776400
2022-05-02,13.414504051208496,13.737500190734863,15.260000228881836,13.567500114440918,14.942500114440918,25177600
2022-05-09,13.456006050109863,13.779999732971191,14.095000267028809,13.045000076293945,13.52750015258789,20384000
2022-05-16,13.814863204956055,14.147500038146973,14.170000076293945,13.329999923706055,13.637499809265137,19938800
2022-05-23,14.937825202941895,15.297499656677246,15.302499771118164,13.942500114440918,14.380000114440918,15628000
2022-05-30,14.700640678405762,15.029999732971191,15.587499618530273,14.887499809265137,15.242500305175781,13538400
2022-06-06,13.805688858032227,14.114999771118164,15.462499618530273,13.970000267028809,15.292499542236328,16000800
2022-06-13,13.666314125061035,13.97249984741211,14.3774995803833,13.390000343322754,13.875,16988400
2022-06-20,14.258056640625,14.577500343322754,14.604999542236328,14.020000457763672,14.135000228881836,12852400
2022-06-27,13.646751403808594,13.952500343322754,14.795000076293945,13.367500305175781,14.680000305175781,14737200
2022-07-04,13.756786346435547,14.0649995803833,14.279999732971191,13.59000015258789,13.742500305175781,10019200
2022-07-11,13.402229309082031,13.702500343322754,13.907500267028809,13.107500076293945,13.845000267028809,20878800
2022-07-18,13.800800323486328,14.109999656677246,14.390000343322754,13.71500015258789,13.962499618530273,22126400
2022-07-25,14.350975036621094,14.672499656677246,14.772500038146973,13.954999923706055,14.21500015258789,12949200
2022-08-01,15.018515586853027,15.354999542236328,15.367500305175781,13.854999542236328,14.5600004196167,33646400
2022-08-08,15.940361976623535,16.297500610351562,16.3125,15.005000114440918,15.454999923706055,24129600
2022-08-15,15.329059600830078,15.672499656677246,16.530000686645508,15.595000267028809,16.167499542236328,11247600
2022-08-22,15.06497573852539,15.40250015258789,15.970000267028809,15.362500190734863,15.427499771118164,16628400
2022-08-29,15.141252517700195,15.454999923706055,15.994999885559082,14.890000343322754,15.267499923706055,13940400
2022-09-05,16.921857833862305,17.272499084472656,17.354999542236328,15.577500343322754,15.577500343322754,25790000
2022-09-12,16.586307525634766,16.93000030517578,17.690000534057617,16.762500762939453,17.40250015258789,41469200
2022-09-19,15.834389686584473,16.162500381469727,17.237499237060547,15.947500228881836,16.670000076293945,18744000
2022-09-26,15.653145790100098,15.977499961853027,16.447500228881836,15.675000190734863,16.0575008392334,16904000
2022-10-03,17.06881332397461,17.422500610351562,17.69499969482422,15.675000190734863,16.1200008392334,26741200
2022-10-10,16.75775146484375,17.104999542236328,17.94499969482422,16.72249984741211,17.612499237060547,23335600
2022-10-17,18.77838134765625,19.167499542236328,19.322500228881836,17.00749969482422,17.479999542236328,33623200
2022-10-24,19.62337875366211,20.030000686645508,20.167499542236328,18.809999465942383,19.237499237060547,24592800
2022-10-31,19.493566513061523,19.897499084472656,20.364999771118164,19.65999984741211,20.020000457763672,23621200
2022-11-07,18.014223098754883,18.387500762939453,20.270000457763672,18.247499465942383,19.952499389648438,24235600
2022-11-14,18.38405990600586,18.764999389648438,19.21500015258789,18.110000610351562,18.407499313354492,22109600
2022-11-21,19.028215408325195,19.422500610351562,19.88249969482422,18.700000762939453,18.75749969482422,12498400
2022-11-28,19.302221298217773,19.677499771118164,20.212499618530273,19.209999084472656,19.264999389648438,20345200
2022-12-05,18.505220413208008,18.864999771118164,19.697500228881836,18.81999969482422,19.657499313354492,14487600
2022-12-12,17.041183471679688,17.372499465942383,19.0049991607666,17.142499923706055,18.844999313354492,24528800
2022-12-19,18.083415985107422,18.434999465942383,18.52750015258789,17.0575008392334,17.4424991607666,14569600
2022-12-26,17.742544174194336,18.087499618530273,18.584999084472656,17.90999984741211,18.53499984741211,11912400
2023-01-02,18.06134605407715,18.412500381469727,18.467500686645508,17.747499465942383,18.15250015258789,12057200
2023-01-09,18.93437385559082,19.302499771118164,19.315000534057617,18.375,18.594999313354492,18149200
2023-01-16,19.353721618652344,19.729999542236328,20.850000381469727,18.952499389648438,19.424999237060547,39347200
2023-01-23,19.00794792175293,19.377500534057617,20.247499465942383,19.137500762939453,19.707500457763672,18746000
2023-01-30,20.643648147583008,21.045000076293945,21.352500915527344,19.280000686645508,19.407499313354492,28070400
2023-02-06,21.141464233398438,21.552499771118164,21.907499313354492,20.997499465942383,21.0049991607666,20658800
2023-02-13,21.26653480529785,21.68000030517578,22.24250030517578,21.352500915527344,21.61750030517578,23455200
2023-02-20,21.183151245117188,21.594999313354492,21.962499618530273,21.149999618530273,21.655000686645508,15994400
2023-02-27,21.907451629638672,22.3075008392334,22.34000015258789,21.40250015258789,21.667499542236328,16529600
2023-03-06,19.712528228759766,20.072500228881836,22.547500610351562,20.0049991607666,22.334999084472656,26774400
2023-03-13,18.60770606994629,18.947500228881836,20.3075008392334,18.502500534057617,19.487499237060547,42368400
2023-03-20,18.90232276916504,19.247499465942383,20.770000457763672,18.735000610351562,19.13249969482422,31259600
2023-03-27,20.269847869873047,20.639999389648438,20.657499313354492,19.6299991607666,19.69499969482422,17678000
2023-04-03,19.494016647338867,19.850000381469727,21.084999084472656,19.78499984741211,20.75,13282000
2023-04-10,20.426982879638672,20.799999237060547,20.924999237060547,19.795000076293945,19.850000381469727,15456800
2023-04-17,19.918766021728516,20.282499313354492,21.5575008392334,20.11750030517578,20.672500610351562,29447200
2023-04-24,19.113466262817383,19.462499618530273,20.387500762939453,19.225000381469727,20.287500381469727,16713600
2023-05-01,18.79429817199707,19.137500762939453,19.712499618530273,17.707500457763672,19.520000457763672,23381600
2023-05-08,18.602792739868164,18.9424991607666,19.719999313354492,18.829999923706055,19.30500030517578,14083200
2023-05-15,18.516862869262695,18.854999542236328,19.24250030517578,18.572500228881836,19.05500030517578,15168400
2023-05-22,19.233768463134766,19.584999084472656,19.677499771118164,18.424999237060547,18.885000228881836,15238000
2023-05-29,19.786697387695312,20.122499465942383,20.235000610351562,19.274999618530273,19.665000915527344,11073200
2023-06-05,19.617074966430664,19.950000762939453,20.450000762939453,19.802499771118164,20.1299991607666,12829200
2023-06-12,19.735071182250977,20.06999969482422,20.407499313354492,19.172500610351562,19.920000076293945,17100800
2023-06-19,19.668703079223633,20.002500534057617,20.155000686645508,19.537500381469727,20.040000915527344,11104800
2023-06-26,20.420936584472656,20.767499923706055,21.072500228881836,19.854999542236328,20.0,18084000
2023-07-03,21.168251037597656,21.52750015258789,21.75749969482422,20.610000610351562,20.7549991607666,11697200
2023-07-10,20.804426193237305,21.157499313354492,21.772499084472656,21.075000762939453,21.487499237060547,17313200
2023-07-17,20.514347076416016,20.862499237060547,21.627500534057617,20.290000915527344,21.149999618530273,40611200
2023-07-24,21.384578704833984,21.747499465942383,21.922500610351562,20.61750030517578,20.862499237060547,23939200
2023-07-31,21.952442169189453,22.325000762939453,23.077499389648438,21.677499771118164,21.899999618530273,19630000
2023-08-07,22.52276039123535,22.905000686645508,23.0625,21.962499618530273,22.5,12823600
2023-08-14,22.49817657470703,22.8799991607666,23.332500457763672,22.227500915527344,22.815000534057617,15889200
2023-08-21,22.768590927124023,23.155000686645508,23.372499465942383,22.75749969482422,22.8700008392334,11278400
2023-08-28,22.771697998046875,23.13249969482422,23.56999969482422,22.344999313354492,23.204999923706055,18948000
2023-09-04,23.246671676635742,23.614999771118164,23.645000457763672,22.905000686645508,23.11750030517578,10905200
2023-09-11,22.577280044555664,22.934999465942383,23.897499084472656,22.787500381469727,23.6875,20798800
2023-09-18,21.6248722076416,21.967500686645508,22.93000030517578,21.852500915527344,22.90250015258789,20815600
2023-09-25,21.30247688293457,21.639999389648438,22.4375,21.38249969482422,21.907499313354492,17994400
2023-10-02,22.067852020263672,22.417499542236328,22.524999618530273,21.309999465942383,21.6924991607666,16781200
2023-10-09,20.940710067749023,21.272499084472656,22.40999984741211,21.1875,22.399999618530273,14655600
2023-10-16,19.734817504882812,20.047500610351562,21.795000076293945,19.975000381469727,21.542499542236328,36966000
2023-10-23,19.498559951782227,19.8075008392334,20.295000076293945,19.672500610351562,20.0,15592800
2023-10-30,19.565004348754883,19.875,20.252500534057617,19.53499984741211,19.94499969482422,21001200
2023-11-06,20.271318435668945,20.592500686645508,20.649999618530273,19.829999923706055,20.014999389648438,14352000
2023-11-13,19.48871421813965,19.797500610351562,20.622499465942383,19.49250030517578,20.520000457763672,23236800
2023-11-20,20.13103485107422,20.450000762939453,20.457500457763672,19.63249969482422,19.864999771118164,11092000
2023-11-27,19.25539207458496,19.53499984741211,20.407499313354492,18.149999618530273,20.387500762939453,33920400
2023-12-04,20.489961624145508,20.787500381469727,20.977500915527344,19.4375,19.469999313354492,28697600
2023-12-11,19.661985397338867,19.947500228881836,21.24250030517578,19.732500076293945,20.907499313354492,34984800
2023-12-18,20.233680725097656,20.52750015258789,20.799999237060547,20.0,20.014999389648438,20593200
2023-12-25,20.42835807800293,20.725000381469727,20.924999237060547,20.517499923706055,20.584999084472656,8721600
2024-01-01,21.665393829345703,21.979999542236328,22.43000030517578,20.565000534057617,20.78499984741211,31516800
2024-01-08,21.773818969726562,22.09000015258789,22.25,21.4424991607666,21.959999084472656,26941200
2024-01-15,22.126203536987305,22.447500228881836,22.600000381469727,20.96500015258789,22.21500015258789,36914800
2024-01-22,22.60672378540039,22.934999465942383,23.155000686645508,22.43000030517578,22.5,27212000
2024-01-29,23.688514709472656,24.032499313354492,24.280000686645508,22.05500030517578,22.962499618530273,30866400
2024-02-05,24.16411018371582,24.514999389648438,24.6200008392334,23.15250015258789,24.0,18491200
2024-02-12,25.758455276489258,26.13249969482422,26.607500076293945,24.440000534057617,24.610000610351562,25986800
2024-02-19,26.298118591308594,26.68000030517578,26.927499771118164,25.5674991607666,26.135000228881836,17810400
2024-02-26,27.2497615814209,27.6200008392334,27.670000076293945,26.59000015258789,26.639999389648438,16209600
2024-03-04,26.615869522094727,26.977500915527344,28.125,26.915000915527344,27.88249969482422,17859200
2024-03-11,26.49994659423828,26.860000610351562,27.447500228881836,26.662500381469727,26.875,21879200
2024-03-18,26.753990173339844,27.11750030517578,27.645000457763672,26.627500534057617,26.795000076293945,17457200
2024-03-25,27.55313491821289,27.927499771118164,28.1200008392334,26.954999923706055,27.02750015258789,9375200
2024-04-01,27.789918899536133,28.167499542236328,29.229999542236328,27.717500686645508,27.927499771118164,19039200
2024-04-08,27.22756004333496,27.59749984741211,28.645000457763672,27.5,28.4375,14014000
2024-04-15,27.513671875,27.887500762939453,28.542499542236328,26.700000762939453,27.9950008392334,30565600
2024-04-22,28.648258209228516,29.037500381469727,29.49250030517578,27.962499618530273,28.11750030517578,17206000
2024-04-29,29.62745475769043,30.030000686645508,30.09749984741211,28.727500915527344,28.927499771118164,23691600
2024-05-06,29.62498664855957,30.02750015258789,30.719999313354492,29.637500762939453,30.190000534057617,15219600
2024-05-13,30.540054321289062,30.954999923706055,30.985000610351562,29.927499771118164,30.030000686645508,11903200
2024-05-20,31.571041107177734,32.0,32.04499816894531,30.809999465942383,30.987499237060547,14419200
2024-05-27,31.06958770751953,31.43000030517578,32.29750061035156,30.53499984741211,32.0,14525200
2024-06-03,30.58026123046875,30.934999465942383,31.852500915527344,30.642499923706055,31.579999923706055,17449600
2024-06-10,29.69058609008789,30.03499984741211,31.46500015258789,29.725000381469727,30.795000076293945,15415600
2024-06-17,29.70046615600586,30.045000076293945,30.3125,29.540000915527344,30.0,12166400
2024-06-24,30.29853057861328,30.649999618530273,31.042499542236328,30.017499923706055,30.020000457763672,13164400
2024-07-01,30.639575958251953,30.9950008392334,32.25,30.377500534057617,31.020000457763672,11575600
2024-07-08,30.053871154785156,30.40250015258789,31.627500534057617,29.852500915527344,31.274999618530273,16641200
2024-07-15,29.816621780395508,30.162500381469727,31.295000076293945,29.155000686645508,30.540000915527344,36197600
2024-07-22,29.359424591064453,29.700000762939453,30.727500915527344,29.06999969482422,30.162500381469727,18722800
2024-07-29,27.80990219116211,28.13249969482422,30.44499969482422,27.799999237060547,29.712499618530273,19221200
2024-08-05,28.80337905883789,29.137500762939453,29.24250030517578,25.922500610351562,26.6924991607666,22749600
2024-08-12,29.868518829345703,30.21500015258789,30.270000457763672,29.082500457763672,29.38249969482422,13682000
2024-08-19,30.496238708496094,30.850000381469727,31.172500610351562,30.102500915527344,30.247499465942383,14999200
2024-08-26,31.915794372558594,32.22249984741211,32.244998931884766,30.862499237060547,30.950000762939453,13567200
2024-09-02,30.343400955200195,30.635000228881836,32.23749923706055,30.34749984741211,32.029998779296875,11934400
2024-09-09,31.712745666503906,32.01750183105469,32.525001525878906,30.010000228881836,30.912500381469727,16310000
2024-09-16,32.9384651184082,33.255001068115234,33.35499954223633,32.0,32.0,22786800
2024-09-23,34.05522918701172,34.38249969482422,34.6875,33.42499923706055,33.42499923706055,16082400
2024-09-30,36.610679626464844,36.962501525878906,36.962501525878906,33.90999984741211,34.470001220703125,20623600
2024-10-07,37.42534637451172,37.78499984741211,37.84000015258789,36.79750061035156,37.189998626708984,18550400
2024-10-14,36.848392486572266,37.20249938964844,38.6875,35.13999938964844,38.002498626708984,29678400
2024-10-21,36.44229507446289,36.79249954223633,37.505001068115234,36.375,37.244998931884766,13900800
2024-10-28,38.07905960083008,38.44499969482422,38.662498474121094,36.994998931884766,37.15999984741211,14048400
2024-11-04,42.031089782714844,42.435001373291016,43.272499084472656,38.345001220703125,38.494998931884766,22573200
2024-11-11,44.62367248535156,45.0525016784668,45.3025016784668,43.04499816894531,43.102500915527344,24352400
2024-11-18,47.449012756347656,47.904998779296875,48.3025016784668,45.04999923706055,45.25,24121200
2024-11-25,47.37969207763672,47.772499084472656,48.35499954223633,47.165000915527344,47.977500915527344,15768800
2024-12-02,46.35568618774414,46.7400016784668,48.352500915527344,46.05500030517578,47.912498474121094,25811200
2024-12-09,44.5035400390625,44.872501373291016,47.0625,43.9275016784668,46.7400016784668,23208800
2024-12-16,43.618377685546875,43.97999954223633,45.4275016784668,42.772499084472656,44.872501373291016,26470400
2024-12-23,44.38204574584961,44.75,45.415000915527344,43.97249984741211,44.432498931884766,8925600
2024-12-30,45.55234909057617,45.93000030517578,46.529998779296875,43.397499084472656,44.3650016784668,14890400
2025-01-06,45.92177963256836,46.3025016784668,48.352500915527344,45.38750076293945,46.52000045776367,20459600
2025-01-13,47.131752014160156,47.522499084472656,47.82749938964844,45.14250183105469,45.782501220703125,22910000
2025-01-20,54.29734802246094,54.747501373291016,55.165000915527344,47.665000915527344,48.15999984741211,41440000
2025-01-27,53.913028717041016,54.36000061035156,55.272499084472656,50.3025016784668,53.17499923706055,41379600
2025-02-03,57.30986785888672,57.78499984741211,58.82500076293945,52.470001220703125,52.60749816894531,42074400
2025-02-10,58.048736572265625,58.529998779296875,59.13249969482422,54.75,57.959999084472656,34312400
2025-02-17,54.232879638671875,54.682498931884766,59.125,54.3224983215332,58.970001220703125,28069200
2025-02-24,50.74217224121094,51.099998474121094,55.522499084472656,49.72249984741211,54.83250045776367,63809200
2025-03-03,47.706085205078125,48.04249954223633,52.907501220703125,45.57749938964844,52.287498474121094,52405600
2025-03-10,41.73320007324219,42.02750015258789,46.25,39.7599983215332,46.0625,64462400
2025-03-17,43.0365104675293,43.34000015258789,45.23500061035156,41.942501068115234,41.942501068115234,41804400
2025-03-24,40.891639709472656,41.18000030517578,45.932498931884766,40.619998931884766,44.560001373291016,46328400
2025-03-31,36.2642707824707,36.52000045776367,44.39500045776367,35.36249923706055,39.8224983215332,41869600
2025-04-07,42.53752899169922,42.837501525878906,43.282501220703125,32.81999969482422,34.275001525878906,73790400
2025-04-14,39.60074234008789,39.880001068115234,44.32500076293945,38.29999923706055,44.23500061035156,54350000
2025-04-21,42.02365493774414,42.31999969482422,42.599998474121094,38.09749984741211,39.3125,30508800
2025-04-28,45.069671630859375,45.38750076293945,45.6150016784668,41.4275016784668,42.73500061035156,27174400
2025-05-05,46.0750846862793,46.400001525878906,46.74250030517578,43.77750015258789,44.84749984741211,22117200
2025-05-12,51.92135238647461,52.287498474121094,52.6150016784668,48.224998474121094,48.95500183105469,26000400
2025-05-19,51.29080581665039,51.65250015258789,52.61249923706055,50.099998474121094,51.15999984741211,22534000
2025-05-26,52.132633209228516,52.41999816894531,53.53499984741211,51.1349983215332,52.307498931884766,19176000
2025-06-02,52.66718673706055,52.95750045776367,53.477500915527344,51.0,52.23749923706055,25864800
2025-06-09,50.262935638427734,50.540000915527344,52.3125,49.150001525878906,52.3125,23415600
2025-06-16,51.058555603027344,51.34000015258789,53.29999923706055,51.09749984741211,51.165000915527344,19058600
2025-06-23,53.66419219970703,53.959999084472656,54.599998474121094,49.29999923706055,51.22999954223633,30536600
2025-06-30,57.66215515136719,57.97999954223633,58.47999954223633,53.13999938964844,55.18000030517578,26148900
2025-07-07,58.278751373291016,58.599998474121094,59.619998931884766,56.33000183105469,58.11000061035156,22303300
2025-07-14,63.69887924194336,64.05000305175781,65.73999786376953,58.18000030517578,59.279998779296875,39601500
2025-07-21,65.14093017578125,65.5,65.95999908447266,59.630001068115234,62.79999923706055,31398400
2025-07-28,63.26129150390625,63.61000061035156,66.81999969482422,62.220001220703125,66.30999755859375,24135900
2025-08-04,65.54869079589844,65.91000366210938,66.05999755859375,63.06999969482422,64.33000183105469,16953600
2025-08-11,62.96294021606445,63.310001373291016,68.06999969482422,62.029998779296875,66.61000061035156,22377000
2025-08-18,62.057918548583984,62.400001525878906,63.970001220703125,60.060001373291016,63.22999954223633,19711500
2025-08-25,61.977779388427734,62.2400016784668,64.5,61.15999984741211,62.38999938964844,130703200
2025-09-01,59.90654373168945,60.15999984741211,64.7699966430664,59.939998626708984,61.29999923706055,30342100
2025-09-08,63.4316291809082,63.70000076293945,64.43000030517578,60.65999984741211,60.83000183105469,21332400
2025-09-15,64.75601959228516,65.02999877929688,65.54000091552734,61.2599983215332,63.81999969482422,27799200
2025-09-22,65.8414306640625,66.12000274658203,66.3499984741211,62.86000061035156,64.19000244140625,20921100
2025-09-29,70.06356048583984,70.36000061035156,71.77999877929688,66.62000274658203,66.80000305175781,27217800
2025-10-06,68.71926879882812,69.01000213623047,73.3499984741211,68.55999755859375,70.97000122070312,19364100
2025-10-13,65.95097351074219,66.2300033569336,71.13999938964844,65.20999908447266,70.77999877929688,31839900
2025-10-20,68.46034240722656,68.75,69.48999786376953,64.1500015258789,67.37999725341797,27459900
2025-10-27,70.06356048583984,70.36000061035156,70.9000015258789,68.13999938964844,69.94000244140625,15558900
2025-11-03,70.24281311035156,70.54000091552734,73.2699966430664,67.5999984741211,70.88999938964844,21870700
2025-11-10,65.75181579589844,66.02999877929688,72.9800033569336,64.41999816894531,71.83999633789062,21947000
2025-11-17,60.79278564453125,61.04999923706055,67.33000183105469,58.95000076293945,65.76000213623047,25018200
2025-11-24,64.74606323242188,65.0199966430664,65.27999877929688,61.029998779296875,61.52000045776367,13730600
2025-12-01,64.30738067626953,64.5,66.19000244140625,62.150001525878906,64.2300033569336,20288600
2025-12-08,63.95843505859375,64.1500015258789,67.12999725341797,62.58000183105469,64.6500015258789,18016000
2025-12-15,64.06809997558594,64.26000213623047,64.72000122070312,62.099998474121094,64.54000091552734,20627900
2025-12-22,65.9624252319336,66.16000366210938,66.33999633789062,64.4000015258789,65.2699966430664,9467600
2025-12-29,67.02923583984375,67.2300033569336,67.55999755859375,64.23999786376953,65.69999694824219,11731300
2026-01-05,70.25955200195312,70.47000122070312,72.95999908447266,67.8499984741211,67.94999694824219,21971100
2026-01-12,73.14093017578125,73.36000061035156,75.63999938964844,69.33000183105469,70.37999725341797,22537000
2026-01-19,77.34832763671875,77.58000183105469,78.55999755859375,70.79000091552734,72.0,33889400
2026-01-26,74.65638732910156,74.87999725341797,78.80000305175781,73.52999877929688,77.37000274658203,23334900
2026-02-02,74.36724853515625,74.58999633789062,77.9800033569336,69.01000213623047,74.69000244140625,34172700
2026-02-09,74.52677154541016,74.75,79.18000030517578,71.51000213623047,74.72000122070312,24315800
2026-02-16,74.17781829833984,74.4000015258789,75.48999786376953,71.55000305175781,73.8499984741211,15405700
2026-02-23,71.05364227294922,71.19000244140625,74.63999938964844,69.6500015258789,73.94000244140625,20047700
2026-03-02,66.57223510742188,66.69999694824219,73.37999725341797,65.2699966430664,69.22000122070312,26835500
2026-03-09,66.06321716308594,66.19000244140625,69.98999786376953,63.4900016784668,65.33999633789062,20447800
2026-03-16,65.34459686279297,65.47000122070312,69.93000030517578,65.0,67.25,25578700
2026-03-23,64.0770263671875,64.19999694824219,69.81999969482422,64.04000091552734,67.30000305175781,27948300
2026-03-30,67.61024475097656,67.73999786376953,70.0,63.02000045776367,64.69999694824219,17853700
2026-04-06,71.07360076904297,71.20999908447266,73.4800033569336,66.72000122070312,68.08999633789062,19682800
2026-04-13,81.5534896850586,81.70999908447266,82.87999725341797,70.51000213623047,70.51000213623047,25460400
2026-04-20,76.47323608398438,76.62000274658203,82.41000366210938,74.62000274658203,81.19999694824219,24978000
2026-04-27,80.3058853149414,80.45999908447266,81.06999969482422,75.68000030517578,76.55000305175781,22293300
2026-05-04,84.25830078125,84.41999816894531,87.37000274658203,80.45999908447266,80.98999786376953,20867600
2026-05-11,86.83335876464844,87.0,88.44000244140625,82.68000030517578,84.27999877929688,19129500
2026-05-18,81.19418334960938,81.3499984741211,87.98999786376953,81.0999984741211,86.75,30851100
2026-05-25,86.80341339111328,86.97000122070312,87.18000030517578,79.12000274658203,82.36000061035156,27482400
2026-06-01,84.32366180419922,84.4000015258789,91.0199966430664,83.11000061035156,86.0999984741211,30174100
2026-06-08,90.72785949707031,90.80999755859375,93.0999984741211,83.12000274658203,85.77999877929688,21256000
2026-06-15,95.91316986083984,96.0,97.80999755859375,92.01000213623047,94.68000030517578,20311000
2026-06-22,89.73875427246094,89.81999969482422,97.83999633789062,89.55999755859375,96.79000091552734,22987200
2026-06-29,91.24739074707031,91.33000183105469,96.70999908447266,86.66000366210938,90.33999633789062,24314900
2026-07-06,94.00489044189453,94.08999633789062,97.4000015258789,91.69000244140625,91.98999786376953,17837900
2026-07-13,90.44811248779297,90.52999877929688,97.7699966430664,87.87000274658203,93.20999908447266,18416000
2026-07-20,91.65702056884766,91.73999786376953,95.55000305175781,89.5,91.55999755859375,23000200
2026-07-27,87.91040802001953,87.98999786376953,94.26000213623047,85.5999984741211,92.9000015258789,26210100
2026-08-03,87.75055694580078,87.83000183105469,90.91999816894531,85.37000274658203,87.02999877929688,29824000
2026-08-10,91.97673034667969,92.05999755859375,92.76000213623047,88.0,88.0,17158800
2026-08-17,93.78509521484375,93.87000274658203,94.5999984741211,88.91999816894531,92.2300033569336,19710500
2026-08-24,95.75331115722656,95.83999633789062,98.75,92.48999786376953,93.86000061035156,19953800
2026-08-31,92.62000274658203,92.62000274658203,97.88999938964844,88.52999877929688,95.5,20870000
2026-09-07,91.37000274658203,91.37000274658203,93.29000091552734,88.73999786376953,91.76000213623047,10789200
2026-09-14,90.69000244140625,90.69000244140625,91.05999755859375,84.95999908447266,90.0,22743600
2026-09-21,89.23999786376953,89.23999786376953,93.94000244140625,88.52999877929688,92.5,18364400
2026-09-28,88.30000305175781,88.30000305175781,88.91999816894531,83.5999984741211,87.80000305175781,21302700
2026-10-05,87.87000274658203,87.87000274658203,91.8499984741211,85.97000122070312,88.87000274658203,15422635
