Date,AdjClose,Close,High,Low,Open,Volume
1986-03-10,0.061121780425310135,0.10069400072097778,0.10243099927902222,0.08854199945926666,0.08854199945926666,1339948800
1986-03-17,0.05637983977794647,0.09288199990987778,0.10329899936914444,0.09114599972963333,0.10069400072097778,367257600
1986-03-24,0.058487359434366226,0.09635400027036667,0.09635400027036667,0.08940999954938889,0.09288199990987778,136972800
1986-03-31,0.058487359434366226,0.09635400027036667,0.09895800054073334,0.09375,0.09635400027036667,100598400
1986-04-07,0.060594867914915085,0.09982600063085556,0.1015629991889,0.09288199990987778,0.09635400027036667,70070400
1986-04-14,0.06164923310279846,0.1015629991889,0.10503499954938889,0.09722200036048889,0.09982600063085556,96998400
1986-04-21,0.07113370299339294,0.1171879991889,0.12196200340986252,0.09895800054073334,0.1015629991889,202233600
1986-04-28,0.06691806763410568,0.11024300009012222,0.11892399936914444,0.10850699990987778,0.1171879991889,164707200
1986-05-05,0.06691806763410568,0.11024300009012222,0.11197900027036667,0.10850699990987778,0.11024300009012222,27763200
1986-05-12,0.06797182559967041,0.11197900027036667,0.11458300054073334,0.11024300009012222,0.11024300009012222,39369600
1986-05-19,0.06533743441104889,0.10763899981975555,0.11197900027036667,0.10763899981975555,0.11197900027036667,89568000
1986-05-26,0.07376811653375626,0.12152799963951111,0.12326399981975555,0.10763899981975555,0.10763899981975555,102153600
1986-06-02,0.07218743115663528,0.11892399936914444,0.12152799963951111,0.11631900072097778,0.12152799963951111,46598400
1986-06-09,0.06639114767313004,0.109375,0.11892399936914444,0.10850699990987778,0.11892399936914444,40003200
1986-06-16,0.06612776219844818,0.10894100368022919,0.11197900027036667,0.10763899981975555,0.109375,39283200
1986-06-23,0.06270302087068558,0.10329899936914444,0.11111100018024445,0.10243099927902222,0.10894100368022919,105552000
1986-06-30,0.06586430966854095,0.10850699990987778,0.109375,0.10243099927902222,0.10329899936914444,176688000
1986-07-07,0.059014249593019485,0.09722200036048889,0.10850699990987778,0.09027799963951111,0.10850699990987778,138729600
1986-07-14,0.06270302087068558,0.10329899936914444,0.10416699945926666,0.09461800009012222,0.09461800009012222,70416000
1986-07-21,0.06586430966854095,0.10850699990987778,0.109375,0.10329899936914444,0.10329899936914444,69408000
1986-07-28,0.059541117399930954,0.09809000045061111,0.10850699990987778,0.09635400027036667,0.10850699990987778,80812800
1986-08-04,0.058487359434366226,0.09635400027036667,0.09895800054073334,0.09461800009012222,0.09809000045061111,41385600
1986-08-11,0.0645471066236496,0.10633700340986252,0.10677099972963333,0.09809000045061111,0.09809000045061111,51062400
1986-08-18,0.06217613071203232,0.10243099927902222,0.10677099972963333,0.10069400072097778,0.10633700340986252,109238400
1986-08-25,0.06006801128387451,0.09895800054073334,0.10243099927902222,0.09722200036048889,0.10243099927902222,51667200
1986-09-01,0.06428366154432297,0.10590299963951111,0.10590299963951111,0.09114599972963333,0.09895800054073334,89308800
1986-09-08,0.059541117399930954,0.09809000045061111,0.109375,0.09809000045061111,0.10590299963951111,118137600
1986-09-15,0.06270302087068558,0.10329899936914444,0.10503499954938889,0.09635400027036667,0.09809000045061111,43574400
1986-09-22,0.061121780425310135,0.10069400072097778,0.10503499954938889,0.09982600063085556,0.10329899936914444,22723200
1986-09-29,0.059541117399930954,0.09809000045061111,0.10069400072097778,0.09548600018024445,0.10069400072097778,81244800
1986-10-06,0.07271435111761093,0.11979199945926666,0.12239599972963333,0.10069400072097778,0.10069400072097778,434044800
1986-10-13,0.07587562501430511,0.125,0.12586799263954163,0.11458300054073334,0.11979199945926666,249840000
1986-10-20,0.07903691381216049,0.13020800054073334,0.1323779970407486,0.12239599972963333,0.125,382320000
1986-10-27,0.08167193830013275,0.13454900681972504,0.13975700736045837,0.13107599318027496,0.13107599318027496,429638400
1986-11-03,0.0932639017701149,0.15364600718021393,0.15798600018024445,0.13541699945926666,0.13541699945926666,258595200
1986-11-10,0.08957512676715851,0.14756900072097778,0.15364600718021393,0.14322899281978607,0.15364600718021393,123667200
1986-11-17,0.09853269159793854,0.16232599318027496,0.1640630066394806,0.140625,0.14756900072097778,321955200
1986-11-24,0.10485588759183884,0.17274299263954163,0.17795099318027496,0.15711799263954163,0.16232599318027496,349747200
1986-12-01,0.10327526181936264,0.17013899981975555,0.17361100018024445,0.16753500699996948,0.17274299263954163,254246400
1986-12-08,0.0995870903134346,0.1640630066394806,0.171875,0.1640630066394806,0.17013899981975555,103276800
1986-12-15,0.10222146660089493,0.1684029996395111,0.17013899981975555,0.15711799263954163,0.1640630066394806,220694400
1986-12-22,0.10380212217569351,0.17100700736045837,0.17274299263954163,0.1684029996395111,0.1684029996395111,52848000
1986-12-29,0.10064086318016052,0.16579900681972504,0.17274299263954163,0.16232599318027496,0.17100700736045837,103104000
1987-01-05,0.12224410474300385,0.20138899981975555,0.20225700736045837,0.16493099927902222,0.16579900681972504,274723200
1987-01-12,0.1301480084657669,0.21441000699996948,0.22482599318027496,0.1996529996395111,0.20138899981975555,457027200
1987-01-19,0.14226676523685455,0.234375,0.2690970003604889,0.21006900072097778,0.21441000699996948,726422400
1987-01-26,0.1541222631931305,0.2539060115814209,0.2543399930000305,0.22829900681972504,0.23611100018024445,490780800
1987-02-02,0.1451646238565445,0.23914900422096252,0.2586809992790222,0.2378470003604889,0.2539060115814209,226252800
1987-02-09,0.16018199920654297,0.26388901472091675,0.2699649930000305,0.23177100718021393,0.23871499300003052,508550400
1987-02-16,0.14332056045532227,0.23611100018024445,0.2699649930000305,0.23263899981975555,0.26388901472091675,604972800
1987-02-23,0.16176261007785797,0.2664929926395416,0.27604201436042786,0.2309029996395111,0.23611100018024445,494496000
1987-03-02,0.1754627376794815,0.2890630066394806,0.2960070073604584,0.25520798563957214,0.2664929926395416,450547200
1987-03-09,0.17440830171108246,0.28732600808143616,0.3003470003604889,0.28125,0.2890630066394806,332697600
1987-03-16,0.19021601974964142,0.3133679926395416,0.3168399930000305,0.2769100069999695,0.28645798563957214,363427200
1987-03-23,0.19337721168994904,0.31857600808143616,0.32552099227905273,0.3038190007209778,0.3133679926395416,325180800
1987-03-30,0.21023866534233093,0.34635400772094727,0.3480899930000305,0.30729201436042786,0.31857600808143616,886464000
1987-04-06,0.20154447853565216,0.3320310115814209,0.3472220003604889,0.32638901472091675,0.34635400772094727,393840000
1987-04-13,0.20760424435138702,0.34201401472091675,0.34895798563957214,0.3159720003604889,0.3315970003604889,421689600
1987-04-20,0.20865803956985474,0.34375,0.34548598527908325,0.32552099227905273,0.34201401472091675,390672000
1987-04-27,0.22130371630191803,0.36458298563957214,0.3784720003604889,0.33767399191856384,0.34375,375235200
1987-05-04,0.2666184604167938,0.43923598527908325,0.4453130066394806,0.3628470003604889,0.36458298563957214,738777600
1987-05-11,0.25133833289146423,0.4140630066394806,0.43923598527908325,0.40625,0.43923598527908325,493516800
1987-05-18,0.22815363109111786,0.3758679926395416,0.4140630066394806,0.37239599227905273,0.4140630066394806,637228800
1987-05-25,0.24290747940540314,0.40017399191856384,0.4105899930000305,0.375,0.3758679926395416,284688000
1987-06-01,0.23026122152805328,0.3793399930000305,0.40017399191856384,0.3715279996395111,0.40017399191856384,183168000
1987-06-08,0.20707738399505615,0.34114599227905273,0.3819440007209778,0.33767399191856384,0.3793399930000305,778521600
1987-06-15,0.22024990618228912,0.3628470003604889,0.36892399191856384,0.33420100808143616,0.34114599227905273,366825600
1987-06-22,0.22077693045139313,0.3637149930000305,0.3680559992790222,0.34895798563957214,0.36458298563957214,336873600
1987-06-29,0.21076546609401703,0.3472220003604889,0.3637149930000305,0.3428820073604584,0.3637149930000305,142790400
1987-07-06,0.20444293320178986,0.3368059992790222,0.3506940007209778,0.30729201436042786,0.34635400772094727,624556800
1987-07-13,0.2155080884695053,0.3550350069999695,0.3671880066394806,0.33333298563957214,0.3368059992790222,422150400
1987-07-20,0.20760424435138702,0.34201401472091675,0.35416701436042786,0.32638901472091675,0.35416701436042786,338169600
1987-07-27,0.19811980426311493,0.32638901472091675,0.35329899191856384,0.3194440007209778,0.34201401472091675,349833600
1987-08-03,0.21814246475696564,0.359375,0.3628470003604889,0.3168399930000305,0.32638901472091675,786182400
1987-08-10,0.21814246475696564,0.359375,0.3628470003604889,0.3472220003604889,0.3602429926395416,298828800
1987-08-17,0.2255193591117859,0.3715279996395111,0.3758679926395416,0.34895798563957214,0.359375,280540800
1987-08-24,0.25344595313072205,0.4175350069999695,0.4210070073604584,0.3663190007209778,0.3715279996395111,585043200
1987-08-31,0.2360576093196869,0.38888901472091675,0.4175350069999695,0.38802099227905273,0.41579899191856384,375868800
1987-09-07,0.2450152337551117,0.40364599227905273,0.40451401472091675,0.3758679926395416,0.38802099227905273,256262400
1987-09-14,0.242380753159523,0.3993059992790222,0.41666701436042786,0.3949649930000305,0.40451401472091675,292320000
1987-09-21,0.26134973764419556,0.4305559992790222,0.45138901472091675,0.3680559992790222,0.3715279996395111,476150400
1987-09-28,0.30560997128486633,0.5034719705581665,0.5052080154418945,0.4288190007209778,0.4305559992790222,497505600
1987-10-05,0.3024488687515259,0.49826401472091675,0.5503469705581665,0.48263901472091675,0.5104169845581055,703828800
1987-10-12,0.2729416489601135,0.4496529996395111,0.5190969705581665,0.4461809992790222,0.5,667281600
1987-10-19,0.20338857173919678,0.3350690007209778,0.4409720003604889,0.29861098527908325,0.42708298563957214,1068926400
1987-10-26,0.20971177518367767,0.34548598527908325,0.3628470003604889,0.2586809992790222,0.32291701436042786,868320000
1987-11-02,0.20022736489772797,0.32986098527908325,0.3559029996395111,0.3038190007209778,0.34201401472091675,453052800
1987-11-09,0.20338857173919678,0.3350690007209778,0.36111098527908325,0.3159720003604889,0.3246529996395111,390038400
1987-11-16,0.20022736489772797,0.32986098527908325,0.34548598527908325,0.31076401472091675,0.33854201436042786,375595200
1987-11-23,0.19074289500713348,0.31423598527908325,0.3402779996395111,0.3125,0.328125,167342400
1987-11-30,0.17704325914382935,0.29166701436042786,0.31770798563957214,0.2777779996395111,0.30729201436042786,555638400
1987-12-07,0.20233477652072906,0.33333298563957214,0.34375,0.2934029996395111,0.29861098527908325,500601600
1987-12-14,0.21919623017311096,0.36111098527908325,0.38020798563957214,0.3315970003604889,0.33333298563957214,459374400
1987-12-21,0.22446557879447937,0.36979201436042786,0.37326401472091675,0.3472220003604889,0.36458298563957214,166320000
1987-12-28,0.22868062555789948,0.37673598527908325,0.38888901472091675,0.3472220003604889,0.3680559992790222,262425600
1988-01-04,0.2360576093196869,0.38888901472091675,0.4288190007209778,0.3784720003604889,0.38020798563957214,623664000
1988-01-11,0.2434346228837967,0.40104201436042786,0.41145798563957214,0.37673598527908325,0.3871529996395111,540979200
1988-01-18,0.22710004448890686,0.3741320073604584,0.40451401472091675,0.36458298563957214,0.4027779996395111,486662400
1988-01-25,0.23500381410121918,0.3871529996395111,0.39583298563957214,0.37673598527908325,0.37673598527908325,315489600
1988-02-01,0.21708866953849792,0.35763901472091675,0.39583298563957214,0.34548598527908325,0.3940970003604889,394099200
1988-02-08,0.2328963428735733,0.3836809992790222,0.390625,0.3524309992790222,0.3524309992790222,349502400
1988-02-15,0.24764947593212128,0.40798598527908325,0.4097220003604889,0.3784720003604889,0.3819440007209778,305971200
1988-02-22,0.2455422431230545,0.40451401472091675,0.421875,0.3975690007209778,0.40798598527908325,315000000
1988-02-29,0.2560802102088928,0.421875,0.42708298563957214,0.4027779996395111,0.40625,302544000
1988-03-07,0.2634572386741638,0.4340279996395111,0.45138901472091675,0.421875,0.42361098527908325,438883200
1988-03-14,0.2455422431230545,0.40451401472091675,0.45486098527908325,0.40451401472091675,0.43229201436042786,439819200
1988-03-21,0.23658432066440582,0.3897570073604584,0.4331600069999695,0.3871529996395111,0.40625,672926400
1988-03-28,0.23816509544849396,0.39236098527908325,0.40451401472091675,0.37673598527908325,0.38541701436042786,298828800
1988-04-04,0.2444882094860077,0.4027779996395111,0.40798598527908325,0.3784720003604889,0.38888901472091675,297676800
1988-04-11,0.22868062555789948,0.37673598527908325,0.40625,0.3663190007209778,0.40625,359308800
1988-04-18,0.2328963428735733,0.3836809992790222,0.39583298563957214,0.37326401472091675,0.375,287136000
1988-04-25,0.22973445057868958,0.3784720003604889,0.39236098527908325,0.37673598527908325,0.3836809992790222,210974400
1988-05-02,0.24132630228996277,0.3975690007209778,0.4027779996395111,0.3715279996395111,0.3784720003604889,256017600
1988-05-09,0.23921887576580048,0.3940970003604889,0.40451401472091675,0.3819440007209778,0.3975690007209778,185428800
1988-05-16,0.2371114194393158,0.390625,0.41145798563957214,0.3871529996395111,0.3940970003604889,311846400
1988-05-23,0.23395010828971863,0.38541701436042786,0.39583298563957214,0.3784720003604889,0.390625,235670400
1988-05-30,0.2508108913898468,0.4131940007209778,0.41666701436042786,0.3836809992790222,0.38541701436042786,237902400
1988-06-06,0.26240333914756775,0.43229201436042786,0.4366320073604584,0.41145798563957214,0.4131940007209778,344476800
1988-06-13,0.26556459069252014,0.4375,0.4461809992790222,0.43229201436042786,0.4340279996395111,258350400
1988-06-20,0.27504920959472656,0.453125,0.46875,0.4305559992790222,0.43576401472091675,264787200
1988-06-27,0.28664112091064453,0.4722220003604889,0.4722220003604889,0.44270798563957214,0.453125,180072000
1988-07-04,0.2887486219406128,0.4756940007209778,0.48958298563957214,0.4652779996395111,0.46875,245995200
1988-07-11,0.28242605924606323,0.4652779996395111,0.4774309992790222,0.4496529996395111,0.4774309992790222,279619200
1988-07-18,0.2602953612804413,0.4288190007209778,0.47048598527908325,0.42013901472091675,0.46701401472091675,365414400
1988-07-25,0.2508108913898468,0.4131940007209778,0.4340279996395111,0.3940970003604889,0.4305559992790222,467136000
1988-08-01,0.2255193591117859,0.3715279996395111,0.41666701436042786,0.359375,0.4149309992790222,464385600
1988-08-08,0.21919623017311096,0.36111098527908325,0.37326401472091675,0.3472220003604889,0.37326401472091675,581688000
1988-08-15,0.2128729522228241,0.3506940007209778,0.3741320073604584,0.3472220003604889,0.36111098527908325,290476800
1988-08-22,0.21656176447868347,0.35677099227905273,0.359375,0.3315970003604889,0.34895798563957214,398160000
1988-08-29,0.21708866953849792,0.35763901472091675,0.36458298563957214,0.33333298563957214,0.36111098527908325,325598400
1988-09-05,0.22762688994407654,0.375,0.38020798563957214,0.3524309992790222,0.35763901472091675,320198400
1988-09-12,0.21919623017311096,0.36111098527908325,0.3836809992790222,0.359375,0.37326401472091675,284702400
1988-09-19,0.2265731692314148,0.37326401472091675,0.3819440007209778,0.35416701436042786,0.36458298563957214,209160000
1988-09-26,0.22024990618228912,0.3628470003604889,0.375,0.35763901472091675,0.37326401472091675,204811200
1988-10-03,0.20971177518367767,0.34548598527908325,0.36111098527908325,0.3324649930000305,0.3559029996395111,379123200
1988-10-10,0.21603485941886902,0.3559029996395111,0.3628470003604889,0.3315970003604889,0.3472220003604889,449078400
1988-10-17,0.22341185808181763,0.3680559992790222,0.375,0.3559029996395111,0.3559029996395111,241142400
1988-10-24,0.20865803956985474,0.34375,0.36979201436042786,0.3315970003604889,0.36979201436042786,421473600
1988-10-31,0.19601225852966309,0.32291701436042786,0.34548598527908325,0.3203130066394806,0.34201401472091675,541310400
1988-11-07,0.20075419545173645,0.33072900772094727,0.3506940007209778,0.3194440007209778,0.32291701436042786,370137600
1988-11-14,0.19653913378715515,0.3237850069999695,0.33854201436042786,0.3159720003604889,0.33333298563957214,427536000
1988-11-21,0.19548529386520386,0.32204899191856384,0.32638901472091675,0.31423598527908325,0.3194440007209778,145425600
1988-11-28,0.20971177518367767,0.34548598527908325,0.34895798563957214,0.3211809992790222,0.3211809992790222,289310400
1988-12-05,0.20655052363872528,0.3402779996395111,0.3506940007209778,0.3368059992790222,0.34548598527908325,207878400
1988-12-12,0.20971177518367767,0.34548598527908325,0.34895798563957214,0.328125,0.33854201436042786,181065600
1988-12-19,0.21919623017311096,0.36111098527908325,0.3680559992790222,0.3506940007209778,0.3515630066394806,313876800
1988-12-26,0.22446557879447937,0.36979201436042786,0.37673598527908325,0.359375,0.36111098527908325,154137600
1989-01-02,0.22341185808181763,0.3680559992790222,0.38107600808143616,0.3663190007209778,0.3715279996395111,212025600
1989-01-09,0.22341185808181763,0.3680559992790222,0.37326401472091675,0.35763901472091675,0.3680559992790222,238593600
1989-01-16,0.22815363109111786,0.3758679926395416,0.37760400772094727,0.34895798563957214,0.36979201436042786,278236800
1989-01-23,0.23342329263687134,0.38454899191856384,0.39236098527908325,0.36458298563957214,0.375,411048000
1989-01-30,0.2571340501308441,0.42361098527908325,0.4375,0.3836809992790222,0.38541701436042786,637747200
1989-02-06,0.26082277297973633,0.4296880066394806,0.4496529996395111,0.4149309992790222,0.421875,676065600
1989-02-13,0.2634572386741638,0.4340279996395111,0.4409720003604889,0.41666701436042786,0.42708298563957214,330048000
1989-02-20,0.24764947593212128,0.40798598527908325,0.43576401472091675,0.40798598527908325,0.43229201436042786,281232000
1989-02-27,0.2602953612804413,0.4288190007209778,0.4305559992790222,0.40625,0.40798598527908325,333374400
1989-03-06,0.21814246475696564,0.359375,0.43229201436042786,0.35416701436042786,0.4288190007209778,1289145600
1989-03-13,0.19601225852966309,0.32291701436042786,0.36979201436042786,0.3194440007209778,0.36111098527908325,577281600
1989-03-20,0.21181924641132355,0.34895798563957214,0.34895798563957214,0.31770798563957214,0.32204899191856384,718300800
1989-03-27,0.21023866534233093,0.34635400772094727,0.3515630066394806,0.34114599227905273,0.3472220003604889,252835200
1989-04-03,0.21603485941886902,0.3559029996395111,0.359375,0.34375,0.3472220003604889,160848000
1989-04-10,0.21392737329006195,0.3524309992790222,0.3628470003604889,0.32986098527908325,0.3559029996395111,283924800
1989-04-17,0.2328963428735733,0.3836809992790222,0.39236098527908325,0.3524309992790222,0.3559029996395111,486936000
1989-04-24,0.23553065955638885,0.38802099227905273,0.390625,0.37239599227905273,0.3819440007209778,203112000
1989-05-01,0.21919623017311096,0.36111098527908325,0.38888901472091675,0.359375,0.38454899191856384,170222400
1989-05-08,0.22868062555789948,0.37673598527908325,0.3819440007209778,0.35416701436042786,0.36111098527908325,267840000
1989-05-15,0.2455422431230545,0.40451401472091675,0.4131940007209778,0.375,0.3758679926395416,363124800
1989-05-22,0.2481764853000641,0.40885400772094727,0.4131940007209778,0.3871529996395111,0.40451401472091675,312912000
1989-05-29,0.2455422431230545,0.40451401472091675,0.42361098527908325,0.40451401472091675,0.4097220003604889,261720000
1989-06-05,0.2518651783466339,0.4149309992790222,0.4184029996395111,0.39236098527908325,0.40625,225604800
1989-06-12,0.23921887576580048,0.3940970003604889,0.4184029996395111,0.390625,0.4149309992790222,239025600
1989-06-19,0.23342329263687134,0.38454899191856384,0.39583298563957214,0.36979201436042786,0.39583298563957214,223070400
1989-06-26,0.22341185808181763,0.3680559992790222,0.38541701436042786,0.3559029996395111,0.3836809992790222,268041600
1989-07-03,0.2255193591117859,0.3715279996395111,0.38888901472091675,0.3637149930000305,0.36892399191856384,177465600
1989-07-10,0.22235745191574097,0.3663190007209778,0.38541701436042786,0.359375,0.37326401472091675,199080000
1989-07-17,0.2328963428735733,0.3836809992790222,0.39236098527908325,0.36458298563957214,0.3663190007209778,248328000
1989-07-24,0.22868062555789948,0.37673598527908325,0.39583298563957214,0.35763901472091675,0.38020798563957214,562809600
1989-07-31,0.24027268588542938,0.39583298563957214,0.3993059992790222,0.37326401472091675,0.375,329558400
1989-08-07,0.2434346228837967,0.40104201436042786,0.41666701436042786,0.39583298563957214,0.40104201436042786,427708800
1989-08-14,0.242380753159523,0.3993059992790222,0.4027779996395111,0.3836809992790222,0.40104201436042786,198388800
1989-08-21,0.2481764853000641,0.40885400772094727,0.42013901472091675,0.38888901472091675,0.3993059992790222,320875200
1989-08-28,0.25239208340644836,0.41579899191856384,0.4184029996395111,0.40451401472091675,0.40798598527908325,181944000
1989-09-04,0.24870334565639496,0.4097220003604889,0.42361098527908325,0.40104201436042786,0.4149309992790222,217411200
1989-09-11,0.2645110487937927,0.43576401472091675,0.44791701436042786,0.40625,0.40798598527908325,444038400
1989-09-18,0.27821052074432373,0.45833298563957214,0.46354201436042786,0.43229201436042786,0.4340279996395111,293745600
1989-09-25,0.2887486219406128,0.4756940007209778,0.48263901472091675,0.45486098527908325,0.45833298563957214,284918400
1989-10-02,0.3361709415912628,0.5538190007209778,0.5711809992790222,0.4722220003604889,0.47395798563957214,751737600
1989-10-09,0.30982568860054016,0.5104169845581055,0.5763890147209167,0.5069440007209778,0.5520830154418945,394761600
1989-10-16,0.35935553908348083,0.5920140147209167,0.5972219705581665,0.47916701436042786,0.4913190007209778,838022400
1989-10-23,0.3245789408683777,0.5347219705581665,0.5954859852790833,0.5295140147209167,0.5885419845581055,521985600
1989-10-30,0.3298485279083252,0.5434030294418335,0.5763890147209167,0.5277780294418335,0.5416669845581055,501940800
1989-11-06,0.35619422793388367,0.5868059992790222,0.5902780294418335,0.53125,0.5434030294418335,496756800
1989-11-13,0.3662056624889374,0.6032990217208862,0.6197919845581055,0.5815969705581665,0.5868059992790222,468345600
1989-11-20,0.369366854429245,0.608506977558136,0.6180559992790222,0.5868059992790222,0.6024309992790222,180259200
1989-11-27,0.35830166935920715,0.5902780294418335,0.6128469705581665,0.5815969705581665,0.6076390147209167,343123200
1989-12-04,0.3572480082511902,0.5885419845581055,0.6059030294418335,0.5763890147209167,0.5902780294418335,289944000
1989-12-11,0.3245789408683777,0.5347219705581665,0.5885419845581055,0.5208330154418945,0.5885419845581055,461476800
1989-12-18,0.36146292090415955,0.5954859852790833,0.5989580154418945,0.5347219705581665,0.5364580154418945,369835200
1989-12-25,0.3667323887348175,0.6041669845581055,0.6128469705581665,0.5763890147209167,0.5963540077209473,287337600
1990-01-01,0.3777974545955658,0.6223959922790527,0.6388890147209167,0.5980899930000305,0.6059030294418335,362116800
1990-01-08,0.3630436360836029,0.5980899930000305,0.6388890147209167,0.5833330154418945,0.6215280294418335,477734400
1990-01-15,0.3967664837837219,0.6536459922790527,0.6666669845581055,0.5868059992790222,0.5954859852790833,631771200
1990-01-22,0.3825394809246063,0.6302080154418945,0.6527780294418335,0.6050350069999695,0.6527780294418335,668217600
1990-01-29,0.3951857388019562,0.6510419845581055,0.6631940007209778,0.625,0.6354169845581055,401716800
1990-02-05,0.3983469307422638,0.65625,0.6597219705581665,0.640625,0.6501740217208862,433454400
1990-02-12,0.41310104727745056,0.6805559992790222,0.6857640147209167,0.6527780294418335,0.65625,311083200
1990-02-19,0.410992830991745,0.6770830154418945,0.6979169845581055,0.6631940007209778,0.6788190007209778,353664000
1990-02-26,0.4373386800289154,0.7204859852790833,0.7248259782791138,0.6753469705581665,0.6770830154418945,347630400
1990-03-05,0.4489305913448334,0.7395830154418945,0.75,0.7065969705581665,0.71875,356486400
1990-03-12,0.4805459678173065,0.7916669845581055,0.8003469705581665,0.7361109852790833,0.7378469705581665,485625600
1990-03-19,0.46473821997642517,0.765625,0.8125,0.7569440007209778,0.7899309992790222,389174400
1990-03-26,0.46684589982032776,0.7690969705581665,0.7847219705581665,0.7534719705581665,0.7673609852790833,309456000
1990-04-02,0.4815996289253235,0.7934030294418335,0.8246530294418335,0.7586809992790222,0.7621530294418335,377596800
1990-04-09,0.5089991688728333,0.8385419845581055,0.8472219705581665,0.7899309992790222,0.7899309992790222,194990400
1990-04-16,0.49951472878456116,0.8229169845581055,0.875,0.8159719705581665,0.8472219705581665,306712800
1990-04-23,0.4742228388786316,0.78125,0.8298609852790833,0.7725690007209778,0.8177080154418945,270086400
1990-04-30,0.5205913782119751,0.8576390147209167,0.8576390147209167,0.7743059992790222,0.78125,230896800
1990-05-07,0.5522057414054871,0.9097219705581665,0.9166669845581055,0.8541669845581055,0.8611109852790833,281311200
1990-05-14,0.5753903985023499,0.9479169845581055,0.9618059992790222,0.8819440007209778,0.9201390147209167,283464000
1990-05-21,0.6259739995002747,1.03125,1.09375,0.9548609852790833,0.9548609852790833,694555200
1990-05-28,0.6333509087562561,1.0434030294418335,1.0625,1.006943941116333,1.03125,265060800
1990-06-04,0.619650661945343,1.0208330154418945,1.076388955116272,0.9861109852790833,1.039931058883667,379605600
1990-06-11,0.6407279968261719,1.055556058883667,1.079861044883728,1.013888955116272,1.013888955116272,294919200
1990-06-18,0.638619601726532,1.0520830154418945,1.079861044883728,1.024306058883667,1.0520830154418945,202413600
1990-06-25,0.6407279968261719,1.055556058883667,1.0729169845581055,1.03125,1.0503469705581665,219952800
1990-07-02,0.6175432801246643,1.017361044883728,1.055556058883667,0.9826390147209167,1.055556058883667,218390400
1990-07-09,0.6607506275177002,1.0885419845581055,1.118056058883667,1.017361044883728,1.0208330154418945,278611200
1990-07-16,0.6175432801246643,1.017361044883728,1.1215280294418335,1.013888955116272,1.09375,295920000
1990-07-23,0.5817131400108337,0.9583330154418945,1.0277780294418335,0.9166669845581055,1.017361044883728,625795200
1990-07-30,0.5332369208335876,0.8784719705581665,0.9583330154418945,0.8385419845581055,0.9513890147209167,450331200
1990-08-06,0.5437749624252319,0.8958330154418945,0.9131940007209778,0.8125,0.8541669845581055,440755200
1990-08-13,0.5079455375671387,0.8368059992790222,0.9149309992790222,0.8333330154418945,0.8854169845581055,287618400
1990-08-20,0.48265331983566284,0.7951390147209167,0.8402780294418335,0.7048609852790833,0.8368059992790222,561376800
1990-08-27,0.5184835195541382,0.8541669845581055,0.8854169845581055,0.8194440007209778,0.8194440007209778,374018400
1990-09-03,0.48686861991882324,0.8020830154418945,0.875,0.78125,0.8472219705581665,271375200
1990-09-10,0.5037297606468201,0.8298609852790833,0.8368059992790222,0.7569440007209778,0.8159719705581665,345672000
1990-09-17,0.5100529789924622,0.8402780294418335,0.8784719705581665,0.8125,0.8263890147209167,316065600
1990-09-24,0.5311291813850403,0.875,0.8819440007209778,0.7986109852790833,0.8263890147209167,337730400
1990-10-01,0.545883297920227,0.8993059992790222,0.9513890147209167,0.8645830154418945,0.8993059992790222,424087200
1990-10-08,0.4805459678173065,0.7916669845581055,0.9236109852790833,0.75,0.9166669845581055,413719200
1990-10-15,0.5226988196372986,0.8611109852790833,0.8784719705581665,0.7430559992790222,0.8020830154418945,861120000
1990-10-22,0.5342905521392822,0.8802080154418945,0.9201390147209167,0.8576390147209167,0.8611109852790833,317541600
1990-10-29,0.5479910373687744,0.9027780294418335,0.9131940007209778,0.8611109852790833,0.8854169845581055,305856000
1990-11-05,0.545883297920227,0.8993059992790222,0.9236109852790833,0.875,0.90625,259826400
1990-11-12,0.5732822418212891,0.9444440007209778,0.9722219705581665,0.9166669845581055,0.9166669845581055,345247200
1990-11-19,0.5796054601669312,0.9548609852790833,0.9791669845581055,0.9305559992790222,0.9444440007209778,197222400
1990-11-26,0.6091126203536987,1.0034719705581665,1.03125,0.9409719705581665,0.9513890147209167,326649600
1990-12-03,0.6259739995002747,1.03125,1.0659719705581665,1.0034719705581665,1.017361044883728,381542400
1990-12-10,0.6207044124603271,1.022568941116333,1.046875,0.9791669845581055,1.017361044883728,288201600
1990-12-17,0.638619601726532,1.0520830154418945,1.055556058883667,1.006943941116333,1.013888955116272,193896000
1990-12-24,0.6322972178459167,1.0416669845581055,1.0520830154418945,1.03125,1.048611044883728,72662400
1990-12-31,0.6396734714508057,1.053818941116333,1.0625,1.0347219705581665,1.0416669845581055,173124000
1991-01-07,0.6575883030891418,1.0833330154418945,1.0972219705581665,1.013888955116272,1.045138955116272,465516000
1991-01-14,0.7187110781669617,1.1840280294418335,1.1979169845581055,1.048611044883728,1.0729169845581055,548575200
1991-01-21,0.7545410394668579,1.243056058883667,1.263888955116272,1.1753469705581665,1.1753469705581665,518284800
1991-01-28,0.8409553170204163,1.3854169845581055,1.4027780294418335,1.236111044883728,1.236111044883728,655855200
1991-02-04,0.8767849206924438,1.444443941116333,1.513888955116272,1.361111044883728,1.388888955116272,491025600
1991-02-11,0.8704620599746704,1.4340280294418335,1.467013955116272,1.375,1.446181058883667,593193600
1991-02-18,0.8620315194129944,1.420138955116272,1.451388955116272,1.3854169845581055,1.420138955116272,292737600
1991-02-25,0.8915390372276306,1.46875,1.475693941116333,1.3958330154418945,1.4340280294418335,364471200
1991-03-04,0.8641390800476074,1.423611044883728,1.569443941116333,1.413193941116333,1.46875,524556000
1991-03-11,0.8146091103553772,1.342013955116272,1.423611044883728,1.328125,1.413193941116333,601272000
1991-03-18,0.790370762348175,1.3020830154418945,1.4027780294418335,1.2916669845581055,1.336806058883667,456818400
1991-03-25,0.8947000503540039,1.4739580154418945,1.517361044883728,1.305556058883667,1.305556058883667,272181600
1991-04-01,0.9273692965507507,1.5277780294418335,1.6215280294418335,1.451388955116272,1.4722219705581665,430005600
1991-04-08,0.9041843414306641,1.4895830154418945,1.5729169845581055,1.4409719705581665,1.5277780294418335,406303200
1991-04-15,0.9041843414306641,1.4895830154418945,1.631943941116333,1.4583330154418945,1.4722219705581665,483206400
1991-04-22,0.8493860363960266,1.399306058883667,1.475693941116333,1.3715280294418335,1.4722219705581665,479829600
1991-04-29,0.8536009192466736,1.40625,1.423611044883728,1.3333330154418945,1.40625,388000800
1991-05-06,0.8662465214729309,1.4270830154418945,1.486111044883728,1.392361044883728,1.3958330154418945,281620800
1991-05-13,0.8367395997047424,1.3784719705581665,1.4409719705581665,1.342013955116272,1.4340280294418335,353779200
1991-05-20,0.9273692965507507,1.5277780294418335,1.5625,1.357638955116272,1.381943941116333,373975200
1991-05-27,0.9252612590789795,1.524306058883667,1.555556058883667,1.5,1.5347219705581665,251762400
1991-06-03,0.9294764399528503,1.53125,1.586806058883667,1.5104169845581055,1.5208330154418945,208036800
1991-06-10,0.9568760991096497,1.576388955116272,1.579861044883728,1.524306058883667,1.53125,206776800
1991-06-17,0.8620315194129944,1.420138955116272,1.59375,1.375,1.579861044883728,488988000
1991-06-24,0.8615051507949829,1.4192709922790527,1.4322919845581055,1.3541669845581055,1.4027780294418335,391600800
1991-07-01,0.7808864712715149,1.2864580154418945,1.5052080154418945,1.28125,1.4322919845581055,386697600
1991-07-08,0.8599241971969604,1.4166669845581055,1.4322919845581055,1.2604169845581055,1.265625,339768000
1991-07-15,0.8567618727684021,1.4114580154418945,1.4635419845581055,1.3541669845581055,1.4322919845581055,170121600
1991-07-22,0.897861659526825,1.4791669845581055,1.4947919845581055,1.3541669845581055,1.390625,364560000
1991-07-29,0.9263148903846741,1.5260419845581055,1.5572919845581055,1.4322919845581055,1.4791669845581055,461448000
1991-08-05,1.0211595296859741,1.6822919845581055,1.7083330154418945,1.4947919845581055,1.5260419845581055,357244800
1991-08-12,1.0338062047958374,1.703125,1.7447919845581055,1.6614580154418945,1.6614580154418945,315940800
1991-08-19,1.0780669450759888,1.7760419845581055,1.8020830154418945,1.6041669845581055,1.6145830154418945,302755200
1991-08-26,1.0780669450759888,1.7760419845581055,1.8072919845581055,1.7395830154418945,1.765625,169905600
1991-09-02,1.0211595296859741,1.6822919845581055,1.7708330154418945,1.6666669845581055,1.7708330154418945,181209600
1991-09-09,1.0496127605438232,1.7291669845581055,1.7864580154418945,1.6666669845581055,1.6822919845581055,267052800
1991-09-16,1.0938729047775269,1.8020830154418945,1.8177080154418945,1.7083330154418945,1.7291669845581055,153676800
1991-09-23,1.116004467010498,1.8385419845581055,1.875,1.7604169845581055,1.796875,204436800
1991-09-30,1.1144230365753174,1.8359379768371582,1.8854169845581055,1.796875,1.8385419845581055,175636800
1991-10-07,1.133392333984375,1.8671879768371582,1.9010419845581055,1.8072919845581055,1.8177080154418945,237796800
1991-10-14,1.1381341218948364,1.875,1.921875,1.84375,1.875,342086400
1991-10-21,1.131811261177063,1.8645830154418945,1.9322919845581055,1.859375,1.875,152947200
1991-10-28,1.171330451965332,1.9296879768371582,1.984375,1.828125,1.8645830154418945,215457600
1991-11-04,1.2045258283615112,1.984375,2.015625,1.890625,1.921875,176275200
1991-11-11,1.2013643980026245,1.9791669845581055,2.1197919845581055,1.9739580154418945,2.0,294086400
1991-11-18,1.2140100002288818,2.0,2.0364580154418945,1.9635419845581055,1.984375,254510400
1991-11-25,1.2298171520233154,2.0260419845581055,2.0364580154418945,1.9322919845581055,1.9947919845581055,128068800
1991-12-02,1.3183393478393555,2.171875,2.1927080154418945,2.0,2.0052080154418945,233620800
1991-12-09,1.2898855209350586,2.125,2.1614580154418945,2.0729169845581055,2.1510419845581055,206280000
1991-12-16,1.3056939840316772,2.1510419845581055,2.1875,2.0885419845581055,2.125,161740800
1991-12-23,1.3957951068878174,2.2994790077209473,2.3229169845581055,2.1354169845581055,2.1510419845581055,131092800
1991-12-30,1.4289913177490234,2.3541669845581055,2.390625,2.265625,2.3020830154418945,188548800
1992-01-06,1.5839036703109741,2.609375,2.6875,2.3411459922790527,2.359375,371174400
1992-01-13,1.599711298942566,2.6354169845581055,2.7760419845581055,2.5572919845581055,2.5833330154418945,305894400
1992-01-20,1.5760000944137573,2.5963540077209473,2.695312976837158,2.4166669845581055,2.6510419845581055,348360000
1992-01-27,1.5206743478775024,2.5052080154418945,2.6197919845581055,2.4166669845581055,2.5989580154418945,330988800
1992-02-03,1.590227723121643,2.6197919845581055,2.6875,2.4479169845581055,2.4635419845581055,308774400
1992-02-10,1.4985439777374268,2.46875,2.640625,2.4583330154418945,2.617187976837158,345782400
1992-02-17,1.447960615158081,2.3854169845581055,2.546875,2.3645830154418945,2.484375,384508800
1992-02-24,1.5617735385894775,2.5729169845581055,2.6354169845581055,2.3541669845581055,2.3854169845581055,354964800
1992-03-02,1.4953827857971191,2.4635419845581055,2.6197919845581055,2.4322919845581055,2.578125,213254400
1992-03-09,1.5301584005355835,2.5208330154418945,2.5677080154418945,2.4635419845581055,2.4739580154418945,202228800
1992-03-16,1.6250029802322388,2.6770830154418945,2.7135419845581055,2.5104169845581055,2.5208330154418945,366187200
1992-03-23,1.5333200693130493,2.5260419845581055,2.7057290077209473,2.4895830154418945,2.6770830154418945,295185600
1992-03-30,1.4858986139297485,2.4479169845581055,2.5416669845581055,2.4322919845581055,2.53125,318072000
1992-04-06,1.4669287204742432,2.4166669845581055,2.5520830154418945,2.359375,2.453125,414724800
1992-04-13,1.6139378547668457,2.6588540077209473,2.6927080154418945,2.3802080154418945,2.4322919845581055,408057600
1992-04-20,1.4195070266723633,2.3385419845581055,2.6041669845581055,2.3333330154418945,2.59375,592881600
1992-04-27,1.4384757280349731,2.3697919845581055,2.4270830154418945,2.2291669845581055,2.34375,594724800
1992-05-04,1.447960615158081,2.3854169845581055,2.4479169845581055,2.34375,2.3645830154418945,283584000
1992-05-11,1.391053318977356,2.2916669845581055,2.4010419845581055,2.2760419845581055,2.390625,268459200
1992-05-18,1.4637669324874878,2.4114580154418945,2.4375,2.3020830154418945,2.3072919845581055,233102400
1992-05-25,1.5301584005355835,2.5208330154418945,2.546875,2.3854169845581055,2.4166669845581055,222004800
1992-06-01,1.5301584005355835,2.5208330154418945,2.59375,2.5,2.5104169845581055,222000000
1992-06-08,1.4226680994033813,2.34375,2.5208330154418945,2.2395830154418945,2.515625,459052800
1992-06-15,1.394214391708374,2.296875,2.4375,2.21875,2.34375,278816000
1992-06-22,1.2661751508712769,2.085937976837158,2.367187976837158,2.054687976837158,2.289062976837158,451920000
1992-06-29,1.3254525661468506,2.183593988418579,2.28125,2.132812976837158,2.140625,290710400
1992-07-06,1.3183393478393555,2.171875,2.210937976837158,2.046875,2.1875,274118400
1992-07-13,1.332565426826477,2.195312976837158,2.289062976837158,2.140625,2.179687976837158,258560000
1992-07-20,1.3799883127212524,2.273437976837158,2.304687976837158,2.140625,2.171875,298323200
1992-07-27,1.3799883127212524,2.273437976837158,2.335937976837158,2.25,2.273437976837158,288496000
1992-08-03,1.342050313949585,2.210937976837158,2.328125,2.195312976837158,2.273437976837158,181811200
1992-08-10,1.3467926979064941,2.21875,2.265625,2.1875,2.21875,168115200
1992-08-17,1.3230818510055542,2.179687976837158,2.21875,2.125,2.210937976837158,246310400
1992-08-24,1.4108127355575562,2.324218988418579,2.328125,2.140625,2.175781011581421,267436800
1992-08-31,1.4416366815567017,2.375,2.414062976837158,2.289062976837158,2.320312976837158,232313600
1992-09-07,1.4938020706176758,2.460937976837158,2.476562976837158,2.351562976837158,2.375,194457600
1992-09-14,1.5151416063308716,2.496093988418579,2.5625,2.449218988418579,2.492187976837158,270697600
1992-09-21,1.4938020706176758,2.460937976837158,2.515625,2.375,2.460937976837158,179014400
1992-09-28,1.4938020706176758,2.460937976837158,2.53125,2.382812976837158,2.390625,236697600
1992-10-05,1.5625642538070679,2.574218988418579,2.640625,2.367187976837158,2.453125,303532800
1992-10-12,1.6194705963134766,2.667968988418579,2.671875,2.585937976837158,2.59375,252387200
1992-10-19,1.6811192035675049,2.769531011581421,2.820312976837158,2.65625,2.65625,323008000
1992-10-26,1.6834911108016968,2.773437976837158,2.820312976837158,2.726562976837158,2.765625,183184000
1992-11-02,1.759366750717163,2.898437976837158,2.914062976837158,2.738281011581421,2.78125,241532800
1992-11-09,1.7688504457473755,2.914062976837158,2.96875,2.828125,2.898437976837158,227027200
1992-11-16,1.8020458221435547,2.96875,2.96875,2.789062976837158,2.90625,197206400
1992-11-23,1.7403976917266846,2.867187976837158,2.898437976837158,2.726562976837158,2.820312976837158,526144000
1992-11-30,1.7403976917266846,2.867187976837158,2.921875,2.828125,2.890625,168323200
1992-12-07,1.638439655303955,2.699218988418579,2.9375,2.679687976837158,2.875,301609600
1992-12-14,1.7072018384933472,2.8125,2.820312976837158,2.664062976837158,2.710937976837158,296614400
1992-12-21,1.6550378799438477,2.726562976837158,2.875,2.6875,2.804687976837158,214553600
1992-12-28,1.6194705963134766,2.667968988418579,2.742187976837158,2.664062976837158,2.726562976837158,187478400
1993-01-04,1.6526660919189453,2.722656011581421,2.808593988418579,2.640625,2.65625,334342400
1993-01-11,1.7024602890014648,2.804687976837158,2.9375,2.695312976837158,2.726562976837158,530396800
1993-01-18,1.6953458786010742,2.792968988418579,2.820312976837158,2.710937976837158,2.796875,273990400
1993-01-25,1.640810489654541,2.703125,2.820312976837158,2.648437976837158,2.789062976837158,272601600
1993-02-01,1.6882330179214478,2.78125,2.820312976837158,2.570312976837158,2.695312976837158,486384000
1993-02-08,1.5862748622894287,2.613281011581421,2.78125,2.601562976837158,2.765625,262796800
1993-02-15,1.512770414352417,2.492187976837158,2.617187976837158,2.414062976837158,2.589843988418579,448742400
1993-02-22,1.5815330743789673,2.605468988418579,2.65625,2.398437976837158,2.492187976837158,350419200
1993-03-01,1.5696772336959839,2.585937976837158,2.671875,2.539062976837158,2.617187976837158,199548800
1993-03-08,1.6882330179214478,2.78125,2.789062976837158,2.5625,2.582031011581421,247286400
1993-03-15,1.5981305837631226,2.632812976837158,2.789062976837158,2.625,2.789062976837158,191139200
1993-03-22,1.6431814432144165,2.707031011581421,2.757812976837158,2.578125,2.601562976837158,191283200
1993-03-29,1.7024602890014648,2.804687976837158,2.960937976837158,2.710937976837158,2.710937976837158,542364800
1993-04-05,1.6882330179214478,2.78125,2.90625,2.75,2.773437976837158,196489600
1993-04-12,1.6502952575683594,2.71875,2.882812976837158,2.671875,2.773437976837158,299657600
1993-04-19,1.5435947179794312,2.542968988418579,2.734375,2.523437976837158,2.71875,353379200
1993-04-26,1.6218421459197998,2.671875,2.710937976837158,2.492187976837158,2.546875,275443200
1993-05-03,1.6502952575683594,2.71875,2.8125,2.65625,2.671875,218672000
1993-05-10,1.6218421459197998,2.671875,2.8125,2.640625,2.765625,248409600
1993-05-17,1.7546237707138062,2.890625,2.976562976837158,2.664062976837158,2.679687976837158,518723200
1993-05-24,1.7569950819015503,2.894531011581421,2.984375,2.8125,2.882812976837158,318643200
1993-05-31,1.7830780744552612,2.9375,3.0625,2.898437976837158,2.90625,300387200
1993-06-07,1.6953458786010742,2.792968988418579,2.992187976837158,2.78125,2.945312976837158,287459200
1993-06-14,1.6597797870635986,2.734375,2.914062976837158,2.71875,2.84375,253795200
1993-06-21,1.6787481307983398,2.765625,2.804687976837158,2.710937976837158,2.773437976837158,223561600
1993-06-28,1.6550378799438477,2.726562976837158,2.867187976837158,2.703125,2.773437976837158,234320000
1993-07-05,1.6052440404891968,2.644531011581421,2.742187976837158,2.539062976837158,2.710937976837158,350396800
1993-07-12,1.5388524532318115,2.535156011581421,2.671875,2.523437976837158,2.648437976837158,227158400
1993-07-19,1.472461462020874,2.425781011581421,2.554687976837158,2.398437976837158,2.484375,616595200
1993-07-26,1.4036993980407715,2.3125,2.523437976837158,2.25,2.445312976837158,675952000
1993-08-02,1.3894729614257812,2.289062976837158,2.371093988418579,2.242187976837158,2.335937976837158,467430400
1993-08-09,1.427410364151001,2.351562976837158,2.367187976837158,2.199218988418579,2.289062976837158,498147200
1993-08-16,1.4463794231414795,2.382812976837158,2.476562976837158,2.289062976837158,2.367187976837158,387161600
1993-08-23,1.3633904457092285,2.246093988418579,2.445312976837158,2.226562976837158,2.359375,371708800
1993-08-30,1.4368953704833984,2.367187976837158,2.453125,2.242187976837158,2.265625,315366400
1993-09-06,1.4795751571655273,2.4375,2.445312976837158,2.289062976837158,2.367187976837158,179833600
1993-09-13,1.4416366815567017,2.375,2.453125,2.320312976837158,2.453125,202595200
1993-09-20,1.5175127983093262,2.5,2.523437976837158,2.335937976837158,2.382812976837158,328284800
1993-09-27,1.555450439453125,2.5625,2.632812976837158,2.523437976837158,2.554687976837158,329462400
1993-10-04,1.6028720140457153,2.640625,2.679687976837158,2.570312976837158,2.578125,284441600
1993-10-11,1.5317392349243164,2.523437976837158,2.664062976837158,2.507812976837158,2.640625,367846400
1993-10-18,1.5246261358261108,2.511718988418579,2.625,2.4375,2.53125,415500800
1993-10-25,1.5198837518692017,2.503906011581421,2.539062976837158,2.460937976837158,2.515625,256915200
1993-11-01,1.4938020706176758,2.460937976837158,2.546875,2.375,2.507812976837158,248992000
1993-11-08,1.5530790090560913,2.558593988418579,2.578125,2.429687976837158,2.46875,187814400
1993-11-15,1.5198837518692017,2.503906011581421,2.59375,2.484375,2.5625,235968000
1993-11-22,1.4985439777374268,2.46875,2.492187976837158,2.390625,2.492187976837158,217481600
1993-11-29,1.6265841722488403,2.679687976837158,2.703125,2.445312976837158,2.46875,301584000
1993-12-06,1.5530790090560913,2.558593988418579,2.6875,2.515625,2.65625,279401600
1993-12-13,1.526997447013855,2.515625,2.5625,2.476562976837158,2.546875,157971200
1993-12-20,1.5341110229492188,2.527343988418579,2.578125,2.515625,2.53125,122460800
1993-12-27,1.5293676853179932,2.519531011581421,2.609375,2.492187976837158,2.523437976837158,149625600
1994-01-03,1.617099642753601,2.664062976837158,2.679687976837158,2.476562976837158,2.515625,288761600
1994-01-10,1.6242130994796753,2.675781011581421,2.703125,2.617187976837158,2.65625,235004800
1994-01-17,1.6360690593719482,2.695312976837158,2.71875,2.578125,2.664062976837158,395088000
1994-01-24,1.6099870204925537,2.652343988418579,2.71875,2.601562976837158,2.6875,252230400
1994-01-31,1.541223168373108,2.539062976837158,2.683593988418579,2.539062976837158,2.664062976837158,257504000
1994-02-07,1.4938020706176758,2.460937976837158,2.539062976837158,2.4375,2.492187976837158,487680000
1994-02-14,1.5175127983093262,2.5,2.523437976837158,2.4375,2.46875,292361600
1994-02-21,1.5364811420440674,2.53125,2.5625,2.445312976837158,2.5,338246400
1994-02-28,1.5364811420440674,2.53125,2.601562976837158,2.515625,2.539062976837158,229334400
1994-03-07,1.550708532333374,2.554687976837158,2.570312976837158,2.492187976837158,2.539062976837158,173734400
1994-03-14,1.6076152324676514,2.648437976837158,2.664062976837158,2.570312976837158,2.578125,241273600
1994-03-21,1.6597797870635986,2.734375,2.789062976837158,2.570312976837158,2.65625,432761600
1994-03-28,1.6076152324676514,2.648437976837158,2.75,2.578125,2.734375,355900800
1994-04-04,1.6502952575683594,2.71875,2.816406011581421,2.5625,2.578125,451996800
1994-04-11,1.6099870204925537,2.652343988418579,2.726562976837158,2.59375,2.71875,283344000
1994-04-18,1.7403976917266846,2.867187976837158,2.898437976837158,2.570312976837158,2.648437976837158,682054400
1994-04-25,1.7546237707138062,2.890625,2.976562976837158,2.851562976837158,2.875,454124800
1994-05-02,1.7546237707138062,2.890625,3.007812976837158,2.839843988418579,2.898437976837158,342857600
1994-05-09,1.830499529838562,3.015625,3.046875,2.863281011581421,2.867187976837158,409257600
1994-05-16,1.8542109727859497,3.054687976837158,3.101562976837158,2.921875,3.007812976837158,443843200
1994-05-23,1.9869930744171143,3.273437976837158,3.296875,3.03125,3.0625,357934400
1994-05-30,2.0059633255004883,3.304687976837158,3.360352039337158,3.242187976837158,3.265625,323897600
1994-06-06,1.9941059350967407,3.285156011581421,3.414062976837158,3.226562976837158,3.289062976837158,1267593600
1994-06-13,2.010704278945923,3.3125,3.414062976837158,3.242187976837158,3.289062976837158,270840000
1994-06-20,1.8779217004776,3.09375,3.34375,3.078125,3.28125,383022400
1994-06-27,1.9063750505447388,3.140625,3.296875,3.085937976837158,3.109375,336464000
1994-07-04,1.8779217004776,3.09375,3.1875,2.984375,3.148437976837158,268297600
1994-07-11,1.844726800918579,3.039062976837158,3.101562976837158,2.929687976837158,3.101562976837158,379081600
1994-07-18,1.9182311296463013,3.160156011581421,3.234375,2.953125,3.21875,571888000
1994-07-25,1.9537973403930664,3.21875,3.226562976837158,3.078125,3.164062976837158,242076800
1994-08-01,1.9917348623275757,3.28125,3.414062976837158,3.21875,3.226562976837158,309352000
1994-08-08,2.0960640907287598,3.453125,3.5,3.25,3.273437976837158,242899200
1994-08-15,2.0818374156951904,3.429687976837158,3.523437976837158,3.375,3.46875,308721600
1994-08-22,2.1577131748199463,3.554687976837158,3.609375,3.40625,3.4375,272580800
1994-08-29,2.124516725540161,3.5,3.703125,3.484375,3.585937976837158,319977600
1994-09-05,2.1577131748199463,3.554687976837158,3.625,3.480468988418579,3.492187976837158,161571200
1994-09-12,2.1577131748199463,3.554687976837158,3.640625,3.492187976837158,3.570312976837158,200902400
1994-09-19,2.124516725540161,3.5,3.59375,3.4375,3.570312976837158,264267200
1994-09-26,2.1292600631713867,3.507812976837158,3.59375,3.429687976837158,3.5,175576000
1994-10-03,2.062868595123291,3.398437976837158,3.523437976837158,3.367187976837158,3.507812976837158,214750400
1994-10-10,2.1221466064453125,3.496093988418579,3.609375,3.398437976837158,3.398437976837158,285996800
1994-10-17,2.2525579929351807,3.710937976837158,3.742187976837158,3.4375,3.5,346992000
1994-10-24,2.356886625289917,3.882812976837158,3.898437976837158,3.648437976837158,3.71875,299483200
1994-10-31,2.3331758975982666,3.84375,4.007812976837158,3.832031011581421,3.890625,271353600
1994-11-07,2.3616292476654053,3.890625,4.039062976837158,3.796875,3.84375,308217600
1994-11-14,2.43276309967041,4.007812976837158,4.070312976837158,3.921875,3.921875,190601600
1994-11-21,2.3616292476654053,3.890625,4.046875,3.816406011581421,4.03125,191988800
1994-11-28,2.399566650390625,3.953125,4.023437976837158,3.875,3.90625,202868800
1994-12-05,2.394824266433716,3.945312976837158,4.015625,3.890625,3.960937976837158,235632000
1994-12-12,2.4043092727661133,3.960937976837158,4.015625,3.851562976837158,3.945312976837158,212049600
1994-12-19,2.309464454650879,3.804687976837158,3.976562976837158,3.671875,3.960937976837158,431200000
1994-12-26,2.3189492225646973,3.820312976837158,3.867187976837158,3.75,3.8125,99660800
1995-01-02,2.2999799251556396,3.789062976837158,3.84375,3.710937976837158,3.84375,177662400
1995-01-09,2.3805978298187256,3.921875,3.9375,3.734375,3.804687976837158,188000000
1995-01-16,2.337918281555176,3.851562976837158,4.078125,3.828125,3.953125,348582400
1995-01-23,2.271527051925659,3.742187976837158,3.945312976837158,3.734375,3.8125,282254400
1995-01-30,2.2810111045837402,3.757812976837158,3.796875,3.640625,3.757812976837158,288460800
1995-02-06,2.352144241333008,3.875,3.914062976837158,3.757812976837158,3.757812976837158,222908800
1995-02-13,2.2904961109161377,3.773437976837158,3.921875,3.726562976837158,3.875,310851200
1995-02-20,2.323692560195923,3.828125,3.882812976837158,3.71875,3.78125,210411200
1995-02-27,2.4137935638427734,3.976562976837158,4.0,3.820312976837158,3.835937976837158,190982400
1995-03-06,2.601111650466919,4.285155773162842,4.296875,3.929687976837158,3.953125,379566400
1995-03-13,2.653276205062866,4.371094226837158,4.5,4.265625,4.289062976837158,277867200
1995-03-20,2.802656888961792,4.617187976837158,4.632812976837158,4.367187976837158,4.382812976837158,335979200
1995-03-27,2.6983282566070557,4.445312976837158,4.625,4.398437976837158,4.546875,312465600
1995-04-03,2.641420841217041,4.351562976837158,4.46875,4.296875,4.4375,276662400
1995-04-10,2.7504913806915283,4.53125,4.578125,4.335937976837158,4.34375,160038400
1995-04-17,2.8453361988067627,4.6875,4.882812976837158,4.625,4.71875,460155200
1995-04-24,3.1014163494110107,5.109375,5.132812976837158,4.695312976837158,4.710937976837158,402715200
1995-05-01,3.0350255966186523,5.0,5.234375,4.96875,5.117187976837158,315448000
1995-05-08,3.0634779930114746,5.046875,5.140625,4.929687976837158,4.992187976837158,194291200
1995-05-15,3.238941192626953,5.335937976837158,5.429687976837158,4.992187976837158,5.039062976837158,291972800
1995-05-22,3.3195595741271973,5.46875,5.59375,5.25,5.335937976837158,311958400
1995-05-29,3.1535820960998535,5.195312976837158,5.523437976837158,5.0625,5.5,336080000
1995-06-05,3.2199740409851074,5.304687976837158,5.375977039337158,5.109375,5.164062976837158,280014400
1995-06-12,3.3005905151367188,5.4375,5.46875,5.171875,5.289062976837158,262809600
1995-06-19,3.4570839405059814,5.695312976837158,5.773437976837158,5.429687976837158,5.453125,285529600
1995-06-26,3.428630828857422,5.648437976837158,5.695312976837158,5.304687976837158,5.6875,325324800
1995-07-03,3.6278021335601807,5.976562976837158,5.976562976837158,5.648437976837158,5.679687976837158,179080000
1995-07-10,3.931307077407837,6.476562976837158,6.476562976837158,5.984375,6.0,459601600
1995-07-17,3.49027943611145,5.75,6.828125,5.53125,6.734375,1097652800
1995-07-24,3.513990640640259,5.789062976837158,6.132812976837158,5.75,5.789062976837158,493089600
1995-07-31,3.561413288116455,5.867187976837158,5.867187976837158,5.46875,5.820312976837158,588625600
1995-08-07,3.660999059677124,6.03125,6.132812976837158,5.734375,5.90625,421649600
1995-08-14,3.6847097873687744,6.070312976837158,6.296875,5.984375,6.054687976837158,342324800
1995-08-21,3.580381393432617,5.898437976837158,6.28125,5.898437976837158,6.09375,484764800
1995-08-28,3.4049196243286133,5.609375,5.898437976837158,5.4375,5.898437976837158,475078400
1995-09-04,3.623060703277588,5.96875,6.039062976837158,5.640625,5.679687976837158,350668800
1995-09-11,3.5448157787323,5.839844226837158,6.117187976837158,5.78125,5.960937976837158,352318400
1995-09-18,3.4049196243286133,5.609375,5.914062976837158,5.5625,5.828125,363227200
1995-09-25,3.4333715438842773,5.65625,5.796875,5.210937976837158,5.65625,475852800
1995-10-02,3.2579104900360107,5.367187976837158,5.679687976837158,5.3125,5.65625,399846400
1995-10-09,3.2721378803253174,5.390625,5.546875,5.023437976837158,5.304687976837158,520614400
1995-10-16,3.623060703277588,5.96875,6.164062976837158,5.34375,5.359375,654361600
1995-10-23,3.7937827110290527,6.25,6.2587890625,5.90625,5.9375,435891200
1995-10-30,3.7748124599456787,6.21875,6.460937976837158,6.140625,6.203125,394380800
1995-11-06,3.6752264499664307,6.054687976837158,6.188477039337158,5.804687976837158,6.0625,435564800
1995-11-13,3.3148157596588135,5.460937976837158,6.078125,5.460937976837158,6.039062976837158,582276800
1995-11-20,3.338528633117676,5.5,5.59375,5.265625,5.523437976837158,325902400
1995-11-27,3.2721378803253174,5.390625,5.78125,5.367187976837158,5.539062976837158,446342400
1995-12-04,3.585123062133789,5.90625,5.914062976837158,5.320312976837158,5.382812976837158,660155200
1995-12-11,3.3527541160583496,5.523437976837158,5.921875,5.453125,5.90625,354534400
1995-12-18,3.4333715438842773,5.65625,5.710937976837158,5.335937976837158,5.523437976837158,365433600
1995-12-25,3.3290436267852783,5.484375,5.703125,5.390625,5.640625,177366400
1996-01-01,3.27687931060791,5.398437976837158,5.632812976837158,5.304687976837158,5.492187976837158,285073600
1996-01-08,3.2531673908233643,5.359375,5.476562976837158,4.992187976837158,5.40625,567534400
1996-01-15,3.48553729057312,5.742187976837158,5.828125,5.117187976837158,5.367187976837158,698428800
1996-01-22,3.4333715438842773,5.65625,5.796875,5.5625,5.726562976837158,352097600
1996-01-29,3.528217315673828,5.8125,5.890625,5.5849609375,5.671875,276755200
1996-02-05,3.7985236644744873,6.257812976837158,6.265625,5.796875,5.796875,516950400
1996-02-12,3.7131645679473877,6.117187976837158,6.320312976837158,6.09375,6.234375,396907200
1996-02-19,3.926562786102295,6.46875,6.476562976837158,6.054687976837158,6.078125,353369600
1996-02-26,3.623060703277588,5.96875,6.453125,5.914062976837158,6.4375,404081600
1996-03-04,3.6088337898254395,5.945312976837158,6.179687976837158,5.921875,6.0,327006400
1996-03-11,3.8838839530944824,6.398437976837158,6.445312976837158,5.921875,5.945312976837158,490552000
1996-03-18,3.8364627361297607,6.320312976837158,6.691405773162842,6.234375,6.398437976837158,419267200
1996-03-25,3.9123375415802,6.445312976837158,6.507812976837158,6.171875,6.34375,304472000
1996-04-01,3.9597575664520264,6.523437976837158,6.570312976837158,6.382812976837158,6.4462890625,161123200
1996-04-08,3.8364627361297607,6.320312976837158,6.5,6.226562976837158,6.40625,288809600
1996-04-15,4.1636738777160645,6.859375,7.007812976837158,6.3125,6.3125,496300800
1996-04-22,4.305939674377441,7.09375,7.117187976837158,6.890625,6.90625,337340800
1996-04-29,4.206356525421143,6.929687976837158,7.203125,6.882812976837158,7.085937976837158,290364800
1996-05-06,4.358107566833496,7.179687976837158,7.1962890625,6.851562976837158,6.9375,292760000
1996-05-13,4.438724994659424,7.3125,7.5,7.1875,7.1875,331246400
1996-05-20,4.495632648468018,7.40625,7.445312976837158,7.164062976837158,7.335937976837158,204636800
1996-05-27,4.505115985870361,7.421875,7.460937976837158,7.289062976837158,7.421875,151028800
1996-06-03,4.599959373474121,7.578125,7.6875,7.265625,7.421875,306840000
1996-06-10,4.666351795196533,7.6875,7.867187976837158,7.499022960662842,7.5625,318444800
1996-06-17,4.699548721313477,7.742187976837158,7.8125,7.4375,7.695312976837158,364529600
1996-06-24,4.557279109954834,7.507812976837158,7.820312976837158,7.4375,7.75,290288000
1996-07-01,4.490889549255371,7.398437976837158,7.679687976837158,7.398437976837158,7.515625,165985600
1996-07-08,4.263263702392578,7.023437976837158,7.585937976837158,6.905272960662842,7.40625,458377600
1996-07-15,4.589885234832764,7.561522960662842,7.601562976837158,6.71875,7.023437976837158,617886400
1996-07-22,4.51934289932251,7.445312976837158,7.59375,6.84375,7.563477039337158,754603200
1996-07-29,4.680576801300049,7.710937976837158,7.742187976837158,7.257812976837158,7.453125,385360000
1996-08-05,4.7232584953308105,7.78125,7.867187976837158,7.554687976837158,7.71875,297944000
1996-08-12,4.713772773742676,7.765625,7.882812976837158,7.710937976837158,7.765625,273883200
1996-08-19,4.675836086273193,7.703125,7.820312976837158,7.609375,7.742187976837158,212398400
1996-08-26,4.647385120391846,7.65625,7.859375,7.65625,7.710937976837158,154323200
1996-09-02,4.647385120391846,7.65625,7.726562976837158,7.539062976837158,7.625,157945600
1996-09-09,4.969854354858398,8.1875,8.210938453674316,7.640625,7.65625,293120000
1996-09-16,5.240160942077637,8.632813453674316,8.664063453674316,8.1875,8.195313453674316,404844800
1996-09-23,5.097894191741943,8.398438453674316,8.648438453674316,8.203125,8.601563453674316,353950400
1996-09-30,5.173770427703857,8.523438453674316,8.539063453674316,8.179688453674316,8.34375,330920000
1996-10-07,5.202224254608154,8.570313453674316,8.632813453674316,8.328125,8.523438453674316,244115200
1996-10-14,5.112120628356934,8.421875,8.695313453674316,8.34765625,8.585938453674316,252468800
1996-10-21,5.1761393547058105,8.52734375,8.617188453674316,8.203125,8.421875,387153600
1996-10-28,5.211710453033447,8.585938453674316,8.671875,8.429688453674316,8.54296875,272083200
1996-11-04,5.444075107574463,8.96875,9.132813453674316,8.546875,8.578125,337974400
1996-11-11,5.65273380279541,9.3125,9.429688453674316,8.84375,8.960938453674316,429171200
1996-11-18,5.709641456604004,9.40625,9.875,9.289063453674316,9.335938453674316,552324800
1996-11-25,5.951494216918945,9.804688453674316,9.820313453674316,9.40625,9.445313453674316,244966400
1996-12-02,5.799744606018066,9.554688453674316,9.96875,9.2666015625,9.84375,429796800
1996-12-09,6.070051193237305,10.0,10.65625,9.75,9.796875,486807200
1996-12-16,6.345099925994873,10.453125,10.703125,9.546875,10.03125,380648800
1996-12-23,6.392521381378174,10.53125,10.765625,10.359375,10.515625,100124000
1996-12-30,6.4209771156311035,10.578125,10.703125,10.09375,10.671875,160258400
1997-01-06,6.392521381378174,10.53125,10.65625,10.203125,10.578125,257742400
1997-01-13,6.610664367675781,10.890625,10.96875,10.4375,10.640625,291204800
1997-01-20,7.279316425323486,11.992188453674316,12.46875,10.828125,10.875,584915200
1997-01-27,7.739315032958984,12.75,12.90625,11.84375,12.0625,333307200
1997-02-03,7.616016864776611,12.546875,12.9375,12.0,12.828125,391938400
1997-02-10,7.426328182220459,12.234375,12.6875,11.890625,12.59375,343328000
1997-02-17,7.208183288574219,11.875,12.265625,11.75,12.203125,245455200
1997-02-24,7.397874355316162,12.1875,12.626953125,11.75,11.78125,316431200
1997-03-03,7.340968608856201,12.09375,12.625,12.0625,12.125,267239200
1997-03-10,7.5116868019104,12.375,12.570313453674316,11.992188453674316,12.140625,243642400
1997-03-17,7.132312297821045,11.75,12.601563453674316,11.609375,12.3125,421770400
1997-03-24,7.113344192504883,11.71875,12.015625,10.953125,11.640625,451160800
1997-03-31,7.146537780761719,11.773438453674316,12.09375,11.21875,11.640625,431054400
1997-04-07,7.208183288574219,11.875,12.40625,11.867188453674316,11.953125,331560000
1997-04-14,8.166111946105957,13.453125,13.453125,11.671875,11.84375,489742400
1997-04-21,8.621368408203125,14.203125,14.734375,13.265625,13.375,517539200
1997-04-28,9.161983489990234,15.09375,15.4375,13.953125,14.21875,399899200
1997-05-05,8.858481407165527,14.59375,15.09375,14.390625,14.953125,368592800
1997-05-12,8.758892059326172,14.429688453674316,14.90625,14.359375,14.6875,255309600
1997-05-19,9.32321834564209,15.359375,15.375,14.390625,14.515625,249688800
1997-05-26,9.408576965332031,15.5,16.1328125,14.6875,15.34375,255726400
1997-06-02,9.41331958770752,15.507813453674316,15.6875,14.78125,15.625,207429600
1997-06-09,9.835381507873535,16.203125,16.2578125,15.3125,15.609375,245122400
1997-06-16,9.854349136352539,16.234375,16.8671875,16.0,16.203125,279220800
1997-06-23,9.674142837524414,15.9375,16.65625,15.90625,16.234375,200130400
1997-06-30,9.830636978149414,16.1953125,16.2578125,15.40625,15.984375,179665600
1997-07-07,9.844863891601562,16.21875,16.578125,16.0546875,16.328125,205468800
1997-07-14,10.660521507263184,17.5625,18.84375,16.3125,16.3515625,534740000
1997-07-21,10.50877857208252,17.3125,18.359375,16.71875,17.609375,556327200
1997-07-28,10.670012474060059,17.578125,17.765625,16.96875,17.40625,314943200
1997-08-04,10.622591018676758,17.5,18.078125,17.4296875,17.53125,259819200
1997-08-11,10.081975936889648,16.609375,17.53125,16.59375,17.5,297293600
1997-08-18,10.413931846618652,17.15625,17.796875,16.375,16.625,348990400
1997-08-25,10.029805183410645,16.5234375,17.375,16.46875,17.234375,204054400
1997-09-01,10.418672561645508,17.1640625,17.4609375,16.625,16.640625,185860000
1997-09-08,10.466094017028809,17.2421875,17.53125,16.609375,17.21875,245531200
1997-09-15,10.257438659667969,16.8984375,17.15625,16.328125,16.953125,431664000
1997-09-22,10.119913101196289,16.671875,17.0078125,16.453125,16.875,219161600
1997-09-29,10.2384672164917,16.8671875,17.03125,16.421875,16.6875,221980800
1997-10-06,10.357022285461426,17.0625,17.453125,16.78125,16.984375,227088800
1997-10-13,10.034555435180664,16.53125,17.234375,16.296875,17.125,232463200
1997-10-20,10.271660804748535,16.921875,17.404296875,15.9375,16.625,461954400
1997-10-27,9.863832473754883,16.25,17.03125,15.4375,16.859375,461292000
1997-11-03,9.98238468170166,16.4453125,16.8671875,16.234375,16.453125,263256800
1997-11-10,10.115174293518066,16.6640625,16.734375,16.125,16.453125,226320000
1997-11-17,10.461352348327637,17.234375,17.25,16.671875,16.8125,250400000
1997-11-24,10.73639965057373,17.6875,17.78125,16.9375,17.140625,175993600
1997-12-01,10.859703063964844,17.890625,18.234375,17.625,17.7421875,267652000
1997-12-08,10.375993728637695,17.09375,18.328125,17.0,17.9375,292667200
1997-12-15,9.764245986938477,16.0859375,17.546875,15.78125,17.0546875,438019200
1997-12-22,9.161983489990234,15.09375,16.25,14.75,16.140625,247058400
1997-12-29,9.949193000793457,16.390625,16.4375,15.265625,15.296875,231575200
1998-01-05,9.63620662689209,15.875,16.703125,15.734375,16.40625,374858400
1998-01-12,10.262178421020508,16.90625,16.921875,15.546875,15.578125,323679200
1998-01-19,10.48980712890625,17.28125,17.484375,16.75,16.765625,372974400
1998-01-26,11.319698333740234,18.6484375,18.765625,17.306640625,17.484375,374848000
1998-02-02,11.997836112976074,19.765625,19.84375,18.8125,18.96875,338797600
1998-02-09,11.950413703918457,19.6875,20.0078125,19.453125,19.84375,298102400
1998-02-16,11.770208358764648,19.390625,19.8125,19.109375,19.8125,322148000
1998-02-23,12.860920906066895,21.1875,21.5,19.84375,20.234375,442970400
1998-03-02,12.557415962219238,20.6875,21.46875,19.8125,21.46875,316021200
1998-03-09,12.50051212310791,20.59375,20.75,19.875,20.625,220005600
1998-03-16,12.415154457092285,20.453125,20.75,19.921875,20.609375,202318800
1998-03-23,13.325654983520508,21.953125,22.734375,20.265625,20.296875,295941600
1998-03-30,14.112869262695312,23.25,23.265625,21.78125,22.015625,184878400
1998-04-06,13.505864143371582,22.25,23.15625,21.65625,23.15625,207275200
1998-04-13,13.980079650878906,23.03125,23.0625,21.6875,22.203125,179230000
1998-04-20,13.980079650878906,23.03125,24.78125,22.96875,23.09375,293278800
1998-04-27,13.600700378417969,22.40625,23.0625,22.03125,22.375,255951200
1998-05-04,13.012669563293457,21.4375,22.46875,20.46875,22.296875,311135200
1998-05-11,13.572253227233887,22.359375,22.75,20.8125,21.53125,339227200
1998-05-18,12.984212875366211,21.390625,21.84375,21.125,21.125,241138000
1998-05-25,12.870402336120605,21.203125,21.625,20.71875,21.328125,167886000
1998-06-01,13.08855152130127,21.5625,21.625,20.78125,20.96875,185167600
1998-06-08,13.012669563293457,21.4375,22.09375,21.0,21.40625,170462000
1998-06-15,14.36894702911377,23.671875,23.6875,21.140625,21.171875,310587200
1998-06-22,15.848525047302246,26.109375,26.71875,23.421875,23.6875,424019600
1998-06-29,16.27532386779785,26.8125,27.53125,26.15625,26.375,223707600
1998-07-06,17.17635154724121,28.296875,28.3125,26.34375,26.71875,198370800
1998-07-13,17.897165298461914,29.484375,29.90625,28.40625,28.53125,323119200
1998-07-20,17.27118492126465,28.453125,29.875,27.96875,29.546875,303450400
1998-07-27,16.683155059814453,27.484375,29.21875,27.484375,28.28125,323566000
1998-08-03,16.06666374206543,26.46875,27.71875,25.375,27.28125,408467600
1998-08-10,15.820073127746582,26.0625,26.578125,25.5,26.453125,242259200
1998-08-17,16.7874813079834,27.65625,28.1875,25.75,25.875,289868000
1998-08-24,15.971818923950195,26.3125,28.4375,26.1875,27.578125,276754400
1998-08-31,14.662970542907715,24.15625,26.625,23.625,26.21875,454638400
1998-09-07,15.820073127746582,26.0625,26.15625,24.671875,25.0,245853600
1998-09-14,15.990793228149414,26.34375,27.125,26.078125,26.234375,229881200
1998-09-21,17.157373428344727,28.265625,28.65625,25.59375,25.625,265617600
1998-09-28,15.801097869873047,26.03125,28.59375,25.25,28.25,260356000
1998-10-05,14.70090389251709,24.21875,25.90625,21.9375,25.625,499578800
1998-10-12,15.94336986541748,26.265625,26.625,23.9375,24.8125,296775200
1998-10-19,16.142545700073242,26.59375,27.53125,24.90625,26.03125,421716000
1998-10-26,16.06666374206543,26.46875,27.046875,26.21875,26.703125,293647200
1998-11-02,16.588315963745117,27.328125,27.4375,26.1875,26.59375,303583200
1998-11-09,16.692638397216797,27.5,28.6875,27.09375,27.296875,271827200
1998-11-16,17.24273681640625,28.40625,28.4375,26.875,27.828125,236681600
1998-11-23,19.43364715576172,32.015625,32.03125,28.125,28.125,279714800
1998-11-30,19.329309463500977,31.84375,32.56640625,30.03125,32.34375,318769200
1998-12-07,20.33466911315918,33.5,33.671875,31.6875,31.921875,320920400
1998-12-14,20.91322135925293,34.453125,34.5625,31.921875,33.1875,282432800
1998-12-21,21.5107479095459,35.4375,36.0,34.34375,34.65625,138234400
1998-12-28,21.046001434326172,34.671875,35.90625,34.5,35.75,112065200
1999-01-04,22.74372673034668,37.46875,38.125,34.84375,34.90234375,304046800
1999-01-11,22.72475242614746,37.4375,37.734375,34.0,37.71875,298274400
1999-01-18,23.711143493652344,39.0625,41.9375,37.71875,37.84375,390460000
1999-01-25,26.556476593017578,43.75,43.78125,39.78125,40.421875,479737600
1999-02-01,24.28020477294922,40.0,43.984375,38.71875,43.859375,464540800
1999-02-08,23.938764572143555,39.4375,41.6875,39.28125,40.640625,384150800
1999-02-15,22.421253204345703,36.9375,39.96875,35.99609375,39.9375,365003200
1999-02-22,22.78165054321289,37.53125,39.84375,36.1875,37.0625,385408400
1999-03-01,23.511964797973633,38.734375,38.84375,36.765625,37.390625,302699200
1999-03-08,24.308650970458984,40.046875,41.1875,38.75,38.875,326314000
1999-03-15,25.977916717529297,42.796875,43.53125,39.46875,40.140625,322294800
1999-03-22,27.030683517456055,44.53125,45.09375,40.78125,43.234375,412070000
1999-03-29,28.130895614624023,46.34375,47.3125,43.9375,45.0625,247138000
1999-04-05,28.605119705200195,47.125,47.8125,45.5,47.15625,196887400
1999-04-12,26.290903091430664,43.3125,46.8125,41.9375,45.8125,254918200
1999-04-19,26.101219177246094,43.0,44.0625,40.0,43.4375,388269600
1999-04-26,24.678556442260742,40.65625,44.46875,39.9375,43.59375,282418200
1999-05-03,23.99567222595215,39.53125,40.90625,38.21875,40.71875,322743000
1999-05-10,23.331756591796875,38.4375,40.875,38.3125,39.9375,285285000
1999-05-17,23.540416717529297,38.78125,40.125,38.5,38.6875,276174400
1999-05-24,24.488862991333008,40.34375,40.4375,37.75,38.9375,240054600
1999-05-31,24.14742088317871,39.78125,40.375,38.0625,40.3125,147461600
1999-06-07,23.711143493652344,39.0625,41.3125,38.78125,39.96875,197039800
1999-06-14,25.79771614074707,42.5,42.5,38.34375,39.375,227267400
1999-06-21,25.778745651245117,42.46875,44.5,42.0,42.4375,187379400
1999-06-28,27.9222354888916,46.0,46.0625,42.46875,42.75,208117000
1999-07-05,28.301607131958008,46.625,46.65625,44.625,46.125,150928600
1999-07-12,30.17954444885254,49.71875,49.9375,46.1875,46.59375,268974000
1999-07-19,27.391103744506836,45.125,50.375,44.84375,50.0,357257200
1999-07-26,26.044315338134766,42.90625,45.25,42.75,44.4375,287708800
1999-08-02,25.835651397705078,42.5625,43.59375,42.1875,42.84375,322515000
1999-08-09,25.702863693237305,42.34375,42.90625,40.8125,42.8125,294343600
1999-08-16,25.30452537536621,41.6875,43.09375,41.15625,42.53125,284983000
1999-08-23,28.301607131958008,46.625,48.1875,41.9375,42.15625,365969000
1999-08-30,29.098299026489258,47.9375,48.21875,45.0625,46.4375,202229600
1999-09-06,28.832733154296875,47.5,48.34375,45.8984375,47.4375,162526400
1999-09-13,29.26902198791504,48.21875,48.25,45.3125,47.25,242061800
1999-09-20,27.599754333496094,45.46875,48.9375,44.4375,48.0,285566800
1999-09-27,27.31049346923828,44.9921875,46.46875,44.15625,46.0,209311600
1999-10-04,28.81377601623535,47.46875,47.59375,44.75,45.25,190628600
1999-10-11,26.72718620300293,44.03125,47.5,43.65625,47.3125,202236600
1999-10-18,28.130895614624023,46.34375,46.9375,42.53125,43.59375,337800800
1999-10-25,28.092952728271484,46.28125,47.625,44.65625,46.0,287399400
1999-11-01,27.789445877075195,45.78125,47.25,45.15625,46.625,268534000
1999-11-08,27.068645477294922,44.59375,45.375,42.1875,42.40625,541663200
1999-11-15,26.101219177246094,43.0,44.25,42.1875,44.125,295783800
1999-11-22,27.656667709350586,45.5625,46.6875,44.1875,44.8125,243669200
1999-11-29,29.174175262451172,48.0625,48.5625,44.75,45.0625,284044400
1999-12-06,28.491304397583008,46.9375,48.59375,45.71875,47.625,230007400
1999-12-13,34.97865676879883,57.625,58.5625,46.375,46.8046875,586938400
1999-12-20,35.642578125,58.71875,59.625,55.3125,57.40625,166473400
1999-12-27,35.43392562866211,58.375,59.96875,58.0625,59.21875,109120000
2000-01-03,33.82156753540039,55.71875,59.3125,53.65625,58.6875,288397200
2000-01-10,34.068153381347656,56.125,57.125,50.75,56.71875,314800000
2000-01-17,31.48838996887207,51.875,58.25,51.625,55.90625,303817800
2000-01-24,29.819120407104492,49.125,52.84375,48.625,51.8984375,294666000
2000-01-31,32.34197998046875,53.28125,54.0,47.4375,48.8125,297857800
2000-02-07,30.331279754638672,49.96875,55.0,49.5625,53.40625,321411600
2000-02-14,28.851722717285156,47.53125,50.875,47.4375,50.6171875,376665200
2000-02-21,27.71357536315918,45.65625,48.5625,45.25,47.5625,277178000
2000-02-28,29.174175262451172,48.0625,49.4375,44.0625,45.125,449826800
2000-03-06,30.65375328063965,50.5,51.25,45.0625,48.0,496748200
2000-03-13,30.160558700561523,49.6875,50.125,46.625,48.8125,346991400
2000-03-20,33.89744567871094,55.84375,57.5,48.25,49.375,483818400
2000-03-27,32.24713897705078,53.125,54.46875,51.1875,53.8828125,385372000
2000-04-03,27.030683517456055,44.53125,48.25,42.46875,47.21875,673285200
2000-04-10,22.497127532958984,37.0625,44.3125,36.625,44.3125,531185000
2000-04-17,23.95772361755371,39.46875,40.96875,36.5,37.125,317669600
2000-04-24,21.16930389404297,34.875,35.5625,32.5,33.625,736006800
2000-05-01,21.58662223815918,35.5625,37.0,34.40625,36.4375,340601400
2000-05-08,20.884761810302734,34.40625,35.6875,32.875,35.46875,260982800
2000-05-15,19.74662971496582,32.53125,35.3125,32.25,34.5,255770600
2000-05-22,18.64643669128418,30.71875,33.28125,30.1875,32.5625,363571400
2000-05-29,20.126007080078125,33.15625,33.375,31.0,31.21875,298475000
2000-06-05,20.884761810302734,34.40625,36.0625,33.0,33.0078125,370205400
2000-06-12,22.02290916442871,36.28125,36.5625,33.0625,34.5,307845400
2000-06-19,23.57834815979004,38.84375,41.09375,36.0,36.28125,406406200
2000-06-26,24.28020477294922,40.0,40.0625,38.34375,38.75,207622800
2000-07-03,24.88720703125,41.0,41.4375,39.125,39.84375,152585600
2000-07-10,23.95772361755371,39.46875,40.65625,38.59375,40.34375,280248600
2000-07-17,21.9470272064209,36.15625,39.78125,35.9375,39.125,375325800
2000-07-24,21.150341033935547,34.84375,36.0625,33.625,36.03125,355742000
2000-07-31,20.9796142578125,34.5625,35.5625,34.0625,35.09375,258367400
2000-08-07,21.98496437072754,36.21875,37.4375,34.875,35.09375,339341800
2000-08-14,21.548683166503906,35.5,36.6875,35.0,36.15625,229669000
2000-08-21,21.434865951538086,35.3125,36.21875,34.96875,35.34375,220409400
2000-08-28,21.30208396911621,35.09375,36.375,34.84375,35.09375,279525800
2000-09-04,21.036518096923828,34.65625,36.03125,34.59375,35.0,282136800
2000-09-11,19.481061935424805,32.09375,34.84375,31.65625,34.5625,314439400
2000-09-18,19.196533203125,31.625,32.875,30.5,32.125,349569200
2000-09-25,18.304994583129883,30.15625,32.9375,29.3125,31.625,441758600
2000-10-02,16.863357543945312,27.78125,30.40625,27.25,30.25,423283200
2000-10-09,16.31325912475586,26.875,28.46875,26.0625,27.8125,416336400
2000-10-16,19.78456687927246,32.59375,33.0625,24.21875,26.75,728943800
2000-10-23,20.54332160949707,33.84375,34.59375,30.09375,32.3125,686320600
2000-10-30,20.71404457092285,34.125,35.421875,33.6875,33.75,442537200
2000-11-06,20.448482513427734,33.6875,36.1875,33.40625,34.34375,570135000
2000-11-13,20.96063995361328,34.53125,35.75,32.203125,33.34375,426659800
2000-11-20,21.226205825805664,34.96875,35.21875,32.78125,34.0625,250427200
2000-11-27,17.185832977294922,28.3125,36.125,28.03125,35.71875,618044800
2000-12-04,16.521913528442383,27.21875,30.25,26.125,28.625,538950600
2000-12-11,14.928531646728516,24.59375,30.25,23.875,27.75,445143800
2000-12-18,14.093901634216309,23.21875,25.0,20.15625,24.5,649221800
2000-12-25,13.16441822052002,21.6875,24.28125,21.5,23.4375,313542200
2001-01-01,14.909560203552246,24.5625,25.25,21.4375,22.0625,424187000
2001-01-08,16.237388610839844,26.75,27.875,23.34375,24.46875,460580000
2001-01-15,18.51365852355957,30.5,30.71875,25.5625,26.6875,460444200
2001-01-22,19.42416000366211,32.0,32.15625,29.46875,30.375,436160600
2001-01-29,18.456745147705078,30.40625,32.375,30.1875,31.78125,367052200
2001-02-05,17.944580078125,29.5625,32.53125,29.25,30.375,462519400
2001-02-12,17.394489288330078,28.65625,30.53125,28.0625,29.40625,341674600
2001-02-19,17.223758697509766,28.375,29.125,26.9375,28.6875,318115000
2001-02-26,17.204803466796875,28.34375,30.59375,28.125,28.8125,433276200
2001-03-05,17.204803466796875,28.34375,30.5625,27.4375,28.625,334329400
2001-03-12,16.559858322143555,27.28125,28.0390625,25.8125,27.34375,480585000
2001-03-19,17.166858673095703,28.28125,28.5,24.875,27.25,503730600
2001-03-26,16.597795486450195,27.34375,29.28125,26.9375,28.5625,415122400
2001-04-02,17.05305290222168,28.09375,28.6875,25.53125,27.40625,480144200
2001-04-09,18.87178611755371,31.09000015258789,31.155000686645508,27.829999923706055,28.28499984741211,362894600
2001-04-16,20.94167137145996,34.5,35.54999923706055,30.020000457763672,30.700000762939453,659998200
2001-04-23,20.37108612060547,33.560001373291016,35.5,33.10499954223633,34.05500030517578,498401800
2001-04-30,21.47279930114746,35.375,35.57500076293945,33.79999923706055,34.26499938964844,436747200
2001-05-07,21.063074111938477,34.70000076293945,36.07500076293945,34.32500076293945,35.415000915527344,376580200
2001-05-14,20.665483474731445,34.04499816894531,35.06999969482422,33.625,34.564998626708984,395837600
2001-05-21,21.5213680267334,35.45500183105469,35.95000076293945,33.875,34.025001525878906,414113800
2001-05-28,21.348365783691406,35.16999816894531,35.875,34.20000076293945,35.400001525878906,285982800
2001-06-04,22.21334457397461,36.595001220703125,36.875,34.900001525878906,35.275001525878906,332040600
2001-06-11,20.644241333007812,34.0099983215332,36.42499923706055,33.20000076293945,36.42499923706055,349689400
2001-06-18,20.89008140563965,34.415000915527344,35.30500030517578,33.005001068115234,33.974998474121094,305108400
2001-06-25,22.15568733215332,36.5,38.07500076293945,33.849998474121094,34.54999923706055,404751800
2001-07-02,20.04936981201172,33.029998779296875,36.57500076293945,32.834999084472656,36.025001525878906,217558000
2001-07-09,21.651870727539062,35.66999816894531,36.025001525878906,32.099998474121094,33.099998474121094,393874400
2001-07-16,20.996307373046875,34.59000015258789,36.5,33.970001220703125,35.724998474121094,377575600
2001-07-23,19.870309829711914,32.73500061035156,34.619998931884766,32.525001525878906,34.619998931884766,364965000
2001-07-30,20.30126953125,33.44499969482422,33.77000045776367,32.77000045776367,32.82500076293945,254365800
2001-08-06,19.885480880737305,32.7599983215332,33.619998931884766,31.450000762939453,33.26499938964844,211468400
2001-08-13,18.780736923217773,30.940000534057617,33.04499816894531,30.75,32.619998931884766,204799400
2001-08-20,18.832332611083984,31.024999618530273,31.600000381469727,29.5,30.829999923706055,288802400
2001-08-27,17.314821243286133,28.524999618530273,31.68000030517578,28.149999618530273,30.950000762939453,295688400
2001-09-03,16.814044952392578,27.700000762939453,29.540000915527344,27.655000686645508,28.594999313354492,358880400
2001-09-10,17.475675582885742,28.790000915527344,28.975000381469727,27.350000381469727,27.459999084472656,84471800
2001-09-17,15.08710765838623,24.854999542236328,27.549999237060547,23.75,27.010000228881836,640594600
2001-09-24,15.530228614807129,25.584999084472656,26.5,24.0,25.325000762939453,426877600
2001-10-01,17.518165588378906,28.860000610351562,29.200000762939453,25.204999923706055,25.469999313354492,430682000
2001-10-08,17.111465454101562,28.190000534057617,29.325000762939453,26.5,28.399999618530273,393482200
2001-10-15,17.572790145874023,28.950000762939453,29.649999618530273,27.75,27.950000762939453,377884200
2001-10-22,18.877864837646484,31.100000381469727,31.815000534057617,28.735000610351562,28.950000762939453,371617600
2001-10-29,18.63505744934082,30.700000762939453,31.510000228881836,29.049999237060547,31.049999237060547,370256200
2001-11-05,19.791400909423828,32.60499954223633,33.029998779296875,30.875,30.93000030517578,316154000
2001-11-12,19.955284118652344,32.875,34.16999816894531,31.825000762939453,32.349998474121094,343709000
2001-11-19,19.639646530151367,32.35499954223633,33.900001525878906,31.739999771118164,33.125,188466600
2001-11-26,19.487895965576172,32.10499954223633,32.85499954223633,31.364999771118164,32.494998931884766,289607800
2001-12-03,20.586566925048828,33.915000915527344,34.5,31.899999618530273,31.915000915527344,270821600
2001-12-10,20.468212127685547,33.720001220703125,34.224998474121094,32.96500015258789,33.7599983215332,236814000
2001-12-17,20.498565673828125,33.77000045776367,34.94499969482422,33.310001373291016,33.584999084472656,324223800
2001-12-24,20.59872055053711,33.935001373291016,34.53499984741211,33.599998474121094,33.86000061035156,102223400
2001-12-31,20.91132164001465,34.45000076293945,34.95500183105469,32.755001068115234,33.91999816894531,211452400
2002-01-07,20.823312759399414,34.30500030517578,35.310001373291016,34.0,34.875,305839000
2002-01-14,20.06151580810547,33.04999923706055,35.0,32.709999084472656,34.150001525878906,359769000
2002-01-21,19.363452911376953,31.899999618530273,33.314998626708984,31.6200008392334,33.30500030517578,290107400
2002-01-28,19.017465591430664,31.329999923706055,32.25,30.665000915527344,32.1150016784668,299416400
2002-02-04,18.40743064880371,30.325000762939453,31.344999313354492,29.415000915527344,31.200000762939453,327781000
2002-02-11,18.27995491027832,30.114999771118164,31.4950008392334,29.795000076293945,30.0049991607666,257488800
2002-02-18,17.60011100769043,28.9950008392334,30.18000030517578,28.575000762939453,29.954999923706055,233500800
2002-02-25,18.625946044921875,30.684999465942383,30.709999084472656,28.94499969482422,28.969999313354492,311042000
2002-03-04,19.408987045288086,31.975000381469727,32.349998474121094,30.434999465942383,30.6200008392334,296007000
2002-03-11,18.965866088867188,31.2450008392334,32.5,30.485000610351562,31.7549991607666,275419200
2002-03-18,18.346731185913086,30.225000381469727,31.5,29.915000915527344,31.3700008392334,231373200
2002-03-25,18.304244995117188,30.155000686645508,30.459999084472656,29.155000686645508,30.239999771118164,208329200
2002-04-01,16.956687927246094,27.934999465942383,30.200000762939453,27.709999084472656,29.915000915527344,312380600
2002-04-08,16.974889755249023,27.96500015258789,28.71500015258789,27.1299991607666,27.149999618530273,322902400
2002-04-15,17.3603458404541,28.600000381469727,29.139999389648438,26.34000015258789,28.0,333532400
2002-04-22,15.630378723144531,25.75,28.350000381469727,25.729999542236328,28.260000228881836,301034000
2002-04-29,15.041585922241211,24.780000686645508,27.03499984741211,24.7549991607666,25.735000610351562,374680200
2002-05-06,15.190305709838867,25.024999618530273,27.5,24.174999237060547,24.719999313354492,403623800
2002-05-13,17.005245208740234,28.014999389648438,28.219999313354492,24.875,25.225000381469727,308116000
2002-05-20,16.164539337158203,26.6299991607666,27.774999618530273,25.924999237060547,27.75,256800000
2002-05-27,15.451312065124512,25.454999923706055,26.844999313354492,25.440000534057617,26.795000076293945,224676200
2002-06-03,15.776062965393066,25.989999771118164,26.299999237060547,24.584999084472656,25.4950008392334,419954600
2002-06-10,16.768512725830078,27.625,27.889999389648438,25.729999542236328,25.825000762939453,471597400
2002-06-17,15.867105484008789,26.139999389648438,28.219999313354492,26.139999389648438,27.829999923706055,456473200
2002-06-24,16.601587295532227,27.350000381469727,27.895000457763672,25.524999618530273,26.045000076293945,486047800
2002-07-01,16.647119522094727,27.424999237060547,27.450000762939453,25.225000381469727,27.059999465942383,265898200
2002-07-08,15.739643096923828,25.93000030517578,27.46500015258789,25.625,27.204999923706055,464434400
2002-07-15,15.041585922241211,24.780000686645508,26.649999618530273,24.0,25.69499969482422,535752000
2002-07-22,13.763842582702637,22.674999237060547,24.9950008392334,20.704999923706055,24.475000381469727,837388600
2002-07-29,13.478543281555176,22.204999923706055,24.415000915527344,21.899999618530273,23.424999237060547,506665200
2002-08-05,14.604546546936035,24.059999465942383,24.575000762939453,21.905000686645508,22.145000457763672,411804200
2002-08-12,15.175130844116211,25.0,25.3700008392334,23.459999084472656,23.80500030517578,421775000
2002-08-19,15.848907470703125,26.110000610351562,26.725000381469727,24.924999237060547,25.020000457763672,361816000
2002-08-26,14.895909309387207,24.540000915527344,26.325000762939453,24.260000228881836,26.25,342411600
2002-09-02,14.513494491577148,23.90999984741211,24.299999237060547,22.940000534057617,24.260000228881836,315041800
2002-09-09,14.540806770324707,23.954999923706055,25.549999237060547,23.315000534057617,23.625,366322400
2002-09-16,14.404234886169434,23.729999542236328,24.450000762939453,23.295000076293945,23.799999237060547,415858200
2002-09-23,13.73348617553711,22.625,23.75,22.315000534057617,23.299999237060547,482906400
2002-09-30,13.284308433532715,21.885000228881836,23.405000686645508,21.55500030517578,22.434999465942383,542044000
2002-10-07,14.832170486450195,24.434999465942383,24.450000762939453,21.625,21.905000686645508,555944000
2002-10-14,16.13116455078125,26.575000762939453,26.600000381469727,23.920000076293945,24.125,640447400
2002-10-21,15.98851490020752,26.34000015258789,26.684999465942383,25.450000762939453,25.985000610351562,481663400
2002-10-28,16.085634231567383,26.5,27.03499984741211,25.424999237060547,26.700000762939453,475946600
2002-11-04,16.72299575805664,27.549999237060547,28.625,27.5049991607666,28.375,470251200
2002-11-11,17.205554962158203,28.344999313354492,28.5,26.90999984741211,27.53499984741211,402980600
2002-11-18,17.669918060302734,29.110000610351562,29.149999618530273,27.155000686645508,28.475000381469727,363849400
2002-11-25,17.50602912902832,28.84000015258789,29.31999969482422,28.389999389648438,29.030000686645508,213818200
2002-12-02,16.83528709411621,27.735000610351562,29.479999542236328,27.110000610351562,29.325000762939453,346190400
2002-12-09,15.933878898620605,26.25,27.610000610351562,26.2450008392334,27.5,317266600
2002-12-16,16.097768783569336,26.520000457763672,27.4950008392334,26.334999084472656,26.5,353380800
2002-12-23,16.076534271240234,26.485000610351562,27.344999313354492,26.450000762939453,26.524999618530273,145304000
2002-12-30,16.32539939880371,26.895000457763672,26.899999618530273,25.6299991607666,26.5049991607666,228800400
2003-01-06,16.971858978271484,27.959999084472656,28.149999618530273,26.899999618530273,27.010000228881836,334077800
2003-01-13,15.618245124816895,25.729999542236328,28.65999984741211,25.655000686645508,28.260000228881836,411893800
2003-01-20,15.12960147857666,24.924999237060547,26.270000457763672,24.850000381469727,25.934999465942383,347509000
2003-01-27,14.404234886169434,23.729999542236328,25.299999237060547,23.514999389648438,24.65999984741211,502609600
2003-02-03,14.1371488571167,23.290000915527344,24.549999237060547,23.204999923706055,23.96500015258789,421576600
2003-02-10,14.659171104431152,24.149999618530273,24.25,23.0,23.399999618530273,393693200
2003-02-17,14.998605728149414,24.6299991607666,24.989999771118164,23.700000762939453,24.6200008392334,212068600
2003-02-24,14.432269096374512,23.700000762939453,24.5,23.299999237060547,24.440000534057617,319632400
2003-03-03,14.347023010253906,23.559999465942383,24.1200008392334,22.899999618530273,24.020000457763672,283450300
2003-03-10,15.138662338256836,24.860000610351562,24.959999084472656,22.549999237060547,23.309999465942383,330936500
2003-03-17,16.17997932434082,26.56999969482422,26.799999237060547,24.329999923706055,24.520000457763672,410130000
2003-03-24,15.022963523864746,24.670000076293945,25.93000030517578,24.59000015258789,25.549999237060547,276001800
2003-03-31,15.278721809387207,25.09000015258789,26.09000015258789,24.010000228881836,24.25,302604600
2003-04-07,14.736751556396484,24.200000762939453,26.43000030517578,23.950000762939453,26.229999542236328,319809400
2003-04-14,15.528399467468262,25.5,25.739999771118164,24.0,24.270000457763672,259533900
2003-04-21,15.357893943786621,25.219999313354492,25.989999771118164,25.030000686645508,25.610000610351562,261322100
2003-04-28,15.893777847290039,26.100000381469727,26.290000915527344,25.25,25.389999389648438,272512900
2003-05-05,16.052112579345703,26.360000610351562,26.5,25.709999084472656,26.25,259126000
2003-05-12,15.57103157043457,25.56999969482422,26.469999313354492,25.40999984741211,26.149999618530273,249494800
2003-05-19,14.748929023742676,24.219999313354492,25.540000915527344,23.889999389648438,25.399999618530273,387099900
2003-05-26,14.986432075500488,24.610000610351562,24.90999984741211,24.219999313354492,24.25,320501800
2003-06-02,14.414011001586914,23.670000076293945,25.219999313354492,23.649999618530273,24.979999542236328,446360900
2003-06-09,15.010787010192871,24.649999618530273,25.25,23.600000381469727,23.719999313354492,351369100
2003-06-16,16.033828735351562,26.329999923706055,26.43000030517578,24.670000076293945,24.799999237060547,431506000
2003-06-23,15.607565879821777,25.6299991607666,26.510000228881836,25.139999389648438,26.139999389648438,292686700
2003-06-30,16.13735580444336,26.5,26.950000762939453,25.389999389648438,25.940000534057617,242509300
2003-07-07,16.630615234375,27.309999465942383,27.799999237060547,26.59000015258789,27.020000457763672,318886400
2003-07-14,16.374845504760742,26.889999389648438,27.809999465942383,26.540000915527344,27.6299991607666,300064300
2003-07-21,16.374845504760742,26.889999389648438,26.950000762939453,25.979999542236328,26.8700008392334,257829600
2003-07-28,15.936407089233398,26.170000076293945,27.0,26.1200008392334,26.940000534057617,263444200
2003-08-04,15.577112197875977,25.579999923706055,26.540000915527344,25.43000030517578,26.149999618530273,244446200
2003-08-11,15.552749633789062,25.540000915527344,25.989999771118164,25.43000030517578,25.610000610351562,179225400
2003-08-18,15.96684741973877,26.219999313354492,26.950000762939453,25.459999084472656,25.559999465942383,305158600
2003-08-25,16.149534225463867,26.520000457763672,26.670000076293945,25.959999084472656,26.309999465942383,195027000
2003-09-01,17.28219985961914,28.3799991607666,28.75,26.469999313354492,26.700000762939453,307472000
2003-09-08,17.257835388183594,28.34000015258789,28.920000076293945,27.450000762939453,28.389999389648438,238774500
2003-09-15,18.244338989257812,29.959999084472656,29.969999313354492,28.31999969482422,28.3700008392334,300416400
2003-09-22,17.166488647460938,28.190000534057617,30.0,28.139999389648438,29.389999389648438,295932200
2003-09-29,17.70846176147461,29.079999923706055,29.459999084472656,27.75,28.40999984741211,264536500
2003-10-06,17.60494041442871,28.90999984741211,29.3700008392334,28.670000076293945,29.149999618530273,233651500
2003-10-13,17.715965270996094,28.93000030517578,29.309999465942383,28.479999542236328,28.979999542236328,223606200
2003-10-20,16.295259475708008,26.610000610351562,29.43000030517578,26.420000076293945,28.950000762939453,409676000
2003-10-27,16.00742530822754,26.139999389648438,27.25,25.90999984741211,26.90999984741211,379276300
2003-11-03,15.982938766479492,26.100000381469727,26.75,26.0,26.350000381469727,329324700
2003-11-10,15.615524291992188,25.5,26.229999542236328,25.440000534057617,26.1200008392334,357543000
2003-11-17,15.376686096191406,25.110000610351562,25.84000015258789,24.84000015258789,25.389999389648438,467180400
2003-11-24,15.744108200073242,25.709999084472656,25.950000762939453,25.280000686645508,25.329999923706055,288288600
2003-12-01,15.909451484680176,25.979999542236328,26.479999542236328,25.5,25.899999618530273,463971200
2003-12-08,16.319746017456055,26.649999618530273,26.809999465942383,25.809999465942383,26.1200008392334,425367900
2003-12-15,16.754528045654297,27.360000610351562,27.549999237060547,26.68000030517578,27.049999237060547,354585100
2003-12-22,16.66266441345215,27.209999084472656,27.43000030517578,26.969999313354492,27.15999984741211,115504900
2003-12-29,16.80965232849121,27.450000762939453,27.770000457763672,27.15999984741211,27.209999084472656,161519900
2004-01-05,16.938241958618164,27.65999984741211,28.479999542236328,27.59000015258789,27.729999542236328,294473400
2004-01-12,17.030105590820312,27.809999465942383,27.8799991607666,27.260000228881836,27.670000076293945,273795600
2004-01-19,17.440385818481445,28.479999542236328,28.760000228881836,27.850000381469727,27.979999542236328,322323400
2004-01-26,16.9321231842041,27.649999618530273,28.829999923706055,27.469999313354492,28.489999771118164,297108900
2004-02-02,16.58305549621582,27.079999923706055,27.799999237060547,26.829999923706055,27.610000610351562,274270700
2004-02-09,16.282997131347656,26.59000015258789,27.229999542236328,26.5,27.190000534057617,249492500
2004-02-16,16.270751953125,26.56999969482422,27.110000610351562,26.43000030517578,26.719999313354492,213474200
2004-02-23,16.246261596679688,26.530000686645508,26.989999771118164,26.350000381469727,26.729999542236328,294828200
2004-03-01,16.13603401184082,26.350000381469727,26.719999313354492,26.200000762939453,26.6299991607666,277115000
2004-03-08,15.542031288146973,25.3799991607666,26.350000381469727,25.06999969482422,26.309999465942383,380308700
2004-03-15,15.082752227783203,24.6299991607666,25.459999084472656,24.559999465942383,25.299999237060547,400043100
2004-03-22,15.327704429626465,25.030000686645508,25.510000228881836,24.010000228881836,24.479999542236328,464149000
2004-03-29,15.829843521118164,25.850000381469727,25.899999618530273,24.850000381469727,25.25,348520900
2004-04-05,15.603270530700684,25.479999542236328,25.979999542236328,25.350000381469727,25.809999465942383,211355800
2004-04-12,15.407307624816895,25.15999984741211,25.770000457763672,25.100000381469727,25.479999542236328,282363400
2004-04-19,16.86475944519043,27.540000915527344,27.719999313354492,25.059999465942383,25.079999923706055,511223400
2004-04-26,16.001314163208008,26.1299991607666,27.549999237060547,25.959999084472656,27.450000762939453,386909500
2004-05-03,15.78698444366455,25.780000686645508,26.600000381469727,25.75,26.190000534057617,304238400
2004-05-10,15.835970878601074,25.860000610351562,26.190000534057617,25.43000030517578,25.6299991607666,294321000
2004-05-17,15.854341506958008,25.889999389648438,26.270000457763672,25.420000076293945,25.469999313354492,283260200
2004-05-24,16.062549591064453,26.229999542236328,26.350000381469727,25.600000381469727,26.049999237060547,259637300
2004-05-31,15.89108657836914,25.950000762939453,26.280000686645508,25.860000610351562,26.1299991607666,197137900
2004-06-07,16.393230438232422,26.770000457763672,26.790000915527344,25.969999313354492,26.020000457763672,222161000
2004-06-14,17.360782623291016,28.350000381469727,28.5,26.530000686645508,26.549999237060547,488638200
2004-06-21,17.495506286621094,28.56999969482422,28.65999984741211,27.809999465942383,28.219999313354492,411012400
2004-06-28,17.495506286621094,28.56999969482422,28.84000015258789,28.170000076293945,28.600000381469727,331071700
2004-07-05,17.060720443725586,27.860000610351562,28.329999923706055,27.549999237060547,28.31999969482422,244789000
2004-07-12,16.828014373779297,27.479999542236328,28.360000610351562,27.25,27.670000076293945,289853700
2004-07-19,17.164819717407227,28.030000686645508,29.889999389648438,27.600000381469727,27.6200008392334,572896600
2004-07-26,17.446500778198242,28.489999771118164,28.809999465942383,28.1299991607666,28.360000610351562,327776100
2004-08-02,16.619808197021484,27.139999389648438,28.549999237060547,27.059999465942383,28.270000457763672,283695500
2004-08-09,16.546327590942383,27.020000457763672,27.75,26.860000610351562,27.260000228881836,256220400
2004-08-16,16.656553268432617,27.200000762939453,27.5,26.889999389648438,27.030000686645508,262858700
2004-08-23,16.865371704101562,27.459999084472656,27.670000076293945,27.09000015258789,27.270000457763672,202634400
2004-08-30,16.65041160583496,27.110000610351562,27.68000030517578,26.850000381469727,27.299999237060547,225629900
2004-09-06,16.883790969848633,27.489999771118164,27.510000228881836,27.139999389648438,27.290000915527344,207740700
2004-09-13,16.896081924438477,27.510000228881836,27.56999969482422,26.739999771118164,27.530000686645508,257999400
2004-09-20,16.76095962524414,27.290000915527344,27.739999771118164,27.06999969482422,27.440000534057617,295812600
2004-09-27,17.350574493408203,28.25,28.31999969482422,27.040000915527344,27.170000076293945,308918800
2004-10-04,17.19088363647461,27.989999771118164,28.59000015258789,27.969999313354492,28.440000534057617,264991600
2004-10-11,17.19088363647461,27.989999771118164,28.270000457763672,27.799999237060547,28.200000762939453,241981800
2004-10-18,17.037336349487305,27.739999771118164,28.889999389648438,27.579999923706055,28.06999969482422,373356600
2004-10-25,17.178600311279297,27.969999313354492,28.540000915527344,27.549999237060547,27.670000076293945,353958400
2004-11-01,18.001596450805664,29.309999465942383,29.360000610351562,27.959999084472656,28.15999984741211,425220100
2004-11-08,18.406959533691406,29.969999313354492,30.200000762939453,29.1299991607666,29.18000030517578,546928700
2004-11-15,18.38642120361328,26.860000610351562,27.5,26.84000015258789,27.34000015258789,376879800
2004-11-22,18.208446502685547,26.600000381469727,26.81999969482422,26.100000381469727,26.75,247338400
2004-11-29,18.639698028564453,27.229999542236328,27.440000534057617,26.610000610351562,26.639999389648438,415516000
2004-12-06,18.53701400756836,27.079999923706055,27.440000534057617,26.90999984741211,27.100000381469727,416563600
2004-12-13,18.454877853393555,26.959999084472656,27.399999618530273,26.799999237060547,27.100000381469727,543141500
2004-12-20,18.489099502563477,27.010000228881836,27.170000076293945,26.780000686645508,27.010000228881836,309652700
2004-12-27,18.29058837890625,26.719999313354492,27.100000381469727,26.68000030517578,27.010000228881836,261944200
2005-01-03,18.25636100769043,26.670000076293945,27.100000381469727,26.6200008392334,26.799999237060547,392522300
2005-01-10,17.879873275756836,26.1200008392334,26.860000610351562,26.040000915527344,26.600000381469727,390071600
2005-01-17,17.558156967163086,25.649999618530273,26.350000381469727,25.639999389648438,26.030000686645508,262141600
2005-01-24,17.920940399169922,26.18000030517578,26.649999618530273,25.639999389648438,25.760000228881836,405236700
2005-01-31,18.01677703857422,26.31999969482422,26.520000457763672,26.100000381469727,26.350000381469727,332545200
2005-02-07,17.777198791503906,25.969999313354492,26.34000015258789,25.809999465942383,26.270000457763672,352614200
2005-02-14,17.495580673217773,25.479999542236328,26.1200008392334,25.399999618530273,25.93000030517578,336868100
2005-02-21,17.33765983581543,25.25,25.489999771118164,25.149999618530273,25.25,327812600
2005-02-28,17.282732009887695,25.170000076293945,25.479999542236328,25.1299991607666,25.219999313354492,322103600
2005-03-07,17.227802276611328,25.09000015258789,25.790000915527344,25.059999465942383,25.170000076293945,316021800
2005-03-14,16.69221305847168,24.309999465942383,25.239999771118164,24.280000686645508,25.079999923706055,408338500
2005-03-21,16.671621322631836,24.280000686645508,24.469999313354492,23.959999084472656,24.350000381469727,331673700
2005-03-28,16.561765670776367,24.1200008392334,24.469999313354492,23.81999969482422,24.399999618530273,310621300
2005-04-04,17.124797821044922,24.940000534057617,25.25,23.940000534057617,24.110000610351562,339174000
2005-04-11,16.795228958129883,24.459999084472656,25.450000762939453,24.40999984741211,25.030000686645508,343244900
2005-04-18,17.152267456054688,24.979999542236328,25.389999389648438,24.299999237060547,24.450000762939453,407295900
2005-04-25,17.37198829650879,25.299999237060547,25.299999237060547,24.440000534057617,25.06999969482422,365919300
2005-05-02,17.317060470581055,25.219999313354492,25.479999542236328,24.950000762939453,25.229999542236328,332793600
2005-05-09,17.37198829650879,25.299999237060547,25.3799991607666,24.639999389648438,25.229999542236328,335315800
2005-05-16,17.730180740356445,25.739999771118164,26.049999237060547,25.190000534057617,25.229999542236328,278308200
2005-05-23,17.95748519897461,26.06999969482422,26.09000015258789,25.5,25.739999771118164,278015000
2005-05-30,17.516643524169922,25.43000030517578,26.030000686645508,25.34000015258789,25.989999771118164,207624100
2005-06-06,17.516643524169922,25.43000030517578,25.829999923706055,25.309999465942383,25.3799991607666,232865700
2005-06-13,17.24800682067871,25.040000915527344,25.489999771118164,24.920000076293945,25.360000610351562,300852300
2005-06-20,17.24800682067871,25.040000915527344,25.6200008392334,24.93000030517578,24.979999542236328,355246100
2005-06-27,17.020694732666016,24.709999084472656,25.31999969482422,24.670000076293945,25.06999969482422,322290800
2005-07-04,17.28244972229004,25.09000015258789,25.190000534057617,24.5,24.65999984741211,262285000
2005-07-11,17.764623641967773,25.790000915527344,26.100000381469727,25.110000610351562,25.149999618530273,295639000
2005-07-18,17.6888484954834,25.68000030517578,26.479999542236328,25.549999237060547,25.709999084472656,434873900
2005-07-25,17.6406307220459,25.610000610351562,26.0,25.530000686645508,25.690000534057617,258891400
2005-08-01,19.121585845947266,27.760000228881836,27.940000534057617,25.760000228881836,25.809999465942383,511953100
2005-08-08,18.63253402709961,27.049999237060547,27.84000015258789,26.850000381469727,27.799999237060547,305441100
2005-08-15,18.459814071655273,26.719999313354492,27.299999237060547,26.65999984741211,26.979999542236328,222189700
2005-08-22,18.632530212402344,26.969999313354492,27.170000076293945,26.739999771118164,26.790000915527344,229714300
2005-08-29,18.667076110839844,27.020000457763672,27.440000534057617,26.809999465942383,26.809999465942383,300703100
2005-09-05,18.363088607788086,26.579999923706055,27.290000915527344,26.520000457763672,27.059999465942383,184813200
2005-09-12,18.010753631591797,26.06999969482422,26.760000228881836,25.969999313354492,26.6200008392334,406684500
2005-09-19,17.45806312561035,25.270000457763672,26.270000457763672,25.1200008392334,26.09000015258789,328869200
2005-09-26,17.77586555480957,25.729999542236328,26.0,25.209999084472656,25.399999618530273,300472600
2005-10-03,16.988283157348633,24.59000015258789,25.729999542236328,24.520000457763672,25.709999084472656,413185600
2005-10-10,17.043546676635742,24.670000076293945,24.729999542236328,24.25,24.670000076293945,320781300
2005-10-17,17.119539260864258,24.780000686645508,25.1299991607666,24.440000534057617,24.68000030517578,311088900
2005-10-24,17.6376895904541,25.530000686645508,25.600000381469727,24.68000030517578,24.889999389648438,319482000
2005-10-31,18.418363571166992,26.65999984741211,26.709999084472656,25.5,25.610000610351562,352445200
2005-11-07,18.846696853637695,27.280000686645508,27.389999389648438,26.639999389648438,26.719999313354492,322019000
2005-11-14,19.449323654174805,28.06999969482422,28.25,27.200000762939453,27.360000610351562,385292400
2005-11-21,19.234525680541992,27.760000228881836,28.239999771118164,27.469999313354492,28.06999969482422,284671500
2005-11-28,19.40774917602539,28.010000228881836,28.100000381469727,27.530000686645508,27.790000915527344,278968000
2005-12-05,19.199878692626953,27.709999084472656,28.020000457763672,27.549999237060547,27.93000030517578,281479100
2005-12-12,18.638647079467773,26.899999618530273,27.75,26.809999465942383,27.700000762939453,400679500
2005-12-19,18.458498001098633,26.639999389648438,26.90999984741211,26.420000076293945,26.81999969482422,329407700
2005-12-26,18.11897850036621,26.149999618530273,26.850000381469727,26.100000381469727,26.68000030517578,156803500
2006-01-02,18.64557456970215,26.90999984741211,27.1299991607666,26.100000381469727,26.25,287157100
2006-01-09,18.83957862854004,27.190000534057617,27.389999389648438,26.59000015258789,26.93000030517578,278080400
2006-01-16,18.299131393432617,26.40999984741211,27.239999771118164,26.260000228881836,26.899999618530273,250476300
2006-01-23,19.255308151245117,27.790000915527344,27.950000762939453,26.219999313354492,26.40999984741211,374068400
2006-01-30,19.08209991455078,27.540000915527344,28.3799991607666,27.34000015258789,27.81999969482422,397385400
2006-02-06,18.493141174316406,26.690000534057617,27.540000915527344,26.510000228881836,27.510000228881836,289113900
2006-02-13,18.562763214111328,26.700000762939453,26.93000030517578,26.34000015258789,26.6299991607666,258330500
2006-02-20,18.514087677001953,26.6299991607666,26.889999389648438,26.34000015258789,26.719999313354492,185372100
2006-02-27,18.7226619720459,26.93000030517578,27.299999237060547,26.670000076293945,26.75,256467900
2006-03-06,18.889522552490234,27.170000076293945,27.5,26.809999465942383,26.920000076293945,248873300
2006-03-13,19.11894416809082,27.5,27.65999984741211,26.940000534057617,27.18000030517578,331725100
2006-03-20,18.778276443481445,27.010000228881836,28.219999313354492,26.6200008392334,27.700000762939453,428830300
2006-03-27,18.917327880859375,27.209999084472656,27.540000915527344,26.809999465942383,27.010000228881836,288381900
2006-04-03,18.945138931274414,27.25,27.940000534057617,27.229999542236328,27.670000076293945,243749500
2006-04-10,18.819997787475586,27.06999969482422,27.440000534057617,26.969999313354492,27.229999542236328,142728400
2006-04-17,18.875614166259766,27.149999618530273,27.5,26.700000762939453,27.030000686645508,241356300
2006-04-24,16.789907455444336,24.149999618530273,27.6299991607666,24.0,27.06999969482422,818292700
2006-05-01,16.54658317565918,23.799999237060547,25.0,23.139999389648438,24.31999969482422,879723200
2006-05-08,16.10858154296875,23.170000076293945,25.0,23.049999237060547,23.850000381469727,408635300
2006-05-15,15.74565601348877,22.559999465942383,24.0,22.520000457763672,23.100000381469727,443555800
2006-05-22,16.555265426635742,23.719999313354492,23.920000076293945,22.450000762939453,22.479999542236328,404579600
2006-05-29,15.885242462158203,22.760000228881836,23.760000228881836,22.6200008392334,23.549999237060547,326865900
2006-06-05,15.298969268798828,21.920000076293945,22.729999542236328,21.889999389648438,22.719999313354492,421043600
2006-06-12,15.424598693847656,22.100000381469727,22.280000686645508,21.459999084472656,21.959999084472656,542650300
2006-06-19,15.703777313232422,22.5,23.170000076293945,22.1200008392334,22.139999389648438,449022900
2006-06-26,16.262134552001953,23.299999237060547,23.649999618530273,22.6299991607666,22.649999618530273,404754000
2006-07-03,16.262134552001953,23.299999237060547,23.719999313354492,23.299999237060547,23.530000686645508,186748900
2006-07-10,15.55720329284668,22.290000915527344,23.65999984741211,22.229999542236328,23.43000030517578,357219600
2006-07-17,16.65996742248535,23.8700008392334,24.149999618530273,22.260000228881836,22.290000915527344,436378000
2006-07-24,16.925167083740234,24.25,24.600000381469727,23.770000457763672,24.010000228881836,311697200
2006-07-31,16.953100204467773,24.290000915527344,24.489999771118164,23.850000381469727,24.06999969482422,224730800
2006-08-07,17.050813674926758,24.43000030517578,24.639999389648438,24.190000534057617,24.280000686645508,201448300
2006-08-14,18.066301345825195,25.790000915527344,25.799999237060547,24.350000381469727,24.520000457763672,323289600
2006-08-21,18.108322143554688,25.850000381469727,26.25,25.5,25.65999984741211,291408400
2006-08-28,18.101320266723633,25.84000015258789,26.0,25.6299991607666,25.84000015258789,165160300
2006-09-04,17.93320655822754,25.600000381469727,25.959999084472656,25.389999389648438,25.690000534057617,182516500
2006-09-11,18.8088321685791,26.850000381469727,26.940000534057617,25.420000076293945,25.43000030517578,345945900
2006-09-18,18.67574691772461,26.65999984741211,27.25,26.479999542236328,26.739999771118164,270058100
2006-09-25,19.159095764160156,27.350000381469727,27.520000457763672,26.790000915527344,26.809999465942383,267367500
2006-10-02,19.523372650146484,27.8700008392334,28.110000610351562,27.149999618530273,27.31999969482422,292904900
2006-10-09,19.873628616333008,28.3700008392334,28.690000534057617,27.420000076293945,27.799999237060547,355111200
2006-10-16,19.915660858154297,28.43000030517578,28.700000762939453,28.1200008392334,28.479999542236328,224116800
2006-10-23,19.852609634399414,28.34000015258789,28.790000915527344,28.040000915527344,28.299999237060547,309676000
2006-10-30,20.125818252563477,28.729999542236328,28.989999771118164,28.31999969482422,28.350000381469727,284853300
2006-11-06,20.48307228088379,29.239999771118164,29.399999618530273,28.65999984741211,28.770000457763672,321623300
2006-11-13,20.66556739807129,29.399999618530273,29.639999389648438,29.06999969482422,29.190000534057617,287912700
2006-11-20,20.918622970581055,29.760000228881836,30.0,29.5,29.520000457763672,216514300
2006-11-27,20.4687557220459,29.1200008392334,29.780000686645508,28.899999618530273,29.690000534057617,309653900
2006-12-04,20.66556739807129,29.399999618530273,29.520000457763672,28.799999237060547,29.229999542236328,304979500
2006-12-11,21.220870971679688,30.190000534057617,30.229999542236328,29.110000610351562,29.190000534057617,410894100
2006-12-18,20.834260940551758,29.639999389648438,30.260000228881836,29.530000686645508,30.190000534057617,212253200
2006-12-25,20.988910675048828,29.860000610351562,30.149999618530273,29.399999618530273,29.530000686645508,136777100
2007-01-01,20.834260940551758,29.639999389648438,30.25,29.399999618530273,29.90999984741211,167316800
2007-01-08,21.937833786010742,31.209999084472656,31.389999389648438,29.43000030517578,29.649999618530273,353311000
2007-01-15,21.8675537109375,31.110000610351562,31.450000762939453,30.690000534057617,31.260000228881836,253090400
2007-01-22,21.509065628051758,30.600000381469727,31.479999542236328,30.450000762939453,31.059999465942383,357325300
2007-01-29,21.220870971679688,30.190000534057617,31.100000381469727,30.1299991607666,30.649999618530273,309232200
2007-02-05,20.370344161987305,28.979999542236328,30.020000457763672,28.93000030517578,29.969999313354492,362100800
2007-02-12,20.271690368652344,28.739999771118164,29.690000534057617,28.649999618530273,28.889999389648438,331909500
2007-02-19,20.384553909301758,28.899999618530273,29.540000915527344,28.469999313354492,28.6299991607666,244124600
2007-02-26,19.580446243286133,27.760000228881836,29.09000015258789,27.729999542236328,28.959999084472656,380388900
2007-03-05,19.248943328857422,27.290000915527344,27.940000534057617,26.600000381469727,27.489999771118164,310161000
2007-03-12,19.27716064453125,27.329999923706055,27.479999542236328,26.709999084472656,27.18000030517578,304228600
2007-03-19,19.763853073120117,28.020000457763672,28.549999237060547,27.200000762939453,27.34000015258789,268577300
2007-03-26,19.658048629760742,27.8700008392334,28.219999313354492,27.399999618530273,27.940000534057617,243109200
2007-04-02,20.13768196105957,28.549999237060547,28.780000686645508,27.559999465942383,27.889999389648438,175174300
2007-04-09,20.18000602722168,28.610000610351562,28.719999313354492,27.989999771118164,28.579999923706055,193842900
2007-04-16,20.469194412231445,29.020000457763672,29.100000381469727,28.209999084472656,28.600000381469727,209649000
2007-04-23,21.245075225830078,30.1200008392334,30.739999771118164,28.59000015258789,28.959999084472656,312509900
2007-04-30,21.555437088012695,30.559999465942383,31.0,29.899999618530273,30.1299991607666,408437500
2007-05-07,21.788192749023438,30.889999389648438,30.979999542236328,30.479999542236328,30.520000457763672,270999700
2007-05-14,21.816314697265625,30.829999923706055,31.139999389648438,30.579999923706055,30.84000015258789,290534600
2007-05-21,21.568641662597656,30.479999542236328,31.15999984741211,29.959999084472656,30.729999542236328,239931300
2007-05-28,21.646495819091797,30.59000015258789,31.15999984741211,30.389999389648438,30.489999771118164,224509800
2007-06-04,21.264362335205078,30.049999237060547,30.760000228881836,29.40999984741211,30.420000076293945,257234600
2007-06-11,21.575725555419922,30.489999771118164,30.8799991607666,29.770000457763672,29.940000534057617,329883500
2007-06-18,20.86808967590332,29.489999771118164,30.719999313354492,29.450000762939453,30.690000534057617,281861500
2007-06-25,20.85393714904785,29.469999313354492,29.969999313354492,29.040000915527344,29.469999313354492,272963800
2007-07-02,21.207752227783203,29.969999313354492,30.219999313354492,29.489999771118164,29.670000076293945,187898100
2007-07-09,21.101604461669922,29.81999969482422,30.110000610351562,29.18000030517578,29.860000610351562,244337300
2007-07-16,22.049837112426758,31.15999984741211,31.84000015258789,29.719999313354492,29.760000228881836,409429100
2007-07-23,20.797332763671875,29.389999389648438,31.520000457763672,29.360000610351562,31.360000610351562,319829900
2007-07-30,20.493040084838867,28.959999084472656,29.790000915527344,28.81999969482422,29.40999984741211,323533700
2007-08-06,20.316137313842773,28.709999084472656,30.100000381469727,28.260000228881836,29.049999237060547,311132800
2007-08-13,20.06068992614746,28.25,28.989999771118164,27.510000228881836,28.940000534057617,304749200
2007-08-20,20.45836067199707,28.809999465942383,28.84000015258789,27.8700008392334,28.18000030517578,224547200
2007-08-27,20.401546478271484,28.729999542236328,28.93000030517578,27.81999969482422,28.610000610351562,198670200
2007-09-03,20.195613861083984,28.440000534057617,29.100000381469727,28.31999969482422,28.5,190951100
2007-09-10,20.62169647216797,29.040000915527344,29.260000228881836,28.40999984741211,28.670000076293945,182778300
2007-09-17,20.34473991394043,28.649999618530273,28.969999313354492,28.270000457763672,28.790000915527344,414046100
2007-09-24,20.919919967651367,29.459999084472656,29.850000381469727,28.799999237060547,28.809999465942383,329644000
2007-10-01,21.189767837524414,29.84000015258789,29.989999771118164,29.290000915527344,29.459999084472656,198090200
2007-10-08,21.42409896850586,30.170000076293945,30.6299991607666,29.600000381469727,29.65999984741211,208029500
2007-10-15,21.42409896850586,30.170000076293945,31.229999542236328,30.0,30.100000381469727,313937900
2007-10-22,24.875261306762695,35.029998779296875,36.029998779296875,30.1200008392334,30.1200008392334,644430400
2007-10-29,26.31678009033203,37.060001373291016,37.5,34.349998474121094,34.849998474121094,656057300
2007-11-05,23.952112197875977,33.72999954223633,37.099998474121094,33.650001525878906,36.7599983215332,510229200
2007-11-12,24.28778648376465,34.09000015258789,34.75,33.02000045776367,33.31999969482422,408367700
2007-11-19,24.302040100097656,34.11000061035156,34.970001220703125,33.709999084472656,33.959999084472656,286021500
2007-11-26,23.938682556152344,33.599998474121094,34.369998931884766,32.68000030517578,34.09000015258789,377759800
2007-12-03,24.60127830505371,34.529998779296875,34.70000076293945,32.630001068115234,33.5,291447500
2007-12-10,25.156991958618164,35.310001373291016,35.84000015258789,33.93000030517578,34.63999938964844,299539000
2007-12-17,25.69133949279785,36.060001373291016,36.060001373291016,34.209999084472656,35.029998779296875,311967600
2007-12-24,25.734086990356445,36.119998931884766,36.720001220703125,35.66999816894531,36.130001068115234,126633300
2007-12-31,24.494400024414062,34.380001068115234,35.9900016784668,34.09000015258789,35.900001525878906,219924300
2008-01-07,24.15955352783203,33.90999984741211,34.79999923706055,33.349998474121094,34.54999923706055,361252000
2008-01-14,23.518335342407227,33.0099983215332,34.56999969482422,32.5099983215332,34.459999084472656,446486700
2008-01-21,23.468461990356445,32.939998626708984,35.0,31.040000915527344,31.540000915527344,598751500
2008-01-28,21.694440841674805,30.450000762939453,33.25,30.25,33.02000045776367,650255700
2008-02-04,20.347885131835938,28.559999465942383,30.719999313354492,27.899999618530273,30.489999771118164,685685200
2008-02-11,20.24813461303711,28.420000076293945,29.049999237060547,27.90999984741211,28.520000457763672,467445800
2008-02-18,19.797544479370117,27.68000030517578,28.959999084472656,27.200000762939453,28.799999237060547,385799300
2008-02-25,19.454233169555664,27.200000762939453,28.860000610351562,27.020000457763672,27.649999618530273,494511600
2008-03-03,19.93343162536621,27.8700008392334,28.40999984741211,26.8700008392334,27.239999771118164,438685000
2008-03-10,19.997806549072266,27.959999084472656,29.489999771118164,27.639999389648438,27.829999923706055,436676700
2008-03-17,20.870386123657227,29.18000030517578,29.59000015258789,27.280000686645508,27.299999237060547,289797700
2008-03-24,19.96204376220703,27.90999984741211,29.399999618530273,27.829999923706055,29.329999923706055,240450200
2008-03-31,20.856090545654297,29.15999984741211,29.579999923706055,27.84000015258789,27.8799991607666,244898400
2008-04-07,20.226682662963867,28.280000686645508,29.59000015258789,28.209999084472656,29.549999237060547,254966700
2008-04-14,21.456876754760742,30.0,30.100000381469727,27.93000030517578,28.239999771118164,254237700
2008-04-21,21.335277557373047,29.829999923706055,32.099998474121094,29.600000381469727,30.190000534057617,480762300
2008-04-28,20.91330909729004,29.239999771118164,29.84000015258789,28.450000762939453,29.799999237060547,394359100
2008-05-05,21.020578384399414,29.389999389648438,30.229999542236328,28.93000030517578,29.93000030517578,423255800
2008-05-12,21.528684616088867,29.989999771118164,30.530000686645508,29.350000381469727,29.399999618530273,336837900
2008-05-19,20.13603973388672,28.049999237060547,29.889999389648438,27.950000762939453,29.8700008392334,296601500
2008-05-26,20.329858779907227,28.31999969482422,28.700000762939453,28.040000915527344,28.110000610351562,210751400
2008-06-02,19.734033584594727,27.489999771118164,28.360000610351562,27.200000762939453,28.239999771118164,397776700
2008-06-09,20.868253707885742,29.06999969482422,29.56999969482422,27.110000610351562,27.649999618530273,449517200
2008-06-16,20.2652587890625,28.229999542236328,29.190000534057617,28.100000381469727,29.020000457763672,328171600
2008-06-23,19.83452796936035,27.6299991607666,28.670000076293945,27.459999084472656,28.299999237060547,327143100
2008-06-30,18.650049209594727,25.979999542236328,27.979999542236328,25.600000381469727,27.729999542236328,279901800
2008-07-07,18.126026153564453,25.25,26.389999389648438,24.8700008392334,26.110000610351562,318699800
2008-07-14,18.563907623291016,25.860000610351562,27.90999984741211,24.93000030517578,25.479999542236328,472799000
2008-07-21,18.779279708862305,26.15999984741211,26.84000015258789,25.440000534057617,25.65999984741211,385416500
2008-07-28,18.262422561645508,25.440000534057617,26.489999771118164,25.06999969482422,26.059999465942383,321234900
2008-08-04,20.193456649780273,28.1299991607666,28.229999542236328,25.110000610351562,25.389999389648438,403815800
2008-08-11,19.963754653930664,27.809999465942383,28.5,27.559999465942383,27.860000610351562,279721700
2008-08-18,20.064990997314453,27.84000015258789,28.049999237060547,26.860000610351562,27.780000686645508,211452900
2008-08-25,19.668590545654297,27.290000915527344,28.010000228881836,27.1299991607666,27.610000610351562,229239100
2008-09-01,18.48660659790039,25.649999618530273,27.760000228881836,25.6299991607666,27.670000076293945,271654000
2008-09-08,19.90643310546875,27.6200008392334,27.739999771118164,25.670000076293945,26.209999084472656,371453200
2008-09-15,18.133445739746094,25.15999984741211,27.489999771118164,23.5,26.920000076293945,568268600
2008-09-22,19.74787139892578,27.399999618530273,27.559999465942383,25.31999969482422,26.219999313354492,474587100
2008-09-29,18.969482421875,26.31999969482422,27.65999984741211,25.010000228881836,26.940000534057617,538642000
2008-10-06,15.49559497833252,21.5,25.989999771118164,20.649999618530273,25.6299991607666,824330600
2008-10-13,17.24695587158203,23.93000030517578,25.729999542236328,21.309999465942383,22.860000610351562,718711400
2008-10-20,15.827133178710938,21.959999084472656,25.010000228881836,20.889999389648438,24.200000762939453,652618500
2008-10-27,16.093801498413086,22.329999923706055,23.969999313354492,21.020000457763672,21.670000076293945,551852700
2008-11-03,15.49559497833252,21.5,23.65999984741211,20.860000610351562,22.479999542236328,381992200
2008-11-10,14.457752227783203,20.059999465942383,21.969999313354492,18.739999771118164,21.850000381469727,480321800
2008-11-17,14.279961585998535,19.68000030517578,20.239999771118164,17.5,19.739999771118164,606030700
2008-11-24,14.671788215637207,20.219999313354492,20.940000534057617,19.549999237060547,19.889999389648438,326567100
2008-12-01,14.417823791503906,19.8700008392334,19.979999542236328,18.469999313354492,19.8799991607666,411006600
2008-12-08,14.047761917114258,19.360000610351562,21.25,18.700000762939453,20.350000381469727,410885800
2008-12-15,13.873625755310059,19.1200008392334,20.18000030517578,18.889999389648438,19.34000015258789,430826900
2008-12-22,13.880876541137695,19.1299991607666,19.56999969482422,18.889999389648438,19.239999771118164,146068200
2008-12-29,14.751606941223145,20.329999923706055,20.399999618530273,18.639999389648438,19.149999618530273,198239900
2009-01-05,14.163865089416504,19.520000457763672,21.0,19.40999984741211,20.200000762939453,312339200
2009-01-12,14.301727294921875,19.709999084472656,19.989999771118164,18.520000457763672,19.709999084472656,374068400
2009-01-19,12.480453491210938,17.200000762939453,19.6200008392334,16.75,19.459999084472656,497671100
2009-01-26,12.407894134521484,17.100000381469727,18.309999465942383,17.100000381469727,17.290000915527344,329880700
2009-02-02,14.26545238494873,19.65999984741211,19.93000030517578,17.0,17.030000686645508,413296000
2009-02-09,13.851848602294922,19.09000015258789,19.799999237060547,18.540000915527344,19.639999389648438,317487800
2009-02-16,13.150490760803223,18.0,18.5,17.65999984741211,18.489999771118164,249409600
2009-02-23,11.79891586303711,16.149999618530273,18.149999618530273,16.100000381469727,18.020000457763672,476020000
2009-03-02,11.163304328918457,15.279999732971191,16.399999618530273,14.869999885559082,15.960000038146973,412893700
2009-03-09,12.164207458496094,16.649999618530273,17.200000762939453,15.100000381469727,15.199999809265137,422845400
2009-03-16,12.463740348815918,17.059999465942383,17.649999618530273,16.239999771118164,16.81999969482422,340940700
2009-03-23,13.245467185974121,18.1299991607666,18.8799991607666,17.309999465942383,17.3700008392334,307016700
2009-03-30,13.698432922363281,18.75,19.889999389648438,17.270000457763672,17.739999771118164,419435900
2009-04-06,14.37056827545166,19.670000076293945,19.700000762939453,18.270000457763672,18.540000915527344,225459800
2009-04-13,14.02719783782959,19.200000762939453,19.850000381469727,18.510000228881836,19.690000534057617,310053700
2009-04-20,15.276484489440918,20.90999984741211,21.200000762939453,18.469999313354492,18.889999389648438,437861300
2009-04-27,14.78700065612793,20.239999771118164,21.100000381469727,19.790000915527344,20.549999237060547,374870800
2009-05-04,14.187918663024902,19.420000076293945,20.399999618530273,19.139999389648438,20.3700008392334,317112800
2009-05-11,14.772383689880371,20.219999313354492,20.5,19.010000228881836,19.200000762939453,300840500
2009-05-18,14.520652770996094,19.75,20.739999771118164,19.469999313354492,20.360000610351562,240444300
2009-05-25,15.358799934387207,20.889999389648438,20.940000534057617,19.450000762939453,19.540000915527344,179500300
2009-06-01,16.277833938598633,22.139999389648438,22.309999465942383,20.860000610351562,21.0,264201600
2009-06-08,17.152738571166992,23.329999923706055,23.3799991607666,21.6299991607666,21.979999542236328,277273600
2009-06-15,17.69681167602539,24.06999969482422,24.34000015258789,23.020000457763672,23.229999542236328,435179500
2009-06-22,17.167455673217773,23.350000381469727,23.950000762939453,23.200000762939453,23.950000762939453,305182700
2009-06-29,17.182151794433594,23.3700008392334,24.299999237060547,23.209999084472656,23.600000381469727,249637900
2009-07-06,16.46163558959961,22.389999389648438,23.280000686645508,22.0,23.209999084472656,265284000
2009-07-13,17.85856056213379,24.290000915527344,24.450000762939453,22.139999389648438,22.420000076293945,297686600
2009-07-20,17.24097442626953,23.450000762939453,25.719999313354492,22.809999465942383,24.440000534057617,487215100
2009-07-27,17.292428970336914,23.520000457763672,24.43000030517578,22.899999618530273,23.440000534057617,346943500
2009-08-03,17.32184410095215,23.559999465942383,24.25,23.270000457763672,23.81999969482422,255287200
2009-08-10,17.41742515563965,23.690000534057617,23.899999618530273,23.030000686645508,23.459999084472656,216134700
2009-08-17,18.047698974609375,24.40999984741211,24.420000076293945,23.229999542236328,23.31999969482422,231691900
2009-08-24,18.247325897216797,24.68000030517578,25.489999771118164,24.280000686645508,24.40999984741211,240543800
2009-08-31,18.202960968017578,24.6200008392334,24.850000381469727,23.760000228881836,24.56999969482422,232092300
2009-09-07,18.380399703979492,24.860000610351562,25.170000076293945,24.40999984741211,24.6200008392334,204196900
2009-09-14,18.676149368286133,25.260000228881836,25.479999542236328,24.639999389648438,24.649999618530273,248024500
2009-09-21,18.890565872192383,25.549999237060547,26.25,25.100000381469727,25.110000610351562,257317100
2009-09-28,18.4543399810791,24.959999084472656,26.15999984741211,24.43000030517578,25.600000381469727,274119500
2009-10-05,18.890565872192383,25.549999237060547,25.899999618530273,24.520000457763672,24.979999542236328,248114200
2009-10-12,19.59295654296875,26.5,26.709999084472656,25.520000457763672,25.65999984741211,234381300
2009-10-19,20.71678352355957,28.020000457763672,29.350000381469727,25.940000534057617,26.489999771118164,507781600
2009-10-26,20.502363204956055,27.729999542236328,29.020000457763672,27.65999984741211,28.1299991607666,405975200
2009-11-02,21.086454391479492,28.520000457763672,28.739999771118164,27.40999984741211,27.700000762939453,268212300
2009-11-09,21.907133102416992,29.6299991607666,29.790000915527344,28.530000686645508,28.6200008392334,281482500
2009-11-16,21.996549606323242,29.6200008392334,30.139999389648438,29.3700008392334,29.610000610351562,283824400
2009-11-23,21.699495315551758,29.219999313354492,30.010000228881836,28.75,29.84000015258789,140565500
2009-11-30,22.26388931274414,29.979999542236328,30.3700008392334,29.0,29.149999618530273,232290700
2009-12-07,22.167346954345703,29.850000381469727,30.079999923706055,29.25,29.780000686645508,209882600
2009-12-14,22.546091079711914,30.360000610351562,30.450000762939453,29.56999969482422,29.90999984741211,277671400
2009-12-21,23.02136993408203,31.0,31.0,30.3700008392334,30.399999618530273,115896700
2009-12-28,22.635202407836914,30.479999542236328,31.5,30.479999542236328,31.0,129036100
2010-01-04,22.768877029418945,30.65999984741211,31.100000381469727,30.190000534057617,30.6200008392334,248098200
2010-01-11,22.917400360107422,30.860000610351562,31.239999771118164,29.90999984741211,30.709999084472656,329671600
2010-01-18,21.506412506103516,28.959999084472656,31.239999771118164,28.84000015258789,30.75,276516500
2010-01-25,20.927173614501953,28.18000030517578,29.920000076293945,27.65999984741211,29.239999771118164,505364600
2010-02-01,20.808351516723633,28.020000457763672,28.790000915527344,27.56999969482422,28.389999389648438,360552800
2010-02-08,20.741514205932617,27.93000030517578,28.399999618530273,27.56999969482422,28.010000228881836,307718600
2010-02-15,21.465225219726562,28.770000457763672,29.030000686645508,28.020000457763672,28.1299991607666,185126800
2010-02-22,21.390613555908203,28.670000076293945,28.940000534057617,28.020000457763672,28.84000015258789,221245100
2010-03-01,21.330923080444336,28.59000015258789,29.299999237060547,28.239999771118164,28.770000457763672,284263800
2010-03-08,21.838275909423828,29.270000457763672,29.3799991607666,28.5,28.520000457763672,201627400
2010-03-15,22.0770263671875,29.59000015258789,29.899999618530273,29.010000228881836,29.18000030517578,249798500
2010-03-22,22.129255294799805,29.65999984741211,30.56999969482422,29.389999389648438,29.5,242496700
2010-03-29,21.756202697753906,29.15999984741211,29.860000610351562,28.6200008392334,29.709999084472656,206818900
2010-04-05,22.6365966796875,30.34000015258789,30.40999984741211,28.979999542236328,29.1299991607666,258483100
2010-04-12,22.882802963256836,30.670000076293945,31.0,30.1299991607666,30.25,288833100
2010-04-19,23.09917449951172,30.959999084472656,31.579999923706055,30.649999618530273,30.770000457763672,384127100
2010-04-26,22.785825729370117,30.540000915527344,31.43000030517578,30.520000457763672,31.0,312818100
2010-05-03,21.047407150268555,28.209999084472656,31.059999465942383,27.31999969482422,30.670000076293945,495240000
2010-05-10,21.584592819213867,28.93000030517578,29.729999542236328,28.56999969482422,29.010000228881836,306112300
2010-05-17,20.115617752075195,26.84000015258789,29.229999542236328,26.440000534057617,29.1200008392334,366078000
2010-05-24,19.3361759185791,25.799999237060547,26.860000610351562,24.559999465942383,26.850000381469727,552699900
2010-05-31,19.32868003845215,25.790000915527344,26.93000030517578,25.520000457763672,25.530000686645508,299540400
2010-06-07,19.231258392333984,25.65999984741211,25.829999923706055,24.649999618530273,25.81999969482422,402593800
2010-06-14,19.815832138061523,26.440000534057617,26.670000076293945,25.469999313354492,25.860000610351562,281383000
2010-06-21,18.38435935974121,24.530000686645508,26.889999389648438,24.309999465942383,26.780000686645508,413577000
2010-06-28,17.440027236938477,23.270000457763672,24.610000610351562,22.729999542236328,24.510000228881836,429441900
2010-07-05,18.189496994018555,24.270000457763672,24.6200008392334,23.579999923706055,23.700000762939453,258121500
2010-07-12,18.654172897338867,24.889999389648438,25.639999389648438,24.420000076293945,24.43000030517578,306590500
2010-07-19,19.34366798400879,25.809999465942383,26.020000457763672,24.700000762939453,24.959999084472656,338546300
2010-07-26,19.34366798400879,25.809999465942383,26.40999984741211,25.350000381469727,25.860000610351562,350607800
2010-08-02,19.1488094329834,25.549999237060547,26.3799991607666,25.020000457763672,25.989999771118164,311358400
2010-08-09,18.28692054748535,24.399999618530273,25.729999542236328,24.239999771118164,25.549999237060547,336605100
2010-08-16,18.256378173828125,24.229999542236328,24.959999084472656,24.200000762939453,24.360000610351562,244265900
2010-08-23,18.03034782409668,23.93000030517578,24.639999389648438,23.510000228881836,24.440000534057617,275615000
2010-08-30,18.301589965820312,24.290000915527344,24.450000762939453,23.31999969482422,23.739999771118164,289789800
2010-09-06,17.970067977905273,23.850000381469727,24.299999237060547,23.739999771118164,24.100000381469727,221754300
2010-09-13,19.002309799194336,25.219999313354492,25.530000686645508,24.09000015258789,24.200000762939453,372932600
2010-09-20,18.670791625976562,24.780000686645508,25.520000457763672,24.360000610351562,25.280000686645508,294964400
2010-09-27,18.36940574645996,24.3799991607666,24.989999771118164,24.299999237060547,24.850000381469727,267898400
2010-10-04,18.5125675201416,24.56999969482422,24.75,23.780000686645508,23.959999084472656,318209900
2010-10-11,19.24341583251953,25.540000915527344,25.549999237060547,24.43000030517578,24.739999771118164,273969700
2010-10-18,19.12286949157715,25.3799991607666,25.950000762939453,24.950000762939453,25.59000015258789,246635300
2010-10-25,20.094831466674805,26.670000076293945,27.200000762939453,25.059999465942383,25.239999771118164,379945600
2010-11-01,20.230453491210938,26.850000381469727,27.489999771118164,26.530000686645508,26.8799991607666,431122500
2010-11-08,19.7934513092041,26.270000457763672,28.8700008392334,26.100000381469727,26.68000030517578,309522000
2010-11-15,19.47537612915039,25.690000534057617,26.5,25.549999237060547,26.329999923706055,287370700
2010-11-22,19.14181900024414,25.25,25.739999771118164,25.09000015258789,25.649999618530273,201275400
2010-11-29,20.483631134033203,27.020000457763672,27.059999465942383,24.93000030517578,25.190000534057617,350390400
2010-12-06,20.726228713989258,27.34000015258789,27.399999618530273,26.760000228881836,26.93000030517578,220565600
2010-12-13,21.150754928588867,27.899999618530273,28.09000015258789,27.170000076293945,27.270000457763672,326785300
2010-12-20,21.453989028930664,28.299999237060547,28.399999618530273,27.68000030517578,27.950000762939453,158118800
2010-12-27,21.15833282470703,27.90999984741211,28.200000762939453,27.6299991607666,28.1200008392334,109735600
2011-01-03,21.681421279907227,28.600000381469727,28.850000381469727,27.770000457763672,28.049999237060547,328636400
2011-01-10,21.453989028930664,28.299999237060547,28.59000015258789,27.90999984741211,28.260000228881836,290269600
2011-01-17,21.241727828979492,28.020000457763672,28.739999771118164,28.020000457763672,28.15999984741211,220022500
2011-01-24,21.037038803100586,27.75,29.459999084472656,27.450000762939453,28.020000457763672,457301200
2011-01-31,21.05221176147461,27.770000457763672,28.110000610351562,27.420000076293945,27.770000457763672,274416000
2011-02-07,20.658000946044922,27.25,28.34000015258789,27.06999969482422,27.799999237060547,317402300
2011-02-14,20.635202407836914,27.059999465942383,27.3700008392334,26.600000381469727,27.209999084472656,297575700
2011-02-21,20.246294021606445,26.549999237060547,27.100000381469727,26.43000030517578,26.780000686645508,238623600
2011-02-28,19.78875160217285,25.950000762939453,26.860000610351562,25.799999237060547,26.690000534057617,298801800
2011-03-07,19.582855224609375,25.68000030517578,26.270000457763672,25.350000381469727,26.1299991607666,271774600
2011-03-14,18.91179084777832,24.799999237060547,25.760000228881836,24.68000030517578,25.489999771118164,379249800
2011-03-21,19.537113189697266,25.6200008392334,25.950000762939453,25.149999618530273,25.18000030517578,217469200
2011-03-28,19.43035125732422,25.479999542236328,25.719999313354492,25.299999237060547,25.65999984741211,258083900
2011-04-04,19.880271911621094,26.06999969482422,26.309999465942383,25.40999984741211,25.450000762939453,260688500
2011-04-11,19.346467971801758,25.3700008392334,26.25,25.09000015258789,26.190000534057617,229671700
2011-04-18,19.460851669311523,25.520000457763672,26.0,24.719999313354492,25.100000381469727,205438400
2011-04-25,19.765880584716797,25.920000076293945,26.8700008392334,25.34000015258789,25.559999465942383,554932000
2011-05-02,19.727752685546875,25.8700008392334,26.25,25.479999542236328,25.940000534057617,346603800
2011-05-09,19.08719253540039,25.030000686645508,25.959999084472656,24.950000762939453,25.799999237060547,382307400
2011-05-16,18.797813415527344,24.489999771118164,25.06999969482422,24.25,24.959999084472656,311399200
2011-05-23,19.005054473876953,24.760000228881836,25.030000686645508,24.030000686645508,24.209999084472656,263556100
2011-05-30,18.352619171142578,23.90999984741211,25.100000381469727,23.84000015258789,24.959999084472656,246415300
2011-06-06,18.1991024017334,23.709999084472656,24.25,23.690000534057617,23.889999389648438,230302200
2011-06-13,18.62126922607422,24.260000228881836,24.450000762939453,23.649999618530273,23.790000915527344,280381700
2011-06-20,18.65196990966797,24.299999237060547,24.860000610351562,24.15999984741211,24.170000076293945,309192000
2011-06-27,19.972190856933594,26.020000457763672,26.170000076293945,24.229999542236328,24.229999542236328,344568900
2011-07-04,20.663009643554688,26.920000076293945,26.979999542236328,25.899999618530273,26.100000381469727,196816700
2011-07-11,20.55554962158203,26.780000686645508,27.010000228881836,26.34000015258789,26.6200008392334,227695600
2011-07-18,21.1312198638916,27.530000686645508,27.639999389648438,26.260000228881836,26.6299991607666,339145900
2011-07-25,21.031442642211914,27.399999618530273,28.149999618530273,27.190000534057617,27.260000228881836,442763800
2011-08-01,19.711210250854492,25.68000030517578,27.690000534057617,25.229999542236328,27.510000228881836,395323900
2011-08-08,19.26602554321289,25.100000381469727,25.6200008392334,24.030000686645508,25.020000457763672,543823200
2011-08-15,18.57659339904785,24.049999237060547,25.700000762939453,23.90999984741211,25.239999771118164,344816700
2011-08-22,19.50348663330078,25.25,25.34000015258789,23.790000915527344,24.420000076293945,279870300
2011-08-29,19.92832374572754,25.799999237060547,26.860000610351562,25.3700008392334,25.530000686645508,259910600
2011-09-05,19.881977081298828,25.739999771118164,26.65999984741211,25.110000610351562,25.200000762939453,227231400
2011-09-12,20.947906494140625,27.1200008392334,27.270000457763672,25.270000457763672,25.440000534057617,328067400
2011-09-19,19.35672950744629,25.059999465942383,27.5,24.600000381469727,26.799999237060547,335333900
2011-09-26,19.225421905517578,24.889999389648438,26.3700008392334,24.729999542236328,25.190000534057617,284882300
2011-10-03,20.275903701782227,26.25,26.510000228881836,24.260000228881836,24.719999313354492,349992200
2011-10-10,21.06377410888672,27.270000457763672,27.5,26.469999313354492,26.579999923706055,227902500
2011-10-17,20.978801727294922,27.15999984741211,27.469999313354492,26.399999618530273,27.110000610351562,287742000
2011-10-24,20.83976936340332,26.979999542236328,27.399999618530273,26.100000381469727,27.059999465942383,305706800
2011-10-31,20.275903701782227,26.25,27.0,25.700000762939453,26.760000228881836,263900000
2011-11-07,20.785703659057617,26.90999984741211,27.200000762939453,26.059999465942383,26.209999084472656,223780500
2011-11-14,19.68926429748535,25.299999237060547,27.0,25.149999618530273,26.8799991607666,249939900
2011-11-21,18.911033630371094,24.299999237060547,25.25,24.299999237060547,25.239999771118164,186351300
2011-11-28,19.62700080871582,25.219999313354492,25.6299991607666,24.690000534057617,24.940000534057617,269873900
2011-12-05,20.000560760498047,25.700000762939453,25.8700008392334,25.34000015258789,25.780000686645508,279971400
2011-12-12,20.23402976989746,26.0,26.170000076293945,25.290000915527344,25.40999984741211,289075400
2011-12-19,20.257375717163086,26.030000686645508,26.190000534057617,25.440000534057617,26.020000457763672,236158300
2011-12-26,20.202898025512695,25.959999084472656,26.149999618530273,25.760000228881836,25.959999084472656,101122300
2012-01-02,21.8760986328125,28.110000610351562,28.190000534057617,26.389999389648438,26.549999237060547,300784500
2012-01-09,21.985050201416016,28.25,28.25,27.3700008392334,28.049999237060547,294870500
2012-01-16,23.121267318725586,29.709999084472656,29.739999771118164,27.969999313354492,28.399999618530273,377212300
2012-01-23,22.747716903686523,29.229999542236328,29.950000762939453,29.06999969482422,29.549999237060547,280303600
2012-01-30,23.533733367919922,30.239999771118164,30.399999618530273,28.829999923706055,28.969999313354492,263158900
2012-02-06,23.736066818237305,30.5,30.799999237060547,29.969999313354492,30.040000915527344,212028100
2012-02-13,24.47985076904297,31.25,31.549999237060547,29.850000381469727,30.6299991607666,301016700
2012-02-20,24.6600284576416,31.479999542236328,31.68000030517578,31.0,31.18000030517578,170693200
2012-02-27,25.130037307739258,32.08000183105469,32.439998626708984,31.100000381469727,31.239999771118164,263780900
2012-03-05,25.059539794921875,31.989999771118164,32.209999084472656,31.489999771118164,32.0099983215332,202889100
2012-03-12,25.537378311157227,32.599998474121094,32.95000076293945,31.81999969482422,31.969999313354492,239706900
2012-03-19,25.07520294189453,32.0099983215332,32.61000061035156,31.719999313354492,32.540000915527344,191946300
2012-03-26,25.271038055419922,32.2599983215332,32.70000076293945,31.809999465942383,32.189998626708984,183165900
2012-04-02,24.69135856628418,31.520000457763672,32.459999084472656,31.049999237060547,32.220001220703125,178430200
2012-04-09,24.135177612304688,30.809999465942383,31.399999618530273,30.229999542236328,31.219999313354492,206254900
2012-04-16,25.39636993408203,32.41999816894531,32.88999938964844,30.770000457763672,30.989999771118164,273865400
2012-04-23,25.05171012878418,31.979999542236328,32.52000045776367,31.829999923706055,32.310001373291016,246492000
2012-04-30,24.268348693847656,30.979999542236328,32.34000015258789,30.920000076293945,31.979999542236328,206343300
2012-05-07,24.40934944152832,31.15999984741211,31.540000915527344,30.100000381469727,30.700000762939453,232577500
2012-05-14,23.07925796508789,29.270000457763672,31.040000915527344,29.170000076293945,30.81999969482422,267124700
2012-05-21,22.913671493530273,29.059999465942383,29.8799991607666,28.639999389648438,29.100000381469727,225546000
2012-05-28,22.43269157409668,28.450000762939453,29.719999313354492,28.440000534057617,29.3799991607666,175112600
2012-06-04,23.378883361816406,29.649999618530273,29.700000762939453,28.31999969482422,28.6200008392334,220846100
2012-06-11,23.670623779296875,30.020000457763672,30.079999923706055,28.81999969482422,29.729999542236328,216457700
2012-06-18,24.206806182861328,30.700000762939453,31.139999389648438,29.709999084472656,29.989999771118164,264217500
2012-06-25,24.120073318481445,30.59000015258789,30.690000534057617,29.420000076293945,30.299999237060547,214975800
2012-07-02,23.804676055908203,30.190000534057617,30.780000686645508,29.950000762939453,30.6200008392334,118623900
2012-07-09,23.17387580871582,29.389999389648438,30.229999542236328,28.540000915527344,30.1200008392334,210008400
2012-07-16,23.749483108520508,30.1200008392334,31.049999237060547,29.040000915527344,29.479999542236328,213447200
2012-07-23,23.46562385559082,29.760000228881836,29.850000381469727,28.780000686645508,29.56999969482422,237998700
2012-07-30,23.457735061645508,29.75,29.940000534057617,28.969999313354492,29.75,173627600
2012-08-06,23.986026763916016,30.420000076293945,30.649999618530273,29.809999465942383,30.0,134463400
2012-08-13,24.525915145874023,30.899999618530273,30.940000534057617,30.010000228881836,30.350000381469727,150328600
2012-08-20,24.25604820251465,30.559999465942383,30.959999084472656,30.079999923706055,30.81999969482422,137296700
2012-08-27,24.462421417236328,30.81999969482422,30.959999084472656,30.219999313354492,30.93000030517578,142558000
2012-09-03,24.56560707092285,30.950000762939453,31.360000610351562,30.149999618530273,30.450000762939453,173227500
2012-09-10,24.771963119506836,31.209999084472656,31.25,30.399999618530273,30.829999923706055,194961700
2012-09-17,24.75609016418457,31.190000534057617,31.610000610351562,30.90999984741211,31.190000534057617,267795000
2012-09-24,23.62107276916504,29.760000228881836,31.06999969482422,29.739999771118164,31.0,257123500
2012-10-01,23.6925106048584,29.850000381469727,30.25,29.420000076293945,29.809999465942383,228806300
2012-10-08,23.176589965820312,29.200000762939453,29.920000076293945,28.799999237060547,29.639999389648438,210053400
2012-10-15,22.732105255126953,28.639999389648438,29.739999771118164,28.5,29.3700008392334,284095000
2012-10-22,22.39080047607422,28.209999084472656,28.829999923706055,27.760000228881836,28.729999542236328,312983500
2012-10-29,23.41470718383789,29.5,29.770000457763672,28.5,28.549999237060547,198643600
2012-11-05,22.882917404174805,28.829999923706055,30.200000762939453,28.799999237060547,29.6200008392334,232477100
2012-11-12,21.222393035888672,26.520000457763672,29.010000228881836,26.34000015258789,28.940000534057617,383926500
2012-11-19,22.166677474975586,27.700000762939453,27.770000457763672,26.459999084472656,26.799999237060547,228455700
2012-11-26,21.302419662475586,26.6200008392334,27.579999923706055,26.489999771118164,27.540000915527344,336477300
2012-12-03,21.17437171936035,26.459999084472656,26.979999542236328,26.260000228881836,26.780000686645508,256579500
2012-12-10,21.45446014404297,26.809999465942383,27.6200008392334,26.520000457763672,26.559999465942383,230437800
2012-12-17,21.96661949157715,27.450000762939453,27.729999542236328,26.68000030517578,26.790000915527344,297436700
2012-12-24,21.246395111083984,26.549999237060547,27.25,26.549999237060547,27.200000762939453,120107400
2012-12-31,21.39844512939453,26.739999771118164,27.729999542236328,26.3700008392334,26.59000015258789,196464300
2013-01-07,21.470460891723633,26.829999923706055,26.979999542236328,26.280000686645508,26.770000457763672,257804800
2013-01-14,21.80657196044922,27.25,27.469999313354492,26.760000228881836,26.899999618530273,241499900
2013-01-21,22.31072425842285,27.8799991607666,28.229999542236328,27.0,27.299999237060547,292625300
2013-01-28,22.350730895996094,27.93000030517578,28.229999542236328,27.399999618530273,28.010000228881836,254975500
2013-02-04,22.04663848876953,27.549999237060547,28.020000457763672,27.100000381469727,27.8700008392334,199186800
2013-02-11,22.41474723815918,28.010000228881836,28.15999984741211,27.5,27.649999618530273,192268300
2013-02-18,22.39861297607422,27.760000228881836,28.200000762939453,27.229999542236328,27.8799991607666,163396000
2013-02-25,22.55191421508789,27.950000762939453,28.049999237060547,27.329999923706055,27.969999313354492,205019700
2013-03-04,22.592262268066406,28.0,28.540000915527344,27.700000762939453,27.850000381469727,197902700
2013-03-11,22.624536514282227,28.040000915527344,28.15999984741211,27.639999389648438,27.940000534057617,253601200
2013-03-18,22.79397964477539,28.25,28.489999771118164,27.809999465942383,27.8799991607666,195112900
2013-03-25,23.08445167541504,28.610000610351562,28.65999984741211,27.959999084472656,28.299999237060547,163479500
2013-04-01,23.157072067260742,28.700000762939453,28.950000762939453,28.110000610351562,28.639999389648438,188910900
2013-04-08,23.22968101501465,28.790000915527344,30.31999969482422,28.469999313354492,28.729999542236328,377419500
2013-04-15,24.020418167114258,29.770000457763672,30.239999771118164,28.5,28.649999618530273,318668200
2013-04-22,25.65028953552246,31.790000915527344,32.84000015258789,30.270000457763672,30.299999237060547,446477000
2013-04-29,27.021957397460938,33.4900016784668,33.52000045776367,31.770000457763672,31.799999237060547,281456600
2013-05-06,26.376466751098633,32.689998626708984,33.90999984741211,32.31999969482422,33.41999816894531,218465000
2013-05-13,28.332721710205078,34.869998931884766,34.869998931884766,32.54999923706055,32.61000061035156,259251200
2013-05-20,27.84520721435547,34.27000045776367,35.27000045776367,33.900001525878906,34.72999954223633,253047800
2013-05-27,28.357114791870117,34.900001525878906,35.279998779296875,34.40999984741211,34.41999816894531,193921000
2013-06-03,28.982749938964844,35.66999816894531,35.779998779296875,34.43000030517578,34.91999816894531,241183000
2013-06-10,27.950841903686523,34.400001525878906,35.650001525878906,34.25,35.5099983215332,211650600
2013-06-17,27.032690048217773,33.27000045776367,35.16999816894531,33.04999923706055,34.689998626708984,248935000
2013-06-24,28.064592361450195,34.540000915527344,34.790000915527344,32.56999969482422,32.939998626708984,243386900
2013-07-01,27.796463012695312,34.209999084472656,34.9900016784668,33.58000183105469,34.75,110765700
2013-07-08,28.982749938964844,35.66999816894531,35.77000045776367,33.97999954223633,34.349998474121094,176513700
2013-07-15,25.513263702392578,31.399999618530273,36.43000030517578,31.020000457763672,35.65999984741211,405781800
2013-07-22,25.6920223236084,31.6200008392334,32.189998626708984,31.209999084472656,31.700000762939453,299500800
2013-07-29,25.911405563354492,31.889999389648438,32.119998931884766,31.399999618530273,31.469999313354492,190326400
2013-08-05,26.56955337524414,32.70000076293945,33.06999969482422,31.25,31.899999618530273,191229200
2013-08-12,26.02035140991211,31.799999237060547,33.36000061035156,30.84000015258789,32.459999084472656,179681700
2013-08-19,28.434175491333008,34.75,35.20000076293945,31.3700008392334,31.760000228881836,344954900
2013-08-26,27.329561233520508,33.400001525878906,34.66999816894531,32.79999923706055,34.400001525878906,263641400
2013-09-02,25.488483428955078,31.149999618530273,32.06999969482422,30.950000762939453,31.75,443907400
2013-09-09,27.026792526245117,33.029998779296875,33.06999969482422,31.200000762939453,31.219999313354492,219356400
2013-09-16,26.830421447753906,32.790000915527344,33.68000030517578,32.689998626708984,33.380001068115234,346587600
2013-09-23,27.223180770874023,33.27000045776367,33.75,32.150001525878906,32.540000915527344,193270600
2013-09-30,27.722307205200195,33.880001068115234,34.029998779296875,32.70000076293945,33.0,195216900
2013-10-07,27.9268741607666,34.130001068115234,34.13999938964844,32.79999923706055,33.599998474121094,184873900
2013-10-14,28.606019973754883,34.959999084472656,34.9900016784668,33.779998779296875,33.900001525878906,183138200
2013-10-21,29.236066818237305,35.72999954223633,36.290000915527344,33.56999969482422,34.97999954223633,293176200
2013-10-28,29.072420120239258,35.529998779296875,35.790000915527344,35.2599983215332,35.61000061035156,189030400
2013-11-04,30.913488388061523,37.779998779296875,38.220001220703125,35.54999923706055,35.59000015258789,265866600
2013-11-11,30.962583541870117,37.84000015258789,38.15999984741211,36.900001525878906,37.689998626708984,200266700
2013-11-18,30.974802017211914,37.56999969482422,37.68000030517578,36.66999816894531,37.349998474121094,180829100
2013-11-25,31.436492919921875,38.130001068115234,38.290000915527344,37.349998474121094,37.93000030517578,113204600
2013-12-02,31.62611198425293,38.36000061035156,38.97999954223633,37.18000030517578,38.09000015258789,299806100
2013-12-09,30.249267578125,36.689998626708984,38.900001525878906,36.619998931884766,38.560001373291016,184046900
2013-12-16,30.33995819091797,36.79999923706055,37.11000061035156,35.529998779296875,36.72999954223633,237423200
2013-12-23,30.743947982788086,37.290000915527344,37.619998931884766,36.54999923706055,36.810001373291016,71547500
2013-12-30,30.430646896362305,36.90999984741211,37.58000183105469,36.599998474121094,37.220001220703125,95561000
2014-01-06,29.713367462158203,36.040000915527344,36.88999938964844,35.400001525878906,36.849998474121094,216443300
2014-01-13,29.99370765686035,36.380001068115234,37.0,34.630001068115234,35.9900016784668,216624000
2014-01-20,30.34820556640625,36.810001373291016,37.54999923706055,35.52000045776367,36.81999969482422,173821100
2014-01-27,31.19740104675293,37.84000015258789,37.88999938964844,35.75,36.869998931884766,261570800
2014-02-03,30.14208984375,36.560001373291016,37.9900016784668,35.689998626708984,37.7400016784668,243187700
2014-02-10,31.01602554321289,37.619998931884766,37.86000061035156,36.290000915527344,36.630001068115234,155003200
2014-02-17,31.54763412475586,37.97999954223633,38.349998474121094,37.209999084472656,37.630001068115234,128131800
2014-02-24,31.821735382080078,38.310001373291016,38.459999084472656,37.189998626708984,37.689998626708984,178981800
2014-03-03,31.48118019104004,37.900001525878906,38.47999954223633,37.4900016784668,37.91999816894531,127213800
2014-03-10,31.315044403076172,37.70000076293945,38.45000076293945,37.5099983215332,37.9900016784668,134082400
2014-03-17,33.35841369628906,40.15999984741211,40.939998626708984,37.790000915527344,37.900001525878906,260132300
2014-03-24,33.47469711303711,40.29999923706055,40.9900016784668,39.34000015258789,40.34000015258789,210110900
2014-03-31,33.117530822753906,39.869998931884766,41.65999984741211,39.63999938964844,40.43000030517578,189707200
2014-04-07,32.56930923461914,39.209999084472656,40.689998626708984,39.0,39.959999084472656,181167900
2014-04-14,33.23381423950195,40.0099983215332,40.41999816894531,38.900001525878906,39.11000061035156,133279500
2014-04-21,33.150760650634766,39.90999984741211,40.68000030517578,39.29999923706055,40.130001068115234,173139100
2014-04-28,32.968021392822266,39.689998626708984,41.290000915527344,39.65999984741211,40.13999938964844,187909100
2014-05-05,32.843421936035156,39.540000915527344,39.900001525878906,38.5099983215332,39.52000045776367,153085800
2014-05-12,33.317710876464844,39.83000183105469,40.5,39.27000045776367,39.7400016784668,136266400
2014-05-19,33.56029510498047,40.119998931884766,40.369998931884766,39.459999084472656,39.61000061035156,106478800
2014-05-26,34.2462158203125,40.939998626708984,40.970001220703125,39.810001373291016,40.2599983215332,106327900
2014-06-02,34.69791793823242,41.47999954223633,41.65999984741211,39.86000061035156,40.95000076293945,115707900
2014-06-09,34.488800048828125,41.22999954223633,41.56999969482422,40.290000915527344,41.38999938964844,104305800
2014-06-16,34.8652229309082,41.68000030517578,41.90999984741211,40.34000015258789,41.040000915527344,141414000
2014-06-23,35.342041015625,42.25,42.290000915527344,41.43000030517578,41.72999954223633,163546500
2014-06-30,34.96559524536133,41.79999923706055,42.209999084472656,41.529998779296875,42.16999816894531,93887500
2014-07-07,35.208187103271484,42.09000015258789,42.119998931884766,41.04999923706055,41.75,117554200
2014-07-14,37.38309097290039,44.689998626708984,45.709999084472656,42.029998779296875,42.220001220703125,239535600
2014-07-21,37.22412872314453,44.5,45.45000076293945,44.220001220703125,44.560001373291016,190526100
2014-07-28,35.852298736572266,42.86000061035156,44.5099983215332,42.599998474121094,44.36000061035156,152076500
2014-08-04,36.13670349121094,43.20000076293945,43.470001220703125,42.209999084472656,42.970001220703125,144435400
2014-08-11,37.46673583984375,44.790000915527344,44.900001525878906,43.0,43.2599983215332,125596700
2014-08-18,38.00375747680664,45.150001525878906,45.470001220703125,44.68000030517578,44.939998626708984,120381100
2014-08-25,38.23944854736328,45.43000030517578,45.439998626708984,44.61000061035156,45.400001525878906,92336200
2014-09-01,38.64347839355469,45.90999984741211,45.93000030517578,44.529998779296875,45.43000030517578,120076200
2014-09-08,39.308441162109375,46.70000076293945,47.02000045776367,45.9900016784668,46.02000045776367,180802600
2014-09-15,39.99864959716797,47.52000045776367,47.56999969482422,46.099998474121094,46.540000915527344,341969100
2014-09-22,39.064334869384766,46.40999984741211,47.380001068115234,45.7599983215332,47.29999923706055,158855300
2014-09-29,38.79499053955078,46.09000015258789,46.560001373291016,45.61000061035156,45.97999954223633,154785100
2014-10-06,37.06101989746094,44.029998779296875,46.88999938964844,43.95000076293945,46.119998931884766,165759600
2014-10-13,36.72434997558594,43.630001068115234,44.560001373291016,42.099998474121094,43.81999969482422,225158300
2014-10-20,38.828651428222656,46.130001068115234,46.900001525878906,42.810001373291016,43.060001373291016,211061200
2014-10-27,39.51887512207031,46.95000076293945,46.970001220703125,45.709999084472656,45.709999084472656,155620800
2014-11-03,40.97504806518555,48.68000030517578,48.91999816894531,46.72999954223633,46.88999938964844,128149200
2014-11-10,41.73258972167969,49.58000183105469,50.04999923706055,48.52000045776367,48.650001525878906,137829500
2014-11-17,40.640560150146484,47.97999954223633,49.709999084472656,47.56999969482422,49.40999984741211,144887000
2014-11-24,40.49656295776367,47.810001373291016,48.20000076293945,47.279998779296875,47.9900016784668,112140200
2014-12-01,41.01325607299805,48.41999816894531,49.060001373291016,47.709999084472656,47.880001068115234,138133700
2014-12-08,39.76811981201172,46.95000076293945,48.349998474121094,46.66999816894531,48.2599983215332,144734200
2014-12-15,40.36951446533203,47.65999984741211,48.099998474121094,44.900001525878906,47.20000076293945,216676900
2014-12-22,40.55585861206055,47.880001068115234,48.79999923706055,47.709999084472656,47.779998779296875,74849700
2014-12-29,39.607177734375,46.7599983215332,47.779998779296875,46.45000076293945,47.70000076293945,80290600
2015-01-05,39.97138977050781,47.189998626708984,47.81999969482422,45.4900016784668,46.369998931884766,158825300
2015-01-12,39.16672897338867,46.2400016784668,47.90999984741211,45.16999816894531,47.41999816894531,157088200
2015-01-19,39.96293258666992,47.18000030517578,47.38999938964844,45.47999954223633,46.29999923706055,137352600
2015-01-26,34.22005844116211,40.400001525878906,47.130001068115234,40.349998474121094,47.0,437786800
2015-02-02,35.92259979248047,42.40999984741211,42.790000915527344,40.22999954223633,40.59000015258789,215214500
2015-02-09,37.15926742553711,43.869998931884766,43.869998931884766,42.18000030517578,42.2400016784668,172848000
2015-02-16,37.41517639160156,43.86000061035156,44.0,43.04999923706055,43.970001220703125,118131900
2015-02-23,37.406654357910156,43.849998474121094,44.29999923706055,43.650001525878906,43.70000076293945,150315300
2015-03-02,36.135597229003906,42.36000061035156,44.189998626708984,42.150001525878906,43.66999816894531,148863600
2015-03-09,35.299591064453125,41.380001068115234,43.130001068115234,40.61000061035156,42.189998626708984,221483200
2015-03-16,36.57917404174805,42.880001068115234,42.97999954223633,41.150001525878906,41.470001220703125,216925300
2015-03-23,34.9498405456543,40.970001220703125,43.16999816894531,40.83000183105469,42.880001068115234,167126300
2015-03-30,34.36975860595703,40.290000915527344,41.540000915527344,40.119998931884766,41.099998474121094,144289700
2015-04-06,35.589637756347656,41.720001220703125,41.95000076293945,40.18000030517578,40.34000015258789,146532400
2015-04-13,35.50431823730469,41.619998931884766,42.459999084472656,41.15999984741211,41.400001525878906,146762000
2015-04-20,40.835941314697266,47.869998931884766,48.13999938964844,41.68000030517578,41.72999954223633,274379000
2015-04-27,41.509864807128906,48.65999984741211,49.540000915527344,47.220001220703125,47.22999954223633,271446400
2015-05-04,40.73358154296875,47.75,48.869998931884766,46.02000045776367,48.369998931884766,205178300
2015-05-11,41.202762603759766,48.29999923706055,48.90999984741211,46.41999816894531,47.54999923706055,150345900
2015-05-18,40.26848220825195,46.900001525878906,48.220001220703125,46.81999969482422,47.97999954223633,125890500
2015-05-25,40.23414611816406,46.86000061035156,48.02000045776367,46.189998626708984,46.83000183105469,112720800
2015-06-01,39.61594772338867,46.13999938964844,47.77000045776367,45.84000015258789,47.060001373291016,131521400
2015-06-08,39.470001220703125,45.970001220703125,46.91999816894531,45.459999084472656,46.29999923706055,126223900
2015-06-15,39.58159637451172,46.099998474121094,46.83000183105469,45.02000045776367,45.45000076293945,185524200
2015-06-22,38.86037826538086,45.2599983215332,46.720001220703125,45.029998779296875,46.33000183105469,151556800
2015-06-29,38.12198257446289,44.400001525878906,45.22999954223633,43.939998626708984,45.040000915527344,120123000
2015-07-06,38.302284240722656,44.61000061035156,45.220001220703125,43.31999969482422,43.959999084472656,157146200
2015-07-13,40.028079986572266,46.619998931884766,46.779998779296875,44.95000076293945,44.97999954223633,133427000
2015-07-20,39.444236755371094,45.939998626708984,47.33000183105469,45.099998474121094,46.650001525878906,198833400
2015-07-27,40.09677505493164,46.70000076293945,47.400001525878906,44.790000915527344,45.939998626708984,185955600
2015-08-03,40.1311149597168,46.7400016784668,48.40999984741211,46.2599983215332,46.97999954223633,131020500
2015-08-10,40.35434341430664,47.0,47.4900016784668,45.709999084472656,46.95000076293945,126599300
2015-08-17,37.22390365600586,43.06999969482422,47.45000076293945,43.06999969482422,46.810001373291016,182450600
2015-08-24,37.967166900634766,43.93000030517578,44.150001525878906,39.720001220703125,40.45000076293945,301968200
2015-08-31,36.82633972167969,42.61000061035156,43.97999954223633,41.65999984741211,43.560001373291016,187226100
2015-09-07,37.578250885009766,43.47999954223633,44.400001525878906,42.75,43.29999923706055,124438400
2015-09-14,37.578250885009766,43.47999954223633,45.0,42.86000061035156,43.43000030517578,171822300
2015-09-21,37.97580337524414,43.939998626708984,44.72999954223633,43.27000045776367,43.619998931884766,128698500
2015-09-28,39.384552001953125,45.56999969482422,45.56999969482422,43.04999923706055,43.83000183105469,165833200
2015-10-05,40.71553039550781,47.11000061035156,47.540000915527344,45.70000076293945,45.75,151471300
2015-10-12,41.061222076416016,47.5099983215332,47.540000915527344,46.5,46.97999954223633,118094400
2015-10-19,45.693687438964844,52.869998931884766,54.06999969482422,47.02000045776367,47.41999816894531,277198300
2015-10-26,45.49490737915039,52.63999938964844,54.369998931884766,52.5,52.529998779296875,239455900
2015-11-02,47.4654426574707,54.91999816894531,54.97999954223633,52.619998931884766,52.849998474121094,168289400
2015-11-09,45.66777038574219,52.84000015258789,54.869998931884766,52.529998779296875,54.54999923706055,196522400
2015-11-16,47.150203704833984,54.189998626708984,54.65999984741211,52.849998474121094,53.08000183105469,158723300
2015-11-23,46.92397689819336,53.93000030517578,54.459999084472656,53.58000183105469,54.25,82850100
2015-11-30,48.64676284790039,55.90999984741211,56.22999954223633,53.93000030517578,54.540000915527344,226060600
2015-12-07,47.0370979309082,54.060001373291016,56.099998474121094,54.0099983215332,55.790000915527344,171286300
2015-12-14,47.09799575805664,54.130001068115234,56.790000915527344,53.68000030517578,54.33000183105469,250080300
2015-12-21,48.43794250488281,55.66999816894531,55.959999084472656,54.22999954223633,54.880001068115234,102406800
2015-12-28,48.272621154785156,55.47999954223633,56.849998474121094,54.97999954223633,55.349998474121094,99228300
2016-01-04,45.531837463378906,52.33000183105469,55.38999938964844,52.06999969482422,54.31999969482422,232695500
2016-01-11,44.36592102050781,50.9900016784668,54.06999969482422,50.34000015258789,52.5099983215332,264125500
2016-01-18,45.497032165527344,52.290000915527344,52.33000183105469,49.099998474121094,51.47999954223633,184584500
2016-01-25,47.93328857421875,55.09000015258789,55.09000015258789,51.02000045776367,51.939998626708984,246509200
2016-02-01,43.64373016357422,50.15999984741211,55.09000015258789,49.560001373291016,54.880001068115234,267078200
2016-02-08,43.9395751953125,50.5,50.68000030517578,48.189998626708984,49.54999923706055,227389900
2016-02-15,45.41181182861328,51.81999969482422,52.95000076293945,50.130001068115234,50.900001525878906,138815300
2016-02-22,44.95613098144531,51.29999923706055,53.0,50.20000076293945,52.279998779296875,149833500
2016-02-29,45.59584045410156,52.029998779296875,52.970001220703125,50.65999984741211,51.349998474121094,151430400
2016-03-07,46.50723648071289,53.06999969482422,53.06999969482422,50.58000183105469,51.560001373291016,171158000
2016-03-14,46.875308990478516,53.4900016784668,55.0,52.630001068115234,52.709999084472656,172729500
2016-03-21,47.506263732910156,54.209999084472656,54.33000183105469,52.93000030517578,53.25,87128800
2016-03-28,48.69808578491211,55.56999969482422,55.63999938964844,53.33000183105469,54.209999084472656,114717400
2016-04-04,47.6903076171875,54.41999816894531,55.65999984741211,54.209999084472656,55.43000030517578,100782100
2016-04-11,48.76819610595703,55.650001525878906,55.91999816894531,53.7599983215332,54.4900016784668,116847400
2016-04-18,45.376773834228516,51.779998779296875,56.77000045776367,50.77000045776367,55.4900016784668,255321700
2016-04-25,43.70295715332031,49.869998931884766,52.349998474121094,49.349998474121094,51.779998779296875,201675300
2016-05-02,44.158668518066406,50.38999938964844,50.75,49.459999084472656,50.0,134010300
2016-05-09,44.763336181640625,51.08000183105469,51.900001525878906,50.0,50.4900016784668,111576800
2016-05-16,44.67049026489258,50.619998931884766,51.959999084472656,49.81999969482422,50.79999923706055,120491200
2016-05-23,46.17068099975586,52.31999969482422,52.4900016784668,49.97999954223633,50.599998474121094,126973400
2016-05-30,45.70296859741211,51.790000915527344,53.0,51.599998474121094,52.2599983215332,109187000
2016-06-06,45.42940139770508,51.47999954223633,52.72999954223633,51.040000915527344,51.9900016784668,106398400
2016-06-13,44.23807144165039,50.130001068115234,50.720001220703125,49.060001373291016,49.58000183105469,236451600
2016-06-20,43.97334289550781,49.83000183105469,52.060001373291016,49.52000045776367,50.63999938964844,261054300
2016-06-27,45.14701843261719,51.15999984741211,51.720001220703125,48.040000915527344,49.099998474121094,169589200
2016-07-04,46.15303421020508,52.29999923706055,52.36000061035156,50.38999938964844,50.83000183105469,100950100
2016-07-11,47.38849639892578,53.70000076293945,54.0,52.470001220703125,52.5,131513500
2016-07-18,49.92115783691406,56.56999969482422,56.84000015258789,52.93000030517578,53.70000076293945,239597600
2016-07-25,50.01823043823242,56.68000030517578,57.290000915527344,55.720001220703125,56.470001220703125,154126200
2016-08-01,51.14779281616211,57.959999084472656,58.209999084472656,56.13999938964844,56.599998474121094,139123900
2016-08-08,51.130149841308594,57.939998626708984,58.5,57.619998931884766,58.060001373291016,91968600
2016-08-15,51.164676666259766,57.619998931884766,58.5,57.20000076293945,58.0099983215332,90149100
2016-08-22,51.528743743896484,58.029998779296875,58.70000076293945,57.2599983215332,57.599998474121094,91629600
2016-08-29,51.209075927734375,57.66999816894531,58.599998474121094,57.0099983215332,58.18000030517578,99183600
2016-09-05,49.91263198852539,56.209999084472656,57.84000015258789,56.209999084472656,57.779998779296875,89031800
2016-09-12,50.83612823486328,57.25,57.630001068115234,55.61000061035156,56.0,154949700
2016-09-19,50.9959602355957,57.43000030517578,58.0,56.75,57.27000045776367,111805900
2016-09-26,51.14691162109375,57.599998474121094,58.16999816894531,56.68000030517578,57.08000183105469,125664500
2016-10-03,51.32450485229492,57.79999923706055,57.97999954223633,56.970001220703125,57.40999984741211,92303400
2016-10-10,50.98707580566406,57.41999816894531,58.38999938964844,56.31999969482422,57.90999984741211,119587600
2016-10-17,52.97611999511719,59.65999984741211,60.45000076293945,56.65999984741211,57.36000061035156,195345700
2016-10-24,53.1626091003418,59.869998931884766,61.369998931884766,59.58000183105469,59.939998626708984,181170400
2016-10-31,52.13256072998047,58.709999084472656,60.41999816894531,58.52000045776367,60.15999984741211,123412100
2016-11-07,52.40782928466797,59.02000045776367,60.779998779296875,57.630001068115234,59.779998779296875,200822900
2016-11-14,53.95083999633789,60.349998474121094,61.13999938964844,57.279998779296875,59.02000045776367,164384000
2016-11-21,54.11176681518555,60.529998779296875,61.2599983215332,60.130001068115234,60.5,73117800
2016-11-28,52.96749496459961,59.25,61.40999984741211,58.79999923706055,60.34000015258789,137812500
2016-12-05,55.399078369140625,61.970001220703125,61.9900016784668,59.560001373291016,59.70000076293945,122838900
2016-12-12,55.694087982177734,62.29999923706055,63.45000076293945,61.720001220703125,61.81999969482422,156392700
2016-12-19,56.53440856933594,63.2400016784668,64.0999984741211,62.41999816894531,62.560001373291016,112043300
2016-12-26,55.55104064941406,62.13999938964844,64.06999969482422,62.029998779296875,63.209999084472656,62247000
2017-01-02,56.17683029174805,62.84000015258789,63.150001525878906,62.029998779296875,62.790000915527344,86833000
2017-01-09,56.051666259765625,62.70000076293945,63.400001525878906,61.95000076293945,62.7599983215332,100883500
2017-01-16,56.08742904663086,62.7400016784668,62.97999954223633,62.029998779296875,62.68000030517578,88999300
2017-01-23,58.805084228515625,65.77999877929688,65.91000366210938,62.56999969482422,62.70000076293945,159815800
2017-01-30,56.92776107788086,63.68000030517578,65.79000091552734,62.75,65.69000244140625,172722200
2017-02-06,57.21382522583008,64.0,64.44000244140625,63.13999938964844,63.5,98985100
2017-02-13,58.118309020996094,64.62000274658203,65.23999786376953,64.0199966430664,64.23999786376953,104828800
2017-02-20,58.118309020996094,64.62000274658203,64.94999694824219,64.05000305175781,64.61000061035156,82018500
2017-02-27,57.7855339050293,64.25,64.98999786376953,63.619998931884766,64.54000091552734,108724300
2017-03-06,58.39710998535156,64.93000030517578,65.26000213623047,63.810001373291016,63.970001220703125,98167200
2017-03-13,58.343143463134766,64.87000274658203,65.23999786376953,64.1500015258789,65.01000213623047,129108000
2017-03-20,58.442073822021484,64.9800033569336,65.5,64.12000274658203,64.91000366210938,103804900
2017-03-27,59.23353576660156,65.86000061035156,66.19000244140625,64.3499984741211,64.62999725341797,88476600
2017-04-03,59.07164764404297,65.68000030517578,66.3499984741211,65.19000244140625,65.80999755859375,87058900
2017-04-10,58.415096282958984,64.94999694824219,65.86000061035156,64.8499984741211,65.61000061035156,71749200
2017-04-17,59.71920394897461,66.4000015258789,66.69999694824219,64.88999938964844,65.04000091552734,113659800
2017-04-24,61.57195281982422,68.45999908447266,69.13999938964844,67.0999984741211,67.4800033569336,160723300
2017-05-01,62.05758285522461,69.0,69.70999908447266,68.48999786376953,68.68000030517578,125666700
2017-05-08,61.499977111816406,68.37999725341797,69.55999755859375,68.04000091552734,68.97000122070312,106905800
2017-05-15,61.228370666503906,67.69000244140625,69.44000244140625,67.13999938964844,68.13999938964844,149197500
2017-05-22,63.28168869018555,69.95999908447266,70.22000122070312,67.5,67.88999938964844,87939300
2017-05-29,64.90984344482422,71.76000213623047,71.86000061035156,69.44999694824219,69.79000091552734,103883100
2017-06-05,63.607322692871094,70.31999969482422,72.88999938964844,68.58999633789062,71.97000122070312,160905400
2017-06-12,63.31786346435547,70.0,71.0999984741211,68.12999725341797,69.25,172944800
2017-06-19,64.412353515625,71.20999908447266,71.25,69.70999908447266,70.5,115784600
2017-06-26,62.3499870300293,68.93000030517578,71.70999908447266,68.08999633789062,71.4000015258789,123708100
2017-07-03,62.82942581176758,69.45999908447266,69.83999633789062,68.0199966430664,69.33000183105469,75337700
2017-07-10,65.83247375488281,72.77999877929688,73.2699966430664,69.19999694824219,69.45999908447266,96363300
2017-07-17,66.7460708618164,73.79000091552734,74.30000305175781,72.66000366210938,72.80000305175781,159733500
2017-07-24,66.06765747070312,73.04000091552734,74.41999816894531,72.31999969482422,73.52999877929688,114816600
2017-07-31,65.7420425415039,72.68000030517578,73.44000244140625,71.44000244140625,73.30000305175781,113025000
2017-08-07,65.5792007446289,72.5,73.12999725341797,71.27999877929688,72.80000305175781,109141900
2017-08-14,65.91950988769531,72.48999786376953,74.0999984741211,71.93000030517578,73.05999755859375,99167400
2017-08-21,66.2196044921875,72.81999969482422,73.3499984741211,71.69999694824219,72.47000122070312,75737600
2017-08-28,67.23809051513672,73.94000244140625,74.95999908447266,72.05000305175781,73.05999755859375,92334900
2017-09-04,67.27445220947266,73.9800033569336,74.5999984741211,72.9800033569336,73.33999633789062,70266800
2017-09-11,68.4839096069336,75.30999755859375,75.48999786376953,74.06999969482422,74.30999755859375,99998400
2017-09-18,67.66548919677734,74.41000366210938,75.97000122070312,73.8499984741211,75.2300033569336,94285700
2017-09-25,67.73824310302734,74.48999786376953,74.54000091552734,72.91999816894531,74.08999633789062,89696800
2017-10-02,69.11140441894531,76.0,76.12000274658203,73.70999908447266,74.70999908447266,75968000
2017-10-09,70.46631622314453,77.48999786376953,77.87000274658203,75.86000061035156,75.97000122070312,72932100
2017-10-16,71.66667175292969,78.80999755859375,78.97000122070312,77.25,77.41999816894531,80464000
2017-10-23,76.21347045898438,83.80999755859375,86.19999694824219,78.01000213623047,78.98999786376953,161742600
2017-10-30,76.5135726928711,84.13999938964844,84.54000091552734,82.87999725341797,83.69999694824219,122777100
2017-11-06,76.26802825927734,83.87000274658203,84.9000015258789,82.9000015258789,84.19999694824219,96411000
2017-11-13,75.30758666992188,82.4000015258789,84.0999984741211,82.23999786376953,83.66000366210938,95423100
2017-11-20,76.09357452392578,83.26000213623047,83.9000015258789,82.25,82.4000015258789,65531200
2017-11-27,77.00749206542969,84.26000213623047,85.05999755859375,83.18000030517578,83.30999755859375,130159000
2017-12-04,76.91609954833984,84.16000366210938,84.58000183105469,80.69999694824219,84.41999816894531,139082900
2017-12-11,79.37456512451172,86.8499984741211,87.08999633789062,84.12000274658203,84.29000091552734,142087400
2017-12-18,78.14989471435547,85.51000213623047,87.5,84.70999908447266,87.12000274658203,101620000
2017-12-25,78.17733001708984,85.54000091552734,86.05000305175781,85.02999877929688,85.30999755859375,53880900
2018-01-01,80.59923553466797,88.19000244140625,88.41000366210938,85.5,86.12999725341797,93864300
2018-01-08,81.88789367675781,89.5999984741211,89.77999877929688,87.23999786376953,88.19999694824219,102329900
2018-01-15,82.25342559814453,90.0,90.79000091552734,88.01000213623047,90.0999984741211,123255600
2018-01-22,85.96395874023438,94.05999755859375,94.05999755859375,89.73999786376953,90.0,135847300
2018-01-29,83.88024139404297,91.77999877929688,96.06999969482422,91.5,95.13999938964844,214057000
2018-02-05,80.59010314941406,88.18000030517578,93.23999786376953,83.83000183105469,90.55999755859375,279265500
2018-02-12,84.47625732421875,92.0,93.5,87.80000305175781,88.73999786376953,155509700
2018-02-19,86.3677978515625,94.05999755859375,94.06999969482422,91.01000213623047,91.4800033569336,108556200
2018-02-26,85.44039916992188,93.05000305175781,95.83999633789062,90.86000061035156,94.4000015258789,157202200
2018-03-05,88.64498138427734,96.54000091552734,96.54000091552734,92.26000213623047,92.33999633789062,135618600
2018-03-12,86.8636245727539,94.5999984741211,97.23999786376953,92.83000183105469,96.5,170285800
2018-03-19,80.05045318603516,87.18000030517578,94.05000305175781,87.08000183105469,93.73999786376953,163550000
2018-03-26,83.80594635009766,91.2699966430664,95.13999938964844,88.4000015258789,90.61000061035156,211334400
2018-04-02,82.85100555419922,90.2300033569336,93.06999969482422,87.51000213623047,90.47000122070312,189087100
2018-04-09,85.46793365478516,93.08000183105469,94.18000030517578,90.62000274658203,91.04000091552734,133323000
2018-04-16,87.23091125488281,95.0,97.06999969482422,93.41999816894531,94.06999969482422,122809300
2018-04-23,87.9838638305664,95.81999969482422,97.9000015258789,90.27999877929688,95.73999786376953,181387700
2018-04-30,87.37782287597656,95.16000366210938,96.4000015258789,92.44999694824219,96.33000183105469,154077300
2018-05-07,89.7101058959961,97.69999694824219,97.94999694824219,95.05000305175781,95.16999816894531,114220400
2018-05-14,88.86322784423828,96.36000061035156,98.69000244140625,95.83000183105469,97.91999816894531,96545300
2018-05-21,90.7076187133789,98.36000061035156,98.9800033569336,96.31999969482422,97.0,101128100
2018-05-28,92.94855499267578,100.79000091552734,100.86000061035156,97.2300033569336,97.83999633789062,113626000
2018-06-04,93.72319030761719,101.62999725341797,102.69000244140625,100.37999725341797,101.26000213623047,122316200
2018-06-11,92.33989715576172,100.12999725341797,102.02999877929688,100.06999969482422,101.01000213623047,162739400
2018-06-18,92.59811401367188,100.41000366210938,102.5199966430664,99.41999816894531,100.01000213623047,140541200
2018-06-25,90.93819427490234,98.61000061035156,100.11000061035156,97.26000213623047,100.0,148332800
2018-07-02,93.28975677490234,101.16000366210938,101.43000030517578,98.0,98.0999984741211,72446800
2018-07-09,97.2275619506836,105.43000030517578,105.5999984741211,101.0999984741211,101.6500015258789,106120800
2018-07-16,98.00220489501953,106.2699966430664,108.19999694824219,103.88999938964844,105.4000015258789,173358100
2018-07-23,99.30252838134766,107.68000030517578,111.1500015258789,106.12999725341797,106.30000305175781,155103100
2018-07-30,99.63449096679688,108.04000091552734,108.08999633789062,104.76000213623047,107.19000244140625,130716100
2018-08-06,100.51982879638672,109.0,110.16000366210938,107.55999755859375,108.12000274658203,83694500
2018-08-13,99.59207916259766,107.58000183105469,109.75,106.69000244140625,109.23999786376953,104689400
2018-08-20,100.35118865966797,108.4000015258789,108.55999755859375,105.77999877929688,107.51000213623047,94198400
2018-08-27,103.98939514160156,112.33000183105469,112.77999877929688,108.51000213623047,109.2699966430664,105653200
2018-09-03,100.1753158569336,108.20999908447266,111.95999908447266,107.2300033569336,110.8499984741211,101483200
2018-09-10,104.9521713256836,113.37000274658203,113.7300033569336,108.36000061035156,108.83999633789062,109098700
2018-09-17,105.77609252929688,114.26000213623047,115.29000091552734,111.04000091552734,113.69000244140625,159580000
2018-09-24,105.87789916992188,114.37000274658203,115.0999984741211,112.22000122070312,113.02999877929688,110093600
2018-10-01,103.8042221069336,112.12999725341797,116.18000030517578,110.63999938964844,114.75,120208900
2018-10-08,101.43431091308594,109.56999969482422,113.08000183105469,104.19999694824219,111.66000366210938,228861900
2018-10-15,100.5918960571289,108.66000366210938,111.80999755859375,106.94999694824219,108.91000366210938,155518200
2018-10-22,99.01814270019531,106.95999908447266,110.54000091552734,101.58999633789062,109.31999969482422,251383700
2018-10-29,98.27751922607422,106.16000366210938,108.69999694824219,100.11000061035156,108.11000061035156,242639700
2018-11-05,101.43431091308594,109.56999969482422,112.23999786376953,105.9000015258789,106.37000274658203,147847300
2018-11-12,100.68241882324219,108.29000091552734,109.95999908447266,103.91000366210938,109.41999816894531,180498800
2018-11-19,95.82914733886719,103.06999969482422,108.55999755859375,99.3499984741211,108.2699966430664,150780100
2018-11-26,103.09980010986328,110.88999938964844,111.33000183105469,104.58000183105469,104.79000091552734,170038000
2018-12-03,97.4561996459961,104.81999969482422,113.41999816894531,104.30000305175781,113.0,174082100
2018-12-10,98.58121490478516,106.02999877929688,111.2699966430664,103.88999938964844,104.80000305175781,197742900
2018-12-17,91.32917785644531,98.2300033569336,106.87999725341797,97.45999908447266,105.41000366210938,356051000
2018-12-24,93.33744049072266,100.38999938964844,102.41000366210938,93.95999908447266,97.68000030517578,183264800
2018-12-31,94.76924896240234,101.93000030517578,102.51000213623047,97.19999694824219,101.29000091552734,155142800
2019-01-07,95.578125,102.80000305175781,104.87999725341797,100.9800033569336,101.63999938964844,157833100
2019-01-14,100.1431884765625,107.70999908447266,107.9000015258789,101.26000213623047,101.9000015258789,155699200
2019-01-21,99.64115142822266,107.16999816894531,107.87999725341797,104.86000061035156,106.75,112636000
2019-01-28,95.55952453613281,102.77999877929688,106.4800033569336,102.16999816894531,106.26000213623047,201611200
2019-02-04,98.24649810791016,105.66999816894531,107.2699966430664,102.7699966430664,102.87000274658203,130472100
2019-02-11,100.61736297607422,108.22000122070312,108.30000305175781,104.97000122070312,106.19999694824219,110757200
2019-02-18,103.61479187011719,110.97000122070312,111.19999694824219,106.29000091552734,107.79000091552734,96472600
2019-02-25,105.07139587402344,112.52999877929688,113.23999786376953,110.87999725341797,111.76000213623047,119359500
2019-03-04,103.18528747558594,110.51000213623047,113.25,108.80000305175781,113.0199966430664,111990700
2019-03-11,108.22736358642578,115.91000366210938,117.25,110.9800033569336,110.98999786376953,173582600
2019-03-18,109.29183197021484,117.05000305175781,120.81999969482422,116.05000305175781,116.16999816894531,160388500
2019-03-25,110.12281799316406,117.94000244140625,118.70999908447266,115.5199966430664,116.55999755859375,119632800
2019-04-01,111.94357299804688,119.88999938964844,120.43000030517578,118.0999984741211,118.94999694824219,99731100
2019-04-08,112.93330383300781,120.94999694824219,120.9800033569336,118.58000183105469,119.80999755859375,83159600
2019-04-15,115.19290924072266,123.37000274658203,123.5199966430664,120.0999984741211,120.94000244140625,77156300
2019-04-22,121.28075408935547,129.88999938964844,131.3699951171875,122.56999969482422,122.62000274658203,132620000
2019-04-29,120.35637664794922,128.89999389648438,130.6999969482422,125.5199966430664,129.89999389648438,119573700
2019-05-06,118.70368957519531,127.12999725341797,128.55999755859375,123.56999969482422,126.38999938964844,146827400
2019-05-13,120.02404022216797,128.07000732421875,130.4600067138672,123.04000091552734,124.11000061035156,139816600
2019-05-20,118.30899810791016,126.23999786376953,128.24000549316406,124.73999786376953,126.5199966430664,92123900
2019-05-27,115.90985870361328,123.68000030517578,128.0,123.31999969482422,126.9800033569336,89367900
2019-06-03,123.14482116699219,131.39999389648438,132.25,119.01000213623047,123.8499984741211,147636900
2019-06-10,124.12883758544922,132.4499969482422,134.24000549316406,130.7100067138672,132.39999389648438,102505800
2019-06-17,128.36489868164062,136.97000122070312,137.72999572753906,132.52999877929688,132.6300048828125,133967200
2019-06-24,125.54401397705078,133.9600067138672,138.39999389648438,132.72999572753906,137.0,124214400
2019-07-01,128.44924926757812,137.05999755859375,137.74000549316406,134.97000122070312,136.6300048828125,69621700
2019-07-08,130.17367553710938,138.89999389648438,139.22000122070312,135.3699951171875,136.39999389648438,102201900
2019-07-15,128.03684997558594,136.6199951171875,140.6699981689453,134.6699981689453,139.44000244140625,138962800
2019-07-22,132.4603729248047,141.33999633789062,141.67999267578125,137.3300018310547,137.41000366210938,101242300
2019-07-29,128.29928588867188,136.89999389648438,141.50999450683594,135.0800018310547,141.5,143400300
2019-08-05,129.0584259033203,137.7100067138672,139.3800048828125,130.77999877929688,133.3000030517578,159824000
2019-08-12,128.00250244140625,136.1300048828125,138.8000030517578,132.25,137.07000732421875,130689700
2019-08-19,125.42606353759766,133.38999938964844,139.49000549316406,132.8000030517578,137.85000610351562,117702400
2019-08-26,129.62918090820312,137.86000061035156,139.17999267578125,133.5500030517578,134.99000549316406,104916800
2019-09-02,130.79522705078125,139.10000610351562,140.3800048828125,135.6999969482422,136.61000061035156,83791500
2019-09-09,129.12142944335938,137.32000732421875,139.75,134.50999450683594,139.58999633789062,129776500
2019-09-16,131.1148681640625,139.44000244140625,142.3699951171875,135.66000366210938,135.8300018310547,133467100
2019-09-23,129.5069580078125,137.72999572753906,140.69000244140625,136.02999877929688,139.22999572753906,108228800
2019-09-30,129.8736572265625,138.1199951171875,140.25,133.22000122070312,138.0500030517578,116299800
2019-10-07,131.34054565429688,139.67999267578125,141.02999877929688,135.6199951171875,137.13999938964844,103704700
2019-10-14,129.2061004638672,137.41000366210938,141.7899932861328,136.55999755859375,139.69000244140625,107485700
2019-10-21,132.32785034179688,140.72999572753906,141.13999938964844,135.61000061035156,138.4499969482422,140342800
2019-10-28,135.13934326171875,143.72000122070312,145.6699981689453,142.64999389648438,144.39999389648438,132099700
2019-11-04,137.24560546875,145.9600067138672,145.99000549316406,143.1999969482422,144.8300018310547,86257400
2019-11-11,141.01620483398438,149.97000122070312,149.99000549316406,144.72999572753906,145.33999633789062,93138900
2019-11-18,141.1374969482422,149.58999633789062,151.3300018310547,148.4600067138672,150.07000732421875,105644400
2019-11-25,142.82640075683594,151.3800048828125,152.5,149.9199981689453,150.0,74202700
2019-12-02,143.17547607421875,151.75,151.8699951171875,146.64999389648438,151.80999755859375,103331700
2019-12-09,145.79835510253906,154.52999877929688,154.88999938964844,150.3300018310547,151.07000732421875,100477600
2019-12-16,148.51568603515625,157.41000366210938,158.49000549316406,153.75,155.11000061035156,152135400
2019-12-23,149.97808837890625,158.9600067138672,159.5500030517578,157.1199951171875,158.1199951171875,59640800
2019-12-30,149.65728759765625,158.6199951171875,160.72999572753906,156.4499969482422,158.99000549316406,78456100
2020-01-06,152.22361755371094,161.33999633789062,163.22000122070312,156.50999450683594,157.0800018310547,112305200
2020-01-13,157.6581268310547,167.10000610351562,167.47000122070312,161.25999450683594,161.75999450683594,124758900
2020-01-20,155.7145233154297,165.0399932861328,168.19000244140625,164.4499969482422,166.67999267578125,98254900
2020-01-27,160.6112823486328,170.22999572753906,174.0500030517578,160.1999969482422,161.14999389648438,179472700
2020-02-03,173.49940490722656,183.88999938964844,185.6300048828125,170.39999389648438,170.42999267578125,167007100
2020-02-10,174.8768768310547,185.35000610351562,190.6999969482422,181.85000610351562,183.5800018310547,194512400
2020-02-17,168.95913696289062,178.58999633789062,188.17999267578125,177.25,185.61000061035156,143224700
2020-02-24,153.2732391357422,162.00999450683594,174.83999633789062,152.0,167.77000427246094,382778100
2020-03-02,152.85696411132812,161.57000732421875,175.0,156.0,165.30999755859375,313160600
2020-03-09,150.26475524902344,158.8300018310547,161.91000366210938,138.5800018310547,151.0,378099100
2020-03-16,129.9430389404297,137.35000610351562,150.14999389648438,135.0,140.0,421347800
2020-03-23,141.62704467773438,149.6999969482422,156.66000366210938,132.52000427246094,137.00999450683594,358740500
2020-03-30,145.53433227539062,153.8300018310547,164.77999877929688,150.00999450683594,152.44000244140625,290191400
2020-04-06,156.2344512939453,165.13999938964844,170.0,157.5800018310547,160.32000732421875,229584000
2020-04-13,168.9685516357422,178.60000610351562,180.0,162.3000030517578,164.35000610351562,238965600
2020-04-20,165.13697814941406,174.5500030517578,178.75,166.11000061035156,176.6300048828125,194561900
2020-04-27,165.15594482421875,174.57000732421875,180.39999389648438,169.38999938964844,176.58999633789062,212120100
2020-05-04,174.72067260742188,184.67999267578125,185.0,173.8000030517578,174.49000549316406,158545200
2020-05-11,173.28265380859375,183.16000366210938,187.50999450683594,175.67999267578125,183.14999389648438,196126700
2020-05-18,174.0973358154297,183.50999450683594,186.6699981689453,182.5399932861328,185.75,143271300
2020-05-25,173.8506622314453,183.25,186.5,176.60000610351562,186.33999633789062,151531300
2020-06-01,177.59805297851562,187.1999969482422,187.72999572753906,181.35000610351562,182.5399932861328,149383400
2020-06-08,178.1103973388672,187.74000549316406,198.52000427246094,184.44000244140625,185.94000244140625,203096100
2020-06-15,185.14027404785156,195.14999389648438,199.2899932861328,184.00999450683594,184.5800018310547,168517400
2020-06-22,186.259765625,196.3300018310547,203.9499969482422,194.8800048828125,195.7899932861328,182956600
2020-06-29,195.68038940429688,206.25999450683594,208.02000427246094,193.5500030517578,195.77999877929688,122388900
2020-07-06,202.71035766601562,213.6699981689453,216.3800048828125,207.99000549316406,208.8300018310547,158397600
2020-07-13,192.4738006591797,202.8800048828125,215.8000030517578,201.38999938964844,214.47999572753906,169482800
2020-07-20,190.97486877441406,201.3000030517578,213.94000244140625,197.50999450683594,205.0,231764900
2020-07-27,194.4945526123047,205.00999450683594,205.10000610351562,199.00999450683594,201.47000122070312,149168500
2020-08-03,201.58139038085938,212.47999572753906,217.63999938964844,210.30999755859375,211.52000427246094,217546700
2020-08-10,198.18499755859375,208.89999389648438,211.8800048828125,203.13999938964844,211.6699981689453,141723900
2020-08-17,202.58218383789062,213.02000427246094,216.25,208.91000366210938,209.60000610351562,132379400
2020-08-24,217.69363403320312,228.91000366210938,231.14999389648438,212.42999267578125,214.7899932861328,171999700
2020-08-31,203.75193786621094,214.25,232.86000061035156,205.19000244140625,227.0,206644900
2020-09-07,194.03268432617188,204.02999877929688,214.83999633789062,201.24000549316406,206.5,167684900
2020-09-14,190.57107543945312,200.38999938964844,210.64999389648438,196.25,204.24000549316406,167764400
2020-09-21,197.63705444335938,207.82000732421875,209.0399932861328,196.3800048828125,197.19000244140625,164800400
2020-09-28,196.08685302734375,206.19000244140625,213.99000549316406,205.5399932861328,210.8800048828125,150369100
2020-10-05,205.23550415039062,215.80999755859375,215.86000061035156,204.82000732421875,207.22000122070312,121950800
2020-10-12,208.8968505859375,219.66000366210938,225.2100067138672,216.00999450683594,218.7899932861328,141624900
2020-10-19,205.6348876953125,216.22999572753906,222.3000030517578,211.6999969482422,220.4199981689453,114335300
2020-10-26,192.54913330078125,202.47000122070312,216.33999633789062,199.6199951171875,213.85000610351562,193393800
2020-11-02,212.75791931152344,223.72000122070312,224.36000061035156,200.1199951171875,204.2899932861328,161978000
2020-11-09,205.90118408203125,216.50999450683594,228.1199951171875,209.72000122070312,224.44000244140625,158095900
2020-11-16,200.60487365722656,210.38999938964844,217.74000549316406,209.92999267578125,214.8699951171875,125116000
2020-11-23,205.2198028564453,215.22999572753906,216.27000427246094,208.16000366210938,210.9499969482422,95188300
2020-11-30,204.3902587890625,214.36000061035156,217.32000732421875,210.83999633789062,214.10000610351562,137480700
2020-12-07,203.34140014648438,213.25999450683594,216.9499969482422,209.11000061035156,214.3699951171875,138057400
2020-12-14,208.42349243164062,218.58999633789062,220.88999938964844,212.24000549316406,213.10000610351562,186693000
2020-12-21,212.39007568359375,222.75,225.6300048828125,217.27999877929688,217.5500030517578,89044300
2020-12-28,212.07542419433594,222.4199981689453,227.17999267578125,219.67999267578125,224.4499969482422,76551100
2021-01-04,209.40560913085938,219.6199951171875,223.0,211.94000244140625,222.52999877929688,147534500
2021-01-11,202.75979614257812,212.64999389648438,218.91000366210938,212.02999877929688,218.47000122070312,127595000
2021-01-18,215.44122314453125,225.9499969482422,230.07000732421875,212.6300048828125,213.75,129140300
2021-01-25,221.1716766357422,231.9600067138672,242.63999938964844,224.22000122070312,229.1199951171875,243806600
2021-02-01,230.93540954589844,242.1999969482422,245.08999633789062,232.42999267578125,235.05999755859375,129739500
2021-02-08,233.59568786621094,244.99000549316406,245.9199981689453,240.80999755859375,243.14999389648438,100275800
2021-02-15,230.2918243408203,240.97000122070312,246.1300048828125,240.17999267578125,245.02999877929688,90570200
2021-02-22,222.08250427246094,232.3800048828125,237.92999267578125,227.8800048828125,237.4199981689453,170376700
2021-03-01,221.33700561523438,231.60000610351562,237.47000122070312,224.25999450683594,235.89999389648438,168766600
2021-03-08,225.30313110351562,235.75,239.1699981689453,227.1300048828125,231.3699951171875,150656000
2021-03-15,220.14244079589844,230.35000610351562,240.05999755859375,229.35000610351562,234.9600067138672,164952900
2021-03-22,226.00082397460938,236.47999572753906,241.0500030517578,230.13999938964844,230.27000427246094,146927300
2021-03-29,231.6106719970703,242.35000610351562,242.83999633789062,231.10000610351562,236.58999633789062,123981000
2021-04-05,244.51243591308594,255.85000610351562,255.99000549316406,242.6999969482422,242.75999450683594,130514300
2021-04-12,249.1857147216797,260.739990234375,261.0,254.6199951171875,254.7100067138672,124563200
2021-04-19,249.5775909423828,261.1499938964844,261.7799987792969,255.63999938964844,260.19000244140625,114031400
2021-04-26,241.00506591796875,252.17999267578125,263.19000244140625,249.0,261.6600036621094,169214700
2021-05-03,241.27264404296875,252.4600067138672,254.35000610351562,244.69000244140625,253.39999389648438,127808000
2021-05-10,237.15365600585938,248.14999389648438,251.72999572753906,238.07000732421875,250.8699951171875,153151300
2021-05-17,234.84674072265625,245.1699981689453,248.3300018310547,238.60000610351562,246.5500030517578,114541800
2021-05-24,239.1668243408203,249.67999267578125,252.94000244140625,247.50999450683594,247.7899932861328,99583800
2021-05-31,240.2301025390625,250.7899932861328,251.64999389648438,243.0,251.22999572753906,93208800
2021-06-07,247.03111267089844,257.8900146484375,258.489990234375,249.80999755859375,249.97999572753906,107035100
2021-06-14,248.5063018798828,259.42999267578125,262.29998779296875,254.4199981689453,257.8999938964844,129177100
2021-06-21,253.86093139648438,265.0199890136719,267.8500061035156,257.9200134277344,259.82000732421875,117966900
2021-06-28,265.9590759277344,277.6499938964844,278.0,265.9100036621094,266.19000244140625,104367600
2021-07-05,266.2369079589844,277.94000244140625,280.69000244140625,274.29998779296875,278.0299987792969,103360900
2021-07-12,268.9286193847656,280.75,284.1000061035156,276.5799865722656,279.1600036621094,116956500
2021-07-19,277.4730224609375,289.6700134277344,289.989990234375,274.45001220703125,278.92999267578125,129711800
2021-07-26,272.9134521484375,284.9100036621094,290.1499938964844,282.95001220703125,289.0,129460200
2021-08-02,277.2718505859375,289.4599914550781,289.6300048828125,283.739990234375,286.3599853515625,80827200
2021-08-09,280.51910400390625,292.8500061035156,292.8999938964844,285.20001220703125,289.75,81500400
2021-08-16,292.10260009765625,304.3599853515625,305.8399963378906,288.6400146484375,293.19000244140625,135064000
2021-08-23,287.6494140625,299.7200012207031,305.6499938964844,296.8299865722656,303.25,101283900
2021-08-30,289.01226806640625,301.1400146484375,305.19000244140625,300.17999267578125,301.1199951171875,92650700
2021-09-06,283.8008728027344,295.7099914550781,302.1400146484375,295.3800048828125,301.010009765625,71787600
2021-09-13,287.79339599609375,299.8699951171875,305.32000732421875,294.0799865722656,297.54998779296875,134785900
2021-09-20,287.2943115234375,299.3500061035156,300.8999938964844,289.5199890136719,296.3299865722656,120872700
2021-09-27,277.4571533203125,289.1000061035156,296.4700012207031,281.2900085449219,296.1400146484375,155541500
2021-10-04,282.9755554199219,294.8500061035156,296.6400146484375,280.25,287.3999938964844,122462500
2021-10-11,291.9586181640625,304.2099914550781,304.45001220703125,292.3500061035156,292.9200134277344,113336700
2021-10-18,296.7092590332031,309.1600036621094,311.0899963378906,302.69000244140625,303.57000732421875,91315900
2021-10-25,318.26470947265625,331.6199951171875,332.0,306.4599914550781,309.3599853515625,159314400
2021-11-01,322.52593994140625,336.05999755859375,338.7900085449219,326.3699951171875,331.3599853515625,121622700
2021-11-08,323.15936279296875,336.7200012207031,338.7200012207031,329.9200134277344,337.29998779296875,108386100
2021-11-15,329.8944091796875,343.1099853515625,345.1000061035156,334.0299987792969,337.5400085449219,101090100
2021-11-22,316.9817810058594,329.67999267578125,349.6700134277344,328.1199951171875,344.6199951171875,107337200
2021-11-29,310.5686340332031,323.010009765625,339.2799987792969,318.0299987792969,334.94000244140625,177332000
2021-12-06,329.346435546875,342.5400085449219,343.0,319.2300109863281,323.95001220703125,146125400
2021-12-13,311.32818603515625,323.79998779296875,343.7900085449219,317.25,340.67999267578125,191504300
2021-12-20,321.798828125,334.69000244140625,336.3900146484375,317.57000732421875,320.04998779296875,97516400
2021-12-27,323.3660583496094,336.32000732421875,344.29998779296875,335.42999267578125,335.4599914550781,84645800
2022-01-03,301.9441223144531,314.0400085449219,338.0,310.0899963378906,335.3500061035156,173959800
2022-01-10,298.2520446777344,310.20001220703125,323.4100036621094,303.75,309.489990234375,193260900
2022-01-17,284.6278381347656,296.0299987792969,313.9100036621094,295.6099853515625,304.07000732421875,181632200
2022-01-24,296.3867492675781,308.260009765625,308.5,276.04998779296875,292.20001220703125,352234000
2022-01-31,294.1561584472656,305.94000244140625,315.1199951171875,299.9599914550781,308.95001220703125,202857400
2022-02-07,283.6759948730469,295.0400085449219,311.92999267578125,294.2200012207031,306.1700134277344,176801000
2022-02-14,277.4122619628906,287.92999267578125,300.8699951171875,286.30999755859375,293.7699890136719,160125500
2022-02-21,286.4495849609375,297.30999755859375,297.6300048828125,271.5199890136719,285.0,169083700
2022-02-28,279.2717590332031,289.8599853515625,303.1300048828125,287.1700134277344,294.30999755859375,157389300
2022-03-07,269.83941650390625,280.07000732421875,289.69000244140625,270.0,288.5299987792969,184358500
2022-03-14,289.4557189941406,300.42999267578125,301.0,275.82000732421875,280.3399963378906,176939300
2022-03-21,292.5869445800781,303.67999267578125,305.5,294.8999938964844,298.8900146484375,128717300
2022-03-28,298.1172790527344,309.4200134277344,315.95001220703125,304.3299865722656,304.3299865722656,148667800
2022-04-04,286.1219787597656,296.9700012207031,315.1099853515625,296.2799987792969,310.0899963378906,143329800
2022-04-11,269.6080627441406,279.8299865722656,292.6099853515625,279.32000732421875,291.7900085449219,115664800
2022-04-18,264.01995849609375,274.0299987792969,293.29998779296875,273.3800048828125,278.9100036621094,124842800
2022-04-25,267.3825378417969,277.5199890136719,290.9800109863281,270.0,273.2900085449219,216395500
2022-05-02,264.6944580078125,274.7300109863281,290.8800048828125,271.2699890136719,277.7099914550781,175769700
2022-05-09,251.5815887451172,261.1199951171875,273.75,250.02000427246094,270.05999755859375,221997200
2022-05-16,243.90101623535156,252.55999755859375,268.3299865722656,246.44000244140625,259.9599914550781,164627300
2022-05-23,263.8719787597656,273.239990234375,273.3399963378906,253.42999267578125,255.49000549316406,142680100
2022-05-30,260.7624206542969,270.0199890136719,277.69000244140625,261.6000061035156,272.5299987792969,135187100
2022-06-06,244.31625366210938,252.99000549316406,274.17999267578125,252.52999877929688,272.05999755859375,120495800
2022-06-13,239.1593475341797,247.64999389648438,255.3000030517578,241.50999450683594,245.11000061035156,184153000
2022-06-20,258.5220031738281,267.70001220703125,267.9800109863281,249.50999450683594,250.25999450683594,115652800
2022-06-27,250.68035888671875,259.5799865722656,268.29998779296875,252.89999389648438,268.2099914550781,126549000
2022-07-04,258.4832458496094,267.6600036621094,269.05999755859375,254.74000549316406,256.1600036621094,87284100
2022-07-11,247.91839599609375,256.7200012207031,266.5299987792969,245.94000244140625,265.6499938964844,139698000
2022-07-18,251.43359375,260.3599853515625,265.3299865722656,253.3000030517578,259.75,113061900
2022-07-25,271.11492919921875,280.739990234375,282.0,249.57000732421875,261.0,172010100
2022-08-01,273.21051025390625,282.9100036621094,283.79998779296875,272.3800048828125,277.82000732421875,102686000
2022-08-08,281.9018859863281,291.9100036621094,291.9100036621094,277.6099853515625,284.04998779296875,109517800
2022-08-15,276.92596435546875,286.1499938964844,294.17999267578125,285.55999755859375,291.0,92198200
2022-08-22,259.4481201171875,268.0899963378906,282.4599914550781,267.9800109863281,282.0799865722656,104858200
2022-08-29,247.80592346191406,256.05999755859375,267.3999938964844,254.47000122070312,265.8500061035156,114016200
2022-09-05,255.93515014648438,264.4599914550781,265.2300109863281,251.94000244140625,256.20001220703125,87859500
2022-09-12,236.850830078125,244.74000549316406,267.45001220703125,242.05999755859375,265.7799987792969,147336700
2022-09-19,230.2506561279297,237.9199981689453,247.66000366210938,235.1999969482422,242.47000122070312,147350000
2022-09-26,225.3924560546875,232.89999389648438,242.3300018310547,232.72999572753906,237.0500030517578,146921600
2022-10-03,226.6892852783203,234.24000549316406,250.5800018310547,233.1699981689453,235.41000366210938,142125400
2022-10-10,221.19235229492188,228.55999755859375,237.24000549316406,219.1300048828125,233.0500030517578,154871900
2022-10-17,234.31527709960938,242.1199951171875,243.92999267578125,234.2899932861328,235.82000732421875,122568300
2022-10-24,228.26669311523438,235.8699951171875,251.0399932861328,225.77999877929688,243.75999450683594,223302200
2022-10-31,214.25350952148438,221.38999938964844,235.74000549316406,213.42999267578125,233.75999450683594,170779600
2022-11-07,239.14443969726562,247.11000061035156,247.99000549316406,221.27999877929688,221.99000549316406,170431600
2022-11-14,234.10215759277344,241.22000122070312,247.0,237.6300048828125,241.99000549316406,137343700
2022-11-21,240.1871795654297,247.49000549316406,248.6999969482422,240.7100067138672,241.42999267578125,74769700
2022-11-28,247.4949951171875,255.02000427246094,256.1199951171875,238.2100067138672,246.0800018310547,137898700
2022-12-05,238.17822265625,245.4199981689453,253.82000732421875,242.2100067138672,252.00999450683594,109602000
2022-12-12,237.4697723388672,244.69000244140625,263.9200134277344,243.50999450683594,247.4499969482422,229935300
2022-12-19,231.68565368652344,238.72999572753906,245.6199951171875,233.8699951171875,244.86000061035156,128396500
2022-12-26,232.74351501464844,239.82000732421875,241.9199981689453,234.1699981689453,238.6999969482422,75854900
2023-01-02,218.29283142089844,224.92999267578125,245.75,219.35000610351562,243.0800018310547,159562600
2023-01-09,232.1708984375,239.22999572753906,239.89999389648438,226.41000366210938,226.4499969482422,131675800
2023-01-16,233.13169860839844,240.22000122070312,242.3800048828125,230.67999267578125,237.97000122070312,123872800
2023-01-23,240.83737182617188,248.16000366210938,249.8300018310547,230.89999389648438,241.10000610351562,198648400
2023-01-30,250.7266845703125,258.3500061035156,264.69000244140625,242.1999969482422,244.50999450683594,152686100
2023-02-06,255.3365936279297,263.1000061035156,276.760009765625,254.77999877929688,257.44000244140625,196239000
2023-02-13,251.07254028320312,258.05999755859375,274.9700012207031,256.0,267.6400146484375,170204900
2023-02-20,242.4718780517578,249.22000122070312,256.8399963378906,248.10000610351562,254.47999572753906,105098500
2023-02-27,248.37753295898438,255.2899932861328,255.6199951171875,245.61000061035156,252.4600067138672,126814600
2023-03-06,241.85897827148438,248.58999633789062,260.1199951171875,247.60000610351562,256.42999267578125,117910500
2023-03-13,271.8639221191406,279.42999267578125,283.3299865722656,245.72999572753906,247.39999389648438,237284200
2023-03-20,272.9730529785156,280.57000732421875,281.05999755859375,269.5199890136719,276.9800109863281,177681500
2023-03-27,280.49371337890625,288.29998779296875,289.2699890136719,272.04998779296875,280.5,131625200
2023-04-03,283.70440673828125,291.6000061035156,292.0799865722656,282.0299987792969,286.5199890136719,102542700
2023-04-10,278.3922424316406,286.1400146484375,289.8999938964844,281.6400146484375,289.2099914550781,122993600
2023-04-17,278.0224914550781,285.760009765625,291.760009765625,283.05999755859375,289.92999267578125,106069100
2023-04-24,298.9404296875,307.260009765625,308.92999267578125,275.3699951171875,282.0899963378906,219914600
2023-05-01,302.2385559082031,310.6499938964844,311.9700012207031,303.3999938964844,306.9700012207031,120776300
2023-05-08,300.6040954589844,308.9700012207031,313.0,306.0899963378906,310.1300048828125,124192300
2023-05-15,310.3974914550781,318.3399963378906,319.0400085449219,307.5899963378906,309.1000061035156,122204500
2023-05-22,324.5844421386719,332.8900146484375,333.3999938964844,312.6099853515625,318.6000061035156,158230100
2023-05-29,327.0317077636719,335.3999938964844,337.5,324.7200012207031,335.2300109863281,128101400
2023-06-05,318.6365661621094,326.7900085449219,338.55999755859375,322.5,335.2200012207031,128227100
2023-06-12,333.78887939453125,342.3299865722656,351.4700012207031,325.1600036621094,328.5799865722656,158666500
2023-06-19,326.6612243652344,335.0199890136719,342.0799865722656,332.07000732421875,339.30999755859375,98196900
2023-06-26,332.0435485839844,340.5400085449219,342.7300109863281,328.489990234375,333.7200012207031,109964000
2023-07-03,328.8063659667969,337.2200012207031,342.989990234375,334.7300109863281,339.19000244140625,80057100
2023-07-10,336.6261901855469,345.239990234375,351.42999267578125,327.0,334.6000061035156,138404800
2023-07-17,335.1929931640625,343.7699890136719,366.7799987792969,339.8299865722656,345.67999267578125,228019200
2023-07-24,329.9276428222656,338.3699951171875,351.8900146484375,329.04998779296875,345.8500061035156,194819700
2023-07-31,319.6019287109375,327.7799987792969,338.5400085449219,325.95001220703125,336.9200134277344,113514400
2023-08-07,313.0008239746094,321.010009765625,331.1099853515625,319.2099914550781,328.3699951171875,106911600
2023-08-14,309.2372131347656,316.4800109863281,325.0899963378906,311.54998779296875,321.3900146484375,102513500
2023-08-21,315.58837890625,322.9800109863281,332.9800109863281,317.0400085449219,317.92999267578125,106256500
2023-08-28,321.13836669921875,328.6600036621094,331.989990234375,321.7200012207031,325.6600036621094,90668200
2023-09-04,326.6199951171875,334.2699890136719,336.1600036621094,328.6600036621094,329.0,74000800
2023-09-11,322.6627502441406,330.2200012207031,340.8599853515625,329.6499938964844,337.239990234375,108640000
2023-09-18,309.755126953125,317.010009765625,330.3999938964844,315.0,327.79998779296875,111784900
2023-09-25,308.5238342285156,315.75,319.4700012207031,309.45001220703125,316.5899963378906,107374600
2023-10-02,319.7704772949219,327.260009765625,329.19000244140625,311.2099914550781,316.2799987792969,104962800
2023-10-09,320.229736328125,327.7300109863281,333.8299865722656,323.17999267578125,324.75,100897000
2023-10-16,319.1939697265625,326.6700134277344,336.8800048828125,325.45001220703125,331.04998779296875,113729900
2023-10-23,322.2620544433594,329.80999755859375,346.20001220703125,324.3900146484375,325.4700012207031,178267100
2023-10-30,344.7259216308594,352.79998779296875,354.3900146484375,331.8299865722656,333.4100036621094,119238000
2023-11-06,361.2098693847656,369.6700134277344,370.1000061035156,353.3500061035156,353.45001220703125,129319400
2023-11-13,362.1192626953125,369.8500061035156,376.3500061035156,365.8999938964844,368.2200012207031,141869800
2023-11-20,369.5408020019531,377.42999267578125,379.7900085449219,371.0,371.2200012207031,114410100
2023-11-27,366.6818542480469,374.510009765625,384.29998779296875,371.30999755859375,376.7799987792969,135190600
2023-12-04,366.4077453613281,374.2300109863281,374.4599914550781,362.8999938964844,369.1000061035156,119583700
2023-12-11,362.9808654785156,370.7300109863281,377.6400146484375,364.1300048828125,368.4800109863281,205282400
2023-12-18,366.7503967285156,374.5799865722656,376.0299987792969,368.67999267578125,369.45001220703125,103538800
2023-12-25,368.1799011230469,376.0400085449219,377.1600036621094,372.80999755859375,375.0,60636300
2024-01-01,360.06317138671875,367.75,375.8999938964844,366.5,373.8599853515625,90248200
2024-01-08,380.3500671386719,388.4700012207031,390.67999267578125,369.010009765625,369.29998779296875,118990200
2024-01-15,390.3367919921875,398.6700134277344,398.6700134277344,384.80999755859375,393.6600036621094,102159600
2024-01-22,395.4869079589844,403.92999267578125,407.010009765625,393.5899963378906,400.0199890136719,111234300
2024-01-29,402.6245422363281,411.2200012207031,415.32000732421875,397.2099914550781,406.05999755859375,164773300
2024-02-05,411.759521484375,420.54998779296875,420.82000732421875,402.9100036621094,409.8999938964844,109333500
2024-02-12,396.3457946777344,404.05999755859375,420.739990234375,403.3900146484375,420.55999755859375,113551000
2024-02-19,402.5058288574219,410.3399963378906,415.8599853515625,397.2200012207031,403.239990234375,86132600
2024-02-26,407.5673828125,415.5,415.8699951171875,403.8500061035156,411.4599914550781,93983100
2024-03-04,398.46453857421875,406.2200012207031,417.3500061035156,398.3900146484375,413.44000244140625,103580000
2024-03-11,408.4698181152344,416.4200134277344,427.82000732421875,401.260009765625,403.760009765625,134930900
2024-03-18,420.5546569824219,428.739990234375,430.82000732421875,413.7799987792969,414.25,96748700
2024-03-25,412.687744140625,420.7200012207031,427.4100036621094,419.010009765625,425.239990234375,73362300
2024-04-01,417.3960266113281,425.5199890136719,428.6700134277344,417.57000732421875,423.95001220703125,86656000
2024-04-08,413.8451843261719,421.8999938964844,429.3699951171875,419.70001220703125,425.1700134277344,80206100
2024-04-15,391.5001220703125,399.1199951171875,426.82000732421875,397.7699890136719,426.6000061035156,104490300
2024-04-22,398.5626220703125,406.32000732421875,413.0,388.0299987792969,400.0799865722656,121367900
2024-04-29,398.8961181640625,406.6600036621094,407.1499938964844,389.1700134277344,405.25,107082100
2024-05-06,406.8218688964844,414.739990234375,415.3800048828125,406.3699951171875,408.760009765625,76899100
2024-05-13,412.930908203125,420.2099914550781,425.4200134277344,410.82000732421875,418.010009765625,85671300
2024-05-20,422.7085876464844,430.1600036621094,433.6000061035156,419.989990234375,420.2099914550781,84866100
2024-05-27,407.93890380859375,415.1300048828125,430.94000244140625,404.510009765625,429.6300048828125,107624900
2024-06-03,416.5078430175781,423.8500061035156,426.2799987792969,408.9200134277344,415.5299987792969,77304600
2024-06-10,434.903564453125,442.57000732421875,443.3999938964844,423.8900146484375,424.70001220703125,80442800
2024-06-17,441.9886474609375,449.7799987792969,450.94000244140625,440.7200012207031,442.5899963378906,91967000
2024-06-24,439.2076721191406,446.95001220703125,456.1700134277344,446.4100036621094,449.79998779296875,92002700
2024-07-01,459.4606628417969,467.55999755859375,468.3500061035156,445.6600036621094,448.6600036621094,57575700
2024-07-08,445.6933898925781,453.54998779296875,467.70001220703125,450.6499938964844,466.54998779296875,87801100
2024-07-15,429.53814697265625,437.1099853515625,457.260009765625,432.0,453.29998779296875,95118300
2024-07-22,417.9032897949219,425.2699890136719,448.3900146484375,417.2699890136719,441.7900085449219,109249300
2024-07-29,401.41387939453125,408.489990234375,432.1499938964844,404.3399963378906,431.5799865722656,150439100
2024-08-05,398.9866638183594,406.0199890136719,410.0799865722656,385.5799865722656,389.1700134277344,125786300
2024-08-12,411.9622802734375,418.4700012207031,421.3399963378906,404.239990234375,407.05999755859375,97971900
2024-08-19,410.30841064453125,416.7900085449219,426.7900085449219,412.0899963378906,418.9599914550781,85544600
2024-08-26,410.6529235839844,417.1400146484375,422.04998779296875,407.30999755859375,416.3699951171875,82881900
2024-09-02,395.4530944824219,401.70001220703125,419.8800048828125,400.79998779296875,417.9100036621094,69254400
2024-09-09,423.893798828125,430.5899963378906,431.8299865722656,402.1499938964844,407.239990234375,87426600
2024-09-16,428.5009765625,435.2699890136719,441.8500061035156,428.2200012207031,430.6000061035156,128480600
2024-09-23,421.3636779785156,428.0199890136719,436.4599914550781,426.1000061035156,434.2799987792969,74929200
2024-09-30,409.5897216796875,416.05999755859375,430.4200134277344,414.2900085449219,428.2099914550781,85338600
2024-10-07,409.8456726074219,416.32000732421875,420.3800048828125,408.1700134277344,416.0,83116700
2024-10-14,411.6571044921875,418.1600036621094,424.0400085449219,410.4800109863281,417.7699890136719,83027500
2024-10-21,421.4916687011719,428.1499938964844,432.5199890136719,413.75,416.1199951171875,89823400
2024-10-28,403.98822021484375,410.3699951171875,438.5,406.29998779296875,431.6600036621094,140477000
2024-11-04,415.9689636230469,422.5400085449219,426.8500061035156,405.57000732421875,409.79998779296875,100773300
2024-11-11,408.5462341308594,415.0,429.3299865722656,413.6400146484375,422.5199890136719,123901200
2024-11-18,411.3368225097656,417.0,419.7799987792969,410.2900085449219,414.8699951171875,107647000
2024-11-25,417.7090759277344,423.4599914550781,429.0400085449219,414.8500061035156,418.3800048828125,85754300
2024-12-02,437.5459899902344,443.57000732421875,446.1000061035156,421.30999755859375,421.57000732421875,105037400
2024-12-09,441.1957092285156,447.2699890136719,456.1600036621094,440.5,442.6000061035156,97826700
2024-12-16,430.670654296875,436.6000061035156,455.2900085449219,428.6300048828125,447.2699890136719,158004200
2024-12-23,424.6830749511719,430.5299987792969,440.94000244140625,426.3500061035156,436.739990234375,52628900
2024-12-30,417.6005554199219,423.3500061035156,427.54998779296875,414.8500061035156,426.05999755859375,59964600
2025-01-06,413.26031494140625,418.95001220703125,434.32000732421875,415.0199890136719,428.0,73968400
2025-01-13,423.2034606933594,429.0299987792969,434.4800109863281,410.7200012207031,415.239990234375,95676000
2025-01-20,438.0293273925781,444.05999755859375,447.2699890136719,425.6000061035156,430.20001220703125,87828300
2025-01-27,409.42315673828125,415.05999755859375,448.3800048828125,413.1600036621094,424.010009765625,171469100
2025-02-03,404.18524169921875,409.75,418.6499938964844,408.1000061035156,411.6000061035156,101724500
2025-02-10,402.8831787109375,408.42999267578125,415.4599914550781,404.3699951171875,413.7099914550781,104730400
2025-02-17,403.4736022949219,408.2099914550781,419.30999755859375,406.5,408.0,96570800
2025-02-24,392.3837585449219,396.989990234375,409.3699951171875,386.57000732421875,408.510009765625,129423200
2025-03-03,388.7464599609375,393.30999755859375,402.1499938964844,381.0,398.82000732421875,121122400
2025-03-10,384.051513671875,388.55999755859375,390.2300109863281,376.9100036621094,385.8399963378906,127899700
2025-03-17,386.7202453613281,391.260009765625,392.7099914550781,381.1000061035156,386.70001220703125,119293100
2025-03-24,374.40478515625,378.79998779296875,396.3599853515625,376.92999267578125,395.3999938964844,88286700
2025-03-31,355.6648254394531,359.8399963378906,385.0799865722656,359.4800109863281,372.5400085449219,150374700
2025-04-07,383.94287109375,388.45001220703125,393.2300109863281,344.7900085449219,350.8800048828125,198357200
2025-04-14,363.5126953125,367.7799987792969,394.6499938964844,366.8900146484375,393.2200012207031,79539100
2025-04-21,387.30340576171875,391.8500061035156,392.1600036621094,355.6700134277344,362.82000732421875,102043300
2025-04-28,430.2294921875,435.2799987792969,439.44000244140625,384.44000244140625,391.9599914550781,157710000
2025-05-05,433.63946533203125,438.7300109863281,443.6700134277344,431.1099853515625,432.8699951171875,97351100
2025-05-12,449.82342529296875,454.2699890136719,456.19000244140625,439.7799987792969,445.94000244140625,112185600
2025-05-19,445.7734680175781,450.17999267578125,460.25,448.9100036621094,450.8800048828125,90904300
2025-05-26,455.8537902832031,460.3599853515625,462.5199890136719,455.30999755859375,456.4800109863281,86805900
2025-06-02,465.7757568359375,470.3800048828125,473.3399963378906,456.8900146484375,457.1400146484375,81950300
2025-06-09,470.3109130859375,474.9599914550781,480.4200134277344,466.9599914550781,469.70001220703125,84010100
2025-06-16,472.7270202636719,477.3999938964844,483.4599914550781,474.0799865722656,475.2099914550781,86142900
2025-06-23,491.0855407714844,495.94000244140625,499.29998779296875,472.510009765625,478.2099914550781,120782800
2025-06-30,493.9571533203125,498.8399963378906,500.760009765625,488.70001220703125,497.0400085449219,78618800
2025-07-07,498.3933410644531,503.32000732421875,506.7799987792969,494.1099853515625,497.3800048828125,77439300
2025-07-14,505.0574645996094,510.04998779296875,514.6400146484375,501.0299987792969,501.5199890136719,80853200
2025-07-21,508.681640625,513.7100219726562,518.2899780273438,500.70001220703125,506.7099914550781,79564700
2025-07-28,518.9797973632812,524.1099853515625,555.4500122070312,509.44000244140625,514.0800170898438,137752500
2025-08-04,516.9300537109375,522.0399780273438,538.25,517.5499877929688,528.27001953125,97486400
2025-08-11,515.078369140625,520.1699829101562,532.7000122070312,519.0800170898438,522.2999877929688,103963000
2025-08-18,503.09075927734375,507.2300109863281,522.8200073242188,502.4100036621094,521.5900268554688,115732100
2025-08-25,502.5551452636719,506.69000244140625,511.0899963378906,498.510009765625,506.6300048828125,108729400
2025-09-01,490.9605407714844,495.0,511.9700012207031,492.3699951171875,500.4700012207031,81977400
2025-09-08,505.73895263671875,509.8999938964844,512.5499877929688,495.0299987792969,498.1099853515625,95299800
2025-09-15,513.7034301757812,517.9299926757812,519.2999877929688,505.92999267578125,508.7900085449219,124060100
2025-09-22,507.28619384765625,511.4599914550781,517.739990234375,505.0400085449219,515.5900268554688,85342200
2025-09-29,513.1281127929688,517.3499755859375,521.5999755859375,508.8800048828125,511.5,96313500
2025-10-06,506.7903137207031,510.9599914550781,531.030029296875,509.6300048828125,518.6099853515625,91844600
2025-10-13,509.3889465332031,513.5800170898438,517.1900024414062,506.0,516.4099731445312,79090600
2025-10-20,519.3370361328125,523.6099853515625,525.3499755859375,513.0399780273438,514.6099853515625,78770400
2025-10-27,513.5843505859375,517.8099975585938,553.719970703125,515.0999755859375,531.780029296875,159773900
2025-11-03,492.7657165527344,496.82000732421875,524.9600219726562,493.25,519.8099975585938,117784000
2025-11-10,506.01666259765625,510.17999267578125,513.5,497.44000244140625,500.0400085449219,124435200
2025-11-17,469.1436767578125,472.1199951171875,512.1199951171875,468.2699890136719,508.45001220703125,134724900
2025-11-24,488.9082946777344,492.010009765625,492.6300048828125,464.8900146484375,475.0,102536600
2025-12-01,480.1140441894531,483.1600036621094,493.5,475.20001220703125,488.44000244140625,123068700
2025-12-08,475.5132751464844,478.5299987792969,492.29998779296875,475.0799865722656,484.8900146484375,118335500
2025-12-15,482.856689453125,485.9200134277344,489.6000061035156,470.8800048828125,480.1000061035156,168370100
2025-12-22,484.6354064941406,487.7099914550781,489.1600036621094,482.69000244140625,486.1199951171875,46344700
2025-12-29,469.95849609375,472.94000244140625,489.67999267578125,470.1600036621094,484.8599853515625,66011100
2026-01-05,476.258544921875,479.2799987792969,489.70001220703125,469.5,474.05999755859375,110505800
2026-01-12,456.9609680175781,459.8599853515625,480.989990234375,455.8999938964844,476.6700134277344,137722500
2026-01-19,463.0125732421875,465.95001220703125,471.1000061035156,438.67999267578125,451.2200012207031,127460100
2026-01-26,427.5773620605469,430.2900085449219,483.739990234375,421.0199890136719,465.30999755859375,282802600
2026-02-02,398.61114501953125,401.1400146484375,430.739990234375,392.32000732421875,430.239990234375,268460900
2026-02-09,398.7900085449219,401.32000732421875,423.67999267578125,398.010009765625,404.8500061035156,207723400
2026-02-16,395.6267395019531,397.2300109863281,404.42999267578125,394.5299987792969,399.2200012207031,117551400
2026-02-23,391.15484619140625,392.739990234375,407.489990234375,381.7099914550781,395.0,206521600
2026-03-02,407.30938720703125,408.9599914550781,413.04998779296875,390.6300048828125,392.8599853515625,179607300
2026-03-09,393.9534912109375,395.54998779296875,410.2099914550781,394.25,404.9200134277344,141462300
2026-03-16,380.3287048339844,381.8699951171875,404.3999938964844,380.1199951171875,398.07000732421875,155862500
2026-03-23,355.3300476074219,356.7699890136719,387.2099914550781,356.510009765625,383.8999938964844,178314900
2026-03-30,371.9526672363281,373.4599914550781,373.989990234375,356.2799987792969,361.8999938964844,143557700
2026-04-06,369.37310791015625,370.8699951171875,385.0,366.55999755859375,373.489990234375,129201100
2026-04-13,421.0835876464844,422.7900085449219,431.5799865722656,371.0199890136719,373.6099853515625,208524300
2026-04-20,422.90618896484375,424.6199951171875,433.70001220703125,411.4100036621094,421.1499938964844,154774300
2026-04-27,412.76727294921875,414.44000244140625,429.9200134277344,398.010009765625,422.3800048828125,201875500
2026-05-04,413.44451904296875,415.1199951171875,427.9800109863281,405.1099853515625,411.5400085449219,152379500
2026-05-11,420.2170715332031,421.9200134277344,428.1700134277344,400.8800048828125,407.8699951171875,181767900
2026-05-18,417.7835388183594,418.57000732421875,432.70001220703125,411.29998779296875,416.6199951171875,147230600
2026-05-25,449.3940124511719,450.239990234375,450.3299865722656,409.5799865722656,416.42999267578125,186204400
2026-06-01,415.8870849609375,416.6700134277344,466.32000732421875,414.3999938964844,464.8399963378906,191384400
2026-06-08,390.00579833984375,390.739990234375,417.1600036621094,382.2699890136719,414.1400146484375,182069900
2026-06-15,378.6871032714844,379.3999938964844,401.75,373.2799987792969,396.79998779296875,165475200
2026-06-22,372.2691955566406,372.9700012207031,381.6300048828125,349.20001220703125,375.739990234375,382709200
2026-06-29,389.7562561035156,390.489990234375,392.20001220703125,359.8999938964844,377.5,186370300
2026-07-06,384.37640380859375,385.1000061035156,395.57000732421875,373.3500061035156,387.0400085449219,145158100
2026-07-13,393.08001708984375,393.82000732421875,405.989990234375,378.6499938964844,387.75,163129700
2026-07-20,380.9828186035156,381.70001220703125,403.17999267578125,377.3900146484375,391.4100036621094,138196100
2026-07-27,463.8468017578125,464.7200012207031,466.8399963378906,387.989990234375,390.0799865722656,278439400
2026-08-03,499.0505065917969,499.989990234375,505.17999267578125,475.0,476.1300048828125,215894200
2026-08-10,494.4691467285156,495.3999938964844,513.72998046875,491.5199890136719,503.44000244140625,122514000
2026-08-17,483.239990234375,483.239990234375,492.6600036621094,477.1499938964844,490.1400146484375,116216900
2026-08-24,513.530029296875,513.530029296875,517.780029296875,481.8599853515625,483.2099914550781,115404800
2026-08-31,499.70001220703125,499.70001220703125,515.6500244140625,493.80999755859375,510.3800048828125,105819600
2026-09-07,495.6300048828125,495.6300048828125,498.9700012207031,486.0,493.010009765625,62321200
2026-09-14,493.7799987792969,493.7799987792969,509.95001220703125,487.2300109863281,497.05999755859375,115020700
2026-09-21,516.1699829101562,516.1699829101562,519.4000244140625,491.2200012207031,494.95001220703125,123909000
2026-09-28,517.530029296875,517.530029296875,522.8499755859375,502.2200012207031,505.4700012207031,105746200
2026-10-05,535.0700073242188,535.0700073242188,537.1950073242188,518.7899780273438,521.6199951171875,102622195
