date,Close,High,Low,Open
2026-10-05 13:30:00+00:00,67.12,67.185,67.025,67.055
2026-10-05 13:31:00+00:00,67.11,67.135,66.95,67.125
2026-10-05 13:32:00+00:00,67.14,67.195,66.94,67.11
2026-10-05 13:33:00+00:00,67.02,67.195,66.975,67.195
2026-10-05 13:34:00+00:00,66.845,67.025,66.82,67.01
2026-10-05 13:35:00+00:00,66.91,66.995,66.805,66.85
2026-10-05 13:36:00+00:00,66.905,67.06,66.9,66.915
2026-10-05 13:37:00+00:00,66.905,66.97,66.86,66.91
2026-10-05 13:38:00+00:00,66.985,67.0,66.885,66.905
2026-10-05 13:39:00+00:00,66.87,66.995,66.855,66.91
2026-10-05 13:40:00+00:00,66.915,66.96,66.82,66.875
2026-10-05 13:41:00+00:00,66.965,67.025,66.89,66.92
2026-10-05 13:42:00+00:00,66.95,67.085,66.92,66.97
2026-10-05 13:43:00+00:00,67.0,67.02,66.94,66.95
2026-10-05 13:44:00+00:00,67.08,67.13,66.98,67.0
2026-10-05 13:45:00+00:00,67.21,67.21,67.06,67.085
2026-10-05 13:46:00+00:00,67.2,67.275,67.19,67.21
2026-10-05 13:47:00+00:00,67.21,67.22,67.12,67.2
2026-10-05 13:48:00+00:00,67.295,67.33,67.205,67.21
2026-10-05 13:49:00+00:00,67.175,67.33,67.17,67.295
2026-10-05 13:50:00+00:00,67.135,67.185,67.1,67.175
2026-10-05 13:51:00+00:00,66.945,67.15,66.94,67.135
2026-10-05 13:52:00+00:00,66.95,66.99,66.925,66.945
2026-10-05 13:53:00+00:00,66.76,66.955,66.75,66.955
2026-10-05 13:54:00+00:00,66.705,66.795,66.665,66.76
2026-10-05 13:55:00+00:00,66.68,66.72,66.62,66.705
2026-10-05 13:56:00+00:00,66.585,66.71,66.575,66.685
2026-10-05 13:57:00+00:00,66.56,66.635,66.555,66.585
2026-10-05 13:58:00+00:00,66.55,66.65,66.54,66.555
2026-10-05 13:59:00+00:00,66.66,66.68,66.535,66.55
2026-10-05 14:00:00+00:00,66.7,66.76,66.62,66.665
2026-10-05 14:01:00+00:00,66.74,66.76,66.67,66.7
2026-10-05 14:02:00+00:00,66.775,66.835,66.74,66.74
2026-10-05 14:03:00+00:00,66.815,66.86,66.78,66.78
2026-10-05 14:04:00+00:00,66.815,66.83,66.73,66.815
2026-10-05 14:05:00+00:00,66.875,66.89,66.78,66.815
2026-10-05 14:06:00+00:00,66.865,66.9,66.81,66.88
2026-10-05 14:07:00+00:00,66.805,66.865,66.79,66.865
2026-10-05 14:08:00+00:00,66.82,66.84,66.78,66.805
2026-10-05 14:09:00+00:00,66.855,66.88,66.815,66.825
2026-10-05 14:10:00+00:00,66.805,66.86,66.77,66.855
2026-10-05 14:11:00+00:00,66.88,66.9,66.775,66.805
2026-10-05 14:12:00+00:00,66.915,66.94,66.865,66.88
2026-10-05 14:13:00+00:00,66.94,66.97,66.89,66.915
2026-10-05 14:14:00+00:00,66.885,66.94,66.88,66.935
2026-10-05 14:15:00+00:00,66.86,66.885,66.82,66.885
2026-10-05 14:16:00+00:00,66.915,66.925,66.86,66.86
2026-10-05 14:17:00+00:00,66.935,66.98,66.905,66.915
2026-10-05 14:18:00+00:00,66.955,66.98,66.895,66.935
2026-10-05 14:19:00+00:00,66.935,66.96,66.9,66.955
2026-10-05 14:20:00+00:00,66.99,66.995,66.925,66.94
2026-10-05 14:21:00+00:00,66.995,67.005,66.95,66.995
2026-10-05 14:22:00+00:00,67.005,67.025,66.99,66.995
2026-10-05 14:23:00+00:00,67.02,67.06,67.0,67.005
2026-10-05 14:24:00+00:00,66.965,67.03,66.96,67.02
2026-10-05 14:25:00+00:00,67.03,67.03,66.93,66.96
2026-10-05 14:26:00+00:00,67.04,67.04,66.99,67.03
2026-10-05 14:27:00+00:00,67.045,67.065,67.035,67.035
2026-10-05 14:28:00+00:00,67.025,67.07,66.985,67.04
2026-10-05 14:29:00+00:00,67.035,67.065,67.02,67.025
2026-10-05 14:30:00+00:00,66.995,67.045,66.99,67.04
2026-10-05 14:31:00+00:00,66.975,66.995,66.975,66.995
2026-10-05 14:32:00+00:00,66.935,66.975,66.92,66.975
2026-10-05 14:33:00+00:00,66.925,66.98,66.915,66.94
2026-10-05 14:34:00+00:00,66.875,66.94,66.87,66.925
2026-10-05 14:35:00+00:00,66.865,66.88,66.84,66.875
2026-10-05 14:36:00+00:00,66.905,66.93,66.86,66.865
2026-10-05 14:37:00+00:00,67.015,67.02,66.905,66.905
2026-10-05 14:38:00+00:00,67.085,67.13,67.015,67.02
2026-10-05 14:39:00+00:00,67.115,67.12,67.04,67.085
2026-10-05 14:40:00+00:00,67.13,67.16,67.105,67.115
2026-10-05 14:41:00+00:00,67.12,67.18,67.12,67.13
2026-10-05 14:42:00+00:00,66.995,67.14,66.98,67.125
2026-10-05 14:43:00+00:00,67.005,67.01,66.965,66.995
2026-10-05 14:44:00+00:00,67.045,67.06,67.0,67.005
2026-10-05 14:45:00+00:00,67.065,67.07,67.015,67.045
2026-10-05 14:46:00+00:00,67.115,67.16,67.06,67.065
2026-10-05 14:47:00+00:00,67.145,67.15,67.11,67.115
2026-10-05 14:48:00+00:00,67.205,67.24,67.14,67.145
2026-10-05 14:49:00+00:00,67.265,67.3,67.2,67.205
2026-10-05 14:50:00+00:00,67.265,67.285,67.255,67.265
2026-10-05 14:51:00+00:00,67.16,67.3,67.16,67.27
2026-10-05 14:52:00+00:00,67.165,67.19,67.145,67.16
2026-10-05 14:53:00+00:00,67.175,67.18,67.14,67.17
2026-10-05 14:54:00+00:00,67.215,67.22,67.17,67.175
2026-10-05 14:55:00+00:00,67.165,67.22,67.15,67.215
2026-10-05 14:56:00+00:00,67.195,67.22,67.16,67.165
2026-10-05 14:57:00+00:00,67.2,67.21,67.17,67.195
2026-10-05 14:58:00+00:00,67.145,67.21,67.115,67.2
2026-10-05 14:59:00+00:00,67.125,67.15,67.11,67.145
2026-10-05 15:00:00+00:00,67.135,67.15,67.11,67.125
2026-10-05 15:01:00+00:00,67.125,67.14,67.095,67.135
2026-10-05 15:02:00+00:00,67.135,67.16,67.125,67.125
2026-10-05 15:03:00+00:00,67.095,67.135,67.08,67.135
2026-10-05 15:04:00+00:00,67.105,67.105,67.075,67.09
2026-10-05 15:05:00+00:00,67.065,67.105,67.06,67.105
2026-10-05 15:06:00+00:00,67.025,67.07,67.02,67.06
2026-10-05 15:07:00+00:00,67.025,67.04,67.0,67.025
2026-10-05 15:08:00+00:00,67.035,67.04,67.005,67.03
2026-10-05 15:09:00+00:00,67.085,67.095,67.035,67.035
2026-10-05 15:10:00+00:00,67.065,67.1,67.06,67.09
2026-10-05 15:11:00+00:00,67.155,67.16,67.065,67.065
2026-10-05 15:12:00+00:00,67.125,67.18,67.125,67.16
2026-10-05 15:13:00+00:00,67.175,67.175,67.125,67.125
2026-10-05 15:14:00+00:00,67.175,67.19,67.155,67.175
2026-10-05 15:15:00+00:00,67.185,67.21,67.17,67.175
2026-10-05 15:16:00+00:00,67.205,67.205,67.17,67.185
2026-10-05 15:17:00+00:00,67.215,67.22,67.175,67.205
2026-10-05 15:18:00+00:00,67.225,67.235,67.18,67.21
2026-10-05 15:19:00+00:00,67.255,67.265,67.225,67.225
2026-10-05 15:20:00+00:00,67.235,67.275,67.21,67.255
2026-10-05 15:21:00+00:00,67.235,67.235,67.2,67.23
2026-10-05 15:22:00+00:00,67.225,67.245,67.21,67.235
2026-10-05 15:23:00+00:00,67.235,67.235,67.205,67.225
2026-10-05 15:24:00+00:00,67.265,67.28,67.235,67.235
2026-10-05 15:25:00+00:00,67.26,67.265,67.235,67.265
2026-10-05 15:26:00+00:00,67.225,67.26,67.21,67.26
2026-10-05 15:27:00+00:00,67.235,67.25,67.21,67.23
2026-10-05 15:28:00+00:00,67.17,67.245,67.17,67.235
2026-10-05 15:29:00+00:00,67.165,67.185,67.14,67.17
2026-10-05 15:30:00+00:00,67.165,67.18,67.16,67.165
2026-10-05 15:31:00+00:00,67.155,67.175,67.15,67.165
2026-10-05 15:32:00+00:00,67.19,67.19,67.155,67.155
2026-10-05 15:33:00+00:00,67.185,67.205,67.18,67.195
2026-10-05 15:34:00+00:00,67.235,67.24,67.17,67.185
2026-10-05 15:35:00+00:00,67.215,67.235,67.2,67.235
2026-10-05 15:36:00+00:00,67.215,67.225,67.2,67.21
2026-10-05 15:37:00+00:00,67.205,67.225,67.205,67.215
2026-10-05 15:38:00+00:00,67.185,67.215,67.17,67.205
2026-10-05 15:39:00+00:00,67.175,67.205,67.17,67.185
2026-10-05 15:40:00+00:00,67.165,67.185,67.165,67.175
2026-10-05 15:41:00+00:00,67.195,67.195,67.16,67.165
2026-10-05 15:42:00+00:00,67.205,67.21,67.195,67.195
2026-10-05 15:43:00+00:00,67.205,67.215,67.2,67.205
2026-10-05 15:44:00+00:00,67.145,67.225,67.08,67.205
2026-10-05 15:45:00+00:00,67.105,67.155,67.1,67.145
2026-10-05 15:46:00+00:00,67.115,67.115,67.09,67.105
2026-10-05 15:47:00+00:00,67.115,67.135,67.1,67.115
2026-10-05 15:48:00+00:00,67.135,67.135,67.1,67.115
2026-10-05 15:49:00+00:00,67.105,67.135,67.105,67.135
2026-10-05 15:50:00+00:00,67.075,67.105,67.055,67.105
2026-10-05 15:51:00+00:00,67.095,67.095,67.04,67.075
2026-10-05 15:52:00+00:00,67.115,67.125,67.075,67.09
2026-10-05 15:53:00+00:00,67.075,67.115,67.07,67.115
2026-10-05 15:54:00+00:00,67.045,67.08,67.02,67.075
2026-10-05 15:55:00+00:00,66.925,67.05,66.905,67.045
2026-10-05 15:56:00+00:00,66.925,66.935,66.915,66.93
2026-10-05 15:57:00+00:00,66.905,66.935,66.895,66.925
2026-10-05 15:58:00+00:00,66.895,66.925,66.88,66.905
2026-10-05 15:59:00+00:00,66.895,66.9,66.875,66.895
2026-10-05 16:00:00+00:00,66.865,66.895,66.85,66.895
2026-10-05 16:01:00+00:00,66.835,66.885,66.815,66.865
2026-10-05 16:02:00+00:00,66.865,66.895,66.83,66.835
2026-10-05 16:03:00+00:00,66.845,66.865,66.83,66.865
2026-10-05 16:04:00+00:00,66.845,66.855,66.835,66.845
2026-10-05 16:05:00+00:00,66.845,66.85,66.83,66.845
2026-10-05 16:06:00+00:00,66.845,66.875,66.84,66.845
2026-10-05 16:07:00+00:00,66.84,66.87,66.84,66.845
2026-10-05 16:08:00+00:00,66.855,66.865,66.83,66.845
2026-10-05 16:09:00+00:00,66.875,66.875,66.855,66.855
2026-10-05 16:10:00+00:00,66.79,66.88,66.79,66.875
2026-10-05 16:11:00+00:00,66.795,66.795,66.77,66.79
2026-10-05 16:12:00+00:00,66.74,66.8,66.74,66.79
2026-10-05 16:13:00+00:00,66.775,66.78,66.72,66.745
2026-10-05 16:14:00+00:00,66.725,66.795,66.72,66.775
2026-10-05 16:15:00+00:00,66.715,66.735,66.705,66.725
2026-10-05 16:16:00+00:00,66.71,66.72,66.7,66.715
2026-10-05 16:17:00+00:00,66.705,66.72,66.69,66.715
2026-10-05 16:18:00+00:00,66.72,66.765,66.705,66.705
2026-10-05 16:19:00+00:00,66.715,66.75,66.705,66.725
2026-10-05 16:20:00+00:00,66.735,66.74,66.7,66.715
2026-10-05 16:21:00+00:00,66.725,66.745,66.715,66.735
2026-10-05 16:22:00+00:00,66.74,66.745,66.72,66.725
2026-10-05 16:23:00+00:00,66.825,66.825,66.72,66.745
2026-10-05 16:24:00+00:00,66.835,66.84,66.805,66.825
2026-10-05 16:25:00+00:00,66.785,66.845,66.775,66.835
2026-10-05 16:26:00+00:00,66.755,66.785,66.75,66.785
2026-10-05 16:27:00+00:00,66.755,66.775,66.72,66.755
2026-10-05 16:28:00+00:00,66.725,66.755,66.725,66.755
2026-10-05 16:29:00+00:00,66.715,66.75,66.705,66.725
2026-10-05 16:30:00+00:00,66.725,66.735,66.705,66.71
2026-10-05 16:31:00+00:00,66.715,66.725,66.7,66.725
2026-10-05 16:32:00+00:00,66.745,66.745,66.71,66.715
2026-10-05 16:33:00+00:00,66.745,66.745,66.72,66.745
2026-10-05 16:34:00+00:00,66.725,66.75,66.725,66.745
2026-10-05 16:35:00+00:00,66.715,66.73,66.7,66.725
2026-10-05 16:36:00+00:00,66.725,66.735,66.71,66.715
2026-10-05 16:37:00+00:00,66.725,66.735,66.715,66.725
2026-10-05 16:38:00+00:00,66.715,66.73,66.71,66.725
2026-10-05 16:39:00+00:00,66.725,66.745,66.71,66.715
2026-10-05 16:40:00+00:00,66.735,66.735,66.72,66.725
2026-10-05 16:41:00+00:00,66.735,66.745,66.725,66.735
2026-10-05 16:42:00+00:00,66.735,66.74,66.73,66.735
2026-10-05 16:43:00+00:00,66.765,66.77,66.73,66.735
2026-10-05 16:44:00+00:00,66.785,66.81,66.76,66.765
2026-10-05 16:45:00+00:00,66.825,66.83,66.78,66.785
2026-10-05 16:46:00+00:00,66.835,66.85,66.805,66.825
2026-10-05 16:47:00+00:00,66.865,66.87,66.81,66.835
2026-10-05 16:48:00+00:00,66.885,66.905,66.865,66.865
2026-10-05 16:49:00+00:00,66.92,66.925,66.875,66.885
2026-10-05 16:50:00+00:00,66.915,66.93,66.86,66.92
2026-10-05 16:51:00+00:00,66.895,66.93,66.88,66.915
2026-10-05 16:52:00+00:00,66.875,66.915,66.86,66.895
2026-10-05 16:53:00+00:00,66.905,66.91,66.875,66.88
2026-10-05 16:54:00+00:00,66.885,66.905,66.885,66.905
2026-10-05 16:55:00+00:00,66.855,66.89,66.85,66.885
2026-10-05 16:56:00+00:00,66.855,66.865,66.85,66.85
2026-10-05 16:57:00+00:00,66.845,66.855,66.815,66.855
2026-10-05 16:58:00+00:00,66.825,66.845,66.81,66.845
2026-10-05 16:59:00+00:00,66.8,66.83,66.8,66.825
2026-10-05 17:00:00+00:00,66.775,66.805,66.765,66.805
2026-10-05 17:01:00+00:00,66.765,66.775,66.76,66.775
2026-10-05 17:02:00+00:00,66.715,66.765,66.71,66.765
2026-10-05 17:03:00+00:00,66.715,66.72,66.705,66.715
2026-10-05 17:04:00+00:00,66.715,66.725,66.71,66.72
2026-10-05 17:05:00+00:00,66.715,66.72,66.67,66.715
2026-10-05 17:06:00+00:00,66.725,66.73,66.7,66.715
2026-10-05 17:07:00+00:00,66.725,66.74,66.72,66.725
2026-10-05 17:08:00+00:00,66.745,66.745,66.72,66.72
2026-10-05 17:09:00+00:00,66.725,66.745,66.72,66.74
2026-10-05 17:10:00+00:00,66.725,66.735,66.71,66.725
2026-10-05 17:11:00+00:00,66.745,66.75,66.725,66.725
2026-10-05 17:12:00+00:00,66.79,66.795,66.745,66.745
2026-10-05 17:13:00+00:00,66.795,66.8,66.78,66.79
2026-10-05 17:14:00+00:00,66.795,66.795,66.785,66.795
2026-10-05 17:15:00+00:00,66.835,66.845,66.795,66.795
2026-10-05 17:16:00+00:00,66.845,66.845,66.835,66.835
2026-10-05 17:17:00+00:00,66.815,66.845,66.81,66.845
2026-10-05 17:18:00+00:00,66.815,66.83,66.81,66.81
2026-10-05 17:19:00+00:00,66.845,66.845,66.815,66.815
2026-10-05 17:20:00+00:00,66.875,66.875,66.84,66.845
2026-10-05 17:21:00+00:00,66.855,66.885,66.85,66.875
2026-10-05 17:22:00+00:00,66.865,66.88,66.85,66.85
2026-10-05 17:23:00+00:00,66.845,66.875,66.83,66.865
2026-10-05 17:24:00+00:00,66.845,66.85,66.81,66.845
2026-10-05 17:25:00+00:00,66.865,66.88,66.845,66.845
2026-10-05 17:26:00+00:00,66.865,66.87,66.845,66.865
2026-10-05 17:27:00+00:00,66.845,66.87,66.84,66.865
2026-10-05 17:28:00+00:00,66.825,66.865,66.825,66.845
2026-10-05 17:29:00+00:00,66.855,66.86,66.825,66.825
2026-10-05 17:30:00+00:00,66.815,66.875,66.815,66.855
2026-10-05 17:31:00+00:00,66.825,66.825,66.78,66.815
2026-10-05 17:32:00+00:00,66.805,66.855,66.8,66.825
2026-10-05 17:33:00+00:00,66.825,66.835,66.8,66.805
2026-10-05 17:34:00+00:00,66.805,66.825,66.8,66.825
2026-10-05 17:35:00+00:00,66.805,66.815,66.79,66.805
2026-10-05 17:36:00+00:00,66.795,66.81,66.785,66.805
2026-10-05 17:37:00+00:00,66.815,66.84,66.795,66.795
2026-10-05 17:38:00+00:00,66.825,66.835,66.81,66.815
2026-10-05 17:39:00+00:00,66.845,66.855,66.825,66.825
2026-10-05 17:40:00+00:00,66.85,66.855,66.835,66.845
2026-10-05 17:41:00+00:00,66.865,66.87,66.845,66.85
2026-10-05 17:42:00+00:00,66.895,66.91,66.865,66.865
2026-10-05 17:43:00+00:00,66.925,66.93,66.895,66.895
2026-10-05 17:44:00+00:00,66.945,66.945,66.895,66.925
2026-10-05 17:45:00+00:00,66.905,66.985,66.89,66.945
2026-10-05 17:46:00+00:00,66.87,66.91,66.85,66.905
2026-10-05 17:47:00+00:00,66.835,66.875,66.83,66.87
2026-10-05 17:48:00+00:00,66.865,66.865,66.835,66.835
2026-10-05 17:49:00+00:00,66.845,66.875,66.84,66.865
2026-10-05 17:50:00+00:00,66.835,66.855,66.83,66.85
2026-10-05 17:51:00+00:00,66.865,66.87,66.835,66.835
2026-10-05 17:52:00+00:00,66.855,66.865,66.835,66.865
2026-10-05 17:53:00+00:00,66.895,66.9,66.855,66.855
2026-10-05 17:54:00+00:00,66.85,66.895,66.83,66.895
2026-10-05 17:55:00+00:00,66.845,66.87,66.84,66.845
2026-10-05 17:56:00+00:00,66.905,66.91,66.845,66.845
2026-10-05 17:57:00+00:00,66.915,66.94,66.9,66.905
2026-10-05 17:58:00+00:00,66.915,66.945,66.91,66.915
2026-10-05 17:59:00+00:00,66.915,66.925,66.9,66.915
2026-10-05 18:00:00+00:00,66.935,66.945,66.905,66.915
2026-10-05 18:01:00+00:00,66.915,66.955,66.905,66.93
2026-10-05 18:02:00+00:00,66.895,66.93,66.89,66.91
2026-10-05 18:03:00+00:00,66.895,66.92,66.87,66.895
2026-10-05 18:04:00+00:00,66.905,66.905,66.885,66.895
2026-10-05 18:05:00+00:00,66.905,66.905,66.865,66.9
2026-10-05 18:06:00+00:00,66.875,66.905,66.87,66.905
2026-10-05 18:07:00+00:00,66.865,66.89,66.865,66.875
2026-10-05 18:08:00+00:00,66.865,66.88,66.86,66.865
2026-10-05 18:09:00+00:00,66.895,66.9,66.86,66.865
2026-10-05 18:10:00+00:00,66.935,66.935,66.885,66.895
2026-10-05 18:11:00+00:00,66.925,66.945,66.915,66.935
2026-10-05 18:12:00+00:00,66.925,66.93,66.91,66.925
2026-10-05 18:13:00+00:00,66.905,66.93,66.9,66.925
2026-10-05 18:14:00+00:00,66.935,66.935,66.905,66.905
2026-10-05 18:15:00+00:00,66.935,66.935,66.915,66.935
2026-10-05 18:16:00+00:00,66.935,66.94,66.93,66.935
2026-10-05 18:17:00+00:00,66.955,66.955,66.925,66.935
2026-10-05 18:18:00+00:00,66.965,66.965,66.935,66.955
2026-10-05 18:19:00+00:00,66.975,66.98,66.96,66.965
2026-10-05 18:20:00+00:00,66.985,66.99,66.97,66.975
2026-10-05 18:21:00+00:00,66.975,66.995,66.97,66.985
2026-10-05 18:22:00+00:00,66.975,66.99,66.97,66.98
2026-10-05 18:23:00+00:00,66.975,66.975,66.965,66.97
2026-10-05 18:24:00+00:00,66.975,66.975,66.95,66.975
2026-10-05 18:25:00+00:00,66.975,66.985,66.97,66.975
2026-10-05 18:26:00+00:00,67.015,67.03,66.97,66.975
2026-10-05 18:27:00+00:00,67.065,67.065,67.01,67.01
2026-10-05 18:28:00+00:00,67.105,67.17,67.07,67.07
2026-10-05 18:29:00+00:00,67.145,67.145,67.105,67.105
2026-10-05 18:30:00+00:00,67.175,67.19,67.145,67.145
2026-10-05 18:31:00+00:00,67.155,67.185,67.155,67.175
2026-10-05 18:32:00+00:00,67.175,67.18,67.14,67.155
2026-10-05 18:33:00+00:00,67.175,67.195,67.165,67.175
2026-10-05 18:34:00+00:00,67.175,67.18,67.155,67.17
2026-10-05 18:35:00+00:00,67.175,67.18,67.15,67.175
2026-10-05 18:36:00+00:00,67.165,67.185,67.145,67.175
2026-10-05 18:37:00+00:00,67.165,67.17,67.14,67.17
2026-10-05 18:38:00+00:00,67.18,67.18,67.155,67.165
2026-10-05 18:39:00+00:00,67.265,67.275,67.165,67.175
2026-10-05 18:40:00+00:00,67.275,67.295,67.245,67.265
2026-10-05 18:41:00+00:00,67.335,67.335,67.275,67.275
2026-10-05 18:42:00+00:00,67.345,67.36,67.32,67.335
2026-10-05 18:43:00+00:00,67.305,67.345,67.29,67.345
2026-10-05 18:44:00+00:00,67.325,67.345,67.305,67.305
2026-10-05 18:45:00+00:00,67.365,67.38,67.315,67.325
2026-10-05 18:46:00+00:00,67.355,67.405,67.35,67.37
2026-10-05 18:47:00+00:00,67.385,67.405,67.35,67.355
2026-10-05 18:48:00+00:00,67.385,67.405,67.35,67.39
2026-10-05 18:49:00+00:00,67.385,67.415,67.38,67.385
2026-10-05 18:50:00+00:00,67.39,67.405,67.375,67.385
2026-10-05 18:51:00+00:00,67.375,67.415,67.355,67.39
2026-10-05 18:52:00+00:00,67.345,67.38,67.345,67.375
2026-10-05 18:53:00+00:00,67.395,67.395,67.33,67.345
2026-10-05 18:54:00+00:00,67.395,67.395,67.38,67.39
2026-10-05 18:55:00+00:00,67.395,67.405,67.38,67.395
2026-10-05 18:56:00+00:00,67.425,67.44,67.395,67.395
2026-10-05 18:57:00+00:00,67.425,67.44,67.41,67.43
2026-10-05 18:58:00+00:00,67.365,67.445,67.34,67.425
2026-10-05 18:59:00+00:00,67.345,67.375,67.34,67.365
2026-10-05 19:00:00+00:00,67.335,67.37,67.32,67.345
2026-10-05 19:01:00+00:00,67.335,67.345,67.315,67.335
2026-10-05 19:02:00+00:00,67.375,67.385,67.335,67.335
2026-10-05 19:03:00+00:00,67.345,67.38,67.335,67.375
2026-10-05 19:04:00+00:00,67.345,67.345,67.32,67.345
2026-10-05 19:05:00+00:00,67.345,67.355,67.33,67.345
2026-10-05 19:06:00+00:00,67.325,67.35,67.325,67.345
2026-10-05 19:07:00+00:00,67.325,67.335,67.31,67.325
2026-10-05 19:08:00+00:00,67.315,67.33,67.305,67.325
2026-10-05 19:09:00+00:00,67.325,67.33,67.285,67.315
2026-10-05 19:10:00+00:00,67.345,67.345,67.315,67.325
2026-10-05 19:11:00+00:00,67.335,67.345,67.325,67.345
2026-10-05 19:12:00+00:00,67.325,67.335,67.295,67.335
2026-10-05 19:13:00+00:00,67.315,67.34,67.31,67.325
2026-10-05 19:14:00+00:00,67.295,67.33,67.295,67.315
2026-10-05 19:15:00+00:00,67.335,67.335,67.29,67.295
2026-10-05 19:16:00+00:00,67.31,67.335,67.295,67.335
2026-10-05 19:17:00+00:00,67.325,67.34,67.305,67.31
2026-10-05 19:18:00+00:00,67.325,67.345,67.305,67.325
2026-10-05 19:19:00+00:00,67.305,67.335,67.3,67.325
2026-10-05 19:20:00+00:00,67.305,67.34,67.3,67.305
2026-10-05 19:21:00+00:00,67.325,67.34,67.305,67.305
2026-10-05 19:22:00+00:00,67.355,67.365,67.325,67.325
2026-10-05 19:23:00+00:00,67.335,67.355,67.32,67.355
2026-10-05 19:24:00+00:00,67.315,67.34,67.31,67.335
2026-10-05 19:25:00+00:00,67.345,67.35,67.31,67.315
2026-10-05 19:26:00+00:00,67.305,67.35,67.27,67.34
2026-10-05 19:27:00+00:00,67.275,67.31,67.27,67.305
2026-10-05 19:28:00+00:00,67.255,67.28,67.22,67.275
2026-10-05 19:29:00+00:00,67.245,67.255,67.21,67.255
2026-10-05 19:30:00+00:00,67.315,67.315,67.245,67.245
2026-10-05 19:31:00+00:00,67.325,67.335,67.3,67.315
2026-10-05 19:32:00+00:00,67.265,67.325,67.265,67.325
2026-10-05 19:33:00+00:00,67.285,67.29,67.265,67.27
2026-10-05 19:34:00+00:00,67.265,67.3,67.26,67.285
2026-10-05 19:35:00+00:00,67.245,67.275,67.24,67.265
2026-10-05 19:36:00+00:00,67.225,67.25,67.215,67.245
2026-10-05 19:37:00+00:00,67.305,67.315,67.225,67.225
2026-10-05 19:38:00+00:00,67.315,67.325,67.305,67.305
2026-10-05 19:39:00+00:00,67.295,67.325,67.295,67.32
2026-10-05 19:40:00+00:00,67.315,67.32,67.295,67.295
2026-10-05 19:41:00+00:00,67.305,67.325,67.295,67.315
2026-10-05 19:42:00+00:00,67.285,67.335,67.28,67.305
2026-10-05 19:43:00+00:00,67.275,67.285,67.265,67.285
2026-10-05 19:44:00+00:00,67.255,67.285,67.24,67.275
2026-10-05 19:45:00+00:00,67.265,67.3,67.205,67.25
2026-10-05 19:46:00+00:00,67.245,67.275,67.245,67.265
2026-10-05 19:47:00+00:00,67.245,67.255,67.215,67.245
2026-10-05 19:48:00+00:00,67.345,67.355,67.245,67.245
2026-10-05 19:49:00+00:00,67.325,67.345,67.315,67.345
2026-10-05 19:50:00+00:00,67.355,67.4,67.33,67.33
2026-10-05 19:51:00+00:00,67.305,67.355,67.295,67.35
2026-10-05 19:52:00+00:00,67.245,67.315,67.245,67.305
2026-10-05 19:53:00+00:00,67.275,67.28,67.24,67.245
2026-10-05 19:54:00+00:00,67.295,67.3,67.25,67.275
2026-10-05 19:55:00+00:00,67.365,67.37,67.28,67.3
2026-10-05 19:56:00+00:00,67.435,67.445,67.365,67.365
2026-10-05 19:57:00+00:00,67.455,67.46,67.395,67.44
2026-10-05 19:58:00+00:00,67.455,67.49,67.415,67.455
2026-10-05 19:59:00+00:00,67.495,67.5,67.44,67.455
2026-10-06 13:30:00+00:00,67.565,67.83,67.44,67.51
2026-10-06 13:31:00+00:00,67.505,67.6,67.445,67.57
2026-10-06 13:32:00+00:00,67.52,67.575,67.42,67.505
2026-10-06 13:33:00+00:00,67.5,67.555,67.41,67.555
2026-10-06 13:34:00+00:00,67.74,67.79,67.475,67.535
2026-10-06 13:35:00+00:00,67.745,67.79,67.7,67.74
2026-10-06 13:36:00+00:00,67.735,67.85,67.675,67.75
2026-10-06 13:37:00+00:00,67.625,67.79,67.615,67.735
2026-10-06 13:38:00+00:00,67.71,67.715,67.575,67.625
2026-10-06 13:39:00+00:00,67.62,67.745,67.59,67.71
2026-10-06 13:40:00+00:00,67.785,67.79,67.605,67.62
2026-10-06 13:41:00+00:00,67.85,67.94,67.775,67.78
2026-10-06 13:42:00+00:00,67.625,67.875,67.6,67.835
2026-10-06 13:43:00+00:00,67.635,67.73,67.625,67.635
2026-10-06 13:44:00+00:00,67.705,67.78,67.58,67.635
2026-10-06 13:45:00+00:00,67.745,67.76,67.64,67.705
2026-10-06 13:46:00+00:00,67.735,67.76,67.665,67.745
2026-10-06 13:47:00+00:00,67.685,67.86,67.66,67.86
2026-10-06 13:48:00+00:00,67.7,67.73,67.67,67.685
2026-10-06 13:49:00+00:00,67.795,67.815,67.695,67.695
2026-10-06 13:50:00+00:00,67.665,67.81,67.63,67.795
2026-10-06 13:51:00+00:00,67.585,67.675,67.56,67.67
2026-10-06 13:52:00+00:00,67.535,67.58,67.51,67.58
2026-10-06 13:53:00+00:00,67.405,67.545,67.31,67.535
2026-10-06 13:54:00+00:00,67.395,67.48,67.35,67.41
2026-10-06 13:55:00+00:00,67.44,67.47,67.38,67.4
2026-10-06 13:56:00+00:00,67.465,67.47,67.41,67.44
2026-10-06 13:57:00+00:00,67.525,67.535,67.44,67.46
2026-10-06 13:58:00+00:00,67.535,67.59,67.53,67.53
2026-10-06 13:59:00+00:00,67.625,67.63,67.54,67.545
2026-10-06 14:00:00+00:00,67.775,67.78,67.62,67.625
2026-10-06 14:01:00+00:00,67.715,67.785,67.7,67.775
2026-10-06 14:02:00+00:00,67.675,67.755,67.66,67.715
2026-10-06 14:03:00+00:00,67.63,67.685,67.6,67.675
2026-10-06 14:04:00+00:00,67.58,67.65,67.565,67.63
2026-10-06 14:05:00+00:00,67.545,67.595,67.52,67.58
2026-10-06 14:06:00+00:00,67.64,67.645,67.51,67.545
2026-10-06 14:07:00+00:00,67.735,67.74,67.645,67.645
2026-10-06 14:08:00+00:00,67.775,67.78,67.705,67.73
2026-10-06 14:09:00+00:00,67.725,67.785,67.67,67.77
2026-10-06 14:10:00+00:00,67.775,67.795,67.725,67.725
2026-10-06 14:11:00+00:00,67.795,67.795,67.74,67.77
2026-10-06 14:12:00+00:00,67.71,67.795,67.7,67.795
2026-10-06 14:13:00+00:00,67.675,67.74,67.675,67.71
2026-10-06 14:14:00+00:00,67.605,67.725,67.605,67.675
2026-10-06 14:15:00+00:00,67.62,67.625,67.58,67.605
2026-10-06 14:16:00+00:00,67.585,67.645,67.57,67.615
2026-10-06 14:17:00+00:00,67.61,67.645,67.55,67.59
2026-10-06 14:18:00+00:00,67.635,67.635,67.585,67.61
2026-10-06 14:19:00+00:00,67.59,67.67,67.58,67.635
2026-10-06 14:20:00+00:00,67.65,67.705,67.585,67.59
2026-10-06 14:21:00+00:00,67.595,67.71,67.595,67.65
2026-10-06 14:22:00+00:00,67.565,67.6,67.54,67.595
2026-10-06 14:23:00+00:00,67.515,67.575,67.505,67.565
2026-10-06 14:24:00+00:00,67.54,67.545,67.505,67.515
2026-10-06 14:25:00+00:00,67.54,67.56,67.505,67.54
2026-10-06 14:26:00+00:00,67.64,67.645,67.535,67.545
2026-10-06 14:27:00+00:00,67.645,67.68,67.64,67.645
2026-10-06 14:28:00+00:00,67.605,67.69,67.605,67.645
2026-10-06 14:29:00+00:00,67.565,67.605,67.55,67.605
2026-10-06 14:30:00+00:00,67.555,67.585,67.525,67.565
2026-10-06 14:31:00+00:00,67.565,67.59,67.54,67.555
2026-10-06 14:32:00+00:00,67.585,67.605,67.555,67.565
2026-10-06 14:33:00+00:00,67.555,67.585,67.55,67.585
2026-10-06 14:34:00+00:00,67.56,67.58,67.535,67.555
2026-10-06 14:35:00+00:00,67.595,67.595,67.535,67.56
2026-10-06 14:36:00+00:00,67.625,67.645,67.57,67.595
2026-10-06 14:37:00+00:00,67.705,67.71,67.625,67.625
2026-10-06 14:38:00+00:00,67.745,67.78,67.685,67.705
2026-10-06 14:39:00+00:00,67.745,67.765,67.72,67.745
2026-10-06 14:40:00+00:00,67.755,67.785,67.73,67.745
2026-10-06 14:41:00+00:00,67.815,67.82,67.74,67.755
2026-10-06 14:42:00+00:00,67.865,67.88,67.79,67.815
2026-10-06 14:43:00+00:00,67.865,67.88,67.86,67.865
2026-10-06 14:44:00+00:00,68.015,68.03,67.85,67.865
2026-10-06 14:45:00+00:00,68.015,68.04,67.96,68.01
2026-10-06 14:46:00+00:00,68.035,68.11,67.985,68.015
2026-10-06 14:47:00+00:00,67.965,68.04,67.94,68.035
2026-10-06 14:48:00+00:00,67.97,68.03,67.955,67.965
2026-10-06 14:49:00+00:00,67.935,67.985,67.93,67.965
2026-10-06 14:50:00+00:00,67.975,67.98,67.92,67.935
2026-10-06 14:51:00+00:00,68.005,68.06,67.975,67.975
2026-10-06 14:52:00+00:00,67.87,68.01,67.83,68.005
2026-10-06 14:53:00+00:00,67.925,67.925,67.87,67.87
2026-10-06 14:54:00+00:00,67.965,67.985,67.91,67.925
2026-10-06 14:55:00+00:00,67.965,67.995,67.955,67.965
2026-10-06 14:56:00+00:00,68.015,68.03,67.96,67.965
2026-10-06 14:57:00+00:00,67.99,68.02,67.975,68.015
2026-10-06 14:58:00+00:00,68.06,68.08,67.96,67.99
2026-10-06 14:59:00+00:00,68.085,68.09,68.05,68.06
2026-10-06 15:00:00+00:00,68.095,68.105,68.06,68.085
2026-10-06 15:01:00+00:00,68.155,68.16,68.08,68.095
2026-10-06 15:02:00+00:00,68.205,68.21,68.13,68.155
2026-10-06 15:03:00+00:00,68.175,68.245,68.175,68.21
2026-10-06 15:04:00+00:00,68.225,68.28,68.16,68.175
2026-10-06 15:05:00+00:00,68.235,68.28,68.215,68.225
2026-10-06 15:06:00+00:00,68.255,68.265,68.22,68.235
2026-10-06 15:07:00+00:00,68.155,68.255,68.15,68.255
2026-10-06 15:08:00+00:00,68.105,68.17,68.095,68.15
2026-10-06 15:09:00+00:00,68.065,68.12,68.04,68.105
2026-10-06 15:10:00+00:00,68.13,68.13,68.06,68.065
2026-10-06 15:11:00+00:00,68.185,68.2,68.1,68.13
2026-10-06 15:12:00+00:00,68.265,68.27,68.185,68.185
2026-10-06 15:13:00+00:00,68.255,68.275,68.225,68.27
2026-10-06 15:14:00+00:00,68.275,68.31,68.255,68.26
2026-10-06 15:15:00+00:00,68.255,68.305,68.25,68.275
2026-10-06 15:16:00+00:00,68.185,68.275,68.18,68.255
2026-10-06 15:17:00+00:00,68.275,68.28,68.18,68.185
2026-10-06 15:18:00+00:00,68.305,68.305,68.27,68.275
2026-10-06 15:19:00+00:00,68.305,68.31,68.28,68.305
2026-10-06 15:20:00+00:00,68.335,68.37,68.305,68.305
2026-10-06 15:21:00+00:00,68.395,68.405,68.325,68.335
2026-10-06 15:22:00+00:00,68.405,68.425,68.385,68.395
2026-10-06 15:23:00+00:00,68.35,68.415,68.32,68.405
2026-10-06 15:24:00+00:00,68.415,68.425,68.345,68.35
2026-10-06 15:25:00+00:00,68.425,68.445,68.385,68.415
2026-10-06 15:26:00+00:00,68.475,68.5,68.415,68.425
2026-10-06 15:27:00+00:00,68.415,68.475,68.41,68.475
2026-10-06 15:28:00+00:00,68.415,68.42,68.38,68.415
2026-10-06 15:29:00+00:00,68.325,68.415,68.31,68.415
2026-10-06 15:30:00+00:00,68.335,68.355,68.305,68.325
2026-10-06 15:31:00+00:00,68.335,68.37,68.325,68.34
2026-10-06 15:32:00+00:00,68.365,68.38,68.335,68.335
2026-10-06 15:33:00+00:00,68.435,68.44,68.36,68.365
2026-10-06 15:34:00+00:00,68.455,68.46,68.405,68.435
2026-10-06 15:35:00+00:00,68.385,68.46,68.37,68.455
2026-10-06 15:36:00+00:00,68.375,68.4,68.365,68.385
2026-10-06 15:37:00+00:00,68.31,68.38,68.305,68.375
2026-10-06 15:38:00+00:00,68.285,68.325,68.27,68.31
2026-10-06 15:39:00+00:00,68.245,68.28,68.23,68.28
2026-10-06 15:40:00+00:00,68.215,68.26,68.185,68.245
2026-10-06 15:41:00+00:00,68.165,68.23,68.13,68.215
2026-10-06 15:42:00+00:00,68.115,68.165,68.08,68.16
2026-10-06 15:43:00+00:00,68.115,68.13,68.085,68.115
2026-10-06 15:44:00+00:00,68.075,68.12,68.05,68.115
2026-10-06 15:45:00+00:00,68.075,68.1,68.07,68.075
2026-10-06 15:46:00+00:00,68.075,68.08,68.025,68.075
2026-10-06 15:47:00+00:00,68.055,68.115,68.05,68.075
2026-10-06 15:48:00+00:00,68.105,68.14,68.05,68.055
2026-10-06 15:49:00+00:00,68.065,68.115,68.05,68.1
2026-10-06 15:50:00+00:00,68.045,68.075,68.04,68.065
2026-10-06 15:51:00+00:00,68.035,68.065,68.02,68.045
2026-10-06 15:52:00+00:00,68.03,68.07,68.02,68.035
2026-10-06 15:53:00+00:00,68.045,68.05,67.99,68.03
2026-10-06 15:54:00+00:00,68.125,68.13,68.045,68.045
2026-10-06 15:55:00+00:00,68.135,68.14,68.125,68.125
2026-10-06 15:56:00+00:00,68.135,68.14,68.12,68.135
2026-10-06 15:57:00+00:00,68.115,68.135,68.09,68.135
2026-10-06 15:58:00+00:00,68.115,68.12,68.1,68.115
2026-10-06 15:59:00+00:00,68.1,68.13,68.095,68.115
2026-10-06 16:00:00+00:00,68.145,68.145,68.1,68.105
2026-10-06 16:01:00+00:00,68.12,68.145,68.115,68.145
2026-10-06 16:02:00+00:00,68.185,68.19,68.11,68.12
2026-10-06 16:03:00+00:00,68.285,68.29,68.185,68.185
2026-10-06 16:04:00+00:00,68.315,68.32,68.275,68.285
2026-10-06 16:05:00+00:00,68.375,68.38,68.305,68.315
2026-10-06 16:06:00+00:00,68.325,68.39,68.32,68.37
2026-10-06 16:07:00+00:00,68.365,68.375,68.31,68.32
2026-10-06 16:08:00+00:00,68.295,68.375,68.29,68.365
2026-10-06 16:09:00+00:00,68.255,68.295,68.24,68.295
2026-10-06 16:10:00+00:00,68.255,68.265,68.24,68.255
2026-10-06 16:11:00+00:00,68.245,68.265,68.23,68.255
2026-10-06 16:12:00+00:00,68.24,68.27,68.22,68.245
2026-10-06 16:13:00+00:00,68.235,68.26,68.23,68.24
2026-10-06 16:14:00+00:00,68.22,68.245,68.205,68.235
2026-10-06 16:15:00+00:00,68.105,68.215,68.09,68.215
2026-10-06 16:16:00+00:00,68.05,68.125,68.045,68.105
2026-10-06 16:17:00+00:00,68.025,68.055,68.005,68.055
2026-10-06 16:18:00+00:00,67.975,68.025,67.97,68.025
2026-10-06 16:19:00+00:00,67.94,67.985,67.93,67.975
2026-10-06 16:20:00+00:00,67.995,68.005,67.935,67.945
2026-10-06 16:21:00+00:00,68.015,68.035,67.995,67.995
2026-10-06 16:22:00+00:00,67.965,68.015,67.955,68.015
2026-10-06 16:23:00+00:00,67.935,67.97,67.93,67.965
2026-10-06 16:24:00+00:00,67.905,67.94,67.89,67.935
2026-10-06 16:25:00+00:00,67.885,67.905,67.87,67.905
2026-10-06 16:26:00+00:00,67.905,67.91,67.875,67.885
2026-10-06 16:27:00+00:00,67.865,67.915,67.86,67.905
2026-10-06 16:28:00+00:00,67.895,67.915,67.84,67.865
2026-10-06 16:29:00+00:00,67.885,67.905,67.88,67.895
2026-10-06 16:30:00+00:00,67.865,67.9,67.86,67.885
2026-10-06 16:31:00+00:00,67.835,67.865,67.83,67.865
2026-10-06 16:32:00+00:00,67.855,67.86,67.82,67.835
2026-10-06 16:33:00+00:00,67.845,67.87,67.83,67.855
2026-10-06 16:34:00+00:00,67.825,67.86,67.82,67.845
2026-10-06 16:35:00+00:00,67.865,67.88,67.81,67.825
2026-10-06 16:36:00+00:00,67.85,67.89,67.85,67.87
2026-10-06 16:37:00+00:00,67.815,67.855,67.815,67.85
2026-10-06 16:38:00+00:00,67.845,67.845,67.815,67.82
2026-10-06 16:39:00+00:00,67.89,67.89,67.84,67.845
2026-10-06 16:40:00+00:00,67.925,67.93,67.885,67.885
2026-10-06 16:41:00+00:00,67.885,67.925,67.88,67.925
2026-10-06 16:42:00+00:00,67.915,67.92,67.88,67.885
2026-10-06 16:43:00+00:00,67.965,67.97,67.915,67.915
2026-10-06 16:44:00+00:00,67.995,68.01,67.965,67.965
2026-10-06 16:45:00+00:00,68.01,68.03,67.995,67.995
2026-10-06 16:46:00+00:00,67.985,68.015,67.98,68.01
2026-10-06 16:47:00+00:00,67.935,67.985,67.93,67.985
2026-10-06 16:48:00+00:00,67.88,67.945,67.86,67.93
2026-10-06 16:49:00+00:00,67.925,67.95,67.88,67.885
2026-10-06 16:50:00+00:00,67.925,67.93,67.9,67.925
2026-10-06 16:51:00+00:00,67.955,67.96,67.905,67.925
2026-10-06 16:52:00+00:00,67.975,67.99,67.94,67.955
2026-10-06 16:53:00+00:00,67.985,68.0,67.97,67.975
2026-10-06 16:54:00+00:00,67.955,67.99,67.955,67.985
2026-10-06 16:55:00+00:00,67.975,67.99,67.955,67.955
2026-10-06 16:56:00+00:00,67.995,67.995,67.965,67.975
2026-10-06 16:57:00+00:00,68.015,68.045,67.98,67.995
2026-10-06 16:58:00+00:00,67.975,68.02,67.96,68.015
2026-10-06 16:59:00+00:00,67.965,68.0,67.96,67.975
2026-10-06 17:00:00+00:00,68.0,68.01,67.96,67.965
2026-10-06 17:01:00+00:00,68.015,68.03,68.0,68.0
2026-10-06 17:02:00+00:00,67.965,68.04,67.96,68.015
2026-10-06 17:03:00+00:00,67.995,68.02,67.96,67.965
2026-10-06 17:04:00+00:00,68.035,68.045,67.995,67.995
2026-10-06 17:05:00+00:00,68.005,68.06,68.0,68.035
2026-10-06 17:06:00+00:00,68.01,68.015,67.98,68.005
2026-10-06 17:07:00+00:00,68.06,68.07,67.99,68.01
2026-10-06 17:08:00+00:00,68.03,68.075,68.02,68.065
2026-10-06 17:09:00+00:00,68.045,68.05,68.01,68.025
2026-10-06 17:10:00+00:00,68.09,68.1,68.04,68.045
2026-10-06 17:11:00+00:00,68.095,68.12,68.09,68.09
2026-10-06 17:12:00+00:00,68.055,68.095,68.05,68.095
2026-10-06 17:13:00+00:00,68.065,68.075,68.04,68.06
2026-10-06 17:14:00+00:00,68.055,68.08,68.05,68.065
2026-10-06 17:15:00+00:00,68.085,68.095,68.06,68.06
2026-10-06 17:16:00+00:00,68.035,68.085,68.02,68.08
2026-10-06 17:17:00+00:00,68.025,68.06,68.02,68.035
2026-10-06 17:18:00+00:00,68.01,68.03,67.98,68.025
2026-10-06 17:19:00+00:00,67.98,68.025,67.97,68.01
2026-10-06 17:20:00+00:00,67.955,67.985,67.91,67.985
2026-10-06 17:21:00+00:00,67.945,67.97,67.92,67.955
2026-10-06 17:22:00+00:00,67.905,67.955,67.875,67.945
2026-10-06 17:23:00+00:00,67.945,67.95,67.9,67.905
2026-10-06 17:24:00+00:00,67.965,67.97,67.945,67.945
2026-10-06 17:25:00+00:00,67.925,67.975,67.84,67.965
2026-10-06 17:26:00+00:00,67.925,67.945,67.91,67.925
2026-10-06 17:27:00+00:00,67.975,67.985,67.905,67.925
2026-10-06 17:28:00+00:00,68.005,68.03,67.975,67.975
2026-10-06 17:29:00+00:00,68.03,68.07,68.005,68.01
2026-10-06 17:30:00+00:00,68.065,68.065,68.01,68.03
2026-10-06 17:31:00+00:00,68.135,68.135,68.05,68.065
2026-10-06 17:32:00+00:00,68.16,68.17,68.1,68.135
2026-10-06 17:33:00+00:00,68.18,68.18,68.145,68.16
2026-10-06 17:34:00+00:00,68.225,68.23,68.15,68.175
2026-10-06 17:35:00+00:00,68.135,68.23,68.13,68.225
2026-10-06 17:36:00+00:00,68.135,68.16,68.13,68.14
2026-10-06 17:37:00+00:00,68.17,68.17,68.125,68.135
2026-10-06 17:38:00+00:00,68.125,68.175,68.11,68.17
2026-10-06 17:39:00+00:00,68.055,68.13,68.05,68.125
2026-10-06 17:40:00+00:00,68.065,68.075,68.05,68.055
2026-10-06 17:41:00+00:00,68.085,68.095,68.055,68.065
2026-10-06 17:42:00+00:00,68.125,68.13,68.085,68.085
2026-10-06 17:43:00+00:00,68.055,68.13,68.05,68.125
2026-10-06 17:44:00+00:00,68.075,68.08,68.055,68.055
2026-10-06 17:45:00+00:00,68.135,68.15,68.07,68.075
2026-10-06 17:46:00+00:00,68.115,68.15,68.095,68.135
2026-10-06 17:47:00+00:00,68.105,68.115,68.08,68.11
2026-10-06 17:48:00+00:00,68.125,68.125,68.105,68.105
2026-10-06 17:49:00+00:00,68.145,68.155,68.115,68.125
2026-10-06 17:50:00+00:00,68.175,68.18,68.145,68.15
2026-10-06 17:51:00+00:00,68.175,68.18,68.155,68.175
2026-10-06 17:52:00+00:00,68.135,68.18,68.125,68.175
2026-10-06 17:53:00+00:00,68.175,68.195,68.135,68.14
2026-10-06 17:54:00+00:00,68.195,68.195,68.165,68.175
2026-10-06 17:55:00+00:00,68.195,68.225,68.19,68.195
2026-10-06 17:56:00+00:00,68.165,68.2,68.16,68.195
2026-10-06 17:57:00+00:00,68.135,68.18,68.13,68.165
2026-10-06 17:58:00+00:00,68.135,68.145,68.085,68.135
2026-10-06 17:59:00+00:00,68.115,68.14,68.1,68.135
2026-10-06 18:00:00+00:00,68.085,68.13,68.085,68.115
2026-10-06 18:01:00+00:00,68.165,68.165,68.085,68.085
2026-10-06 18:02:00+00:00,68.215,68.22,68.165,68.165
2026-10-06 18:03:00+00:00,68.235,68.24,68.2,68.215
2026-10-06 18:04:00+00:00,68.24,68.26,68.22,68.235
2026-10-06 18:05:00+00:00,68.165,68.25,68.16,68.24
2026-10-06 18:06:00+00:00,68.145,68.165,68.12,68.16
2026-10-06 18:07:00+00:00,68.145,68.16,68.135,68.15
2026-10-06 18:08:00+00:00,68.155,68.16,68.11,68.145
2026-10-06 18:09:00+00:00,68.205,68.23,68.155,68.155
2026-10-06 18:10:00+00:00,68.205,68.21,68.195,68.205
2026-10-06 18:11:00+00:00,68.195,68.225,68.18,68.205
2026-10-06 18:12:00+00:00,68.255,68.26,68.195,68.195
2026-10-06 18:13:00+00:00,68.255,68.27,68.24,68.255
2026-10-06 18:14:00+00:00,68.235,68.265,68.22,68.265
2026-10-06 18:15:00+00:00,68.275,68.29,68.235,68.24
2026-10-06 18:16:00+00:00,68.285,68.29,68.265,68.27
2026-10-06 18:17:00+00:00,68.265,68.3,68.25,68.285
2026-10-06 18:18:00+00:00,68.255,68.265,68.25,68.265
2026-10-06 18:19:00+00:00,68.295,68.295,68.255,68.255
2026-10-06 18:20:00+00:00,68.305,68.31,68.275,68.295
2026-10-06 18:21:00+00:00,68.275,68.32,68.275,68.305
2026-10-06 18:22:00+00:00,68.185,68.275,68.18,68.275
2026-10-06 18:23:00+00:00,68.135,68.2,68.13,68.185
2026-10-06 18:24:00+00:00,68.155,68.17,68.12,68.135
2026-10-06 18:25:00+00:00,68.185,68.185,68.15,68.155
2026-10-06 18:26:00+00:00,68.175,68.195,68.175,68.185
2026-10-06 18:27:00+00:00,68.135,68.175,68.13,68.175
2026-10-06 18:28:00+00:00,68.125,68.135,68.115,68.135
2026-10-06 18:29:00+00:00,68.115,68.125,68.105,68.125
2026-10-06 18:30:00+00:00,68.145,68.15,68.115,68.115
2026-10-06 18:31:00+00:00,68.175,68.18,68.13,68.145
2026-10-06 18:32:00+00:00,68.185,68.205,68.17,68.17
2026-10-06 18:33:00+00:00,68.185,68.19,68.175,68.185
2026-10-06 18:34:00+00:00,68.195,68.2,68.185,68.185
2026-10-06 18:35:00+00:00,68.175,68.2,68.17,68.195
2026-10-06 18:36:00+00:00,68.135,68.185,68.13,68.175
2026-10-06 18:37:00+00:00,68.165,68.17,68.125,68.135
2026-10-06 18:38:00+00:00,68.215,68.22,68.165,68.165
2026-10-06 18:39:00+00:00,68.215,68.225,68.205,68.215
2026-10-06 18:40:00+00:00,68.235,68.25,68.205,68.215
2026-10-06 18:41:00+00:00,68.245,68.255,68.23,68.23
2026-10-06 18:42:00+00:00,68.255,68.26,68.235,68.25
2026-10-06 18:43:00+00:00,68.205,68.27,68.205,68.255
2026-10-06 18:44:00+00:00,68.195,68.21,68.17,68.205
2026-10-06 18:45:00+00:00,68.185,68.2,68.18,68.195
2026-10-06 18:46:00+00:00,68.195,68.2,68.18,68.185
2026-10-06 18:47:00+00:00,68.185,68.21,68.185,68.195
2026-10-06 18:48:00+00:00,68.155,68.2,68.145,68.19
2026-10-06 18:49:00+00:00,68.205,68.21,68.155,68.155
2026-10-06 18:50:00+00:00,68.235,68.24,68.205,68.205
2026-10-06 18:51:00+00:00,68.225,68.255,68.225,68.235
2026-10-06 18:52:00+00:00,68.225,68.24,68.22,68.225
2026-10-06 18:53:00+00:00,68.215,68.225,68.21,68.225
2026-10-06 18:54:00+00:00,68.215,68.23,68.205,68.215
2026-10-06 18:55:00+00:00,68.26,68.28,68.215,68.215
2026-10-06 18:56:00+00:00,68.295,68.32,68.255,68.255
2026-10-06 18:57:00+00:00,68.265,68.31,68.265,68.295
2026-10-06 18:58:00+00:00,68.245,68.28,68.245,68.265
2026-10-06 18:59:00+00:00,68.255,68.27,68.245,68.245
2026-10-06 19:00:00+00:00,68.265,68.275,68.255,68.255
2026-10-06 19:01:00+00:00,68.29,68.31,68.265,68.265
2026-10-06 19:02:00+00:00,68.295,68.31,68.285,68.285
2026-10-06 19:03:00+00:00,68.275,68.305,68.275,68.295
2026-10-06 19:04:00+00:00,68.28,68.285,68.265,68.275
2026-10-06 19:05:00+00:00,68.295,68.31,68.275,68.28
2026-10-06 19:06:00+00:00,68.255,68.295,68.255,68.295
2026-10-06 19:07:00+00:00,68.255,68.265,68.23,68.255
2026-10-06 19:08:00+00:00,68.275,68.275,68.245,68.255
2026-10-06 19:09:00+00:00,68.255,68.305,68.25,68.275
2026-10-06 19:10:00+00:00,68.255,68.265,68.225,68.255
2026-10-06 19:11:00+00:00,68.265,68.27,68.245,68.255
2026-10-06 19:12:00+00:00,68.285,68.29,68.255,68.265
2026-10-06 19:13:00+00:00,68.305,68.305,68.285,68.285
2026-10-06 19:14:00+00:00,68.335,68.34,68.305,68.305
2026-10-06 19:15:00+00:00,68.43,68.435,68.335,68.335
2026-10-06 19:16:00+00:00,68.425,68.455,68.41,68.425
2026-10-06 19:17:00+00:00,68.385,68.425,68.375,68.42
2026-10-06 19:18:00+00:00,68.345,68.385,68.33,68.385
2026-10-06 19:19:00+00:00,68.415,68.42,68.345,68.345
2026-10-06 19:20:00+00:00,68.415,68.44,68.395,68.415
2026-10-06 19:21:00+00:00,68.375,68.42,68.365,68.41
2026-10-06 19:22:00+00:00,68.375,68.39,68.365,68.375
2026-10-06 19:23:00+00:00,68.385,68.39,68.325,68.37
2026-10-06 19:24:00+00:00,68.375,68.415,68.365,68.385
2026-10-06 19:25:00+00:00,68.395,68.4,68.375,68.375
2026-10-06 19:26:00+00:00,68.415,68.44,68.385,68.395
2026-10-06 19:27:00+00:00,68.385,68.44,68.385,68.415
2026-10-06 19:28:00+00:00,68.405,68.41,68.38,68.39
2026-10-06 19:29:00+00:00,68.475,68.485,68.4,68.405
2026-10-06 19:30:00+00:00,68.495,68.525,68.475,68.48
2026-10-06 19:31:00+00:00,68.575,68.58,68.485,68.495
2026-10-06 19:32:00+00:00,68.575,68.595,68.555,68.575
2026-10-06 19:33:00+00:00,68.535,68.57,68.535,68.57
2026-10-06 19:34:00+00:00,68.475,68.535,68.465,68.535
2026-10-06 19:35:00+00:00,68.495,68.51,68.465,68.475
2026-10-06 19:36:00+00:00,68.485,68.5,68.465,68.495
2026-10-06 19:37:00+00:00,68.535,68.54,68.48,68.485
2026-10-06 19:38:00+00:00,68.585,68.585,68.51,68.535
2026-10-06 19:39:00+00:00,68.585,68.66,68.575,68.58
2026-10-06 19:40:00+00:00,68.595,68.605,68.57,68.585
2026-10-06 19:41:00+00:00,68.595,68.625,68.58,68.595
2026-10-06 19:42:00+00:00,68.585,68.615,68.575,68.595
2026-10-06 19:43:00+00:00,68.675,68.685,68.58,68.585
2026-10-06 19:44:00+00:00,68.675,68.7,68.66,68.675
2026-10-06 19:45:00+00:00,68.625,68.675,68.605,68.675
2026-10-06 19:46:00+00:00,68.595,68.625,68.57,68.625
2026-10-06 19:47:00+00:00,68.605,68.63,68.57,68.595
2026-10-06 19:48:00+00:00,68.625,68.63,68.58,68.605
2026-10-06 19:49:00+00:00,68.625,68.65,68.62,68.63
2026-10-06 19:50:00+00:00,68.685,68.705,68.615,68.62
2026-10-06 19:51:00+00:00,68.705,68.755,68.66,68.685
2026-10-06 19:52:00+00:00,68.715,68.725,68.695,68.705
2026-10-06 19:53:00+00:00,68.705,68.735,68.69,68.715
2026-10-06 19:54:00+00:00,68.695,68.76,68.69,68.705
2026-10-06 19:55:00+00:00,68.745,68.745,68.61,68.695
2026-10-06 19:56:00+00:00,68.725,68.775,68.725,68.745
2026-10-06 19:57:00+00:00,68.675,68.74,68.665,68.725
2026-10-06 19:58:00+00:00,68.705,68.725,68.675,68.675
2026-10-06 19:59:00+00:00,68.715,68.745,68.705,68.705
2026-10-07 13:30:00+00:00,69.075,69.12,68.74,68.85
2026-10-07 13:31:00+00:00,68.86,69.1,68.775,69.085
2026-10-07 13:32:00+00:00,68.99,69.105,68.815,68.89
2026-10-07 13:33:00+00:00,69.1,69.15,68.925,68.985
2026-10-07 13:34:00+00:00,68.995,69.19,68.995,69.15
2026-10-07 13:35:00+00:00,68.83,69.085,68.815,69.01
2026-10-07 13:36:00+00:00,68.665,68.84,68.61,68.815
2026-10-07 13:37:00+00:00,68.78,68.79,68.65,68.67
2026-10-07 13:38:00+00:00,68.94,68.95,68.775,68.775
2026-10-07 13:39:00+00:00,68.89,68.975,68.845,68.94
2026-10-07 13:40:00+00:00,68.675,68.97,68.665,68.9
2026-10-07 13:41:00+00:00,68.695,68.735,68.495,68.675
2026-10-07 13:42:00+00:00,68.745,68.765,68.635,68.7
2026-10-07 13:43:00+00:00,68.765,68.835,68.72,68.73
2026-10-07 13:44:00+00:00,68.875,68.9,68.75,68.765
2026-10-07 13:45:00+00:00,68.94,68.97,68.835,68.875
2026-10-07 13:46:00+00:00,69.065,69.085,68.93,68.935
2026-10-07 13:47:00+00:00,69.08,69.15,69.03,69.065
2026-10-07 13:48:00+00:00,69.12,69.165,69.03,69.08
2026-10-07 13:49:00+00:00,68.91,69.17,68.91,69.12
2026-10-07 13:50:00+00:00,69.06,69.095,68.91,68.91
2026-10-07 13:51:00+00:00,69.095,69.175,69.04,69.06
2026-10-07 13:52:00+00:00,69.08,69.135,69.04,69.09
2026-10-07 13:53:00+00:00,69.035,69.1,69.0,69.075
2026-10-07 13:54:00+00:00,68.985,69.04,68.935,69.035
2026-10-07 13:55:00+00:00,69.02,69.055,68.98,68.985
2026-10-07 13:56:00+00:00,69.06,69.085,69.0,69.02
2026-10-07 13:57:00+00:00,68.895,69.1,68.875,69.065
2026-10-07 13:58:00+00:00,68.79,68.93,68.73,68.905
2026-10-07 13:59:00+00:00,68.77,68.84,68.735,68.79
2026-10-07 14:00:00+00:00,68.75,68.845,68.73,68.765
2026-10-07 14:01:00+00:00,68.705,68.81,68.66,68.755
2026-10-07 14:02:00+00:00,68.765,68.77,68.64,68.705
2026-10-07 14:03:00+00:00,68.865,68.91,68.765,68.77
2026-10-07 14:04:00+00:00,68.835,68.925,68.795,68.865
2026-10-07 14:05:00+00:00,68.86,68.94,68.815,68.835
2026-10-07 14:06:00+00:00,68.845,68.9,68.82,68.86
2026-10-07 14:07:00+00:00,68.81,68.91,68.8,68.845
2026-10-07 14:08:00+00:00,68.785,68.81,68.685,68.81
2026-10-07 14:09:00+00:00,68.735,68.83,68.725,68.785
2026-10-07 14:10:00+00:00,68.785,68.815,68.71,68.73
2026-10-07 14:11:00+00:00,68.775,68.875,68.76,68.785
2026-10-07 14:12:00+00:00,68.715,68.78,68.705,68.775
2026-10-07 14:13:00+00:00,68.675,68.76,68.67,68.715
2026-10-07 14:14:00+00:00,68.685,68.71,68.66,68.68
2026-10-07 14:15:00+00:00,68.675,68.69,68.64,68.68
2026-10-07 14:16:00+00:00,68.605,68.675,68.575,68.67
2026-10-07 14:17:00+00:00,68.645,68.68,68.59,68.61
2026-10-07 14:18:00+00:00,68.74,68.74,68.64,68.645
2026-10-07 14:19:00+00:00,68.635,68.745,68.62,68.74
2026-10-07 14:20:00+00:00,68.685,68.73,68.61,68.635
2026-10-07 14:21:00+00:00,68.685,68.76,68.685,68.685
2026-10-07 14:22:00+00:00,68.725,68.765,68.68,68.68
2026-10-07 14:23:00+00:00,68.685,68.725,68.66,68.725
2026-10-07 14:24:00+00:00,68.66,68.7,68.62,68.685
2026-10-07 14:25:00+00:00,68.67,68.68,68.63,68.66
2026-10-07 14:26:00+00:00,68.665,68.69,68.65,68.67
2026-10-07 14:27:00+00:00,68.62,68.685,68.62,68.665
2026-10-07 14:28:00+00:00,68.625,68.68,68.62,68.62
2026-10-07 14:29:00+00:00,68.745,68.765,68.615,68.63
2026-10-07 14:30:00+00:00,68.705,68.775,68.7,68.74
2026-10-07 14:31:00+00:00,68.765,68.78,68.7,68.705
2026-10-07 14:32:00+00:00,68.695,68.805,68.65,68.765
2026-10-07 14:33:00+00:00,68.735,68.74,68.68,68.695
2026-10-07 14:34:00+00:00,68.725,68.755,68.705,68.735
2026-10-07 14:35:00+00:00,68.805,68.82,68.695,68.725
2026-10-07 14:36:00+00:00,68.71,68.86,68.7,68.805
2026-10-07 14:37:00+00:00,68.655,68.725,68.65,68.71
2026-10-07 14:38:00+00:00,68.73,68.74,68.64,68.65
2026-10-07 14:39:00+00:00,68.72,68.73,68.69,68.725
2026-10-07 14:40:00+00:00,68.745,68.745,68.69,68.725
2026-10-07 14:41:00+00:00,68.75,68.78,68.73,68.745
2026-10-07 14:42:00+00:00,68.635,68.75,68.62,68.75
2026-10-07 14:43:00+00:00,68.655,68.66,68.62,68.635
2026-10-07 14:44:00+00:00,68.625,68.67,68.58,68.655
2026-10-07 14:45:00+00:00,68.655,68.67,68.59,68.625
2026-10-07 14:46:00+00:00,68.655,68.71,68.63,68.655
2026-10-07 14:47:00+00:00,68.595,68.66,68.57,68.66
2026-10-07 14:48:00+00:00,68.785,68.79,68.57,68.595
2026-10-07 14:49:00+00:00,68.835,68.84,68.76,68.79
2026-10-07 14:50:00+00:00,68.825,68.87,68.78,68.835
2026-10-07 14:51:00+00:00,68.865,68.885,68.825,68.825
2026-10-07 14:52:00+00:00,68.82,68.875,68.81,68.865
2026-10-07 14:53:00+00:00,68.81,68.83,68.78,68.825
2026-10-07 14:54:00+00:00,68.805,68.845,68.79,68.805
2026-10-07 14:55:00+00:00,68.845,68.85,68.79,68.8
2026-10-07 14:56:00+00:00,68.93,68.935,68.845,68.845
2026-10-07 14:57:00+00:00,68.98,68.995,68.925,68.93
2026-10-07 14:58:00+00:00,68.96,68.995,68.955,68.98
2026-10-07 14:59:00+00:00,68.935,68.99,68.92,68.96
2026-10-07 15:00:00+00:00,68.905,68.95,68.89,68.935
2026-10-07 15:01:00+00:00,68.915,68.915,68.86,68.9
2026-10-07 15:02:00+00:00,68.895,68.95,68.895,68.91
2026-10-07 15:03:00+00:00,68.855,68.895,68.85,68.895
2026-10-07 15:04:00+00:00,68.775,68.86,68.77,68.855
2026-10-07 15:05:00+00:00,68.815,68.825,68.77,68.775
2026-10-07 15:06:00+00:00,68.795,68.845,68.79,68.815
2026-10-07 15:07:00+00:00,68.745,68.81,68.73,68.795
2026-10-07 15:08:00+00:00,68.745,68.77,68.73,68.745
2026-10-07 15:09:00+00:00,68.805,68.81,68.75,68.75
2026-10-07 15:10:00+00:00,68.825,68.83,68.79,68.8
2026-10-07 15:11:00+00:00,68.885,68.91,68.8,68.82
2026-10-07 15:12:00+00:00,68.785,68.89,68.78,68.88
2026-10-07 15:13:00+00:00,68.795,68.82,68.78,68.785
2026-10-07 15:14:00+00:00,68.785,68.82,68.78,68.795
2026-10-07 15:15:00+00:00,68.705,68.785,68.685,68.785
2026-10-07 15:16:00+00:00,68.725,68.73,68.69,68.705
2026-10-07 15:17:00+00:00,68.665,68.725,68.655,68.725
2026-10-07 15:18:00+00:00,68.575,68.68,68.57,68.665
2026-10-07 15:19:00+00:00,68.455,68.57,68.405,68.57
2026-10-07 15:20:00+00:00,68.515,68.535,68.45,68.455
2026-10-07 15:21:00+00:00,68.485,68.525,68.45,68.515
2026-10-07 15:22:00+00:00,68.535,68.56,68.47,68.485
2026-10-07 15:23:00+00:00,68.51,68.56,68.505,68.535
2026-10-07 15:24:00+00:00,68.505,68.535,68.47,68.505
2026-10-07 15:25:00+00:00,68.505,68.53,68.47,68.505
2026-10-07 15:26:00+00:00,68.505,68.51,68.445,68.505
2026-10-07 15:27:00+00:00,68.465,68.515,68.46,68.505
2026-10-07 15:28:00+00:00,68.485,68.495,68.46,68.465
2026-10-07 15:29:00+00:00,68.535,68.54,68.47,68.485
2026-10-07 15:30:00+00:00,68.635,68.64,68.535,68.535
2026-10-07 15:31:00+00:00,68.685,68.69,68.64,68.64
2026-10-07 15:32:00+00:00,68.675,68.72,68.67,68.685
2026-10-07 15:33:00+00:00,68.705,68.72,68.66,68.68
2026-10-07 15:34:00+00:00,68.735,68.745,68.695,68.71
2026-10-07 15:35:00+00:00,68.775,68.785,68.7,68.735
2026-10-07 15:36:00+00:00,68.775,68.79,68.71,68.775
2026-10-07 15:37:00+00:00,68.81,68.83,68.765,68.775
2026-10-07 15:38:00+00:00,68.76,68.835,68.75,68.81
2026-10-07 15:39:00+00:00,68.765,68.8,68.755,68.765
2026-10-07 15:40:00+00:00,68.795,68.83,68.765,68.765
2026-10-07 15:41:00+00:00,68.785,68.8,68.775,68.795
2026-10-07 15:42:00+00:00,68.805,68.81,68.775,68.785
2026-10-07 15:43:00+00:00,68.795,68.84,68.76,68.805
2026-10-07 15:44:00+00:00,68.895,68.91,68.78,68.795
2026-10-07 15:45:00+00:00,68.97,68.99,68.895,68.895
2026-10-07 15:46:00+00:00,69.035,69.05,68.95,68.965
2026-10-07 15:47:00+00:00,69.145,69.145,69.02,69.035
2026-10-07 15:48:00+00:00,69.145,69.18,69.13,69.14
2026-10-07 15:49:00+00:00,69.055,69.16,69.045,69.145
2026-10-07 15:50:00+00:00,69.085,69.1,69.0,69.05
2026-10-07 15:51:00+00:00,69.065,69.09,69.03,69.085
2026-10-07 15:52:00+00:00,69.155,69.165,69.025,69.06
2026-10-07 15:53:00+00:00,69.215,69.22,69.14,69.16
2026-10-07 15:54:00+00:00,69.175,69.235,69.16,69.215
2026-10-07 15:55:00+00:00,69.135,69.185,69.12,69.18
2026-10-07 15:56:00+00:00,69.135,69.15,69.11,69.135
2026-10-07 15:57:00+00:00,69.095,69.145,69.07,69.135
2026-10-07 15:58:00+00:00,69.105,69.11,69.06,69.095
2026-10-07 15:59:00+00:00,69.105,69.13,69.08,69.105
2026-10-07 16:00:00+00:00,69.115,69.14,69.09,69.105
2026-10-07 16:01:00+00:00,69.155,69.22,69.105,69.115
2026-10-07 16:02:00+00:00,69.145,69.17,69.13,69.16
2026-10-07 16:03:00+00:00,69.185,69.2,69.125,69.14
2026-10-07 16:04:00+00:00,69.215,69.215,69.185,69.185
2026-10-07 16:05:00+00:00,69.265,69.27,69.205,69.21
2026-10-07 16:06:00+00:00,69.215,69.275,69.21,69.265
2026-10-07 16:07:00+00:00,69.235,69.24,69.175,69.215
2026-10-07 16:08:00+00:00,69.215,69.25,69.19,69.235
2026-10-07 16:09:00+00:00,69.235,69.25,69.21,69.22
2026-10-07 16:10:00+00:00,69.25,69.265,69.23,69.235
2026-10-07 16:11:00+00:00,69.255,69.27,69.245,69.255
2026-10-07 16:12:00+00:00,69.215,69.255,69.21,69.255
2026-10-07 16:13:00+00:00,69.245,69.245,69.2,69.215
2026-10-07 16:14:00+00:00,69.245,69.265,69.23,69.245
2026-10-07 16:15:00+00:00,69.295,69.3,69.22,69.245
2026-10-07 16:16:00+00:00,69.205,69.31,69.19,69.295
2026-10-07 16:17:00+00:00,69.18,69.215,69.155,69.21
2026-10-07 16:18:00+00:00,69.195,69.21,69.18,69.18
2026-10-07 16:19:00+00:00,69.185,69.21,69.17,69.195
2026-10-07 16:20:00+00:00,69.215,69.215,69.17,69.185
2026-10-07 16:21:00+00:00,69.235,69.24,69.2,69.215
2026-10-07 16:22:00+00:00,69.255,69.26,69.23,69.235
2026-10-07 16:23:00+00:00,69.245,69.265,69.23,69.255
2026-10-07 16:24:00+00:00,69.185,69.25,69.175,69.245
2026-10-07 16:25:00+00:00,69.245,69.26,69.18,69.185
2026-10-07 16:26:00+00:00,69.24,69.255,69.215,69.25
2026-10-07 16:27:00+00:00,69.255,69.255,69.23,69.24
2026-10-07 16:28:00+00:00,69.285,69.29,69.22,69.255
2026-10-07 16:29:00+00:00,69.285,69.32,69.28,69.285
2026-10-07 16:30:00+00:00,69.265,69.315,69.265,69.285
2026-10-07 16:31:00+00:00,69.295,69.295,69.265,69.27
2026-10-07 16:32:00+00:00,69.305,69.32,69.285,69.295
2026-10-07 16:33:00+00:00,69.315,69.335,69.29,69.305
2026-10-07 16:34:00+00:00,69.335,69.335,69.305,69.315
2026-10-07 16:35:00+00:00,69.305,69.335,69.305,69.335
2026-10-07 16:36:00+00:00,69.34,69.34,69.305,69.305
2026-10-07 16:37:00+00:00,69.315,69.345,69.31,69.34
2026-10-07 16:38:00+00:00,69.375,69.38,69.315,69.315
2026-10-07 16:39:00+00:00,69.345,69.38,69.33,69.375
2026-10-07 16:40:00+00:00,69.385,69.395,69.33,69.35
2026-10-07 16:41:00+00:00,69.385,69.395,69.37,69.39
2026-10-07 16:42:00+00:00,69.395,69.41,69.37,69.385
2026-10-07 16:43:00+00:00,69.355,69.4,69.35,69.39
2026-10-07 16:44:00+00:00,69.365,69.365,69.33,69.36
2026-10-07 16:45:00+00:00,69.39,69.415,69.36,69.37
2026-10-07 16:46:00+00:00,69.345,69.395,69.34,69.39
2026-10-07 16:47:00+00:00,69.315,69.37,69.31,69.35
2026-10-07 16:48:00+00:00,69.315,69.33,69.305,69.315
2026-10-07 16:49:00+00:00,69.31,69.335,69.305,69.315
2026-10-07 16:50:00+00:00,69.345,69.345,69.305,69.305
2026-10-07 16:51:00+00:00,69.375,69.415,69.345,69.345
2026-10-07 16:52:00+00:00,69.405,69.41,69.36,69.375
2026-10-07 16:53:00+00:00,69.42,69.43,69.4,69.405
2026-10-07 16:54:00+00:00,69.415,69.44,69.385,69.42
2026-10-07 16:55:00+00:00,69.425,69.435,69.41,69.415
2026-10-07 16:56:00+00:00,69.415,69.425,69.405,69.425
2026-10-07 16:57:00+00:00,69.385,69.42,69.375,69.415
2026-10-07 16:58:00+00:00,69.435,69.53,69.38,69.39
2026-10-07 16:59:00+00:00,69.445,69.49,69.43,69.44
2026-10-07 17:00:00+00:00,69.52,69.57,69.41,69.445
2026-10-07 17:01:00+00:00,69.45,69.54,69.44,69.525
2026-10-07 17:02:00+00:00,69.475,69.49,69.43,69.445
2026-10-07 17:03:00+00:00,69.45,69.5,69.44,69.475
2026-10-07 17:04:00+00:00,69.405,69.45,69.4,69.445
2026-10-07 17:05:00+00:00,69.405,69.43,69.375,69.405
2026-10-07 17:06:00+00:00,69.395,69.42,69.39,69.405
2026-10-07 17:07:00+00:00,69.405,69.43,69.39,69.395
2026-10-07 17:08:00+00:00,69.48,69.49,69.405,69.405
2026-10-07 17:09:00+00:00,69.495,69.495,69.455,69.48
2026-10-07 17:10:00+00:00,69.515,69.53,69.47,69.495
2026-10-07 17:11:00+00:00,69.525,69.54,69.5,69.515
2026-10-07 17:12:00+00:00,69.525,69.53,69.51,69.525
2026-10-07 17:13:00+00:00,69.535,69.58,69.51,69.525
2026-10-07 17:14:00+00:00,69.535,69.54,69.49,69.535
2026-10-07 17:15:00+00:00,69.535,69.55,69.52,69.54
2026-10-07 17:16:00+00:00,69.535,69.56,69.52,69.535
2026-10-07 17:17:00+00:00,69.545,69.55,69.53,69.54
2026-10-07 17:18:00+00:00,69.465,69.55,69.46,69.545
2026-10-07 17:19:00+00:00,69.435,69.48,69.43,69.465
2026-10-07 17:20:00+00:00,69.445,69.47,69.43,69.435
2026-10-07 17:21:00+00:00,69.435,69.45,69.43,69.445
2026-10-07 17:22:00+00:00,69.425,69.47,69.42,69.435
2026-10-07 17:23:00+00:00,69.415,69.43,69.38,69.425
2026-10-07 17:24:00+00:00,69.375,69.42,69.36,69.415
2026-10-07 17:25:00+00:00,69.28,69.375,69.27,69.375
2026-10-07 17:26:00+00:00,69.315,69.315,69.265,69.285
2026-10-07 17:27:00+00:00,69.295,69.35,69.295,69.315
2026-10-07 17:28:00+00:00,69.285,69.31,69.275,69.295
2026-10-07 17:29:00+00:00,69.265,69.295,69.26,69.285
2026-10-07 17:30:00+00:00,69.235,69.265,69.225,69.265
2026-10-07 17:31:00+00:00,69.175,69.235,69.17,69.235
2026-10-07 17:32:00+00:00,69.265,69.27,69.175,69.175
2026-10-07 17:33:00+00:00,69.25,69.3,69.24,69.265
2026-10-07 17:34:00+00:00,69.245,69.27,69.23,69.25
2026-10-07 17:35:00+00:00,69.325,69.33,69.24,69.245
2026-10-07 17:36:00+00:00,69.305,69.33,69.29,69.325
2026-10-07 17:37:00+00:00,69.315,69.33,69.28,69.305
2026-10-07 17:38:00+00:00,69.365,69.37,69.31,69.315
2026-10-07 17:39:00+00:00,69.32,69.365,69.31,69.365
2026-10-07 17:40:00+00:00,69.325,69.33,69.29,69.315
2026-10-07 17:41:00+00:00,69.345,69.365,69.31,69.32
2026-10-07 17:42:00+00:00,69.35,69.36,69.33,69.345
2026-10-07 17:43:00+00:00,69.34,69.365,69.33,69.345
2026-10-07 17:44:00+00:00,69.365,69.365,69.335,69.335
2026-10-07 17:45:00+00:00,69.355,69.365,69.34,69.365
2026-10-07 17:46:00+00:00,69.375,69.385,69.35,69.355
2026-10-07 17:47:00+00:00,69.355,69.39,69.355,69.375
2026-10-07 17:48:00+00:00,69.365,69.37,69.33,69.355
2026-10-07 17:49:00+00:00,69.35,69.385,69.34,69.365
2026-10-07 17:50:00+00:00,69.365,69.39,69.35,69.355
2026-10-07 17:51:00+00:00,69.435,69.44,69.36,69.365
2026-10-07 17:52:00+00:00,69.405,69.45,69.39,69.435
2026-10-07 17:53:00+00:00,69.375,69.43,69.37,69.405
2026-10-07 17:54:00+00:00,69.37,69.39,69.355,69.38
2026-10-07 17:55:00+00:00,69.365,69.37,69.34,69.365
2026-10-07 17:56:00+00:00,69.365,69.375,69.355,69.365
2026-10-07 17:57:00+00:00,69.385,69.395,69.35,69.36
2026-10-07 17:58:00+00:00,69.365,69.385,69.36,69.385
2026-10-07 17:59:00+00:00,69.375,69.385,69.35,69.365
2026-10-07 18:00:00+00:00,69.355,69.385,69.35,69.385
2026-10-07 18:01:00+00:00,69.36,69.37,69.35,69.36
2026-10-07 18:02:00+00:00,69.405,69.425,69.36,69.36
2026-10-07 18:03:00+00:00,69.46,69.465,69.405,69.405
2026-10-07 18:04:00+00:00,69.51,69.52,69.455,69.46
2026-10-07 18:05:00+00:00,69.515,69.52,69.485,69.505
2026-10-07 18:06:00+00:00,69.51,69.545,69.5,69.515
2026-10-07 18:07:00+00:00,69.475,69.525,69.47,69.505
2026-10-07 18:08:00+00:00,69.465,69.5,69.445,69.48
2026-10-07 18:09:00+00:00,69.445,69.47,69.445,69.465
2026-10-07 18:10:00+00:00,69.435,69.45,69.43,69.445
2026-10-07 18:11:00+00:00,69.405,69.44,69.405,69.435
2026-10-07 18:12:00+00:00,69.41,69.42,69.375,69.405
2026-10-07 18:13:00+00:00,69.395,69.41,69.37,69.405
2026-10-07 18:14:00+00:00,69.42,69.42,69.38,69.395
2026-10-07 18:15:00+00:00,69.43,69.435,69.39,69.415
2026-10-07 18:16:00+00:00,69.41,69.43,69.39,69.43
2026-10-07 18:17:00+00:00,69.415,69.425,69.38,69.41
2026-10-07 18:18:00+00:00,69.385,69.415,69.38,69.41
2026-10-07 18:19:00+00:00,69.39,69.4,69.385,69.385
2026-10-07 18:20:00+00:00,69.39,69.39,69.37,69.385
2026-10-07 18:21:00+00:00,69.37,69.4,69.36,69.385
2026-10-07 18:22:00+00:00,69.395,69.395,69.36,69.37
2026-10-07 18:23:00+00:00,69.395,69.405,69.38,69.4
2026-10-07 18:24:00+00:00,69.405,69.415,69.37,69.39
2026-10-07 18:25:00+00:00,69.395,69.42,69.38,69.405
2026-10-07 18:26:00+00:00,69.42,69.42,69.395,69.395
2026-10-07 18:27:00+00:00,69.435,69.45,69.4,69.42
2026-10-07 18:28:00+00:00,69.395,69.435,69.39,69.435
2026-10-07 18:29:00+00:00,69.415,69.42,69.39,69.395
2026-10-07 18:30:00+00:00,69.395,69.42,69.39,69.415
2026-10-07 18:31:00+00:00,69.405,69.41,69.385,69.395
2026-10-07 18:32:00+00:00,69.425,69.43,69.405,69.405
2026-10-07 18:33:00+00:00,69.455,69.47,69.42,69.43
2026-10-07 18:34:00+00:00,69.455,69.47,69.45,69.455
2026-10-07 18:35:00+00:00,69.475,69.475,69.455,69.455
2026-10-07 18:36:00+00:00,69.485,69.49,69.47,69.48
2026-10-07 18:37:00+00:00,69.475,69.5,69.475,69.485
2026-10-07 18:38:00+00:00,69.405,69.475,69.39,69.475
2026-10-07 18:39:00+00:00,69.465,69.475,69.405,69.41
2026-10-07 18:40:00+00:00,69.475,69.49,69.45,69.47
2026-10-07 18:41:00+00:00,69.525,69.535,69.475,69.475
2026-10-07 18:42:00+00:00,69.575,69.58,69.52,69.525
2026-10-07 18:43:00+00:00,69.53,69.59,69.525,69.575
2026-10-07 18:44:00+00:00,69.51,69.54,69.48,69.535
2026-10-07 18:45:00+00:00,69.505,69.525,69.5,69.51
2026-10-07 18:46:00+00:00,69.53,69.53,69.505,69.505
2026-10-07 18:47:00+00:00,69.505,69.55,69.495,69.525
2026-10-07 18:48:00+00:00,69.505,69.52,69.495,69.51
2026-10-07 18:49:00+00:00,69.525,69.545,69.49,69.505
2026-10-07 18:50:00+00:00,69.535,69.55,69.525,69.525
2026-10-07 18:51:00+00:00,69.545,69.56,69.53,69.535
2026-10-07 18:52:00+00:00,69.575,69.585,69.54,69.545
2026-10-07 18:53:00+00:00,69.585,69.59,69.54,69.575
2026-10-07 18:54:00+00:00,69.555,69.6,69.55,69.585
2026-10-07 18:55:00+00:00,69.575,69.58,69.555,69.555
2026-10-07 18:56:00+00:00,69.555,69.61,69.555,69.575
2026-10-07 18:57:00+00:00,69.545,69.575,69.535,69.555
2026-10-07 18:58:00+00:00,69.555,69.555,69.52,69.545
2026-10-07 18:59:00+00:00,69.545,69.56,69.535,69.555
2026-10-07 19:00:00+00:00,69.565,69.57,69.54,69.545
2026-10-07 19:01:00+00:00,69.615,69.62,69.55,69.565
2026-10-07 19:02:00+00:00,69.595,69.64,69.58,69.615
2026-10-07 19:03:00+00:00,69.6,69.61,69.595,69.6
2026-10-07 19:04:00+00:00,69.575,69.61,69.575,69.6
2026-10-07 19:05:00+00:00,69.615,69.62,69.56,69.575
2026-10-07 19:06:00+00:00,69.6,69.62,69.58,69.615
2026-10-07 19:07:00+00:00,69.615,69.645,69.6,69.605
2026-10-07 19:08:00+00:00,69.605,69.615,69.58,69.615
2026-10-07 19:09:00+00:00,69.585,69.605,69.585,69.605
2026-10-07 19:10:00+00:00,69.605,69.615,69.585,69.585
2026-10-07 19:11:00+00:00,69.61,69.62,69.6,69.605
2026-10-07 19:12:00+00:00,69.585,69.625,69.58,69.615
2026-10-07 19:13:00+00:00,69.565,69.59,69.56,69.585
2026-10-07 19:14:00+00:00,69.545,69.58,69.54,69.565
2026-10-07 19:15:00+00:00,69.575,69.575,69.53,69.545
2026-10-07 19:16:00+00:00,69.605,69.605,69.57,69.575
2026-10-07 19:17:00+00:00,69.595,69.65,69.59,69.605
2026-10-07 19:18:00+00:00,69.565,69.595,69.565,69.595
2026-10-07 19:19:00+00:00,69.555,69.59,69.55,69.57
2026-10-07 19:20:00+00:00,69.545,69.565,69.54,69.555
2026-10-07 19:21:00+00:00,69.615,69.62,69.545,69.545
2026-10-07 19:22:00+00:00,69.665,69.67,69.615,69.615
2026-10-07 19:23:00+00:00,69.645,69.675,69.645,69.665
2026-10-07 19:24:00+00:00,69.635,69.67,69.63,69.645
2026-10-07 19:25:00+00:00,69.635,69.66,69.635,69.635
2026-10-07 19:26:00+00:00,69.635,69.64,69.625,69.635
2026-10-07 19:27:00+00:00,69.635,69.64,69.615,69.635
2026-10-07 19:28:00+00:00,69.615,69.64,69.605,69.635
2026-10-07 19:29:00+00:00,69.585,69.625,69.58,69.615
2026-10-07 19:30:00+00:00,69.555,69.58,69.545,69.58
2026-10-07 19:31:00+00:00,69.565,69.58,69.53,69.555
2026-10-07 19:32:00+00:00,69.62,69.625,69.555,69.565
2026-10-07 19:33:00+00:00,69.595,69.63,69.595,69.615
2026-10-07 19:34:00+00:00,69.625,69.655,69.58,69.595
2026-10-07 19:35:00+00:00,69.665,69.675,69.62,69.625
2026-10-07 19:36:00+00:00,69.695,69.705,69.665,69.665
2026-10-07 19:37:00+00:00,69.675,69.715,69.665,69.695
2026-10-07 19:38:00+00:00,69.695,69.725,69.675,69.675
2026-10-07 19:39:00+00:00,69.685,69.695,69.67,69.695
2026-10-07 19:40:00+00:00,69.765,69.77,69.685,69.685
2026-10-07 19:41:00+00:00,69.785,69.795,69.76,69.765
2026-10-07 19:42:00+00:00,69.735,69.785,69.73,69.785
2026-10-07 19:43:00+00:00,69.705,69.735,69.69,69.735
2026-10-07 19:44:00+00:00,69.725,69.73,69.685,69.71
2026-10-07 19:45:00+00:00,69.73,69.745,69.69,69.725
2026-10-07 19:46:00+00:00,69.715,69.735,69.695,69.73
2026-10-07 19:47:00+00:00,69.695,69.72,69.685,69.71
2026-10-07 19:48:00+00:00,69.655,69.705,69.645,69.695
2026-10-07 19:49:00+00:00,69.685,69.695,69.645,69.655
2026-10-07 19:50:00+00:00,69.735,69.75,69.655,69.69
2026-10-07 19:51:00+00:00,69.725,69.77,69.72,69.74
2026-10-07 19:52:00+00:00,69.705,69.725,69.695,69.725
2026-10-07 19:53:00+00:00,69.725,69.745,69.705,69.705
2026-10-07 19:54:00+00:00,69.695,69.725,69.665,69.725
2026-10-07 19:55:00+00:00,69.695,69.71,69.635,69.695
2026-10-07 19:56:00+00:00,69.715,69.73,69.685,69.695
2026-10-07 19:57:00+00:00,69.705,69.715,69.68,69.715
2026-10-07 19:58:00+00:00,69.715,69.73,69.7,69.705
2026-10-07 19:59:00+00:00,69.7,69.74,69.685,69.715
2026-10-08 13:30:00+00:00,69.855,70.06,69.74,70.01
2026-10-08 13:31:00+00:00,69.95,69.995,69.77,69.875
2026-10-08 13:32:00+00:00,69.985,70.01,69.845,69.95
2026-10-08 13:33:00+00:00,70.14,70.2,69.96,69.99
2026-10-08 13:34:00+00:00,70.13,70.185,70.055,70.14
2026-10-08 13:35:00+00:00,70.015,70.155,70.01,70.13
2026-10-08 13:36:00+00:00,70.125,70.17,69.985,70.015
2026-10-08 13:37:00+00:00,70.19,70.235,70.035,70.125
2026-10-08 13:38:00+00:00,70.26,70.33,70.105,70.19
2026-10-08 13:39:00+00:00,70.39,70.39,70.27,70.28
2026-10-08 13:40:00+00:00,70.475,70.475,70.355,70.435
2026-10-08 13:41:00+00:00,70.42,70.475,70.31,70.475
2026-10-08 13:42:00+00:00,70.51,70.54,70.4,70.4
2026-10-08 13:43:00+00:00,70.41,70.51,70.37,70.51
2026-10-08 13:44:00+00:00,70.535,70.605,70.405,70.405
2026-10-08 13:45:00+00:00,70.78,70.82,70.53,70.53
2026-10-08 13:46:00+00:00,70.85,70.87,70.74,70.81
2026-10-08 13:47:00+00:00,70.825,70.91,70.8,70.85
2026-10-08 13:48:00+00:00,70.88,70.91,70.8,70.855
2026-10-08 13:49:00+00:00,70.94,71.005,70.865,70.88
2026-10-08 13:50:00+00:00,70.765,70.945,70.725,70.935
2026-10-08 13:51:00+00:00,70.77,70.815,70.72,70.765
2026-10-08 13:52:00+00:00,70.835,70.885,70.775,70.775
2026-10-08 13:53:00+00:00,70.835,70.92,70.82,70.835
2026-10-08 13:54:00+00:00,70.83,70.91,70.78,70.84
2026-10-08 13:55:00+00:00,70.795,70.84,70.76,70.83
2026-10-08 13:56:00+00:00,70.77,70.85,70.715,70.805
2026-10-08 13:57:00+00:00,70.74,70.825,70.73,70.765
2026-10-08 13:58:00+00:00,70.705,70.775,70.68,70.735
2026-10-08 13:59:00+00:00,70.735,70.795,70.675,70.705
2026-10-08 14:00:00+00:00,70.725,70.765,70.675,70.74
2026-10-08 14:01:00+00:00,70.83,70.87,70.71,70.73
2026-10-08 14:02:00+00:00,70.995,70.995,70.79,70.83
2026-10-08 14:03:00+00:00,70.915,71.03,70.905,70.995
2026-10-08 14:04:00+00:00,71.11,71.125,70.9,70.915
2026-10-08 14:05:00+00:00,71.075,71.13,71.055,71.11
2026-10-08 14:06:00+00:00,70.975,71.085,70.96,71.07
2026-10-08 14:07:00+00:00,70.985,71.0,70.94,70.97
2026-10-08 14:08:00+00:00,70.88,71.015,70.865,70.98
2026-10-08 14:09:00+00:00,70.925,70.96,70.88,70.88
2026-10-08 14:10:00+00:00,70.965,70.99,70.905,70.93
2026-10-08 14:11:00+00:00,71.015,71.06,70.965,70.965
2026-10-08 14:12:00+00:00,71.045,71.09,70.99,71.015
2026-10-08 14:13:00+00:00,71.115,71.13,71.005,71.045
2026-10-08 14:14:00+00:00,71.195,71.2,71.115,71.12
2026-10-08 14:15:00+00:00,71.185,71.23,71.11,71.195
2026-10-08 14:16:00+00:00,71.155,71.28,71.125,71.18
2026-10-08 14:17:00+00:00,71.095,71.18,71.075,71.16
2026-10-08 14:18:00+00:00,71.1,71.15,71.075,71.095
2026-10-08 14:19:00+00:00,70.995,71.12,70.96,71.1
2026-10-08 14:20:00+00:00,71.005,71.04,70.97,71.0
2026-10-08 14:21:00+00:00,71.155,71.16,71.0,71.005
2026-10-08 14:22:00+00:00,71.08,71.18,71.05,71.155
2026-10-08 14:23:00+00:00,71.015,71.08,71.0,71.08
2026-10-08 14:24:00+00:00,71.01,71.065,70.99,71.015
2026-10-08 14:25:00+00:00,70.965,71.035,70.955,71.015
2026-10-08 14:26:00+00:00,70.955,71.0,70.93,70.96
2026-10-08 14:27:00+00:00,70.865,70.95,70.845,70.95
2026-10-08 14:28:00+00:00,70.955,70.96,70.835,70.865
2026-10-08 14:29:00+00:00,70.97,70.995,70.9,70.95
2026-10-08 14:30:00+00:00,71.035,71.105,70.955,70.98
2026-10-08 14:31:00+00:00,71.015,71.085,70.985,71.04
2026-10-08 14:32:00+00:00,71.055,71.055,70.99,71.015
2026-10-08 14:33:00+00:00,71.08,71.12,71.025,71.055
2026-10-08 14:34:00+00:00,71.075,71.095,71.055,71.08
2026-10-08 14:35:00+00:00,71.105,71.115,71.06,71.08
2026-10-08 14:36:00+00:00,71.195,71.195,71.065,71.105
2026-10-08 14:37:00+00:00,71.09,71.195,71.08,71.195
2026-10-08 14:38:00+00:00,71.155,71.16,71.085,71.085
2026-10-08 14:39:00+00:00,71.235,71.245,71.16,71.16
2026-10-08 14:40:00+00:00,71.255,71.26,71.22,71.235
2026-10-08 14:41:00+00:00,71.235,71.26,71.21,71.255
2026-10-08 14:42:00+00:00,71.175,71.28,71.17,71.235
2026-10-08 14:43:00+00:00,71.12,71.225,71.11,71.17
2026-10-08 14:44:00+00:00,71.165,71.195,71.12,71.12
2026-10-08 14:45:00+00:00,71.195,71.195,71.145,71.165
2026-10-08 14:46:00+00:00,71.18,71.23,71.12,71.195
2026-10-08 14:47:00+00:00,71.18,71.21,71.155,71.175
2026-10-08 14:48:00+00:00,71.145,71.185,71.145,71.175
2026-10-08 14:49:00+00:00,71.125,71.175,71.125,71.145
2026-10-08 14:50:00+00:00,71.145,71.18,71.11,71.125
2026-10-08 14:51:00+00:00,71.165,71.17,71.12,71.145
2026-10-08 14:52:00+00:00,71.145,71.17,71.115,71.165
2026-10-08 14:53:00+00:00,71.145,71.17,71.13,71.15
2026-10-08 14:54:00+00:00,71.095,71.145,71.06,71.145
2026-10-08 14:55:00+00:00,71.075,71.11,71.07,71.095
2026-10-08 14:56:00+00:00,71.245,71.27,71.06,71.07
2026-10-08 14:57:00+00:00,71.235,71.265,71.23,71.245
2026-10-08 14:58:00+00:00,71.225,71.25,71.18,71.24
2026-10-08 14:59:00+00:00,71.245,71.25,71.21,71.225
2026-10-08 15:00:00+00:00,71.205,71.265,71.19,71.24
2026-10-08 15:01:00+00:00,71.255,71.255,71.205,71.205
2026-10-08 15:02:00+00:00,71.355,71.365,71.26,71.26
2026-10-08 15:03:00+00:00,71.405,71.41,71.35,71.355
2026-10-08 15:04:00+00:00,71.455,71.465,71.395,71.405
2026-10-08 15:05:00+00:00,71.435,71.495,71.425,71.455
2026-10-08 15:06:00+00:00,71.485,71.495,71.415,71.44
2026-10-08 15:07:00+00:00,71.43,71.525,71.4,71.485
2026-10-08 15:08:00+00:00,71.395,71.45,71.37,71.43
2026-10-08 15:09:00+00:00,71.295,71.4,71.29,71.4
2026-10-08 15:10:00+00:00,71.275,71.335,71.265,71.295
2026-10-08 15:11:00+00:00,71.255,71.275,71.22,71.275
2026-10-08 15:12:00+00:00,71.285,71.33,71.25,71.25
2026-10-08 15:13:00+00:00,71.265,71.285,71.235,71.285
2026-10-08 15:14:00+00:00,71.18,71.28,71.17,71.265
2026-10-08 15:15:00+00:00,71.17,71.19,71.125,71.175
2026-10-08 15:16:00+00:00,71.165,71.19,71.13,71.175
2026-10-08 15:17:00+00:00,71.155,71.2,71.13,71.165
2026-10-08 15:18:00+00:00,71.175,71.175,71.14,71.155
2026-10-08 15:19:00+00:00,71.23,71.235,71.16,71.17
2026-10-08 15:20:00+00:00,71.205,71.275,71.205,71.23
2026-10-08 15:21:00+00:00,71.235,71.24,71.185,71.205
2026-10-08 15:22:00+00:00,71.195,71.245,71.195,71.235
2026-10-08 15:23:00+00:00,71.19,71.2,71.18,71.2
2026-10-08 15:24:00+00:00,71.125,71.195,71.09,71.19
2026-10-08 15:25:00+00:00,71.135,71.145,71.1,71.125
2026-10-08 15:26:00+00:00,71.165,71.19,71.13,71.135
2026-10-08 15:27:00+00:00,71.125,71.195,71.12,71.17
2026-10-08 15:28:00+00:00,71.055,71.14,71.045,71.12
2026-10-08 15:29:00+00:00,71.015,71.05,70.965,71.05
2026-10-08 15:30:00+00:00,71.045,71.045,71.0,71.015
2026-10-08 15:31:00+00:00,71.055,71.075,71.02,71.045
2026-10-08 15:32:00+00:00,71.105,71.115,71.055,71.055
2026-10-08 15:33:00+00:00,71.115,71.14,71.09,71.105
2026-10-08 15:34:00+00:00,71.145,71.145,71.1,71.115
2026-10-08 15:35:00+00:00,71.125,71.16,71.11,71.145
2026-10-08 15:36:00+00:00,71.115,71.155,71.1,71.125
2026-10-08 15:37:00+00:00,71.135,71.15,71.11,71.115
2026-10-08 15:38:00+00:00,71.105,71.14,71.09,71.135
2026-10-08 15:39:00+00:00,71.075,71.105,71.06,71.1
2026-10-08 15:40:00+00:00,71.095,71.105,71.075,71.075
2026-10-08 15:41:00+00:00,71.075,71.095,71.06,71.095
2026-10-08 15:42:00+00:00,71.065,71.11,71.04,71.075
2026-10-08 15:43:00+00:00,71.105,71.125,71.05,71.065
2026-10-08 15:44:00+00:00,71.105,71.115,71.085,71.105
2026-10-08 15:45:00+00:00,71.105,71.105,71.06,71.105
2026-10-08 15:46:00+00:00,71.085,71.115,71.08,71.105
2026-10-08 15:47:00+00:00,71.145,71.155,71.08,71.09
2026-10-08 15:48:00+00:00,71.165,71.175,71.13,71.145
2026-10-08 15:49:00+00:00,71.115,71.19,71.1,71.165
2026-10-08 15:50:00+00:00,71.14,71.15,71.115,71.12
2026-10-08 15:51:00+00:00,71.135,71.16,71.13,71.135
2026-10-08 15:52:00+00:00,71.065,71.175,71.06,71.135
2026-10-08 15:53:00+00:00,71.095,71.11,71.04,71.065
2026-10-08 15:54:00+00:00,71.09,71.11,71.07,71.095
2026-10-08 15:55:00+00:00,71.13,71.16,71.075,71.095
2026-10-08 15:56:00+00:00,71.145,71.155,71.125,71.13
2026-10-08 15:57:00+00:00,71.185,71.19,71.145,71.15
2026-10-08 15:58:00+00:00,71.185,71.19,71.17,71.185
2026-10-08 15:59:00+00:00,71.11,71.195,71.1,71.185
2026-10-08 16:00:00+00:00,71.085,71.13,71.07,71.105
2026-10-08 16:01:00+00:00,71.115,71.12,71.06,71.085
2026-10-08 16:02:00+00:00,71.135,71.14,71.105,71.12
2026-10-08 16:03:00+00:00,71.095,71.13,71.095,71.13
2026-10-08 16:04:00+00:00,71.085,71.1,71.085,71.095
2026-10-08 16:05:00+00:00,71.085,71.09,71.05,71.085
2026-10-08 16:06:00+00:00,71.06,71.09,71.02,71.085
2026-10-08 16:07:00+00:00,71.095,71.105,71.06,71.06
2026-10-08 16:08:00+00:00,71.125,71.13,71.095,71.095
2026-10-08 16:09:00+00:00,71.125,71.145,71.125,71.125
2026-10-08 16:10:00+00:00,71.095,71.125,71.085,71.125
2026-10-08 16:11:00+00:00,71.145,71.15,71.095,71.095
2026-10-08 16:12:00+00:00,71.2,71.205,71.115,71.145
2026-10-08 16:13:00+00:00,71.185,71.2,71.17,71.195
2026-10-08 16:14:00+00:00,71.155,71.19,71.14,71.185
2026-10-08 16:15:00+00:00,71.175,71.205,71.155,71.155
2026-10-08 16:16:00+00:00,71.125,71.175,71.12,71.175
2026-10-08 16:17:00+00:00,71.225,71.34,71.125,71.125
2026-10-08 16:18:00+00:00,71.175,71.255,71.155,71.225
2026-10-08 16:19:00+00:00,71.165,71.215,71.13,71.175
2026-10-08 16:20:00+00:00,71.105,71.17,71.075,71.165
2026-10-08 16:21:00+00:00,71.105,71.115,71.08,71.105
2026-10-08 16:22:00+00:00,71.1,71.11,71.075,71.11
2026-10-08 16:23:00+00:00,71.145,71.18,71.095,71.095
2026-10-08 16:24:00+00:00,71.13,71.16,71.125,71.15
2026-10-08 16:25:00+00:00,71.115,71.135,71.115,71.13
2026-10-08 16:26:00+00:00,71.115,71.125,71.08,71.115
2026-10-08 16:27:00+00:00,71.135,71.16,71.11,71.11
2026-10-08 16:28:00+00:00,71.11,71.135,71.09,71.135
2026-10-08 16:29:00+00:00,71.09,71.12,71.05,71.105
2026-10-08 16:30:00+00:00,71.115,71.115,71.07,71.09
2026-10-08 16:31:00+00:00,71.105,71.13,71.1,71.115
2026-10-08 16:32:00+00:00,71.125,71.13,71.09,71.1
2026-10-08 16:33:00+00:00,71.115,71.125,71.1,71.125
2026-10-08 16:34:00+00:00,71.085,71.125,71.08,71.115
2026-10-08 16:35:00+00:00,71.095,71.125,71.09,71.09
2026-10-08 16:36:00+00:00,71.135,71.155,71.095,71.095
2026-10-08 16:37:00+00:00,71.125,71.18,71.12,71.135
2026-10-08 16:38:00+00:00,71.125,71.14,71.125,71.125
2026-10-08 16:39:00+00:00,71.175,71.18,71.125,71.125
2026-10-08 16:40:00+00:00,71.195,71.21,71.175,71.175
2026-10-08 16:41:00+00:00,71.185,71.2,71.18,71.195
2026-10-08 16:42:00+00:00,71.21,71.22,71.185,71.185
2026-10-08 16:43:00+00:00,71.255,71.275,71.21,71.21
2026-10-08 16:44:00+00:00,71.25,71.31,71.24,71.255
2026-10-08 16:45:00+00:00,71.255,71.27,71.23,71.245
2026-10-08 16:46:00+00:00,71.255,71.26,71.225,71.255
2026-10-08 16:47:00+00:00,71.185,71.255,71.175,71.255
2026-10-08 16:48:00+00:00,71.195,71.2,71.14,71.185
2026-10-08 16:49:00+00:00,71.165,71.21,71.16,71.195
2026-10-08 16:50:00+00:00,71.165,71.23,71.15,71.165
2026-10-08 16:51:00+00:00,71.07,71.18,71.04,71.165
2026-10-08 16:52:00+00:00,71.08,71.095,71.03,71.075
2026-10-08 16:53:00+00:00,71.22,71.23,71.06,71.075
2026-10-08 16:54:00+00:00,71.255,71.255,71.16,71.215
2026-10-08 16:55:00+00:00,71.235,71.29,71.215,71.26
2026-10-08 16:56:00+00:00,71.21,71.265,71.2,71.235
2026-10-08 16:57:00+00:00,71.285,71.32,71.2,71.205
2026-10-08 16:58:00+00:00,71.335,71.375,71.285,71.285
2026-10-08 16:59:00+00:00,71.335,71.4,71.325,71.335
2026-10-08 17:00:00+00:00,71.205,71.345,71.195,71.335
2026-10-08 17:01:00+00:00,71.29,71.295,71.19,71.205
2026-10-08 17:02:00+00:00,71.205,71.32,71.2,71.29
2026-10-08 17:03:00+00:00,71.205,71.235,71.19,71.205
2026-10-08 17:04:00+00:00,71.2,71.23,71.15,71.205
2026-10-08 17:05:00+00:00,71.235,71.24,71.165,71.2
2026-10-08 17:06:00+00:00,71.155,71.26,71.14,71.23
2026-10-08 17:07:00+00:00,71.035,71.16,71.02,71.16
2026-10-08 17:08:00+00:00,70.975,71.055,70.97,71.035
2026-10-08 17:09:00+00:00,70.995,71.01,70.96,70.97
2026-10-08 17:10:00+00:00,70.975,71.03,70.96,70.995
2026-10-08 17:11:00+00:00,70.935,71.0,70.92,70.975
2026-10-08 17:12:00+00:00,70.965,70.965,70.935,70.935
2026-10-08 17:13:00+00:00,70.955,70.965,70.9,70.96
2026-10-08 17:14:00+00:00,70.96,71.01,70.945,70.955
2026-10-08 17:15:00+00:00,71.015,71.015,70.95,70.955
2026-10-08 17:16:00+00:00,71.05,71.05,71.005,71.015
2026-10-08 17:17:00+00:00,71.09,71.11,71.03,71.045
2026-10-08 17:18:00+00:00,71.005,71.095,71.005,71.09
2026-10-08 17:19:00+00:00,71.095,71.13,71.005,71.005
2026-10-08 17:20:00+00:00,71.085,71.15,71.08,71.1
2026-10-08 17:21:00+00:00,71.135,71.145,71.055,71.085
2026-10-08 17:22:00+00:00,71.065,71.15,71.04,71.135
2026-10-08 17:23:00+00:00,71.03,71.07,71.02,71.065
2026-10-08 17:24:00+00:00,71.035,71.07,71.02,71.03
2026-10-08 17:25:00+00:00,70.965,71.035,70.955,71.035
2026-10-08 17:26:00+00:00,70.915,70.98,70.89,70.965
2026-10-08 17:27:00+00:00,70.885,70.925,70.87,70.915
2026-10-08 17:28:00+00:00,70.885,70.92,70.85,70.88
2026-10-08 17:29:00+00:00,70.925,70.93,70.875,70.89
2026-10-08 17:30:00+00:00,70.955,70.965,70.91,70.925
2026-10-08 17:31:00+00:00,71.015,71.03,70.955,70.955
2026-10-08 17:32:00+00:00,70.995,71.03,70.985,71.015
2026-10-08 17:33:00+00:00,71.015,71.05,70.985,70.995
2026-10-08 17:34:00+00:00,70.965,71.04,70.96,71.02
2026-10-08 17:35:00+00:00,70.995,71.015,70.96,70.965
2026-10-08 17:36:00+00:00,71.095,71.115,70.99,70.99
2026-10-08 17:37:00+00:00,71.115,71.15,71.095,71.095
2026-10-08 17:38:00+00:00,71.085,71.15,71.08,71.115
2026-10-08 17:39:00+00:00,71.055,71.085,71.04,71.085
2026-10-08 17:40:00+00:00,71.08,71.1,71.05,71.055
2026-10-08 17:41:00+00:00,71.065,71.09,71.045,71.08
2026-10-08 17:42:00+00:00,71.025,71.065,71.02,71.065
2026-10-08 17:43:00+00:00,71.045,71.05,70.98,71.025
2026-10-08 17:44:00+00:00,71.085,71.11,71.045,71.05
2026-10-08 17:45:00+00:00,71.115,71.135,71.085,71.085
2026-10-08 17:46:00+00:00,71.095,71.13,71.095,71.11
2026-10-08 17:47:00+00:00,71.115,71.145,71.095,71.095
2026-10-08 17:48:00+00:00,71.065,71.14,71.065,71.115
2026-10-08 17:49:00+00:00,71.015,71.07,70.98,71.065
2026-10-08 17:50:00+00:00,71.005,71.02,70.96,71.015
2026-10-08 17:51:00+00:00,70.985,71.03,70.98,71.0
2026-10-08 17:52:00+00:00,70.955,71.01,70.94,70.99
2026-10-08 17:53:00+00:00,70.945,70.995,70.93,70.955
2026-10-08 17:54:00+00:00,70.935,70.96,70.905,70.95
2026-10-08 17:55:00+00:00,70.935,70.955,70.905,70.935
2026-10-08 17:56:00+00:00,70.955,70.97,70.93,70.935
2026-10-08 17:57:00+00:00,70.945,70.97,70.93,70.955
2026-10-08 17:58:00+00:00,70.97,70.99,70.92,70.945
2026-10-08 17:59:00+00:00,70.945,71.01,70.94,70.975
2026-10-08 18:00:00+00:00,70.945,70.965,70.935,70.95
2026-10-08 18:01:00+00:00,70.895,70.96,70.87,70.945
2026-10-08 18:02:00+00:00,70.86,70.895,70.82,70.895
2026-10-08 18:03:00+00:00,70.885,70.92,70.845,70.86
2026-10-08 18:04:00+00:00,70.885,70.93,70.875,70.89
2026-10-08 18:05:00+00:00,70.925,70.925,70.855,70.885
2026-10-08 18:06:00+00:00,70.96,70.96,70.91,70.925
2026-10-08 18:07:00+00:00,70.945,70.96,70.91,70.955
2026-10-08 18:08:00+00:00,70.985,70.995,70.945,70.945
2026-10-08 18:09:00+00:00,70.945,70.99,70.94,70.985
2026-10-08 18:10:00+00:00,70.915,70.945,70.915,70.945
2026-10-08 18:11:00+00:00,70.875,70.92,70.875,70.915
2026-10-08 18:12:00+00:00,70.925,70.94,70.87,70.875
2026-10-08 18:13:00+00:00,70.935,70.95,70.915,70.92
2026-10-08 18:14:00+00:00,70.925,70.97,70.925,70.935
2026-10-08 18:15:00+00:00,70.905,70.935,70.88,70.925
2026-10-08 18:16:00+00:00,70.845,70.91,70.83,70.905
2026-10-08 18:17:00+00:00,70.835,70.92,70.83,70.845
2026-10-08 18:18:00+00:00,70.805,70.865,70.8,70.835
2026-10-08 18:19:00+00:00,70.805,70.83,70.795,70.805
2026-10-08 18:20:00+00:00,70.785,70.82,70.78,70.805
2026-10-08 18:21:00+00:00,70.765,70.785,70.73,70.785
2026-10-08 18:22:00+00:00,70.755,70.77,70.715,70.765
2026-10-08 18:23:00+00:00,70.755,70.77,70.73,70.755
2026-10-08 18:24:00+00:00,70.83,70.83,70.755,70.76
2026-10-08 18:25:00+00:00,70.785,70.83,70.77,70.83
2026-10-08 18:26:00+00:00,70.815,70.83,70.76,70.785
2026-10-08 18:27:00+00:00,70.805,70.825,70.785,70.815
2026-10-08 18:28:00+00:00,70.835,70.865,70.805,70.805
2026-10-08 18:29:00+00:00,70.815,70.835,70.8,70.835
2026-10-08 18:30:00+00:00,70.855,70.855,70.81,70.815
2026-10-08 18:31:00+00:00,70.865,70.89,70.855,70.855
2026-10-08 18:32:00+00:00,70.915,70.92,70.855,70.865
2026-10-08 18:33:00+00:00,70.905,70.92,70.9,70.915
2026-10-08 18:34:00+00:00,70.975,70.99,70.905,70.905
2026-10-08 18:35:00+00:00,71.005,71.02,70.96,70.975
2026-10-08 18:36:00+00:00,71.015,71.02,70.995,71.005
2026-10-08 18:37:00+00:00,71.005,71.015,70.99,71.015
2026-10-08 18:38:00+00:00,70.975,71.005,70.97,71.005
2026-10-08 18:39:00+00:00,70.985,70.995,70.96,70.975
2026-10-08 18:40:00+00:00,70.985,70.995,70.98,70.985
2026-10-08 18:41:00+00:00,70.995,71.0,70.955,70.985
2026-10-08 18:42:00+00:00,70.985,71.005,70.98,71.0
2026-10-08 18:43:00+00:00,70.975,70.995,70.97,70.985
2026-10-08 18:44:00+00:00,70.975,70.99,70.955,70.975
2026-10-08 18:45:00+00:00,71.0,71.015,70.97,70.975
2026-10-08 18:46:00+00:00,71.025,71.03,70.995,71.0
2026-10-08 18:47:00+00:00,71.045,71.06,71.025,71.025
2026-10-08 18:48:00+00:00,71.055,71.08,71.045,71.045
2026-10-08 18:49:00+00:00,71.025,71.065,71.015,71.055
2026-10-08 18:50:00+00:00,71.025,71.035,71.0,71.02
2026-10-08 18:51:00+00:00,71.005,71.05,71.0,71.025
2026-10-08 18:52:00+00:00,70.985,71.015,70.98,71.01
2026-10-08 18:53:00+00:00,71.01,71.01,70.975,70.985
2026-10-08 18:54:00+00:00,71.015,71.015,71.0,71.005
2026-10-08 18:55:00+00:00,71.03,71.035,71.005,71.01
2026-10-08 18:56:00+00:00,71.025,71.045,71.025,71.035
2026-10-08 18:57:00+00:00,71.025,71.03,71.015,71.025
2026-10-08 18:58:00+00:00,71.085,71.085,71.02,71.025
2026-10-08 18:59:00+00:00,71.105,71.14,71.08,71.085
2026-10-08 19:00:00+00:00,71.095,71.135,71.085,71.105
2026-10-08 19:01:00+00:00,71.115,71.12,71.09,71.095
2026-10-08 19:02:00+00:00,71.085,71.12,71.07,71.115
2026-10-08 19:03:00+00:00,71.095,71.11,71.075,71.085
2026-10-08 19:04:00+00:00,71.125,71.13,71.085,71.095
2026-10-08 19:05:00+00:00,71.115,71.125,71.105,71.125
2026-10-08 19:06:00+00:00,71.135,71.145,71.115,71.115
2026-10-08 19:07:00+00:00,71.145,71.15,71.115,71.135
2026-10-08 19:08:00+00:00,71.165,71.195,71.14,71.145
2026-10-08 19:09:00+00:00,71.145,71.165,71.135,71.165
2026-10-08 19:10:00+00:00,71.185,71.19,71.145,71.145
2026-10-08 19:11:00+00:00,71.195,71.22,71.185,71.185
2026-10-08 19:12:00+00:00,71.195,71.2,71.175,71.195
2026-10-08 19:13:00+00:00,71.24,71.24,71.175,71.195
2026-10-08 19:14:00+00:00,71.175,71.245,71.17,71.24
2026-10-08 19:15:00+00:00,71.195,71.215,71.165,71.175
2026-10-08 19:16:00+00:00,71.205,71.22,71.185,71.195
2026-10-08 19:17:00+00:00,71.225,71.23,71.19,71.205
2026-10-08 19:18:00+00:00,71.205,71.25,71.205,71.23
2026-10-08 19:19:00+00:00,71.185,71.205,71.15,71.205
2026-10-08 19:20:00+00:00,71.135,71.19,71.135,71.185
2026-10-08 19:21:00+00:00,71.135,71.17,71.1,71.14
2026-10-08 19:22:00+00:00,71.255,71.26,71.135,71.135
2026-10-08 19:23:00+00:00,71.265,71.295,71.255,71.255
2026-10-08 19:24:00+00:00,71.305,71.325,71.26,71.265
2026-10-08 19:25:00+00:00,71.315,71.32,71.28,71.305
2026-10-08 19:26:00+00:00,71.265,71.345,71.26,71.315
2026-10-08 19:27:00+00:00,71.295,71.31,71.24,71.265
2026-10-08 19:28:00+00:00,71.245,71.305,71.24,71.295
2026-10-08 19:29:00+00:00,71.265,71.265,71.235,71.245
2026-10-08 19:30:00+00:00,71.195,71.28,71.18,71.27
2026-10-08 19:31:00+00:00,71.235,71.24,71.19,71.195
2026-10-08 19:32:00+00:00,71.275,71.29,71.235,71.235
2026-10-08 19:33:00+00:00,71.325,71.355,71.275,71.275
2026-10-08 19:34:00+00:00,71.325,71.34,71.295,71.325
2026-10-08 19:35:00+00:00,71.405,71.42,71.325,71.325
2026-10-08 19:36:00+00:00,71.395,71.41,71.375,71.405
2026-10-08 19:37:00+00:00,71.385,71.41,71.38,71.395
2026-10-08 19:38:00+00:00,71.395,71.42,71.38,71.385
2026-10-08 19:39:00+00:00,71.435,71.44,71.395,71.395
2026-10-08 19:40:00+00:00,71.475,71.49,71.42,71.435
2026-10-08 19:41:00+00:00,71.515,71.515,71.475,71.475
2026-10-08 19:42:00+00:00,71.525,71.545,71.51,71.515
2026-10-08 19:43:00+00:00,71.545,71.555,71.525,71.525
2026-10-08 19:44:00+00:00,71.465,71.55,71.455,71.545
2026-10-08 19:45:00+00:00,71.515,71.54,71.435,71.465
2026-10-08 19:46:00+00:00,71.525,71.555,71.49,71.515
2026-10-08 19:47:00+00:00,71.505,71.53,71.5,71.525
2026-10-08 19:48:00+00:00,71.525,71.53,71.485,71.505
2026-10-08 19:49:00+00:00,71.525,71.54,71.505,71.53
2026-10-08 19:50:00+00:00,71.565,71.575,71.445,71.53
2026-10-08 19:51:00+00:00,71.575,71.62,71.54,71.56
2026-10-08 19:52:00+00:00,71.555,71.575,71.53,71.575
2026-10-08 19:53:00+00:00,71.535,71.555,71.515,71.555
2026-10-08 19:54:00+00:00,71.565,71.57,71.47,71.535
2026-10-08 19:55:00+00:00,71.545,71.59,71.495,71.585
2026-10-08 19:56:00+00:00,71.565,71.59,71.525,71.545
2026-10-08 19:57:00+00:00,71.585,71.615,71.55,71.565
2026-10-08 19:58:00+00:00,71.595,71.615,71.585,71.585
2026-10-08 19:59:00+00:00,71.585,71.605,71.53,71.595
2026-10-09 13:30:00+00:00,70.795,70.83,70.34,70.59
2026-10-09 13:31:00+00:00,70.87,70.95,70.675,70.795
2026-10-09 13:32:00+00:00,71.26,71.43,70.755,70.86
2026-10-09 13:33:00+00:00,71.48,71.55,71.255,71.265
2026-10-09 13:34:00+00:00,71.335,71.57,71.32,71.48
2026-10-09 13:35:00+00:00,71.605,71.645,71.32,71.33
2026-10-09 13:36:00+00:00,71.67,71.72,71.565,71.6
2026-10-09 13:37:00+00:00,71.71,71.725,71.61,71.675
2026-10-09 13:38:00+00:00,71.71,71.755,71.595,71.7
2026-10-09 13:39:00+00:00,71.625,71.75,71.61,71.72
2026-10-09 13:40:00+00:00,71.685,71.75,71.52,71.625
2026-10-09 13:41:00+00:00,71.865,71.885,71.665,71.68
2026-10-09 13:42:00+00:00,72.01,72.02,71.78,71.865
2026-10-09 13:43:00+00:00,71.93,72.045,71.9,72.005
2026-10-09 13:44:00+00:00,71.94,71.98,71.88,71.925
2026-10-09 13:45:00+00:00,72.04,72.105,71.8,71.94
2026-10-09 13:46:00+00:00,71.99,72.05,71.875,72.015
2026-10-09 13:47:00+00:00,71.89,71.99,71.835,71.99
2026-10-09 13:48:00+00:00,71.885,71.935,71.825,71.89
2026-10-09 13:49:00+00:00,71.86,71.97,71.83,71.885
2026-10-09 13:50:00+00:00,71.895,71.92,71.775,71.85
2026-10-09 13:51:00+00:00,71.935,72.0,71.86,71.895
2026-10-09 13:52:00+00:00,71.875,71.94,71.855,71.93
2026-10-09 13:53:00+00:00,71.78,71.9,71.76,71.88
2026-10-09 13:54:00+00:00,71.75,71.79,71.68,71.79
2026-10-09 13:55:00+00:00,71.73,71.83,71.715,71.75
2026-10-09 13:56:00+00:00,71.61,71.74,71.6,71.725
2026-10-09 13:57:00+00:00,71.61,71.7,71.57,71.61
2026-10-09 13:58:00+00:00,71.555,71.625,71.555,71.615
2026-10-09 13:59:00+00:00,71.41,71.59,71.4,71.56
2026-10-09 14:00:00+00:00,71.27,71.42,71.195,71.42
2026-10-09 14:01:00+00:00,71.19,71.31,71.175,71.235
2026-10-09 14:02:00+00:00,71.305,71.335,71.185,71.19
2026-10-09 14:03:00+00:00,71.32,71.39,71.28,71.305
2026-10-09 14:04:00+00:00,71.27,71.33,71.215,71.32
2026-10-09 14:05:00+00:00,71.275,71.28,71.155,71.27
2026-10-09 14:06:00+00:00,71.34,71.42,71.275,71.275
2026-10-09 14:07:00+00:00,71.355,71.375,71.3,71.34
2026-10-09 14:08:00+00:00,71.385,71.42,71.35,71.355
2026-10-09 14:09:00+00:00,71.395,71.425,71.335,71.39
2026-10-09 14:10:00+00:00,71.445,71.475,71.375,71.4
2026-10-09 14:11:00+00:00,71.435,71.51,71.385,71.45
2026-10-09 14:12:00+00:00,71.39,71.46,71.39,71.43
2026-10-09 14:13:00+00:00,71.455,71.455,71.39,71.39
2026-10-09 14:14:00+00:00,71.475,71.51,71.455,71.455
2026-10-09 14:15:00+00:00,71.485,71.53,71.47,71.475
2026-10-09 14:16:00+00:00,71.525,71.545,71.43,71.48
2026-10-09 14:17:00+00:00,71.525,71.54,71.5,71.525
2026-10-09 14:18:00+00:00,71.455,71.53,71.435,71.525
2026-10-09 14:19:00+00:00,71.38,71.455,71.38,71.455
2026-10-09 14:20:00+00:00,71.385,71.4,71.325,71.38
2026-10-09 14:21:00+00:00,71.395,71.4,71.35,71.39
2026-10-09 14:22:00+00:00,71.395,71.42,71.365,71.395
2026-10-09 14:23:00+00:00,71.395,71.43,71.37,71.4
2026-10-09 14:24:00+00:00,71.375,71.425,71.37,71.395
2026-10-09 14:25:00+00:00,71.465,71.475,71.355,71.37
2026-10-09 14:26:00+00:00,71.525,71.53,71.46,71.465
2026-10-09 14:27:00+00:00,71.405,71.55,71.4,71.525
2026-10-09 14:28:00+00:00,71.365,71.415,71.325,71.405
2026-10-09 14:29:00+00:00,71.405,71.41,71.34,71.365
2026-10-09 14:30:00+00:00,71.395,71.41,71.36,71.4
2026-10-09 14:31:00+00:00,71.29,71.41,71.27,71.395
2026-10-09 14:32:00+00:00,71.27,71.31,71.25,71.29
2026-10-09 14:33:00+00:00,71.245,71.29,71.23,71.27
2026-10-09 14:34:00+00:00,71.285,71.285,71.24,71.245
2026-10-09 14:35:00+00:00,71.265,71.29,71.26,71.285
2026-10-09 14:36:00+00:00,71.335,71.335,71.265,71.265
2026-10-09 14:37:00+00:00,71.355,71.37,71.335,71.34
2026-10-09 14:38:00+00:00,71.315,71.365,71.315,71.355
2026-10-09 14:39:00+00:00,71.325,71.34,71.31,71.315
2026-10-09 14:40:00+00:00,71.325,71.345,71.29,71.325
2026-10-09 14:41:00+00:00,71.295,71.37,71.29,71.325
2026-10-09 14:42:00+00:00,71.275,71.305,71.27,71.295
2026-10-09 14:43:00+00:00,71.195,71.29,71.18,71.275
2026-10-09 14:44:00+00:00,71.235,71.24,71.17,71.195
2026-10-09 14:45:00+00:00,71.265,71.27,71.2,71.235
2026-10-09 14:46:00+00:00,71.285,71.3,71.23,71.265
2026-10-09 14:47:00+00:00,71.185,71.29,71.18,71.285
2026-10-09 14:48:00+00:00,71.255,71.26,71.185,71.185
2026-10-09 14:49:00+00:00,71.235,71.28,71.23,71.25
2026-10-09 14:50:00+00:00,71.265,71.29,71.235,71.235
2026-10-09 14:51:00+00:00,71.17,71.27,71.15,71.265
2026-10-09 14:52:00+00:00,71.245,71.285,71.16,71.175
2026-10-09 14:53:00+00:00,71.23,71.26,71.215,71.245
2026-10-09 14:54:00+00:00,71.245,71.27,71.22,71.225
2026-10-09 14:55:00+00:00,71.255,71.26,71.24,71.245
2026-10-09 14:56:00+00:00,71.245,71.26,71.21,71.255
2026-10-09 14:57:00+00:00,71.22,71.26,71.19,71.24
2026-10-09 14:58:00+00:00,71.25,71.265,71.21,71.215
2026-10-09 14:59:00+00:00,71.185,71.26,71.175,71.25
2026-10-09 15:00:00+00:00,71.13,71.195,71.12,71.185
2026-10-09 15:01:00+00:00,71.155,71.16,71.11,71.13
2026-10-09 15:02:00+00:00,71.155,71.18,71.14,71.155
2026-10-09 15:03:00+00:00,71.13,71.185,71.11,71.165
2026-10-09 15:04:00+00:00,71.13,71.15,71.12,71.13
2026-10-09 15:05:00+00:00,71.125,71.15,71.12,71.13
2026-10-09 15:06:00+00:00,71.04,71.13,71.015,71.125
2026-10-09 15:07:00+00:00,70.985,71.08,70.975,71.045
2026-10-09 15:08:00+00:00,70.915,70.99,70.91,70.985
2026-10-09 15:09:00+00:00,70.965,70.97,70.905,70.915
2026-10-09 15:10:00+00:00,71.015,71.02,70.965,70.965
2026-10-09 15:11:00+00:00,70.985,71.015,70.98,71.015
2026-10-09 15:12:00+00:00,70.975,71.005,70.97,70.985
2026-10-09 15:13:00+00:00,70.955,70.985,70.95,70.975
2026-10-09 15:14:00+00:00,70.975,70.985,70.94,70.955
2026-10-09 15:15:00+00:00,70.975,70.985,70.965,70.975
2026-10-09 15:16:00+00:00,70.98,70.98,70.94,70.975
2026-10-09 15:17:00+00:00,71.065,71.075,70.975,70.985
2026-10-09 15:18:00+00:00,71.015,71.07,71.01,71.065
2026-10-09 15:19:00+00:00,70.995,71.03,70.985,71.015
2026-10-09 15:20:00+00:00,70.975,71.015,70.97,70.995
2026-10-09 15:21:00+00:00,70.965,70.99,70.96,70.975
2026-10-09 15:22:00+00:00,70.955,70.98,70.95,70.965
2026-10-09 15:23:00+00:00,70.935,70.97,70.905,70.955
2026-10-09 15:24:00+00:00,70.895,70.935,70.885,70.93
2026-10-09 15:25:00+00:00,70.915,70.915,70.88,70.895
2026-10-09 15:26:00+00:00,70.915,70.94,70.915,70.915
2026-10-09 15:27:00+00:00,70.885,70.93,70.885,70.915
2026-10-09 15:28:00+00:00,70.795,70.89,70.79,70.885
2026-10-09 15:29:00+00:00,70.815,70.83,70.79,70.8
2026-10-09 15:30:00+00:00,70.81,70.85,70.805,70.815
2026-10-09 15:31:00+00:00,70.815,70.835,70.79,70.81
2026-10-09 15:32:00+00:00,70.835,70.86,70.81,70.815
2026-10-09 15:33:00+00:00,70.825,70.855,70.82,70.835
2026-10-09 15:34:00+00:00,70.815,70.83,70.785,70.83
2026-10-09 15:35:00+00:00,70.825,70.83,70.77,70.815
2026-10-09 15:36:00+00:00,70.825,70.85,70.81,70.825
2026-10-09 15:37:00+00:00,70.795,70.86,70.79,70.825
2026-10-09 15:38:00+00:00,70.835,70.85,70.795,70.795
2026-10-09 15:39:00+00:00,70.865,70.865,70.82,70.835
2026-10-09 15:40:00+00:00,70.875,70.9,70.86,70.865
2026-10-09 15:41:00+00:00,70.845,70.88,70.845,70.875
2026-10-09 15:42:00+00:00,70.855,70.875,70.845,70.85
2026-10-09 15:43:00+00:00,70.865,70.87,70.85,70.855
2026-10-09 15:44:00+00:00,70.905,70.91,70.845,70.865
2026-10-09 15:45:00+00:00,70.935,70.95,70.895,70.905
2026-10-09 15:46:00+00:00,70.935,70.955,70.905,70.935
2026-10-09 15:47:00+00:00,70.955,70.955,70.93,70.94
2026-10-09 15:48:00+00:00,70.955,70.975,70.94,70.955
2026-10-09 15:49:00+00:00,70.945,70.96,70.93,70.955
2026-10-09 15:50:00+00:00,70.985,70.99,70.945,70.945
2026-10-09 15:51:00+00:00,70.965,70.99,70.965,70.99
2026-10-09 15:52:00+00:00,70.965,71.005,70.955,70.965
2026-10-09 15:53:00+00:00,70.965,71.005,70.96,70.965
2026-10-09 15:54:00+00:00,70.96,70.99,70.95,70.965
2026-10-09 15:55:00+00:00,70.955,70.98,70.93,70.96
2026-10-09 15:56:00+00:00,70.95,70.965,70.93,70.955
2026-10-09 15:57:00+00:00,70.945,70.955,70.93,70.945
2026-10-09 15:58:00+00:00,70.935,70.95,70.935,70.945
2026-10-09 15:59:00+00:00,70.935,70.94,70.925,70.935
2026-10-09 16:00:00+00:00,70.905,70.955,70.89,70.935
2026-10-09 16:01:00+00:00,70.905,70.94,70.9,70.91
2026-10-09 16:02:00+00:00,70.895,70.925,70.89,70.905
2026-10-09 16:03:00+00:00,70.86,70.895,70.86,70.895
2026-10-09 16:04:00+00:00,70.895,70.895,70.84,70.865
2026-10-09 16:05:00+00:00,70.9,70.91,70.88,70.895
2026-10-09 16:06:00+00:00,70.895,70.9,70.88,70.895
2026-10-09 16:07:00+00:00,70.91,70.915,70.895,70.895
2026-10-09 16:08:00+00:00,70.875,70.925,70.865,70.905
2026-10-09 16:09:00+00:00,70.875,70.885,70.86,70.875
2026-10-09 16:10:00+00:00,70.895,70.9,70.875,70.875
2026-10-09 16:11:00+00:00,70.915,70.92,70.895,70.895
2026-10-09 16:12:00+00:00,70.985,70.995,70.915,70.915
2026-10-09 16:13:00+00:00,70.955,70.99,70.955,70.985
2026-10-09 16:14:00+00:00,70.925,70.975,70.915,70.955
2026-10-09 16:15:00+00:00,70.935,70.945,70.905,70.925
2026-10-09 16:16:00+00:00,70.935,70.945,70.91,70.935
2026-10-09 16:17:00+00:00,70.905,70.945,70.9,70.935
2026-10-09 16:18:00+00:00,70.895,70.915,70.89,70.9
2026-10-09 16:19:00+00:00,70.915,70.915,70.89,70.895
2026-10-09 16:20:00+00:00,70.925,70.93,70.91,70.915
2026-10-09 16:21:00+00:00,70.905,70.925,70.9,70.925
2026-10-09 16:22:00+00:00,70.905,70.945,70.9,70.905
2026-10-09 16:23:00+00:00,70.945,70.95,70.885,70.905
2026-10-09 16:24:00+00:00,70.945,70.945,70.915,70.94
2026-10-09 16:25:00+00:00,70.935,70.945,70.92,70.945
2026-10-09 16:26:00+00:00,70.915,70.945,70.91,70.935
2026-10-09 16:27:00+00:00,70.895,70.92,70.89,70.915
2026-10-09 16:28:00+00:00,70.895,70.895,70.86,70.895
2026-10-09 16:29:00+00:00,70.845,70.905,70.84,70.89
2026-10-09 16:30:00+00:00,70.845,70.86,70.84,70.845
2026-10-09 16:31:00+00:00,70.835,70.86,70.83,70.845
2026-10-09 16:32:00+00:00,70.785,70.835,70.78,70.835
2026-10-09 16:33:00+00:00,70.775,70.805,70.77,70.785
2026-10-09 16:34:00+00:00,70.805,70.815,70.775,70.775
2026-10-09 16:35:00+00:00,70.825,70.835,70.785,70.8
2026-10-09 16:36:00+00:00,70.815,70.835,70.81,70.825
2026-10-09 16:37:00+00:00,70.815,70.835,70.8,70.82
2026-10-09 16:38:00+00:00,70.795,70.82,70.79,70.815
2026-10-09 16:39:00+00:00,70.805,70.815,70.79,70.795
2026-10-09 16:40:00+00:00,70.805,70.835,70.805,70.805
2026-10-09 16:41:00+00:00,70.805,70.805,70.79,70.805
2026-10-09 16:42:00+00:00,70.835,70.835,70.805,70.805
2026-10-09 16:43:00+00:00,70.815,70.835,70.815,70.835
2026-10-09 16:44:00+00:00,70.815,70.83,70.81,70.815
2026-10-09 16:45:00+00:00,70.795,70.82,70.775,70.815
2026-10-09 16:46:00+00:00,70.795,70.805,70.79,70.795
2026-10-09 16:47:00+00:00,70.795,70.8,70.78,70.795
2026-10-09 16:48:00+00:00,70.765,70.8,70.765,70.8
2026-10-09 16:49:00+00:00,70.755,70.77,70.75,70.765
2026-10-09 16:50:00+00:00,70.765,70.765,70.75,70.755
2026-10-09 16:51:00+00:00,70.735,70.765,70.73,70.765
2026-10-09 16:52:00+00:00,70.655,70.735,70.65,70.735
2026-10-09 16:53:00+00:00,70.675,70.69,70.655,70.655
2026-10-09 16:54:00+00:00,70.675,70.695,70.67,70.67
2026-10-09 16:55:00+00:00,70.675,70.685,70.66,70.675
2026-10-09 16:56:00+00:00,70.645,70.675,70.64,70.675
2026-10-09 16:57:00+00:00,70.645,70.665,70.645,70.645
2026-10-09 16:58:00+00:00,70.605,70.645,70.6,70.645
2026-10-09 16:59:00+00:00,70.595,70.61,70.57,70.605
2026-10-09 17:00:00+00:00,70.605,70.62,70.58,70.595
2026-10-09 17:01:00+00:00,70.615,70.665,70.59,70.605
2026-10-09 17:02:00+00:00,70.625,70.65,70.58,70.62
2026-10-09 17:03:00+00:00,70.61,70.625,70.595,70.625
2026-10-09 17:04:00+00:00,70.595,70.61,70.585,70.605
2026-10-09 17:05:00+00:00,70.605,70.605,70.595,70.595
2026-10-09 17:06:00+00:00,70.605,70.605,70.595,70.605
2026-10-09 17:07:00+00:00,70.605,70.615,70.605,70.605
2026-10-09 17:08:00+00:00,70.625,70.635,70.605,70.605
2026-10-09 17:09:00+00:00,70.625,70.635,70.62,70.625
2026-10-09 17:10:00+00:00,70.585,70.625,70.58,70.62
2026-10-09 17:11:00+00:00,70.575,70.605,70.575,70.585
2026-10-09 17:12:00+00:00,70.545,70.58,70.54,70.575
2026-10-09 17:13:00+00:00,70.545,70.555,70.54,70.545
2026-10-09 17:14:00+00:00,70.535,70.545,70.525,70.545
2026-10-09 17:15:00+00:00,70.515,70.535,70.505,70.535
2026-10-09 17:16:00+00:00,70.525,70.535,70.51,70.515
2026-10-09 17:17:00+00:00,70.525,70.55,70.52,70.525
2026-10-09 17:18:00+00:00,70.495,70.53,70.49,70.525
2026-10-09 17:19:00+00:00,70.525,70.53,70.48,70.49
2026-10-09 17:20:00+00:00,70.535,70.54,70.52,70.525
2026-10-09 17:21:00+00:00,70.545,70.545,70.535,70.54
2026-10-09 17:22:00+00:00,70.515,70.555,70.5,70.545
2026-10-09 17:23:00+00:00,70.525,70.54,70.505,70.52
2026-10-09 17:24:00+00:00,70.525,70.525,70.505,70.525
2026-10-09 17:25:00+00:00,70.505,70.525,70.505,70.525
2026-10-09 17:26:00+00:00,70.445,70.515,70.43,70.505
2026-10-09 17:27:00+00:00,70.475,70.485,70.44,70.445
2026-10-09 17:28:00+00:00,70.445,70.475,70.44,70.475
2026-10-09 17:29:00+00:00,70.445,70.45,70.41,70.44
2026-10-09 17:30:00+00:00,70.42,70.47,70.42,70.445
2026-10-09 17:31:00+00:00,70.435,70.44,70.405,70.42
2026-10-09 17:32:00+00:00,70.395,70.44,70.37,70.435
2026-10-09 17:33:00+00:00,70.355,70.405,70.345,70.395
2026-10-09 17:34:00+00:00,70.34,70.355,70.31,70.355
2026-10-09 17:35:00+00:00,70.355,70.425,70.315,70.345
2026-10-09 17:36:00+00:00,70.375,70.405,70.35,70.355
2026-10-09 17:37:00+00:00,70.405,70.42,70.36,70.375
2026-10-09 17:38:00+00:00,70.4,70.41,70.385,70.405
2026-10-09 17:39:00+00:00,70.375,70.405,70.355,70.405
2026-10-09 17:40:00+00:00,70.375,70.385,70.37,70.37
2026-10-09 17:41:00+00:00,70.385,70.39,70.34,70.375
2026-10-09 17:42:00+00:00,70.385,70.42,70.38,70.385
2026-10-09 17:43:00+00:00,70.395,70.395,70.385,70.385
2026-10-09 17:44:00+00:00,70.365,70.395,70.355,70.395
2026-10-09 17:45:00+00:00,70.385,70.39,70.36,70.365
2026-10-09 17:46:00+00:00,70.375,70.4,70.375,70.385
2026-10-09 17:47:00+00:00,70.415,70.42,70.39,70.395
2026-10-09 17:48:00+00:00,70.395,70.425,70.395,70.415
2026-10-09 17:49:00+00:00,70.415,70.425,70.39,70.395
2026-10-09 17:50:00+00:00,70.435,70.435,70.41,70.415
2026-10-09 17:51:00+00:00,70.405,70.435,70.4,70.435
2026-10-09 17:52:00+00:00,70.455,70.46,70.4,70.405
2026-10-09 17:53:00+00:00,70.455,70.46,70.43,70.455
2026-10-09 17:54:00+00:00,70.415,70.47,70.415,70.455
2026-10-09 17:55:00+00:00,70.415,70.43,70.41,70.415
2026-10-09 17:56:00+00:00,70.41,70.43,70.4,70.415
2026-10-09 17:57:00+00:00,70.425,70.425,70.405,70.405
2026-10-09 17:58:00+00:00,70.465,70.475,70.425,70.425
2026-10-09 17:59:00+00:00,70.505,70.53,70.45,70.465
2026-10-09 18:00:00+00:00,70.495,70.52,70.48,70.505
2026-10-09 18:01:00+00:00,70.515,70.53,70.48,70.495
2026-10-09 18:02:00+00:00,70.535,70.55,70.51,70.52
2026-10-09 18:03:00+00:00,70.52,70.555,70.51,70.54
2026-10-09 18:04:00+00:00,70.525,70.54,70.52,70.525
2026-10-09 18:05:00+00:00,70.595,70.6,70.525,70.525
2026-10-09 18:06:00+00:00,70.615,70.62,70.58,70.595
2026-10-09 18:07:00+00:00,70.6,70.615,70.585,70.615
2026-10-09 18:08:00+00:00,70.58,70.615,70.575,70.595
2026-10-09 18:09:00+00:00,70.615,70.63,70.57,70.58
2026-10-09 18:10:00+00:00,70.585,70.62,70.57,70.615
2026-10-09 18:11:00+00:00,70.575,70.595,70.57,70.585
2026-10-09 18:12:00+00:00,70.565,70.58,70.55,70.575
2026-10-09 18:13:00+00:00,70.595,70.6,70.56,70.565
2026-10-09 18:14:00+00:00,70.595,70.625,70.59,70.595
2026-10-09 18:15:00+00:00,70.575,70.605,70.57,70.595
2026-10-09 18:16:00+00:00,70.555,70.585,70.545,70.575
2026-10-09 18:17:00+00:00,70.565,70.58,70.555,70.555
2026-10-09 18:18:00+00:00,70.585,70.59,70.565,70.565
2026-10-09 18:19:00+00:00,70.595,70.595,70.575,70.585
2026-10-09 18:20:00+00:00,70.595,70.605,70.575,70.595
2026-10-09 18:21:00+00:00,70.575,70.6,70.575,70.595
2026-10-09 18:22:00+00:00,70.625,70.625,70.575,70.575
2026-10-09 18:23:00+00:00,70.625,70.64,70.615,70.625
2026-10-09 18:24:00+00:00,70.62,70.63,70.58,70.625
2026-10-09 18:25:00+00:00,70.585,70.625,70.58,70.62
2026-10-09 18:26:00+00:00,70.595,70.595,70.575,70.585
2026-10-09 18:27:00+00:00,70.595,70.595,70.58,70.595
2026-10-09 18:28:00+00:00,70.595,70.6,70.58,70.595
2026-10-09 18:29:00+00:00,70.595,70.625,70.59,70.595
2026-10-09 18:30:00+00:00,70.545,70.6,70.53,70.595
2026-10-09 18:31:00+00:00,70.485,70.555,70.48,70.545
2026-10-09 18:32:00+00:00,70.485,70.5,70.47,70.49
2026-10-09 18:33:00+00:00,70.495,70.5,70.485,70.485
2026-10-09 18:34:00+00:00,70.495,70.515,70.49,70.495
2026-10-09 18:35:00+00:00,70.505,70.51,70.49,70.495
2026-10-09 18:36:00+00:00,70.525,70.53,70.505,70.505
2026-10-09 18:37:00+00:00,70.515,70.53,70.51,70.525
2026-10-09 18:38:00+00:00,70.485,70.515,70.485,70.515
2026-10-09 18:39:00+00:00,70.505,70.51,70.485,70.485
2026-10-09 18:40:00+00:00,70.545,70.55,70.505,70.505
2026-10-09 18:41:00+00:00,70.525,70.55,70.525,70.545
2026-10-09 18:42:00+00:00,70.485,70.53,70.485,70.525
2026-10-09 18:43:00+00:00,70.445,70.49,70.44,70.485
2026-10-09 18:44:00+00:00,70.435,70.455,70.43,70.45
2026-10-09 18:45:00+00:00,70.445,70.46,70.42,70.435
2026-10-09 18:46:00+00:00,70.465,70.49,70.44,70.445
2026-10-09 18:47:00+00:00,70.435,70.48,70.43,70.46
2026-10-09 18:48:00+00:00,70.425,70.435,70.42,70.435
2026-10-09 18:49:00+00:00,70.485,70.485,70.425,70.425
2026-10-09 18:50:00+00:00,70.495,70.5,70.47,70.485
2026-10-09 18:51:00+00:00,70.455,70.495,70.45,70.495
2026-10-09 18:52:00+00:00,70.455,70.465,70.43,70.455
2026-10-09 18:53:00+00:00,70.445,70.455,70.44,70.455
2026-10-09 18:54:00+00:00,70.435,70.45,70.425,70.445
2026-10-09 18:55:00+00:00,70.425,70.445,70.42,70.435
2026-10-09 18:56:00+00:00,70.435,70.435,70.42,70.425
2026-10-09 18:57:00+00:00,70.435,70.44,70.43,70.435
2026-10-09 18:58:00+00:00,70.405,70.44,70.4,70.435
2026-10-09 18:59:00+00:00,70.415,70.42,70.385,70.405
2026-10-09 19:00:00+00:00,70.385,70.425,70.385,70.415
2026-10-09 19:01:00+00:00,70.395,70.395,70.37,70.385
2026-10-09 19:02:00+00:00,70.375,70.4,70.365,70.395
2026-10-09 19:03:00+00:00,70.385,70.39,70.36,70.375
2026-10-09 19:04:00+00:00,70.355,70.39,70.34,70.385
2026-10-09 19:05:00+00:00,70.355,70.355,70.34,70.355
2026-10-09 19:06:00+00:00,70.385,70.385,70.355,70.355
2026-10-09 19:07:00+00:00,70.405,70.415,70.385,70.385
2026-10-09 19:08:00+00:00,70.385,70.41,70.37,70.405
2026-10-09 19:09:00+00:00,70.385,70.39,70.355,70.385
2026-10-09 19:10:00+00:00,70.405,70.41,70.36,70.385
2026-10-09 19:11:00+00:00,70.415,70.42,70.39,70.405
2026-10-09 19:12:00+00:00,70.395,70.415,70.37,70.415
2026-10-09 19:13:00+00:00,70.405,70.415,70.39,70.395
2026-10-09 19:14:00+00:00,70.415,70.43,70.4,70.4
2026-10-09 19:15:00+00:00,70.385,70.415,70.38,70.415
2026-10-09 19:16:00+00:00,70.385,70.395,70.37,70.385
2026-10-09 19:17:00+00:00,70.395,70.405,70.38,70.385
2026-10-09 19:18:00+00:00,70.385,70.405,70.38,70.395
2026-10-09 19:19:00+00:00,70.335,70.385,70.335,70.385
2026-10-09 19:20:00+00:00,70.365,70.375,70.335,70.335
2026-10-09 19:21:00+00:00,70.355,70.37,70.345,70.365
2026-10-09 19:22:00+00:00,70.365,70.39,70.35,70.355
2026-10-09 19:23:00+00:00,70.375,70.385,70.355,70.365
2026-10-09 19:24:00+00:00,70.365,70.385,70.36,70.38
2026-10-09 19:25:00+00:00,70.375,70.395,70.36,70.365
2026-10-09 19:26:00+00:00,70.385,70.39,70.37,70.375
2026-10-09 19:27:00+00:00,70.385,70.39,70.375,70.385
2026-10-09 19:28:00+00:00,70.375,70.39,70.37,70.385
2026-10-09 19:29:00+00:00,70.375,70.375,70.355,70.375
2026-10-09 19:30:00+00:00,70.405,70.42,70.35,70.375
2026-10-09 19:31:00+00:00,70.415,70.43,70.39,70.405
2026-10-09 19:32:00+00:00,70.425,70.435,70.4,70.415
2026-10-09 19:33:00+00:00,70.405,70.425,70.395,70.425
2026-10-09 19:34:00+00:00,70.425,70.435,70.405,70.405
2026-10-09 19:35:00+00:00,70.435,70.46,70.42,70.425
2026-10-09 19:36:00+00:00,70.455,70.465,70.435,70.435
2026-10-09 19:37:00+00:00,70.485,70.485,70.445,70.455
2026-10-09 19:38:00+00:00,70.505,70.51,70.44,70.485
2026-10-09 19:39:00+00:00,70.545,70.55,70.505,70.505
2026-10-09 19:40:00+00:00,70.475,70.555,70.475,70.545
2026-10-09 19:41:00+00:00,70.495,70.495,70.45,70.475
2026-10-09 19:42:00+00:00,70.485,70.5,70.46,70.495
2026-10-09 19:43:00+00:00,70.485,70.485,70.465,70.485
2026-10-09 19:44:00+00:00,70.455,70.485,70.45,70.485
2026-10-09 19:45:00+00:00,70.485,70.49,70.42,70.45
2026-10-09 19:46:00+00:00,70.445,70.49,70.44,70.485
2026-10-09 19:47:00+00:00,70.425,70.455,70.415,70.44
2026-10-09 19:48:00+00:00,70.425,70.45,70.42,70.425
2026-10-09 19:49:00+00:00,70.39,70.425,70.39,70.425
2026-10-09 19:50:00+00:00,70.365,70.41,70.295,70.39
2026-10-09 19:51:00+00:00,70.335,70.375,70.325,70.365
2026-10-09 19:52:00+00:00,70.355,70.375,70.315,70.335
2026-10-09 19:53:00+00:00,70.345,70.365,70.33,70.355
2026-10-09 19:54:00+00:00,70.285,70.41,70.255,70.345
2026-10-09 19:55:00+00:00,70.225,70.285,70.195,70.285
2026-10-09 19:56:00+00:00,70.275,70.29,70.225,70.225
2026-10-09 19:57:00+00:00,70.265,70.275,70.24,70.275
2026-10-09 19:58:00+00:00,70.265,70.28,70.245,70.265
2026-10-09 19:59:00+00:00,70.31,70.31,70.235,70.27
