Date,AdjClose,Close,High,Low,Open,Volume
1981-04-27,0.08451966941356659,0.16437500715255737,0.16750000417232513,0.1599999964237213,0.1599999964237213,31940000
1981-05-04,0.0867692306637764,0.16875000298023224,0.17000000178813934,0.1599999964237213,0.16249999403953552,50040000
1981-05-11,0.0886974185705185,0.17249999940395355,0.1731249988079071,0.16625000536441803,0.1681250035762787,45360000
1981-05-18,0.10251621156930923,0.1993750035762787,0.20000000298023224,0.17499999701976776,0.17499999701976776,76540000
1981-05-25,0.09705296158790588,0.1887499988079071,0.19625000655651093,0.1850000023841858,0.19625000655651093,48600000
1981-06-01,0.11055044084787369,0.2150000035762787,0.2150000035762787,0.19312499463558197,0.19625000655651093,106620000
1981-06-08,0.11665638536214828,0.22687500715255737,0.22750000655651093,0.20999999344348907,0.21312500536441803,88880000
1981-06-15,0.11151448637247086,0.21687500178813934,0.23937499523162842,0.21687500178813934,0.23874999582767487,82640000
1981-06-22,0.10605128109455109,0.20624999701976776,0.21875,0.20374999940395355,0.2162500023841858,17320000
1981-06-29,0.09898116439580917,0.19249999523162842,0.20999999344348907,0.19249999523162842,0.20749999582767487,24300000
1981-07-06,0.0931965634226799,0.18125000596046448,0.1837500035762787,0.18000000715255737,0.1837500035762787,52780000
1981-07-13,0.0909469798207283,0.17687499523162842,0.18312500417232513,0.16875000298023224,0.18125000596046448,64380000
1981-07-20,0.08548375219106674,0.16625000536441803,0.17812499403953552,0.15687499940395355,0.17687499523162842,54740000
1981-07-27,0.09158971160650253,0.17812499403953552,0.18000000715255737,0.1681250035762787,0.1681250035762787,48220000
1981-08-03,0.09769570082426071,0.1899999976158142,0.19312499463558197,0.17687499523162842,0.17812499403953552,37940000
1981-08-10,0.09480339288711548,0.18437500298023224,0.1899999976158142,0.18437500298023224,0.1899999976158142,29060000
1981-08-17,0.0867692306637764,0.16875000298023224,0.18562500178813934,0.16750000417232513,0.18437500298023224,36320000
1981-08-24,0.08484102785587311,0.16500000655651093,0.1681250035762787,0.15625,0.1681250035762787,49000000
1981-08-31,0.08355551958084106,0.16249999403953552,0.17687499523162842,0.16187499463558197,0.16500000655651093,64220000
1981-09-07,0.0886974185705185,0.17249999940395355,0.17249999940395355,0.1550000011920929,0.16187499463558197,62700000
1981-09-14,0.08098462969064713,0.1574999988079071,0.1743749976158142,0.15625,0.17249999940395355,89860000
1981-09-21,0.07712819427251816,0.15000000596046448,0.16750000417232513,0.14812499284744263,0.1574999988079071,74360000
1981-09-28,0.08612646162509918,0.16750000417232513,0.16875000298023224,0.140625,0.15000000596046448,66620000
1981-10-05,0.09801708906888962,0.19062499701976776,0.19499999284744263,0.16750000417232513,0.17000000178813934,66960000
1981-10-12,0.09383929520845413,0.18250000476837158,0.19249999523162842,0.17937499284744263,0.19062499701976776,47520000
1981-10-19,0.09448202699422836,0.1837500035762787,0.19312499463558197,0.17874999344348907,0.18250000476837158,62320000
1981-10-26,0.10348035395145416,0.20125000178813934,0.20250000059604645,0.18000000715255737,0.18187500536441803,47680000
1981-11-02,0.10026665031909943,0.19499999284744263,0.21187500655651093,0.19249999523162842,0.20125000178813934,74100000
1981-11-09,0.09833843261003494,0.1912499964237213,0.20000000298023224,0.19062499701976776,0.19499999284744263,44360000
1981-11-16,0.09769570082426071,0.1899999976158142,0.19187499582767487,0.1837500035762787,0.19062499701976776,27940000
1981-11-23,0.10026665031909943,0.19499999284744263,0.19750000536441803,0.1875,0.1899999976158142,25500000
1981-11-30,0.11022907495498657,0.21437500417232513,0.21687500178813934,0.19249999523162842,0.19499999284744263,112220000
1981-12-07,0.10444442182779312,0.203125,0.21375000476837158,0.20000000298023224,0.21375000476837158,38280000
1981-12-14,0.10637260973453522,0.2068749964237213,0.20749999582767487,0.19812500476837158,0.20250000059604645,51760000
1981-12-21,0.10283760726451874,0.20000000298023224,0.20812499523162842,0.1993750035762787,0.2068749964237213,27360000
1981-12-28,0.10251621156930923,0.1993750035762787,0.2006250023841858,0.19750000536441803,0.20000000298023224,12320000
1982-01-04,0.09865985065698624,0.19187499582767487,0.19812500476837158,0.18562500178813934,0.19812500476837158,39160000
1982-01-11,0.09416069090366364,0.18312500417232513,0.1912499964237213,0.1743749976158142,0.18562500178813934,36880000
1982-01-18,0.09769570082426071,0.1899999976158142,0.19312499463558197,0.18187500536441803,0.1862500011920929,39980000
1982-01-25,0.10026665031909943,0.19499999284744263,0.19687500596046448,0.18125000596046448,0.1862500011920929,24560000
1982-02-01,0.10476578027009964,0.20374999940395355,0.20374999940395355,0.1899999976158142,0.19249999523162842,22080000
1982-02-08,0.09833843261003494,0.1912499964237213,0.20125000178813934,0.18937499821186066,0.19687500596046448,21920000
1982-02-15,0.10283760726451874,0.20000000298023224,0.20125000178813934,0.18937499821186066,0.19249999523162842,15640000
1982-02-22,0.09769570082426071,0.1899999976158142,0.20250000059604645,0.1887499988079071,0.19687500596046448,14680000
1982-03-01,0.09576752036809921,0.1862500011920929,0.1912499964237213,0.17874999344348907,0.18937499821186066,46860000
1982-03-08,0.09287523478269577,0.18062500655651093,0.1875,0.17874999344348907,0.18312500417232513,55860000
1982-03-15,0.09480339288711548,0.18437500298023224,0.18562500178813934,0.17812499403953552,0.17937499284744263,25000000
1982-03-22,0.09769570082426071,0.1899999976158142,0.19437499344348907,0.18125000596046448,0.18437500298023224,38600000
1982-03-29,0.09833843261003494,0.1912499964237213,0.1912499964237213,0.1862500011920929,0.1899999976158142,24520000
1982-04-05,0.10380170494318008,0.2018750011920929,0.2018750011920929,0.19062499701976776,0.19374999403953552,35500000
1982-04-12,0.10572988539934158,0.2056249976158142,0.20937499403953552,0.2018750011920929,0.20374999940395355,36200000
1982-04-19,0.10845953971147537,0.21062499284744263,0.21062499284744263,0.19812500476837158,0.20374999940395355,32700000
1982-04-26,0.1119997650384903,0.2175000011920929,0.2199999988079071,0.21125000715255737,0.21375000476837158,44040000
1982-05-03,0.1119997650384903,0.2175000011920929,0.22437499463558197,0.2150000035762787,0.21937499940395355,40220000
1982-05-10,0.10942506045103073,0.21250000596046448,0.21812500059604645,0.20999999344348907,0.21687500178813934,17580000
1982-05-17,0.10556302964687347,0.20499999821186066,0.21375000476837158,0.2018750011920929,0.21312500536441803,15180000
1982-05-24,0.10620670765638351,0.20624999701976776,0.21562500298023224,0.2018750011920929,0.2043749988079071,19780000
1982-05-31,0.10105730593204498,0.19625000655651093,0.2068749964237213,0.19625000655651093,0.20374999940395355,24540000
1982-06-07,0.10491932183504105,0.20374999940395355,0.2043749988079071,0.19249999523162842,0.19437499344348907,22760000
1982-06-14,0.10041358321905136,0.19499999284744263,0.203125,0.19249999523162842,0.2018750011920929,21780000
1982-06-21,0.09848254919052124,0.1912499964237213,0.19374999403953552,0.18562500178813934,0.19249999523162842,31580000
1982-06-28,0.10363198816776276,0.20125000178813934,0.203125,0.19187499582767487,0.19374999403953552,28280000
1982-07-05,0.10170095413923264,0.19750000536441803,0.20250000059604645,0.19249999523162842,0.1993750035762787,49260000
1982-07-12,0.10942506045103073,0.21250000596046448,0.21312500536441803,0.1993750035762787,0.2006250023841858,18960000
1982-07-19,0.11296530812978745,0.21937499940395355,0.22312499582767487,0.20874999463558197,0.21250000596046448,37460000
1982-07-26,0.1026664674282074,0.1993750035762787,0.2199999988079071,0.1993750035762787,0.21937499940395355,21720000
1982-08-02,0.10652849078178406,0.2068749964237213,0.21125000715255737,0.20125000178813934,0.20499999821186066,25560000
1982-08-09,0.10331016033887863,0.2006250023841858,0.20499999821186066,0.19812500476837158,0.203125,40220000
1982-08-16,0.1152181625366211,0.22374999523162842,0.22499999403953552,0.20125000178813934,0.203125,42700000
1982-08-23,0.12036757171154022,0.23375000059604645,0.23999999463558197,0.2224999964237213,0.22562499344348907,67260000
1982-08-30,0.10652849078178406,0.2068749964237213,0.234375,0.20250000059604645,0.2331250011920929,107480000
1982-09-06,0.10620670765638351,0.20624999701976776,0.2150000035762787,0.20374999940395355,0.21187500655651093,85640000
1982-09-13,0.11135610938072205,0.2162500023841858,0.22374999523162842,0.20624999701976776,0.20999999344348907,58800000
1982-09-20,0.11328715085983276,0.2199999988079071,0.22750000655651093,0.21312500536441803,0.21437500417232513,39340000
1982-09-27,0.11618364602327347,0.22562499344348907,0.23000000417232513,0.21937499940395355,0.2224999964237213,33640000
1982-10-04,0.12487334758043289,0.24250000715255737,0.24250000715255737,0.2212499976158142,0.22374999523162842,42380000
1982-10-11,0.1245514377951622,0.24187499284744263,0.25999999046325684,0.24124999344348907,0.2537499964237213,66780000
1982-10-18,0.11972389370203018,0.23250000178813934,0.24562500417232513,0.23250000178813934,0.24437500536441803,59900000
1982-10-25,0.12229862064123154,0.23749999701976776,0.23937499523162842,0.2224999964237213,0.22750000655651093,52940000
1982-11-01,0.12262045592069626,0.2381249964237213,0.24812500178813934,0.23624999821186066,0.23749999701976776,27220000
1982-11-08,0.110712431371212,0.2150000035762787,0.23937499523162842,0.21437500417232513,0.23874999582767487,50080000
1982-11-15,0.10363198816776276,0.20125000178813934,0.2162500023841858,0.19750000536441803,0.21250000596046448,102980000
1982-11-22,0.1123216301202774,0.21812500059604645,0.21937499940395355,0.19249999523162842,0.2006250023841858,89820000
1982-11-29,0.11489630490541458,0.22312499582767487,0.22624999284744263,0.21375000476837158,0.2162500023841858,62680000
1982-12-06,0.11747105419635773,0.22812500596046448,0.23999999463558197,0.22374999523162842,0.2318750023841858,40420000
1982-12-13,0.110712431371212,0.2150000035762787,0.2331250011920929,0.21187500655651093,0.22812500596046448,45280000
1982-12-20,0.10942506045103073,0.21250000596046448,0.2150000035762787,0.20999999344348907,0.21375000476837158,32600000
1982-12-27,0.11296530812978745,0.21937499940395355,0.22312499582767487,0.20999999344348907,0.21250000596046448,34580000
1983-01-03,0.12068939954042435,0.234375,0.23749999701976776,0.20999999344348907,0.2162500023841858,38860000
1983-01-10,0.121976837515831,0.2368749976158142,0.23749999701976776,0.2224999964237213,0.23125000298023224,43360000
1983-01-17,0.12744800746440887,0.2475000023841858,0.26124998927116394,0.23749999701976776,0.24187499284744263,52660000
1983-01-24,0.1280917078256607,0.2487500011920929,0.25312501192092896,0.2318750023841858,0.2356249988079071,27060000
1983-01-31,0.12133307754993439,0.2356249988079071,0.24937500059604645,0.23375000059604645,0.24812500178813934,22740000
1983-02-07,0.12551699578762054,0.24375000596046448,0.24500000476837158,0.2368749976158142,0.24124999344348907,33200000
1983-02-14,0.12841354310512543,0.24937500059604645,0.2593750059604645,0.24250000715255737,0.24375000596046448,46420000
1983-02-21,0.13291926681995392,0.2581250071525574,0.2581250071525574,0.2512499988079071,0.25312501192092896,26060000
1983-02-28,0.13871236145496368,0.2693749964237213,0.2706249952316284,0.2549999952316284,0.2581250071525574,22400000
1983-03-07,0.1277698576450348,0.24812500178813934,0.2693749964237213,0.2462500035762787,0.26625001430511475,42600000
1983-03-14,0.12905722856521606,0.25062501430511475,0.2537499964237213,0.2487500011920929,0.2512499988079071,16060000
1983-03-21,0.13163194060325623,0.25562500953674316,0.26124998927116394,0.24812500178813934,0.25,16480000
1983-03-28,0.12905722856521606,0.25062501430511475,0.2581250071525574,0.2487500011920929,0.25312501192092896,12880000
1983-04-04,0.1264825165271759,0.24562500417232513,0.2512499988079071,0.24437500536441803,0.25,17940000
1983-04-11,0.13362166285514832,0.2581250071525574,0.26499998569488525,0.2462500035762787,0.2512499988079071,105640000
1983-04-18,0.1423572301864624,0.2750000059604645,0.27937498688697815,0.2549999952316284,0.2593750059604645,116020000
1983-04-25,0.14882805943489075,0.2874999940395355,0.28999999165534973,0.2718749940395355,0.27812498807907104,79960000
1983-05-02,0.1656520813703537,0.3199999928474426,0.3199999928474426,0.28562501072883606,0.29249998927116394,88100000
1983-05-09,0.16662268340587616,0.3218750059604645,0.328125,0.30937498807907104,0.3162499964237213,47320000
1983-05-16,0.16015185415744781,0.30937498807907104,0.32124999165534973,0.30937498807907104,0.3162499964237213,25700000
1983-05-23,0.1565929651260376,0.30250000953674316,0.3087500035762787,0.3018749952316284,0.30687499046325684,34160000
1983-05-30,0.15271052718162537,0.29499998688697815,0.30125001072883606,0.29374998807907104,0.30125001072883606,30580000
1983-06-06,0.15271052718162537,0.29499998688697815,0.2956250011920929,0.28437501192092896,0.2943750023841858,34480000
1983-06-13,0.15238691866397858,0.2943750023841858,0.29750001430511475,0.28999999165534973,0.29499998688697815,36420000
1983-06-20,0.1656520813703537,0.3199999928474426,0.3199999928474426,0.29124999046325684,0.29249998927116394,36100000
1983-06-27,0.16629913449287415,0.32124999165534973,0.3231250047683716,0.3050000071525574,0.3199999928474426,31920000
1983-07-04,0.1582106202840805,0.30562499165534973,0.3137499988079071,0.30562499165534973,0.3125,14320000
1983-07-11,0.1501222401857376,0.28999999165534973,0.3050000071525574,0.2887499928474426,0.3043749928474426,29640000
1983-07-18,0.16241668164730072,0.3137499988079071,0.3149999976158142,0.2893750071525574,0.29124999046325684,27500000
1983-07-25,0.1491515338420868,0.28812500834465027,0.3149999976158142,0.2874999940395355,0.3149999976158142,36180000
1983-08-01,0.14947509765625,0.2887499928474426,0.2956250011920929,0.28562501072883606,0.2893750071525574,27620000
1983-08-08,0.15044571459293365,0.2906250059604645,0.29249998927116394,0.2737500071525574,0.2874999940395355,22800000
1983-08-15,0.15141630172729492,0.29249998927116394,0.2956250011920929,0.2906250059604645,0.2918750047683716,9580000
1983-08-22,0.15885767340660095,0.30687499046325684,0.3162499964237213,0.2918750047683716,0.29249998927116394,53720000
1983-08-29,0.1708286851644516,0.33000001311302185,0.33000001311302185,0.30687499046325684,0.30687499046325684,37380000
1983-09-05,0.1802113950252533,0.34812501072883606,0.35249999165534973,0.34187498688697815,0.3449999988079071,36480000
1983-09-12,0.18700571358203888,0.36125001311302185,0.36125001311302185,0.3462499976158142,0.3531250059604645,64000000
1983-09-19,0.18182900547981262,0.3512499928474426,0.3675000071525574,0.34687501192092896,0.36125001311302185,21600000
1983-09-26,0.17438764870166779,0.33687499165534973,0.3518750071525574,0.3331249952316284,0.3499999940395355,17360000
1983-10-03,0.18053485453128815,0.3487499952316284,0.3512499928474426,0.3306249976158142,0.3362500071525574,19480000
1983-10-10,0.1798878014087677,0.3474999964237213,0.3512499928474426,0.3425000011920929,0.34937500953674316,23320000
1983-10-17,0.1708286851644516,0.33000001311302185,0.34937500953674316,0.32749998569488525,0.3462499976158142,20360000
1983-10-24,0.1708286851644516,0.33000001311302185,0.3318749964237213,0.31937500834465027,0.3199999928474426,20660000
1983-10-31,0.16468143463134766,0.31812500953674316,0.33125001192092896,0.3149999976158142,0.33125001192092896,15960000
1983-11-07,0.16662268340587616,0.3218750059604645,0.3268750011920929,0.3149999976158142,0.3187499940395355,25080000
1983-11-14,0.16791686415672302,0.3243750035762787,0.33250001072883606,0.3206250071525574,0.3206250071525574,35420000
1983-11-21,0.16824029386043549,0.32499998807907104,0.3293749988079071,0.3187499940395355,0.3243750035762787,39380000
1983-11-28,0.163710817694664,0.3162499964237213,0.32499998807907104,0.3149999976158142,0.32499998807907104,50580000
1983-12-05,0.15400463342666626,0.29750001430511475,0.31562501192092896,0.29124999046325684,0.31562501192092896,45400000
1983-12-12,0.14947509765625,0.2887499928474426,0.30375000834465027,0.2824999988079071,0.29875001311302185,41400000
1983-12-19,0.1478574275970459,0.28562501072883606,0.28999999165534973,0.2837499976158142,0.28999999165534973,29600000
1983-12-26,0.14494553208351135,0.2800000011920929,0.2862499952316284,0.2762500047683716,0.2824999988079071,42380000
1984-01-02,0.1582106202840805,0.30562499165534973,0.30687499046325684,0.28125,0.28187501430511475,39080000
1984-01-09,0.1478574275970459,0.28562501072883606,0.3043749928474426,0.2837499976158142,0.3031249940395355,24440000
1984-01-16,0.1478574275970459,0.28562501072883606,0.28999999165534973,0.28125,0.2862499952316284,25640000
1984-01-23,0.14429844915866852,0.2787500023841858,0.2874999940395355,0.2762500047683716,0.2849999964237213,56580000
1984-01-30,0.14171014726161957,0.2737500071525574,0.2837499976158142,0.26249998807907104,0.2837499976158142,64060000
1984-02-06,0.13782767951488495,0.26625001430511475,0.27437499165534973,0.26249998807907104,0.2737500071525574,53080000
1984-02-13,0.13944534957408905,0.2693749964237213,0.2693749964237213,0.26124998927116394,0.26499998569488525,25940000
1984-02-20,0.13912184536457062,0.26875001192092896,0.2718749940395355,0.26249998807907104,0.2706249952316284,30580000
1984-02-27,0.14332786202430725,0.27687498927116394,0.2775000035762787,0.26124998927116394,0.27000001072883606,47940000
1984-03-05,0.13459224998950958,0.25999999046325684,0.2800000011920929,0.25312501192092896,0.2775000035762787,56240000
1984-03-12,0.13588643074035645,0.26249998807907104,0.26374998688697815,0.2549999952316284,0.2574999928474426,63200000
1984-03-19,0.12876857817173004,0.2487500011920929,0.2618750035762787,0.24687500298023224,0.25999999046325684,35800000
1984-03-26,0.12585672736167908,0.24312500655651093,0.25,0.23624999821186066,0.2462500035762787,57720000
1984-04-02,0.1190624013543129,0.23000000417232513,0.24312500655651093,0.22750000655651093,0.24312500655651093,52880000
1984-04-09,0.12629495561122894,0.24250000715255737,0.24312500655651093,0.22562499344348907,0.22937500476837158,37880000
1984-04-16,0.13150298595428467,0.2524999976158142,0.2562499940395355,0.24312500655651093,0.24312500655651093,45380000
1984-04-23,0.13378150761127472,0.25687500834465027,0.2574999928474426,0.2487500011920929,0.2512499988079071,37620000
1984-04-30,0.1324794739484787,0.25437501072883606,0.2574999928474426,0.2524999976158142,0.2562499940395355,42060000
1984-05-07,0.12759697437286377,0.24500000476837158,0.25437501072883606,0.24500000476837158,0.25437501072883606,15880000
1984-05-14,0.12564390897750854,0.24124999344348907,0.24687500298023224,0.23999999463558197,0.24562500417232513,12260000
1984-05-21,0.11262384057044983,0.2162500023841858,0.24312500655651093,0.2150000035762787,0.24250000715255737,44280000
1984-05-28,0.11620435863733292,0.22312499582767487,0.22499999403953552,0.2150000035762787,0.2175000011920929,23400000
1984-06-04,0.11783182621002197,0.22624999284744263,0.23000000417232513,0.22437499463558197,0.22624999284744263,41680000
1984-06-11,0.11620435863733292,0.22312499582767487,0.22750000655651093,0.21875,0.22750000655651093,20100000
1984-06-18,0.11229836940765381,0.21562500298023224,0.22312499582767487,0.21062499284744263,0.22312499582767487,53700000
1984-06-25,0.11652986705303192,0.22374999523162842,0.22374999523162842,0.2150000035762787,0.2175000011920929,37400000
1984-07-02,0.11555338650941849,0.22187499701976776,0.22374999523162842,0.2212499976158142,0.22374999523162842,13360000
1984-07-09,0.1152278333902359,0.2212499976158142,0.22437499463558197,0.2199999988079071,0.22187499701976776,24240000
1984-07-16,0.11132179945707321,0.21375000476837158,0.22312499582767487,0.21250000596046448,0.2212499976158142,23820000
1984-07-23,0.10513725131750107,0.2018750011920929,0.21250000596046448,0.19875000417232513,0.21250000596046448,60040000
1984-07-30,0.12076137214899063,0.2318750023841858,0.23375000059604645,0.19499999284744263,0.203125,72920000
1984-08-06,0.12531843781471252,0.24062499403953552,0.2537499964237213,0.22624999284744263,0.23125000298023224,69760000
1984-08-13,0.12531843781471252,0.24062499403953552,0.24437500536441803,0.23624999821186066,0.23999999463558197,48000000
1984-08-20,0.10416075587272644,0.20000000298023224,0.24187499284744263,0.18250000476837158,0.24124999344348907,276280000
1984-08-27,0.09699971228837967,0.1862500011920929,0.19750000536441803,0.18250000476837158,0.19499999284744263,161960000
1984-09-03,0.09732523560523987,0.18687500059604645,0.1875,0.18250000476837158,0.1862500011920929,151180000
1984-09-10,0.09472119808197021,0.18187500536441803,0.18812499940395355,0.18125000596046448,0.1875,142340000
1984-09-17,0.08821114152669907,0.1693750023841858,0.18125000596046448,0.16062499582767487,0.18125000596046448,139540000
1984-09-24,0.08690913766622543,0.16687500476837158,0.17249999940395355,0.16374999284744263,0.17125000059604645,96100000
1984-10-01,0.08853667229413986,0.17000000178813934,0.17249999940395355,0.16500000655651093,0.16750000417232513,33320000
1984-10-08,0.08821114152669907,0.1693750023841858,0.17125000059604645,0.16687500476837158,0.17000000178813934,45660000
1984-10-15,0.06249647215008736,0.11999999731779099,0.1287499964237213,0.11749999970197678,0.1262499988079071,627960000
1984-10-22,0.056311920285224915,0.1081250011920929,0.12250000238418579,0.1081250011920929,0.11749999970197678,206960000
1984-10-29,0.060868922621011734,0.11687500029802322,0.11874999850988388,0.10437499731779099,0.1081250011920929,173840000
1984-11-05,0.05989246442914009,0.11500000208616257,0.11874999850988388,0.11249999701976776,0.11812499910593033,187380000
1984-11-12,0.06477496027946472,0.12437500059604645,0.12562499940395355,0.11500000208616257,0.11562500149011612,195740000
1984-11-19,0.06575149297714233,0.1262499988079071,0.1287499964237213,0.12312500178813934,0.125,98380000
1984-11-26,0.06379848718643188,0.12250000238418579,0.12812499701976776,0.11937499791383743,0.12812499701976776,64480000
1984-12-03,0.06379848718643188,0.12250000238418579,0.1274999976158142,0.11999999731779099,0.12312500178813934,59220000
1984-12-10,0.06314747780561447,0.12125000357627869,0.1262499988079071,0.11999999731779099,0.12187500298023224,54520000
1984-12-17,0.06217096000909805,0.11937499791383743,0.1237500011920929,0.11687500029802322,0.12187500298023224,95520000
1984-12-24,0.06217096000909805,0.11937499791383743,0.12250000238418579,0.11812499910593033,0.11874999850988388,52340000
1984-12-31,0.06021794304251671,0.11562500149011612,0.11999999731779099,0.11500000208616257,0.11937499791383743,46840000
1985-01-07,0.06575149297714233,0.1262499988079071,0.1287499964237213,0.11562500149011612,0.11562500149011612,91860000
1985-01-14,0.06770448386669159,0.12999999523162842,0.13375000655651093,0.1262499988079071,0.1262499988079071,91580000
1985-01-21,0.0729125365614891,0.14000000059604645,0.14000000059604645,0.12937499582767487,0.12937499582767487,145080000
1985-01-28,0.07877162843942642,0.15125000476837158,0.15562500059604645,0.14000000059604645,0.14000000059604645,318140000
1985-02-04,0.08332861214876175,0.1599999964237213,0.1599999964237213,0.14937500655651093,0.14937500655651093,221760000
1985-02-11,0.07974809408187866,0.15312500298023224,0.16249999403953552,0.15312500298023224,0.16249999403953552,157420000
1985-02-18,0.07779507339000702,0.14937500655651093,0.1525000035762787,0.14624999463558197,0.1525000035762787,113100000
1985-02-25,0.0764930471777916,0.14687499403953552,0.14812499284744263,0.14374999701976776,0.14624999463558197,137020000
1985-03-04,0.06737898290157318,0.12937499582767487,0.14687499403953552,0.12937499582767487,0.14624999463558197,174580000
1985-03-11,0.06705350428819656,0.1287499964237213,0.13124999403953552,0.12687499821186066,0.12999999523162842,96980000
1985-03-18,0.07486557960510254,0.14374999701976776,0.14499999582767487,0.13249999284744263,0.13500000536441803,133440000
1985-03-25,0.0725870355963707,0.1393750011920929,0.14687499403953552,0.13500000536441803,0.14562499523162842,94660000
1985-04-01,0.0725870355963707,0.1393750011920929,0.1443749964237213,0.13875000178813934,0.1393750011920929,29080000
1985-04-08,0.07030850648880005,0.13500000536441803,0.14000000059604645,0.13437500596046448,0.13875000178813934,37200000
1985-04-15,0.07001630961894989,0.13312500715255737,0.13562500476837158,0.12999999523162842,0.13562500476837158,72780000
1985-04-22,0.06640046834945679,0.1262499988079071,0.13375000655651093,0.1262499988079071,0.13312500715255737,61060000
1985-04-29,0.06837272644042969,0.12999999523162842,0.13124999403953552,0.12687499821186066,0.1274999976158142,27360000
1985-05-06,0.07264603674411774,0.1381250023841858,0.14000000059604645,0.12999999523162842,0.13062499463558197,30780000
1985-05-13,0.07461836189031601,0.1418749988079071,0.1431249976158142,0.13375000655651093,0.1368750035762787,112400000
1985-05-20,0.07889162003993988,0.15000000596046448,0.15625,0.14374999701976776,0.14624999463558197,136620000
1985-05-27,0.07724804431200027,0.14687499403953552,0.15187500417232513,0.14687499403953552,0.15062500536441803,43960000
1985-06-03,0.08086389303207397,0.1537500023841858,0.15562500059604645,0.14687499403953552,0.14812499284744263,83960000
1985-06-10,0.0785629153251648,0.14937500655651093,0.1550000011920929,0.14937500655651093,0.1550000011920929,37060000
1985-06-17,0.07889162003993988,0.15000000596046448,0.15187500417232513,0.14749999344348907,0.15000000596046448,37460000
1985-06-24,0.08152135461568832,0.1550000011920929,0.1574999988079071,0.15062500536441803,0.15125000476837158,41000000
1985-07-01,0.0802065059542656,0.1525000035762787,0.1550000011920929,0.15125000476837158,0.1550000011920929,37720000
1985-07-08,0.0890817940235138,0.1693750023841858,0.17249999940395355,0.1525000035762787,0.1525000035762787,203700000
1985-07-15,0.09006793051958084,0.17125000059604645,0.17499999701976776,0.16687500476837158,0.16875000298023224,87340000
1985-07-22,0.08973923325538635,0.1706250011920929,0.1731249988079071,0.1681250035762787,0.1706250011920929,50420000
1985-07-29,0.09006793051958084,0.17125000059604645,0.17125000059604645,0.16500000655651093,0.17000000178813934,75540000
1985-08-05,0.0854659378528595,0.16249999403953552,0.17249999940395355,0.16249999403953552,0.1706250011920929,62020000
1985-08-12,0.06870146840810776,0.13062499463558197,0.16687500476837158,0.1274999976158142,0.16187499463558197,360720000
1985-08-19,0.06738659739494324,0.12812499701976776,0.13375000655651093,0.12687499821186066,0.12999999523162842,161280000
1985-08-26,0.06705789268016815,0.1274999976158142,0.1287499964237213,0.11874999850988388,0.12812499701976776,162880000
1985-09-02,0.06771533191204071,0.1287499964237213,0.13312500715255737,0.1262499988079071,0.1274999976158142,40060000
1985-09-09,0.0680440217256546,0.12937499582767487,0.12999999523162842,0.12687499821186066,0.12812499701976776,51880000
1985-09-16,0.0644281655550003,0.12250000238418579,0.12999999523162842,0.12062499672174454,0.12937499582767487,46120000
1985-09-23,0.062127165496349335,0.11812499910593033,0.12312500178813934,0.11812499910593033,0.12187500298023224,61380000
1985-09-30,0.0680440217256546,0.12937499582767487,0.13124999403953552,0.11687500029802322,0.11812499910593033,57320000
1985-10-07,0.0680440217256546,0.12937499582767487,0.13187499344348907,0.1287499964237213,0.12999999523162842,26980000
1985-10-14,0.07428961247205734,0.14124999940395355,0.14124999940395355,0.12937499582767487,0.12937499582767487,67320000
1985-10-21,0.07001630961894989,0.13312500715255737,0.14499999582767487,0.13249999284744263,0.14249999821186066,48660000
1985-10-28,0.06541430205106735,0.12437500059604645,0.13375000655651093,0.12187500298023224,0.13375000655651093,55600000
1985-11-04,0.06705789268016815,0.1274999976158142,0.12999999523162842,0.12250000238418579,0.125,64820000
1985-11-11,0.0680440217256546,0.12937499582767487,0.13249999284744263,0.12250000238418579,0.12687499821186066,140540000
1985-11-18,0.07001630961894989,0.13312500715255737,0.13437500596046448,0.12562499940395355,0.13124999403953552,100360000
1985-11-25,0.07067376375198364,0.13437500596046448,0.13500000536441803,0.1287499964237213,0.13312500715255737,60980000
1985-12-02,0.07363218814134598,0.14000000059604645,0.1443749964237213,0.13249999284744263,0.13437500596046448,137620000
1985-12-09,0.07889162003993988,0.15000000596046448,0.15000000596046448,0.1381250023841858,0.14000000059604645,124360000
1985-12-16,0.07593321055173874,0.1443749964237213,0.15000000596046448,0.1393750011920929,0.15000000596046448,55340000
1985-12-23,0.07757680863142014,0.14749999344348907,0.14937500655651093,0.1418749988079071,0.14249999821186066,28220000
1985-12-30,0.07626190036535263,0.14499999582767487,0.15000000596046448,0.14374999701976776,0.14749999344348907,30100000
1986-01-06,0.07297475636005402,0.13875000178813934,0.14875000715255737,0.13625000417232513,0.14499999582767487,45740000
1986-01-13,0.07396089285612106,0.140625,0.14124999940395355,0.12937499582767487,0.13875000178813934,39700000
1986-01-20,0.07757680863142014,0.14749999344348907,0.14749999344348907,0.1393750011920929,0.14000000059604645,36120000
1986-01-27,0.07724804431200027,0.14687499403953552,0.15062500536441803,0.14374999701976776,0.14812499284744263,21760000
1986-02-03,0.07987775653600693,0.15187500417232513,0.15437500178813934,0.1418749988079071,0.14749999344348907,65340000
1986-02-10,0.07922033965587616,0.15062500536441803,0.15625,0.14937500655651093,0.15187500417232513,57700000
1986-02-17,0.07922033965587616,0.15062500536441803,0.15187500417232513,0.14875000715255737,0.14937500655651093,27620000
1986-02-24,0.08152135461568832,0.1550000011920929,0.1574999988079071,0.14687499403953552,0.15062500536441803,168300000
1986-03-03,0.08612337708473206,0.16374999284744263,0.1681250035762787,0.15312500298023224,0.15562500059604645,195000000
1986-03-10,0.08283619582653046,0.1574999988079071,0.16500000655651093,0.1525000035762787,0.16124999523162842,228740000
1986-03-17,0.08283619582653046,0.1574999988079071,0.1574999988079071,0.15187500417232513,0.15687499940395355,84060000
1986-03-24,0.07889162003993988,0.15000000596046448,0.15812499821186066,0.14875000715255737,0.15687499940395355,73240000
1986-03-31,0.07823418825864792,0.14875000715255737,0.15187500417232513,0.14562499523162842,0.15125000476837158,51860000
1986-04-07,0.08513721823692322,0.16187499463558197,0.1693750023841858,0.14937500655651093,0.15000000596046448,127080000
1986-04-14,0.0907253548502922,0.17249999940395355,0.17749999463558197,0.16187499463558197,0.16249999403953552,118180000
1986-04-21,0.08267439901828766,0.15562500059604645,0.17000000178813934,0.14687499403953552,0.1681250035762787,96580000
1986-04-28,0.08134631812572479,0.15312500298023224,0.15687499940395355,0.15000000596046448,0.15687499940395355,60340000
1986-05-05,0.08068226277828217,0.15187500417232513,0.15437500178813934,0.14875000715255737,0.15437500178813934,84260000
1986-05-12,0.08201038092374802,0.15437500178813934,0.15562500059604645,0.15000000596046448,0.15125000476837158,133840000
1986-05-19,0.08234240859746933,0.1550000011920929,0.1574999988079071,0.1537500023841858,0.15562500059604645,51840000
1986-05-26,0.08732279390096664,0.16437500715255737,0.16500000655651093,0.15625,0.15625,62820000
1986-06-02,0.08765485137701035,0.16500000655651093,0.16687500476837158,0.16062499582767487,0.16500000655651093,71980000
1986-06-09,0.0883188471198082,0.16625000536441803,0.16750000417232513,0.1599999964237213,0.16374999284744263,74280000
1986-06-16,0.09031102061271667,0.17000000178813934,0.17499999701976776,0.16625000536441803,0.16750000417232513,88740000
1986-06-23,0.08798683434724808,0.16562500596046448,0.17000000178813934,0.16500000655651093,0.1693750023841858,65060000
1986-06-30,0.08765485137701035,0.16500000655651093,0.16687500476837158,0.16500000655651093,0.16500000655651093,32380000
1986-07-07,0.08499860018491745,0.1599999964237213,0.16625000536441803,0.1550000011920929,0.16437500715255737,60640000
1986-07-14,0.08433452248573303,0.1587499976158142,0.1599999964237213,0.15562500059604645,0.1587499976158142,47240000
1986-07-21,0.08433452248573303,0.1587499976158142,0.15937499701976776,0.15625,0.1574999988079071,44340000
1986-07-28,0.0836704894900322,0.1574999988079071,0.1599999964237213,0.1537500023841858,0.1574999988079071,42640000
1986-08-04,0.08167830854654312,0.1537500023841858,0.1587499976158142,0.15125000476837158,0.15625,34900000
1986-08-11,0.08267439901828766,0.15562500059604645,0.15812499821186066,0.15125000476837158,0.1550000011920929,68500000
1986-08-18,0.08234240859746933,0.1550000011920929,0.15625,0.15312500298023224,0.15437500178813934,33220000
1986-08-25,0.08068226277828217,0.15187500417232513,0.15687499940395355,0.15062500536441803,0.15437500178813934,58620000
1986-09-01,0.08234240859746933,0.1550000011920929,0.15687499940395355,0.15125000476837158,0.15187500417232513,33000000
1986-09-08,0.07702996581792831,0.14499999582767487,0.15562500059604645,0.14249999821186066,0.1550000011920929,78980000
1986-09-15,0.07869011163711548,0.14812499284744263,0.14812499284744263,0.1431249976158142,0.14687499403953552,79420000
1986-09-22,0.07802604883909225,0.14687499403953552,0.1574999988079071,0.14562499523162842,0.14937500655651093,38220000
1986-09-29,0.07702996581792831,0.14499999582767487,0.14749999344348907,0.14374999701976776,0.14749999344348907,83800000
1986-10-06,0.07802604883909225,0.14687499403953552,0.14749999344348907,0.1443749964237213,0.14562499523162842,35000000
1986-10-13,0.07869011163711548,0.14812499284744263,0.14875000715255737,0.14562499523162842,0.14749999344348907,16800000
1986-10-20,0.07769402116537094,0.14624999463558197,0.14937500655651093,0.14499999582767487,0.14749999344348907,53800000
1986-10-27,0.08001821488142014,0.15062500536441803,0.15187500417232513,0.14562499523162842,0.14562499523162842,24740000
1986-11-03,0.08333847671747208,0.15687499940395355,0.15812499821186066,0.15000000596046448,0.15000000596046448,56520000
1986-11-10,0.07802604883909225,0.14687499403953552,0.1587499976158142,0.14624999463558197,0.1574999988079071,118200000
1986-11-17,0.07968617230653763,0.15000000596046448,0.15187500417232513,0.14624999463558197,0.14687499403953552,77240000
1986-11-24,0.08167830854654312,0.1537500023841858,0.1537500023841858,0.14937500655651093,0.1525000035762787,41260000
1986-12-01,0.08201038092374802,0.15437500178813934,0.15625,0.15000000596046448,0.1525000035762787,43540000
1986-12-08,0.08035025745630264,0.15125000476837158,0.15437500178813934,0.15125000476837158,0.1537500023841858,29100000
1986-12-15,0.08466655761003494,0.15937499701976776,0.16187499463558197,0.15312500298023224,0.1537500023841858,45140000
1986-12-22,0.08499860018491745,0.1599999964237213,0.16124999523162842,0.1587499976158142,0.16062499582767487,19120000
1986-12-29,0.08798683434724808,0.16562500596046448,0.16625000536441803,0.16124999523162842,0.16124999523162842,30700000
1987-01-05,0.09097503870725632,0.17125000059604645,0.17249999940395355,0.16500000655651093,0.16500000655651093,83600000
1987-01-12,0.0979476347565651,0.18437500298023224,0.18562500178813934,0.17249999940395355,0.17249999940395355,82180000
1987-01-19,0.09429533779621124,0.17749999463558197,0.1850000023841858,0.17624999582767487,0.18312500417232513,97500000
1987-01-26,0.09628747403621674,0.18125000596046448,0.18562500178813934,0.1743749976158142,0.17624999582767487,118460000
1987-02-02,0.09827964007854462,0.1850000023841858,0.18812499940395355,0.18062500655651093,0.18062500655651093,63800000
1987-02-09,0.10126785188913345,0.19062499701976776,0.19062499701976776,0.1850000023841858,0.1862500011920929,50280000
1987-02-16,0.10093586891889572,0.1899999976158142,0.20000000298023224,0.1875,0.1887499988079071,63500000
1987-02-23,0.09894370287656784,0.1862500011920929,0.19062499701976776,0.18312500417232513,0.1887499988079071,61840000
1987-03-02,0.10226396471261978,0.19249999523162842,0.19312499463558197,0.17937499284744263,0.1862500011920929,57440000
1987-03-09,0.10425607860088348,0.19625000655651093,0.19687500596046448,0.18250000476837158,0.19062499701976776,50120000
1987-03-16,0.11089662462472916,0.20874999463558197,0.21250000596046448,0.19687500596046448,0.19875000417232513,86840000
1987-03-23,0.10425607860088348,0.19625000655651093,0.20937499403953552,0.19625000655651093,0.20812499523162842,48580000
1987-03-30,0.10425607860088348,0.19625000655651093,0.19812500476837158,0.1875,0.19374999403953552,65720000
1987-04-06,0.09960773587226868,0.1875,0.20250000059604645,0.1862500011920929,0.19750000536441803,35240000
1987-04-13,0.09894370287656784,0.1862500011920929,0.1912499964237213,0.1837500035762787,0.1875,26540000
1987-04-20,0.09871266037225723,0.1837500035762787,0.1912499964237213,0.18250000476837158,0.1850000023841858,19560000
1987-04-27,0.10005572438240051,0.1862500011920929,0.1875,0.18187500536441803,0.18437500298023224,80980000
1987-05-04,0.10207028687000275,0.1899999976158142,0.1912499964237213,0.1862500011920929,0.18687500059604645,32000000
1987-05-11,0.09938420355319977,0.1850000023841858,0.19249999523162842,0.1850000023841858,0.18937499821186066,27740000
1987-05-18,0.09602662920951843,0.17874999344348907,0.1850000023841858,0.17249999940395355,0.1837500035762787,72820000
1987-05-25,0.09703391045331955,0.18062500655651093,0.18250000476837158,0.17874999344348907,0.18125000596046448,27780000
1987-06-01,0.09569091349840164,0.17812499403953552,0.18187500536441803,0.17749999463558197,0.18187500536441803,25980000
1987-06-08,0.10106299817562103,0.18812499940395355,0.1887499988079071,0.17812499403953552,0.17937499284744263,61360000
1987-06-15,0.1054278165102005,0.19625000655651093,0.1993750035762787,0.18812499940395355,0.18937499821186066,44040000
1987-06-22,0.1077781543135643,0.2006250023841858,0.2043749988079071,0.19499999284744263,0.19499999284744263,52620000
1987-06-29,0.10207028687000275,0.1899999976158142,0.20125000178813934,0.1887499988079071,0.1993750035762787,61020000
1987-07-06,0.10744237154722214,0.20000000298023224,0.20000000298023224,0.1912499964237213,0.1912499964237213,69380000
1987-07-13,0.1054278165102005,0.19625000655651093,0.20000000298023224,0.19437499344348907,0.19875000417232513,22560000
1987-07-20,0.10274176299571991,0.1912499964237213,0.19687500596046448,0.1875,0.19562500715255737,32840000
1987-07-27,0.10475632548332214,0.19499999284744263,0.19812500476837158,0.19062499701976776,0.1912499964237213,42420000
1987-08-03,0.10408482700586319,0.19374999403953552,0.19562500715255737,0.1899999976158142,0.19437499344348907,43080000
1987-08-10,0.0886400043964386,0.16500000655651093,0.19562500715255737,0.1599999964237213,0.19312499463558197,179400000
1987-08-17,0.08796844631433487,0.16374999284744263,0.16875000298023224,0.16249999403953552,0.16750000417232513,161420000
1987-08-24,0.0849466398358345,0.15812499821186066,0.16500000655651093,0.1574999988079071,0.16500000655651093,140480000
1987-08-31,0.08796844631433487,0.16374999284744263,0.16437500715255737,0.15687499940395355,0.1587499976158142,85220000
1987-09-07,0.08595389872789383,0.1599999964237213,0.16562500596046448,0.1574999988079071,0.16500000655651093,69600000
1987-09-14,0.08595389872789383,0.1599999964237213,0.1599999964237213,0.1574999988079071,0.1599999964237213,34520000
1987-09-21,0.07991025596857071,0.14875000715255737,0.1599999964237213,0.1443749964237213,0.1599999964237213,67100000
1987-09-28,0.08091755211353302,0.15062500536441803,0.15062500536441803,0.14749999344348907,0.15000000596046448,117540000
1987-10-05,0.07991025596857071,0.14875000715255737,0.15562500059604645,0.14812499284744263,0.15062500536441803,53960000
1987-10-12,0.07319512963294983,0.13625000417232513,0.14875000715255737,0.13437500596046448,0.14812499284744263,55460000
1987-10-19,0.06513694673776627,0.12125000357627869,0.1262499988079071,0.08624999970197678,0.1262499988079071,122280000
1987-10-26,0.06177937984466553,0.11500000208616257,0.12250000238418579,0.11124999821186066,0.11999999731779099,97440000
1987-11-02,0.06177937984466553,0.11500000208616257,0.11749999970197678,0.11249999701976776,0.11437500268220901,88000000
1987-11-09,0.0648011714220047,0.12062499672174454,0.12187500298023224,0.1106249988079071,0.11375000327825546,53920000
1987-11-16,0.06446544080972672,0.11999999731779099,0.12250000238418579,0.11500000208616257,0.12062499672174454,65500000
1987-11-23,0.06312237679958344,0.11749999970197678,0.125,0.11749999970197678,0.11874999850988388,59180000
1987-11-30,0.06144363060593605,0.11437500268220901,0.11687500029802322,0.11375000327825546,0.11500000208616257,66980000
1987-12-07,0.06177937984466553,0.11500000208616257,0.11687500029802322,0.11312499642372131,0.11375000327825546,41520000
1987-12-14,0.06278663128614426,0.11687500029802322,0.11749999970197678,0.11437500268220901,0.11437500268220901,67040000
1987-12-21,0.06211511418223381,0.11562500149011612,0.11937499791383743,0.11562500149011612,0.11562500149011612,40920000
1987-12-28,0.05741450563073158,0.10687500238418579,0.11375000327825546,0.10562500357627869,0.11375000327825546,36780000
1988-01-04,0.06412968039512634,0.11937499791383743,0.12187500298023224,0.10875000059604645,0.10875000059604645,47560000
1988-01-11,0.06580845266580582,0.12250000238418579,0.12250000238418579,0.11812499910593033,0.11937499791383743,16440000
1988-01-18,0.06446544080972672,0.11999999731779099,0.12125000357627869,0.11874999850988388,0.12125000357627869,26900000
1988-01-25,0.06312237679958344,0.11749999970197678,0.11999999731779099,0.11500000208616257,0.11999999731779099,24380000
1988-02-01,0.07017329335212708,0.13062499463558197,0.13249999284744263,0.11687500029802322,0.11812499910593033,58240000
1988-02-08,0.07118057459592819,0.13249999284744263,0.13375000655651093,0.1287499964237213,0.13062499463558197,31700000
1988-02-15,0.07118057459592819,0.13249999284744263,0.13750000298023224,0.13187499344348907,0.13375000655651093,18820000
1988-02-22,0.07017329335212708,0.13062499463558197,0.13312500715255737,0.13062499463558197,0.13312500715255737,15760000
1988-02-29,0.07118057459592819,0.13249999284744263,0.13249999284744263,0.12937499582767487,0.13062499463558197,42080000
1988-03-07,0.07151632755994797,0.13312500715255737,0.1393750011920929,0.13187499344348907,0.13187499344348907,24900000
1988-03-14,0.07688846439123154,0.1431249976158142,0.1443749964237213,0.13187499344348907,0.13187499344348907,65640000
1988-03-21,0.07588116824626923,0.14124999940395355,0.1431249976158142,0.14000000059604645,0.1431249976158142,45800000
1988-03-28,0.07520966976881027,0.14000000059604645,0.1418749988079071,0.14000000059604645,0.140625,21120000
1988-04-04,0.07588116824626923,0.14124999940395355,0.14249999821186066,0.13875000178813934,0.14000000059604645,57760000
1988-04-11,0.07789570838212967,0.14499999582767487,0.14687499403953552,0.1393750011920929,0.1431249976158142,44860000
1988-04-18,0.07762635499238968,0.1418749988079071,0.14562499523162842,0.14000000059604645,0.14499999582767487,63260000
1988-04-25,0.07762635499238968,0.1418749988079071,0.1431249976158142,0.1418749988079071,0.14249999821186066,53280000
1988-05-02,0.07694242149591446,0.140625,0.1443749964237213,0.140625,0.1418749988079071,54220000
1988-05-09,0.07899422943592072,0.1443749964237213,0.14499999582767487,0.1393750011920929,0.140625,80400000
1988-05-16,0.07762635499238968,0.1418749988079071,0.14499999582767487,0.140625,0.1443749964237213,17400000
1988-05-23,0.07796833664178848,0.14249999821186066,0.1431249976158142,0.14124999940395355,0.1418749988079071,26840000
1988-05-30,0.07796833664178848,0.14249999821186066,0.14374999701976776,0.1418749988079071,0.14249999821186066,19900000
1988-06-06,0.08275584131479263,0.15125000476837158,0.15187500417232513,0.1418749988079071,0.14249999821186066,55580000
1988-06-13,0.08412369340658188,0.1537500023841858,0.1550000011920929,0.15000000596046448,0.1525000035762787,81860000
1988-06-20,0.0889112651348114,0.16249999403953552,0.16374999284744263,0.1537500023841858,0.1537500023841858,101280000
1988-06-27,0.0954086184501648,0.1743749976158142,0.17499999701976776,0.16062499582767487,0.16124999523162842,47120000
1988-07-04,0.09438269585371017,0.17249999940395355,0.1837500035762787,0.17125000059604645,0.18000000715255737,96760000
1988-07-11,0.09438269585371017,0.17249999940395355,0.17374999821186066,0.16374999284744263,0.171875,56340000
1988-07-18,0.09062108397483826,0.16562500596046448,0.17000000178813934,0.16374999284744263,0.17000000178813934,29600000
1988-07-25,0.09335681796073914,0.1706250011920929,0.17125000059604645,0.16500000655651093,0.16500000655651093,17960000
1988-08-01,0.09233089536428452,0.16875000298023224,0.1731249988079071,0.16687500476837158,0.171875,37420000
1988-08-08,0.10053808242082596,0.1837500035762787,0.18437500298023224,0.16249999403953552,0.16750000417232513,71300000
1988-08-15,0.0991702452301979,0.18125000596046448,0.1837500035762787,0.17937499284744263,0.1837500035762787,100940000
1988-08-22,0.09677647799253464,0.17687499523162842,0.18187500536441803,0.17624999582767487,0.18187500536441803,35000000
1988-08-29,0.09711842238903046,0.17749999463558197,0.17812499403953552,0.17374999821186066,0.17749999463558197,20220000
1988-09-05,0.09985418617725372,0.18250000476837158,0.18312500417232513,0.17812499403953552,0.17874999344348907,21140000
1988-09-12,0.09985418617725372,0.18250000476837158,0.18437500298023224,0.18187500536441803,0.18250000476837158,6280000
1988-09-19,0.10327384620904922,0.1887499988079071,0.1899999976158142,0.18125000596046448,0.18187500536441803,24620000
1988-09-26,0.10771941393613815,0.19687500596046448,0.19750000536441803,0.18687500059604645,0.1887499988079071,47560000
1988-10-03,0.1094292476773262,0.20000000298023224,0.20250000059604645,0.19562500715255737,0.19687500596046448,54320000
1988-10-10,0.11011316627264023,0.20125000178813934,0.20125000178813934,0.19374999403953552,0.20000000298023224,61660000
1988-10-17,0.11421675235033035,0.20874999463558197,0.20937499403953552,0.1993750035762787,0.20125000178813934,59720000
1988-10-24,0.10977120697498322,0.2006250023841858,0.20874999463558197,0.20000000298023224,0.20874999463558197,139960000
1988-10-31,0.10840331763029099,0.19812500476837158,0.20000000298023224,0.1875,0.1993750035762787,167060000
1988-11-07,0.10635150223970413,0.19437499344348907,0.2043749988079071,0.19249999523162842,0.19750000536441803,143820000
1988-11-14,0.10703548043966293,0.19562500715255737,0.19687500596046448,0.19249999523162842,0.19562500715255737,48820000
1988-11-21,0.10635150223970413,0.19437499344348907,0.19687500596046448,0.19312499463558197,0.19562500715255737,20580000
1988-11-28,0.10806134343147278,0.19750000536441803,0.19812500476837158,0.19374999403953552,0.19437499344348907,26660000
1988-12-05,0.1094292476773262,0.20000000298023224,0.2018750011920929,0.19750000536441803,0.19750000536441803,27780000
1988-12-12,0.10806134343147278,0.19750000536441803,0.1993750035762787,0.19499999284744263,0.19875000417232513,34640000
1988-12-19,0.1060095950961113,0.19374999403953552,0.19625000655651093,0.19374999403953552,0.19625000655651093,33760000
1988-12-26,0.1060095950961113,0.19374999403953552,0.19562500715255737,0.19249999523162842,0.19499999284744263,20900000
1989-01-02,0.11045512557029724,0.2018750011920929,0.20374999940395355,0.19374999403953552,0.19499999284744263,20800000
1989-01-09,0.11387482285499573,0.20812499523162842,0.21250000596046448,0.19687500596046448,0.20250000059604645,53760000
1989-01-16,0.1094292476773262,0.20000000298023224,0.20812499523162842,0.20000000298023224,0.2068749964237213,14580000
1989-01-23,0.11353281885385513,0.20749999582767487,0.20812499523162842,0.19875000417232513,0.19875000417232513,51040000
1989-01-30,0.11319088190793991,0.2068749964237213,0.20999999344348907,0.2068749964237213,0.20937499403953552,18580000
1989-02-06,0.11319088190793991,0.2068749964237213,0.20937499403953552,0.2068749964237213,0.20749999582767487,30680000
1989-02-13,0.11729446053504944,0.21437500417232513,0.2150000035762787,0.2068749964237213,0.20749999582767487,42320000
1989-02-20,0.11661052703857422,0.21312500536441803,0.2212499976158142,0.21312500536441803,0.21875,33180000
1989-02-27,0.11900431662797928,0.2175000011920929,0.21875,0.20999999344348907,0.21250000596046448,11800000
1989-03-06,0.12037216871976852,0.2199999988079071,0.2224999964237213,0.2175000011920929,0.21937499940395355,27040000
1989-03-13,0.11216497421264648,0.20499999821186066,0.21875,0.20499999821186066,0.21875,51540000
1989-03-20,0.11319088190793991,0.2068749964237213,0.20812499523162842,0.2043749988079071,0.20624999701976776,20420000
1989-03-27,0.11524266749620438,0.21062499284744263,0.21312500536441803,0.20499999821186066,0.20624999701976776,26080000
1989-04-03,0.11900431662797928,0.2175000011920929,0.2175000011920929,0.21062499284744263,0.21062499284744263,11620000
1989-04-10,0.11763642728328705,0.2150000035762787,0.21687500178813934,0.21062499284744263,0.21687500178813934,16500000
1989-04-17,0.11753781139850616,0.21250000596046448,0.2175000011920929,0.21125000715255737,0.2162500023841858,62720000
1989-04-24,0.11788352578878403,0.21312500536441803,0.21375000476837158,0.21062499284744263,0.21312500536441803,51060000
1989-05-01,0.11546363681554794,0.20874999463558197,0.21250000596046448,0.20812499523162842,0.21250000596046448,9000000
1989-05-08,0.1192663237452507,0.21562500298023224,0.2175000011920929,0.20812499523162842,0.20937499403953552,36540000
1989-05-15,0.11615502089262009,0.20999999344348907,0.21812500059604645,0.20937499403953552,0.21562500298023224,43320000
1989-05-22,0.11373509466648102,0.2056249976158142,0.20937499403953552,0.2043749988079071,0.20874999463558197,22360000
1989-05-29,0.11684642732143402,0.21125000715255737,0.21187500655651093,0.2056249976158142,0.2056249976158142,8420000
1989-06-05,0.11857492476701736,0.21437500417232513,0.2150000035762787,0.20874999463558197,0.21250000596046448,11340000
1989-06-12,0.1292916089296341,0.23375000059604645,0.23375000059604645,0.21312500536441803,0.2150000035762787,47500000
1989-06-19,0.1313657909631729,0.23749999701976776,0.23749999701976776,0.22937500476837158,0.23125000298023224,29680000
1989-06-26,0.12963733077049255,0.234375,0.2381249964237213,0.23375000059604645,0.23749999701976776,17700000
1989-07-03,0.13620559871196747,0.2462500035762787,0.2462500035762787,0.2331250011920929,0.23375000059604645,19260000
1989-07-10,0.13516853749752045,0.24437500536441803,0.2462500035762787,0.24312500655651093,0.24562500417232513,5580000
1989-07-17,0.13620559871196747,0.2462500035762787,0.2462500035762787,0.24187499284744263,0.24375000596046448,15000000
1989-07-24,0.14381101727485657,0.25999999046325684,0.25999999046325684,0.24562500417232513,0.24562500417232513,30060000
1989-07-31,0.14000831544399261,0.25312501192092896,0.25999999046325684,0.25187501311302185,0.25999999046325684,14460000
1989-08-07,0.12963733077049255,0.234375,0.2524999976158142,0.23250000178813934,0.2524999976158142,22040000
1989-08-14,0.124797523021698,0.22562499344348907,0.2331250011920929,0.22499999403953552,0.2331250011920929,12140000
1989-08-21,0.12341468036174774,0.22312499582767487,0.22687500715255737,0.2212499976158142,0.22687500715255737,13400000
1989-08-28,0.1213405579328537,0.21937499940395355,0.22499999403953552,0.21937499940395355,0.22312499582767487,9780000
1989-09-04,0.11788352578878403,0.21312500536441803,0.21937499940395355,0.21125000715255737,0.21937499940395355,10160000
1989-09-11,0.11995772272348404,0.21687500178813934,0.21812500059604645,0.21187500655651093,0.21250000596046448,19640000
1989-09-18,0.11995772272348404,0.21687500178813934,0.2175000011920929,0.2150000035762787,0.21687500178813934,5020000
1989-09-25,0.12203193455934525,0.22062499821186066,0.22187499701976776,0.21812500059604645,0.21812500059604645,9340000
1989-10-02,0.12237763404846191,0.2212499976158142,0.2224999964237213,0.21937499940395355,0.2199999988079071,11820000
1989-10-09,0.11338945478200912,0.20499999821186066,0.2212499976158142,0.20499999821186066,0.2212499976158142,13540000
1989-10-16,0.11857492476701736,0.21437500417232513,0.21437500417232513,0.20000000298023224,0.20000000298023224,16440000
1989-10-23,0.11684642732143402,0.21125000715255737,0.2162500023841858,0.20999999344348907,0.21562500298023224,15600000
1989-10-30,0.11546363681554794,0.20874999463558197,0.21250000596046448,0.20749999582767487,0.21125000715255737,3880000
1989-11-06,0.1126980409026146,0.20374999940395355,0.20749999582767487,0.203125,0.20749999582767487,15880000
1989-11-13,0.1237604022026062,0.22374999523162842,0.22374999523162842,0.2043749988079071,0.20499999821186066,13580000
1989-11-20,0.12445182353258133,0.22499999403953552,0.22562499344348907,0.2224999964237213,0.22437499463558197,10120000
1989-11-27,0.12998300790786743,0.23499999940395355,0.23624999821186066,0.22437499463558197,0.22562499344348907,12760000
1989-12-04,0.13758845627307892,0.2487500011920929,0.25312501192092896,0.24124999344348907,0.24124999344348907,28660000
1989-12-11,0.13862551748752594,0.25062501430511475,0.2524999976158142,0.24562500417232513,0.24812500178813934,19280000
1989-12-18,0.13551422953605652,0.24500000476837158,0.2512499988079071,0.24250000715255737,0.2512499988079071,17800000
1989-12-25,0.13862551748752594,0.25062501430511475,0.2512499988079071,0.2462500035762787,0.2462500035762787,9200000
1990-01-01,0.13931693136692047,0.25187501311302185,0.2537499964237213,0.2475000023841858,0.24937500059604645,18220000
1990-01-08,0.14104539155960083,0.2549999952316284,0.25874999165534973,0.25187501311302185,0.2524999976158142,26280000
1990-01-15,0.13758845627307892,0.2487500011920929,0.2549999952316284,0.2487500011920929,0.2549999952316284,9000000
1990-01-22,0.13447710871696472,0.24312500655651093,0.2487500011920929,0.24124999344348907,0.2487500011920929,14500000
1990-01-29,0.14000831544399261,0.25312501192092896,0.2562499940395355,0.24312500655651093,0.24437500536441803,30560000
1990-02-05,0.1413910984992981,0.25562500953674316,0.2631250023841858,0.2549999952316284,0.2549999952316284,33860000
1990-02-12,0.14000831544399261,0.25312501192092896,0.25687500834465027,0.24937500059604645,0.2562499940395355,13760000
1990-02-19,0.13447710871696472,0.24312500655651093,0.24812500178813934,0.24312500655651093,0.24687500298023224,8280000
1990-02-26,0.13516853749752045,0.24437500536441803,0.2487500011920929,0.24250000715255737,0.24312500655651093,8540000
1990-03-05,0.14208251237869263,0.25687500834465027,0.2606250047683716,0.25,0.25,9440000
1990-03-12,0.13378573954105377,0.24187499284744263,0.2524999976158142,0.23999999463558197,0.2524999976158142,7860000
1990-03-19,0.12998300790786743,0.23499999940395355,0.24062499403953552,0.23125000298023224,0.23999999463558197,13740000
1990-03-26,0.13274864852428436,0.23999999463558197,0.23999999463558197,0.23624999821186066,0.23624999821186066,3540000
1990-04-02,0.12860023975372314,0.23250000178813934,0.2368749976158142,0.23250000178813934,0.23624999821186066,17240000
1990-04-09,0.1258346140384674,0.22750000655651093,0.23250000178813934,0.22499999403953552,0.22875000536441803,14840000
1990-04-16,0.12445182353258133,0.22499999403953552,0.22937500476837158,0.2224999964237213,0.22750000655651093,18180000
1990-04-23,0.12409844994544983,0.2212499976158142,0.22499999403953552,0.22062499821186066,0.22499999403953552,3340000
1990-04-30,0.12550072371959686,0.22374999523162842,0.22499999403953552,0.2199999988079071,0.2199999988079071,3700000
1990-05-07,0.12550072371959686,0.22374999523162842,0.22562499344348907,0.2212499976158142,0.2212499976158142,4700000
1990-05-14,0.12760405242443085,0.22750000655651093,0.23125000298023224,0.22374999523162842,0.22374999523162842,12240000
1990-05-21,0.12830518186092377,0.22875000536441803,0.22937500476837158,0.22499999403953552,0.22624999284744263,10920000
1990-05-28,0.1325119286775589,0.23624999821186066,0.23874999582767487,0.22812500596046448,0.22812500596046448,13300000
1990-06-04,0.13601751625537872,0.24250000715255737,0.24375000596046448,0.2356249988079071,0.2356249988079071,10700000
1990-06-11,0.13952316343784332,0.2487500011920929,0.25,0.24500000476837158,0.24500000476837158,11160000
1990-06-18,0.13671861588954926,0.24375000596046448,0.24937500059604645,0.24375000596046448,0.24937500059604645,5700000
1990-06-25,0.13882200419902802,0.2475000023841858,0.2487500011920929,0.24375000596046448,0.24375000596046448,12640000
1990-07-02,0.14057482779026031,0.25062501430511475,0.25437501072883606,0.2487500011920929,0.25,13580000
1990-07-09,0.14478157460689545,0.2581250071525574,0.2581250071525574,0.2512499988079071,0.2512499988079071,34520000
1990-07-16,0.15214328467845917,0.27125000953674316,0.27250000834465027,0.25999999046325684,0.25999999046325684,38900000
1990-07-23,0.15144218504428864,0.27000001072883606,0.2718749940395355,0.265625,0.2693749964237213,9780000
1990-07-30,0.14653433859348297,0.26124998927116394,0.2718749940395355,0.2606250047683716,0.27000001072883606,22520000
1990-08-06,0.14092539250850677,0.2512499988079071,0.2574999928474426,0.2512499988079071,0.2549999952316284,7980000
1990-08-13,0.14968934655189514,0.2668749988079071,0.27437499165534973,0.2524999976158142,0.25312501192092896,35220000
1990-08-20,0.1444309651851654,0.2574999928474426,0.2618750035762787,0.25312501192092896,0.25999999046325684,10920000
1990-08-27,0.14968934655189514,0.2668749988079071,0.26875001192092896,0.26499998569488525,0.26499998569488525,4740000
1990-09-03,0.15319499373435974,0.2731249928474426,0.2762500047683716,0.2668749988079071,0.2668749988079071,15040000
1990-09-10,0.15144218504428864,0.27000001072883606,0.28062498569488525,0.27000001072883606,0.27437499165534973,12080000
1990-09-17,0.1416265219449997,0.2524999976158142,0.2681249976158142,0.2524999976158142,0.26750001311302185,5600000
1990-09-24,0.14302873611450195,0.2549999952316284,0.2574999928474426,0.2487500011920929,0.25062501430511475,9240000
1990-10-01,0.15249387919902802,0.2718749940395355,0.2718749940395355,0.26124998927116394,0.26124998927116394,8460000
1990-10-08,0.15144218504428864,0.27000001072883606,0.2737500071525574,0.26499998569488525,0.2731249928474426,18960000
1990-10-15,0.1591545045375824,0.2837499976158142,0.28999999165534973,0.2706249952316284,0.27125000953674316,42300000
1990-10-22,0.15424668788909912,0.2750000059604645,0.2824999988079071,0.2750000059604645,0.28125,21660000
1990-10-29,0.15564890205860138,0.2775000035762787,0.2775000035762787,0.2718749940395355,0.2737500071525574,10760000
1990-11-05,0.15950511395931244,0.28437501192092896,0.28812500834465027,0.2800000011920929,0.2800000011920929,16920000
1990-11-12,0.1647634655237198,0.29374998807907104,0.29374998807907104,0.2824999988079071,0.2849999964237213,10540000
1990-11-19,0.16160845756530762,0.28812500834465027,0.3006249964237213,0.28812500834465027,0.29624998569488525,12760000
1990-11-26,0.16511401534080505,0.2943750023841858,0.29499998688697815,0.2893750071525574,0.2893750071525574,1800000
1990-12-03,0.16511401534080505,0.2943750023841858,0.296875,0.2887499928474426,0.2931250035762787,1800000
1990-12-10,0.17983761429786682,0.3206250071525574,0.32249999046325684,0.29750001430511475,0.29750001430511475,21640000
1990-12-17,0.17107358574867249,0.3050000071525574,0.32124999165534973,0.30000001192092896,0.32124999165534973,6640000
1990-12-24,0.17247577011585236,0.3075000047683716,0.3075000047683716,0.30250000953674316,0.30250000953674316,1180000
1990-12-31,0.17107358574867249,0.3050000071525574,0.3137499988079071,0.3050000071525574,0.3100000023841858,5420000
1991-01-07,0.1654646098613739,0.29499998688697815,0.3031249940395355,0.29499998688697815,0.30125001072883606,9960000
1991-01-14,0.1717747002840042,0.3062500059604645,0.30812498927116394,0.2849999964237213,0.28999999165534973,11140000
1991-01-21,0.1766825169324875,0.3149999976158142,0.3149999976158142,0.30000001192092896,0.30000001192092896,10460000
1991-01-28,0.18579711019992828,0.33125001192092896,0.33250001072883606,0.3149999976158142,0.31562501192092896,10940000
1991-02-04,0.19000385701656342,0.3387500047683716,0.3425000011920929,0.33125001192092896,0.33250001072883606,9000000
1991-02-11,0.19140607118606567,0.3412500023841858,0.3412500023841858,0.3331249952316284,0.33812499046325684,7520000
1991-02-18,0.19070500135421753,0.3400000035762787,0.3462499976158142,0.3387500047683716,0.3462499976158142,2020000
1991-02-25,0.1843949407339096,0.32875001430511475,0.34312498569488525,0.32875001430511475,0.3412500023841858,6860000
1991-03-04,0.17948707938194275,0.3199999928474426,0.33375000953674316,0.3199999928474426,0.3293749988079071,19500000
1991-03-11,0.1766825169324875,0.3149999976158142,0.32124999165534973,0.3137499988079071,0.32124999165534973,14900000
1991-03-18,0.18088918924331665,0.32249999046325684,0.328125,0.3087500035762787,0.3162499964237213,5800000
1991-03-25,0.17633195221424103,0.31437501311302185,0.32249999046325684,0.3100000023841858,0.3187499940395355,6780000
1991-04-01,0.17457911372184753,0.3112500011920929,0.3174999952316284,0.3112500011920929,0.31687501072883606,13940000
1991-04-08,0.17878586053848267,0.3187499940395355,0.32124999165534973,0.3087500035762787,0.3100000023841858,9840000
1991-04-15,0.18195267021656036,0.3218750059604645,0.33000001311302185,0.31687501072883606,0.3199999928474426,11400000
1991-04-22,0.17523978650569916,0.3100000023841858,0.3174999952316284,0.3050000071525574,0.3174999952316284,7600000
1991-04-29,0.18583910167217255,0.32875001430511475,0.33250001072883606,0.30687499046325684,0.3075000047683716,13840000
1991-05-06,0.18654561042785645,0.33000001311302185,0.33375000953674316,0.32249999046325684,0.32374998927116394,3880000
1991-05-13,0.19219857454299927,0.3400000035762787,0.34375,0.32749998569488525,0.33000001311302185,14560000
1991-05-20,0.18937207758426666,0.33500000834465027,0.3449999988079071,0.33500000834465027,0.34375,4320000
1991-05-27,0.18689899146556854,0.3306249976158142,0.3400000035762787,0.33000001311302185,0.33812499046325684,4480000
1991-06-03,0.183719202876091,0.32499998807907104,0.33125001192092896,0.3187499940395355,0.3306249976158142,500000
1991-06-10,0.17806625366210938,0.3149999976158142,0.32499998807907104,0.3100000023841858,0.32249999046325684,4760000
1991-06-17,0.18053944408893585,0.31937500834465027,0.32124999165534973,0.3087500035762787,0.3087500035762787,8120000
1991-06-24,0.18937207758426666,0.33500000834465027,0.3362500071525574,0.3199999928474426,0.3199999928474426,11160000
1991-07-01,0.1936117261648178,0.3425000011920929,0.3425000011920929,0.33500000834465027,0.33500000834465027,5500000
1991-07-08,0.19926463067531586,0.35249999165534973,0.35249999165534973,0.34437501430511475,0.3449999988079071,4500000
1991-07-15,0.19785143435001373,0.3499999940395355,0.3512499928474426,0.3449999988079071,0.3499999940395355,8020000
1991-07-22,0.1971447765827179,0.3487499952316284,0.3518750071525574,0.3462499976158142,0.3499999940395355,8060000
1991-07-29,0.1985580027103424,0.3512499928474426,0.35249999165534973,0.34687501192092896,0.34937500953674316,8240000
1991-08-05,0.20067793130874634,0.35499998927116394,0.36000001430511475,0.3518750071525574,0.3518750071525574,1540000
1991-08-12,0.19997122883796692,0.35374999046325684,0.35874998569488525,0.3512499928474426,0.35374999046325684,4000000
1991-08-19,0.20527084171772003,0.3631249964237213,0.36500000953674316,0.33000001311302185,0.33250001072883606,9180000
1991-08-26,0.20350435376167297,0.36000001430511475,0.3687500059604645,0.36000001430511475,0.36625000834465027,7780000
1991-09-02,0.2049175202846527,0.36250001192092896,0.36375001072883606,0.35624998807907104,0.35749998688697815,6280000
1991-09-09,0.21410343050956726,0.3787499964237213,0.3812499940395355,0.36000001430511475,0.36000001430511475,10440000
1991-09-16,0.2098638415336609,0.3712500035762787,0.38062500953674316,0.3712500035762787,0.3737500011920929,7900000
1991-09-23,0.21198365092277527,0.375,0.3774999976158142,0.3700000047683716,0.37187498807907104,5020000
1991-09-30,0.21021722257137299,0.37187498807907104,0.38062500953674316,0.3712500035762787,0.3787499964237213,2840000
1991-10-07,0.2073906809091568,0.3668749928474426,0.37062498927116394,0.36375001072883606,0.3687500059604645,5680000
1991-10-14,0.21092373132705688,0.37312498688697815,0.37312498688697815,0.3656249940395355,0.3656249940395355,7300000
1991-10-21,0.20880387723445892,0.36937499046325684,0.37437498569488525,0.3687500059604645,0.37437498569488525,7140000
1991-10-28,0.21692994236946106,0.38374999165534973,0.38374999165534973,0.3700000047683716,0.3700000047683716,5720000
1991-11-04,0.22752919793128967,0.4025000035762787,0.4050000011920929,0.3843750059604645,0.38499999046325684,11840000
1991-11-11,0.22823575139045715,0.4037500023841858,0.41874998807907104,0.3981249928474426,0.4025000035762787,10040000
1991-11-18,0.2360084503889084,0.41749998927116394,0.41874998807907104,0.4025000035762787,0.4050000011920929,13180000
1991-11-25,0.2300022393465042,0.40687501430511475,0.41312500834465027,0.40687501430511475,0.4099999964237213,2180000
1991-12-02,0.23883496224880219,0.42250001430511475,0.4231249988079071,0.4074999988079071,0.4074999988079071,2380000
1991-12-09,0.23777508735656738,0.4206250011920929,0.4268749952316284,0.4168750047683716,0.4231249988079071,3160000
1991-12-16,0.24484114348888397,0.43312498927116394,0.4350000023841858,0.41999998688697815,0.4206250011920929,3920000
1991-12-23,0.2540271282196045,0.4493750035762787,0.47062501311302185,0.43562498688697815,0.43562498688697815,2940000
1991-12-30,0.25579363107681274,0.45249998569488525,0.4625000059604645,0.4437499940395355,0.4493750035762787,5780000
1992-01-06,0.26073986291885376,0.4612500071525574,0.47999998927116394,0.4581249952316284,0.4581249952316284,12480000
1992-01-13,0.2529672384262085,0.44749999046325684,0.4612500071525574,0.4325000047683716,0.45875000953674316,10880000
1992-01-20,0.24166131019592285,0.42750000953674316,0.4412499964237213,0.41749998927116394,0.43812501430511475,11800000
1992-01-27,0.24272142350673676,0.4293749928474426,0.4375,0.42375001311302185,0.42500001192092896,6680000
1992-02-03,0.24943417310714722,0.4412499964237213,0.4412499964237213,0.4281249940395355,0.42875000834465027,3420000
1992-02-10,0.23742173612117767,0.41999998688697815,0.4350000023841858,0.41874998807907104,0.4337500035762787,4360000
1992-02-17,0.23706842958927155,0.4193750023841858,0.42124998569488525,0.4156250059604645,0.4168750047683716,6740000
1992-02-24,0.23176884651184082,0.4099999964237213,0.41749998927116394,0.40625,0.41749998927116394,4700000
1992-03-02,0.2303556203842163,0.4074999988079071,0.4074999988079071,0.4000000059604645,0.40625,11900000
1992-03-09,0.23106223344802856,0.4087499976158142,0.41312500834465027,0.4050000011920929,0.4087499976158142,15720000
1992-03-16,0.23636183142662048,0.4181250035762787,0.4181250035762787,0.4037500023841858,0.40625,3020000
1992-03-23,0.23318207263946533,0.4124999940395355,0.4124999940395355,0.4074999988079071,0.4099999964237213,5220000
1992-03-30,0.23318207263946533,0.4124999940395355,0.4124999940395355,0.4000000059604645,0.4087499976158142,6700000
1992-04-06,0.23742173612117767,0.41999998688697815,0.421875,0.4074999988079071,0.4124999940395355,10720000
1992-04-13,0.24342794716358185,0.43062499165534973,0.4312500059604645,0.42124998569488525,0.42124998569488525,14220000
1992-04-20,0.23318207263946533,0.4124999940395355,0.42375001311302185,0.41062501072883606,0.42375001311302185,9200000
1992-04-27,0.23630082607269287,0.41499999165534973,0.41624999046325684,0.4050000011920929,0.41187500953674316,10820000
1992-05-04,0.24377422034740448,0.4281249940395355,0.43187499046325684,0.41749998927116394,0.41749998927116394,15220000
1992-05-11,0.24768882989883423,0.4350000023841858,0.4412499964237213,0.42625001072883606,0.4281249940395355,4700000
1992-05-18,0.2469770908355713,0.4337500035762787,0.4399999976158142,0.4300000071525574,0.4399999976158142,2440000
1992-05-25,0.26121217012405396,0.45875000953674316,0.4612500071525574,0.4362500011920929,0.4387499988079071,2580000
1992-06-01,0.24626542627811432,0.4325000047683716,0.45500001311302185,0.4325000047683716,0.45500001311302185,5200000
1992-06-08,0.24626542627811432,0.4325000047683716,0.4375,0.4325000047683716,0.4350000023841858,3100000
1992-06-15,0.24662131071090698,0.43312498927116394,0.43437498807907104,0.4300000071525574,0.4300000071525574,2380000
1992-06-22,0.259076863527298,0.45500001311302185,0.45625001192092896,0.4350000023841858,0.4350000023841858,8140000
1992-06-29,0.2576533854007721,0.45249998569488525,0.4581249952316284,0.44624999165534973,0.45375001430511475,1700000
1992-07-06,0.26014453172683716,0.4568749964237213,0.45750001072883606,0.453125,0.453125,3800000
1992-07-13,0.2661943733692169,0.4675000011920929,0.4675000011920929,0.46000000834465027,0.4637500047683716,1540000
1992-07-20,0.2565857768058777,0.4506250023841858,0.46000000834465027,0.44999998807907104,0.46000000834465027,3400000
1992-07-27,0.2576533854007721,0.45249998569488525,0.4625000059604645,0.45249998569488525,0.45750001072883606,1100000
1992-08-03,0.26050037145614624,0.45750001072883606,0.4612500071525574,0.45249998569488525,0.45249998569488525,4900000
1992-08-10,0.26405924558639526,0.4637500047683716,0.4637500047683716,0.44874998927116394,0.45249998569488525,3500000
1992-08-17,0.2647709548473358,0.4650000035762787,0.4712499976158142,0.46000000834465027,0.4637500047683716,7760000
1992-08-24,0.2672620415687561,0.46937501430511475,0.4724999964237213,0.46312499046325684,0.4650000035762787,14400000
1992-08-31,0.26904141902923584,0.4724999964237213,0.4724999964237213,0.45875000953674316,0.46937501430511475,6420000
1992-09-07,0.2672620415687561,0.46937501430511475,0.48374998569488525,0.4675000011920929,0.47999998927116394,4380000
1992-09-14,0.26263561844825745,0.4612500071525574,0.4724999964237213,0.45750001072883606,0.4712499976158142,9400000
1992-09-21,0.2583651542663574,0.45375001430511475,0.4675000011920929,0.4399999976158142,0.4675000011920929,5040000
1992-09-28,0.26904141902923584,0.4724999964237213,0.4762499928474426,0.4518750011920929,0.45500001311302185,6300000
1992-10-05,0.2544505298137665,0.4468750059604645,0.46437498927116394,0.44624999165534973,0.46437498927116394,3140000
1992-10-12,0.2576533854007721,0.45249998569488525,0.45875000953674316,0.4437499940395355,0.4437499940395355,1520000
1992-10-19,0.25267115235328674,0.4437499940395355,0.45625001192092896,0.4424999952316284,0.44874998927116394,4740000
1992-10-26,0.24875660240650177,0.43687498569488525,0.44312500953674316,0.43687498569488525,0.4424999952316284,5200000
1992-11-02,0.23630082607269287,0.41499999165534973,0.4300000071525574,0.41499999165534973,0.42750000953674316,8660000
1992-11-09,0.25267115235328674,0.4437499940395355,0.4437499940395355,0.41499999165534973,0.41499999165534973,9400000
1992-11-16,0.24341832101345062,0.42750000953674316,0.45124998688697815,0.42750000953674316,0.4412499964237213,2980000
1992-11-23,0.2519593834877014,0.4424999952316284,0.4424999952316284,0.42500001192092896,0.4300000071525574,2320000
1992-11-30,0.26121217012405396,0.45875000953674316,0.45875000953674316,0.4387499988079071,0.4437499940395355,1280000
1992-12-07,0.2718883752822876,0.47749999165534973,0.47999998927116394,0.46000000834465027,0.46000000834465027,4220000
1992-12-14,0.26121217012405396,0.45875000953674316,0.48124998807907104,0.45500001311302185,0.48124998807907104,15120000
1992-12-21,0.24768882989883423,0.4350000023841858,0.45375001430511475,0.4350000023841858,0.45375001430511475,2960000
1992-12-28,0.25267115235328674,0.4437499940395355,0.4437499940395355,0.4325000047683716,0.4375,6240000
1993-01-04,0.2533828616142273,0.4449999928474426,0.45500001311302185,0.4412499964237213,0.44187501072883606,6840000
1993-01-11,0.2505359351634979,0.4399999976158142,0.4518750011920929,0.4362500011920929,0.4506250023841858,5580000
1993-01-18,0.2647709548473358,0.4650000035762787,0.4675000011920929,0.45249998569488525,0.45500001311302185,10900000
1993-01-25,0.26939722895622253,0.47312501072883606,0.47874999046325684,0.4699999988079071,0.4737499952316284,6680000
1993-02-01,0.27010899782180786,0.47437500953674316,0.48249998688697815,0.4662500023841858,0.4712499976158142,13020000
1993-02-08,0.2661943733692169,0.4675000011920929,0.46812498569488525,0.46000000834465027,0.4662500023841858,8460000
1993-02-15,0.26939722895622253,0.47312501072883606,0.4749999940395355,0.4675000011920929,0.4675000011920929,4900000
1993-02-22,0.2633473575115204,0.4625000059604645,0.47187501192092896,0.45249998569488525,0.47187501192092896,4920000
1993-03-01,0.2555181682109833,0.44874998927116394,0.45625001192092896,0.4449999928474426,0.44999998807907104,5380000
1993-03-08,0.24270665645599365,0.42625001072883606,0.45625001192092896,0.41999998688697815,0.44749999046325684,24600000
1993-03-15,0.24768882989883423,0.4350000023841858,0.43687498569488525,0.42500001192092896,0.42500001192092896,3100000
1993-03-22,0.2469770908355713,0.4337500035762787,0.4375,0.42750000953674316,0.42750000953674316,2060000
1993-03-29,0.2469770908355713,0.4337500035762787,0.4437499940395355,0.4337500035762787,0.4337500035762787,10080000
1993-04-05,0.24768882989883423,0.4350000023841858,0.4399999976158142,0.4325000047683716,0.4399999976158142,1620000
1993-04-12,0.2505359351634979,0.4399999976158142,0.44999998807907104,0.4350000023841858,0.4350000023841858,7420000
1993-04-19,0.2570476531982422,0.44874998927116394,0.45375001430511475,0.4437499940395355,0.44749999046325684,2180000
1993-04-26,0.2624177038669586,0.4581249952316284,0.4606249928474426,0.44999998807907104,0.45750001072883606,4380000
1993-05-03,0.2720838487148285,0.4749999940395355,0.48500001430511475,0.4625000059604645,0.4625000059604645,5080000
1993-05-10,0.2591956853866577,0.45249998569488525,0.46937501430511475,0.44999998807907104,0.46937501430511475,8860000
1993-05-17,0.25776368379592896,0.44999998807907104,0.45750001072883606,0.44749999046325684,0.45500001311302185,5740000
1993-05-24,0.25847968459129333,0.45124998688697815,0.45124998688697815,0.4387499988079071,0.44999998807907104,560000
1993-05-31,0.25203564763069153,0.4399999976158142,0.44749999046325684,0.4375,0.4468750059604645,1580000
1993-06-07,0.24917155504226685,0.4350000023841858,0.4399999976158142,0.43312498927116394,0.4362500011920929,1340000
1993-06-14,0.25203564763069153,0.4399999976158142,0.4399999976158142,0.4300000071525574,0.4350000023841858,1080000
1993-06-21,0.24487543106079102,0.42750000953674316,0.4350000023841858,0.42750000953674316,0.4312500059604645,1860000
1993-06-28,0.24380148947238922,0.4256249964237213,0.4337500035762787,0.4256249964237213,0.4337500035762787,1200000
1993-07-05,0.24057945609092712,0.41999998688697815,0.4293749928474426,0.41999998688697815,0.42500001192092896,880000
1993-07-12,0.24344348907470703,0.42500001192092896,0.42500001192092896,0.41499999165534973,0.41999998688697815,1000000
1993-07-19,0.24057945609092712,0.41999998688697815,0.42500001192092896,0.41749998927116394,0.42500001192092896,840000
1993-07-26,0.23198729753494263,0.4050000011920929,0.41499999165534973,0.4050000011920929,0.41499999165534973,5040000
1993-08-02,0.23198729753494263,0.4050000011920929,0.41499999165534973,0.4025000035762787,0.40625,1260000
1993-08-09,0.22339515388011932,0.38999998569488525,0.4050000011920929,0.38999998569488525,0.4050000011920929,3940000
1993-08-16,0.24201147258281708,0.42250001430511475,0.42250001430511475,0.38999998569488525,0.38999998569488525,600000
1993-08-23,0.24057945609092712,0.41999998688697815,0.42124998569488525,0.4112499952316284,0.4137499928474426,320000
1993-08-30,0.244159534573555,0.42625001072883606,0.42625001072883606,0.4112499952316284,0.41999998688697815,720000
1993-09-06,0.24487543106079102,0.42750000953674316,0.43062499165534973,0.42250001430511475,0.42250001430511475,5220000
1993-09-13,0.25489962100982666,0.4449999928474426,0.4449999928474426,0.4325000047683716,0.4337500035762787,1960000
1993-09-20,0.24630749225616455,0.4300000071525574,0.4449999928474426,0.4300000071525574,0.4449999928474426,60000
1993-09-27,0.25489962100982666,0.4449999928474426,0.44749999046325684,0.4300000071525574,0.4300000071525574,2340000
1993-10-04,0.25776368379592896,0.44999998807907104,0.44999998807907104,0.43562498688697815,0.4449999928474426,1580000
1993-10-11,0.26921993494033813,0.4699999988079071,0.4699999988079071,0.45249998569488525,0.4593749940395355,1980000
1993-10-18,0.2649237811565399,0.4625000059604645,0.4675000011920929,0.46000000834465027,0.4650000035762787,520000
1993-10-25,0.2702939510345459,0.47187501192092896,0.4737499952316284,0.4625000059604645,0.4675000011920929,3540000
1993-11-01,0.2663559019565582,0.4650000035762787,0.4699999988079071,0.4612500071525574,0.4625000059604645,460000
1993-11-08,0.26921993494033813,0.4699999988079071,0.47874999046325684,0.4699999988079071,0.4749999940395355,1780000
1993-11-15,0.26349180936813354,0.46000000834465027,0.4699999988079071,0.45750001072883606,0.4699999988079071,560000
1993-11-22,0.26205974817276,0.45750001072883606,0.45750001072883606,0.45750001072883606,0.45750001072883606,280000
1993-11-29,0.2649237811565399,0.4625000059604645,0.4675000011920929,0.45500001311302185,0.4650000035762787,760000
1993-12-06,0.2670718729496002,0.4662500023841858,0.4749999940395355,0.46000000834465027,0.46000000834465027,320000
1993-12-13,0.2677878439426422,0.4675000011920929,0.4749999940395355,0.46000000834465027,0.4749999940395355,780000
1993-12-20,0.2735159695148468,0.47749999165534973,0.47749999165534973,0.4650000035762787,0.4675000011920929,1640000
1993-12-27,0.28354015946388245,0.4950000047683716,0.4950000047683716,0.48249998688697815,0.48249998688697815,1260000
1994-01-03,0.2921322286128998,0.5099999904632568,0.5174999833106995,0.4950000047683716,0.4950000047683716,1580000
1994-01-10,0.29070013761520386,0.5074999928474426,0.5174999833106995,0.5074999928474426,0.512499988079071,8760000
1994-01-17,0.2921322286128998,0.5099999904632568,0.5249999761581421,0.5099999904632568,0.5149999856948853,4040000
1994-01-24,0.3064524829387665,0.5350000262260437,0.5350000262260437,0.5149999856948853,0.5149999856948853,340000
1994-01-31,0.30716845393180847,0.5362499952316284,0.5512499809265137,0.5299999713897705,0.5299999713897705,2080000
1994-02-07,0.3007242679595947,0.5249999761581421,0.5299999713897705,0.5174999833106995,0.5274999737739563,2400000
1994-02-14,0.3028723895549774,0.5287500023841858,0.53125,0.5199999809265137,0.53125,560000
1994-02-21,0.303588330745697,0.5299999713897705,0.5350000262260437,0.5249999761581421,0.5337499976158142,3280000
1994-02-28,0.29070013761520386,0.5074999928474426,0.5224999785423279,0.5074999928474426,0.5224999785423279,1120000
1994-03-07,0.3064524829387665,0.5350000262260437,0.5400000214576721,0.5199999809265137,0.5199999809265137,1980000
1994-03-14,0.3064524829387665,0.5350000262260437,0.5375000238418579,0.5199999809265137,0.5262500047683716,1080000
1994-03-21,0.3007242679595947,0.5249999761581421,0.5450000166893005,0.5224999785423279,0.5274999737739563,3100000
1994-03-28,0.3007242679595947,0.5249999761581421,0.5350000262260437,0.5199999809265137,0.5299999713897705,1200000
1994-04-04,0.2949962913990021,0.5149999856948853,0.5299999713897705,0.5049999952316284,0.5212500095367432,1820000
1994-04-11,0.2935642898082733,0.512499988079071,0.5174999833106995,0.5062500238418579,0.5149999856948853,1620000
1994-04-18,0.30235233902931213,0.5249999761581421,0.5249999761581421,0.5099999904632568,0.5199999809265137,1025000
1994-04-25,0.3097635507583618,0.5350000262260437,0.5450000166893005,0.5249999761581421,0.5299999713897705,1425000
1994-05-02,0.29673612117767334,0.512499988079071,0.5350000262260437,0.5049999952316284,0.5249999761581421,1505000
1994-05-09,0.29528865218162537,0.5099999904632568,0.5149999856948853,0.5,0.5074999928474426,1050000
1994-05-16,0.2909460961818695,0.5024999976158142,0.5049999952316284,0.49000000953674316,0.4950000047683716,1055000
1994-05-23,0.2923937141895294,0.5049999952316284,0.5049999952316284,0.47999998927116394,0.4950000047683716,775000
1994-05-30,0.28805115818977356,0.4975000023841858,0.5074999928474426,0.4925000071525574,0.5,430000
1994-06-06,0.2996310591697693,0.5174999833106995,0.5174999833106995,0.4925000071525574,0.4925000071525574,340000
1994-06-13,0.2996310591697693,0.5174999833106995,0.5224999785423279,0.5149999856948853,0.5174999833106995,3185000
1994-06-20,0.3010786175727844,0.5199999809265137,0.5224999785423279,0.5024999976158142,0.5174999833106995,3090000
1994-06-27,0.2996310591697693,0.5174999833106995,0.5249999761581421,0.5,0.5249999761581421,3325000
1994-07-04,0.2923937141895294,0.5049999952316284,0.5249999761581421,0.5049999952316284,0.512499988079071,1615000
1994-07-11,0.3083159625530243,0.5325000286102295,0.5400000214576721,0.5249999761581421,0.5249999761581421,740000
1994-07-18,0.3112109899520874,0.5375000238418579,0.5450000166893005,0.5325000286102295,0.5325000286102295,795000
1994-07-25,0.3141060471534729,0.5425000190734863,0.5425000190734863,0.5325000286102295,0.5400000214576721,555000
1994-08-01,0.3141060471534729,0.5425000190734863,0.5525000095367432,0.5325000286102295,0.5400000214576721,725000
1994-08-08,0.28949862718582153,0.5,0.5425000190734863,0.47749999165534973,0.5425000190734863,1845000
1994-08-15,0.28370875120162964,0.49000000953674316,0.5,0.48500001430511475,0.5,750000
1994-08-22,0.2750236690044403,0.4749999940395355,0.49000000953674316,0.4675000011920929,0.49000000953674316,1950000
1994-08-29,0.2750236690044403,0.4749999940395355,0.4749999940395355,0.46000000834465027,0.4650000035762787,390000
1994-09-05,0.28081372380256653,0.48500001430511475,0.48500001430511475,0.4650000035762787,0.4749999940395355,1070000
1994-09-12,0.2750236690044403,0.4749999940395355,0.48500001430511475,0.46000000834465027,0.47749999165534973,620000
1994-09-19,0.27212873101234436,0.4699999988079071,0.49000000953674316,0.46000000834465027,0.47999998927116394,1500000
1994-09-26,0.2750236690044403,0.4749999940395355,0.4749999940395355,0.4675000011920929,0.4724999964237213,950000
1994-10-03,0.2547588348388672,0.4399999976158142,0.4699999988079071,0.4399999976158142,0.4675000011920929,2065000
1994-10-10,0.2750236690044403,0.4749999940395355,0.4749999940395355,0.4449999928474426,0.45500001311302185,1065000
1994-10-17,0.2779187262058258,0.47999998927116394,0.47999998927116394,0.4699999988079071,0.47999998927116394,1955000
1994-10-24,0.269233763217926,0.4650000035762787,0.47999998927116394,0.46000000834465027,0.47999998927116394,435000
1994-10-31,0.2706812024116516,0.4675000011920929,0.4699999988079071,0.4625000059604645,0.4699999988079071,710000
1994-11-07,0.26489123702049255,0.45750001072883606,0.4650000035762787,0.4399999976158142,0.4625000059604645,6205000
1994-11-14,0.26489123702049255,0.45750001072883606,0.4650000035762787,0.45500001311302185,0.46000000834465027,12915000
1994-11-21,0.2634437084197998,0.45500001311302185,0.46000000834465027,0.44999998807907104,0.45500001311302185,690000
1994-11-28,0.25765377283096313,0.4449999928474426,0.45750001072883606,0.4449999928474426,0.45500001311302185,690000
1994-12-05,0.2591013014316559,0.44749999046325684,0.45249998569488525,0.4399999976158142,0.45249998569488525,675000
1994-12-12,0.25620630383491516,0.4424999952316284,0.4449999928474426,0.4375,0.4424999952316284,2555000
1994-12-19,0.27212873101234436,0.4699999988079071,0.4699999988079071,0.4399999976158142,0.4399999976158142,3805000
1994-12-26,0.2750236690044403,0.4749999940395355,0.47749999165534973,0.4625000059604645,0.4625000059604645,685000
1995-01-02,0.27212873101234436,0.4699999988079071,0.4749999940395355,0.4675000011920929,0.4675000011920929,945000
1995-01-09,0.2750236690044403,0.4749999940395355,0.47999998927116394,0.4724999964237213,0.47749999165534973,25315000
1995-01-16,0.2677862048149109,0.4625000059604645,0.47999998927116394,0.46000000834465027,0.47749999165534973,5965000
1995-01-23,0.2634437084197998,0.45500001311302185,0.45750001072883606,0.4449999928474426,0.45500001311302185,4285000
1995-01-30,0.2779187262058258,0.47999998927116394,0.47999998927116394,0.44749999046325684,0.44749999046325684,8215000
1995-02-06,0.2822611629962921,0.48750001192092896,0.48750001192092896,0.4724999964237213,0.4749999940395355,6095000
1995-02-13,0.28081372380256653,0.48500001430511475,0.48750001192092896,0.47999998927116394,0.48750001192092896,2030000
1995-02-20,0.28949862718582153,0.5,0.5024999976158142,0.48249998688697815,0.48249998688697815,9845000
1995-02-27,0.2923937141895294,0.5049999952316284,0.5074999928474426,0.4975000023841858,0.5,7830000
1995-03-06,0.2822611629962921,0.48750001192092896,0.5074999928474426,0.4749999940395355,0.5049999952316284,1775000
1995-03-13,0.2822611629962921,0.48750001192092896,0.4950000047683716,0.4749999940395355,0.48249998688697815,2800000
1995-03-20,0.2822611629962921,0.48750001192092896,0.4950000047683716,0.48249998688697815,0.4950000047683716,3720000
1995-03-27,0.2822611629962921,0.48750001192092896,0.48750001192092896,0.4625000059604645,0.48249998688697815,6410000
1995-04-03,0.28515610098838806,0.4925000071525574,0.5074999928474426,0.48500001430511475,0.48750001192092896,3460000
1995-04-10,0.28805115818977356,0.4975000023841858,0.5049999952316284,0.49000000953674316,0.4950000047683716,1305000
1995-04-17,0.29528865218162537,0.5099999904632568,0.5199999809265137,0.4975000023841858,0.5,880000
1995-04-24,0.30649763345718384,0.5249999761581421,0.5274999737739563,0.5024999976158142,0.5049999952316284,61020000
1995-05-01,0.31233564019203186,0.5350000262260437,0.5400000214576721,0.5049999952316284,0.5149999856948853,1575000
1995-05-08,0.30211910605430603,0.5174999833106995,0.5450000166893005,0.5149999856948853,0.5375000238418579,2175000
1995-05-15,0.3050382137298584,0.5224999785423279,0.5249999761581421,0.5099999904632568,0.5174999833106995,815000
1995-05-22,0.313795268535614,0.5375000238418579,0.5425000190734863,0.5174999833106995,0.5274999737739563,1705000
1995-05-29,0.30795708298683167,0.5274999737739563,0.5400000214576721,0.5249999761581421,0.5375000238418579,1895000
1995-06-05,0.31087616086006165,0.5325000286102295,0.5375000238418579,0.5199999809265137,0.5299999713897705,1395000
1995-06-12,0.3050382137298584,0.5224999785423279,0.5450000166893005,0.5199999809265137,0.5375000238418579,1460000
1995-06-19,0.31233564019203186,0.5350000262260437,0.5350000262260437,0.5149999856948853,0.5249999761581421,1385000
1995-06-26,0.313795268535614,0.5375000238418579,0.5400000214576721,0.5299999713897705,0.5350000262260437,2265000
1995-07-03,0.3152546286582947,0.5400000214576721,0.5550000071525574,0.5350000262260437,0.5400000214576721,1105000
1995-07-10,0.3210928440093994,0.550000011920929,0.550000011920929,0.5274999737739563,0.5375000238418579,1745000
1995-07-17,0.32255232334136963,0.5525000095367432,0.5550000071525574,0.5299999713897705,0.550000011920929,970000
1995-07-24,0.3459046185016632,0.5924999713897705,0.6000000238418579,0.550000011920929,0.5600000023841858,4510000
1995-07-31,0.3415259122848511,0.5849999785423279,0.5899999737739563,0.574999988079071,0.5874999761581421,2835000
1995-08-07,0.33568790555000305,0.574999988079071,0.5950000286102295,0.5600000023841858,0.5699999928474426,2905000
1995-08-14,0.3415259122848511,0.5849999785423279,0.5849999785423279,0.5625,0.5674999952316284,2305000
1995-08-21,0.34444496035575867,0.5899999737739563,0.5950000286102295,0.5824999809265137,0.5849999785423279,2515000
1995-08-28,0.33568790555000305,0.574999988079071,0.5899999737739563,0.5649999976158142,0.5849999785423279,1170000
1995-09-04,0.3473639488220215,0.5950000286102295,0.6000000238418579,0.5824999809265137,0.5849999785423279,755000
1995-09-11,0.34444496035575867,0.5899999737739563,0.6050000190734863,0.5799999833106995,0.6000000238418579,1275000
1995-09-18,0.3532019555568695,0.6050000190734863,0.6150000095367432,0.5849999785423279,0.5849999785423279,1140000
1995-09-25,0.3561210334300995,0.6100000143051147,0.612500011920929,0.5950000286102295,0.5950000286102295,1235000
1995-10-02,0.3473639488220215,0.5950000286102295,0.6150000095367432,0.5950000286102295,0.6100000143051147,2200000
1995-10-09,0.3590400815010071,0.6150000095367432,0.6200000047683716,0.6000000238418579,0.6200000047683716,3020000
1995-10-16,0.3736352026462555,0.6399999856948853,0.6499999761581421,0.6100000143051147,0.6150000095367432,1600000
1995-10-23,0.3707163333892822,0.6349999904632568,0.637499988079071,0.6200000047683716,0.6349999904632568,2880000
1995-10-30,0.37509462237358093,0.6424999833106995,0.6499999761581421,0.6324999928474426,0.6324999928474426,2440000
1995-11-06,0.3853113651275635,0.6600000262260437,0.6600000262260437,0.625,0.625,1770000
1995-11-13,0.38385188579559326,0.6575000286102295,0.6575000286102295,0.6424999833106995,0.6549999713897705,1765000
1995-11-20,0.3677971363067627,0.6299999952316284,0.6474999785423279,0.6299999952316284,0.6474999785423279,1355000
1995-11-27,0.3692566454410553,0.6324999928474426,0.6424999833106995,0.6200000047683716,0.6274999976158142,1560000
1995-12-04,0.3867708742618561,0.6625000238418579,0.6700000166893005,0.6349999904632568,0.6399999856948853,1280000
1995-12-11,0.3969874083995819,0.6800000071525574,0.6850000023841858,0.6549999713897705,0.6549999713897705,1410000
1995-12-18,0.3999064564704895,0.6850000023841858,0.6850000023841858,0.6650000214576721,0.6800000071525574,2830000
1995-12-25,0.3999064564704895,0.6850000023841858,0.6899999976158142,0.6725000143051147,0.675000011920929,520000
1996-01-01,0.4115825891494751,0.7049999833106995,0.7200000286102295,0.6899999976158142,0.6899999976158142,3270000
1996-01-08,0.40136590600013733,0.6875,0.7099999785423279,0.6850000023841858,0.7074999809265137,2570000
1996-01-15,0.40720388293266296,0.6974999904632568,0.6974999904632568,0.6800000071525574,0.6850000023841858,1130000
1996-01-22,0.3999064564704895,0.6850000023841858,0.699999988079071,0.6800000071525574,0.6974999904632568,1520000
1996-01-29,0.3882303237915039,0.6650000214576721,0.6825000047683716,0.6474999785423279,0.6800000071525574,4375000
1996-02-05,0.3940682113170624,0.675000011920929,0.6800000071525574,0.6600000262260437,0.6650000214576721,5565000
1996-02-12,0.39552798867225647,0.6775000095367432,0.6775000095367432,0.6600000262260437,0.6775000095367432,2800000
1996-02-19,0.3999064564704895,0.6850000023841858,0.6875,0.6650000214576721,0.6725000143051147,7415000
1996-02-26,0.3999064564704895,0.6850000023841858,0.6899999976158142,0.675000011920929,0.6850000023841858,3575000
1996-03-04,0.3882303237915039,0.6650000214576721,0.6800000071525574,0.6575000286102295,0.6800000071525574,3515000
1996-03-11,0.37947314977645874,0.6499999761581421,0.6775000095367432,0.6349999904632568,0.6600000262260437,6030000
1996-03-18,0.37655436992645264,0.6449999809265137,0.6549999713897705,0.6399999856948853,0.6499999761581421,2755000
1996-03-25,0.3736352026462555,0.6399999856948853,0.6474999785423279,0.6349999904632568,0.6399999856948853,3905000
1996-04-01,0.37509462237358093,0.6424999833106995,0.6449999809265137,0.6299999952316284,0.6399999856948853,6340000
1996-04-08,0.37509462237358093,0.6424999833106995,0.6499999761581421,0.6324999928474426,0.6424999833106995,4550000
1996-04-15,0.38093268871307373,0.6524999737739563,0.6549999713897705,0.6349999904632568,0.6349999904632568,5090000
1996-04-22,0.3845137059688568,0.6549999713897705,0.6549999713897705,0.6399999856948853,0.6399999856948853,11920000
1996-04-29,0.3900093734264374,0.6600000262260437,0.6600000262260437,0.6474999785423279,0.6474999785423279,80955000
1996-05-06,0.38557735085487366,0.6524999737739563,0.6650000214576721,0.6499999761581421,0.6600000262260437,9205000
1996-05-13,0.39148661494255066,0.6625000238418579,0.6700000166893005,0.6424999833106995,0.6499999761581421,5100000
1996-05-20,0.40773698687553406,0.6899999976158142,0.6899999976158142,0.6524999737739563,0.6625000238418579,6045000
1996-05-27,0.4092142879962921,0.6924999952316284,0.6924999952316284,0.6725000143051147,0.6924999952316284,4640000
1996-06-03,0.4106917083263397,0.6949999928474426,0.7049999833106995,0.6875,0.6875,6220000
1996-06-10,0.4106917083263397,0.6949999928474426,0.7074999809265137,0.6949999928474426,0.699999988079071,1570000
1996-06-17,0.41660094261169434,0.7049999833106995,0.7099999785423279,0.6850000023841858,0.6924999952316284,6835000
1996-06-24,0.4225100576877594,0.7149999737739563,0.7149999737739563,0.6875,0.7024999856948853,1410000
1996-07-01,0.4254647493362427,0.7200000286102295,0.7250000238418579,0.7149999737739563,0.7200000286102295,1210000
1996-07-08,0.42103272676467896,0.7124999761581421,0.7325000166893005,0.7124999761581421,0.7200000286102295,1940000
1996-07-15,0.4298967123031616,0.7275000214576721,0.7325000166893005,0.7049999833106995,0.7149999737739563,3455000
1996-07-22,0.4269421100616455,0.7225000262260437,0.7300000190734863,0.7024999856948853,0.7200000286102295,4755000
1996-07-29,0.44023776054382324,0.7450000047683716,0.7450000047683716,0.7149999737739563,0.7200000286102295,1865000
1996-08-05,0.4387606680393219,0.7425000071525574,0.7549999952316284,0.737500011920929,0.7450000047683716,3770000
1996-08-12,0.4535335600376129,0.7674999833106995,0.7699999809265137,0.7400000095367432,0.7425000071525574,2840000
1996-08-19,0.4609200060367584,0.7799999713897705,0.7825000286102295,0.7649999856948853,0.7749999761581421,3035000
1996-08-26,0.4550110399723053,0.7699999809265137,0.7875000238418579,0.7649999856948853,0.7850000262260437,2000000
1996-09-02,0.45944279432296753,0.7774999737739563,0.7875000238418579,0.7749999761581421,0.7799999713897705,1415000
1996-09-09,0.45057913661003113,0.762499988079071,0.7799999713897705,0.75,0.7774999737739563,3910000
1996-09-16,0.4609200060367584,0.7799999713897705,0.7799999713897705,0.7649999856948853,0.7674999833106995,1750000
1996-09-23,0.4609200060367584,0.7799999713897705,0.8025000095367432,0.7774999737739563,0.7799999713897705,1260000
1996-09-30,0.4609200060367584,0.7799999713897705,0.7900000214576721,0.7749999761581421,0.7749999761581421,1625000
1996-10-07,0.4830798804759979,0.8174999952316284,0.8224999904632568,0.7799999713897705,0.7799999713897705,3255000
1996-10-14,0.49046629667282104,0.8299999833106995,0.8299999833106995,0.8125,0.8199999928474426,23520000
1996-10-21,0.4934208393096924,0.8349999785423279,0.8450000286102295,0.8274999856948853,0.8450000286102295,4415000
1996-10-28,0.4889890253543854,0.8274999856948853,0.8424999713897705,0.8199999928474426,0.8299999833106995,995000
1996-11-04,0.5067166686058044,0.8575000166893005,0.8725000023841858,0.8224999904632568,0.8224999904632568,2945000
1996-11-11,0.5111486315727234,0.8650000095367432,0.8725000023841858,0.8575000166893005,0.8575000166893005,1140000
1996-11-18,0.5436493754386902,0.9200000166893005,0.9200000166893005,0.8675000071525574,0.8700000047683716,3625000
1996-11-25,0.5451266765594482,0.9225000143051147,0.9399999976158142,0.9150000214576721,0.9175000190734863,1000000
1996-12-02,0.5362628698348999,0.9075000286102295,0.9200000166893005,0.8899999856948853,0.9200000166893005,1690000
1996-12-09,0.5244442820549011,0.887499988079071,0.9474999904632568,0.8849999904632568,0.9200000166893005,1425000
1996-12-16,0.5244442820549011,0.887499988079071,0.8924999833106995,0.8700000047683716,0.8849999904632568,2795000
1996-12-23,0.5347855687141418,0.9049999713897705,0.9150000214576721,0.8774999976158142,0.8774999976158142,1410000
1996-12-30,0.5347855687141418,0.9049999713897705,0.9375,0.8974999785423279,0.925000011920929,3770000
1997-01-06,0.5318310260772705,0.8999999761581421,0.925000011920929,0.8999999761581421,0.9075000286102295,2250000
1997-01-13,0.5362628698348999,0.9075000286102295,0.9300000071525574,0.8974999785423279,0.9024999737739563,2655000
1997-01-20,0.5303536653518677,0.8974999785423279,0.9100000262260437,0.887499988079071,0.8974999785423279,2775000
1997-01-27,0.5510358810424805,0.9325000047683716,0.9325000047683716,0.8725000023841858,0.8999999761581421,1665000
1997-02-03,0.5598998665809631,0.9474999904632568,0.9474999904632568,0.9300000071525574,0.9350000023841858,1435000
1997-02-10,0.5628544092178345,0.9524999856948853,0.9649999737739563,0.9350000023841858,0.9474999904632568,3615000
1997-02-17,0.5731956958770752,0.9700000286102295,0.9750000238418579,0.949999988079071,0.9524999856948853,2855000
1997-02-24,0.5687638521194458,0.9624999761581421,0.9725000262260437,0.9399999976158142,0.9674999713897705,2450000
1997-03-03,0.614560067653656,1.0399999618530273,1.0525000095367432,0.9674999713897705,0.9700000286102295,2845000
1997-03-10,0.6337652802467346,1.0724999904632568,1.0850000381469727,1.0325000286102295,1.034999966621399,6435000
1997-03-17,0.6278560757637024,1.0625,1.097499966621399,1.0525000095367432,1.0750000476837158,3345000
1997-03-24,0.6130829453468323,1.037500023841858,1.065000057220459,1.0325000286102295,1.0499999523162842,2340000
1997-03-31,0.5997870564460754,1.0149999856948853,1.0399999618530273,0.9975000023841858,1.0299999713897705,2620000
1997-04-07,0.6056963801383972,1.024999976158142,1.0475000143051147,1.0049999952316284,1.0125000476837158,3240000
1997-04-14,0.5968325138092041,1.0099999904632568,1.0149999856948853,0.9950000047683716,1.0099999904632568,2810000
1997-04-21,0.6030938625335693,1.0149999856948853,1.034999966621399,1.0049999952316284,1.0099999904632568,1380000
1997-04-28,0.5926955938339233,0.9975000023841858,1.0225000381469727,0.987500011920929,0.9975000023841858,2380000
1997-05-05,0.607550323009491,1.0225000381469727,1.027500033378601,0.9950000047683716,1.0,2775000
1997-05-12,0.6476575136184692,1.090000033378601,1.1074999570846558,1.0399999618530273,1.0475000143051147,5130000
1997-05-19,0.6550846099853516,1.1024999618530273,1.1100000143051147,1.0850000381469727,1.090000033378601,1195000
1997-05-26,0.652113676071167,1.097499966621399,1.100000023841858,1.0774999856948853,1.0850000381469727,2870000
1997-06-02,0.6550846099853516,1.1024999618530273,1.1024999618530273,1.065000057220459,1.0750000476837158,2620000
1997-06-09,0.6565701961517334,1.1050000190734863,1.1200000047683716,1.100000023841858,1.1074999570846558,2150000
1997-06-16,0.6491429209709167,1.0924999713897705,1.1074999570846558,1.0924999713897705,1.1024999618530273,1220000
1997-06-23,0.6535993814468384,1.100000023841858,1.1150000095367432,1.0700000524520874,1.100000023841858,1485000
1997-06-30,0.6535993814468384,1.100000023841858,1.1100000143051147,1.0924999713897705,1.0950000286102295,920000
1997-07-07,0.6535993814468384,1.100000023841858,1.1024999618530273,1.0850000381469727,1.0950000286102295,1685000
1997-07-14,0.6914782524108887,1.1637500524520874,1.1699999570846558,1.100000023841858,1.100000023841858,2150000
1997-07-21,0.6587982177734375,1.1087499856948853,1.159999966621399,1.090000033378601,1.1549999713897705,2330000
1997-07-28,0.6194339990615845,1.0425000190734863,1.0850000381469727,1.0325000286102295,1.0800000429153442,4030000
1997-08-04,0.6105210781097412,1.027500033378601,1.0499999523162842,1.0112500190734863,1.0299999713897705,3175000
1997-08-11,0.5837830305099487,0.9825000166893005,1.0149999856948853,0.9775000214576721,1.0,3330000
1997-08-18,0.6060646772384644,1.0199999809265137,1.0199999809265137,0.9887499809265137,0.9900000095367432,6150000
1997-08-25,0.6060646772384644,1.0199999809265137,1.0325000286102295,1.0087499618530273,1.0149999856948853,1180000
1997-09-01,0.5904673337936401,0.9937499761581421,1.0149999856948853,0.987500011920929,1.0075000524520874,1335000
1997-09-08,0.5822975635528564,0.9800000190734863,1.003749966621399,0.9637500047683716,0.9912499785423279,2030000
1997-09-15,0.607550323009491,1.0225000381469727,1.028749942779541,0.9700000286102295,0.9850000143051147,3955000
1997-09-22,0.6535993814468384,1.100000023841858,1.1074999570846558,1.0099999904632568,1.0149999856948853,7805000
1997-09-29,0.6781092286109924,1.1412500143051147,1.1462500095367432,1.100000023841858,1.100000023841858,2840000
1997-10-06,0.6610263586044312,1.1124999523162842,1.158750057220459,1.1100000143051147,1.1375000476837158,2075000
1997-10-13,0.6758812069892883,1.1375000476837158,1.1775000095367432,1.131250023841858,1.1549999713897705,1075000
1997-10-20,0.6602838039398193,1.1112500429153442,1.1487499475479126,1.1100000143051147,1.1375000476837158,1320000
1997-10-27,0.6446865200996399,1.0850000381469727,1.100000023841858,1.0299999713897705,1.0750000476837158,1560000
1997-11-03,0.6476575136184692,1.090000033378601,1.1299999952316284,1.090000033378601,1.0924999713897705,840000
1997-11-10,0.6699392199516296,1.127500057220459,1.1375000476837158,1.1024999618530273,1.1050000190734863,1845000
1997-11-17,0.7308427691459656,1.2300000190734863,1.2424999475479126,1.1349999904632568,1.1399999856948853,8055000
1997-11-24,0.7301000356674194,1.2287499904632568,1.247499942779541,1.2200000286102295,1.2200000286102295,1525000
1997-12-01,0.7754062414169312,1.3049999475479126,1.3287500143051147,1.2387499809265137,1.2387499809265137,3055000
1997-12-08,0.7947173118591309,1.337499976158142,1.3550000190734863,1.3200000524520874,1.340000033378601,1570000
1997-12-15,0.7709499597549438,1.2975000143051147,1.3450000286102295,1.2975000143051147,1.3200000524520874,1540000
1997-12-22,0.823683500289917,1.3862500190734863,1.399999976158142,1.3075000047683716,1.309999942779541,1050000
1997-12-29,0.8467078804969788,1.4249999523162842,1.4600000381469727,1.3825000524520874,1.3825000524520874,2320000
1998-01-05,0.8125425577163696,1.3674999475479126,1.462499976158142,1.3600000143051147,1.4500000476837158,4460000
1998-01-12,0.8192271590232849,1.378749966621399,1.3825000524520874,1.3274999856948853,1.346250057220459,1810000
1998-01-19,0.8407660126686096,1.4149999618530273,1.4424999952316284,1.3849999904632568,1.3975000381469727,4240000
1998-01-26,0.8526497483253479,1.434999942779541,1.4450000524520874,1.4049999713897705,1.4249999523162842,7290000
1998-02-02,0.860076904296875,1.4474999904632568,1.4850000143051147,1.4474999904632568,1.462499976158142,2210000
1998-02-09,0.8652763366699219,1.4562499523162842,1.4737499952316284,1.440000057220459,1.4524999856948853,3140000
1998-02-16,0.890529215335846,1.4987499713897705,1.5075000524520874,1.466249942779541,1.4900000095367432,6185000
1998-02-23,0.8860723972320557,1.4912500381469727,1.5325000286102295,1.4800000190734863,1.5325000286102295,9145000
1998-03-02,0.8467078804969788,1.4249999523162842,1.4924999475479126,1.3975000381469727,1.4924999475479126,1515000
1998-03-09,0.9365782141685486,1.5762499570846558,1.5824999809265137,1.4249999523162842,1.4299999475479126,13145000
1998-03-16,0.901669979095459,1.5175000429153442,1.5674999952316284,1.502500057220459,1.5674999952316284,1935000
1998-03-23,0.952512800693512,1.5950000286102295,1.6050000190734863,1.524999976158142,1.534999966621399,3565000
1998-03-30,0.9838650226593018,1.6475000381469727,1.6799999475479126,1.5724999904632568,1.5924999713897705,2420000
1998-04-06,0.9816251993179321,1.6437499523162842,1.693750023841858,1.6425000429153442,1.6799999475479126,1220000
1998-04-13,0.970428466796875,1.625,1.662500023841858,1.6150000095367432,1.6437499523162842,1245000
1998-04-20,0.9734145402908325,1.6299999952316284,1.659999966621399,1.6299999952316284,1.6425000429153442,1270000
1998-04-27,0.9883438944816589,1.6549999713897705,1.6549999713897705,1.5824999809265137,1.6100000143051147,3975000
1998-05-04,0.9853576421737671,1.649999976158142,1.6974999904632568,1.6325000524520874,1.6875,3710000
1998-05-11,0.8987657427787781,1.5049999952316284,1.690000057220459,1.5049999952316284,1.6875,1625000
1998-05-18,0.9599773287773132,1.6074999570846558,1.625,1.4950000047683716,1.5099999904632568,4700000
1998-05-25,0.9375832080841064,1.5700000524520874,1.628749966621399,1.559999942779541,1.628749966621399,2320000
1998-06-01,0.9122025370597839,1.527500033378601,1.5724999904632568,1.5075000524520874,1.5700000524520874,935000
1998-06-08,0.9495267271995544,1.590000033378601,1.6050000190734863,1.53125,1.53125,2330000
1998-06-15,0.8883152008056641,1.4874999523162842,1.5362499952316284,1.4874999523162842,1.524999976158142,3815000
1998-06-22,0.8300894498825073,1.3899999856948853,1.4574999809265137,1.3799999952316284,1.4524999856948853,3875000
1998-06-29,0.8181456923484802,1.3700000047683716,1.3925000429153442,1.3562500476837158,1.3700000047683716,2985000
1998-07-06,0.842033326625824,1.409999966621399,1.434999942779541,1.375,1.375,3275000
1998-07-13,0.8614416718482971,1.4424999952316284,1.4787499904632568,1.4212499856948853,1.4237500429153442,3290000
1998-07-20,0.794258177280426,1.3300000429153442,1.440000057220459,1.3049999475479126,1.4375,2770000
1998-07-27,0.7882863879203796,1.3200000524520874,1.340000033378601,1.2949999570846558,1.309999942779541,1880000
1998-08-03,0.746483325958252,1.25,1.2825000286102295,1.222499966621399,1.2799999713897705,1730000
1998-08-10,0.7733566761016846,1.2949999570846558,1.3300000429153442,1.2000000476837158,1.2575000524520874,3105000
1998-08-17,0.8032159805297852,1.3450000286102295,1.4249999523162842,1.3125,1.3125,2830000
1998-08-24,0.8203849196434021,1.3737499713897705,1.4800000190734863,1.3524999618530273,1.3837499618530273,4045000
1998-08-31,0.8323285579681396,1.3937499523162842,1.4225000143051147,1.3350000381469727,1.3799999952316284,1935000
1998-09-07,0.8644275665283203,1.4474999904632568,1.4874999523162842,1.440000057220459,1.4600000381469727,5070000
1998-09-14,0.8599488139152527,1.440000057220459,1.4800000190734863,1.409999966621399,1.4612499475479126,885000
1998-09-21,0.8405402898788452,1.4075000286102295,1.4149999618530273,1.3224999904632568,1.3300000429153442,1795000
1998-09-28,0.7420045137405396,1.2424999475479126,1.2512500286102295,1.1612499952316284,1.2350000143051147,9310000
1998-10-05,0.7442440390586853,1.246250033378601,1.3200000524520874,1.225000023841858,1.2625000476837158,5165000
1998-10-12,0.6778067946434021,1.1349999904632568,1.2599999904632568,1.128749966621399,1.2599999904632568,3490000
1998-10-19,0.67930006980896,1.1375000476837158,1.1699999570846558,1.1050000190734863,1.1050000190734863,2175000
1998-10-26,0.6934831738471985,1.1612499952316284,1.1862499713897705,1.125,1.127500057220459,1885000
1998-11-02,0.6613841652870178,1.1074999570846558,1.2037500143051147,1.0774999856948853,1.2000000476837158,6935000
1998-11-09,0.6890038251876831,1.153749942779541,1.1649999618530273,1.087499976158142,1.087499976158142,2595000
1998-11-16,0.7002014517784119,1.1725000143051147,1.2274999618530273,1.1649999618530273,1.2174999713897705,3265000
1998-11-23,0.6957225799560547,1.1649999618530273,1.1799999475479126,1.1549999713897705,1.1787500381469727,1115000
1998-11-30,0.6979618072509766,1.1687500476837158,1.184999942779541,1.1337499618530273,1.1575000286102295,2925000
1998-12-07,0.7136378884315491,1.1950000524520874,1.2100000381469727,1.159999966621399,1.181249976158142,14040000
1998-12-14,0.725581705570221,1.215000033378601,1.25,1.2050000429153442,1.2050000429153442,1835000
1998-12-21,0.7643988132476807,1.2799999713897705,1.284999966621399,1.2112499475479126,1.2112499475479126,1465000
1998-12-28,0.794258177280426,1.3300000429153442,1.3300000429153442,1.2899999618530273,1.2949999570846558,705000
1999-01-04,0.7905261516571045,1.3237500190734863,1.402500033378601,1.2899999618530273,1.3650000095367432,4770000
1999-01-11,0.7793284058570862,1.3049999475479126,1.3174999952316284,1.2725000381469727,1.287500023841858,3475000
1999-01-18,0.7830607891082764,1.3112499713897705,1.3274999856948853,1.2925000190734863,1.3137500286102295,2385000
1999-01-25,0.7375253438949585,1.2350000143051147,1.308750033378601,1.2324999570846558,1.284999966621399,3295000
1999-02-01,0.7136378884315491,1.1950000524520874,1.2337499856948853,1.190000057220459,1.21875,3365000
1999-02-08,0.7084126472473145,1.1862499713897705,1.2024999856948853,1.159999966621399,1.1637500524520874,2665000
1999-02-15,0.7113986611366272,1.191249966621399,1.2237499952316284,1.162500023841858,1.162500023841858,3005000
1999-02-22,0.6822856068611145,1.1425000429153442,1.1775000095367432,1.128749966621399,1.1649999618530273,3890000
1999-03-01,0.6449614763259888,1.0800000429153442,1.1512500047683716,1.0674999952316284,1.1425000429153442,1695000
1999-03-08,0.627792477607727,1.0512499809265137,1.0950000286102295,1.0099999904632568,1.0862499475479126,3815000
1999-03-15,0.5949472188949585,0.9962499737739563,1.0475000143051147,0.9900000095367432,1.0199999809265137,3610000
1999-03-22,0.6202330589294434,1.0299999713897705,1.037500023841858,0.949999988079071,0.9599999785423279,3420000
1999-03-29,0.6593739986419678,1.0950000286102295,1.1074999570846558,1.0449999570846558,1.0549999475479126,4125000
1999-04-05,0.6804498434066772,1.1299999952316284,1.131250023841858,1.100000023841858,1.100000023841858,2065000
1999-04-12,0.6352871060371399,1.0549999475479126,1.125,1.034999966621399,1.1112500429153442,2610000
1999-04-19,0.6081897616386414,1.0099999904632568,1.0449999570846558,0.9912499785423279,1.034999966621399,2505000
1999-04-26,0.5999100208282471,0.9962499737739563,1.002500057220459,0.9599999785423279,0.9900000095367432,2510000
1999-05-03,0.6300182938575745,1.0462499856948853,1.0512499809265137,0.9800000190734863,1.0,3055000
1999-05-10,0.6443198323249817,1.0700000524520874,1.0850000381469727,1.027500033378601,1.0499999523162842,2855000
1999-05-17,0.6556105613708496,1.0887500047683716,1.0887500047683716,1.034999966621399,1.0750000476837158,5395000
1999-05-24,0.6262548565864563,1.0399999618530273,1.0987499952316284,1.024999976158142,1.091249942779541,6560000
1999-05-31,0.605178952217102,1.0049999952316284,1.024999976158142,0.9937499761581421,1.0125000476837158,2285000
1999-06-07,0.6382980942726135,1.059999942779541,1.0750000476837158,1.0012500286102295,1.0012500286102295,2575000
1999-06-14,0.6307709813117981,1.0475000143051147,1.0700000524520874,1.0199999809265137,1.0625,1590000
1999-06-21,0.6503415107727051,1.0800000429153442,1.090000033378601,1.0462499856948853,1.0462499856948853,5620000
1999-06-28,0.6518470048904419,1.0824999809265137,1.0950000286102295,1.059999942779541,1.0800000429153442,1990000
1999-07-05,0.6375454664230347,1.058750033378601,1.0787500143051147,1.0399999618530273,1.0612499713897705,3635000
1999-07-12,0.6352871060371399,1.0549999475479126,1.059999942779541,1.037500023841858,1.0499999523162842,915000
1999-07-19,0.6367927193641663,1.0575000047683716,1.0700000524520874,1.033750057220459,1.0387500524520874,2505000
1999-07-26,0.6684066653251648,1.1100000143051147,1.1100000143051147,1.0612499713897705,1.0700000524520874,1305000
1999-08-02,0.6518470048904419,1.0824999809265137,1.1087499856948853,1.0750000476837158,1.1050000190734863,2915000
1999-08-09,0.7090530395507812,1.1775000095367432,1.1974999904632568,1.1100000143051147,1.1174999475479126,3275000
1999-08-16,0.7113111615180969,1.181249976158142,1.183750033378601,1.127500057220459,1.1649999618530273,2515000
1999-08-23,0.6985149383544922,1.159999966621399,1.184999942779541,1.149999976158142,1.184999942779541,1170000
1999-08-30,0.7256126403808594,1.2050000429153442,1.2050000429153442,1.15625,1.162500023841858,2775000
1999-09-06,0.7421719431877136,1.2324999570846558,1.25,1.1762499809265137,1.1962499618530273,1510000
1999-09-13,0.7195907235145569,1.1950000524520874,1.2200000286102295,1.1825000047683716,1.215000033378601,1135000
1999-09-20,0.7150743007659912,1.1875,1.2112499475479126,1.1862499713897705,1.1974999904632568,2100000
1999-09-27,0.7195907235145569,1.1950000524520874,1.2000000476837158,1.1749999523162842,1.1799999475479126,940000
1999-10-04,0.7218487858772278,1.1987500190734863,1.25,1.1962499618530273,1.2012499570846558,3655000
1999-10-11,0.7481935620307922,1.2424999475479126,1.25,1.2100000381469727,1.2100000381469727,2035000
1999-10-18,0.7406666874885559,1.2300000190734863,1.2324999570846558,1.2012499570846558,1.21875,1715000
1999-10-25,0.7165800333023071,1.190000057220459,1.2262500524520874,1.1725000143051147,1.2262500524520874,2345000
1999-11-01,0.8023887276649475,1.3324999809265137,1.350000023841858,1.2037500143051147,1.2062499523162842,1995000
1999-11-08,0.7978727221488953,1.3250000476837158,1.346250057220459,1.3075000047683716,1.3362499475479126,1585000
1999-11-15,0.8219594359397888,1.3650000095367432,1.372499942779541,1.3037500381469727,1.3287500143051147,1500000
1999-11-22,0.7760439515113831,1.2887500524520874,1.3587499856948853,1.2799999713897705,1.3587499856948853,1285000
1999-11-29,0.7963671684265137,1.3224999904632568,1.34375,1.2862499952316284,1.2862499952316284,4075000
1999-12-06,0.8046467900276184,1.3362499475479126,1.375,1.3362499475479126,1.3600000143051147,2750000
1999-12-13,0.8008834719657898,1.3300000429153442,1.3337500095367432,1.2799999713897705,1.318750023841858,1705000
1999-12-20,0.8053997755050659,1.337499976158142,1.3450000286102295,1.2612500190734863,1.2987500429153442,1820000
1999-12-27,0.7783021926879883,1.2925000190734863,1.34375,1.2925000190734863,1.3262499570846558,1050000
2000-01-03,0.8249704241752625,1.3700000047683716,1.3762500286102295,1.3012499809265137,1.350000023841858,2650000
2000-01-10,0.8264756202697754,1.372499942779541,1.4874999523162842,1.3650000095367432,1.4512499570846558,4560000
2000-01-17,0.8129269480705261,1.350000023841858,1.3700000047683716,1.315000057220459,1.3700000047683716,2580000
2000-01-24,0.7519572973251343,1.2487499713897705,1.3450000286102295,1.2400000095367432,1.3450000286102295,3365000
2000-01-31,0.7813130021095276,1.2975000143051147,1.337499976158142,1.2374999523162842,1.2412500381469727,2600000
2000-02-07,0.8091633915901184,1.34375,1.412500023841858,1.309999942779541,1.3112499713897705,1910000
2000-02-14,0.8324971795082092,1.3825000524520874,1.465000033378601,1.3337500095367432,1.372499942779541,4385000
2000-02-21,0.806905210018158,1.340000033378601,1.440000057220459,1.3274999856948853,1.4199999570846558,1355000
2000-02-28,0.8385190963745117,1.3925000429153442,1.3949999809265137,1.2450000047683716,1.2587499618530273,3645000
2000-03-06,0.7963671684265137,1.3224999904632568,1.3849999904632568,1.2799999713897705,1.3849999904632568,3240000
2000-03-13,0.8400245308876038,1.3949999809265137,1.4199999570846558,1.3312499523162842,1.346250057220459,2905000
2000-03-20,0.8529887795448303,1.4049999713897705,1.4700000286102295,1.3975000381469727,1.4049999713897705,2260000
2000-03-27,0.8332576155662537,1.372499942779541,1.4600000381469727,1.340000033378601,1.4075000286102295,1745000
2000-04-03,0.8803086280822754,1.4500000476837158,1.5,1.3350000381469727,1.350000023841858,3810000
2000-04-10,0.777100145816803,1.2799999713897705,1.4199999570846558,1.2799999713897705,1.4199999570846558,1990000
2000-04-17,0.8082142472267151,1.3312499523162842,1.3424999713897705,1.2999999523162842,1.2999999523162842,1155000
2000-04-24,0.8256689310073853,1.3600000143051147,1.3887499570846558,1.3200000524520874,1.3274999856948853,2515000
2000-05-01,0.9045931100845337,1.4900000095367432,1.5149999856948853,1.375,1.375,2125000
2000-05-08,0.9228061437606812,1.5199999809265137,1.528749942779541,1.4537500143051147,1.4924999475479126,1245000
2000-05-15,0.962268590927124,1.5850000381469727,1.6200000047683716,1.528749942779541,1.528749942779541,7470000
2000-05-22,1.0442280769348145,1.7200000286102295,1.7200000286102295,1.591249942779541,1.600000023841858,4335000
2000-05-29,1.0207024812698364,1.681249976158142,1.7350000143051147,1.6112500429153442,1.71875,3655000
2000-06-05,0.9986947774887085,1.6449999809265137,1.691249966621399,1.597499966621399,1.6762499809265137,4425000
2000-06-12,1.0184260606765747,1.6775000095367432,1.6875,1.6024999618530273,1.6200000047683716,3980000
2000-06-19,1.0131136178970337,1.6687500476837158,1.7100000381469727,1.658750057220459,1.6924999952316284,2790000
2000-06-26,1.0260146856307983,1.690000057220459,1.712499976158142,1.6174999475479126,1.625,1500000
2000-07-03,1.1626144647598267,1.9149999618530273,1.9387500286102295,1.7612500190734863,1.7612500190734863,3360000
2000-07-10,1.130741000175476,1.8624999523162842,2.0199999809265137,1.846250057220459,1.9500000476837158,3090000
2000-07-17,1.095832109451294,1.8049999475479126,1.8862500190734863,1.8049999475479126,1.8574999570846558,1790000
2000-07-24,1.1633728742599487,1.9162499904632568,1.9225000143051147,1.7799999713897705,1.816249966621399,2735000
2000-07-31,1.2567163705825806,2.069999933242798,2.1312499046325684,1.9187500476837158,1.9187500476837158,2980000
2000-08-07,1.2696173191070557,2.091249942779541,2.0999999046325684,2.0225000381469727,2.069999933242798,1950000
2000-08-14,1.2612701654434204,2.077500104904175,2.242500066757202,2.0450000762939453,2.2100000381469727,10475000
2000-08-21,1.274929404258728,2.0999999046325684,2.146250009536743,1.9375,2.049999952316284,6165000
2000-08-28,1.2491272687911987,2.057499885559082,2.1424999237060547,2.0225000381469727,2.140000104904175,4625000
2000-09-04,1.1876575946807861,1.9562499523162842,2.059999942779541,1.9262499809265137,2.059999942779541,3160000
2000-09-11,1.2043530941009521,1.9837499856948853,2.009999990463257,1.90625,1.9587500095367432,2495000
2000-09-18,1.3128736019134521,2.1624999046325684,2.1700000762939453,1.9262499809265137,1.9600000381469727,2850000
2000-09-25,1.347783088684082,2.2200000286102295,2.2725000381469727,2.1787500381469727,2.240000009536743,3040000
2000-10-02,1.3242573738098145,2.1812500953674316,2.240000009536743,2.141249895095825,2.231250047683716,955000
2000-10-09,1.2734119892120361,2.0975000858306885,2.174999952316284,2.03125,2.174999952316284,2495000
2000-10-16,1.2734119892120361,2.0975000858306885,2.2100000381469727,2.002500057220459,2.0199999809265137,2585000
2000-10-23,1.3105970621109009,2.158750057220459,2.1700000762939453,2.0374999046325684,2.119999885559082,4720000
2000-10-30,1.2347089052200317,2.033750057220459,2.1524999141693115,2.0087499618530273,2.143749952316284,2255000
2000-11-06,1.2582342624664307,2.072499990463257,2.0824999809265137,2.0112500190734863,2.0374999046325684,1795000
2000-11-13,1.1072204113006592,1.815000057220459,2.059999942779541,1.7762500047683716,2.0512499809265137,3200000
2000-11-20,1.0683302879333496,1.7512500286102295,1.752500057220459,1.6349999904632568,1.7000000476837158,2225000
2000-11-27,1.210927128791809,1.9850000143051147,1.9987499713897705,1.8125,1.8125,3375000
2000-12-04,1.1758500337600708,1.9275000095367432,2.0299999713897705,1.8912500143051147,2.0299999713897705,9905000
2000-12-11,1.1628867387771606,1.90625,1.9199999570846558,1.7999999523162842,1.8174999952316284,1875000
2000-12-18,1.0645177364349365,1.7450000047683716,1.899999976158142,1.649999976158142,1.8962500095367432,4070000
2000-12-25,1.0797686576843262,1.7699999809265137,1.7999999523162842,1.6825000047683716,1.7450000047683716,2260000
2001-01-01,1.1018825769424438,1.806249976158142,1.850000023841858,1.7350000143051147,1.774999976158142,8625000
2001-01-08,1.0866321325302124,1.78125,1.8537499904632568,1.7599999904632568,1.840000033378601,2245000
2001-01-15,1.0957823991775513,1.7962499856948853,1.8674999475479126,1.7799999713897705,1.7887500524520874,1470000
2001-01-22,1.1758500337600708,1.9275000095367432,1.934999942779541,1.78125,1.78125,1340000
2001-01-29,1.183963418006897,1.9407999515533447,2.003000020980835,1.8919999599456787,1.9420000314712524,2370000
2001-02-05,1.2042168378829956,1.9739999771118164,2.0,1.8802000284194946,1.8896000385284424,2830000
2001-02-12,1.2170275449752808,1.9950000047683716,2.009999990463257,1.9259999990463257,1.9811999797821045,1900000
2001-02-19,1.2530196905136108,2.053999900817871,2.134999990463257,2.0,2.0,2755000
2001-02-26,1.241551160812378,2.0352001190185547,2.0799999237060547,1.975000023841858,2.0257999897003174,1770000
2001-03-05,1.2871818542480469,2.109999895095825,2.127000093460083,2.049999952316284,2.049999952316284,1530000
2001-03-12,1.2078770399093628,1.9800000190734863,2.0989999771118164,1.9299999475479126,2.0989999771118164,2315000
2001-03-19,1.240106463432312,2.016400098800659,2.0339999198913574,1.9503999948501587,1.975000023841858,2620000
2001-03-26,1.2220253944396973,1.9869999885559082,2.065000057220459,1.9299999475479126,2.059999942779541,2910000
2001-04-02,1.1931194067001343,1.940000057220459,2.0199999809265137,1.8300000429153442,1.9869999885559082,4525000
2001-04-09,1.1257762908935547,1.8305000066757202,1.9522000551223755,1.8005000352859497,1.9522000551223755,1216000
2001-04-16,1.0993304252624512,1.787500023841858,1.8875000476837158,1.774999976158142,1.837499976158142,1400000
2001-04-23,1.1909669637680054,1.9364999532699585,1.9494999647140503,1.8574999570846558,1.8574999570846558,1528000
2001-04-30,1.1131683588027954,1.809999942779541,2.007499933242798,1.784999966621399,1.8954999446868896,1638000
2001-05-07,1.18727707862854,1.9305000305175781,2.013000011444092,1.8420000076293945,1.8420000076293945,1392000
2001-05-14,1.2275604009628296,1.996000051498413,2.009500026702881,1.909999966621399,1.940000057220459,1012000
2001-05-21,1.251545786857605,2.0350000858306885,2.049999952316284,1.965000033378601,2.0,1422000
2001-05-28,1.2761461734771729,2.075000047683716,2.075000047683716,1.9889999628067017,2.009999990463257,848000
2001-06-04,1.2669211626052856,2.059999942779541,2.1714999675750732,2.049999952316284,2.07450008392334,1340000
2001-06-11,1.2844488620758057,2.0885000228881836,2.124500036239624,2.0164999961853027,2.066499948501587,1128000
2001-06-18,1.3662455081939697,2.2214999198913574,2.2764999866485596,2.0850000381469727,2.121500015258789,3304000
2001-06-25,1.3837729692459106,2.25,2.25,2.171999931335449,2.171999931335449,1930000
2001-07-02,1.3376470804214478,2.174999952316284,2.2039999961853027,2.1050000190734863,2.1740000247955322,2086000
2001-07-09,1.3453346490859985,2.1875,2.255500078201294,2.1730000972747803,2.2139999866485596,2614000
2001-07-16,1.334264874458313,2.1695001125335693,2.2274999618530273,2.0950000286102295,2.120500087738037,1382000
2001-07-23,1.3637850284576416,2.2174999713897705,2.2355000972747803,2.117500066757202,2.1500000953674316,1746000
2001-07-30,1.3933056592941284,2.265500068664551,2.2799999713897705,2.2300000190734863,2.2730000019073486,940000
2001-08-06,1.311509132385254,2.132499933242798,2.315000057220459,2.075000047683716,2.2899999618530273,2114000
2001-08-13,1.3653229475021362,2.2200000286102295,2.2200000286102295,2.070499897003174,2.140000104904175,2556000
2001-08-20,1.3557900190353394,2.2044999599456787,2.2809998989105225,2.180000066757202,2.190999984741211,836000
2001-08-27,1.2792212963104248,2.0799999237060547,2.2219998836517334,2.05049991607666,2.2035000324249268,1376000
2001-09-03,1.3361098766326904,2.172499895095825,2.172499895095825,1.975000023841858,2.003000020980835,2154000
2001-09-10,1.2730711698532104,2.069999933242798,2.125499963760376,2.069999933242798,2.125499963760376,170000
2001-09-17,1.170056700706482,1.902500033378601,2.127500057220459,1.8954999446868896,2.0999999046325684,3334000
2001-09-24,1.2915210723876953,2.0999999046325684,2.1695001125335693,1.899999976158142,1.940000057220459,4508000
2001-10-01,1.3222721815109253,2.1500000953674316,2.200000047683716,2.0160000324249268,2.049499988555908,1476000
2001-10-08,1.289983868598938,2.0975000858306885,2.1524999141693115,2.049999952316284,2.0950000286102295,742000
2001-10-15,1.251545786857605,2.0350000858306885,2.077500104904175,1.9850000143051147,2.049999952316284,1236000
2001-10-22,1.2684589624404907,2.0625,2.0999999046325684,2.005500078201294,2.0234999656677246,1194000
2001-10-29,1.2730711698532104,2.069999933242798,2.0864999294281006,1.9674999713897705,2.0174999237060547,1828000
2001-11-05,1.1531437635421753,1.875,2.0999999046325684,1.8700000047683716,2.0924999713897705,2074000
2001-11-12,1.1270060539245605,1.8324999809265137,1.877500057220459,1.75,1.840000033378601,4368000
2001-11-19,1.1592938899993896,1.8849999904632568,1.9110000133514404,1.774999976158142,1.7999999523162842,884000
2001-11-26,1.1946574449539185,1.9424999952316284,1.9450000524520874,1.7599999904632568,1.8250000476837158,2334000
2001-12-03,1.1961950063705444,1.9450000524520874,1.9600000381469727,1.8839999437332153,1.8875000476837158,1100000
2001-12-10,1.1866623163223267,1.9294999837875366,1.9845000505447388,1.9049999713897705,1.9474999904632568,1048000
2001-12-17,1.210032343864441,1.9674999713897705,1.99399995803833,1.8825000524520874,1.9214999675750732,1334000
2001-12-24,1.2469332218170166,2.0274999141693115,2.075000047683716,1.9550000429153442,1.9744999408721924,1250000
2001-12-31,1.1731319427490234,1.9075000286102295,2.0399999618530273,1.8914999961853027,2.0299999713897705,780000
2002-01-07,1.1362311840057373,1.847499966621399,1.909999966621399,1.8214999437332153,1.8589999675750732,1542000
2002-01-14,1.1254686117172241,1.8300000429153442,1.8804999589920044,1.8049999475479126,1.837499976158142,1436000
2002-01-21,1.0747305154800415,1.747499942779541,1.8394999504089355,1.74399995803833,1.8394999504089355,1622000
2002-01-28,1.1193184852600098,1.8200000524520874,1.8450000286102295,1.6640000343322754,1.7079999446868896,2928000
2002-02-04,1.1408441066741943,1.8550000190734863,1.8639999628067017,1.7799999713897705,1.8344999551773071,1824000
2002-02-11,1.2029598951339722,1.9559999704360962,1.9774999618530273,1.8300000429153442,1.8630000352859497,3572000
2002-02-18,1.1685196161270142,1.899999976158142,1.962499976158142,1.8854999542236328,1.934999942779541,1676000
2002-02-25,1.1798970699310303,1.9184999465942383,1.9809999465942383,1.8980000019073486,1.8980000019073486,712000
2002-03-04,1.2020375728607178,1.9544999599456787,1.9589999914169312,1.850000023841858,1.8980000019073486,2424000
2002-03-11,1.1901028156280518,1.9164999723434448,1.9795000553131104,1.8825000524520874,1.9450000524520874,1134000
2002-03-18,1.2199101448059082,1.9644999504089355,1.975000023841858,1.905500054359436,1.934999942779541,1120000
2002-03-25,1.2295355796813965,1.9800000190734863,2.0144999027252197,1.9299999475479126,1.9535000324249268,776000
2002-04-01,1.2112164497375488,1.9505000114440918,2.0299999713897705,1.933500051498413,1.9924999475479126,1734000
2002-04-08,0.9516479969024658,1.5325000286102295,2.012500047683716,1.4390000104904175,1.9895000457763672,7704000
2002-04-15,0.9618942737579346,1.5490000247955322,1.5490000247955322,1.4264999628067017,1.5099999904632568,3490000
2002-04-22,0.9187362790107727,1.4795000553131104,1.559499979019165,1.4119999408721924,1.559499979019165,2730000
2002-04-29,1.0339275598526,1.6649999618530273,1.690000057220459,1.4149999618530273,1.4325000047683716,3030000
2002-05-06,1.042621374130249,1.6790000200271606,1.725000023841858,1.6505000591278076,1.7000000476837158,2418000
2002-05-13,1.0221288204193115,1.6460000276565552,1.659999966621399,1.5800000429153442,1.6505000591278076,1712000
2002-05-20,0.9702770113945007,1.5625,1.6365000009536743,1.559999942779541,1.6334999799728394,1392000
2002-05-27,0.9941849112510681,1.6009999513626099,1.6299999952316284,1.5750000476837158,1.600000023841858,1342000
2002-06-03,0.9590997099876404,1.5444999933242798,1.662500023841858,1.5,1.590999960899353,2844000
2002-06-10,0.9516479969024658,1.5325000286102295,1.5490000247955322,1.496999979019165,1.5175000429153442,2010000
2002-06-17,0.9485429525375366,1.527500033378601,1.5700000524520874,1.5,1.5115000009536743,3002000
2002-06-24,1.021507740020752,1.6449999809265137,1.6664999723434448,1.5075000524520874,1.534999966621399,2532000
2002-07-01,1.0028785467147827,1.6150000095367432,1.6375000476837158,1.5210000276565552,1.6375000476837158,2146000
2002-07-08,0.9215302467346191,1.4839999675750732,1.6295000314712524,1.4190000295639038,1.600000023841858,3330000
2002-07-15,0.8799251914024353,1.4170000553131104,1.5075000524520874,1.4079999923706055,1.496500015258789,2814000
2002-07-22,0.7079142928123474,1.1399999856948853,1.2350000143051147,1.0750000476837158,1.2000000476837158,4732000
2002-07-29,0.729958713054657,1.1755000352859497,1.2354999780654907,1.1369999647140503,1.1540000438690186,3040000
2002-08-05,0.8383196592330933,1.350000023841858,1.3760000467300415,1.1154999732971191,1.1664999723434448,2672000
2002-08-12,0.9035221934318542,1.4550000429153442,1.4700000286102295,1.3669999837875366,1.4084999561309814,3088000
2002-08-19,0.9215302467346191,1.4839999675750732,1.5140000581741333,1.4444999694824219,1.462499976158142,1494000
2002-08-26,0.938607394695282,1.5115000009536743,1.5325000286102295,1.4704999923706055,1.5054999589920044,1414000
2002-09-02,0.9178045392036438,1.4780000448226929,1.5410000085830688,1.4759999513626099,1.5119999647140503,736000
2002-09-09,0.9128367900848389,1.4700000286102295,1.5499999523162842,1.4700000286102295,1.4889999628067017,1088000
2002-09-16,0.8575701117515564,1.38100004196167,1.5,1.377500057220459,1.469499945640564,1656000
2002-09-23,0.8690581321716309,1.3995000123977661,1.4249999523162842,1.3140000104904175,1.409999966621399,2612000
2002-09-30,0.8178272843360901,1.3170000314712524,1.3574999570846558,1.2654999494552612,1.3515000343322754,2082000
2002-10-07,0.8460817933082581,1.3624999523162842,1.3700000047683716,1.2649999856948853,1.3480000495910645,1146000
2002-10-14,0.899796187877655,1.4490000009536743,1.4579999446868896,1.343500018119812,1.375,1532000
2002-10-21,0.8883082866668701,1.4305000305175781,1.4704999923706055,1.3550000190734863,1.4594999551773071,1304000
2002-10-28,0.8879978656768799,1.4299999475479126,1.5399999618530273,1.3650000095367432,1.4700000286102295,3498000
2002-11-04,0.9429541230201721,1.5184999704360962,1.524999976158142,1.4249999523162842,1.4375,2100000
2002-11-11,0.9174940586090088,1.4774999618530273,1.5089999437332153,1.4450000524520874,1.5049999952316284,1250000
2002-11-18,0.9457486867904663,1.5230000019073486,1.5549999475479126,1.4665000438690186,1.496999979019165,1622000
2002-11-25,0.9414016604423523,1.5160000324249268,1.5399999618530273,1.4950000047683716,1.5149999856948853,2586000
2002-12-02,0.9122158885002136,1.468999981880188,1.6004999876022339,1.4639999866485596,1.5410000085830688,1294000
2002-12-09,0.9355024099349976,1.506500005722046,1.524999976158142,1.4529999494552612,1.4774999618530273,2876000
2002-12-16,0.8942076563835144,1.440000057220459,1.5384999513626099,1.412500023841858,1.496500015258789,2590000
2002-12-23,0.9075585603713989,1.4615000486373901,1.4700000286102295,1.399999976158142,1.4359999895095825,1192000
2002-12-30,0.9271191358566284,1.4930000305175781,1.4950000047683716,1.412500023841858,1.469499945640564,822000
2003-01-06,0.9345710873603821,1.5049999952316284,1.5520000457763672,1.462499976158142,1.5049999952316284,1782000
2003-01-13,0.8883082866668701,1.4305000305175781,1.5,1.4149999618530273,1.496500015258789,1818000
2003-01-20,0.8280733823776245,1.3335000276565552,1.472499966621399,1.3125,1.4500000476837158,6324000
2003-01-27,0.8522913455963135,1.372499942779541,1.3854999542236328,1.2549999952316284,1.2999999523162842,1948000
2003-02-03,0.8780620694160461,1.4140000343322754,1.434999942779541,1.253999948501587,1.312000036239624,4162000
2003-02-10,0.897933304309845,1.4459999799728394,1.4500000476837158,1.3624999523162842,1.406999945640564,1794000
2003-02-17,0.8845824003219604,1.4244999885559082,1.4574999809265137,1.399999976158142,1.4199999570846558,630000
2003-02-24,0.8799251914024353,1.4170000553131104,1.472499966621399,1.4129999876022339,1.4550000429153442,2316000
2003-03-03,0.9587892889976501,1.5440000295639038,1.5455000400543213,1.4444999694824219,1.472499966621399,5332000
2003-03-10,0.9628257155418396,1.5505000352859497,1.5950000286102295,1.5,1.5434999465942383,1532000
2003-03-17,1.0354796648025513,1.6675000190734863,1.6855000257492065,1.537500023841858,1.5525000095367432,2248000
2003-03-24,1.053059697151184,1.6694999933242798,1.725000023841858,1.6260000467300415,1.6629999876022339,1418000
2003-03-31,1.090274691581726,1.7285000085830688,1.7359999418258667,1.6180000305175781,1.6345000267028809,2106000
2003-04-07,1.0934282541275024,1.7335000038146973,1.75,1.6770000457763672,1.747499942779541,1090000
2003-04-14,1.1022591590881348,1.747499942779541,1.784999966621399,1.7359999418258667,1.7384999990463257,1044000
2003-04-21,1.1211822032928467,1.777500033378601,1.784999966621399,1.7050000429153442,1.7424999475479126,2950000
2003-04-28,1.1615511178970337,1.8415000438690186,1.8600000143051147,1.7269999980926514,1.7745000123977661,1988000
2003-05-05,1.149882197380066,1.8229999542236328,1.8550000190734863,1.7949999570846558,1.8274999856948853,1788000
2003-05-12,1.1763741970062256,1.8650000095367432,1.8930000066757202,1.809000015258789,1.8205000162124634,1752000
2003-05-19,1.2129580974578857,1.9229999780654907,1.9520000219345093,1.8509999513626099,1.8630000352859497,3044000
2003-05-26,1.1271746158599854,1.7869999408721924,1.9229999780654907,1.746500015258789,1.875499963760376,2882000
2003-06-02,1.1606049537658691,1.840000033378601,1.875,1.7450000047683716,1.7669999599456787,1788000
2003-06-09,1.223050594329834,1.9390000104904175,1.9544999599456787,1.80649995803833,1.840000033378601,2576000
2003-06-16,1.2012888193130493,1.9045000076293945,1.997499942779541,1.8880000114440918,1.940500020980835,4958000
2003-06-23,1.1082515716552734,1.7569999694824219,1.899999976158142,1.725000023841858,1.8854999542236328,2998000
2003-06-30,1.1385279893875122,1.8049999475479126,1.8200000524520874,1.6924999952316284,1.75600004196167,3934000
2003-07-07,1.0953205823898315,1.7365000247955322,1.7645000219345093,1.7259999513626099,1.7580000162124634,1506000
2003-07-14,1.103835940361023,1.75,1.75,1.7009999752044678,1.7400000095367432,3214000
2003-07-21,1.1208667755126953,1.7769999504089355,1.777500033378601,1.6684999465942383,1.7345000505447388,2036000
2003-07-28,1.0410752296447754,1.6505000591278076,1.7649999856948853,1.6404999494552612,1.7615000009536743,1464000
2003-08-04,1.0921669006347656,1.7315000295639038,1.778499960899353,1.6089999675750732,1.662500023841858,2966000
2003-08-11,1.1309587955474854,1.7929999828338623,1.809999942779541,1.7200000286102295,1.787500023841858,2210000
2003-08-18,1.0849132537841797,1.7200000286102295,1.7795000076293945,1.690500020980835,1.7660000324249268,1500000
2003-08-25,1.127489686012268,1.787500023841858,1.787500023841858,1.7170000076293945,1.7430000305175781,1636000
2003-09-01,1.1511435508728027,1.8250000476837158,1.837499976158142,1.7869999408721924,1.7869999408721924,1592000
2003-09-08,1.1773200035095215,1.8665000200271606,1.9149999618530273,1.8250000476837158,1.8320000171661377,4258000
2003-09-15,1.16691255569458,1.850000023841858,1.8869999647140503,1.809999942779541,1.850000023841858,5322000
2003-09-22,1.1621819734573364,1.8424999713897705,1.875,1.7975000143051147,1.8600000143051147,2484000
2003-09-29,1.1757431030273438,1.8639999628067017,1.8940000534057617,1.8285000324249268,1.847000002861023,1254000
2003-10-06,1.1782665252685547,1.8680000305175781,1.899999976158142,1.850000023841858,1.8765000104904175,2218000
2003-10-13,1.1842583417892456,1.877500057220459,1.9249999523162842,1.8600000143051147,1.874500036239624,1398000
2003-10-20,1.2057044506072998,1.9114999771118164,1.9259999990463257,1.8574999570846558,1.8795000314712524,1156000
2003-10-27,1.1249667406082153,1.7834999561309814,1.9494999647140503,1.7799999713897705,1.9040000438690186,1674000
2003-11-03,1.143258810043335,1.8125,1.8344999551773071,1.750499963760376,1.8255000114440918,1926000
2003-11-10,1.2180042266845703,1.930999994277954,1.9485000371932983,1.7940000295639038,1.8114999532699585,2424000
2003-11-17,1.2268351316452026,1.9450000524520874,1.9759999513626099,1.9075000286102295,1.9149999618530273,2686000
2003-11-24,1.2110657691955566,1.9199999570846558,1.9585000276565552,1.9114999771118164,1.9424999952316284,2186000
2003-12-01,1.2255734205245972,1.9429999589920044,1.9555000066757202,1.909999966621399,1.9290000200271606,2024000
2003-12-08,1.2016042470932007,1.9049999713897705,1.9375,1.844499945640564,1.9329999685287476,1760000
2003-12-15,1.266257405281067,2.007499933242798,2.0269999504089355,1.868499994277954,1.9299999475479126,1994000
2003-12-22,1.279503583908081,2.0285000801086426,2.047499895095825,1.9900000095367432,2.003000020980835,1470000
2003-12-29,1.3006342649459839,2.062000036239624,2.062999963760376,2.002500057220459,2.0185000896453857,1354000
2004-01-05,1.250488519668579,1.9824999570846558,2.058500051498413,1.9709999561309814,2.05649995803833,5206000
2004-01-12,1.2441807985305786,1.972499966621399,2.0174999237060547,1.9515000581741333,2.002500057220459,3912000
2004-01-19,1.2517499923706055,1.9845000505447388,2.0264999866485596,1.9800000190734863,2.012500047683716,3732000
2004-01-26,1.2618422508239746,2.000499963760376,2.061500072479248,1.9800000190734863,2.0160000324249268,2282000
2004-02-02,1.4125945568084717,2.239500045776367,2.2679998874664307,2.0,2.003999948501587,3480000
2004-02-09,1.44760262966156,2.2950000762939453,2.325000047683716,2.2284998893737793,2.311000108718872,3818000
2004-02-16,1.4542255401611328,2.305500030517578,2.3499999046325684,2.258500099182129,2.2774999141693115,2212000
2004-02-23,1.4763017892837524,2.3405001163482666,2.3540000915527344,2.2880001068115234,2.318000078201294,1580000
2004-03-01,1.4933326244354248,2.367500066757202,2.4149999618530273,2.249500036239624,2.359999895095825,3216000
2004-03-08,1.4551713466644287,2.306999921798706,2.4200000762939453,2.2820000648498535,2.367000102996826,3030000
2004-03-15,1.5013591051101685,2.3420000076293945,2.3534998893737793,2.256999969482422,2.2890000343322754,3546000
2004-03-22,1.4388556480407715,2.244499921798706,2.3299999237060547,2.2095000743865967,2.317500114440918,4638000
2004-03-29,1.4991157054901123,2.3385000228881836,2.3550000190734863,2.2130000591278076,2.2249999046325684,2762000
2004-04-05,1.518346905708313,2.368499994277954,2.4105000495910645,2.309999942779541,2.313499927520752,1770000
2004-04-12,1.484691858291626,2.315999984741211,2.382499933242798,2.244999885559082,2.375,3016000
2004-04-19,1.5324509143829346,2.390500068664551,2.3989999294281006,2.2699999809265137,2.312000036239624,1688000
2004-04-26,1.5378994941711426,2.3989999294281006,2.4179999828338623,2.305500030517578,2.385499954223633,2312000
2004-05-03,1.4747552871704102,2.30049991607666,2.4059998989105225,2.30049991607666,2.377000093460083,2094000
2004-05-10,1.4369325637817383,2.241499900817871,2.2774999141693115,2.2204999923706055,2.2760000228881836,1590000
2004-05-17,1.474434733390808,2.299999952316284,2.307499885559082,2.2225000858306885,2.2365000247955322,814000
2004-05-24,1.4792423248291016,2.307499885559082,2.3564999103546143,2.259999990463257,2.2829999923706055,2692000
2004-05-31,1.532771348953247,2.3910000324249268,2.3914999961853027,2.2990000247955322,2.306999921798706,5252000
2004-06-07,1.517706274986267,2.367500066757202,2.442500114440918,2.3510000705718994,2.4040000438690186,1186000
2004-06-14,1.5866200923919678,2.4749999046325684,2.493000030517578,2.3424999713897705,2.3550000190734863,2074000
2004-06-21,1.6625853776931763,2.5934998989105225,2.6735000610351562,2.4649999141693115,2.490499973297119,9944000
2004-06-28,1.7526541948318481,2.7339999675750732,2.742000102996826,2.5290000438690186,2.563499927520752,6570000
2004-07-05,1.700407862663269,2.6524999141693115,2.762500047683716,2.632999897003174,2.7330000400543213,1878000
2004-07-12,1.6808558702468872,2.621999979019165,2.6549999713897705,2.5789999961853027,2.6549999713897705,1770000
2004-07-19,1.631494164466858,2.5450000762939453,2.611999988555908,2.5450000762939453,2.611999988555908,4000000
2004-07-26,1.6385462284088135,2.555999994277954,2.559499979019165,2.4544999599456787,2.5350000858306885,2568000
2004-08-02,1.6004029512405396,2.496500015258789,2.5409998893737793,2.4749999046325684,2.5185000896453857,1228000
2004-08-09,1.706176996231079,2.6614999771118164,2.683000087738037,2.503999948501587,2.515000104904175,4480000
2004-08-16,1.7113064527511597,2.6695001125335693,2.7044999599456787,2.6514999866485596,2.684499979019165,1954000
2004-08-23,1.679253339767456,2.619499921798706,2.6489999294281006,2.5910000801086426,2.6445000171661377,1452000
2004-08-30,1.6988052129745483,2.6500000953674316,2.7290000915527344,2.614000082015991,2.619499921798706,1800000
2004-09-06,1.7436796426773071,2.7200000286102295,2.7239999771118164,2.6524999141693115,2.6659998893737793,2122000
2004-09-13,1.6705982685089111,2.6059999465942383,2.7100000381469727,2.5964999198913574,2.692500114440918,2180000
2004-09-20,1.7138701677322388,2.6735000610351562,2.694000005722046,2.625,2.633500099182129,2204000
2004-09-27,1.7475261688232422,2.7260000705718994,2.7639999389648438,2.6640000343322754,2.6640000343322754,2564000
2004-10-04,1.6859840154647827,2.630000114440918,2.7320001125335693,2.5899999141693115,2.7190001010894775,5234000
2004-10-11,1.7228453159332275,2.6875,2.694999933242798,2.5999999046325684,2.622499942779541,1574000
2004-10-18,1.6949594020843506,2.6440000534057617,2.683000087738037,2.640000104904175,2.6670000553131104,1178000
2004-10-25,1.6010438203811646,2.497499942779541,2.6630001068115234,2.4704999923706055,2.6475000381469727,3586000
2004-11-01,1.706176996231079,2.6614999771118164,2.6635000705718994,2.487499952316284,2.496000051498413,3510000
2004-11-08,1.6850227117538452,2.628499984741211,2.6689999103546143,2.6085000038146973,2.6570000648498535,1476000
2004-11-15,1.6722012758255005,2.6085000038146973,2.6449999809265137,2.555000066757202,2.61299991607666,1426000
2004-11-22,1.7090623378753662,2.6659998893737793,2.679500102996826,2.625499963760376,2.625499963760376,1360000
2004-11-29,1.735666036605835,2.7074999809265137,2.7119998931884766,2.6514999866485596,2.696500062942505,1530000
2004-12-06,1.6843814849853516,2.627500057220459,2.7200000286102295,2.6089999675750732,2.6989998817443848,3210000
2004-12-13,1.7273324728012085,2.694499969482422,2.7239999771118164,2.632999897003174,2.632999897003174,2460000
2004-12-20,1.7452821731567383,2.7225000858306885,2.7244999408721924,2.694999933242798,2.7070000171661377,1142000
2004-12-27,1.7391921281814575,2.7130000591278076,2.744999885559082,2.7070000171661377,2.7274999618530273,712000
2005-01-03,1.6763681173324585,2.615000009536743,2.695499897003174,2.5350000858306885,2.695499897003174,3160000
2005-01-10,1.6616239547729492,2.5920000076293945,2.627000093460083,2.557499885559082,2.6135001182556152,5718000
2005-01-17,1.5943125486373901,2.486999988555908,2.5350000858306885,2.4609999656677246,2.5304999351501465,5668000
2005-01-24,1.6689963340759277,2.6034998893737793,2.616499900817871,2.4839999675750732,2.505000114440918,4778000
2005-01-31,1.6683549880981445,2.6024999618530273,2.684999942779541,2.5905001163482666,2.6424999237060547,3734000
2005-02-07,1.7609878778457642,2.746999979019165,2.7614998817443848,2.6059999465942383,2.615499973297119,3888000
2005-02-14,1.7616288661956787,2.747999906539917,2.797499895095825,2.734999895095825,2.747499942779541,6762000
2005-02-21,1.8138753175735474,2.8294999599456787,2.878000020980835,2.802000045776367,2.809499979019165,3478000
2005-02-28,1.8491342067718506,2.884500026702881,2.890000104904175,2.7925000190734863,2.7925000190734863,9200000
2005-03-07,1.851305365562439,2.8454999923706055,2.872499942779541,2.82450008392334,2.8429999351501465,2142000
2005-03-14,1.8935948610305786,2.9105000495910645,2.937000036239624,2.8324999809265137,2.8375000953674316,4252000
2005-03-21,1.8405699729919434,2.8289999961853027,2.875999927520752,2.812999963760376,2.872499942779541,2586000
2005-03-28,1.8135697841644287,2.7874999046325684,2.819999933242798,2.7750000953674316,2.819999933242798,3138000
2005-04-04,1.8770042657852173,2.884999990463257,2.8980000019073486,2.759999990463257,2.759999990463257,1750000
2005-04-11,1.8965225219726562,2.9149999618530273,2.947000026702881,2.874500036239624,2.8954999446868896,2004000
2005-04-18,1.9323053359985352,2.9700000286102295,3.005000114440918,2.9124999046325684,2.9170000553131104,2942000
2005-04-25,1.654171347618103,2.5425000190734863,2.994999885559082,2.509999990463257,2.9749999046325684,7234000
2005-05-02,1.7254128456115723,2.6519999504089355,2.6735000610351562,2.4795000553131104,2.510999917984009,8742000
2005-05-09,1.6990633010864258,2.6115000247955322,2.6700000762939453,2.6024999618530273,2.631500005722046,3572000
2005-05-16,1.6733635663986206,2.572000026702881,2.6559998989105225,2.563999891281128,2.6115000247955322,3278000
2005-05-23,1.707195520401001,2.624000072479248,2.630000114440918,2.567500114440918,2.571500062942505,4628000
2005-05-30,1.6525439023971558,2.5399999618530273,2.634000062942505,2.5399999618530273,2.6054999828338623,4054000
2005-06-06,1.637905478477478,2.5174999237060547,2.559000015258789,2.502500057220459,2.5429999828338623,4906000
2005-06-13,1.6834481954574585,2.5875000953674316,2.5950000286102295,2.496000051498413,2.5295000076293945,7228000
2005-06-20,1.6489664316177368,2.5344998836517334,2.6024999618530273,2.5169999599456787,2.5315001010894775,4610000
2005-06-27,1.6587249040603638,2.549499988555908,2.569999933242798,2.5269999504089355,2.5350000858306885,3694000
2005-07-04,1.6649056673049927,2.559000015258789,2.559000015258789,2.501499891281128,2.5304999351501465,1616000
2005-07-11,1.6606767177581787,2.552500009536743,2.5769999027252197,2.5260000228881836,2.5264999866485596,2248000
2005-07-18,1.6567730903625488,2.5464999675750732,2.5824999809265137,2.5425000190734863,2.559000015258789,2386000
2005-07-25,1.6873515844345093,2.5934998989105225,2.5980000495910645,2.5204999446868896,2.5355000495910645,2434000
2005-08-01,1.7800631523132324,2.7360000610351562,2.756999969482422,2.5885000228881836,2.5999999046325684,5766000
2005-08-08,1.7615212202072144,2.7074999809265137,2.7844998836517334,2.677000045776367,2.736999988555908,6432000
2005-08-15,1.768352746963501,2.7179999351501465,2.7225000858306885,2.6740000247955322,2.680000066757202,4018000
2005-08-22,1.678568720817566,2.5799999237060547,2.7074999809265137,2.5799999237060547,2.690500020980835,5166000
2005-08-29,1.7309426069259644,2.6605000495910645,2.6610000133514404,2.555999994277954,2.5915000438690186,4868000
2005-09-05,1.7130507230758667,2.632999897003174,2.691999912261963,2.609499931335449,2.679500102996826,2618000
2005-09-12,1.6834481954574585,2.5875000953674316,2.631500005722046,2.569000005722046,2.6050000190734863,4352000
2005-09-19,1.60439932346344,2.4660000801086426,2.5850000381469727,2.4625000953674316,2.5815000534057617,4130000
2005-09-26,1.6128573417663574,2.4790000915527344,2.484999895095825,2.4024999141693115,2.4514999389648438,7482000
2005-10-03,1.6854007244110107,2.5905001163482666,2.5940001010894775,2.4600000381469727,2.4695000648498535,6544000
2005-10-10,1.6333513259887695,2.510499954223633,2.615000009536743,2.4670000076293945,2.5845000743865967,5672000
2005-10-17,1.5819534063339233,2.43149995803833,2.5169999599456787,2.427000045776367,2.5160000324249268,4618000
2005-10-24,1.6697853803634644,2.566499948501587,2.566499948501587,2.444999933242798,2.444999933242798,3452000
2005-10-31,1.6948331594467163,2.6050000190734863,2.6470000743865967,2.558000087738037,2.569499969482422,2934000
2005-11-07,1.7550153732299805,2.697499990463257,2.69950008392334,2.625499963760376,2.6465001106262207,3844000
2005-11-14,1.7722558975219727,2.7239999771118164,2.7295000553131104,2.6530001163482666,2.697499990463257,3454000
2005-11-21,1.769328236579895,2.7195000648498535,2.7339999675750732,2.6700000762939453,2.7260000705718994,1434000
2005-11-28,1.7566413879394531,2.700000047683716,2.75,2.6540000438690186,2.6875,4130000
2005-12-05,1.8135697841644287,2.7874999046325684,2.809999942779541,2.7060000896453857,2.7100000381469727,5330000
2005-12-12,1.7934008836746216,2.756500005722046,2.8320000171661377,2.7219998836517334,2.816499948501587,3088000
2005-12-19,1.8233284950256348,2.802500009536743,2.815000057220459,2.688499927520752,2.7825000286102295,4264000
2005-12-26,1.8308113813400269,2.813999891281128,2.8359999656677246,2.7929999828338623,2.799999952316284,2956000
2006-01-02,1.8376420736312866,2.82450008392334,2.867500066757202,2.803999900817871,2.8440001010894775,3674000
2006-01-09,1.826907753944397,2.808000087738037,2.874500036239624,2.739500045776367,2.8285000324249268,4654000
2006-01-16,1.8021841049194336,2.7699999809265137,2.8010001182556152,2.752000093460083,2.7750000953674316,3430000
2006-01-23,1.785918951034546,2.744999885559082,2.8480000495910645,2.744999885559082,2.7964999675750732,6742000
2006-01-30,1.8431718349456787,2.8329999446868896,2.864000082015991,2.7880001068115234,2.802000045776367,4798000
2006-02-06,1.8402445316314697,2.8285000324249268,2.8515000343322754,2.807499885559082,2.8334999084472656,6330000
2006-02-13,1.8643170595169067,2.865499973297119,2.865999937057495,2.816499948501587,2.81850004196167,3566000
2006-02-20,1.891642689704895,2.9075000286102295,2.9149999618530273,2.8499999046325684,2.867000102996826,2848000
2006-02-27,1.9576796293258667,3.009000062942505,3.0239999294281006,2.9375,2.9535000324249268,3680000
2006-03-06,1.9546054601669312,2.9554998874664307,3.01200008392334,2.9230000972747803,2.997999906539917,2376000
2006-03-13,2.0838983058929443,3.1510000228881836,3.1700000762939453,2.9140000343322754,2.9140000343322754,3956000
2006-03-20,2.061413049697876,3.117000102996826,3.196500062942505,3.0945000648498535,3.178999900817871,5132000
2006-03-27,2.0531461238861084,3.1045000553131104,3.196500062942505,3.0994999408721924,3.1429998874664307,5390000
2006-04-03,2.1077065467834473,3.187000036239624,3.3385000228881836,3.1459999084472656,3.1514999866485596,6078000
2006-04-10,2.062734842300415,3.11899995803833,3.2225000858306885,3.1015000343322754,3.200000047683716,2616000
2006-04-17,2.130192756652832,3.2209999561309814,3.23799991607666,3.1445000171661377,3.1489999294281006,4678000
2006-04-24,2.127877950668335,3.2174999713897705,3.2925000190734863,3.187000036239624,3.198499917984009,4424000
2006-05-01,2.1758251190185547,3.2899999618530273,3.313499927520752,3.2339999675750732,3.247499942779541,2282000
2006-05-08,2.1834304332733154,3.301500082015991,3.4154999256134033,3.2829999923706055,3.3424999713897705,4370000
2006-05-15,2.0878663063049316,3.1570000648498535,3.2844998836517334,3.11299991607666,3.2300000190734863,5670000
2006-05-22,2.0617432594299316,3.117500066757202,3.180000066757202,3.0875000953674316,3.124500036239624,3632000
2006-05-29,2.116304636001587,3.200000047683716,3.2235000133514404,3.1034998893737793,3.184999942779541,4250000
2006-06-05,1.9926329851150513,3.013000011444092,3.2239999771118164,2.9790000915527344,3.200000047683716,3124000
2006-06-12,1.9344342947006226,2.924999952316284,2.996000051498413,2.882499933242798,2.9784998893737793,7524000
2006-06-19,1.950637698173523,2.94950008392334,3.015000104904175,2.927500009536743,2.943000078201294,3868000
2006-06-26,2.1027469635009766,3.179500102996826,3.189500093460083,2.998500108718872,3.0164999961853027,4752000
2006-07-03,2.0759623050689697,3.1389999389648438,3.2295000553131104,3.05049991607666,3.2065000534057617,4490000
2006-07-10,2.09712553024292,3.1710000038146973,3.2049999237060547,3.134999990463257,3.1740000247955322,5340000
2006-07-17,2.052154064178467,3.1029999256134033,3.118499994277954,3.0174999237060547,3.0880000591278076,9940000
2006-07-24,2.0475244522094727,3.0959999561309814,3.125,3.065000057220459,3.0850000381469727,3448000
2006-07-31,2.277672052383423,3.444000005722046,3.4549999237060547,3.075000047683716,3.0894999504089355,11310000
2006-08-07,2.299828290939331,3.4774999618530273,3.499000072479248,3.3949999809265137,3.4130001068115234,7616000
2006-08-14,2.3874549865722656,3.609999895095825,3.634000062942505,3.5329999923706055,3.555000066757202,3304000
2006-08-21,2.3649699687957764,3.5759999752044678,3.640000104904175,3.555500030517578,3.5940001010894775,15412000
2006-08-28,2.451937198638916,3.7074999809265137,3.7119998931884766,3.561000108718872,3.567500114440918,4316000
2006-09-04,2.4360649585723877,3.683500051498413,3.684999942779541,3.5999999046325684,3.616499900817871,3726000
2006-09-11,2.442016839981079,3.692500114440918,3.7669999599456787,3.615999937057495,3.674499988555908,5464000
2006-09-18,2.4294519424438477,3.6735000610351562,3.7304999828338623,3.6414999961853027,3.700000047683716,5136000
2006-09-25,2.464171886444092,3.7260000705718994,3.7339999675750732,3.6545000076293945,3.7139999866485596,8142000
2006-10-02,2.375552177429199,3.5920000076293945,3.739500045776367,3.570499897003174,3.702500104904175,10322000
2006-10-09,2.508481740951538,3.7929999828338623,3.8424999713897705,3.632999897003174,3.635999917984009,10638000
2006-10-16,2.561720132827759,3.873500108718872,3.8994998931884766,3.7730000019073486,3.7920000553131104,3428000
2006-10-23,2.47078537940979,3.7360000610351562,3.933500051498413,3.7225000858306885,3.8975000381469727,4438000
2006-10-30,2.5422115325927734,3.8440001010894775,3.864500045776367,3.7114999294281006,3.7255001068115234,6920000
2006-11-06,2.5170798301696777,3.805999994277954,3.880000114440918,3.7904999256134033,3.8515000343322754,3558000
2006-11-13,2.551469564437866,3.8580000400543213,3.865000009536743,3.796999931335449,3.808000087738037,2482000
2006-11-20,2.5901577472686768,3.9165000915527344,3.930999994277954,3.8505001068115234,3.8585000038146973,2728000
2006-11-27,2.5832135677337646,3.9059998989105225,3.930999994277954,3.757999897003174,3.8580000400543213,5946000
2006-12-04,2.6883676052093506,4.065000057220459,4.181000232696533,3.924999952316284,3.924999952316284,10242000
2006-12-11,2.764422655105591,4.179999828338623,4.2129998207092285,4.024499893188477,4.024499893188477,5576000
2006-12-18,2.7892234325408936,4.21750020980835,4.227499961853027,4.110499858856201,4.203999996185303,3478000
2006-12-25,2.7654147148132324,4.18149995803833,4.232500076293945,4.137499809265137,4.230000019073486,2584000
2007-01-01,2.759462594985962,4.172500133514404,4.232500076293945,4.084000110626221,4.218999862670898,3572000
2007-01-08,2.7574782371520996,4.16949987411499,4.2769999504089355,3.883500099182129,4.145500183105469,4566000
2007-01-15,2.7773191928863525,4.19950008392334,4.211999893188477,4.135000228881836,4.176000118255615,5696000
2007-01-22,2.7511956691741943,4.159999847412109,4.3125,4.124499797821045,4.3125,4222000
2007-01-29,2.9988694190979004,4.5345001220703125,4.5345001220703125,4.080999851226807,4.107500076293945,9486000
2007-02-05,2.9906020164489746,4.521999835968018,4.581500053405762,4.432000160217285,4.468500137329102,4980000
2007-02-12,3.052438735961914,4.615499973297119,4.665999889373779,4.497000217437744,4.509500026702881,5714000
2007-02-19,3.007467031478882,4.547500133514404,4.5954999923706055,4.480500221252441,4.570499897003174,4308000
2007-02-26,2.8156774044036865,4.257500171661377,4.337500095367432,4.150000095367432,4.276500225067139,9922000
2007-03-05,2.852139472961426,4.250500202178955,4.28249979019165,4.167500019073486,4.170000076293945,5152000
2007-03-12,2.8414034843444824,4.234499931335449,4.299499988555908,4.182000160217285,4.28000020980835,4402000
2007-03-19,3.0215699672698975,4.502999782562256,4.5970001220703125,4.277500152587891,4.2870001792907715,9352000
2007-03-26,3.0373384952545166,4.526500225067139,4.565000057220459,4.349999904632568,4.498499870300293,5676000
2007-04-02,3.111485481262207,4.63700008392334,4.658999919891357,4.505499839782715,4.524499893188477,2520000
2007-04-09,3.228912591934204,4.811999797821045,4.822500228881836,4.605000019073486,4.639999866485596,3650000
2007-04-16,3.4120993614196777,5.085000038146973,5.129000186920166,4.828499794006348,4.846499919891357,12960000
2007-04-23,3.364793062210083,5.014500141143799,5.089000225067139,4.928500175476074,5.08650016784668,17384000
2007-04-30,3.5221455097198486,5.249000072479248,5.276500225067139,4.889999866485596,4.948500156402588,6982000
2007-05-07,3.4966468811035156,5.210999965667725,5.263999938964844,5.144999980926514,5.241000175476074,4414000
2007-05-14,3.4339075088500977,5.117499828338623,5.198999881744385,5.050000190734863,5.1875,7308000
2007-05-21,3.436256170272827,5.120999813079834,5.245999813079834,5.113999843597412,5.135499954223633,5590000
2007-05-28,3.5194616317749023,5.244999885559082,5.2870001792907715,5.147500038146973,5.192999839782715,2530000
2007-06-04,3.4164602756500244,5.0914998054504395,5.364999771118164,5.013000011444092,5.316999912261963,4616000
2007-06-11,3.4422950744628906,5.130000114440918,5.183000087738037,5.0295000076293945,5.127500057220459,3914000
2007-06-18,3.5540192127227783,5.296500205993652,5.361499786376953,5.007500171661377,5.047999858856201,5582000
2007-06-25,3.6425931453704834,5.428500175476074,5.491499900817871,5.218999862670898,5.251999855041504,4920000
2007-07-02,3.702983856201172,5.518499851226807,5.6645002365112305,5.506999969482422,5.527500152587891,4672000
2007-07-09,3.712376117706299,5.53249979019165,5.608500003814697,5.447999954223633,5.565000057220459,5432000
2007-07-16,3.688220739364624,5.496500015258789,5.5904998779296875,5.4679999351501465,5.522500038146973,4726000
2007-07-23,3.445314407348633,5.134500026702881,5.567500114440918,5.129000186920166,5.565000057220459,8908000
2007-07-30,3.7110352516174316,5.5304999351501465,5.616499900817871,5.233500003814697,5.281499862670898,15374000
2007-08-06,3.595956325531006,5.359000205993652,5.793000221252441,5.2835001945495605,5.649499893188477,12524000
2007-08-13,3.4855751991271973,5.194499969482422,5.449999809265137,5.0254998207092285,5.366000175476074,10118000
2007-08-20,3.79860258102417,5.660999774932861,5.665500164031982,5.340000152587891,5.377999782562256,6638000
2007-08-27,3.751295804977417,5.5904998779296875,5.676000118255615,5.449999809265137,5.589000225067139,6334000
2007-09-03,3.7912209033966064,5.650000095367432,5.916999816894531,5.624499797821045,5.709499835968018,8000000
2007-09-10,4.053587436676025,6.040999889373779,6.050000190734863,5.590000152587891,5.674499988555908,6958000
2007-09-17,4.02741813659668,6.001999855041504,6.038000106811523,5.831999778747559,5.933499813079834,5266000
2007-09-24,4.060966491699219,6.052000045776367,6.074999809265137,5.914999961853027,6.001500129699707,3832000
2007-10-01,3.9905121326446533,5.947000026702881,6.209499835968018,5.908999919891357,6.09250020980835,6060000
2007-10-08,3.879460096359253,5.781499862670898,6.034999847412109,5.763000011444092,5.906000137329102,3848000
2007-10-15,3.8797948360443115,5.7820000648498535,5.909999847412109,5.758500099182129,5.820000171661377,4718000
2007-10-22,4.0200371742248535,5.991000175476074,5.999000072479248,5.616499900817871,5.708000183105469,5034000
2007-10-29,4.111294746398926,6.126999855041504,6.244500160217285,5.880499839782715,5.944499969482422,5578000
2007-11-05,4.131760597229004,6.15749979019165,6.261499881744385,6.02400016784668,6.057000160217285,3844000
2007-11-12,4.109281063079834,6.124000072479248,6.283999919891357,6.017000198364258,6.043499946594238,3948000
2007-11-19,4.246169090270996,6.328000068664551,6.400000095367432,6.036499977111816,6.125,4702000
2007-11-26,4.275692462921143,6.372000217437744,6.511000156402588,6.183000087738037,6.298500061035156,5948000
2007-12-03,4.465590000152588,6.65500020980835,6.873000144958496,6.480500221252441,6.5920000076293945,8018000
2007-12-10,4.26093053817749,6.349999904632568,6.828000068664551,6.335999965667725,6.677999973297119,7744000
2007-12-17,4.365609169006348,6.50600004196167,6.559000015258789,6.1529998779296875,6.329999923706055,5948000
2007-12-24,4.436065673828125,6.611000061035156,6.724999904632568,6.500999927520752,6.500999927520752,2887000
2007-12-31,4.066336631774902,6.059999942779541,6.611000061035156,6.034999847412109,6.611000061035156,4374000
2008-01-07,4.327360153198242,6.448999881744385,6.638000011444092,6.215000152587891,6.261000156402588,8034000
2008-01-14,4.001247406005859,5.9629998207092285,6.589000225067139,5.866000175476074,6.556000232696533,11146000
2008-01-21,3.937501907348633,5.868000030517578,6.015999794006348,5.585999965667725,5.631999969482422,11898000
2008-01-28,4.185105800628662,6.236999988555908,6.428999900817871,5.6570000648498535,5.8420000076293945,13017000
2008-02-04,4.157594680786133,6.196000099182129,6.285999774932861,6.01800012588501,6.1529998779296875,11053000
2008-02-11,4.381712913513184,6.53000020980835,6.554999828338623,6.315999984741211,6.39300012588501,6658000
2008-02-18,4.591068744659424,6.8420000076293945,6.873000144958496,6.514999866485596,6.625,14175000
2008-02-25,4.587712287902832,6.836999893188477,7.074999809265137,6.767000198364258,6.939000129699707,7808000
2008-03-03,4.594424247741699,6.8470001220703125,6.99399995803833,6.789999961853027,6.861999988555908,11383000
2008-03-10,4.588921546936035,6.75,6.8979997634887695,6.630000114440918,6.775000095367432,16934000
2008-03-17,4.529095649719238,6.6620001792907715,6.928999900817871,6.551000118255615,6.711999893188477,10850000
2008-03-24,4.536573886871338,6.672999858856201,6.8470001220703125,6.6539998054504395,6.769000053405762,13865000
2008-03-31,4.766360759735107,7.011000156402588,7.011000156402588,6.679999828338623,6.771999835968018,11748000
2008-04-07,4.7792768478393555,7.03000020980835,7.373000144958496,7.026000022888184,7.078999996185303,12764000
2008-04-14,4.840462684631348,7.119999885559082,7.179999828338623,6.958000183105469,7.046999931335449,11998000
2008-04-21,4.558327674865723,6.704999923706055,6.861999988555908,6.543000221252441,6.843999862670898,21241000
2008-04-28,4.559688091278076,6.706999778747559,6.921999931335449,6.440999984741211,6.495999813079834,11336000
2008-05-05,4.5882415771484375,6.749000072479248,6.90500020980835,6.6620001792907715,6.813000202178955,7379000
2008-05-12,4.68953800201416,6.8979997634887695,6.921999931335449,6.567999839782715,6.801000118255615,7383000
2008-05-19,4.498502254486084,6.617000102996826,6.864999771118164,6.584000110626221,6.8460001945495605,5657000
2008-05-26,4.439356327056885,6.53000020980835,6.599999904632568,6.480999946594238,6.5,6334000
2008-06-02,4.577364444732666,6.732999801635742,6.752999782562256,6.370999813079834,6.486000061035156,12134000
2008-06-09,4.178297519683838,6.145999908447266,6.809000015258789,6.0,6.749000072479248,23079000
2008-06-16,4.318344593048096,6.3520002365112305,6.442999839782715,6.201000213623047,6.261000156402588,10308000
2008-06-23,4.486945152282715,6.599999904632568,6.835000038146973,6.276000022888184,6.303999900817871,20067000
2008-06-30,4.316985607147217,6.349999904632568,6.702000141143799,6.324999809265137,6.590000152587891,11048000
2008-07-07,4.359136581420898,6.4120001792907715,6.605000019073486,6.186999797821045,6.3379998207092285,13468000
2008-07-14,4.213649749755859,6.197999954223633,6.408999919891357,6.144000053405762,6.395999908447266,7213000
2008-07-21,4.215689659118652,6.201000213623047,6.322999954223633,6.0289998054504395,6.238999843597412,9455000
2008-07-28,4.401285171508789,6.473999977111816,6.526000022888184,6.138999938964844,6.210999965667725,9522000
2008-08-04,4.249001502990723,6.25,6.698999881744385,6.1529998779296875,6.539000034332275,13873000
2008-08-11,4.182375907897949,6.1519999504089355,6.254000186920166,6.052000045776367,6.25,7113000
2008-08-18,3.940354108810425,5.796000003814697,6.131999969482422,5.716000080108643,6.13100004196167,17612000
2008-08-25,3.777193069458008,5.556000232696533,5.927999973297119,5.514999866485596,5.908999919891357,13476000
2008-09-01,3.515453815460205,5.171000003814697,5.630000114440918,5.126999855041504,5.576000213623047,12138000
2008-09-08,3.574599027633667,5.257999897003174,5.357999801635742,4.991000175476074,5.322000026702881,20819000
2008-09-15,3.6466622352600098,5.363999843597412,5.454999923706055,5.015999794006348,5.078000068664551,17817000
2008-09-22,3.782630681991577,5.564000129699707,5.690999984741211,5.204999923706055,5.301000118255615,8597000
2008-09-29,3.5548858642578125,5.229000091552734,5.406000137329102,4.986000061035156,5.343999862670898,12400000
2008-10-06,2.992656946182251,4.4019999504089355,5.171999931335449,4.190000057220459,5.171999931335449,19465000
2008-10-13,3.379485845565796,4.9710001945495605,5.203999996185303,4.663000106811523,4.895999908447266,16709000
2008-10-20,3.0980324745178223,4.557000160217285,5.260000228881836,4.508999824523926,5.123000144958496,9826000
2008-10-27,3.6378254890441895,5.35099983215332,5.415999889373779,4.574999809265137,4.580999851226807,15732000
2008-11-03,3.5691611766815186,5.25,5.794000148773193,5.103000164031982,5.127999782562256,12356000
2008-11-10,3.4345526695251465,5.052000045776367,5.324999809265137,4.78000020980835,5.296000003814697,9610000
2008-11-17,3.0660793781280518,4.510000228881836,5.091000080108643,4.361999988555908,4.98799991607666,16555000
2008-11-24,3.4739830493927,5.110000133514404,5.138000011444092,4.525000095367432,4.599999904632568,12599000
2008-12-01,3.4930191040039062,5.138000011444092,5.184999942779541,4.889999866485596,4.948999881744385,14211000
2008-12-08,3.4685447216033936,5.1020002365112305,5.295000076293945,4.920000076293945,5.26200008392334,15220000
2008-12-15,3.5698413848876953,5.250999927520752,5.459000110626221,5.035999774932861,5.119999885559082,14978000
2008-12-22,3.592954397201538,5.284999847412109,5.423999786376953,5.059999942779541,5.298999786376953,7068000
2008-12-29,3.590916395187378,5.2820000648498535,5.327000141143799,5.060999870300293,5.315000057220459,7103000
2009-01-05,3.626267671585083,5.334000110626221,5.510000228881836,5.26200008392334,5.300000190734863,10016000
2009-01-12,3.6051924228668213,5.302999973297119,5.415999889373779,5.01200008392334,5.388000011444092,12045000
2009-01-19,3.4365925788879395,5.054999828338623,5.300000190734863,4.929999828338623,5.113999843597412,10876000
2009-01-26,3.6119906902313232,5.313000202178955,5.423999786376953,5.090000152587891,5.173999786376953,14622000
2009-02-02,3.631706476211548,5.3420000076293945,5.625999927520752,5.142000198364258,5.366000175476074,18886000
2009-02-09,3.631706476211548,5.3420000076293945,5.431000232696533,5.139999866485596,5.314000129699707,11072000
2009-02-16,3.4522292613983154,5.078000068664551,5.230999946594238,4.965000152587891,5.2270002365112305,12023000
2009-02-23,3.2917861938476562,4.8420000076293945,5.263000011444092,4.824999809265137,5.197000026702881,32891000
2009-03-02,3.0028536319732666,4.416999816894531,4.7779998779296875,4.3429999351501465,4.734000205993652,35159000
2009-03-09,3.2074856758117676,4.7179999351501465,4.751999855041504,4.295000076293945,4.38100004196167,26823000
2009-03-16,3.1461610794067383,4.5279998779296875,4.823999881744385,4.514999866485596,4.715000152587891,19262000
2009-03-23,3.3942131996154785,4.885000228881836,5.099999904632568,4.548999786376953,4.584000110626221,20513000
2009-03-30,3.070425033569336,4.419000148773193,5.197000026702881,4.28000020980835,4.8480000495910645,86015000
2009-04-06,3.0384633541107178,4.373000144958496,4.539000034332275,4.35099983215332,4.478000164031982,19252000
2009-04-13,3.070425033569336,4.419000148773193,4.465000152587891,4.135000228881836,4.449999809265137,26140000
2009-04-20,3.3872649669647217,4.875,5.166999816894531,4.413000106811523,4.514999866485596,52435000
2009-04-27,3.326814889907837,4.788000106811523,4.873000144958496,4.646999835968018,4.739999771118164,24536000
2009-05-04,3.4004666805267334,4.894000053405762,4.952000141143799,4.705999851226807,4.88100004196167,18807000
2009-05-11,3.4768967628479004,5.004000186920166,5.14300012588501,4.876999855041504,4.952000141143799,17231000
2009-05-18,3.571392059326172,5.139999866485596,5.264999866485596,5.0929999351501465,5.0929999351501465,16333000
2009-05-25,3.6186411380767822,5.208000183105469,5.340000152587891,5.083000183105469,5.289000034332275,10374000
2009-06-01,3.6936817169189453,5.315999984741211,5.341000080108643,5.165999889373779,5.298999786376953,8876000
2009-06-08,3.679090976715088,5.295000076293945,5.324999809265137,5.0279998779296875,5.127999782562256,11501000
2009-06-15,3.688122272491455,5.308000087738037,5.392000198364258,5.215000152587891,5.215000152587891,10447000
2009-06-22,3.671447515487671,5.283999919891357,5.452000141143799,4.933000087738037,5.2779998779296875,23824000
2009-06-29,3.818054437637329,5.494999885559082,5.550000190734863,5.322000026702881,5.370999813079834,17029000
2009-07-06,3.718001127243042,5.35099983215332,5.513999938964844,5.270999908447266,5.415999889373779,10938000
2009-07-13,3.875030994415283,5.577000141143799,5.622000217437744,5.308000087738037,5.321000099182129,6987000
2009-07-20,4.041092872619629,5.815999984741211,5.8379998207092285,5.623000144958496,5.650000095367432,7626000
2009-07-27,4.057074546813965,5.839000225067139,6.010000228881836,5.671000003814697,5.834000110626221,10362000
2009-08-03,4.0299763679504395,5.800000190734863,6.195000171661377,5.7769999504089355,5.895999908447266,13188000
2009-08-10,4.2384233474731445,6.099999904632568,6.114999771118164,5.775000095367432,5.791999816894531,8709000
2009-08-17,4.250929355621338,6.118000030517578,6.1529998779296875,5.860000133514404,5.953999996185303,10980000
2009-08-24,4.242591857910156,6.105999946594238,6.190999984741211,6.007999897003174,6.078000068664551,6062000
2009-08-31,4.255794525146484,6.125,6.139999866485596,5.947999954223633,6.114999771118164,7961000
2009-09-07,4.420466899871826,6.361999988555908,6.421000003814697,6.184999942779541,6.199999809265137,5886000
2009-09-14,4.464241027832031,6.425000190734863,6.551000118255615,6.293000221252441,6.293000221252441,9033000
2009-09-21,4.346120357513428,6.255000114440918,6.5970001220703125,6.15500020980835,6.432000160217285,7670000
2009-09-28,4.331530570983887,6.234000205993652,6.40500020980835,6.159999847412109,6.295000076293945,5500000
2009-10-05,4.383641242980957,6.309000015258789,6.341000080108643,6.236000061035156,6.263999938964844,8598000
2009-10-12,4.472578048706055,6.436999797821045,6.618000030517578,6.372000217437744,6.423999786376953,13919000
2009-10-19,4.476052284240723,6.441999912261963,6.60699987411499,6.422999858856201,6.517000198364258,4419000
2009-10-26,4.3183274269104,6.215000152587891,6.572000026702881,6.182000160217285,6.535999774932861,8576000
2009-11-02,4.462850570678711,6.422999858856201,6.565999984741211,6.179999828338623,6.2820000648498535,8119000
2009-11-09,4.558736801147461,6.560999870300293,6.609000205993652,6.429999828338623,6.521999835968018,7826000
2009-11-16,4.596257209777832,6.614999771118164,6.716000080108643,6.504000186920166,6.611999988555908,4857000
2009-11-23,4.616406440734863,6.644000053405762,6.679999828338623,6.4710001945495605,6.644000053405762,4360000
2009-11-30,4.662960529327393,6.710999965667725,7.0,6.651000022888184,6.6620001792907715,10979000
2009-12-07,4.596257209777832,6.614999771118164,6.861999988555908,6.567999839782715,6.691999912261963,8568000
2009-12-14,4.527469635009766,6.515999794006348,6.626999855041504,6.401000022888184,6.564000129699707,15985000
2009-12-21,4.530248641967773,6.519999980926514,6.531000137329102,6.4039998054504395,6.479000091552734,5646000
2009-12-28,4.436447620391846,6.385000228881836,6.515999794006348,6.35099983215332,6.419000148773193,6450000
2010-01-04,4.561515808105469,6.565000057220459,6.618000030517578,6.410999774932861,6.519999980926514,11551000
2010-01-11,4.605289936065674,6.627999782562256,6.933000087738037,6.617000102996826,6.806000232696533,10871000
2010-01-18,4.471188545227051,6.434999942779541,6.763999938964844,6.423999786376953,6.622000217437744,8690000
2010-01-25,4.685195446014404,6.743000030517578,7.013000011444092,6.554999828338623,6.574999809265137,21188000
2010-02-01,4.821380615234375,6.939000129699707,7.144999980926514,6.820000171661377,6.949999809265137,19911000
2010-02-08,4.961039066314697,7.139999866485596,7.1539998054504395,6.839000225067139,6.857999801635742,33995000
2010-02-15,4.988831520080566,7.179999828338623,7.284999847412109,7.14900016784668,7.183000087738037,14272000
2010-02-22,4.94158411026001,7.111999988555908,7.2729997634887695,6.988999843597412,7.271999835968018,18785000
2010-03-01,5.129881381988525,7.382999897003174,7.388999938964844,7.125,7.144999980926514,7665000
2010-03-08,5.263982772827148,7.576000213623047,7.591000080108643,7.382999897003174,7.486000061035156,7624000
2010-03-15,5.40711784362793,7.7820000648498535,7.857999801635742,7.505000114440918,7.510000228881836,8632000
2010-03-22,5.514904022216797,7.796000003814697,7.974999904632568,7.698999881744385,7.703999996185303,15638000
2010-03-29,5.531172752380371,7.818999767303467,7.841000080108643,7.710000038146973,7.765999794006348,7726000
2010-04-05,5.560885906219482,7.861000061035156,8.020000457763672,7.7820000648498535,7.7820000648498535,13730000
2010-04-12,5.721465587615967,8.088000297546387,8.118000030517578,7.98199987411499,7.995999813079834,13148000
2010-04-19,5.688217639923096,8.041000366210938,8.192999839782715,7.936999797821045,8.027000427246094,11265000
2010-04-26,5.807767868041992,8.210000038146973,8.281999588012695,7.828000068664551,8.128999710083008,14766000
2010-05-03,5.535417556762695,7.824999809265137,8.406000137329102,7.5,8.375,22272000
2010-05-10,5.5000481605529785,7.775000095367432,8.098999977111816,7.742000102996826,7.98199987411499,12816000
2010-05-17,5.311878681182861,7.508999824523926,7.979000091552734,7.315999984741211,7.830999851226807,17773000
2010-05-24,5.434259414672852,7.682000160217285,7.793000221252441,7.357999801635742,7.466000080108643,15104000
2010-05-31,5.514195919036865,7.795000076293945,8.07699966430664,7.564000129699707,7.568999767303467,15958000
2010-06-07,5.665579795837402,8.008999824523926,8.008999824523926,7.690999984741211,7.796000003814697,18990000
2010-06-14,5.974008083343506,8.444999694824219,8.487000465393066,8.079999923706055,8.12600040435791,22473000
2010-06-21,5.886997699737549,8.321999549865723,8.586000442504883,8.251999855041504,8.517000198364258,17737000
2010-06-28,5.739149570465088,8.11299991607666,8.395999908447266,8.043000221252441,8.380999565124512,20730000
2010-07-05,5.948541164398193,8.409000396728516,8.4399995803833,8.22700023651123,8.305999755859375,7988000
2010-07-12,6.160053730010986,8.708000183105469,8.92300033569336,8.345999717712402,8.347999572753906,13329000
2010-07-19,6.066678047180176,8.576000213623047,8.78600025177002,8.416999816894531,8.769000053405762,10941000
2010-07-26,6.0857768058776855,8.602999687194824,8.635000228881836,8.47599983215332,8.484999656677246,7733000
2010-08-02,6.340442657470703,8.963000297546387,9.053999900817871,8.70300006866455,8.706999778747559,8675000
2010-08-09,6.10487699508667,8.630000114440918,9.062999725341797,8.565999984741211,8.930999755859375,7454000
2010-08-16,6.015743732452393,8.503999710083008,8.803000450134277,8.368000030517578,8.583999633789062,8778000
2010-08-23,5.983203411102295,8.458000183105469,8.47700023651123,8.114999771118164,8.418000221252441,13061000
2010-08-30,6.244941711425781,8.82800006866455,8.868000030517578,8.425000190734863,8.46500015258789,11965000
2010-09-06,6.513754844665527,9.208000183105469,9.222999572753906,8.718000411987305,8.8149995803833,8526000
2010-09-13,6.585201740264893,9.309000015258789,9.390000343322754,9.239999771118164,9.300000190734863,5677000
2010-09-20,6.797421455383301,9.609000205993652,9.659000396728516,9.317000389099121,9.371999740600586,7325000
2010-09-27,7.02237606048584,9.927000045776367,9.975000381469727,9.571999549865723,9.637999534606934,22170000
2010-10-04,7.099484443664551,10.03600025177002,10.076000213623047,9.642999649047852,9.71500015258789,9572000
2010-10-11,7.123535633087158,10.069999694824219,10.26200008392334,10.02400016784668,10.071999549865723,7698000
2010-10-18,7.090993404388428,10.02400016784668,10.130000114440918,8.987000465393066,9.687999725341797,33249000
2010-10-25,7.413569927215576,10.479999542236328,10.597000122070312,9.954000473022461,10.145999908447266,16566000
2010-11-01,7.340002059936523,10.37600040435791,10.557999610900879,10.270000457763672,10.380000114440918,7892000
2010-11-08,7.408618450164795,10.472999572753906,10.555000305175781,10.347999572753906,10.397000312805176,9312000
2010-11-15,7.44398832321167,10.52299976348877,10.52299976348877,10.25100040435791,10.425999641418457,8337000
2010-11-22,7.254403591156006,10.255000114440918,10.51200008392334,10.211000442504883,10.484000205993652,5169000
2010-11-29,7.34495210647583,10.383000373840332,10.38700008392334,9.925000190734863,10.039999961853027,10142000
2010-12-06,7.634280204772949,10.791999816894531,10.814000129699707,10.255000114440918,10.276000022888184,10280000
2010-12-13,7.758781433105469,10.968000411987305,11.038000106811523,10.779000282287598,10.901000022888184,8517000
2010-12-20,7.863475799560547,11.116000175476074,11.142999649047852,10.76200008392334,10.970999717712402,6583000
2010-12-27,7.963221073150635,11.256999969482422,11.376999855041504,11.050000190734863,11.118000030517578,5402000
2011-01-03,8.07498836517334,11.414999961853027,11.567000389099121,11.0,11.0649995803833,14266000
2011-01-10,7.852866172790527,11.10099983215332,11.536999702453613,11.0,11.32800006866455,12420000
2011-01-17,7.88045597076416,11.140000343322754,11.744000434875488,11.10099983215332,11.689000129699707,14689000
2011-01-24,8.033961296081543,11.357000350952148,11.640000343322754,11.14799976348877,11.163999557495117,10532000
2011-01-31,7.89389705657959,11.159000396728516,11.571999549865723,11.071000099182129,11.347999572753906,14553000
2011-02-07,8.401809692382812,11.876999855041504,11.913000106811523,11.118000030517578,11.135000228881836,23878000
2011-02-14,8.93519115447998,12.630999565124512,12.652999877929688,11.970999717712402,11.970999717712402,32975000
2011-02-21,8.80290699005127,12.444000244140625,12.470999717712402,12.053999900817871,12.324000358581543,15382000
2011-02-28,9.038469314575195,12.777000427246094,12.925999641418457,12.432000160217285,12.593000411987305,20262000
2011-03-07,8.880718231201172,12.553999900817871,12.866000175476074,12.364999771118164,12.774999618530273,16510000
2011-03-14,8.787343978881836,12.42199993133545,12.46399974822998,11.833000183105469,12.388999938964844,22643000
2011-03-21,8.630288124084473,12.020999908447266,12.494000434875488,11.984000205993652,12.454999923706055,13794000
2011-03-28,9.024434089660645,12.569999694824219,12.682000160217285,11.92199993133545,11.946000099182129,13683000
2011-04-04,9.217559814453125,12.83899974822998,13.027999877929688,12.588000297546387,12.633000373840332,8203000
2011-04-11,9.104843139648438,12.682000160217285,12.862000465393066,12.552000045776367,12.734000205993652,10224000
2011-04-18,9.435812950134277,13.142999649047852,13.229000091552734,12.428999900817871,12.583999633789062,11458000
2011-04-25,9.145764350891113,12.73900032043457,13.288000106811523,12.428999900817871,13.288000106811523,19871000
2011-05-02,8.87366771697998,12.359999656677246,13.043000221252441,12.28600025177002,12.82800006866455,17625000
2011-05-09,8.912437438964844,12.413999557495117,12.508999824523926,12.060999870300293,12.430000305175781,15842000
2011-05-16,8.903823852539062,12.402000427246094,12.588000297546387,12.163000106811523,12.256999969482422,9396000
2011-05-23,8.93110179901123,12.4399995803833,12.473999977111816,12.131999969482422,12.199999809265137,18598000
2011-05-30,9.078279495239258,12.645000457763672,12.715999603271484,12.440999984741211,12.529999732971191,6313000
2011-06-06,8.852129936218262,12.329999923706055,12.795000076293945,12.293999671936035,12.786999702453613,9490000
2011-06-13,8.522599220275879,11.871000289916992,12.859999656677246,11.699999809265137,12.71399974822998,13974000
2011-06-20,8.401267051696777,11.70199966430664,12.07800006866455,11.461999893188477,11.868000030517578,10232000
2011-06-27,9.091919898986816,12.663999557495117,12.663999557495117,11.855999946594238,11.935999870300293,11167000
2011-07-04,9.047409057617188,12.60200023651123,12.805000305175781,12.562000274658203,12.784000396728516,5470000
2011-07-11,9.001459121704102,12.538000106811523,12.543999671936035,12.059000015258789,12.434000015258789,12579000
2011-07-18,9.026588439941406,12.572999954223633,12.736000061035156,12.427000045776367,12.638999938964844,20221000
2011-07-25,8.760233879089355,12.20199966430664,12.6850004196167,12.199000358581543,12.637999534606934,18508000
2011-08-01,7.706305027008057,10.734000205993652,12.329000473022461,10.352999687194824,12.317999839782715,26429000
2011-08-08,7.7967658042907715,10.859999656677246,11.008000373840332,10.263999938964844,10.491000175476074,26180000
2011-08-15,7.628050327301025,10.625,11.324999809265137,10.493000030517578,11.206999778747559,12442000
2011-08-22,7.291339874267578,10.156000137329102,10.737000465393066,9.781000137329102,10.737000465393066,39992000
2011-08-29,7.458618640899658,10.388999938964844,10.86400032043457,10.284000396728516,10.347000122070312,14352000
2011-09-05,7.312160491943359,10.1850004196167,10.829999923706055,10.12399959564209,10.298999786376953,11456000
2011-09-12,7.247546672821045,10.095000267028809,10.288999557495117,9.782999992370605,9.914999961853027,14205000
2011-09-19,7.044372081756592,9.812000274658203,10.23799991607666,9.61400032043457,9.883999824523926,11752000
2011-09-26,7.144880771636963,9.95199966430664,10.399999618530273,9.744999885559082,9.946999549865723,12672000
2011-10-03,6.790224552154541,9.458000183105469,10.062999725341797,9.458000183105469,9.9350004196167,21323000
2011-10-10,7.1585211753845215,9.970999717712402,10.178000450134277,9.73799991607666,9.95300006866455,16291000
2011-10-17,7.181497097015381,10.003000259399414,10.060999870300293,9.590999603271484,9.704000473022461,24770000
2011-10-24,7.961172103881836,11.08899974822998,11.173999786376953,9.949999809265137,9.961000442504883,17725000
2011-10-31,7.85563850402832,10.942000389099121,10.998000144958496,10.17300033569336,10.875,15157000
2011-11-07,7.972659111022949,11.104999542236328,11.366999626159668,10.836999893188477,10.9350004196167,19104000
2011-11-14,8.094709396362305,11.274999618530273,11.348999977111816,11.079999923706055,11.234000205993652,11484000
2011-11-21,7.6617937088012695,10.67199993133545,11.116000175476074,10.586000442504883,11.029999732971191,6926000
2011-11-28,8.073890686035156,11.246000289916992,11.395000457763672,10.869999885559082,10.984000205993652,17422000
2011-12-05,8.200243949890137,11.42199993133545,11.569000244140625,11.062999725341797,11.279999732971191,12911000
2011-12-12,8.007121086120605,11.152999877929688,11.416000366210938,10.970000267028809,11.32800006866455,7606000
2011-12-19,8.211013793945312,11.437000274658203,11.519000053405762,11.09000015258789,11.277000427246094,17399000
2011-12-26,8.274910926818848,11.526000022888184,11.57699966430664,11.333000183105469,11.371000289916992,5340000
2012-01-02,8.36249828338623,11.64799976348877,11.829999923706055,11.413000106811523,11.829000473022461,8733000
2012-01-09,8.345267295837402,11.62399959564209,12.003999710083008,11.50100040435791,11.930000305175781,12023000
2012-01-16,8.551316261291504,11.91100025177002,12.149999618530273,11.786999702453613,11.855999946594238,17145000
2012-01-23,8.40414047241211,11.706000328063965,12.045000076293945,11.609000205993652,11.774999618530273,22062000
2012-01-30,9.290788650512695,12.940999984741211,12.993000030517578,11.595999717712402,11.628999710083008,20490000
2012-02-06,9.656216621398926,13.449999809265137,13.567999839782715,12.843999862670898,12.878999710083008,15616000
2012-02-13,9.913235664367676,13.807999610900879,13.982999801635742,13.517000198364258,13.642000198364258,12751000
2012-02-20,10.298048973083496,14.343999862670898,14.437999725341797,13.8149995803833,13.967000007629395,7911000
2012-02-27,10.155182838439941,14.145000457763672,14.482000350952148,14.010000228881836,14.151000022888184,13175000
2012-03-05,10.156617164611816,14.147000312805176,14.194000244140625,13.699999809265137,14.194000244140625,12456000
2012-03-12,10.215486526489258,14.229000091552734,14.321999549865723,14.031000137329102,14.175000190734863,22927000
2012-03-19,10.215139389038086,13.982999801635742,14.491999626159668,13.873000144958496,14.25,10225000
2012-03-26,10.133318901062012,13.871000289916992,14.258000373840332,13.770000457763672,14.145000457763672,10709000
2012-04-02,10.658578872680664,14.59000015258789,15.116000175476074,14.354000091552734,14.425999641418457,13829000
2012-04-09,10.646157264709473,14.572999954223633,14.63599967956543,14.368000030517578,14.461000442504883,8533000
2012-04-16,11.095439910888672,15.187999725341797,15.230999946594238,14.690999984741211,14.765999794006348,13289000
2012-04-23,10.559952735900879,14.454999923706055,15.16100025177002,14.399999618530273,14.847000122070312,27588000
2012-04-30,10.765233993530273,14.736000061035156,14.963000297546387,14.552000045776367,14.86400032043457,12456000
2012-05-07,10.658578872680664,14.59000015258789,14.800999641418457,14.321000099182129,14.711999893188477,10720000
2012-05-14,10.335676193237305,14.14799976348877,14.28499984741211,13.848999977111816,14.152999877929688,22234000
2012-05-21,10.272119522094727,14.060999870300293,14.52400016784668,13.930000305175781,14.333999633789062,48041000
2012-05-28,9.554732322692871,13.079000473022461,14.092000007629395,12.977999687194824,14.024999618530273,29168000
2012-06-04,9.719834327697754,13.305000305175781,13.732999801635742,12.940999984741211,13.102999687194824,23163000
2012-06-11,9.933880805969238,13.597999572753906,13.75,13.411999702453613,13.565999984741211,12779000
2012-06-18,10.166193008422852,13.916000366210938,14.116999626159668,13.680999755859375,13.722999572753906,12199000
2012-06-25,10.617667198181152,14.534000396728516,14.534000396728516,13.57699966430664,13.619999885559082,24882000
2012-07-02,10.725055694580078,14.680999755859375,14.894000053405762,14.413000106811523,14.416000366210938,14446000
2012-07-09,10.71410083770752,14.666000366210938,14.781999588012695,14.41100025177002,14.557000160217285,23111000
2012-07-16,10.739666938781738,14.701000213623047,14.934000015258789,14.581999778747559,14.640999794006348,15001000
2012-07-23,11.235702514648438,15.380000114440918,15.470000267028809,14.342000007629395,14.416000366210938,13782000
2012-07-30,11.412494659423828,15.621999740600586,15.654999732971191,15.10099983215332,15.371000289916992,15623000
2012-08-06,11.374506950378418,15.569999694824219,15.819999694824219,15.196000099182129,15.79699993133545,16483000
2012-08-13,11.430758476257324,15.647000312805176,16.020000457763672,15.458000183105469,15.498000144958496,18156000
2012-08-20,11.424182891845703,15.637999534606934,15.770000457763672,15.503000259399414,15.600000381469727,18978000
2012-08-27,11.477514266967773,15.711000442504883,15.782999992370605,15.583999633789062,15.626999855041504,6511000
2012-09-03,11.680602073669434,15.98900032043457,16.0939998626709,15.588000297546387,15.63700008392334,10294000
2012-09-10,11.215981483459473,15.352999687194824,16.01799964904785,15.260000228881836,15.807999610900879,22353000
2012-09-17,11.61266040802002,15.895999908447266,16.035999298095703,15.362000465393066,15.47700023651123,15115000
2012-09-24,11.528650283813477,15.781000137329102,16.104999542236328,15.720000267028809,15.857000350952148,9761000
2012-10-01,12.083128929138184,16.540000915527344,16.60300064086914,15.8100004196167,16.051000595092773,14313000
2012-10-08,11.747081756591797,16.079999923706055,16.44300079345703,15.942000389099121,16.43199920654297,8432000
2012-10-15,12.27306842803955,16.799999237060547,16.974000930786133,16.316999435424805,16.39699935913086,15631000
2012-10-22,11.782877922058105,16.128999710083008,17.027000427246094,15.668000221252441,16.93199920654297,32694000
2012-10-29,11.565177917480469,15.831000328063965,16.216999053955078,15.717000007629395,16.216999053955078,10013000
2012-11-05,11.435140609741211,15.652999877929688,16.100000381469727,14.45199966430664,15.711999893188477,87048000
2012-11-12,11.208675384521484,15.343000411987305,15.711000442504883,15.116999626159668,15.663000106811523,19315000
2012-11-19,11.637502670288086,15.930000305175781,16.006999969482422,15.305999755859375,15.324000358581543,10137000
2012-11-26,11.591476440429688,15.866999626159668,16.070999145507812,15.746000289916992,15.899999618530273,12767000
2012-12-03,11.7763032913208,16.1200008392334,16.22100067138672,15.96399974822998,16.045000076293945,9228000
2012-12-10,11.912184715270996,16.305999755859375,16.391000747680664,16.086000442504883,16.091999053955078,10788000
2012-12-17,11.834747314453125,16.200000762939453,16.239999771118164,16.010000228881836,16.160999298095703,12343000
2012-12-24,11.853741645812988,16.22599983215332,16.360000610351562,16.06999969482422,16.25,4089000
2012-12-31,12.154725074768066,16.63800048828125,16.66900062561035,16.149999618530273,16.176000595092773,6524000
2013-01-07,12.644915580749512,17.30900001525879,17.36400032043457,16.469999313354492,16.531999588012695,14899000
2013-01-14,12.763992309570312,17.472000122070312,17.832000732421875,17.305999755859375,17.327999114990234,14624000
2013-01-21,13.49088191986084,18.466999053955078,18.479999542236328,17.68199920654297,17.79199981689453,10612000
2013-01-28,13.923358917236328,19.05900001525879,19.152000427246094,18.170000076293945,18.341999053955078,12393000
2013-02-04,14.047554969787598,19.229000091552734,19.444000244140625,18.93199920654297,19.208999633789062,16943000
2013-02-11,12.518532752990723,17.13599967956543,17.229999542236328,16.351999282836914,16.66699981689453,47140000
2013-02-18,12.744271278381348,17.44499969482422,17.601999282836914,17.170000076293945,17.31399917602539,11787000
2013-02-25,12.82828140258789,17.559999465942383,17.666000366210938,17.277999877929688,17.642000198364258,9989000
2013-03-04,12.761797904968262,17.4689998626709,18.316999435424805,17.36199951171875,17.923999786376953,18395000
2013-03-11,12.775683403015137,17.488000869750977,17.722999572753906,17.22599983215332,17.55500030517578,19324000
2013-03-18,12.036076545715332,16.160999298095703,16.92099952697754,16.05299949645996,16.850000381469727,24411000
2013-03-25,12.027885437011719,16.149999618530273,16.41900062561035,16.08099937438965,16.215999603271484,14775000
2013-04-01,12.254293441772461,16.45400047302246,16.68899917602539,16.124000549316406,16.124000549316406,11214000
2013-04-08,12.511235237121582,16.798999786376953,16.913999557495117,16.52899932861328,16.551000595092773,9217000
2013-04-15,12.40771484375,16.65999984741211,17.009000778198242,16.469999313354492,16.8700008392334,9609000
2013-04-22,12.672847747802734,17.016000747680664,17.200000762939453,16.538000106811523,16.621000289916992,14010000
2013-04-29,12.823290824890137,17.218000411987305,17.67799949645996,17.13599967956543,17.474000930786133,19557000
2013-05-06,12.812116622924805,17.202999114990234,17.41200065612793,17.079999923706055,17.347000122070312,6632000
2013-05-13,12.809139251708984,17.198999404907227,17.604999542236328,17.06599998474121,17.238000869750977,11318000
2013-05-20,12.55964469909668,16.86400032043457,17.26799964904785,16.711999893188477,17.198999404907227,12483000
2013-05-27,11.998093605041504,16.110000610351562,16.966999053955078,16.084999084472656,16.898000717163086,10914000
2013-06-03,12.1351318359375,16.29400062561035,16.437000274658203,16.094999313354492,16.242000579833984,10511000
2013-06-10,12.480697631835938,16.757999420166016,16.857999801635742,16.250999450683594,16.274999618530273,12411000
2013-06-17,11.467082023620605,15.397000312805176,16.3439998626709,15.300000190734863,16.29199981689453,21878000
2013-06-24,11.541556358337402,15.496999740600586,15.920999526977539,14.949000358581543,14.984000205993652,24089000
2013-07-01,11.919894218444824,16.0049991607666,16.183000564575195,15.651000022888184,15.73900032043457,26403000
2013-07-08,12.262486457824707,16.46500015258789,16.481000900268555,15.817000389099121,16.184999465942383,12191000
2013-07-15,12.179814338684082,16.354000091552734,16.461000442504883,16.16900062561035,16.30500030517578,9647000
2013-07-22,12.500807762145996,16.78499984741211,16.812999725341797,16.222000122070312,16.266000747680664,11358000
2013-07-29,12.89181137084961,17.309999465942383,17.44300079345703,16.649999618530273,16.77199935913086,16577000
2013-08-05,12.888083457946777,17.30500030517578,17.395000457763672,17.14699935913086,17.351999282836914,13516000
2013-08-12,13.061612129211426,17.538000106811523,17.5939998626709,17.198999404907227,17.299999237060547,11658000
2013-08-19,13.002778053283691,17.458999633789062,17.690000534057617,17.267000198364258,17.555999755859375,7868000
2013-08-26,12.433035850524902,16.694000244140625,17.488000869750977,16.572999954223633,17.458999633789062,11595000
2013-09-02,12.040547370910645,16.16699981689453,16.610000610351562,16.100000381469727,16.506999969482422,23875000
2013-09-09,12.380901336669922,16.624000549316406,16.746000289916992,16.336999893188477,16.36199951171875,16831000
2013-09-16,12.853824615478516,17.259000778198242,17.437000274658203,16.770000457763672,16.992000579833984,14417000
2013-09-23,12.650508880615234,16.986000061035156,17.232999801635742,16.783000946044922,17.226999282836914,8577000
2013-09-30,12.374943733215332,16.615999221801758,16.98699951171875,16.604999542236328,16.917999267578125,9835000
2013-10-07,12.455379486083984,16.724000930786133,16.819000244140625,16.274999618530273,16.586000442504883,11471000
2013-10-14,12.918621063232422,17.34600067138672,17.41200065612793,16.632999420166016,16.788000106811523,10865000
2013-10-21,13.569539070129395,18.219999313354492,18.305999755859375,17.408000946044922,17.472000122070312,9188000
2013-10-28,12.40101146697998,16.650999069213867,18.381000518798828,16.51799964904785,18.124000549316406,20623000
2013-11-04,12.546982765197754,16.847000122070312,17.15399932861328,16.547000885009766,16.694000244140625,22087000
2013-11-11,12.943940162658691,17.3799991607666,17.50200080871582,16.908000946044922,17.040000915527344,22401000
2013-11-18,12.84563159942627,17.24799919128418,17.582000732421875,17.183000564575195,17.52899932861328,13184000
2013-11-25,13.311107635498047,17.87299919128418,17.95199966430664,17.152000427246094,17.368999481201172,8558000
2013-12-02,13.305148124694824,17.864999771118164,18.011999130249023,17.576000213623047,17.843000411987305,14051000
2013-12-09,13.110021591186523,17.60300064086914,18.014999389648438,17.540000915527344,17.948999404907227,11571000
2013-12-16,13.407181739807129,18.00200080871582,18.086999893188477,17.4060001373291,17.56399917602539,14039000
2013-12-23,13.601563453674316,18.26300048828125,18.343000411987305,17.878999710083008,17.95599937438965,5603000
2013-12-30,13.857762336730957,18.60700035095215,18.690000534057617,18.30699920654297,18.35099983215332,9056000
2014-01-06,14.541452407836914,19.524999618530273,19.6200008392334,18.541000366210938,18.726999282836914,17671200
2014-01-13,14.187689781188965,19.049999237060547,19.510000228881836,19.0,19.40999984741211,14336200
2014-01-20,14.247271537780762,19.1299991607666,19.440000534057617,19.059999465942383,19.385000228881836,18552600
2014-01-27,14.77232837677002,19.834999084472656,19.895000457763672,18.604999542236328,18.975000381469727,15478800
2014-02-03,15.956500053405762,21.424999237060547,21.450000762939453,19.6200008392334,20.219999313354492,23479000
2014-02-10,16.328882217407227,21.924999237060547,22.040000915527344,21.190000534057617,21.454999923706055,12882200
2014-02-17,16.708703994750977,22.434999465942383,22.520000457763672,21.774999618530273,21.780000686645508,28184200
2014-02-24,17.699237823486328,23.764999389648438,24.209999084472656,22.514999389648438,22.53499984741211,21655000
2014-03-03,17.65082550048828,23.700000762939453,23.985000610351562,23.204999923706055,23.420000076293945,16384000
2014-03-10,16.9619197845459,22.774999618530273,23.424999237060547,22.584999084472656,23.354999542236328,27588000
2014-03-17,16.653093338012695,21.950000762939453,23.225000381469727,21.940000534057617,22.8799991607666,11726000
2014-03-24,17.146236419677734,22.600000381469727,22.75,22.024999618530273,22.46500015258789,18504000
2014-03-31,16.778276443481445,22.114999771118164,22.84000015258789,22.024999618530273,22.78499984741211,9620000
2014-04-07,16.18650245666504,21.334999084472656,22.30500030517578,21.264999389648438,22.06999969482422,9767000
2014-04-14,16.7479305267334,22.075000762939453,22.09000015258789,21.114999771118164,21.3799991607666,5839200
2014-04-21,16.922428131103516,22.30500030517578,22.704999923706055,22.020000457763672,22.065000534057617,6632600
2014-04-28,16.801036834716797,22.145000457763672,22.770000457763672,21.790000915527344,22.594999313354492,9560000
2014-05-05,16.452041625976562,21.684999465942383,22.190000534057617,21.450000762939453,21.850000381469727,7316800
2014-05-12,16.08786964416504,21.204999923706055,21.985000610351562,21.079999923706055,21.81999969482422,16134600
2014-05-19,16.28133773803711,21.459999084472656,21.524999618530273,21.104999542236328,21.225000381469727,7833600
2014-05-26,16.038557052612305,21.139999389648438,21.575000762939453,21.040000915527344,21.565000534057617,6335200
2014-06-02,16.516529083251953,21.770000457763672,21.795000076293945,21.094999313354492,21.139999389648438,7921800
2014-06-09,16.979328155517578,22.3799991607666,22.790000915527344,21.579999923706055,21.75,11619200
2014-06-16,17.6469669342041,23.260000228881836,23.274999618530273,22.709999084472656,22.780000686645508,7404200
2014-06-23,17.415563583374023,22.954999923706055,23.110000610351562,22.739999771118164,23.059999465942383,8026600
2014-06-30,17.643177032470703,23.2549991607666,23.270000457763672,22.940000534057617,22.959999084472656,5208400
2014-07-07,17.271425247192383,22.764999389648438,23.020000457763672,22.5049991607666,22.950000762939453,7854600
2014-07-14,17.222110748291016,22.700000762939453,23.094999313354492,22.584999084472656,22.969999313354492,7685400
2014-07-21,17.415563583374023,22.954999923706055,23.145000457763672,22.420000076293945,22.479999542236328,6762200
2014-07-28,17.096921920776367,22.53499984741211,23.239999771118164,22.40999984741211,22.924999237060547,9885200
2014-08-04,16.82000160217285,22.170000076293945,23.065000534057617,22.0,22.700000762939453,15340400
2014-08-11,16.922428131103516,22.30500030517578,22.485000610351562,21.915000915527344,22.174999237060547,9327400
2014-08-18,17.195554733276367,22.665000915527344,22.889999389648438,22.3700008392334,22.40999984741211,9800600
2014-08-25,17.43453598022461,22.979999542236328,23.045000076293945,22.700000762939453,22.71500015258789,7545200
2014-09-01,16.930011749267578,22.315000534057617,22.93000030517578,22.174999237060547,22.649999618530273,7944200
2014-09-08,18.03389549255371,23.770000457763672,23.860000610351562,22.299999237060547,22.399999618530273,11393400
2014-09-15,18.363924026489258,24.204999923706055,24.55500030517578,23.625,23.860000610351562,14002600
2014-09-22,18.25391387939453,24.059999465942383,24.235000610351562,23.719999313354492,24.204999923706055,8158400
2014-09-29,18.0528621673584,23.795000076293945,24.290000915527344,23.53499984741211,24.0049991607666,13326600
2014-10-06,16.546876907348633,21.809999465942383,23.625,21.790000915527344,23.579999923706055,9945200
2014-10-13,16.812414169311523,22.15999984741211,22.31999969482422,21.05500030517578,22.114999771118164,13304600
2014-10-20,17.36246109008789,22.885000228881836,23.014999389648438,22.03499984741211,22.125,18393600
2014-10-27,17.13865089416504,22.59000015258789,23.155000686645508,21.575000762939453,22.665000915527344,33936800
2014-11-03,16.57343292236328,21.844999313354492,22.155000686645508,21.670000076293945,21.93000030517578,15350200
2014-11-10,16.740339279174805,22.065000534057617,22.18000030517578,21.43000030517578,21.520000457763672,22805200
2014-11-17,16.801036834716797,22.145000457763672,22.46500015258789,21.635000228881836,21.65999984741211,10650000
2014-11-24,17.24486541748047,22.729999542236328,22.934999465942383,22.15999984741211,22.264999389648438,6231400
2014-12-01,17.574892044067383,23.165000915527344,23.225000381469727,22.81999969482422,23.0,13819000
2014-12-08,16.87311363220215,22.239999771118164,23.264999389648438,22.229999542236328,23.114999771118164,9650600
2014-12-15,16.618953704833984,21.905000686645508,22.209999084472656,21.6200008392334,22.145000457763672,18591200
2014-12-22,16.565845489501953,21.834999084472656,22.15999984741211,21.135000228881836,21.889999389648438,7207000
2014-12-29,16.118221282958984,21.2450008392334,21.770000457763672,21.125,21.71500015258789,6616200
2015-01-05,16.391345977783203,21.604999542236328,21.65999984741211,20.860000610351562,21.299999237060547,13820200
2015-01-12,16.801036834716797,22.145000457763672,22.204999923706055,21.719999313354492,21.809999465942383,12531800
2015-01-19,16.645505905151367,21.940000534057617,22.71500015258789,21.924999237060547,22.69499969482422,13734200
2015-01-26,16.903461456298828,22.280000686645508,23.0049991607666,22.264999389648438,22.459999084472656,16064000
2015-02-02,16.095462799072266,21.21500015258789,22.385000228881836,21.1299991607666,22.229999542236328,14701000
2015-02-09,16.599990844726562,21.8799991607666,21.915000915527344,20.934999465942383,20.940000534057617,12494200
2015-02-16,18.03768539428711,23.774999618530273,23.895000457763672,21.850000381469727,21.850000381469727,14695800
2015-02-23,18.113554000854492,23.875,24.014999389648438,23.440000534057617,23.895000457763672,12654600
2015-03-02,17.643177032470703,23.2549991607666,23.885000228881836,23.190000534057617,23.81999969482422,11027200
2015-03-09,18.056659698486328,23.799999237060547,23.825000762939453,22.934999465942383,23.30500030517578,10552400
2015-03-16,19.08338737487793,24.764999389648438,24.895000457763672,23.84000015258789,24.03499984741211,14996400
2015-03-23,20.743986129760742,26.920000076293945,27.190000534057617,24.405000686645508,24.700000762939453,39499000
2015-03-30,20.990575790405273,27.239999771118164,27.5,26.68000030517578,26.905000686645508,19983000
2015-04-06,21.553091049194336,27.969999313354492,28.09000015258789,27.19499969482422,27.399999618530273,22587400
2015-04-13,21.102306365966797,27.385000228881836,27.8799991607666,27.125,27.639999389648438,11021400
2015-04-20,21.82665252685547,28.325000762939453,28.459999084472656,27.405000686645508,27.700000762939453,11389000
2015-04-27,22.023149490356445,28.579999923706055,28.84000015258789,27.649999618530273,28.834999084472656,19036600
2015-05-04,21.684091567993164,28.139999389648438,28.6299991607666,27.610000610351562,28.520000457763672,11990800
2015-05-11,21.865175247192383,28.375,28.44499969482422,27.770000457763672,27.924999237060547,8303800
2015-05-18,22.169557571411133,28.770000457763672,28.850000381469727,28.274999618530273,28.3799991607666,7307200
2015-05-25,21.761152267456055,28.239999771118164,28.834999084472656,27.885000228881836,28.795000076293945,11996400
2015-06-01,21.919118881225586,28.44499969482422,28.950000762939453,28.235000610351562,28.524999618530273,10026000
2015-06-08,22.12717628479004,28.71500015258789,29.104999542236328,27.815000534057617,28.075000762939453,16386600
2015-06-15,21.183223724365234,27.489999771118164,28.200000762939453,27.354999542236328,28.100000381469727,13130800
2015-06-22,21.56080436706543,27.979999542236328,28.860000610351562,27.834999084472656,28.55500030517578,10450000
2015-06-29,21.260276794433594,27.59000015258789,27.815000534057617,27.145000457763672,27.420000076293945,12977600
2015-07-06,22.223501205444336,28.84000015258789,28.924999237060547,26.75,27.274999618530273,16554800
2015-07-13,22.593374252319336,29.31999969482422,29.524999618530273,28.885000228881836,29.09000015258789,9983200
2015-07-20,22.277437210083008,28.90999984741211,29.684999465942383,28.860000610351562,29.68000030517578,8602600
2015-07-27,22.7166690826416,29.479999542236328,29.7450008392334,28.725000381469727,29.094999313354492,10515800
2015-08-03,22.219648361206055,28.834999084472656,30.170000076293945,28.225000381469727,29.8799991607666,19720600
2015-08-10,22.231203079223633,28.850000381469727,29.094999313354492,28.200000762939453,28.665000915527344,13645600
2015-08-17,21.179365158081055,27.485000610351562,29.40999984741211,27.46500015258789,28.809999465942383,10175400
2015-08-24,21.472185134887695,27.864999771118164,28.2450008392334,26.174999237060547,26.875,19611200
2015-08-31,20.92506980895996,27.155000686645508,28.125,26.950000762939453,28.075000762939453,8873000
2015-09-07,21.942241668701172,28.475000381469727,28.475000381469727,27.645000457763672,27.889999389648438,7902200
2015-09-14,21.503005981445312,27.905000686645508,28.649999618530273,27.719999313354492,27.924999237060547,11800400
2015-09-21,21.163955688476562,27.46500015258789,28.46500015258789,27.09000015258789,28.454999923706055,15200000
2015-09-28,21.179365158081055,27.485000610351562,28.46500015258789,26.3799991607666,28.440000534057617,23060800
2015-10-05,21.040658950805664,27.30500030517578,27.959999084472656,26.940000534057617,27.530000686645508,14696600
2015-10-12,21.42595100402832,27.80500030517578,27.885000228881836,26.44499969482422,27.4950008392334,19012200
2015-10-19,21.46833038330078,27.860000610351562,28.2450008392334,26.434999465942383,27.989999771118164,21534000
2015-10-26,20.489696502685547,26.59000015258789,28.635000228881836,26.475000381469727,27.489999771118164,19405600
2015-11-02,21.16010284423828,27.459999084472656,28.045000076293945,26.604999542236328,26.815000534057617,20477600
2015-11-09,20.39337158203125,26.46500015258789,27.239999771118164,26.3700008392334,26.989999771118164,9636000
2015-11-16,21.086896896362305,27.364999771118164,27.469999313354492,26.30500030517578,26.600000381469727,12114400
2015-11-23,21.090747833251953,27.3700008392334,27.40999984741211,26.510000228881836,27.094999313354492,8371000
2015-11-30,21.973060607910156,28.514999389648438,28.639999389648438,27.30500030517578,27.614999771118164,16135000
2015-12-07,21.39898109436035,27.770000457763672,28.799999237060547,27.735000610351562,28.790000915527344,11991600
2015-12-14,21.749595642089844,28.225000381469727,28.614999771118164,27.510000228881836,27.780000686645508,11785800
2015-12-21,22.250465393066406,28.875,28.94499969482422,28.2549991607666,28.69499969482422,6316400
2015-12-28,22.377614974975586,29.040000915527344,29.5,28.969999313354492,29.149999618530273,5658800
2016-01-04,21.09845542907715,27.3799991607666,29.079999923706055,27.315000534057617,28.895000457763672,10877200
2016-01-11,20.466577529907227,26.559999465942383,27.84000015258789,26.21500015258789,27.600000381469727,12168400
2016-01-18,21.090747833251953,27.3700008392334,27.5,25.780000686645508,26.84000015258789,13377600
2016-01-25,21.526123046875,27.934999465942383,28.155000686645508,26.915000915527344,27.549999237060547,14798800
2016-02-01,18.840656280517578,24.450000762939453,28.020000457763672,24.309999465942383,27.625,21810000
2016-02-08,18.802125930786133,24.399999618530273,24.600000381469727,23.084999084472656,23.540000915527344,27665400
2016-02-15,19.61509132385254,25.454999923706055,25.565000534057617,24.584999084472656,24.895000457763672,17263200
2016-02-22,20.027353286743164,25.989999771118164,26.239999771118164,25.114999771118164,25.610000610351562,14515000
2016-02-29,21.865175247192383,28.375,28.479999542236328,25.700000762939453,25.979999542236328,22013400
2016-03-07,21.969207763671875,28.510000228881836,28.735000610351562,27.75,28.1299991607666,18820400
2016-03-14,21.413129806518555,27.30500030517578,28.774999618530273,26.950000762939453,28.639999389648438,12214800
2016-03-21,21.005332946777344,26.78499984741211,27.4950008392334,26.610000610351562,27.21500015258789,7500000
2016-03-28,21.542526245117188,27.469999313354492,27.530000686645508,26.704999923706055,26.78499984741211,10916000
2016-04-04,21.981693267822266,28.030000686645508,28.454999923706055,27.510000228881836,28.264999389648438,12038600
2016-04-11,22.009136199951172,28.065000534057617,28.174999237060547,27.600000381469727,28.110000610351562,9116800
2016-04-18,22.2718505859375,28.399999618530273,28.905000686645508,27.81999969482422,27.829999923706055,10577800
2016-04-25,21.87582015991211,27.895000457763672,28.399999618530273,27.475000381469727,28.18000030517578,9984800
2016-05-02,20.9190731048584,26.674999237060547,27.940000534057617,26.415000915527344,27.770000457763672,13857600
2016-05-09,21.205310821533203,27.040000915527344,27.684999465942383,26.920000076293945,27.454999923706055,10587600
2016-05-16,21.1425724029541,26.959999084472656,27.454999923706055,26.725000381469727,27.0049991607666,13253400
2016-05-23,21.73858070373535,27.719999313354492,28.295000076293945,26.729999542236328,26.885000228881836,16104200
2016-05-30,22.18950653076172,28.295000076293945,28.385000228881836,27.69499969482422,27.780000686645508,13168400
2016-06-06,21.707210540771484,27.68000030517578,28.719999313354492,27.559999465942383,28.225000381469727,18644800
2016-06-13,20.11916732788086,25.655000686645508,27.725000381469727,25.30500030517578,27.104999542236328,18170400
2016-06-20,20.02113914489746,25.530000686645508,26.81999969482422,25.415000915527344,26.34000015258789,13728000
2016-06-27,21.279815673828125,27.135000228881836,27.204999923706055,25.1299991607666,25.649999618530273,15098800
2016-07-04,21.393524169921875,27.280000686645508,27.469999313354492,26.454999923706055,27.434999465942383,8739800
2016-07-11,21.617023468017578,27.565000534057617,27.895000457763672,27.524999618530273,27.59000015258789,8028800
2016-07-18,21.813079833984375,27.815000534057617,27.81999969482422,27.375,27.614999771118164,9703000
2016-07-25,22.3385066986084,28.485000610351562,28.540000915527344,27.344999313354492,27.68000030517578,11033400
2016-08-01,19.554529190063477,24.934999465942383,28.704999923706055,24.440000534057617,28.545000076293945,35574600
2016-08-08,18.280467987060547,23.09000015258789,24.290000915527344,22.899999618530273,23.80500030517578,55406600
2016-08-15,18.557567596435547,23.440000534057617,23.645000457763672,23.295000076293945,23.399999618530273,32231800
2016-08-22,18.561527252197266,23.44499969482422,23.989999771118164,23.309999465942383,23.985000610351562,24717800
2016-08-29,18.130048751831055,22.899999618530273,23.65999984741211,22.68000030517578,23.31999969482422,21735600
2016-09-05,17.433351516723633,22.020000457763672,23.06999969482422,22.020000457763672,22.895000457763672,29829800
2016-09-12,18.256717681884766,23.059999465942383,23.274999618530273,22.315000534057617,22.3799991607666,30852600
2016-09-19,17.765865325927734,22.440000534057617,23.204999923706055,22.260000228881836,23.149999618530273,31006800
2016-09-26,16.4635066986084,20.795000076293945,22.420000076293945,20.635000228881836,22.385000228881836,36909600
2016-10-03,16.12307357788086,20.364999771118164,20.979999542236328,20.184999465942383,20.485000610351562,39647000
2016-10-10,15.667848587036133,19.790000915527344,20.450000762939453,19.514999389648438,20.05500030517578,41211400
2016-10-17,16.42788314819336,20.75,20.825000762939453,19.774999618530273,19.8700008392334,36230800
2016-10-24,14.116103172302246,17.829999923706055,20.674999237060547,17.274999618530273,20.584999084472656,48842200
2016-10-31,13.597536087036133,17.174999237060547,17.979999542236328,17.094999313354492,17.6200008392334,60811400
2016-11-07,13.241268157958984,16.725000381469727,17.575000762939453,16.635000228881836,17.059999465942383,74661200
2016-11-14,12.833539962768555,16.209999084472656,16.7450008392334,16.174999237060547,16.40999984741211,36860600
2016-11-21,12.698951721191406,16.040000915527344,16.309999465942383,15.444999694824219,16.28499984741211,38217600
2016-11-28,13.431276321411133,16.96500015258789,17.0,16.225000381469727,16.3799991607666,47484200
2016-12-05,14.270484924316406,18.024999618530273,18.049999237060547,17.09000015258789,17.170000076293945,49997400
2016-12-12,14.100268363952637,17.809999465942383,18.045000076293945,17.510000228881836,17.885000228881836,30118000
2016-12-19,14.13985538482666,17.860000610351562,17.969999313354492,17.670000076293945,17.959999084472656,19611600
2016-12-26,14.195274353027344,17.93000030517578,18.049999237060547,17.704999923706055,17.905000686645508,13121400
2017-01-02,14.504036903381348,18.31999969482422,18.540000915527344,17.860000610351562,18.114999771118164,24620800
2017-01-09,14.143810272216797,17.864999771118164,18.30500030517578,17.420000076293945,18.19499969482422,20273200
2017-01-16,14.064641952514648,17.764999389648438,18.19499969482422,17.760000228881836,18.174999237060547,17026000
2017-01-23,14.163604736328125,17.889999389648438,17.934999465942383,17.290000915527344,17.790000915527344,20744800
2017-01-30,13.490653038024902,17.040000915527344,18.354999542236328,16.415000915527344,17.770000457763672,40280800
2017-02-06,13.656912803649902,17.25,17.350000381469727,16.614999771118164,16.71500015258789,24547600
2017-02-13,14.036928176879883,17.729999542236328,17.75,17.114999771118164,17.280000686645508,34079200
2017-02-20,14.092350959777832,17.799999237060547,17.959999084472656,17.565000534057617,17.610000610351562,18451800
2017-02-27,13.728166580200195,17.34000015258789,17.899999618530273,17.200000762939453,17.719999313354492,25104200
2017-03-06,13.41544246673584,16.94499969482422,17.100000381469727,16.44499969482422,17.075000762939453,23413000
2017-03-13,13.46690559387207,17.010000228881836,17.114999771118164,16.71500015258789,16.899999618530273,16287000
2017-03-20,13.54173755645752,16.770000457763672,17.315000534057617,16.549999237060547,17.135000228881836,19056200
2017-03-27,13.840510368347168,17.139999389648438,17.309999465942383,16.885000228881836,16.94499969482422,17301200
2017-04-03,14.29271411895752,17.700000762939453,18.094999313354492,16.985000610351562,17.110000610351562,33920800
2017-04-10,14.43402099609375,17.875,18.135000228881836,17.850000381469727,17.860000610351562,13597800
2017-04-17,14.486509323120117,17.940000534057617,18.280000686645508,17.8799991607666,17.915000915527344,20976000
2017-04-24,15.617006301879883,19.34000015258789,19.510000228881836,18.19499969482422,18.260000228881836,31977400
2017-05-01,16.513328552246094,20.450000762939453,20.905000686645508,19.125,19.235000610351562,29182200
2017-05-08,16.39220428466797,20.299999237060547,20.420000076293945,19.860000610351562,20.389999389648438,21372800
2017-05-15,16.493141174316406,20.424999237060547,20.520000457763672,19.975000381469727,20.155000686645508,17825000
2017-05-22,16.8282527923584,20.84000015258789,20.985000610351562,20.68000030517578,20.7549991607666,26303200
2017-05-29,17.760915756225586,21.9950008392334,22.139999389648438,20.93000030517578,21.0,16209800
2017-06-05,17.296600341796875,21.420000076293945,21.934999465942383,21.200000762939453,21.8799991607666,18164400
2017-06-12,17.441951751708984,21.600000381469727,22.18000030517578,21.2450008392334,21.774999618530273,25502400
2017-06-19,17.942602157592773,22.219999313354492,22.274999618530273,21.56999969482422,21.665000915527344,18677200
2017-06-26,17.31678581237793,21.44499969482422,22.280000686645508,21.049999237060547,22.190000534057617,13952800
2017-07-03,16.961488723754883,21.0049991607666,21.399999618530273,20.834999084472656,21.274999618530273,10841400
2017-07-10,17.353126525878906,21.489999771118164,21.56999969482422,20.8700008392334,21.03499984741211,11644400
2017-07-17,17.341014862060547,21.475000381469727,21.854999542236328,21.184999465942383,21.520000457763672,15417000
2017-07-24,17.022052764892578,21.079999923706055,21.15999984741211,20.514999389648438,20.850000381469727,21969400
2017-07-31,16.981679916381836,21.030000686645508,21.375,20.954999923706055,21.235000610351562,11105800
2017-08-07,18.495737075805664,22.905000686645508,22.9950008392334,20.545000076293945,20.895000457763672,23209600
2017-08-14,18.42959976196289,22.59000015258789,23.43000030517578,22.299999237060547,22.81999969482422,21007600
2017-08-21,18.817121505737305,23.065000534057617,23.110000610351562,22.645000457763672,22.875,15556200
2017-08-28,19.269908905029297,23.6200008392334,23.90999984741211,23.170000076293945,23.3700008392334,15571400
2017-09-04,19.56768798828125,23.985000610351562,24.280000686645508,22.584999084472656,23.625,19432200
2017-09-11,19.657426834106445,24.094999313354492,24.440000534057617,24.059999465942383,24.114999771118164,15658400
2017-09-18,20.077577590942383,24.610000610351562,24.725000381469727,24.204999923706055,24.280000686645508,12668200
2017-09-25,19.64111328125,24.075000762939453,24.700000762939453,23.725000381469727,24.610000610351562,20213400
2017-10-02,20.036787033081055,24.559999465942383,24.75,24.315000534057617,24.3700008392334,14196800
2017-10-09,19.388198852539062,23.764999389648438,24.735000610351562,23.674999237060547,24.549999237060547,43715400
2017-10-16,20.62010955810547,25.274999618530273,25.475000381469727,24.399999618530273,24.65999984741211,24387200
2017-10-23,20.191795349121094,24.75,25.264999389648438,24.395000457763672,25.170000076293945,16356800
2017-10-30,20.37127685546875,24.969999313354492,25.040000915527344,24.625,24.81999969482422,17842800
2017-11-06,20.359041213989258,24.954999923706055,25.204999923706055,24.385000228881836,24.915000915527344,24003800
2017-11-13,20.766950607299805,25.454999923706055,25.524999618530273,24.704999923706055,24.889999389648438,11788400
2017-11-20,21.30948257446289,26.1200008392334,26.15999984741211,25.635000228881836,25.65999984741211,8457200
2017-11-27,21.207502365112305,25.9950008392334,26.155000686645508,25.565000534057617,26.149999618530273,11217200
2017-12-04,21.26461410522461,26.065000534057617,26.225000381469727,25.200000762939453,25.90999984741211,15083600
2017-12-11,21.41962432861328,26.2549991607666,26.7450008392334,26.010000228881836,26.065000534057617,14009400
2017-12-18,21.786741256713867,26.704999923706055,26.809999465942383,26.290000915527344,26.524999618530273,9479000
2017-12-25,21.89280128479004,26.834999084472656,27.059999465942383,26.594999313354492,26.594999313354492,4404600
2018-01-01,22.32927131652832,27.3700008392334,27.3799991607666,26.9950008392334,27.2450008392334,5486800
2018-01-08,22.451644897460938,27.520000457763672,27.55500030517578,27.190000534057617,27.280000686645508,7964600
2018-01-15,23.57341194152832,28.895000457763672,28.90999984741211,27.610000610351562,27.614999771118164,10542600
2018-01-22,23.716182708740234,29.06999969482422,29.184999465942383,28.65999984741211,28.78499984741211,11207800
2018-01-29,20.587474822998047,25.235000610351562,28.860000610351562,25.19499969482422,28.639999389648438,21120800
2018-02-05,20.424306869506836,25.03499984741211,25.559999465942383,24.260000228881836,25.485000610351562,29724200
2018-02-12,21.154476165771484,25.93000030517578,26.280000686645508,24.93000030517578,25.280000686645508,14842000
2018-02-19,21.998859405517578,26.96500015258789,26.975000381469727,25.450000762939453,25.614999771118164,17438800
2018-02-26,20.693527221679688,25.364999771118164,27.280000686645508,24.905000686645508,26.989999771118164,16199200
2018-03-05,20.750638961791992,25.434999465942383,25.56999969482422,25.09000015258789,25.104999542236328,13892400
2018-03-12,20.575237274169922,25.219999313354492,25.524999618530273,25.010000228881836,25.344999313354492,13252200
2018-03-19,20.052825927734375,24.2450008392334,25.454999923706055,24.229999542236328,25.420000076293945,11800600
2018-03-26,20.36711311340332,24.625,25.010000228881836,24.18000030517578,24.774999618530273,9876200
2018-04-02,20.085905075073242,24.28499984741211,24.670000076293945,24.059999465942383,24.655000686645508,12023200
2018-04-09,20.325759887695312,24.575000762939453,25.315000534057617,24.510000228881836,24.78499984741211,10378600
2018-04-16,19.531755447387695,23.614999771118164,24.899999618530273,23.459999084472656,24.889999389648438,13532400
2018-04-23,19.618600845336914,23.719999313354492,23.829999923706055,23.260000228881836,23.440000534057617,19108000
2018-04-30,19.763338088989258,23.895000457763672,25.114999771118164,23.454999923706055,23.53499984741211,19412400
2018-05-07,20.300949096679688,24.545000076293945,24.614999771118164,23.809999465942383,23.899999618530273,14351400
2018-05-14,20.147937774658203,24.360000610351562,25.155000686645508,24.079999923706055,25.0,12004000
2018-05-21,19.738527297973633,23.864999771118164,24.520000457763672,23.80500030517578,24.5,8880400
2018-05-28,19.779882431030273,23.915000915527344,24.0049991607666,23.264999389648438,23.53499984741211,16185400
2018-06-04,18.580604553222656,22.46500015258789,23.9950008392334,22.389999389648438,23.975000381469727,19478800
2018-06-11,18.543384552001953,22.420000076293945,22.540000915527344,22.139999389648438,22.5,14520000
2018-06-18,19.370471954345703,23.420000076293945,23.5,22.225000381469727,22.43000030517578,19109000
2018-06-25,19.07271957397461,23.059999465942383,23.75,22.594999313354492,23.719999313354492,18574200
2018-07-02,20.019739151000977,24.204999923706055,24.30500030517578,23.05500030517578,23.100000381469727,14683400
2018-07-09,20.62765121459961,24.940000534057617,24.979999542236328,24.2450008392334,24.354999542236328,14347200
2018-07-16,20.859233856201172,25.219999313354492,25.315000534057617,24.729999542236328,24.739999771118164,11695600
2018-07-23,21.10322380065918,25.514999389648438,25.81999969482422,25.15999984741211,25.200000762939453,12517400
2018-07-30,20.677276611328125,25.0,25.524999618530273,24.684999465942383,25.3700008392334,17073000
2018-08-06,19.38287925720215,23.434999465942383,25.225000381469727,23.309999465942383,24.809999465942383,16341200
2018-08-13,19.820636749267578,23.729999542236328,24.325000762939453,23.4950008392334,23.68000030517578,15068000
2018-08-20,20.55148696899414,24.604999542236328,24.71500015258789,23.834999084472656,23.94499969482422,15034000
2018-08-27,20.534780502319336,24.584999084472656,24.989999771118164,24.475000381469727,24.68000030517578,7317000
2018-09-03,20.029451370239258,23.979999542236328,24.434999465942383,23.809999465942383,24.21500015258789,9193800
2018-09-10,20.033626556396484,23.985000610351562,24.579999923706055,23.94499969482422,24.274999618530273,11818600
2018-09-17,19.904163360595703,23.829999923706055,23.950000762939453,23.440000534057617,23.905000686645508,12678400
2018-09-24,19.68699836730957,23.56999969482422,24.299999237060547,23.545000076293945,23.790000915527344,14528800
2018-10-01,18.358938217163086,21.979999542236328,23.704999923706055,21.450000762939453,23.395000457763672,27083600
2018-10-08,17.761728286743164,21.264999389648438,21.604999542236328,20.614999771118164,21.280000686645508,26239600
2018-10-15,18.029010772705078,21.584999084472656,21.829999923706055,21.030000686645508,21.03499984741211,17270600
2018-10-22,17.703262329101562,21.19499969482422,21.625,20.795000076293945,21.600000381469727,14650600
2018-10-29,18.258705139160156,21.860000610351562,22.1200008392334,20.9950008392334,21.424999237060547,14913000
2018-11-05,18.768213272094727,22.469999313354492,22.549999237060547,21.475000381469727,21.489999771118164,15365000
2018-11-12,18.446638107299805,22.084999084472656,22.459999084472656,21.559999465942383,22.450000762939453,11693800
2018-11-19,18.86426544189453,22.584999084472656,22.940000534057617,21.78499984741211,22.8799991607666,12314600
2018-11-26,19.469829559326172,23.309999465942383,23.329999923706055,22.610000610351562,23.204999923706055,15710200
2018-12-03,18.95197105407715,22.690000534057617,23.21500015258789,22.424999237060547,23.100000381469727,10834400
2018-12-10,19.419713973999023,23.25,23.459999084472656,22.3799991607666,23.114999771118164,21701200
2018-12-17,18.57610321044922,22.239999771118164,23.270000457763672,22.18000030517578,23.225000381469727,19054200
2018-12-24,19.139902114868164,22.915000915527344,23.059999465942383,21.799999237060547,22.190000534057617,9298600
2018-12-31,19.770523071289062,23.670000076293945,23.854999542236328,22.924999237060547,22.975000381469727,10977400
2019-01-07,20.275854110717773,24.274999618530273,24.475000381469727,23.815000534057617,23.985000610351562,16669200
2019-01-14,20.067039489746094,24.024999618530273,24.2450008392334,23.274999618530273,23.485000610351562,15752400
2019-01-21,19.361248016357422,23.18000030517578,24.1299991607666,23.1299991607666,23.81999969482422,13448600
2019-01-28,20.30091094970703,24.30500030517578,24.53499984741211,23.049999237060547,23.079999923706055,14948400
2019-02-04,20.426198959350586,24.454999923706055,24.53499984741211,24.075000762939453,24.30500030517578,13374000
2019-02-11,21.02758026123047,25.174999237060547,25.184999465942383,24.209999084472656,24.34000015258789,13911800
2019-02-18,20.789535522460938,24.889999389648438,25.270000457763672,24.700000762939453,24.985000610351562,10532000
2019-02-25,20.714365005493164,24.799999237060547,24.920000076293945,24.299999237060547,24.670000076293945,14184200
2019-03-04,20.747770309448242,24.84000015258789,24.950000762939453,24.489999771118164,24.665000915527344,10623200
2019-03-11,21.253101348876953,25.44499969482422,25.510000228881836,24.670000076293945,24.790000915527344,8413200
2019-03-18,21.507369995117188,25.360000610351562,26.415000915527344,25.344999313354492,25.684999465942383,13507600
2019-03-25,22.18160057067871,26.155000686645508,26.260000228881836,25.459999084472656,25.485000610351562,12644400
2019-04-01,21.524333953857422,25.3799991607666,26.225000381469727,25.21500015258789,26.084999084472656,12182400
2019-04-08,21.29111671447754,25.104999542236328,25.834999084472656,25.040000915527344,25.834999084472656,15957400
2019-04-15,20.519357681274414,24.19499969482422,25.290000915527344,23.885000228881836,25.149999618530273,10885800
2019-04-22,20.74833869934082,24.46500015258789,24.524999618530273,23.940000534057617,24.2549991607666,13406200
2019-04-29,20.137720108032227,23.7450008392334,24.80500030517578,23.649999618530273,24.770000457763672,14407800
2019-05-06,20.47270965576172,24.139999389648438,24.30500030517578,23.5049991607666,23.53499984741211,15999800
2019-05-13,19.840896606445312,23.395000457763672,23.81999969482422,23.235000610351562,23.790000915527344,10089600
2019-05-20,20.604164123535156,24.295000076293945,24.415000915527344,23.5049991607666,23.584999084472656,15153000
2019-05-27,20.014751434326172,23.600000381469727,24.3700008392334,23.424999237060547,24.18000030517578,7194000
2019-06-03,20.917959213256836,24.665000915527344,24.809999465942383,23.975000381469727,24.020000457763672,16201200
2019-06-10,21.609146118164062,25.479999542236328,26.264999389648438,25.15999984741211,25.200000762939453,17943600
2019-06-17,21.558258056640625,25.420000076293945,26.2549991607666,25.21500015258789,25.540000915527344,15461800
2019-06-24,21.643068313598633,25.520000457763672,25.78499984741211,25.30500030517578,25.329999923706055,10513800
2019-07-01,21.45224952697754,25.295000076293945,26.290000915527344,25.2549991607666,25.795000076293945,6970400
2019-07-08,20.158926010131836,23.770000457763672,25.405000686645508,23.625,25.165000915527344,19394000
2019-07-15,20.349740982055664,23.9950008392334,24.229999542236328,23.7549991607666,23.895000457763672,18718800
2019-07-22,20.710180282592773,24.420000076293945,24.920000076293945,23.78499984741211,24.184999465942383,18562800
2019-07-29,20.659292221069336,24.360000610351562,24.809999465942383,23.809999465942383,24.809999465942383,14222600
2019-08-05,21.316560745239258,25.135000228881836,25.3799991607666,23.860000610351562,24.235000610351562,16061000
2019-08-12,22.101552963256836,25.829999923706055,26.065000534057617,25.06999969482422,25.295000076293945,14305600
2019-08-19,22.362524032592773,26.135000228881836,26.420000076293945,25.510000228881836,25.559999465942383,13639600
2019-08-26,22.2940731048584,26.05500030517578,26.399999618530273,25.934999465942383,26.264999389648438,11026000
2019-09-02,22.482315063476562,26.274999618530273,26.774999618530273,26.184999465942383,26.475000381469727,10762600
2019-09-09,21.177446365356445,24.75,25.700000762939453,24.299999237060547,25.700000762939453,19134400
2019-09-16,22.649168014526367,26.469999313354492,26.684999465942383,24.584999084472656,24.764999389648438,18200800
2019-09-23,22.08871841430664,25.815000534057617,26.735000610351562,25.774999618530273,26.655000686645508,11782200
2019-09-30,21.95608901977539,25.65999984741211,25.954999923706055,24.75,25.78499984741211,16097000
2019-10-07,21.917583465576172,25.614999771118164,26.110000610351562,25.46500015258789,25.875,9568000
2019-10-14,22.469480514526367,26.260000228881836,26.44499969482422,25.940000534057617,26.0,9565200
2019-10-21,23.1839542388916,27.094999313354492,27.184999465942383,26.190000534057617,26.350000381469727,14460400
2019-10-28,24.155118942260742,28.229999542236328,28.670000076293945,27.0,27.014999389648438,13082600
2019-11-04,24.75835609436035,28.934999465942383,28.96500015258789,27.979999542236328,28.575000762939453,13023400
2019-11-11,24.505937576293945,28.639999389648438,29.0049991607666,28.520000457763672,28.700000762939453,15896600
2019-11-18,23.299467086791992,27.229999542236328,28.690000534057617,26.844999313354492,28.479999542236328,21375600
2019-11-25,24.02249526977539,28.075000762939453,28.260000228881836,27.829999923706055,27.969999313354492,10358000
2019-12-02,24.274911880493164,28.3700008392334,28.700000762939453,27.844999313354492,28.010000228881836,15142200
2019-12-09,24.493104934692383,28.625,28.829999923706055,28.190000534057617,28.389999389648438,12341400
2019-12-16,24.813976287841797,29.0,29.239999771118164,28.350000381469727,29.190000534057617,20540800
2019-12-23,24.925207138061523,29.1299991607666,29.315000534057617,28.815000534057617,29.010000228881836,5541200
2019-12-30,24.433208465576172,28.55500030517578,29.225000381469727,28.43000030517578,29.209999084472656,7498200
2020-01-06,25.104896545410156,29.34000015258789,29.53499984741211,28.280000686645508,28.4950008392334,11186800
2020-01-13,26.230083465576172,30.655000686645508,31.344999313354492,29.3799991607666,29.594999313354492,17893800
2020-01-20,26.131683349609375,30.540000915527344,31.165000915527344,30.44499969482422,30.68000030517578,10535600
2020-01-27,26.02472686767578,30.415000915527344,30.684999465942383,29.895000457763672,30.065000534057617,12165200
2020-02-03,27.060068130493164,31.625,32.40999984741211,30.354999542236328,30.399999618530273,17729000
2020-02-10,27.1456298828125,31.725000381469727,31.854999542236328,31.260000228881836,31.520000457763672,10174200
2020-02-17,27.31676483154297,31.924999237060547,32.18000030517578,31.6200008392334,31.920000076293945,6833800
2020-02-24,24.869590759277344,29.065000534057617,31.18000030517578,28.635000228881836,30.8700008392334,18900600
2020-03-02,26.760589599609375,31.274999618530273,32.40999984741211,29.530000686645508,30.05500030517578,29432800
2020-03-09,24.266357421875,28.360000610351562,30.645000457763672,26.645000457763672,30.135000228881836,27932600
2020-03-16,21.16033363342285,24.729999542236328,27.690000534057617,24.6200008392334,25.104999542236328,29702800
2020-03-23,24.611886978149414,28.364999771118164,28.815000534057617,24.889999389648438,25.2450008392334,31931200
2020-03-30,25.961139678955078,29.920000076293945,30.385000228881836,29.010000228881836,29.3799991607666,26488200
2020-04-06,26.030553817749023,30.0,30.424999237060547,29.21500015258789,29.94499969482422,24742000
2020-04-13,27.36244773864746,31.53499984741211,31.604999542236328,29.18000030517578,30.135000228881836,40243400
2020-04-20,28.160722732543945,32.45500183105469,32.57500076293945,31.809999465942383,32.09000015258789,15882200
2020-04-27,27.518634796142578,31.71500015258789,32.939998626708984,31.315000534057617,32.625,11991600
2020-05-04,27.227956771850586,31.3799991607666,31.829999923706055,30.889999389648438,31.7450008392334,12720400
2020-05-11,27.726879119873047,31.954999923706055,32.255001068115234,31.239999771118164,31.420000076293945,14886000
2020-05-18,28.12601661682129,32.415000915527344,33.0099983215332,31.540000915527344,31.68000030517578,14425600
2020-05-25,28.60757827758789,32.970001220703125,32.9900016784668,30.764999389648438,32.29999923706055,12187800
2020-06-01,27.978506088256836,32.244998931884766,33.04999923706055,32.005001068115234,33.0,9793200
2020-06-08,28.030569076538086,32.30500030517578,33.47999954223633,31.93000030517578,32.1349983215332,16762400
2020-06-15,29.306066513061523,33.775001525878906,34.01499938964844,32.02000045776367,32.27000045776367,17450000
2020-06-22,28.650964736938477,33.02000045776367,34.36000061035156,32.880001068115234,33.775001525878906,11251800
2020-06-29,28.789791107177734,33.18000030517578,33.34000015258789,32.279998779296875,33.084999084472656,10419600
2020-07-06,28.390657424926758,32.720001220703125,33.154998779296875,32.34000015258789,32.86000061035156,10092800
2020-07-13,29.141204833984375,33.584999084472656,33.69499969482422,32.279998779296875,32.69499969482422,9661200
2020-07-20,28.707359313964844,33.084999084472656,34.47999954223633,32.90999984741211,34.30500030517578,10668000
2020-07-27,28.342931747436523,32.665000915527344,33.8849983215332,32.54499816894531,33.54499816894531,8461400
2020-08-03,28.043581008911133,32.31999969482422,32.935001373291016,31.635000228881836,32.6150016784668,14856400
2020-08-10,28.75661849975586,32.8849983215332,33.78499984741211,32.165000915527344,32.3650016784668,8448400
2020-08-17,28.99709701538086,33.15999984741211,33.82500076293945,32.95500183105469,33.290000915527344,7408600
2020-08-24,28.782852172851562,32.915000915527344,33.57500076293945,32.79999923706055,33.474998474121094,6615000
2020-08-31,28.468046188354492,32.55500030517578,33.45500183105469,32.09000015258789,32.82500076293945,8581600
2020-09-07,29.053932189941406,33.224998474121094,33.540000915527344,32.23500061035156,32.5,7119600
2020-09-14,30.361257553100586,34.720001220703125,34.875,33.15999984741211,33.2599983215332,8784000
2020-09-21,30.195106506347656,34.529998779296875,35.09000015258789,33.96500015258789,34.404998779296875,8762800
2020-09-28,30.02021598815918,34.33000183105469,35.22999954223633,34.17499923706055,34.3650016784668,10208800
2020-10-05,31.51116371154785,36.03499984741211,36.154998779296875,34.16999816894531,34.67499923706055,11977400
2020-10-12,31.05206871032715,35.5099983215332,36.904998779296875,35.01499938964844,36.775001525878906,9090800
2020-10-19,30.92964744567871,35.369998931884766,36.02000045776367,35.18000030517578,35.939998626708984,9622600
2020-10-26,27.93462562561035,31.94499969482422,35.22999954223633,31.610000610351562,34.974998474121094,13349600
2020-11-02,30.76350212097168,35.18000030517578,36.01499938964844,32.21500015258789,32.349998474121094,19455200
2020-11-09,29.766616821289062,34.040000915527344,34.29499816894531,33.40999984741211,33.525001525878906,12190800
2020-11-16,29.55237579345703,33.79499816894531,34.125,33.255001068115234,33.60499954223633,11551000
2020-11-23,29.530515670776367,33.77000045776367,33.82500076293945,32.849998474121094,33.6150016784668,8633400
2020-11-30,29.64856719970703,33.904998779296875,34.23500061035156,33.375,34.0099983215332,8632600
2020-12-07,30.404979705810547,34.77000045776367,35.22999954223633,33.85499954223633,34.345001220703125,8539000
2020-12-14,32.267578125,36.900001525878906,36.959999084472656,34.349998474121094,34.849998474121094,13786200
2020-12-21,30.356882095336914,34.71500015258789,36.040000915527344,34.665000915527344,36.02000045776367,6334600
2020-12-28,30.54051971435547,34.92499923706055,35.72999954223633,34.599998474121094,35.72999954223633,7581200
2021-01-04,30.719783782958984,35.130001068115234,35.76499938964844,34.39500045776367,35.595001220703125,11045800
2021-01-11,31.493669509887695,36.01499938964844,36.14500045776367,34.369998931884766,35.20500183105469,10446400
2021-01-18,31.843467712402344,36.415000915527344,36.685001373291016,35.869998931884766,36.685001373291016,7603000
2021-01-25,30.431203842163086,34.79999923706055,36.814998626708984,34.4900016784668,36.34000015258789,9405400
2021-02-01,31.21822738647461,35.70000076293945,36.65999984741211,35.1349983215332,35.39500045776367,12332400
2021-02-08,33.150779724121094,37.90999984741211,37.93000030517578,35.224998474121094,35.685001373291016,14491600
2021-02-15,32.389991760253906,37.040000915527344,37.82500076293945,36.935001373291016,37.529998779296875,12072000
2021-02-22,31.152637481689453,35.625,36.685001373291016,35.505001068115234,36.599998474121094,9418400
2021-03-01,30.435579299926758,34.80500030517578,36.57500076293945,33.959999084472656,36.26499938964844,10250800
2021-03-08,31.04770278930664,35.505001068115234,36.165000915527344,34.38999938964844,34.52000045776367,9426800
2021-03-15,30.759132385253906,35.17499923706055,36.38999938964844,35.14500045776367,35.689998626708984,6369800
2021-03-22,30.058361053466797,33.88999938964844,35.775001525878906,33.29499816894531,35.41999816894531,10139400
2021-03-29,30.00514793395996,33.83000183105469,34.38999938964844,33.65999984741211,33.970001220703125,6152200
2021-04-05,31.096080780029297,35.060001373291016,35.10499954223633,33.7599983215332,33.79999923706055,7563800
2021-04-12,32.00518798828125,36.084999084472656,36.20500183105469,34.64500045776367,34.744998931884766,9273000
2021-04-19,32.84334945678711,37.029998779296875,37.255001068115234,36.19499969482422,36.380001068115234,6684000
2021-04-26,32.7945671081543,36.974998474121094,37.310001373291016,36.625,36.875,7184200
2021-05-03,33.55289840698242,37.83000183105469,37.88999938964844,36.76499938964844,37.540000915527344,11232400
2021-05-10,35.07843017578125,39.54999923706055,39.73500061035156,37.720001220703125,38.23500061035156,11879600
2021-05-17,36.0540657043457,40.650001525878906,40.810001373291016,39.665000915527344,39.92499923706055,9316800
2021-05-24,34.98973846435547,39.45000076293945,41.1150016784668,39.35499954223633,40.810001373291016,8345400
2021-05-31,35.89885711669922,40.474998474121094,40.630001068115234,39.35499954223633,40.099998474121094,5243200
2021-06-07,37.45099639892578,42.224998474121094,42.470001220703125,40.35499954223633,40.71500015258789,13802200
2021-06-14,36.488670349121094,41.13999938964844,42.404998779296875,40.974998474121094,42.02000045776367,9030600
2021-06-21,36.71927261352539,41.400001525878906,41.4900016784668,40.82500076293945,41.11000061035156,6659000
2021-06-28,37.61064529418945,42.404998779296875,42.404998779296875,41.40999984741211,41.47999954223633,6238000
2021-07-05,38.377845764160156,43.27000045776367,43.61000061035156,42.275001525878906,42.625,6992600
2021-07-12,39.3180046081543,44.33000183105469,44.39500045776367,43.07500076293945,43.404998779296875,6379000
2021-07-19,40.24485397338867,45.375,45.43000030517578,43.595001220703125,43.959999084472656,12188800
2021-07-26,41.06527328491211,46.29999923706055,46.435001373291016,44.435001373291016,44.63999938964844,9129400
2021-08-02,44.1163444519043,49.7400016784668,51.60499954223633,45.834999084472656,46.095001220703125,18406800
2021-08-09,45.57093048095703,51.380001068115234,51.52000045776367,49.779998779296875,50.03499984741211,9808000
2021-08-16,47.540409088134766,53.310001373291016,53.619998931884766,51.1349983215332,51.29999923706055,9343000
2021-08-23,45.426902770996094,50.939998626708984,53.30500030517578,50.86000061035156,53.30500030517578,11420600
2021-08-30,44.985469818115234,50.44499969482422,51.45500183105469,49.529998779296875,50.709999084472656,13084400
2021-09-06,44.38798904418945,49.775001525878906,50.849998474121094,49.564998626708984,50.790000915527344,7015400
2021-09-13,45.21733856201172,50.70500183105469,51.29999923706055,49.625,50.44499969482422,10111200
2021-09-20,44.9007568359375,50.349998474121094,51.26499938964844,49.28499984741211,49.31999969482422,8378800
2021-09-27,42.751583099365234,47.939998626708984,49.94499969482422,47.415000915527344,49.915000915527344,10048000
2021-10-04,43.86629867553711,49.189998626708984,49.564998626708984,47.81999969482422,48.77000045776367,8545600
2021-10-11,45.63200378417969,51.16999816894531,51.369998931884766,48.564998626708984,49.154998779296875,7158600
2021-10-18,47.26841354370117,53.005001068115234,53.04499816894531,51.56999969482422,51.70000076293945,8643000
2021-10-25,49.105464935302734,55.064998626708984,55.16999816894531,52.724998474121094,53.189998626708984,8226600
2021-11-01,50.572425842285156,56.709999084472656,57.974998474121094,54.505001068115234,54.790000915527344,12827400
2021-11-08,50.42975616455078,56.54999923706055,57.78499984741211,56.01499938964844,57.599998474121094,8392400
2021-11-15,50.7730827331543,56.935001373291016,57.845001220703125,56.650001525878906,56.66999816894531,6602800
2021-11-22,48.23152542114258,54.084999084472656,56.474998474121094,53.94499969482422,56.435001373291016,6177000
2021-11-29,47.74551773071289,53.540000915527344,54.71500015258789,53.029998779296875,53.720001220703125,8112000
2021-12-06,50.98710632324219,57.17499923706055,57.275001525878906,53.435001373291016,54.06999969482422,9311000
2021-12-13,47.91048812866211,53.724998474121094,58.67499923706055,53.28499984741211,57.6349983215332,18086200
2021-12-20,48.34745407104492,54.21500015258789,55.20500183105469,51.04499816894531,52.064998626708984,17129200
2021-12-27,49.939273834228516,56.0,56.45500183105469,54.68000030517578,55.3849983215332,8419200
2022-01-03,45.25300979614258,50.744998931884766,54.86000061035156,50.1349983215332,54.82500076293945,25391600
2022-01-10,42.94777297973633,48.15999984741211,50.959999084472656,47.68000030517578,50.064998626708984,14688600
2022-01-17,42.519718170166016,47.68000030517578,49.29999923706055,47.564998626708984,47.834999084472656,11065600
2022-01-24,43.14397048950195,48.380001068115234,48.459999084472656,45.755001068115234,46.400001525878906,19260800
2022-01-31,44.441490173339844,49.834999084472656,53.584999084472656,49.03499984741211,49.1150016784668,20926600
2022-02-07,44.102622985839844,49.45500183105469,53.189998626708984,49.095001220703125,50.3849983215332,12237400
2022-02-14,44.949806213378906,50.404998779296875,51.755001068115234,48.63999938964844,48.790000915527344,9823600
2022-02-21,45.814823150634766,51.375,51.6150016784668,47.375,49.904998779296875,8602000
2022-02-28,46.42123031616211,52.05500030517578,53.665000915527344,50.83000183105469,51.154998779296875,11231800
2022-03-07,45.15045166015625,50.630001068115234,52.834999084472656,50.2400016784668,51.3650016784668,27965800
2022-03-14,49.70295333862305,55.73500061035156,55.73500061035156,50.709999084472656,51.040000915527344,10542600
2022-03-21,47.94716262817383,53.255001068115234,55.724998474121094,52.915000915527344,55.04999923706055,8822600
2022-03-28,50.82822036743164,56.45500183105469,56.86000061035156,53.28499984741211,53.33000183105469,8976200
2022-04-04,54.2719841003418,60.279998779296875,61.08000183105469,56.125,56.40999984741211,15018600
2022-04-11,53.209590911865234,59.099998474121094,60.97999954223633,57.89500045776367,60.34000015258789,15599800
2022-04-18,49.83334732055664,55.349998474121094,59.290000915527344,55.15999984741211,58.61000061035156,11844200
2022-04-25,51.31889724731445,57.0,58.064998626708984,53.959999084472656,55.53499984741211,17651800
2022-05-02,50.12596130371094,55.67499923706055,57.165000915527344,55.08000183105469,56.8650016784668,18642000
2022-05-09,47.73558044433594,53.02000045776367,54.57500076293945,51.540000915527344,54.05500030517578,17898000
2022-05-16,48.50536346435547,53.875,54.11000061035156,51.08000183105469,51.61000061035156,17073200
2022-05-23,48.500858306884766,53.869998931884766,54.4900016784668,52.41999816894531,53.98500061035156,11575200
2022-05-30,50.60314178466797,56.20500183105469,56.470001220703125,54.86000061035156,55.75,12110000
2022-06-06,50.18898010253906,55.744998931884766,58.38999938964844,55.15999984741211,56.334999084472656,11748800
2022-06-13,47.528507232666016,52.790000915527344,54.595001220703125,52.119998931884766,54.439998626708984,12588400
2022-06-20,50.47258758544922,56.060001373291016,56.099998474121094,53.51499938964844,54.03499984741211,12420600
2022-06-27,50.256507873535156,55.81999969482422,56.8849983215332,54.1150016784668,56.34000015258789,11612400
2022-07-04,49.081573486328125,54.51499938964844,55.619998931884766,53.73500061035156,54.18000030517578,12439800
2022-07-11,51.42244338989258,57.1150016784668,57.13999938964844,53.814998626708984,54.525001525878906,10265600
2022-07-18,51.57099151611328,57.279998779296875,57.91999816894531,56.43000030517578,57.224998474121094,9630600
2022-07-25,52.246246337890625,58.029998779296875,58.619998931884766,56.61000061035156,57.779998779296875,8997800
2022-08-01,46.45711135864258,51.599998474121094,58.709999084472656,49.685001373291016,58.470001220703125,32211800
2022-08-08,48.65401077270508,53.75,55.209999084472656,51.0,51.31999969482422,20275800
2022-08-15,47.31884765625,52.275001525878906,53.56999969482422,51.040000915527344,53.349998474121094,17062000
2022-08-22,49.19259262084961,54.345001220703125,55.904998779296875,52.95500183105469,54.25,18692600
2022-08-29,46.273345947265625,51.119998931884766,54.185001373291016,50.79999923706055,54.0099983215332,33650800
2022-09-05,49.120174407958984,54.26499938964844,54.474998474121094,51.25,51.599998474121094,8994400
2022-09-12,45.902225494384766,50.709999084472656,55.13999938964844,50.0,54.51499938964844,11339600
2022-09-19,44.32266616821289,48.96500015258789,50.650001525878906,48.63999938964844,50.165000915527344,13306000
2022-09-26,45.09207534790039,49.814998626708984,50.459999084472656,47.5099983215332,47.755001068115234,14987200
2022-10-03,47.097068786621094,52.029998779296875,53.21500015258789,50.619998931884766,50.79999923706055,10778400
2022-10-10,46.979400634765625,51.900001525878906,52.810001373291016,50.72999954223633,52.03499984741211,9140400
2022-10-17,47.169490814208984,52.11000061035156,53.630001068115234,50.44499969482422,52.5099983215332,10552000
2022-10-24,49.314788818359375,54.47999954223633,54.63999938964844,52.599998474121094,52.73500061035156,16019400
2022-10-31,50.87624740600586,56.20500183105469,58.119998931884766,52.970001220703125,54.025001525878906,17629600
2022-11-07,50.4508056640625,55.73500061035156,58.349998474121094,54.849998474121094,56.71500015258789,14720000
2022-11-14,51.34242248535156,56.720001220703125,57.79999923706055,55.95000076293945,57.47999954223633,11084200
2022-11-21,53.76380157470703,59.39500045776367,59.54499816894531,56.46500015258789,56.61000061035156,6600400
2022-11-28,57.434349060058594,63.45000076293945,63.540000915527344,59.77000045776367,60.0,14833800
2022-12-05,58.34407043457031,64.45500183105469,65.42500305175781,62.40999984741211,63.59000015258789,11715200
2022-12-12,60.27664566040039,66.58999633789062,67.59500122070312,64.45500183105469,64.7699966430664,16523600
2022-12-19,60.64778137207031,67.0,67.0,64.8949966430664,65.375,15075000
2022-12-26,61.25425338745117,67.66999816894531,67.93000030517578,66.38999938964844,66.94499969482422,9142800
2023-01-02,62.7478141784668,69.31999969482422,69.5250015258789,67.69000244140625,68.63500213623047,11676200
2023-01-09,61.69779968261719,68.16000366210938,69.5250015258789,65.05000305175781,69.37000274658203,13270200
2023-01-16,63.86121368408203,70.55000305175781,70.55500030517578,69.06500244140625,69.81500244140625,14620400
2023-01-23,62.49889373779297,69.04499816894531,72.38999938964844,68.13999938964844,70.63999938964844,14534600
2023-01-30,61.910526275634766,68.3949966430664,70.38500213623047,65.58499908447266,70.3499984741211,22202000
2023-02-06,63.15514373779297,69.7699966430664,70.44999694824219,68.4800033569336,68.80999755859375,13005000
2023-02-13,64.10108184814453,70.81500244140625,71.79000091552734,69.2300033569336,70.33999633789062,10846400
2023-02-20,64.0875015258789,70.80000305175781,71.91000366210938,70.30999755859375,71.20500183105469,6430400
2023-02-27,65.5810546875,72.44999694824219,72.53500366210938,70.32499694824219,71.625,10210200
2023-03-06,63.94719696044922,70.6449966430664,72.97000122070312,70.0199966430664,72.81500244140625,18603200
2023-03-13,63.109901428222656,69.72000122070312,71.6449966430664,67.66000366210938,70.62999725341797,17522800
2023-03-20,69.6878890991211,76.375,76.81999969482422,70.8949966430664,71.06999969482422,13105200
2023-03-27,72.60314178466797,79.56999969482422,79.87000274658203,76.55000305175781,76.7699966430664,10158400
2023-04-03,72.7035140991211,79.68000030517578,80.45500183105469,78.1500015258789,79.17500305175781,9969000
2023-04-10,76.91901397705078,84.30000305175781,84.94000244140625,78.4749984741211,79.80000305175781,17288600
2023-04-17,78.76668548583984,86.32499694824219,86.48500061035156,81.86499786376953,85.5250015258789,16230800
2023-04-24,76.23011016845703,83.54499816894531,85.70999908447266,81.73500061035156,85.44499969482422,11399800
2023-05-01,74.47366333007812,81.62000274658203,84.37999725341797,79.25499725341797,83.3550033569336,15609000
2023-05-08,78.13713073730469,85.63500213623047,86.16500091552734,82.95500183105469,84.57499694824219,13510800
2023-05-15,77.80406951904297,85.2699966430664,85.82499694824219,83.2750015258789,85.03500366210938,9175400
2023-05-22,74.3504867553711,81.48500061035156,85.9749984741211,80.4749984741211,85.23999786376953,19631600
2023-05-29,71.69070434570312,78.56999969482422,80.91500091552734,77.17500305175781,80.9000015258789,10226000
2023-06-05,72.10586547851562,79.0250015258789,81.0199966430664,78.33000183105469,79.2750015258789,11883000
2023-06-12,73.58402252197266,80.6449966430664,81.42500305175781,77.83499908447266,80.08999633789062,11970800
2023-06-19,72.57120513916016,79.53500366210938,81.3499984741211,79.08999633789062,79.83499908447266,10869400
2023-06-26,73.83038330078125,80.91500091552734,81.04000091552734,77.2249984741211,79.73500061035156,11964200
2023-07-03,71.6176986694336,78.48999786376953,80.22000122070312,78.46499633789062,80.06500244140625,8355400
2023-07-10,73.05935668945312,80.06999969482422,80.41500091552734,75.55999755859375,78.18499755859375,14096400
2023-07-17,75.57770538330078,82.83000183105469,83.2699966430664,79.71499633789062,80.80000305175781,11377800
2023-07-24,72.00094604492188,78.91000366210938,81.97000122070312,77.95500183105469,81.88500213623047,12125200
2023-07-31,71.44434356689453,78.30000305175781,81.03500366210938,78.19499969482422,80.38500213623047,11338400
2023-08-07,82.84989929199219,90.80000305175781,96.08999633789062,79.6500015258789,80.09500122070312,38497000
2023-08-14,83.94966125488281,91.56500244140625,93.62000274658203,89.6050033569336,90.63500213623047,19061000
2023-08-21,85.4624252319336,93.21499633789062,95.59500122070312,91.93000030517578,92.67500305175781,14131000
2023-08-28,86.78266143798828,94.65499877929688,95.44000244140625,92.41999816894531,93.04499816894531,14769200
2023-09-04,89.57440948486328,97.69999694824219,98.7699966430664,94.875,96.06999969482422,15901600
2023-09-11,87.29608917236328,95.21499633789062,100.87999725341797,95.01499938964844,97.68499755859375,30088400
2023-09-18,83.70669555664062,91.30000305175781,96.41999816894531,90.5,92.70999908447266,24528900
2023-09-25,83.37664031982422,90.94000244140625,92.97000122070312,90.4000015258789,90.9000015258789,15713900
2023-10-02,84.45849609375,92.12000274658203,92.98999786376953,86.95999908447266,90.16999816894531,25388200
2023-10-09,93.6451416015625,102.13999938964844,104.0,90.5,91.12999725341797,42645200
2023-10-16,88.28167724609375,96.29000091552734,101.83000183105469,96.05999755859375,101.27999877929688,22418200
2023-10-23,85.72371673583984,93.5,98.58000183105469,92.94000244140625,97.08000183105469,15322800
2023-10-30,90.00531768798828,98.16999816894531,102.25,95.6500015258789,96.72000122070312,20230600
2023-11-06,92.77415466308594,101.19000244140625,103.25,98.5199966430664,99.83000183105469,25931900
2023-11-13,92.95751953125,101.38999938964844,101.97000122070312,96.0,99.44999694824219,29818700
2023-11-20,96.67986297607422,105.44999694824219,105.69000244140625,101.48999786376953,101.5,15997000
2023-11-27,92.04986572265625,100.4000015258789,105.44000244140625,100.30999755859375,104.87999725341797,19796900
2023-12-04,88.60257720947266,96.63999938964844,101.1500015258789,95.73999786376953,100.56999969482422,15940700
2023-12-11,89.0243148803711,97.0999984741211,98.93000030517578,94.7300033569336,96.43000030517578,25130200
2023-12-18,94.1677474975586,102.70999908447266,103.55999755859375,98.5199966430664,99.5199966430664,19431500
2023-12-25,94.84619140625,103.44999694824219,104.98999786376953,102.3499984741211,102.55999755859375,8542300
2024-01-01,97.16578674316406,105.9800033569336,108.9800033569336,101.70999908447266,101.70999908447266,19811000
2024-01-08,98.24763488769531,107.16000366210938,108.7699966430664,105.2699966430664,106.18000030517578,19893000
2024-01-15,98.06427001953125,106.95999908447266,107.91000366210938,105.54000091552734,106.86000061035156,12756100
2024-01-22,99.08195495605469,108.06999969482422,108.19999694824219,103.37999725341797,106.31999969482422,21918900
2024-01-29,104.24372100830078,113.69999694824219,116.12000274658203,107.69999694824219,108.12999725341797,33711600
2024-02-05,111.11995697021484,121.19999694824219,121.6500015258789,116.2699966430664,116.38999938964844,31050400
2024-02-12,113.69625091552734,124.01000213623047,124.63999938964844,119.29000091552734,120.41999816894531,25736100
2024-02-19,113.18283081054688,123.44999694824219,124.87000274658203,118.30000305175781,124.62000274658203,16536700
2024-02-26,113.89794921875,124.2300033569336,124.43000030517578,118.91000366210938,123.19999694824219,26203400
2024-03-04,122.00274658203125,133.07000732421875,138.27999877929688,123.36000061035156,127.33000183105469,47892000
2024-03-11,121.36095428466797,132.3699951171875,135.9199981689453,130.75,133.3699951171875,26209100
2024-03-18,118.90291595458984,128.75999450683594,133.75,127.11000061035156,131.57000732421875,22474500
2024-03-25,118.57048034667969,128.39999389648438,130.25,127.29000091552734,129.0,15135900
2024-04-01,116.22492980957031,125.86000061035156,129.11000061035156,123.7699966430664,129.11000061035156,20008500
2024-04-08,114.978271484375,124.51000213623047,127.62999725341797,123.23999786376953,127.0,15018700
2024-04-15,113.31607818603516,122.70999908447266,126.05000305175781,121.79000091552734,125.80999755859375,17040400
2024-04-22,117.1391372680664,126.8499984741211,128.75999450683594,122.56999969482422,122.58999633789062,17391900
2024-04-29,113.63005828857422,123.05000305175781,130.4600067138672,121.29000091552734,127.31999969482422,29322400
2024-05-06,118.58895111083984,128.4199981689453,130.27000427246094,121.77999877929688,122.0,17319500
2024-05-13,121.7933120727539,131.88999938964844,134.7899932861328,130.39999389648438,131.47000122070312,18270100
2024-05-20,125.62560272216797,136.0399932861328,137.22000122070312,131.0,131.4499969482422,15870400
2024-05-27,124.92378997802734,135.27999877929688,135.86000061035156,132.05999755859375,134.4499969482422,12518300
2024-06-03,131.94200134277344,142.8800048828125,143.72999572753906,133.67999267578125,133.85000610351562,21235000
2024-06-10,131.59107971191406,142.5,144.5,141.02000427246094,142.1199951171875,17015400
2024-06-17,131.09242248535156,141.9600067138672,143.58999633789062,139.77999877929688,142.0,12040200
2024-06-24,131.81271362304688,142.74000549316406,148.14999389648438,141.50999450683594,141.8699951171875,18919100
2024-07-01,131.4710235595703,142.3699951171875,145.99000549316406,136.00999450683594,143.58999633789062,21150600
2024-07-08,131.20323181152344,142.0800018310547,143.69000244140625,138.8000030517578,142.27999877929688,17249100
2024-07-15,121.4700927734375,131.5399932861328,143.49000549316406,126.83000183105469,143.25,25436700
2024-07-22,117.02832794189453,126.7300033569336,134.6699981689453,126.3499984741211,132.0,17272200
2024-07-29,117.73014831542969,127.48999786376953,134.33999633789062,126.8499984741211,128.00999450683594,19505500
2024-08-05,123.25235748291016,133.47000122070312,134.64999389648438,118.80000305175781,123.88999938964844,44568000
2024-08-12,125.02989196777344,134.88999938964844,137.69000244140625,129.5500030517578,131.57000732421875,13941400
2024-08-19,126.95784759521484,136.97000122070312,138.49000549316406,133.3800048828125,135.07000732421875,11035200
2024-08-26,128.9877471923828,139.16000366210938,139.74000549316406,133.77000427246094,135.24000549316406,12143900
2024-09-02,121.55399322509766,131.13999938964844,138.6199951171875,130.52999877929688,138.55999755859375,9596700
2024-09-09,126.98565673828125,137.0,137.88999938964844,128.39999389648438,132.02999877929688,12603800
2024-09-16,118.1893539428711,127.51000213623047,138.22000122070312,126.12999725341797,138.05999755859375,20484200
2024-09-23,111.93275451660156,120.76000213623047,127.61000061035156,119.1500015258789,124.0,29012400
2024-09-30,106.70503234863281,115.12000274658203,119.12000274658203,113.79000091552734,117.58999633789062,27420400
2024-10-07,111.26538848876953,120.04000091552734,120.55999755859375,115.81999969482422,117.13999938964844,19051800
2024-10-14,109.45791625976562,118.08999633789062,120.47000122070312,116.44000244140625,119.5999984741211,15301700
2024-10-21,105.09220886230469,113.37999725341797,117.95999908447266,113.0999984741211,117.94999694824219,20235500
2024-10-28,103.75747680664062,111.94000244140625,113.76000213623047,107.23999786376953,112.41000366210938,37718600
2024-11-04,99.36394500732422,107.19999694824219,110.66000366210938,105.02999877929688,110.19000244140625,38449700
2024-11-11,94.30305480957031,101.73999786376953,110.61000061035156,100.31999969482422,109.66999816894531,25777700
2024-11-18,97.38037109375,105.05999755859375,106.23999786376953,99.41999816894531,100.31999969482422,34411800
2024-11-25,98.99319458007812,106.80000305175781,107.69999694824219,104.0,105.30999755859375,17821700
2024-12-02,102.6729965209961,110.7699966430664,111.30999755859375,108.1500015258789,108.93000030517578,24222700
2024-12-09,99.1322250366211,106.94999694824219,112.5199966430664,104.13999938964844,111.72000122070312,25977500
2024-12-16,78.7867202758789,85.0,109.87999725341797,81.5,109.29000091552734,73630100
2024-12-23,80.98347473144531,87.37000274658203,89.0999984741211,85.98999786376953,88.87000274658203,36128100
2024-12-30,81.24301147460938,87.6500015258789,88.51000213623047,85.0,86.97000122070312,18651700
2025-01-06,79.95460510253906,86.26000213623047,87.27999877929688,82.63999938964844,86.11000061035156,36234700
2025-01-13,72.9379653930664,78.69000244140625,84.72000122070312,78.16999816894531,84.41999816894531,57716500
2025-01-20,81.53961944580078,87.97000122070312,89.97000122070312,79.31999969482422,79.68000030517578,47865900
2025-01-27,78.27691650390625,84.44999694824219,88.45999908447266,83.9000015258789,85.73999786376953,39584200
2025-02-03,80.10291290283203,86.41999816894531,88.94999694824219,81.2699966430664,82.12999725341797,48716600
2025-02-10,72.17790985107422,77.87000274658203,85.91999816894531,77.81999969482422,85.69999694824219,41713900
2025-02-17,81.64157104492188,88.08000183105469,89.2300033569336,81.05999755859375,82.0999984741211,34804200
2025-02-24,84.02371215820312,90.6500015258789,93.80000305175781,88.12000274658203,88.86000061035156,42246300
2025-03-03,80.798095703125,87.16999816894531,91.9000015258789,86.33000183105469,90.66000366210938,28755300
2025-03-10,71.51053619384766,77.1500015258789,80.69999694824219,73.80000305175781,79.80999755859375,45629200
2025-03-17,71.24172973632812,76.86000061035156,82.56999969482422,75.5199966430664,79.63999938964844,29065800
2025-03-24,64.2343521118164,69.30000305175781,76.05000305175781,69.18000030517578,74.97000122070312,38398900
2025-03-31,58.912017822265625,62.54999923706055,70.0,62.369998931884766,67.72000122070312,40069100
2025-04-07,60.96522521972656,64.7300033569336,65.30000305175781,59.31999969482422,61.439998626708984,57271800
2025-04-14,54.70199966430664,58.08000183105469,66.75,57.279998779296875,66.4800033569336,52536100
2025-04-21,58.4693489074707,62.08000183105469,62.7400016784668,57.0,58.25,49972200
2025-04-28,65.20350646972656,69.2300033569336,69.86000061035156,61.970001220703125,62.189998626708984,56352700
2025-05-05,61.944732666015625,65.7699966430664,69.79000091552734,64.4000015258789,69.16999816894531,58637500
2025-05-12,60.62616729736328,64.37000274658203,67.75,63.130001068115234,64.08999633789062,66880100
2025-05-19,63.43284225463867,67.3499984741211,70.0,64.87000274658203,65.37000274658203,46437500
2025-05-26,67.34147644042969,71.5,71.56999969482422,68.30000305175781,70.80999755859375,37302800
2025-06-02,70.28942108154297,74.62999725341797,75.16000366210938,70.58000183105469,71.7699966430664,47188000
2025-06-09,75.1869888305664,79.83000183105469,81.44000244140625,74.16000366210938,75.01000213623047,51228500
2025-06-16,69.47943878173828,73.7699966430664,78.37999725341797,72.73999786376953,77.83999633789062,29937200
2025-06-23,64.52538299560547,68.51000213623047,71.04000091552734,66.87000274658203,68.87000274658203,50243700
2025-06-30,65.14698791503906,69.16999816894531,70.41999816894531,68.12000274658203,69.43000030517578,26445300
2025-07-07,64.92094421386719,68.93000030517578,71.75,68.52999877929688,69.36000061035156,35456900
2025-07-14,60.56964874267578,64.30999755859375,69.55000305175781,64.16000366210938,68.5999984741211,35970800
2025-07-21,67.52983093261719,71.69999694824219,71.80000305175781,64.12000274658203,64.75,46742600
2025-07-28,45.387210845947266,48.189998626708984,71.27999877929688,46.900001525878906,71.0,268917900
2025-08-04,48.109127044677734,51.08000183105469,51.29999923706055,45.04999923706055,49.08000183105469,143786400
2025-08-11,49.36177062988281,52.40999984741211,52.75,49.380001068115234,50.400001525878906,76785800
2025-08-18,54.27070617675781,56.97999954223633,57.5099983215332,53.75,54.599998474121094,103336100
2025-08-25,53.77543258666992,56.459999084472656,58.34000015258789,54.599998474121094,57.43000030517578,59411200
2025-09-01,52.60391616821289,55.22999954223633,57.349998474121094,54.72999954223633,56.720001220703125,45031500
2025-09-08,52.26103210449219,54.869998931884766,55.2400016784668,52.720001220703125,54.349998474121094,72193900
2025-09-15,58.48054504394531,61.400001525878906,62.31999969482422,55.54999923706055,56.5,85193800
2025-09-22,52.965850830078125,55.61000061035156,61.119998931884766,54.560001373291016,60.0,69512900
2025-09-29,56.79470443725586,59.630001068115234,60.099998474121094,53.77000045776367,54.13999938964844,90497300
2025-10-06,54.22308349609375,56.93000030517578,60.900001525878906,56.790000915527344,60.13999938964844,57233600
2025-10-13,51.78480529785156,54.369998931884766,58.130001068115234,53.540000915527344,57.29999923706055,48058600
2025-10-20,50.44185256958008,52.959999084472656,56.22999954223633,52.380001068115234,55.40999984741211,48328700
2025-10-27,47.10826873779297,49.459999084472656,53.22999954223633,48.4900016784668,52.779998779296875,73038800
2025-11-03,43.507999420166016,45.68000030517578,49.900001525878906,45.150001525878906,49.40999984741211,141499800
2025-11-10,45.96532440185547,48.2599983215332,50.43000030517578,45.56999969482422,46.220001220703125,98175800
2025-11-17,45.36528396606445,47.630001068115234,49.529998779296875,46.689998626708984,47.90999984741211,81447800
2025-11-24,47.00349807739258,49.349998474121094,49.709999084472656,43.08000183105469,43.43000030517578,137396300
2025-12-01,45.584346771240234,47.86000061035156,49.4900016784668,47.29999923706055,48.93000030517578,68786800
2025-12-08,47.79403305053711,50.18000030517578,50.75,46.08000183105469,47.15999984741211,70079200
2025-12-15,45.803409576416016,48.09000015258789,50.65999984741211,47.52000045776367,49.959999084472656,55074500
2025-12-22,49.908477783203125,52.400001525878906,53.630001068115234,47.59000015258789,47.75,116179600
2025-12-29,49.89895248413086,52.38999938964844,52.40999984741211,50.54999923706055,51.560001373291016,51736400
2026-01-05,56.013694763183594,58.810001373291016,60.63999938964844,53.36000061035156,53.91999816894531,127079300
2026-01-12,59.366329193115234,62.33000183105469,62.400001525878906,56.290000915527344,60.13999938964844,121697800
2026-01-19,59.299652099609375,62.2599983215332,64.16000366210938,57.560001373291016,60.220001220703125,109341900
2026-01-26,56.60421371459961,59.43000030517578,64.0,58.59000015258789,62.880001068115234,77698100
2026-02-02,45.37480545043945,47.63999938964844,59.29999923706055,43.2400016784668,57.90999984741211,224743500
2026-02-09,47.213035583496094,49.56999969482422,51.09000015258789,48.08000183105469,50.130001068115234,80054400
2026-02-16,45.16526412963867,47.41999816894531,49.849998474121094,47.029998779296875,49.11000061035156,41764300
2026-02-23,35.6693229675293,37.45000076293945,41.09000015258789,37.310001373291016,40.189998626708984,257777400
2026-03-02,36.7455940246582,38.58000183105469,39.119998931884766,35.849998474121094,36.83000183105469,120361500
2026-03-09,36.15507125854492,37.959999084472656,39.880001068115234,37.70000076293945,39.189998626708984,86568400
2026-03-16,34.79306411743164,36.529998779296875,39.27000045776367,36.18000030517578,37.970001220703125,97465700
2026-03-23,34.32636642456055,36.040000915527344,37.439998626708984,35.88999938964844,36.83000183105469,82895200
2026-03-30,36.51342010498047,36.97999954223633,37.09000015258789,35.119998931884766,35.130001068115234,75159400
2026-04-06,37.046607971191406,37.52000045776367,38.41999816894531,35.970001220703125,37.0,61966500
2026-04-13,40.00875473022461,40.52000045776367,41.40999984741211,36.95000076293945,37.13999938964844,81188700
2026-04-20,40.650550842285156,41.16999816894531,41.22999954223633,38.02000045776367,40.5099983215332,90557900
2026-04-27,43.32636260986328,43.880001068115234,44.040000915527344,39.70000076293945,40.7599983215332,103557400
2026-05-04,45.48872756958008,46.06999969482422,47.54999923706055,43.84000015258789,44.150001525878906,99829400
2026-05-11,44.17551040649414,44.7400016784668,47.790000915527344,44.25,46.689998626708984,71779500
2026-05-18,44.39273452758789,44.959999084472656,45.25,43.7400016784668,44.630001068115234,58289000
2026-05-25,45.004913330078125,45.58000183105469,46.04999923706055,43.95000076293945,44.7400016784668,46307600
2026-06-01,42.41796875,42.959999084472656,45.38999938964844,41.900001525878906,45.38999938964844,68762000
2026-06-08,43.32636260986328,43.880001068115234,44.599998474121094,41.0,42.220001220703125,79493200
2026-06-15,42.64506530761719,43.189998626708984,45.0,42.52000045776367,44.689998626708984,36229400
2026-06-22,47.46349334716797,48.06999969482422,48.5,43.900001525878906,44.0099983215332,82501400
2026-06-29,49.79372024536133,50.43000030517578,50.900001525878906,47.61000061035156,47.720001220703125,41220900
2026-07-06,48.85570526123047,49.47999954223633,50.439998626708984,48.5,49.279998779296875,45470100
2026-07-13,49.68510818481445,50.31999969482422,51.77000045776367,48.290000915527344,49.16999816894531,43694000
2026-07-20,48.1546630859375,48.77000045776367,50.5,47.97999954223633,50.45000076293945,40351500
2026-07-27,46.48598861694336,47.08000183105469,52.119998931884766,46.439998626708984,49.18000030517578,62430600
2026-08-03,46.66371536254883,47.2599983215332,49.150001525878906,43.68000030517578,47.0,106814600
2026-08-10,45.31100082397461,45.88999938964844,47.7400016784668,45.560001373291016,47.0,48624300
2026-08-17,46.7400016784668,46.7400016784668,47.20000076293945,44.68000030517578,45.18000030517578,66810200
2026-08-24,45.61000061035156,45.61000061035156,48.65999984741211,45.40999984741211,47.09000015258789,55599100
2026-08-31,46.599998474121094,46.599998474121094,48.0,44.95000076293945,45.279998779296875,45534400
2026-09-07,43.06999969482422,43.06999969482422,45.90999984741211,42.720001220703125,45.58000183105469,36792000
2026-09-14,43.2400016784668,43.2400016784668,43.709999084472656,41.470001220703125,43.65999984741211,50394900
2026-09-21,38.79999923706055,38.79999923706055,41.16999816894531,37.91999816894531,41.04999923706055,122367400
2026-09-28,37.31999969482422,37.31999969482422,38.900001525878906,37.16999816894531,38.400001525878906,65192943
