date,Close,High,Low,Open
2026-10-05 13:30:00+00:00,142.78,142.94,142.78,142.94
2026-10-05 13:31:00+00:00,143.655,143.655,142.43,142.775
2026-10-05 13:32:00+00:00,143.62,144.38,143.425,143.645
2026-10-05 13:33:00+00:00,143.8,143.9,143.375,143.595
2026-10-05 13:34:00+00:00,144.39,144.395,143.82,143.82
2026-10-05 13:35:00+00:00,144.075,144.37,143.785,144.33
2026-10-05 13:36:00+00:00,143.86,144.235,143.725,144.23
2026-10-05 13:37:00+00:00,144.5,144.5,143.93,143.975
2026-10-05 13:38:00+00:00,145.11,145.32,144.67,144.775
2026-10-05 13:39:00+00:00,145.215,145.27,145.03,145.19
2026-10-05 13:40:00+00:00,145.82,145.83,145.06,145.22
2026-10-05 13:41:00+00:00,146.32,146.32,145.795,145.835
2026-10-05 13:42:00+00:00,146.01,146.52,146.01,146.26
2026-10-05 13:43:00+00:00,145.795,146.2,145.785,146.015
2026-10-05 13:44:00+00:00,146.34,146.41,145.595,145.7
2026-10-05 13:45:00+00:00,145.84,146.57,145.75,146.455
2026-10-05 13:46:00+00:00,145.18,145.8,145.18,145.76
2026-10-05 13:47:00+00:00,145.71,145.71,145.25,145.35
2026-10-05 13:48:00+00:00,145.83,145.83,145.33,145.8
2026-10-05 13:49:00+00:00,145.35,145.91,145.35,145.91
2026-10-05 13:50:00+00:00,145.48,145.48,145.21,145.405
2026-10-05 13:51:00+00:00,145.455,145.635,145.33,145.545
2026-10-05 13:52:00+00:00,145.53,145.745,145.455,145.54
2026-10-05 13:53:00+00:00,145.44,145.53,145.42,145.5
2026-10-05 13:54:00+00:00,145.51,145.545,145.44,145.44
2026-10-05 13:55:00+00:00,145.4,145.57,145.22,145.57
2026-10-05 13:56:00+00:00,145.415,145.54,145.36,145.39
2026-10-05 13:57:00+00:00,145.26,145.43,145.14,145.42
2026-10-05 13:58:00+00:00,145.095,145.235,145.06,145.2
2026-10-05 13:59:00+00:00,145.24,145.31,145.12,145.26
2026-10-05 14:00:00+00:00,145.185,145.45,145.05,145.05
2026-10-05 14:01:00+00:00,145.65,145.67,145.25,145.25
2026-10-05 14:02:00+00:00,145.595,145.74,145.47,145.625
2026-10-05 14:03:00+00:00,145.665,145.8,145.585,145.585
2026-10-05 14:04:00+00:00,145.79,145.91,145.68,145.83
2026-10-05 14:05:00+00:00,145.88,145.945,145.78,145.89
2026-10-05 14:06:00+00:00,145.92,146.04,145.81,145.95
2026-10-05 14:07:00+00:00,145.9,145.9,145.72,145.83
2026-10-05 14:08:00+00:00,145.58,145.835,145.43,145.79
2026-10-05 14:09:00+00:00,145.41,145.58,145.33,145.49
2026-10-05 14:10:00+00:00,145.545,145.695,145.53,145.665
2026-10-05 14:11:00+00:00,145.48,145.71,145.475,145.645
2026-10-05 14:12:00+00:00,145.67,145.73,145.54,145.615
2026-10-05 14:13:00+00:00,145.4,145.685,145.39,145.64
2026-10-05 14:14:00+00:00,145.445,145.585,145.39,145.58
2026-10-05 14:15:00+00:00,145.4,145.62,145.33,145.605
2026-10-05 14:16:00+00:00,145.43,145.61,145.425,145.605
2026-10-05 14:17:00+00:00,145.305,145.44,145.25,145.44
2026-10-05 14:18:00+00:00,145.265,145.32,145.21,145.295
2026-10-05 14:19:00+00:00,145.52,145.53,145.23,145.265
2026-10-05 14:20:00+00:00,145.635,145.695,145.52,145.52
2026-10-05 14:21:00+00:00,145.52,145.69,145.52,145.69
2026-10-05 14:22:00+00:00,145.66,145.66,145.4,145.52
2026-10-05 14:23:00+00:00,145.71,145.71,145.4,145.42
2026-10-05 14:24:00+00:00,145.835,145.84,145.67,145.71
2026-10-05 14:25:00+00:00,145.815,145.88,145.535,145.565
2026-10-05 14:26:00+00:00,145.84,145.99,145.57,145.58
2026-10-05 14:27:00+00:00,145.575,145.82,145.545,145.57
2026-10-05 14:28:00+00:00,145.535,145.655,145.395,145.575
2026-10-05 14:29:00+00:00,145.595,145.655,145.59,145.6
2026-10-05 14:30:00+00:00,145.51,145.65,145.33,145.43
2026-10-05 14:31:00+00:00,145.29,145.49,145.23,145.46
2026-10-05 14:32:00+00:00,145.205,145.29,145.16,145.26
2026-10-05 14:33:00+00:00,145.16,145.36,145.16,145.21
2026-10-05 14:34:00+00:00,145.05,145.16,144.98,145.16
2026-10-05 14:35:00+00:00,144.95,145.15,144.94,145.05
2026-10-05 14:36:00+00:00,145.035,145.12,144.93,144.93
2026-10-05 14:37:00+00:00,145.38,145.4,145.035,145.035
2026-10-05 14:38:00+00:00,145.26,145.35,145.155,145.16
2026-10-05 14:39:00+00:00,145.115,145.3,145.045,145.255
2026-10-05 14:40:00+00:00,145.155,145.155,145.055,145.09
2026-10-05 14:41:00+00:00,145.245,145.31,145.15,145.155
2026-10-05 14:42:00+00:00,145.075,145.22,145.04,145.14
2026-10-05 14:43:00+00:00,144.76,145.075,144.73,145.06
2026-10-05 14:44:00+00:00,144.85,144.87,144.73,144.76
2026-10-05 14:45:00+00:00,145.11,145.15,144.895,145.0
2026-10-05 14:46:00+00:00,144.91,145.18,144.855,145.11
2026-10-05 14:47:00+00:00,144.75,144.84,144.65,144.84
2026-10-05 14:48:00+00:00,144.55,144.79,144.545,144.79
2026-10-05 14:49:00+00:00,144.42,144.56,144.33,144.555
2026-10-05 14:50:00+00:00,144.435,144.435,144.165,144.435
2026-10-05 14:51:00+00:00,144.14,144.43,144.04,144.43
2026-10-05 14:52:00+00:00,144.13,144.21,144.1,144.155
2026-10-05 14:53:00+00:00,144.22,144.22,144.13,144.14
2026-10-05 14:54:00+00:00,144.13,144.28,144.085,144.26
2026-10-05 14:55:00+00:00,144.265,144.31,144.14,144.17
2026-10-05 14:56:00+00:00,144.22,144.35,144.22,144.31
2026-10-05 14:57:00+00:00,144.35,144.39,144.18,144.21
2026-10-05 14:58:00+00:00,144.42,144.44,144.395,144.44
2026-10-05 14:59:00+00:00,144.355,144.42,144.34,144.42
2026-10-05 15:00:00+00:00,144.45,144.45,144.32,144.36
2026-10-05 15:01:00+00:00,144.33,144.47,144.325,144.47
2026-10-05 15:02:00+00:00,144.31,144.39,144.295,144.35
2026-10-05 15:03:00+00:00,144.185,144.35,144.08,144.29
2026-10-05 15:04:00+00:00,144.175,144.24,144.12,144.185
2026-10-05 15:05:00+00:00,143.825,144.175,143.79,144.175
2026-10-05 15:06:00+00:00,143.715,143.82,143.68,143.77
2026-10-05 15:07:00+00:00,143.71,143.74,143.68,143.71
2026-10-05 15:08:00+00:00,143.62,143.755,143.62,143.715
2026-10-05 15:09:00+00:00,143.73,143.75,143.64,143.65
2026-10-05 15:10:00+00:00,143.78,143.825,143.71,143.725
2026-10-05 15:11:00+00:00,143.78,143.805,143.7,143.78
2026-10-05 15:12:00+00:00,143.795,143.795,143.7,143.7
2026-10-05 15:13:00+00:00,143.8,143.8,143.75,143.76
2026-10-05 15:14:00+00:00,143.8,143.92,143.795,143.795
2026-10-05 15:15:00+00:00,143.745,143.815,143.74,143.78
2026-10-05 15:16:00+00:00,143.78,143.79,143.7,143.745
2026-10-05 15:17:00+00:00,143.77,143.82,143.75,143.8
2026-10-05 15:18:00+00:00,143.61,143.77,143.605,143.765
2026-10-05 15:19:00+00:00,143.615,143.645,143.57,143.64
2026-10-05 15:20:00+00:00,143.61,143.63,143.56,143.585
2026-10-05 15:21:00+00:00,143.575,143.63,143.55,143.615
2026-10-05 15:22:00+00:00,143.38,143.55,143.34,143.55
2026-10-05 15:23:00+00:00,143.36,143.37,143.34,143.35
2026-10-05 15:24:00+00:00,143.39,143.42,143.365,143.4
2026-10-05 15:25:00+00:00,143.44,143.49,143.38,143.395
2026-10-05 15:26:00+00:00,143.32,143.44,143.32,143.43
2026-10-05 15:27:00+00:00,143.315,143.34,143.28,143.285
2026-10-05 15:28:00+00:00,143.32,143.37,143.29,143.34
2026-10-05 15:29:00+00:00,143.19,143.34,143.15,143.34
2026-10-05 15:30:00+00:00,143.395,143.4,143.17,143.185
2026-10-05 15:31:00+00:00,143.365,143.43,143.33,143.395
2026-10-05 15:32:00+00:00,143.38,143.385,143.28,143.385
2026-10-05 15:33:00+00:00,143.445,143.505,143.37,143.37
2026-10-05 15:34:00+00:00,143.48,143.54,143.43,143.445
2026-10-05 15:35:00+00:00,143.55,143.56,143.47,143.53
2026-10-05 15:36:00+00:00,143.575,143.58,143.515,143.56
2026-10-05 15:37:00+00:00,143.51,143.59,143.45,143.56
2026-10-05 15:38:00+00:00,143.53,143.53,143.465,143.505
2026-10-05 15:39:00+00:00,143.47,143.51,143.44,143.5
2026-10-05 15:40:00+00:00,143.41,143.5,143.41,143.485
2026-10-05 15:41:00+00:00,143.53,143.555,143.41,143.41
2026-10-05 15:42:00+00:00,143.475,143.59,143.465,143.55
2026-10-05 15:43:00+00:00,143.545,143.57,143.45,143.475
2026-10-05 15:44:00+00:00,143.49,143.58,143.47,143.555
2026-10-05 15:45:00+00:00,143.365,143.44,143.365,143.435
2026-10-05 15:46:00+00:00,143.415,143.43,143.36,143.365
2026-10-05 15:47:00+00:00,143.425,143.425,143.365,143.415
2026-10-05 15:48:00+00:00,143.44,143.455,143.425,143.425
2026-10-05 15:49:00+00:00,143.475,143.75,143.46,143.74
2026-10-05 15:50:00+00:00,143.495,143.745,143.43,143.745
2026-10-05 15:51:00+00:00,143.525,143.53,143.48,143.495
2026-10-05 15:52:00+00:00,143.53,143.57,143.51,143.525
2026-10-05 15:53:00+00:00,143.525,143.545,143.47,143.52
2026-10-05 15:54:00+00:00,143.51,143.59,143.455,143.515
2026-10-05 15:55:00+00:00,143.51,143.78,143.5,143.78
2026-10-05 15:56:00+00:00,143.455,143.495,143.41,143.495
2026-10-05 15:57:00+00:00,143.335,143.745,143.335,143.73
2026-10-05 15:58:00+00:00,143.375,143.485,143.31,143.48
2026-10-05 15:59:00+00:00,143.415,143.43,143.35,143.375
2026-10-05 16:00:00+00:00,143.33,143.47,143.31,143.47
2026-10-05 16:01:00+00:00,143.36,143.37,143.27,143.32
2026-10-05 16:02:00+00:00,143.35,143.39,143.33,143.36
2026-10-05 16:03:00+00:00,143.285,143.35,143.25,143.35
2026-10-05 16:04:00+00:00,143.275,143.305,143.23,143.3
2026-10-05 16:05:00+00:00,143.255,143.325,143.245,143.285
2026-10-05 16:06:00+00:00,143.215,143.265,143.19,143.255
2026-10-05 16:07:00+00:00,143.105,143.215,143.075,143.215
2026-10-05 16:08:00+00:00,143.22,143.22,143.12,143.12
2026-10-05 16:09:00+00:00,143.345,143.345,143.205,143.21
2026-10-05 16:10:00+00:00,143.31,143.37,143.11,143.11
2026-10-05 16:11:00+00:00,143.25,143.345,143.065,143.345
2026-10-05 16:12:00+00:00,143.24,143.27,143.065,143.065
2026-10-05 16:13:00+00:00,143.185,143.24,143.185,143.24
2026-10-05 16:14:00+00:00,143.225,143.245,143.185,143.19
2026-10-05 16:15:00+00:00,143.185,143.245,143.115,143.24
2026-10-05 16:16:00+00:00,143.255,143.265,143.185,143.185
2026-10-05 16:17:00+00:00,143.19,143.29,143.06,143.06
2026-10-05 16:18:00+00:00,143.22,143.245,143.18,143.215
2026-10-05 16:19:00+00:00,143.125,143.21,143.125,143.205
2026-10-05 16:20:00+00:00,143.17,143.215,143.12,143.13
2026-10-05 16:21:00+00:00,143.235,143.235,143.175,143.175
2026-10-05 16:22:00+00:00,143.26,143.29,143.04,143.05
2026-10-05 16:23:00+00:00,143.34,143.365,143.065,143.07
2026-10-05 16:24:00+00:00,143.39,143.42,143.335,143.335
2026-10-05 16:25:00+00:00,143.13,143.46,143.125,143.125
2026-10-05 16:26:00+00:00,143.48,143.48,143.405,143.405
2026-10-05 16:27:00+00:00,143.54,143.54,143.17,143.17
2026-10-05 16:28:00+00:00,143.575,143.595,143.195,143.195
2026-10-05 16:29:00+00:00,143.6,143.6,143.54,143.56
2026-10-05 16:30:00+00:00,143.63,143.63,143.55,143.59
2026-10-05 16:31:00+00:00,143.61,143.67,143.6,143.66
2026-10-05 16:32:00+00:00,143.64,143.67,143.615,143.63
2026-10-05 16:33:00+00:00,143.645,143.67,143.63,143.64
2026-10-05 16:34:00+00:00,143.705,143.72,143.635,143.645
2026-10-05 16:35:00+00:00,143.85,143.88,143.68,143.68
2026-10-05 16:36:00+00:00,143.88,143.88,143.745,143.81
2026-10-05 16:37:00+00:00,143.855,143.945,143.81,143.88
2026-10-05 16:38:00+00:00,144.03,144.08,143.81,143.905
2026-10-05 16:39:00+00:00,143.895,144.03,143.85,144.025
2026-10-05 16:40:00+00:00,143.775,144.01,143.67,143.895
2026-10-05 16:41:00+00:00,143.84,143.86,143.775,143.785
2026-10-05 16:42:00+00:00,143.745,143.84,143.74,143.815
2026-10-05 16:43:00+00:00,143.84,143.84,143.76,143.76
2026-10-05 16:44:00+00:00,143.905,143.905,143.72,143.725
2026-10-05 16:45:00+00:00,143.8,143.895,143.75,143.75
2026-10-05 16:46:00+00:00,143.78,143.8,143.685,143.71
2026-10-05 16:47:00+00:00,143.7,143.795,143.685,143.695
2026-10-05 16:48:00+00:00,143.82,143.82,143.7,143.7
2026-10-05 16:49:00+00:00,143.76,143.94,143.745,143.85
2026-10-05 16:50:00+00:00,143.82,143.84,143.69,143.69
2026-10-05 16:51:00+00:00,143.84,143.92,143.72,143.72
2026-10-05 16:52:00+00:00,143.82,143.87,143.725,143.725
2026-10-05 16:53:00+00:00,143.675,143.835,143.655,143.82
2026-10-05 16:54:00+00:00,143.65,143.71,143.645,143.655
2026-10-05 16:55:00+00:00,143.625,143.675,143.61,143.675
2026-10-05 16:56:00+00:00,143.685,143.695,143.615,143.625
2026-10-05 16:57:00+00:00,143.64,143.66,143.62,143.64
2026-10-05 16:58:00+00:00,143.675,143.675,143.63,143.64
2026-10-05 16:59:00+00:00,143.625,143.67,143.6,143.64
2026-10-05 17:00:00+00:00,143.495,143.645,143.48,143.625
2026-10-05 17:01:00+00:00,143.48,143.71,143.48,143.485
2026-10-05 17:02:00+00:00,143.445,143.51,143.44,143.505
2026-10-05 17:03:00+00:00,143.505,143.535,143.43,143.435
2026-10-05 17:04:00+00:00,143.49,143.56,143.49,143.51
2026-10-05 17:05:00+00:00,143.57,143.58,143.455,143.49
2026-10-05 17:06:00+00:00,143.46,143.57,143.43,143.57
2026-10-05 17:07:00+00:00,143.415,143.55,143.39,143.46
2026-10-05 17:08:00+00:00,143.45,143.45,143.33,143.415
2026-10-05 17:09:00+00:00,143.465,143.535,143.425,143.425
2026-10-05 17:10:00+00:00,143.52,143.52,143.46,143.5
2026-10-05 17:11:00+00:00,143.41,143.51,143.37,143.51
2026-10-05 17:12:00+00:00,143.425,143.435,143.4,143.41
2026-10-05 17:13:00+00:00,143.425,143.435,143.415,143.43
2026-10-05 17:14:00+00:00,143.41,143.42,143.38,143.405
2026-10-05 17:15:00+00:00,143.44,143.46,143.39,143.4
2026-10-05 17:16:00+00:00,143.435,143.49,143.31,143.315
2026-10-05 17:17:00+00:00,143.405,143.45,143.385,143.435
2026-10-05 17:18:00+00:00,143.405,143.41,143.38,143.395
2026-10-05 17:19:00+00:00,143.405,143.45,143.385,143.39
2026-10-05 17:20:00+00:00,143.42,143.43,143.39,143.405
2026-10-05 17:21:00+00:00,143.45,143.47,143.42,143.42
2026-10-05 17:22:00+00:00,143.525,143.525,143.415,143.43
2026-10-05 17:23:00+00:00,143.435,143.51,143.42,143.45
2026-10-05 17:24:00+00:00,143.48,143.48,143.435,143.45
2026-10-05 17:25:00+00:00,143.52,143.59,143.355,143.355
2026-10-05 17:26:00+00:00,143.53,143.535,143.45,143.51
2026-10-05 17:27:00+00:00,143.47,143.53,143.44,143.53
2026-10-05 17:28:00+00:00,143.49,143.55,143.47,143.47
2026-10-05 17:29:00+00:00,143.445,143.48,143.42,143.48
2026-10-05 17:30:00+00:00,143.43,143.465,143.405,143.445
2026-10-05 17:31:00+00:00,143.465,143.475,143.415,143.415
2026-10-05 17:32:00+00:00,143.4,143.49,143.4,143.465
2026-10-05 17:33:00+00:00,143.34,143.405,143.33,143.405
2026-10-05 17:34:00+00:00,143.33,143.395,143.31,143.32
2026-10-05 17:35:00+00:00,143.295,143.33,143.26,143.285
2026-10-05 17:36:00+00:00,143.32,143.32,143.19,143.295
2026-10-05 17:37:00+00:00,143.345,143.405,143.325,143.325
2026-10-05 17:38:00+00:00,143.41,143.435,143.33,143.33
2026-10-05 17:39:00+00:00,143.46,143.54,143.415,143.415
2026-10-05 17:40:00+00:00,143.48,143.525,143.48,143.485
2026-10-05 17:41:00+00:00,143.545,143.555,143.455,143.455
2026-10-05 17:42:00+00:00,143.595,143.625,143.545,143.555
2026-10-05 17:43:00+00:00,143.95,143.95,143.6,143.6
2026-10-05 17:44:00+00:00,144.005,144.01,143.945,143.945
2026-10-05 17:45:00+00:00,143.94,144.04,143.94,144.035
2026-10-05 17:46:00+00:00,143.855,143.88,143.755,143.78
2026-10-05 17:47:00+00:00,143.88,143.88,143.84,143.88
2026-10-05 17:48:00+00:00,143.86,143.935,143.84,143.89
2026-10-05 17:49:00+00:00,143.665,143.865,143.66,143.86
2026-10-05 17:50:00+00:00,143.775,143.81,143.66,143.67
2026-10-05 17:51:00+00:00,143.715,143.835,143.705,143.77
2026-10-05 17:52:00+00:00,143.695,143.775,143.685,143.72
2026-10-05 17:53:00+00:00,143.73,143.73,143.655,143.725
2026-10-05 17:54:00+00:00,143.715,143.79,143.665,143.77
2026-10-05 17:55:00+00:00,143.64,143.7,143.61,143.7
2026-10-05 17:56:00+00:00,143.745,143.745,143.62,143.665
2026-10-05 17:57:00+00:00,143.85,143.85,143.7,143.71
2026-10-05 17:58:00+00:00,143.795,143.82,143.785,143.82
2026-10-05 17:59:00+00:00,143.76,143.81,143.7,143.805
2026-10-05 18:00:00+00:00,143.695,143.77,143.675,143.73
2026-10-05 18:01:00+00:00,143.625,143.685,143.61,143.68
2026-10-05 18:02:00+00:00,143.71,143.71,143.6,143.66
2026-10-05 18:03:00+00:00,143.71,143.78,143.645,143.71
2026-10-05 18:04:00+00:00,143.68,143.765,143.625,143.71
2026-10-05 18:05:00+00:00,143.665,143.68,143.56,143.68
2026-10-05 18:06:00+00:00,143.64,143.71,143.64,143.68
2026-10-05 18:07:00+00:00,143.56,143.64,143.56,143.64
2026-10-05 18:08:00+00:00,143.61,143.61,143.49,143.535
2026-10-05 18:09:00+00:00,143.59,143.61,143.53,143.61
2026-10-05 18:10:00+00:00,143.65,143.805,143.58,143.79
2026-10-05 18:11:00+00:00,143.595,143.8,143.56,143.795
2026-10-05 18:12:00+00:00,143.49,143.585,143.485,143.585
2026-10-05 18:13:00+00:00,143.46,143.57,143.455,143.54
2026-10-05 18:14:00+00:00,143.52,143.64,143.425,143.64
2026-10-05 18:15:00+00:00,143.485,143.54,143.46,143.54
2026-10-05 18:16:00+00:00,143.565,143.57,143.475,143.495
2026-10-05 18:17:00+00:00,143.47,143.565,143.47,143.565
2026-10-05 18:18:00+00:00,143.49,143.5,143.47,143.48
2026-10-05 18:19:00+00:00,143.505,143.545,143.485,143.485
2026-10-05 18:20:00+00:00,143.485,143.49,143.43,143.445
2026-10-05 18:21:00+00:00,143.55,143.55,143.49,143.49
2026-10-05 18:22:00+00:00,143.53,143.57,143.5,143.54
2026-10-05 18:23:00+00:00,143.595,143.63,143.525,143.53
2026-10-05 18:24:00+00:00,143.6,143.63,143.56,143.57
2026-10-05 18:25:00+00:00,143.605,143.625,143.59,143.6
2026-10-05 18:26:00+00:00,143.65,143.675,143.605,143.605
2026-10-05 18:27:00+00:00,143.705,143.715,143.635,143.635
2026-10-05 18:28:00+00:00,143.805,143.82,143.72,143.72
2026-10-05 18:29:00+00:00,143.715,143.815,143.68,143.78
2026-10-05 18:30:00+00:00,143.7,143.73,143.695,143.715
2026-10-05 18:31:00+00:00,143.555,143.745,143.53,143.745
2026-10-05 18:32:00+00:00,143.505,143.57,143.46,143.55
2026-10-05 18:33:00+00:00,143.475,143.6,143.45,143.495
2026-10-05 18:34:00+00:00,143.48,143.5,143.415,143.5
2026-10-05 18:35:00+00:00,143.475,143.49,143.425,143.465
2026-10-05 18:36:00+00:00,143.375,143.515,143.34,143.48
2026-10-05 18:37:00+00:00,143.365,143.645,143.36,143.63
2026-10-05 18:38:00+00:00,143.335,143.365,143.315,143.365
2026-10-05 18:39:00+00:00,143.625,143.625,143.325,143.615
2026-10-05 18:40:00+00:00,143.305,143.625,143.26,143.625
2026-10-05 18:41:00+00:00,143.365,143.64,143.35,143.605
2026-10-05 18:42:00+00:00,143.42,143.44,143.09,143.09
2026-10-05 18:43:00+00:00,143.385,143.425,143.385,143.425
2026-10-05 18:44:00+00:00,143.465,143.63,143.38,143.63
2026-10-05 18:45:00+00:00,143.51,143.525,143.41,143.455
2026-10-05 18:46:00+00:00,143.495,143.505,143.155,143.175
2026-10-05 18:47:00+00:00,143.375,143.47,143.155,143.165
2026-10-05 18:48:00+00:00,143.425,143.43,143.13,143.135
2026-10-05 18:49:00+00:00,143.62,143.62,143.165,143.43
2026-10-05 18:50:00+00:00,143.46,143.62,143.42,143.62
2026-10-05 18:51:00+00:00,143.53,143.66,143.445,143.66
2026-10-05 18:52:00+00:00,143.48,143.56,143.225,143.225
2026-10-05 18:53:00+00:00,143.505,143.52,143.44,143.48
2026-10-05 18:54:00+00:00,143.53,143.53,143.19,143.19
2026-10-05 18:55:00+00:00,143.545,143.55,143.505,143.51
2026-10-05 18:56:00+00:00,143.535,143.56,143.515,143.545
2026-10-05 18:57:00+00:00,143.505,143.56,143.48,143.54
2026-10-05 18:58:00+00:00,143.495,143.53,143.49,143.505
2026-10-05 18:59:00+00:00,143.545,143.74,143.53,143.725
2026-10-05 19:00:00+00:00,143.53,143.595,143.525,143.57
2026-10-05 19:01:00+00:00,143.64,143.72,143.53,143.72
2026-10-05 19:02:00+00:00,143.705,143.715,143.645,143.65
2026-10-05 19:03:00+00:00,143.785,143.795,143.69,143.69
2026-10-05 19:04:00+00:00,143.775,143.82,143.77,143.795
2026-10-05 19:05:00+00:00,143.795,143.82,143.72,143.785
2026-10-05 19:06:00+00:00,143.735,143.85,143.7,143.82
2026-10-05 19:07:00+00:00,143.655,143.74,143.635,143.735
2026-10-05 19:08:00+00:00,143.57,143.66,143.57,143.655
2026-10-05 19:09:00+00:00,143.59,143.665,143.555,143.56
2026-10-05 19:10:00+00:00,143.66,143.67,143.545,143.59
2026-10-05 19:11:00+00:00,143.67,143.705,143.65,143.705
2026-10-05 19:12:00+00:00,143.74,143.765,143.655,143.66
2026-10-05 19:13:00+00:00,143.76,143.78,143.71,143.73
2026-10-05 19:14:00+00:00,143.735,143.8,143.73,143.76
2026-10-05 19:15:00+00:00,143.59,143.745,143.58,143.745
2026-10-05 19:16:00+00:00,143.685,143.69,143.59,143.59
2026-10-05 19:17:00+00:00,143.61,143.735,143.59,143.68
2026-10-05 19:18:00+00:00,143.66,143.675,143.625,143.625
2026-10-05 19:19:00+00:00,143.66,143.68,143.65,143.67
2026-10-05 19:20:00+00:00,143.73,143.75,143.66,143.67
2026-10-05 19:21:00+00:00,143.675,143.765,143.65,143.725
2026-10-05 19:22:00+00:00,143.655,143.7,143.64,143.685
2026-10-05 19:23:00+00:00,143.555,143.66,143.55,143.66
2026-10-05 19:24:00+00:00,143.62,143.63,143.53,143.555
2026-10-05 19:25:00+00:00,143.665,143.71,143.62,143.62
2026-10-05 19:26:00+00:00,143.635,143.665,143.62,143.65
2026-10-05 19:27:00+00:00,143.565,143.66,143.565,143.635
2026-10-05 19:28:00+00:00,143.52,143.595,143.51,143.565
2026-10-05 19:29:00+00:00,143.485,143.53,143.45,143.52
2026-10-05 19:30:00+00:00,143.64,143.64,143.47,143.495
2026-10-05 19:31:00+00:00,143.6,143.645,143.575,143.64
2026-10-05 19:32:00+00:00,143.56,143.58,143.52,143.555
2026-10-05 19:33:00+00:00,143.445,143.56,143.445,143.545
2026-10-05 19:34:00+00:00,143.48,143.52,143.45,143.45
2026-10-05 19:35:00+00:00,143.485,143.58,143.46,143.48
2026-10-05 19:36:00+00:00,143.505,143.57,143.335,143.34
2026-10-05 19:37:00+00:00,143.58,143.585,143.33,143.34
2026-10-05 19:38:00+00:00,143.565,143.63,143.55,143.575
2026-10-05 19:39:00+00:00,143.535,143.59,143.5,143.57
2026-10-05 19:40:00+00:00,143.585,143.59,143.52,143.535
2026-10-05 19:41:00+00:00,143.47,143.585,143.46,143.585
2026-10-05 19:42:00+00:00,143.45,143.515,143.435,143.47
2026-10-05 19:43:00+00:00,143.39,143.46,143.38,143.445
2026-10-05 19:44:00+00:00,143.45,143.49,143.37,143.37
2026-10-05 19:45:00+00:00,143.365,143.46,143.35,143.445
2026-10-05 19:46:00+00:00,143.335,143.425,143.31,143.375
2026-10-05 19:47:00+00:00,143.235,143.31,143.2,143.31
2026-10-05 19:48:00+00:00,143.28,143.31,143.235,143.25
2026-10-05 19:49:00+00:00,143.165,143.28,143.165,143.275
2026-10-05 19:50:00+00:00,143.01,143.19,142.98,143.19
2026-10-05 19:51:00+00:00,142.87,143.01,142.835,142.99
2026-10-05 19:52:00+00:00,142.885,142.99,142.865,142.87
2026-10-05 19:53:00+00:00,142.87,142.98,142.865,142.91
2026-10-05 19:54:00+00:00,142.865,142.875,142.77,142.87
2026-10-05 19:55:00+00:00,142.7,142.81,142.645,142.81
2026-10-05 19:56:00+00:00,142.545,142.74,142.535,142.735
2026-10-05 19:57:00+00:00,142.645,142.685,142.54,142.58
2026-10-05 19:58:00+00:00,142.51,142.655,142.505,142.63
2026-10-05 19:59:00+00:00,142.52,142.595,142.38,142.59
2026-10-06 13:30:00+00:00,144.31,144.31,143.975,143.98
2026-10-06 13:31:00+00:00,144.505,144.57,144.17,144.33
2026-10-06 13:32:00+00:00,144.77,144.88,144.33,144.59
2026-10-06 13:33:00+00:00,145.05,145.16,144.83,144.85
2026-10-06 13:34:00+00:00,145.4,145.44,145.0,145.0
2026-10-06 13:35:00+00:00,145.7,145.7,145.315,145.315
2026-10-06 13:36:00+00:00,145.64,145.94,145.595,145.77
2026-10-06 13:37:00+00:00,145.185,145.67,145.185,145.55
2026-10-06 13:38:00+00:00,144.595,145.1,144.3,145.0
2026-10-06 13:39:00+00:00,144.42,144.615,144.36,144.615
2026-10-06 13:40:00+00:00,144.55,144.62,144.39,144.4
2026-10-06 13:41:00+00:00,145.15,145.28,144.735,144.735
2026-10-06 13:42:00+00:00,145.05,145.13,144.84,145.085
2026-10-06 13:43:00+00:00,144.89,144.965,144.79,144.965
2026-10-06 13:44:00+00:00,144.75,144.795,144.625,144.795
2026-10-06 13:45:00+00:00,144.485,144.705,144.37,144.675
2026-10-06 13:46:00+00:00,144.8,144.8,144.55,144.55
2026-10-06 13:47:00+00:00,144.89,144.955,144.65,144.65
2026-10-06 13:48:00+00:00,144.715,145.09,144.655,144.89
2026-10-06 13:49:00+00:00,144.7,144.84,144.645,144.715
2026-10-06 13:50:00+00:00,144.765,144.79,144.545,144.705
2026-10-06 13:51:00+00:00,144.75,144.875,144.685,144.765
2026-10-06 13:52:00+00:00,144.6,144.815,144.53,144.815
2026-10-06 13:53:00+00:00,145.21,145.21,144.6,144.6
2026-10-06 13:54:00+00:00,145.46,145.52,145.04,145.04
2026-10-06 13:55:00+00:00,145.405,145.49,145.4,145.435
2026-10-06 13:56:00+00:00,145.455,145.695,145.33,145.69
2026-10-06 13:57:00+00:00,145.325,145.66,145.325,145.455
2026-10-06 13:58:00+00:00,145.46,145.505,145.305,145.49
2026-10-06 13:59:00+00:00,145.56,145.64,145.235,145.235
2026-10-06 14:00:00+00:00,145.755,145.92,145.545,145.765
2026-10-06 14:01:00+00:00,146.015,146.03,145.75,145.75
2026-10-06 14:02:00+00:00,145.58,146.26,145.575,146.2
2026-10-06 14:03:00+00:00,145.465,145.71,145.435,145.58
2026-10-06 14:04:00+00:00,145.185,145.5,145.16,145.47
2026-10-06 14:05:00+00:00,145.185,145.32,145.155,145.175
2026-10-06 14:06:00+00:00,145.355,145.42,145.185,145.185
2026-10-06 14:07:00+00:00,145.11,145.49,145.11,145.455
2026-10-06 14:08:00+00:00,145.41,145.41,145.11,145.11
2026-10-06 14:09:00+00:00,145.38,145.45,145.19,145.45
2026-10-06 14:10:00+00:00,145.19,145.475,145.12,145.38
2026-10-06 14:11:00+00:00,145.06,145.3,145.06,145.165
2026-10-06 14:12:00+00:00,144.82,145.1,144.81,144.98
2026-10-06 14:13:00+00:00,144.89,144.905,144.81,144.81
2026-10-06 14:14:00+00:00,145.015,145.025,144.81,144.89
2026-10-06 14:15:00+00:00,145.215,145.265,144.945,145.01
2026-10-06 14:16:00+00:00,145.09,145.33,144.995,145.26
2026-10-06 14:17:00+00:00,144.9,145.035,144.88,145.03
2026-10-06 14:18:00+00:00,144.765,145.015,144.765,144.9
2026-10-06 14:19:00+00:00,144.79,144.96,144.735,144.755
2026-10-06 14:20:00+00:00,145.12,145.12,144.845,144.885
2026-10-06 14:21:00+00:00,145.06,145.09,144.975,145.09
2026-10-06 14:22:00+00:00,145.05,145.09,144.885,145.045
2026-10-06 14:23:00+00:00,144.95,145.04,144.89,145.04
2026-10-06 14:24:00+00:00,144.96,145.02,144.895,144.915
2026-10-06 14:25:00+00:00,145.02,145.07,144.95,144.95
2026-10-06 14:26:00+00:00,145.075,145.08,145.02,145.06
2026-10-06 14:27:00+00:00,144.69,145.06,144.69,144.94
2026-10-06 14:28:00+00:00,144.55,144.79,144.52,144.71
2026-10-06 14:29:00+00:00,144.28,144.585,144.21,144.58
2026-10-06 14:30:00+00:00,144.27,144.375,144.27,144.295
2026-10-06 14:31:00+00:00,144.41,144.41,144.28,144.32
2026-10-06 14:32:00+00:00,144.455,144.54,144.37,144.37
2026-10-06 14:33:00+00:00,144.52,144.53,144.46,144.46
2026-10-06 14:34:00+00:00,144.395,144.545,144.395,144.52
2026-10-06 14:35:00+00:00,144.36,144.43,144.215,144.415
2026-10-06 14:36:00+00:00,144.68,144.68,144.32,144.41
2026-10-06 14:37:00+00:00,144.67,144.77,144.615,144.615
2026-10-06 14:38:00+00:00,144.535,144.67,144.45,144.665
2026-10-06 14:39:00+00:00,144.495,144.545,144.48,144.535
2026-10-06 14:40:00+00:00,144.45,144.545,144.335,144.545
2026-10-06 14:41:00+00:00,144.87,144.88,144.45,144.455
2026-10-06 14:42:00+00:00,145.13,145.22,144.77,144.77
2026-10-06 14:43:00+00:00,145.15,145.28,145.065,145.18
2026-10-06 14:44:00+00:00,145.355,145.375,145.03,145.075
2026-10-06 14:45:00+00:00,145.2,145.235,145.095,145.235
2026-10-06 14:46:00+00:00,145.23,145.23,145.16,145.2
2026-10-06 14:47:00+00:00,144.975,145.245,144.92,145.245
2026-10-06 14:48:00+00:00,145.02,145.09,144.93,144.97
2026-10-06 14:49:00+00:00,145.07,145.115,144.96,145.075
2026-10-06 14:50:00+00:00,144.935,145.065,144.89,145.025
2026-10-06 14:51:00+00:00,144.98,145.025,144.855,144.935
2026-10-06 14:52:00+00:00,144.88,144.975,144.865,144.975
2026-10-06 14:53:00+00:00,145.28,145.28,144.88,144.895
2026-10-06 14:54:00+00:00,145.35,145.35,145.23,145.31
2026-10-06 14:55:00+00:00,145.38,145.485,145.025,145.03
2026-10-06 14:56:00+00:00,145.47,145.47,145.375,145.38
2026-10-06 14:57:00+00:00,145.32,145.45,145.24,145.44
2026-10-06 14:58:00+00:00,145.13,145.31,145.125,145.205
2026-10-06 14:59:00+00:00,145.235,145.28,145.155,145.155
2026-10-06 15:00:00+00:00,145.28,145.49,145.105,145.305
2026-10-06 15:01:00+00:00,145.415,145.65,145.275,145.455
2026-10-06 15:02:00+00:00,145.36,145.63,145.35,145.455
2026-10-06 15:03:00+00:00,145.455,145.55,145.455,145.455
2026-10-06 15:04:00+00:00,145.555,145.65,145.455,145.455
2026-10-06 15:05:00+00:00,145.735,145.74,145.455,145.455
2026-10-06 15:06:00+00:00,145.72,145.75,145.42,145.455
2026-10-06 15:07:00+00:00,145.285,145.72,145.235,145.72
2026-10-06 15:08:00+00:00,145.245,145.285,145.15,145.235
2026-10-06 15:09:00+00:00,145.23,145.525,145.23,145.505
2026-10-06 15:10:00+00:00,145.285,145.515,145.245,145.505
2026-10-06 15:11:00+00:00,145.31,145.365,145.21,145.35
2026-10-06 15:12:00+00:00,145.22,145.32,145.18,145.32
2026-10-06 15:13:00+00:00,145.27,145.27,145.16,145.22
2026-10-06 15:14:00+00:00,145.26,145.355,145.16,145.22
2026-10-06 15:15:00+00:00,145.25,145.31,145.23,145.26
2026-10-06 15:16:00+00:00,145.21,145.33,145.21,145.22
2026-10-06 15:17:00+00:00,145.21,145.31,145.155,145.21
2026-10-06 15:18:00+00:00,145.095,145.21,145.05,145.19
2026-10-06 15:19:00+00:00,145.01,145.06,144.94,145.035
2026-10-06 15:20:00+00:00,145.075,145.115,144.995,145.01
2026-10-06 15:21:00+00:00,145.14,145.14,145.07,145.075
2026-10-06 15:22:00+00:00,145.16,145.445,145.115,145.445
2026-10-06 15:23:00+00:00,145.255,145.475,145.13,145.13
2026-10-06 15:24:00+00:00,145.23,145.51,145.16,145.51
2026-10-06 15:25:00+00:00,145.07,145.26,145.06,145.19
2026-10-06 15:26:00+00:00,145.13,145.13,145.05,145.05
2026-10-06 15:27:00+00:00,145.05,145.46,145.045,145.455
2026-10-06 15:28:00+00:00,145.045,145.045,144.915,145.03
2026-10-06 15:29:00+00:00,144.99,145.045,144.915,145.045
2026-10-06 15:30:00+00:00,144.97,145.1,144.91,144.99
2026-10-06 15:31:00+00:00,144.97,145.05,144.97,144.98
2026-10-06 15:32:00+00:00,145.0,145.0,144.98,145.0
2026-10-06 15:33:00+00:00,144.945,145.015,144.945,144.985
2026-10-06 15:34:00+00:00,144.88,144.93,144.81,144.93
2026-10-06 15:35:00+00:00,144.965,144.99,144.815,144.87
2026-10-06 15:36:00+00:00,144.94,145.01,144.875,144.99
2026-10-06 15:37:00+00:00,144.96,145.035,144.93,144.94
2026-10-06 15:38:00+00:00,144.97,144.97,144.865,144.96
2026-10-06 15:39:00+00:00,144.855,144.95,144.82,144.88
2026-10-06 15:40:00+00:00,144.935,144.94,144.845,144.855
2026-10-06 15:41:00+00:00,144.915,144.99,144.875,144.93
2026-10-06 15:42:00+00:00,144.87,144.94,144.85,144.915
2026-10-06 15:43:00+00:00,145.02,145.31,144.87,144.92
2026-10-06 15:44:00+00:00,145.02,145.03,144.875,145.02
2026-10-06 15:45:00+00:00,144.91,145.025,144.85,145.025
2026-10-06 15:46:00+00:00,145.005,145.015,144.845,144.91
2026-10-06 15:47:00+00:00,145.085,145.13,144.93,145.01
2026-10-06 15:48:00+00:00,145.19,145.355,145.135,145.335
2026-10-06 15:49:00+00:00,145.19,145.225,145.005,145.025
2026-10-06 15:50:00+00:00,145.17,145.225,144.965,145.2
2026-10-06 15:51:00+00:00,145.11,145.195,144.97,145.175
2026-10-06 15:52:00+00:00,145.06,145.155,145.055,145.14
2026-10-06 15:53:00+00:00,145.11,145.115,144.91,144.925
2026-10-06 15:54:00+00:00,145.06,145.155,144.955,144.97
2026-10-06 15:55:00+00:00,145.0,145.095,144.88,144.97
2026-10-06 15:56:00+00:00,144.98,145.29,144.965,145.29
2026-10-06 15:57:00+00:00,144.95,145.3,144.94,145.3
2026-10-06 15:58:00+00:00,145.04,145.065,144.865,144.91
2026-10-06 15:59:00+00:00,145.12,145.13,145.02,145.06
2026-10-06 16:00:00+00:00,145.23,145.23,145.105,145.115
2026-10-06 16:01:00+00:00,145.195,145.335,145.18,145.23
2026-10-06 16:02:00+00:00,145.15,145.235,145.15,145.16
2026-10-06 16:03:00+00:00,145.195,145.21,145.07,145.07
2026-10-06 16:04:00+00:00,145.155,145.365,145.13,145.19
2026-10-06 16:05:00+00:00,145.34,145.34,145.145,145.145
2026-10-06 16:06:00+00:00,145.275,145.345,145.15,145.16
2026-10-06 16:07:00+00:00,145.285,145.53,145.115,145.53
2026-10-06 16:08:00+00:00,145.24,145.31,145.24,145.295
2026-10-06 16:09:00+00:00,145.205,145.27,145.085,145.11
2026-10-06 16:10:00+00:00,145.225,145.49,145.19,145.49
2026-10-06 16:11:00+00:00,145.245,145.485,145.145,145.225
2026-10-06 16:12:00+00:00,145.265,145.295,145.2,145.28
2026-10-06 16:13:00+00:00,145.14,145.355,145.14,145.265
2026-10-06 16:14:00+00:00,145.065,145.14,144.945,145.055
2026-10-06 16:15:00+00:00,145.025,145.085,144.92,145.065
2026-10-06 16:16:00+00:00,144.87,145.06,144.83,145.025
2026-10-06 16:17:00+00:00,144.875,144.99,144.86,144.87
2026-10-06 16:18:00+00:00,144.89,145.01,144.85,144.86
2026-10-06 16:19:00+00:00,144.92,144.995,144.89,144.925
2026-10-06 16:20:00+00:00,144.97,145.0,144.91,144.925
2026-10-06 16:21:00+00:00,144.905,145.065,144.84,144.97
2026-10-06 16:22:00+00:00,144.955,145.26,144.91,145.26
2026-10-06 16:23:00+00:00,144.94,144.99,144.915,144.915
2026-10-06 16:24:00+00:00,144.965,144.965,144.92,144.92
2026-10-06 16:25:00+00:00,144.91,144.965,144.865,144.965
2026-10-06 16:26:00+00:00,145.025,145.065,144.91,144.91
2026-10-06 16:27:00+00:00,145.035,145.08,145.0,145.03
2026-10-06 16:28:00+00:00,145.12,145.12,145.0,145.04
2026-10-06 16:29:00+00:00,145.03,145.37,145.03,145.365
2026-10-06 16:30:00+00:00,145.15,145.16,145.02,145.02
2026-10-06 16:31:00+00:00,145.245,145.4,145.205,145.38
2026-10-06 16:32:00+00:00,145.315,145.315,145.21,145.245
2026-10-06 16:33:00+00:00,145.36,145.55,145.315,145.315
2026-10-06 16:34:00+00:00,145.595,145.635,145.41,145.59
2026-10-06 16:35:00+00:00,145.425,145.635,145.4,145.635
2026-10-06 16:36:00+00:00,145.365,145.59,145.31,145.59
2026-10-06 16:37:00+00:00,145.205,145.35,145.16,145.315
2026-10-06 16:38:00+00:00,145.235,145.27,145.16,145.205
2026-10-06 16:39:00+00:00,145.405,145.555,145.235,145.24
2026-10-06 16:40:00+00:00,145.625,145.64,145.4,145.605
2026-10-06 16:41:00+00:00,145.595,145.72,145.48,145.48
2026-10-06 16:42:00+00:00,145.545,145.58,145.435,145.465
2026-10-06 16:43:00+00:00,145.7,145.745,145.545,145.545
2026-10-06 16:44:00+00:00,145.97,146.055,145.52,145.52
2026-10-06 16:45:00+00:00,146.15,146.18,145.66,145.66
2026-10-06 16:46:00+00:00,146.18,146.295,146.08,146.295
2026-10-06 16:47:00+00:00,146.09,146.175,146.065,146.07
2026-10-06 16:48:00+00:00,145.86,146.13,145.86,146.09
2026-10-06 16:49:00+00:00,146.17,146.17,145.6,145.6
2026-10-06 16:50:00+00:00,146.25,146.28,146.04,146.215
2026-10-06 16:51:00+00:00,146.14,146.295,146.13,146.265
2026-10-06 16:52:00+00:00,146.25,146.385,146.14,146.175
2026-10-06 16:53:00+00:00,146.19,146.325,146.13,146.25
2026-10-06 16:54:00+00:00,146.25,146.31,146.11,146.17
2026-10-06 16:55:00+00:00,146.52,146.55,146.105,146.31
2026-10-06 16:56:00+00:00,146.6,146.68,146.525,146.525
2026-10-06 16:57:00+00:00,146.65,146.72,146.365,146.675
2026-10-06 16:58:00+00:00,146.89,146.935,146.37,146.37
2026-10-06 16:59:00+00:00,146.74,146.92,146.65,146.895
2026-10-06 17:00:00+00:00,146.555,146.84,146.52,146.77
2026-10-06 17:01:00+00:00,146.505,146.6,146.28,146.33
2026-10-06 17:02:00+00:00,146.42,146.505,146.25,146.485
2026-10-06 17:03:00+00:00,146.595,146.63,146.415,146.42
2026-10-06 17:04:00+00:00,146.485,146.63,146.44,146.57
2026-10-06 17:05:00+00:00,146.395,146.5,146.23,146.495
2026-10-06 17:06:00+00:00,146.225,146.415,146.17,146.41
2026-10-06 17:07:00+00:00,146.45,146.45,146.105,146.14
2026-10-06 17:08:00+00:00,146.36,146.445,146.245,146.265
2026-10-06 17:09:00+00:00,146.44,146.455,146.295,146.36
2026-10-06 17:10:00+00:00,146.155,146.44,146.15,146.395
2026-10-06 17:11:00+00:00,146.135,146.19,146.01,146.12
2026-10-06 17:12:00+00:00,146.26,146.26,146.165,146.2
2026-10-06 17:13:00+00:00,146.165,146.255,146.11,146.255
2026-10-06 17:14:00+00:00,146.185,146.245,146.14,146.215
2026-10-06 17:15:00+00:00,146.285,146.305,146.205,146.225
2026-10-06 17:16:00+00:00,146.085,146.27,146.085,146.24
2026-10-06 17:17:00+00:00,146.065,146.215,146.065,146.105
2026-10-06 17:18:00+00:00,146.235,146.25,146.05,146.05
2026-10-06 17:19:00+00:00,146.155,146.325,146.11,146.21
2026-10-06 17:20:00+00:00,146.205,146.23,146.1,146.15
2026-10-06 17:21:00+00:00,146.015,146.18,145.94,146.17
2026-10-06 17:22:00+00:00,146.015,146.14,145.985,146.04
2026-10-06 17:23:00+00:00,145.985,146.085,145.885,146.04
2026-10-06 17:24:00+00:00,146.14,146.16,145.975,145.985
2026-10-06 17:25:00+00:00,146.14,146.27,146.095,146.14
2026-10-06 17:26:00+00:00,146.18,146.18,145.94,146.105
2026-10-06 17:27:00+00:00,146.13,146.19,146.125,146.18
2026-10-06 17:28:00+00:00,146.115,146.19,146.11,146.19
2026-10-06 17:29:00+00:00,146.09,146.11,146.065,146.065
2026-10-06 17:30:00+00:00,146.1,146.125,146.065,146.09
2026-10-06 17:31:00+00:00,146.115,146.115,146.06,146.105
2026-10-06 17:32:00+00:00,146.25,146.275,146.115,146.115
2026-10-06 17:33:00+00:00,146.25,146.255,146.17,146.19
2026-10-06 17:34:00+00:00,146.385,146.675,146.25,146.25
2026-10-06 17:35:00+00:00,146.415,146.45,146.365,146.385
2026-10-06 17:36:00+00:00,146.195,146.35,146.195,146.35
2026-10-06 17:37:00+00:00,146.24,146.27,146.14,146.25
2026-10-06 17:38:00+00:00,146.315,146.32,146.24,146.245
2026-10-06 17:39:00+00:00,146.205,146.245,146.195,146.24
2026-10-06 17:40:00+00:00,146.215,146.215,146.175,146.19
2026-10-06 17:41:00+00:00,146.295,146.31,146.19,146.19
2026-10-06 17:42:00+00:00,146.2,146.3,146.195,146.295
2026-10-06 17:43:00+00:00,146.165,146.23,146.145,146.22
2026-10-06 17:44:00+00:00,146.085,146.19,146.03,146.13
2026-10-06 17:45:00+00:00,146.045,146.175,145.945,146.165
2026-10-06 17:46:00+00:00,146.075,146.245,146.05,146.24
2026-10-06 17:47:00+00:00,146.01,146.245,145.945,146.245
2026-10-06 17:48:00+00:00,146.01,146.025,145.96,145.96
2026-10-06 17:49:00+00:00,146.0,146.23,145.95,146.225
2026-10-06 17:50:00+00:00,146.135,146.195,145.96,146.195
2026-10-06 17:51:00+00:00,146.25,146.26,146.135,146.135
2026-10-06 17:52:00+00:00,146.185,146.34,146.13,146.285
2026-10-06 17:53:00+00:00,146.33,146.33,146.14,146.145
2026-10-06 17:54:00+00:00,146.29,146.33,146.255,146.33
2026-10-06 17:55:00+00:00,146.14,146.29,146.135,146.29
2026-10-06 17:56:00+00:00,146.11,146.205,146.085,146.205
2026-10-06 17:57:00+00:00,146.145,146.21,146.045,146.075
2026-10-06 17:58:00+00:00,146.295,146.35,146.21,146.21
2026-10-06 17:59:00+00:00,146.255,146.39,146.245,146.295
2026-10-06 18:00:00+00:00,146.3,146.65,146.295,146.625
2026-10-06 18:01:00+00:00,146.265,146.3,146.24,146.26
2026-10-06 18:02:00+00:00,146.35,146.625,146.245,146.625
2026-10-06 18:03:00+00:00,146.435,146.46,146.34,146.35
2026-10-06 18:04:00+00:00,146.305,146.435,146.305,146.43
2026-10-06 18:05:00+00:00,146.265,146.3,146.155,146.255
2026-10-06 18:06:00+00:00,146.28,146.28,146.22,146.255
2026-10-06 18:07:00+00:00,146.15,146.28,146.095,146.28
2026-10-06 18:08:00+00:00,146.165,146.165,146.05,146.15
2026-10-06 18:09:00+00:00,146.135,146.17,146.03,146.13
2026-10-06 18:10:00+00:00,146.195,146.195,146.06,146.09
2026-10-06 18:11:00+00:00,146.255,146.26,146.195,146.195
2026-10-06 18:12:00+00:00,146.175,146.205,146.17,146.195
2026-10-06 18:13:00+00:00,146.1,146.19,146.1,146.105
2026-10-06 18:14:00+00:00,146.07,146.16,146.015,146.1
2026-10-06 18:15:00+00:00,146.14,146.155,145.97,146.04
2026-10-06 18:16:00+00:00,145.975,146.15,145.975,146.14
2026-10-06 18:17:00+00:00,146.005,146.125,146.0,146.085
2026-10-06 18:18:00+00:00,146.005,146.085,145.995,146.005
2026-10-06 18:19:00+00:00,145.885,146.005,145.885,145.99
2026-10-06 18:20:00+00:00,145.815,145.91,145.76,145.905
2026-10-06 18:21:00+00:00,145.835,145.85,145.78,145.82
2026-10-06 18:22:00+00:00,145.65,145.835,145.65,145.815
2026-10-06 18:23:00+00:00,145.66,145.725,145.405,145.405
2026-10-06 18:24:00+00:00,145.755,145.755,145.42,145.655
2026-10-06 18:25:00+00:00,145.75,145.815,145.74,145.755
2026-10-06 18:26:00+00:00,145.735,145.795,145.465,145.465
2026-10-06 18:27:00+00:00,145.75,145.765,145.73,145.735
2026-10-06 18:28:00+00:00,145.66,145.78,145.655,145.75
2026-10-06 18:29:00+00:00,145.665,145.91,145.64,145.66
2026-10-06 18:30:00+00:00,145.69,145.74,145.685,145.685
2026-10-06 18:31:00+00:00,145.54,145.7,145.395,145.435
2026-10-06 18:32:00+00:00,145.61,145.61,145.54,145.54
2026-10-06 18:33:00+00:00,145.635,145.67,145.595,145.64
2026-10-06 18:34:00+00:00,145.56,145.58,145.375,145.405
2026-10-06 18:35:00+00:00,145.365,145.865,145.35,145.86
2026-10-06 18:36:00+00:00,145.405,145.58,145.34,145.365
2026-10-06 18:37:00+00:00,145.44,145.46,145.375,145.405
2026-10-06 18:38:00+00:00,145.49,145.52,145.48,145.48
2026-10-06 18:39:00+00:00,145.45,145.53,145.45,145.51
2026-10-06 18:40:00+00:00,145.55,145.555,145.46,145.465
2026-10-06 18:41:00+00:00,145.63,145.865,145.36,145.36
2026-10-06 18:42:00+00:00,145.62,145.64,145.61,145.635
2026-10-06 18:43:00+00:00,145.38,145.625,145.38,145.4
2026-10-06 18:44:00+00:00,145.575,145.59,145.35,145.38
2026-10-06 18:45:00+00:00,145.62,145.62,145.575,145.575
2026-10-06 18:46:00+00:00,145.49,145.59,145.365,145.4
2026-10-06 18:47:00+00:00,145.57,145.575,145.49,145.49
2026-10-06 18:48:00+00:00,145.495,145.535,145.335,145.385
2026-10-06 18:49:00+00:00,145.575,145.62,145.5,145.5
2026-10-06 18:50:00+00:00,145.615,145.64,145.365,145.375
2026-10-06 18:51:00+00:00,145.65,145.675,145.39,145.405
2026-10-06 18:52:00+00:00,145.67,145.73,145.665,145.67
2026-10-06 18:53:00+00:00,145.87,145.94,145.69,145.935
2026-10-06 18:54:00+00:00,145.915,146.0,145.825,146.0
2026-10-06 18:55:00+00:00,146.035,146.11,145.905,145.915
2026-10-06 18:56:00+00:00,146.035,146.045,145.98,146.035
2026-10-06 18:57:00+00:00,145.975,146.02,145.95,145.98
2026-10-06 18:58:00+00:00,145.88,146.02,145.855,145.97
2026-10-06 18:59:00+00:00,145.865,145.935,145.83,145.85
2026-10-06 19:00:00+00:00,145.875,145.93,145.85,145.865
2026-10-06 19:01:00+00:00,145.87,145.95,145.825,145.88
2026-10-06 19:02:00+00:00,145.88,145.905,145.86,145.865
2026-10-06 19:03:00+00:00,145.81,145.915,145.79,145.91
2026-10-06 19:04:00+00:00,145.905,146.02,145.825,146.0
2026-10-06 19:05:00+00:00,146.005,146.06,145.89,145.905
2026-10-06 19:06:00+00:00,145.89,145.995,145.89,145.995
2026-10-06 19:07:00+00:00,145.865,146.045,145.835,146.045
2026-10-06 19:08:00+00:00,145.855,145.885,145.83,145.875
2026-10-06 19:09:00+00:00,145.81,146.03,145.775,146.02
2026-10-06 19:10:00+00:00,145.835,145.86,145.78,145.79
2026-10-06 19:11:00+00:00,145.76,145.835,145.69,145.835
2026-10-06 19:12:00+00:00,145.735,145.76,145.465,145.465
2026-10-06 19:13:00+00:00,145.655,145.95,145.65,145.95
2026-10-06 19:14:00+00:00,145.57,145.64,145.395,145.4
2026-10-06 19:15:00+00:00,145.605,145.64,145.555,145.57
2026-10-06 19:16:00+00:00,145.44,145.63,145.385,145.385
2026-10-06 19:17:00+00:00,145.395,145.465,145.37,145.44
2026-10-06 19:18:00+00:00,145.28,145.4,145.115,145.39
2026-10-06 19:19:00+00:00,145.28,145.46,145.235,145.445
2026-10-06 19:20:00+00:00,145.325,145.335,145.045,145.045
2026-10-06 19:21:00+00:00,145.295,145.325,145.285,145.325
2026-10-06 19:22:00+00:00,145.315,145.335,145.05,145.085
2026-10-06 19:23:00+00:00,145.37,145.39,145.27,145.3
2026-10-06 19:24:00+00:00,145.3,145.38,145.28,145.37
2026-10-06 19:25:00+00:00,145.29,145.33,145.045,145.05
2026-10-06 19:26:00+00:00,145.425,145.425,145.06,145.06
2026-10-06 19:27:00+00:00,145.32,145.425,145.115,145.115
2026-10-06 19:28:00+00:00,145.26,145.32,145.06,145.065
2026-10-06 19:29:00+00:00,145.195,145.24,145.035,145.035
2026-10-06 19:30:00+00:00,145.305,145.41,145.21,145.41
2026-10-06 19:31:00+00:00,145.555,145.61,145.285,145.555
2026-10-06 19:32:00+00:00,145.385,145.605,145.345,145.42
2026-10-06 19:33:00+00:00,145.21,145.39,145.16,145.39
2026-10-06 19:34:00+00:00,145.065,145.17,145.03,145.15
2026-10-06 19:35:00+00:00,145.09,145.14,144.945,144.945
2026-10-06 19:36:00+00:00,144.885,145.06,144.84,144.955
2026-10-06 19:37:00+00:00,144.95,145.005,144.84,144.885
2026-10-06 19:38:00+00:00,144.965,144.965,144.865,144.9
2026-10-06 19:39:00+00:00,145.025,145.18,144.88,144.965
2026-10-06 19:40:00+00:00,145.12,145.125,145.0,145.125
2026-10-06 19:41:00+00:00,145.045,145.12,145.015,145.08
2026-10-06 19:42:00+00:00,145.035,145.095,145.015,145.065
2026-10-06 19:43:00+00:00,144.98,145.225,144.98,145.035
2026-10-06 19:44:00+00:00,145.03,145.13,144.97,144.975
2026-10-06 19:45:00+00:00,144.955,145.015,144.88,144.91
2026-10-06 19:46:00+00:00,145.06,145.125,144.88,145.125
2026-10-06 19:47:00+00:00,145.115,145.14,145.005,145.04
2026-10-06 19:48:00+00:00,145.13,145.135,145.03,145.11
2026-10-06 19:49:00+00:00,145.05,145.16,145.05,145.12
2026-10-06 19:50:00+00:00,145.01,145.055,144.95,145.04
2026-10-06 19:51:00+00:00,144.89,145.03,144.84,145.01
2026-10-06 19:52:00+00:00,144.825,144.93,144.77,144.85
2026-10-06 19:53:00+00:00,144.7,144.81,144.665,144.81
2026-10-06 19:54:00+00:00,144.68,144.725,144.4,144.405
2026-10-06 19:55:00+00:00,144.79,144.8,144.66,144.7
2026-10-06 19:56:00+00:00,144.81,144.85,144.715,144.79
2026-10-06 19:57:00+00:00,144.765,144.925,144.73,144.845
2026-10-06 19:58:00+00:00,144.75,144.825,144.425,144.43
2026-10-06 19:59:00+00:00,144.75,144.78,144.685,144.755
2026-10-07 13:30:00+00:00,142.39,142.44,142.27,142.27
2026-10-07 13:31:00+00:00,141.9,142.485,141.47,142.485
2026-10-07 13:32:00+00:00,142.915,143.065,141.83,141.9
2026-10-07 13:33:00+00:00,143.72,143.8,142.995,142.995
2026-10-07 13:34:00+00:00,144.105,144.2,143.72,143.73
2026-10-07 13:35:00+00:00,144.125,144.5,144.06,144.125
2026-10-07 13:36:00+00:00,144.35,144.7,144.185,144.29
2026-10-07 13:37:00+00:00,144.03,144.425,143.99,144.33
2026-10-07 13:38:00+00:00,142.8,143.995,142.8,143.995
2026-10-07 13:39:00+00:00,142.89,143.175,142.7,142.78
2026-10-07 13:40:00+00:00,143.37,143.4,142.76,142.97
2026-10-07 13:41:00+00:00,143.415,143.53,143.21,143.42
2026-10-07 13:42:00+00:00,144.06,144.1,143.5,143.67
2026-10-07 13:43:00+00:00,143.35,143.98,143.15,143.95
2026-10-07 13:44:00+00:00,143.2,143.44,143.18,143.33
2026-10-07 13:45:00+00:00,143.08,143.34,142.97,143.175
2026-10-07 13:46:00+00:00,142.8,143.215,142.8,143.125
2026-10-07 13:47:00+00:00,142.85,142.85,142.595,142.8
2026-10-07 13:48:00+00:00,142.98,142.98,142.745,142.81
2026-10-07 13:49:00+00:00,142.895,143.03,142.85,142.86
2026-10-07 13:50:00+00:00,143.38,143.4,142.86,142.895
2026-10-07 13:51:00+00:00,143.18,143.445,143.18,143.38
2026-10-07 13:52:00+00:00,143.245,143.265,143.11,143.145
2026-10-07 13:53:00+00:00,143.65,143.72,143.22,143.25
2026-10-07 13:54:00+00:00,144.04,144.04,143.65,143.65
2026-10-07 13:55:00+00:00,143.78,144.095,143.63,144.09
2026-10-07 13:56:00+00:00,143.725,143.85,143.66,143.675
2026-10-07 13:57:00+00:00,143.575,143.82,143.505,143.805
2026-10-07 13:58:00+00:00,143.655,143.74,143.56,143.57
2026-10-07 13:59:00+00:00,143.44,143.625,143.44,143.625
2026-10-07 14:00:00+00:00,143.35,143.5,143.3,143.5
2026-10-07 14:01:00+00:00,143.04,143.43,143.04,143.43
2026-10-07 14:02:00+00:00,142.91,143.055,142.86,143.0
2026-10-07 14:03:00+00:00,143.215,143.215,142.975,143.175
2026-10-07 14:04:00+00:00,143.17,143.19,143.03,143.19
2026-10-07 14:05:00+00:00,143.235,143.37,143.07,143.24
2026-10-07 14:06:00+00:00,143.185,143.28,143.165,143.235
2026-10-07 14:07:00+00:00,143.15,143.29,143.13,143.2
2026-10-07 14:08:00+00:00,143.29,143.29,143.005,143.06
2026-10-07 14:09:00+00:00,143.245,143.3,143.19,143.26
2026-10-07 14:10:00+00:00,143.0,143.29,143.0,143.29
2026-10-07 14:11:00+00:00,143.19,143.21,142.995,143.02
2026-10-07 14:12:00+00:00,143.03,143.23,143.025,143.23
2026-10-07 14:13:00+00:00,142.94,143.125,142.91,143.065
2026-10-07 14:14:00+00:00,142.92,143.01,142.88,142.885
2026-10-07 14:15:00+00:00,142.85,143.02,142.84,142.96
2026-10-07 14:16:00+00:00,142.725,142.855,142.705,142.855
2026-10-07 14:17:00+00:00,142.805,142.86,142.77,142.77
2026-10-07 14:18:00+00:00,143.035,143.07,142.755,142.785
2026-10-07 14:19:00+00:00,143.1,143.14,143.035,143.04
2026-10-07 14:20:00+00:00,143.19,143.19,143.025,143.045
2026-10-07 14:21:00+00:00,143.27,143.33,143.26,143.31
2026-10-07 14:22:00+00:00,143.245,143.38,143.245,143.255
2026-10-07 14:23:00+00:00,143.135,143.21,143.11,143.185
2026-10-07 14:24:00+00:00,143.16,143.185,143.12,143.135
2026-10-07 14:25:00+00:00,143.25,143.25,143.015,143.12
2026-10-07 14:26:00+00:00,143.275,143.355,143.16,143.18
2026-10-07 14:27:00+00:00,143.055,143.34,143.05,143.315
2026-10-07 14:28:00+00:00,143.1,143.17,143.045,143.08
2026-10-07 14:29:00+00:00,142.96,143.095,142.9,143.025
2026-10-07 14:30:00+00:00,142.87,143.015,142.87,142.99
2026-10-07 14:31:00+00:00,142.95,142.95,142.86,142.88
2026-10-07 14:32:00+00:00,142.945,142.96,142.87,142.935
2026-10-07 14:33:00+00:00,142.96,143.01,142.92,142.95
2026-10-07 14:34:00+00:00,143.04,143.12,142.94,142.95
2026-10-07 14:35:00+00:00,143.005,143.065,142.93,143.0
2026-10-07 14:36:00+00:00,143.14,143.25,143.005,143.04
2026-10-07 14:37:00+00:00,142.83,143.13,142.83,143.125
2026-10-07 14:38:00+00:00,142.93,142.97,142.785,142.805
2026-10-07 14:39:00+00:00,143.0,143.0,142.92,142.935
2026-10-07 14:40:00+00:00,143.15,143.15,143.0,143.0
2026-10-07 14:41:00+00:00,143.195,143.305,143.14,143.14
2026-10-07 14:42:00+00:00,143.275,143.275,143.14,143.18
2026-10-07 14:43:00+00:00,143.225,143.27,143.2,143.27
2026-10-07 14:44:00+00:00,143.185,143.225,143.155,143.225
2026-10-07 14:45:00+00:00,143.2,143.21,143.055,143.18
2026-10-07 14:46:00+00:00,143.21,143.27,143.1,143.195
2026-10-07 14:47:00+00:00,143.22,143.3,143.21,143.21
2026-10-07 14:48:00+00:00,143.19,143.245,143.11,143.215
2026-10-07 14:49:00+00:00,143.3,143.3,143.14,143.185
2026-10-07 14:50:00+00:00,143.17,143.355,143.15,143.275
2026-10-07 14:51:00+00:00,143.145,143.22,143.14,143.22
2026-10-07 14:52:00+00:00,143.06,143.11,143.005,143.105
2026-10-07 14:53:00+00:00,142.86,143.06,142.86,143.06
2026-10-07 14:54:00+00:00,143.105,143.11,142.86,142.86
2026-10-07 14:55:00+00:00,143.255,143.26,143.085,143.105
2026-10-07 14:56:00+00:00,143.36,143.41,143.255,143.255
2026-10-07 14:57:00+00:00,143.47,143.48,143.285,143.37
2026-10-07 14:58:00+00:00,143.52,143.585,143.47,143.485
2026-10-07 14:59:00+00:00,143.475,143.66,143.45,143.54
2026-10-07 15:00:00+00:00,143.4,143.52,143.305,143.43
2026-10-07 15:01:00+00:00,143.315,143.435,143.3,143.395
2026-10-07 15:02:00+00:00,143.29,143.43,143.29,143.315
2026-10-07 15:03:00+00:00,143.46,143.46,143.29,143.335
2026-10-07 15:04:00+00:00,143.445,143.455,143.335,143.445
2026-10-07 15:05:00+00:00,143.42,143.51,143.36,143.455
2026-10-07 15:06:00+00:00,143.415,143.485,143.4,143.45
2026-10-07 15:07:00+00:00,143.315,143.455,143.29,143.455
2026-10-07 15:08:00+00:00,143.315,143.35,143.12,143.315
2026-10-07 15:09:00+00:00,143.345,143.43,143.295,143.315
2026-10-07 15:10:00+00:00,143.605,143.64,143.345,143.345
2026-10-07 15:11:00+00:00,143.685,143.72,143.54,143.635
2026-10-07 15:12:00+00:00,143.505,143.72,143.505,143.63
2026-10-07 15:13:00+00:00,143.68,143.765,143.51,143.51
2026-10-07 15:14:00+00:00,143.585,143.745,143.585,143.685
2026-10-07 15:15:00+00:00,143.55,143.59,143.45,143.585
2026-10-07 15:16:00+00:00,143.57,143.6,143.48,143.6
2026-10-07 15:17:00+00:00,143.43,143.63,143.43,143.555
2026-10-07 15:18:00+00:00,143.42,143.455,143.245,143.455
2026-10-07 15:19:00+00:00,143.38,143.405,143.38,143.405
2026-10-07 15:20:00+00:00,143.42,143.49,143.36,143.39
2026-10-07 15:21:00+00:00,143.19,143.51,143.19,143.42
2026-10-07 15:22:00+00:00,143.245,143.245,143.08,143.18
2026-10-07 15:23:00+00:00,143.19,143.25,143.15,143.205
2026-10-07 15:24:00+00:00,143.15,143.16,143.14,143.16
2026-10-07 15:25:00+00:00,143.2,143.3,143.115,143.165
2026-10-07 15:26:00+00:00,143.22,143.27,143.08,143.2
2026-10-07 15:27:00+00:00,143.105,143.24,143.1,143.24
2026-10-07 15:28:00+00:00,143.065,143.16,143.05,143.12
2026-10-07 15:29:00+00:00,143.035,143.07,143.01,143.045
2026-10-07 15:30:00+00:00,143.1,143.13,142.975,143.02
2026-10-07 15:31:00+00:00,143.21,143.21,143.1,143.11
2026-10-07 15:32:00+00:00,143.345,143.345,143.175,143.175
2026-10-07 15:33:00+00:00,143.33,143.345,143.29,143.29
2026-10-07 15:34:00+00:00,143.225,143.33,143.21,143.33
2026-10-07 15:35:00+00:00,143.425,143.425,143.225,143.225
2026-10-07 15:36:00+00:00,143.62,143.62,143.325,143.435
2026-10-07 15:37:00+00:00,143.775,143.8,143.62,143.62
2026-10-07 15:38:00+00:00,143.98,144.04,143.78,143.78
2026-10-07 15:39:00+00:00,143.96,144.055,143.93,143.985
2026-10-07 15:40:00+00:00,144.065,144.185,143.97,143.98
2026-10-07 15:41:00+00:00,143.85,144.1,143.725,144.07
2026-10-07 15:42:00+00:00,144.08,144.08,143.85,143.85
2026-10-07 15:43:00+00:00,144.325,144.45,144.16,144.44
2026-10-07 15:44:00+00:00,144.375,144.445,144.27,144.325
2026-10-07 15:45:00+00:00,144.45,144.47,144.37,144.42
2026-10-07 15:46:00+00:00,144.41,144.495,144.28,144.46
2026-10-07 15:47:00+00:00,144.37,144.455,144.37,144.41
2026-10-07 15:48:00+00:00,144.36,144.45,144.28,144.45
2026-10-07 15:49:00+00:00,144.515,144.54,144.26,144.37
2026-10-07 15:50:00+00:00,144.04,144.56,144.035,144.55
2026-10-07 15:51:00+00:00,144.28,144.28,144.04,144.045
2026-10-07 15:52:00+00:00,144.16,144.28,144.11,144.26
2026-10-07 15:53:00+00:00,144.175,144.51,144.155,144.16
2026-10-07 15:54:00+00:00,144.055,144.455,143.97,144.455
2026-10-07 15:55:00+00:00,144.04,144.075,144.0,144.065
2026-10-07 15:56:00+00:00,144.26,144.3,144.04,144.04
2026-10-07 15:57:00+00:00,144.315,144.365,144.19,144.29
2026-10-07 15:58:00+00:00,144.59,144.635,144.34,144.48
2026-10-07 15:59:00+00:00,144.48,144.725,144.455,144.6
2026-10-07 16:00:00+00:00,144.55,144.55,144.285,144.285
2026-10-07 16:01:00+00:00,144.525,144.655,144.44,144.48
2026-10-07 16:02:00+00:00,144.27,144.48,144.21,144.48
2026-10-07 16:03:00+00:00,144.14,144.45,144.14,144.275
2026-10-07 16:04:00+00:00,144.27,144.31,144.18,144.225
2026-10-07 16:05:00+00:00,144.295,144.47,144.265,144.47
2026-10-07 16:06:00+00:00,144.31,144.425,144.215,144.425
2026-10-07 16:07:00+00:00,144.22,144.425,144.205,144.425
2026-10-07 16:08:00+00:00,144.07,144.24,143.99,144.215
2026-10-07 16:09:00+00:00,144.14,144.205,144.08,144.08
2026-10-07 16:10:00+00:00,144.025,144.145,144.025,144.1
2026-10-07 16:11:00+00:00,143.885,144.095,143.77,144.05
2026-10-07 16:12:00+00:00,143.78,143.895,143.75,143.885
2026-10-07 16:13:00+00:00,143.88,143.905,143.74,143.74
2026-10-07 16:14:00+00:00,143.88,143.9,143.75,143.88
2026-10-07 16:15:00+00:00,143.895,143.925,143.785,143.88
2026-10-07 16:16:00+00:00,143.85,143.9,143.85,143.89
2026-10-07 16:17:00+00:00,143.73,143.885,143.72,143.85
2026-10-07 16:18:00+00:00,143.895,144.02,143.76,144.02
2026-10-07 16:19:00+00:00,143.8,143.895,143.72,143.86
2026-10-07 16:20:00+00:00,143.885,143.91,143.815,143.905
2026-10-07 16:21:00+00:00,143.84,143.91,143.825,143.865
2026-10-07 16:22:00+00:00,143.9,143.97,143.86,143.865
2026-10-07 16:23:00+00:00,143.85,143.91,143.85,143.895
2026-10-07 16:24:00+00:00,143.865,143.9,143.83,143.85
2026-10-07 16:25:00+00:00,143.85,143.905,143.76,143.865
2026-10-07 16:26:00+00:00,144.05,144.085,143.825,144.08
2026-10-07 16:27:00+00:00,144.09,144.09,143.855,144.055
2026-10-07 16:28:00+00:00,143.915,143.925,143.875,143.925
2026-10-07 16:29:00+00:00,143.76,143.875,143.76,143.875
2026-10-07 16:30:00+00:00,143.835,144.035,143.73,144.035
2026-10-07 16:31:00+00:00,143.805,143.84,143.76,143.835
2026-10-07 16:32:00+00:00,143.94,144.03,143.88,143.88
2026-10-07 16:33:00+00:00,144.04,144.13,143.985,144.12
2026-10-07 16:34:00+00:00,144.03,144.155,143.95,144.03
2026-10-07 16:35:00+00:00,144.04,144.04,143.975,144.02
2026-10-07 16:36:00+00:00,144.0,144.055,143.945,144.04
2026-10-07 16:37:00+00:00,143.98,144.0,143.94,143.97
2026-10-07 16:38:00+00:00,144.1,144.105,143.92,143.975
2026-10-07 16:39:00+00:00,143.96,144.105,143.96,144.1
2026-10-07 16:40:00+00:00,143.97,144.145,143.955,144.145
2026-10-07 16:41:00+00:00,143.995,144.07,143.975,144.01
2026-10-07 16:42:00+00:00,144.06,144.07,143.985,143.995
2026-10-07 16:43:00+00:00,144.015,144.105,143.965,144.105
2026-10-07 16:44:00+00:00,144.095,144.15,143.97,144.055
2026-10-07 16:45:00+00:00,144.11,144.22,144.085,144.16
2026-10-07 16:46:00+00:00,144.09,144.245,144.09,144.19
2026-10-07 16:47:00+00:00,143.98,144.175,143.98,144.175
2026-10-07 16:48:00+00:00,143.96,144.145,143.94,144.145
2026-10-07 16:49:00+00:00,143.84,144.125,143.835,144.115
2026-10-07 16:50:00+00:00,144.035,144.035,143.92,144.035
2026-10-07 16:51:00+00:00,143.95,144.01,143.94,143.975
2026-10-07 16:52:00+00:00,143.91,144.105,143.885,143.91
2026-10-07 16:53:00+00:00,143.87,143.91,143.78,143.91
2026-10-07 16:54:00+00:00,143.57,143.85,143.55,143.85
2026-10-07 16:55:00+00:00,143.63,143.7,143.54,143.63
2026-10-07 16:56:00+00:00,143.685,143.97,143.68,143.97
2026-10-07 16:57:00+00:00,143.59,143.7,143.58,143.685
2026-10-07 16:58:00+00:00,143.605,143.69,143.59,143.59
2026-10-07 16:59:00+00:00,143.68,143.685,143.605,143.605
2026-10-07 17:00:00+00:00,143.66,143.99,143.61,143.99
2026-10-07 17:01:00+00:00,143.6,143.965,143.54,143.965
2026-10-07 17:02:00+00:00,143.85,143.89,143.54,143.55
2026-10-07 17:03:00+00:00,143.84,143.89,143.79,143.89
2026-10-07 17:04:00+00:00,143.725,143.845,143.68,143.84
2026-10-07 17:05:00+00:00,143.795,143.795,143.61,143.725
2026-10-07 17:06:00+00:00,143.88,143.88,143.73,143.765
2026-10-07 17:07:00+00:00,143.91,143.91,143.805,143.805
2026-10-07 17:08:00+00:00,144.04,144.065,143.915,143.94
2026-10-07 17:09:00+00:00,144.02,144.055,143.975,144.05
2026-10-07 17:10:00+00:00,144.14,144.14,144.015,144.03
2026-10-07 17:11:00+00:00,144.275,144.31,144.065,144.11
2026-10-07 17:12:00+00:00,144.295,144.345,144.135,144.14
2026-10-07 17:13:00+00:00,144.28,144.295,144.22,144.295
2026-10-07 17:14:00+00:00,144.225,144.535,144.2,144.52
2026-10-07 17:15:00+00:00,144.155,144.27,144.065,144.225
2026-10-07 17:16:00+00:00,144.165,144.165,144.065,144.11
2026-10-07 17:17:00+00:00,144.25,144.455,144.16,144.18
2026-10-07 17:18:00+00:00,144.345,144.575,144.26,144.48
2026-10-07 17:19:00+00:00,144.22,144.39,144.2,144.38
2026-10-07 17:20:00+00:00,144.375,144.485,144.215,144.485
2026-10-07 17:21:00+00:00,144.325,144.565,144.315,144.565
2026-10-07 17:22:00+00:00,144.4,144.545,144.205,144.54
2026-10-07 17:23:00+00:00,144.37,144.4,144.37,144.4
2026-10-07 17:24:00+00:00,144.41,144.595,144.37,144.575
2026-10-07 17:25:00+00:00,144.35,144.605,144.35,144.59
2026-10-07 17:26:00+00:00,144.315,144.57,144.3,144.56
2026-10-07 17:27:00+00:00,144.26,144.565,144.225,144.35
2026-10-07 17:28:00+00:00,144.235,144.25,144.14,144.2
2026-10-07 17:29:00+00:00,144.155,144.2,144.07,144.185
2026-10-07 17:30:00+00:00,144.125,144.155,144.08,144.155
2026-10-07 17:31:00+00:00,144.09,144.155,144.09,144.125
2026-10-07 17:32:00+00:00,144.12,144.15,144.07,144.09
2026-10-07 17:33:00+00:00,144.01,144.155,144.01,144.12
2026-10-07 17:34:00+00:00,144.105,144.165,143.99,144.085
2026-10-07 17:35:00+00:00,144.145,144.15,144.05,144.105
2026-10-07 17:36:00+00:00,144.14,144.165,144.055,144.145
2026-10-07 17:37:00+00:00,144.055,144.145,144.025,144.105
2026-10-07 17:38:00+00:00,144.135,144.16,144.05,144.055
2026-10-07 17:39:00+00:00,144.16,144.165,144.12,144.16
2026-10-07 17:40:00+00:00,144.175,144.245,144.07,144.155
2026-10-07 17:41:00+00:00,144.26,144.28,144.205,144.245
2026-10-07 17:42:00+00:00,144.26,144.285,144.225,144.225
2026-10-07 17:43:00+00:00,144.34,144.35,144.235,144.24
2026-10-07 17:44:00+00:00,144.36,144.415,144.295,144.35
2026-10-07 17:45:00+00:00,144.335,144.4,144.33,144.33
2026-10-07 17:46:00+00:00,144.35,144.39,144.295,144.31
2026-10-07 17:47:00+00:00,144.3,144.36,144.3,144.355
2026-10-07 17:48:00+00:00,144.28,144.31,144.265,144.29
2026-10-07 17:49:00+00:00,144.315,144.515,144.29,144.515
2026-10-07 17:50:00+00:00,144.335,144.56,144.265,144.53
2026-10-07 17:51:00+00:00,144.34,144.35,144.25,144.335
2026-10-07 17:52:00+00:00,144.355,144.58,144.35,144.555
2026-10-07 17:53:00+00:00,144.395,144.41,144.36,144.36
2026-10-07 17:54:00+00:00,144.36,144.575,144.355,144.575
2026-10-07 17:55:00+00:00,144.33,144.365,144.27,144.355
2026-10-07 17:56:00+00:00,144.36,144.555,144.31,144.54
2026-10-07 17:57:00+00:00,144.33,144.55,144.33,144.55
2026-10-07 17:58:00+00:00,144.335,144.34,144.335,144.34
2026-10-07 17:59:00+00:00,144.26,144.335,144.255,144.335
2026-10-07 18:00:00+00:00,144.31,144.485,144.265,144.27
2026-10-07 18:01:00+00:00,144.385,144.385,144.25,144.31
2026-10-07 18:02:00+00:00,144.575,144.59,144.39,144.39
2026-10-07 18:03:00+00:00,144.39,144.59,144.38,144.59
2026-10-07 18:04:00+00:00,144.485,144.625,144.375,144.38
2026-10-07 18:05:00+00:00,144.605,144.675,144.485,144.49
2026-10-07 18:06:00+00:00,144.465,144.635,144.435,144.59
2026-10-07 18:07:00+00:00,144.38,144.635,144.37,144.51
2026-10-07 18:08:00+00:00,144.27,144.38,144.255,144.375
2026-10-07 18:09:00+00:00,144.255,144.51,144.245,144.275
2026-10-07 18:10:00+00:00,144.51,144.515,144.245,144.255
2026-10-07 18:11:00+00:00,144.215,144.515,144.215,144.505
2026-10-07 18:12:00+00:00,143.875,144.21,143.8,144.21
2026-10-07 18:13:00+00:00,143.825,143.96,143.81,143.875
2026-10-07 18:14:00+00:00,143.89,143.94,143.825,143.825
2026-10-07 18:15:00+00:00,143.945,143.95,143.89,143.89
2026-10-07 18:16:00+00:00,143.925,143.955,143.925,143.925
2026-10-07 18:17:00+00:00,143.985,143.99,143.915,143.945
2026-10-07 18:18:00+00:00,143.985,144.005,143.925,143.94
2026-10-07 18:19:00+00:00,143.985,144.0,143.95,143.98
2026-10-07 18:20:00+00:00,143.955,144.005,143.93,143.985
2026-10-07 18:21:00+00:00,143.955,143.99,143.91,143.98
2026-10-07 18:22:00+00:00,143.915,143.96,143.875,143.94
2026-10-07 18:23:00+00:00,143.905,143.92,143.905,143.92
2026-10-07 18:24:00+00:00,143.925,143.96,143.88,143.905
2026-10-07 18:25:00+00:00,143.955,144.015,143.91,143.925
2026-10-07 18:26:00+00:00,143.96,143.97,143.92,143.955
2026-10-07 18:27:00+00:00,143.98,144.12,143.96,144.12
2026-10-07 18:28:00+00:00,143.935,143.985,143.93,143.985
2026-10-07 18:29:00+00:00,143.935,143.95,143.865,143.935
2026-10-07 18:30:00+00:00,143.905,143.92,143.845,143.91
2026-10-07 18:31:00+00:00,143.93,143.93,143.87,143.9
2026-10-07 18:32:00+00:00,143.95,144.115,143.93,144.075
2026-10-07 18:33:00+00:00,143.94,144.095,143.94,143.95
2026-10-07 18:34:00+00:00,143.97,143.97,143.92,143.955
2026-10-07 18:35:00+00:00,143.945,144.095,143.915,143.97
2026-10-07 18:36:00+00:00,143.93,143.95,143.925,143.945
2026-10-07 18:37:00+00:00,143.93,144.11,143.91,144.095
2026-10-07 18:38:00+00:00,143.82,143.94,143.81,143.93
2026-10-07 18:39:00+00:00,143.85,143.85,143.77,143.82
2026-10-07 18:40:00+00:00,143.915,144.005,143.85,144.005
2026-10-07 18:41:00+00:00,143.985,144.0,143.875,143.915
2026-10-07 18:42:00+00:00,144.015,144.095,143.975,143.975
2026-10-07 18:43:00+00:00,144.14,144.47,144.015,144.015
2026-10-07 18:44:00+00:00,144.23,144.465,144.105,144.175
2026-10-07 18:45:00+00:00,144.31,144.32,144.12,144.2
2026-10-07 18:46:00+00:00,144.255,144.31,144.165,144.28
2026-10-07 18:47:00+00:00,144.155,144.52,144.145,144.495
2026-10-07 18:48:00+00:00,144.255,144.28,144.16,144.16
2026-10-07 18:49:00+00:00,144.215,144.5,144.175,144.495
2026-10-07 18:50:00+00:00,144.26,144.305,144.19,144.215
2026-10-07 18:51:00+00:00,144.225,144.505,144.225,144.5
2026-10-07 18:52:00+00:00,144.235,144.515,144.21,144.26
2026-10-07 18:53:00+00:00,144.48,144.485,144.18,144.235
2026-10-07 18:54:00+00:00,144.24,144.485,144.205,144.47
2026-10-07 18:55:00+00:00,144.255,144.495,144.23,144.49
2026-10-07 18:56:00+00:00,144.28,144.28,144.245,144.255
2026-10-07 18:57:00+00:00,144.26,144.525,144.235,144.515
2026-10-07 18:58:00+00:00,144.15,144.255,144.115,144.255
2026-10-07 18:59:00+00:00,144.13,144.19,144.125,144.15
2026-10-07 19:00:00+00:00,144.31,144.435,144.135,144.435
2026-10-07 19:01:00+00:00,144.595,144.6,144.365,144.54
2026-10-07 19:02:00+00:00,144.595,144.605,144.38,144.565
2026-10-07 19:03:00+00:00,144.51,144.595,144.285,144.595
2026-10-07 19:04:00+00:00,144.25,144.495,144.18,144.33
2026-10-07 19:05:00+00:00,144.235,144.495,144.2,144.47
2026-10-07 19:06:00+00:00,144.08,144.47,144.08,144.235
2026-10-07 19:07:00+00:00,144.025,144.425,144.025,144.425
2026-10-07 19:08:00+00:00,144.015,144.05,143.995,144.025
2026-10-07 19:09:00+00:00,143.905,144.04,143.89,144.04
2026-10-07 19:10:00+00:00,143.78,143.885,143.765,143.885
2026-10-07 19:11:00+00:00,143.8,143.895,143.785,143.895
2026-10-07 19:12:00+00:00,143.72,143.81,143.69,143.795
2026-10-07 19:13:00+00:00,143.76,143.78,143.6,143.705
2026-10-07 19:14:00+00:00,143.91,143.925,143.75,143.79
2026-10-07 19:15:00+00:00,143.96,144.01,143.915,143.94
2026-10-07 19:16:00+00:00,144.03,144.045,143.96,143.96
2026-10-07 19:17:00+00:00,143.97,144.03,143.965,144.025
2026-10-07 19:18:00+00:00,143.935,143.98,143.93,143.97
2026-10-07 19:19:00+00:00,143.94,143.96,143.91,143.91
2026-10-07 19:20:00+00:00,143.92,144.01,143.89,143.97
2026-10-07 19:21:00+00:00,143.875,143.91,143.81,143.91
2026-10-07 19:22:00+00:00,143.855,143.855,143.785,143.79
2026-10-07 19:23:00+00:00,143.83,143.85,143.83,143.84
2026-10-07 19:24:00+00:00,143.84,143.865,143.83,143.84
2026-10-07 19:25:00+00:00,143.96,143.96,143.84,143.84
2026-10-07 19:26:00+00:00,143.88,143.975,143.85,143.96
2026-10-07 19:27:00+00:00,143.75,143.975,143.74,143.965
2026-10-07 19:28:00+00:00,143.71,143.94,143.71,143.93
2026-10-07 19:29:00+00:00,143.68,143.75,143.67,143.71
2026-10-07 19:30:00+00:00,143.815,143.83,143.675,143.68
2026-10-07 19:31:00+00:00,143.83,143.885,143.815,143.84
2026-10-07 19:32:00+00:00,143.885,143.94,143.83,143.83
2026-10-07 19:33:00+00:00,143.925,143.975,143.87,143.88
2026-10-07 19:34:00+00:00,143.925,144.075,143.905,143.92
2026-10-07 19:35:00+00:00,144.0,144.005,143.93,143.98
2026-10-07 19:36:00+00:00,143.91,144.01,143.905,144.0
2026-10-07 19:37:00+00:00,143.895,143.93,143.86,143.93
2026-10-07 19:38:00+00:00,143.82,143.905,143.8,143.885
2026-10-07 19:39:00+00:00,143.815,143.84,143.81,143.815
2026-10-07 19:40:00+00:00,143.85,143.87,143.815,143.815
2026-10-07 19:41:00+00:00,143.945,143.96,143.83,143.85
2026-10-07 19:42:00+00:00,143.97,143.975,143.92,143.94
2026-10-07 19:43:00+00:00,143.865,143.97,143.85,143.97
2026-10-07 19:44:00+00:00,143.855,143.885,143.825,143.87
2026-10-07 19:45:00+00:00,144.075,144.075,143.855,143.855
2026-10-07 19:46:00+00:00,144.16,144.17,144.07,144.075
2026-10-07 19:47:00+00:00,144.12,144.18,144.085,144.16
2026-10-07 19:48:00+00:00,144.13,144.165,144.08,144.125
2026-10-07 19:49:00+00:00,144.09,144.145,144.02,144.08
2026-10-07 19:50:00+00:00,143.82,144.13,143.7,144.11
2026-10-07 19:51:00+00:00,143.68,143.76,143.68,143.75
2026-10-07 19:52:00+00:00,143.72,143.75,143.64,143.68
2026-10-07 19:53:00+00:00,143.8,143.83,143.705,143.75
2026-10-07 19:54:00+00:00,143.72,143.825,143.67,143.765
2026-10-07 19:55:00+00:00,143.755,143.86,143.74,143.74
2026-10-07 19:56:00+00:00,143.85,143.895,143.76,143.79
2026-10-07 19:57:00+00:00,143.98,143.98,143.87,143.87
2026-10-07 19:58:00+00:00,143.74,144.06,143.675,143.99
2026-10-07 19:59:00+00:00,143.56,143.735,143.545,143.68
2026-10-08 13:30:00+00:00,141.6,141.6,141.52,141.52
2026-10-08 13:31:00+00:00,141.67,141.83,141.355,141.355
2026-10-08 13:32:00+00:00,141.8,142.09,141.7,141.88
2026-10-08 13:33:00+00:00,141.53,142.06,141.41,141.69
2026-10-08 13:34:00+00:00,141.67,141.755,141.42,141.62
2026-10-08 13:35:00+00:00,140.87,141.765,140.87,141.765
2026-10-08 13:36:00+00:00,140.83,140.99,140.59,140.97
2026-10-08 13:37:00+00:00,140.95,141.005,140.73,140.9
2026-10-08 13:38:00+00:00,141.36,141.36,140.83,140.92
2026-10-08 13:39:00+00:00,141.435,141.51,141.225,141.335
2026-10-08 13:40:00+00:00,141.2,141.48,141.08,141.435
2026-10-08 13:41:00+00:00,141.46,141.71,141.27,141.29
2026-10-08 13:42:00+00:00,141.81,141.97,141.46,141.46
2026-10-08 13:43:00+00:00,141.65,141.85,141.65,141.85
2026-10-08 13:44:00+00:00,141.26,141.59,141.23,141.59
2026-10-08 13:45:00+00:00,141.38,141.38,141.125,141.17
2026-10-08 13:46:00+00:00,141.32,141.41,141.18,141.38
2026-10-08 13:47:00+00:00,141.335,141.45,141.325,141.33
2026-10-08 13:48:00+00:00,141.2,141.35,141.065,141.35
2026-10-08 13:49:00+00:00,141.345,141.355,141.09,141.09
2026-10-08 13:50:00+00:00,141.415,141.42,141.26,141.345
2026-10-08 13:51:00+00:00,141.38,141.47,141.26,141.415
2026-10-08 13:52:00+00:00,140.84,141.36,140.84,141.35
2026-10-08 13:53:00+00:00,141.07,141.11,140.87,140.87
2026-10-08 13:54:00+00:00,140.985,141.32,140.98,141.07
2026-10-08 13:55:00+00:00,141.115,141.115,140.96,140.985
2026-10-08 13:56:00+00:00,141.13,141.265,141.11,141.12
2026-10-08 13:57:00+00:00,141.1,141.34,141.095,141.095
2026-10-08 13:58:00+00:00,141.18,141.185,141.07,141.095
2026-10-08 13:59:00+00:00,141.305,141.305,141.13,141.205
2026-10-08 14:00:00+00:00,141.19,141.455,141.17,141.455
2026-10-08 14:01:00+00:00,141.005,141.195,141.0,141.125
2026-10-08 14:02:00+00:00,140.9,141.03,140.9,140.96
2026-10-08 14:03:00+00:00,140.945,141.055,140.94,141.0
2026-10-08 14:04:00+00:00,141.09,141.15,140.96,140.96
2026-10-08 14:05:00+00:00,141.23,141.23,141.02,141.06
2026-10-08 14:06:00+00:00,141.26,141.32,141.235,141.285
2026-10-08 14:07:00+00:00,141.53,141.59,141.26,141.26
2026-10-08 14:08:00+00:00,141.33,141.53,141.33,141.52
2026-10-08 14:09:00+00:00,141.27,141.29,141.225,141.29
2026-10-08 14:10:00+00:00,141.345,141.405,141.27,141.27
2026-10-08 14:11:00+00:00,141.305,141.485,141.25,141.485
2026-10-08 14:12:00+00:00,141.355,141.355,141.17,141.25
2026-10-08 14:13:00+00:00,141.61,141.64,141.4,141.475
2026-10-08 14:14:00+00:00,141.49,141.635,141.465,141.51
2026-10-08 14:15:00+00:00,141.535,141.54,141.405,141.49
2026-10-08 14:16:00+00:00,141.655,141.66,141.515,141.56
2026-10-08 14:17:00+00:00,141.83,141.9,141.635,141.655
2026-10-08 14:18:00+00:00,141.985,142.03,141.83,141.83
2026-10-08 14:19:00+00:00,142.0,142.075,141.91,141.99
2026-10-08 14:20:00+00:00,142.015,142.04,141.9,141.935
2026-10-08 14:21:00+00:00,141.785,142.03,141.765,142.01
2026-10-08 14:22:00+00:00,141.895,141.9,141.73,141.745
2026-10-08 14:23:00+00:00,141.925,141.95,141.86,141.89
2026-10-08 14:24:00+00:00,141.96,141.99,141.875,141.905
2026-10-08 14:25:00+00:00,142.015,142.025,141.95,141.95
2026-10-08 14:26:00+00:00,142.04,142.085,141.995,142.01
2026-10-08 14:27:00+00:00,142.04,142.055,141.99,142.04
2026-10-08 14:28:00+00:00,142.31,142.365,142.03,142.03
2026-10-08 14:29:00+00:00,142.41,142.42,142.23,142.23
2026-10-08 14:30:00+00:00,142.29,142.37,142.225,142.37
2026-10-08 14:31:00+00:00,142.295,142.39,142.22,142.29
2026-10-08 14:32:00+00:00,142.365,142.38,142.285,142.285
2026-10-08 14:33:00+00:00,142.135,142.32,142.095,142.32
2026-10-08 14:34:00+00:00,142.27,142.27,142.15,142.15
2026-10-08 14:35:00+00:00,142.125,142.29,142.095,142.26
2026-10-08 14:36:00+00:00,142.2,142.23,142.07,142.08
2026-10-08 14:37:00+00:00,142.045,142.16,142.02,142.13
2026-10-08 14:38:00+00:00,141.87,142.03,141.87,142.03
2026-10-08 14:39:00+00:00,141.835,141.87,141.785,141.835
2026-10-08 14:40:00+00:00,141.815,141.87,141.815,141.83
2026-10-08 14:41:00+00:00,141.76,141.85,141.76,141.85
2026-10-08 14:42:00+00:00,141.645,141.75,141.645,141.75
2026-10-08 14:43:00+00:00,141.65,141.755,141.61,141.61
2026-10-08 14:44:00+00:00,141.645,141.73,141.635,141.65
2026-10-08 14:45:00+00:00,141.625,141.72,141.595,141.625
2026-10-08 14:46:00+00:00,141.765,141.765,141.32,141.325
2026-10-08 14:47:00+00:00,141.815,141.845,141.76,141.76
2026-10-08 14:48:00+00:00,141.78,141.88,141.78,141.805
2026-10-08 14:49:00+00:00,141.575,141.75,141.555,141.75
2026-10-08 14:50:00+00:00,141.59,141.675,141.56,141.58
2026-10-08 14:51:00+00:00,141.545,141.575,141.53,141.575
2026-10-08 14:52:00+00:00,141.43,141.6,141.425,141.545
2026-10-08 14:53:00+00:00,141.36,141.52,141.31,141.5
2026-10-08 14:54:00+00:00,141.275,141.35,141.21,141.35
2026-10-08 14:55:00+00:00,141.285,141.35,141.275,141.275
2026-10-08 14:56:00+00:00,141.505,141.56,141.4,141.455
2026-10-08 14:57:00+00:00,141.29,141.53,141.29,141.525
2026-10-08 14:58:00+00:00,141.325,141.44,141.285,141.425
2026-10-08 14:59:00+00:00,141.21,141.33,141.185,141.33
2026-10-08 15:00:00+00:00,141.06,141.205,140.84,140.85
2026-10-08 15:01:00+00:00,141.14,141.235,141.065,141.08
2026-10-08 15:02:00+00:00,141.165,141.365,141.15,141.36
2026-10-08 15:03:00+00:00,141.06,141.21,140.84,140.845
2026-10-08 15:04:00+00:00,141.095,141.175,140.77,140.78
2026-10-08 15:05:00+00:00,141.085,141.11,140.81,140.82
2026-10-08 15:06:00+00:00,141.045,141.095,140.79,140.81
2026-10-08 15:07:00+00:00,141.05,141.09,140.775,140.785
2026-10-08 15:08:00+00:00,140.965,141.0,140.765,140.78
2026-10-08 15:09:00+00:00,140.945,141.05,140.94,140.96
2026-10-08 15:10:00+00:00,140.83,141.165,140.83,141.16
2026-10-08 15:11:00+00:00,140.905,140.94,140.81,140.83
2026-10-08 15:12:00+00:00,141.005,141.01,140.91,140.91
2026-10-08 15:13:00+00:00,141.15,141.2,140.98,141.005
2026-10-08 15:14:00+00:00,141.13,141.345,140.83,140.84
2026-10-08 15:15:00+00:00,141.125,141.13,140.83,140.83
2026-10-08 15:16:00+00:00,141.145,141.15,141.045,141.125
2026-10-08 15:17:00+00:00,141.31,141.36,140.85,140.85
2026-10-08 15:18:00+00:00,141.375,141.41,141.3,141.32
2026-10-08 15:19:00+00:00,141.27,141.325,141.215,141.325
2026-10-08 15:20:00+00:00,141.08,141.3,141.08,141.26
2026-10-08 15:21:00+00:00,140.895,141.025,140.885,141.025
2026-10-08 15:22:00+00:00,140.87,140.945,140.85,140.895
2026-10-08 15:23:00+00:00,140.985,141.0,140.825,140.825
2026-10-08 15:24:00+00:00,141.0,141.055,140.94,141.02
2026-10-08 15:25:00+00:00,140.965,141.05,140.765,140.765
2026-10-08 15:26:00+00:00,141.04,141.055,140.965,140.965
2026-10-08 15:27:00+00:00,141.035,141.065,140.805,140.805
2026-10-08 15:28:00+00:00,141.02,141.025,140.96,141.01
2026-10-08 15:29:00+00:00,140.86,141.04,140.755,140.76
2026-10-08 15:30:00+00:00,140.73,140.85,140.73,140.82
2026-10-08 15:31:00+00:00,140.65,140.775,140.635,140.765
2026-10-08 15:32:00+00:00,140.705,140.72,140.65,140.675
2026-10-08 15:33:00+00:00,140.625,140.705,140.605,140.705
2026-10-08 15:34:00+00:00,140.57,140.66,140.32,140.325
2026-10-08 15:35:00+00:00,140.445,140.575,140.28,140.28
2026-10-08 15:36:00+00:00,140.64,140.645,140.225,140.23
2026-10-08 15:37:00+00:00,140.645,140.67,140.355,140.385
2026-10-08 15:38:00+00:00,140.63,140.63,140.53,140.6
2026-10-08 15:39:00+00:00,140.66,140.66,140.36,140.36
2026-10-08 15:40:00+00:00,140.84,140.84,140.395,140.395
2026-10-08 15:41:00+00:00,140.91,140.91,140.78,140.85
2026-10-08 15:42:00+00:00,141.045,141.045,140.97,140.985
2026-10-08 15:43:00+00:00,141.19,141.19,141.05,141.05
2026-10-08 15:44:00+00:00,141.18,141.275,140.97,140.99
2026-10-08 15:45:00+00:00,141.19,141.25,141.16,141.18
2026-10-08 15:46:00+00:00,141.125,141.235,140.975,140.99
2026-10-08 15:47:00+00:00,141.025,141.125,140.95,140.95
2026-10-08 15:48:00+00:00,141.135,141.135,141.01,141.045
2026-10-08 15:49:00+00:00,141.08,141.165,141.075,141.135
2026-10-08 15:50:00+00:00,141.155,141.155,141.08,141.08
2026-10-08 15:51:00+00:00,141.29,141.29,141.16,141.16
2026-10-08 15:52:00+00:00,141.135,141.29,141.07,141.29
2026-10-08 15:53:00+00:00,141.16,141.16,141.08,141.14
2026-10-08 15:54:00+00:00,141.09,141.17,141.09,141.12
2026-10-08 15:55:00+00:00,140.94,141.03,140.94,140.985
2026-10-08 15:56:00+00:00,140.935,140.96,140.875,140.895
2026-10-08 15:57:00+00:00,141.12,141.12,140.93,140.93
2026-10-08 15:58:00+00:00,141.1,141.125,141.095,141.12
2026-10-08 15:59:00+00:00,141.15,141.15,141.03,141.03
2026-10-08 16:00:00+00:00,141.18,141.22,141.12,141.12
2026-10-08 16:01:00+00:00,141.14,141.19,141.08,141.165
2026-10-08 16:02:00+00:00,141.155,141.205,141.12,141.14
2026-10-08 16:03:00+00:00,141.03,141.09,141.03,141.09
2026-10-08 16:04:00+00:00,140.97,141.05,140.95,141.045
2026-10-08 16:05:00+00:00,140.96,140.96,140.92,140.93
2026-10-08 16:06:00+00:00,141.0,141.005,140.94,140.97
2026-10-08 16:07:00+00:00,140.98,141.02,140.97,141.01
2026-10-08 16:08:00+00:00,141.065,141.07,140.98,140.98
2026-10-08 16:09:00+00:00,141.12,141.135,141.035,141.035
2026-10-08 16:10:00+00:00,141.06,141.13,141.025,141.12
2026-10-08 16:11:00+00:00,141.19,141.19,141.04,141.065
2026-10-08 16:12:00+00:00,141.195,141.225,141.08,141.085
2026-10-08 16:13:00+00:00,141.16,141.22,141.125,141.215
2026-10-08 16:14:00+00:00,141.16,141.21,141.145,141.16
2026-10-08 16:15:00+00:00,141.21,141.21,141.13,141.16
2026-10-08 16:16:00+00:00,141.2,141.26,141.18,141.18
2026-10-08 16:17:00+00:00,142.065,142.285,141.19,141.195
2026-10-08 16:18:00+00:00,141.77,142.11,141.71,142.11
2026-10-08 16:19:00+00:00,141.595,141.7,141.58,141.7
2026-10-08 16:20:00+00:00,141.725,141.79,141.615,141.615
2026-10-08 16:21:00+00:00,141.895,141.9,141.75,141.75
2026-10-08 16:22:00+00:00,141.78,141.9,141.78,141.9
2026-10-08 16:23:00+00:00,141.96,142.04,141.94,141.94
2026-10-08 16:24:00+00:00,141.965,142.055,141.95,141.97
2026-10-08 16:25:00+00:00,141.895,142.065,141.88,142.055
2026-10-08 16:26:00+00:00,142.025,142.04,141.615,141.615
2026-10-08 16:27:00+00:00,141.99,142.05,141.685,141.69
2026-10-08 16:28:00+00:00,142.055,142.065,141.695,141.695
2026-10-08 16:29:00+00:00,141.98,142.015,141.67,141.705
2026-10-08 16:30:00+00:00,142.025,142.065,141.675,141.68
2026-10-08 16:31:00+00:00,142.11,142.13,141.695,141.695
2026-10-08 16:32:00+00:00,142.15,142.2,142.115,142.115
2026-10-08 16:33:00+00:00,142.09,142.115,142.02,142.115
2026-10-08 16:34:00+00:00,142.21,142.22,142.06,142.065
2026-10-08 16:35:00+00:00,142.2,142.235,142.12,142.215
2026-10-08 16:36:00+00:00,142.09,142.24,142.085,142.145
2026-10-08 16:37:00+00:00,142.14,142.205,141.865,141.865
2026-10-08 16:38:00+00:00,142.025,142.07,141.85,141.865
2026-10-08 16:39:00+00:00,142.18,142.18,141.97,141.99
2026-10-08 16:40:00+00:00,142.44,142.46,142.24,142.415
2026-10-08 16:41:00+00:00,142.31,142.525,142.275,142.52
2026-10-08 16:42:00+00:00,140.37,142.69,140.28,142.32
2026-10-08 16:43:00+00:00,138.05,140.525,137.5,140.515
2026-10-08 16:44:00+00:00,137.63,139.045,137.5,138.09
2026-10-08 16:45:00+00:00,138.215,138.46,136.915,137.56
2026-10-08 16:46:00+00:00,138.57,139.04,138.055,138.215
2026-10-08 16:47:00+00:00,138.005,138.685,137.81,138.57
2026-10-08 16:48:00+00:00,136.37,137.79,136.37,137.79
2026-10-08 16:49:00+00:00,135.06,136.51,134.86,136.36
2026-10-08 16:50:00+00:00,135.84,135.84,134.94,135.33
2026-10-08 16:51:00+00:00,136.0,136.0,135.4,135.68
2026-10-08 16:52:00+00:00,135.41,136.1,135.41,135.98
2026-10-08 16:53:00+00:00,135.6,135.715,135.09,135.505
2026-10-08 16:54:00+00:00,135.59,136.01,135.29,135.61
2026-10-08 16:55:00+00:00,135.695,136.05,135.45,135.715
2026-10-08 16:56:00+00:00,135.075,135.76,134.91,135.71
2026-10-08 16:57:00+00:00,134.785,135.38,134.74,135.055
2026-10-08 16:58:00+00:00,135.45,135.6,134.71,134.75
2026-10-08 16:59:00+00:00,135.45,135.73,135.29,135.365
2026-10-08 17:00:00+00:00,135.25,135.415,134.935,135.415
2026-10-08 17:01:00+00:00,135.6,135.6,135.155,135.325
2026-10-08 17:02:00+00:00,135.95,136.0,135.565,135.62
2026-10-08 17:03:00+00:00,135.98,136.09,135.74,136.04
2026-10-08 17:04:00+00:00,135.655,135.895,135.545,135.885
2026-10-08 17:05:00+00:00,135.88,136.03,135.7,135.7
2026-10-08 17:06:00+00:00,135.88,135.88,135.63,135.85
2026-10-08 17:07:00+00:00,136.3,136.5,135.955,136.045
2026-10-08 17:08:00+00:00,136.365,136.51,136.225,136.32
2026-10-08 17:09:00+00:00,136.385,136.545,136.32,136.365
2026-10-08 17:10:00+00:00,136.2,136.39,136.1,136.31
2026-10-08 17:11:00+00:00,136.03,136.255,135.84,136.14
2026-10-08 17:12:00+00:00,136.48,136.51,136.025,136.035
2026-10-08 17:13:00+00:00,136.52,136.56,136.36,136.475
2026-10-08 17:14:00+00:00,136.755,136.845,136.54,136.54
2026-10-08 17:15:00+00:00,136.62,136.8,136.52,136.715
2026-10-08 17:16:00+00:00,136.72,136.91,136.335,136.335
2026-10-08 17:17:00+00:00,136.56,136.665,136.4,136.66
2026-10-08 17:18:00+00:00,136.255,136.585,136.21,136.565
2026-10-08 17:19:00+00:00,136.14,136.34,136.14,136.255
2026-10-08 17:20:00+00:00,136.215,136.335,136.13,136.265
2026-10-08 17:21:00+00:00,135.93,136.21,135.835,136.21
2026-10-08 17:22:00+00:00,135.905,135.93,135.795,135.93
2026-10-08 17:23:00+00:00,135.58,135.83,135.53,135.8
2026-10-08 17:24:00+00:00,135.965,135.98,135.305,135.325
2026-10-08 17:25:00+00:00,136.34,136.34,135.91,135.915
2026-10-08 17:26:00+00:00,136.06,136.36,135.96,136.31
2026-10-08 17:27:00+00:00,136.22,136.31,136.01,136.01
2026-10-08 17:28:00+00:00,136.63,136.725,136.185,136.205
2026-10-08 17:29:00+00:00,137.1,137.14,136.555,136.63
2026-10-08 17:30:00+00:00,137.13,137.225,137.11,137.225
2026-10-08 17:31:00+00:00,137.21,137.21,136.93,137.11
2026-10-08 17:32:00+00:00,137.325,137.545,137.21,137.23
2026-10-08 17:33:00+00:00,137.49,137.525,137.32,137.38
2026-10-08 17:34:00+00:00,137.18,137.545,137.175,137.42
2026-10-08 17:35:00+00:00,137.255,137.35,137.165,137.165
2026-10-08 17:36:00+00:00,137.415,137.47,137.285,137.285
2026-10-08 17:37:00+00:00,137.475,137.495,137.375,137.375
2026-10-08 17:38:00+00:00,137.71,137.75,137.39,137.475
2026-10-08 17:39:00+00:00,137.985,138.0,137.66,137.85
2026-10-08 17:40:00+00:00,138.035,138.08,137.915,137.985
2026-10-08 17:41:00+00:00,137.73,138.04,137.725,138.035
2026-10-08 17:42:00+00:00,137.945,138.12,137.67,137.73
2026-10-08 17:43:00+00:00,137.71,137.9,137.59,137.89
2026-10-08 17:44:00+00:00,137.62,137.91,137.54,137.865
2026-10-08 17:45:00+00:00,137.64,137.78,137.54,137.62
2026-10-08 17:46:00+00:00,137.265,137.705,137.24,137.61
2026-10-08 17:47:00+00:00,136.965,137.16,136.7,137.1
2026-10-08 17:48:00+00:00,136.905,136.99,136.87,136.95
2026-10-08 17:49:00+00:00,137.035,137.095,136.765,136.765
2026-10-08 17:50:00+00:00,136.97,137.145,136.97,137.0
2026-10-08 17:51:00+00:00,137.14,137.14,137.0,137.1
2026-10-08 17:52:00+00:00,137.14,137.27,137.07,137.125
2026-10-08 17:53:00+00:00,137.14,137.17,137.07,137.08
2026-10-08 17:54:00+00:00,137.26,137.295,137.07,137.1
2026-10-08 17:55:00+00:00,136.85,137.27,136.85,137.26
2026-10-08 17:56:00+00:00,136.675,136.97,136.615,136.765
2026-10-08 17:57:00+00:00,136.73,136.79,136.545,136.7
2026-10-08 17:58:00+00:00,136.82,136.84,136.635,136.66
2026-10-08 17:59:00+00:00,136.77,137.11,136.77,137.11
2026-10-08 18:00:00+00:00,136.825,137.035,136.815,136.815
2026-10-08 18:01:00+00:00,136.685,136.8,136.53,136.765
2026-10-08 18:02:00+00:00,136.94,136.98,136.68,136.68
2026-10-08 18:03:00+00:00,136.93,136.99,136.89,136.94
2026-10-08 18:04:00+00:00,137.065,137.21,136.745,136.745
2026-10-08 18:05:00+00:00,137.065,137.065,136.88,137.04
2026-10-08 18:06:00+00:00,137.235,137.235,136.8,136.815
2026-10-08 18:07:00+00:00,136.865,137.235,136.855,137.23
2026-10-08 18:08:00+00:00,136.26,136.825,136.26,136.7
2026-10-08 18:09:00+00:00,136.02,136.3,135.9,136.29
2026-10-08 18:10:00+00:00,136.105,136.12,135.955,136.06
2026-10-08 18:11:00+00:00,136.205,136.23,136.05,136.105
2026-10-08 18:12:00+00:00,136.115,136.215,136.03,136.19
2026-10-08 18:13:00+00:00,136.13,136.13,136.0,136.11
2026-10-08 18:14:00+00:00,135.92,136.16,135.74,136.135
2026-10-08 18:15:00+00:00,136.06,136.18,135.78,136.165
2026-10-08 18:16:00+00:00,136.365,136.365,136.1,136.1
2026-10-08 18:17:00+00:00,136.415,136.66,136.28,136.48
2026-10-08 18:18:00+00:00,136.55,136.57,136.4,136.41
2026-10-08 18:19:00+00:00,136.64,136.67,136.335,136.35
2026-10-08 18:20:00+00:00,136.54,136.65,136.44,136.635
2026-10-08 18:21:00+00:00,136.45,136.545,136.42,136.545
2026-10-08 18:22:00+00:00,136.36,136.485,136.32,136.45
2026-10-08 18:23:00+00:00,136.49,136.5,136.3,136.325
2026-10-08 18:24:00+00:00,136.51,136.515,136.445,136.445
2026-10-08 18:25:00+00:00,136.375,136.475,136.26,136.295
2026-10-08 18:26:00+00:00,136.505,136.505,136.315,136.375
2026-10-08 18:27:00+00:00,136.355,136.505,136.3,136.475
2026-10-08 18:28:00+00:00,136.305,136.39,136.27,136.355
2026-10-08 18:29:00+00:00,136.19,136.315,136.19,136.28
2026-10-08 18:30:00+00:00,136.185,136.34,136.14,136.19
2026-10-08 18:31:00+00:00,136.0,136.18,136.0,136.18
2026-10-08 18:32:00+00:00,136.04,136.145,136.015,136.04
2026-10-08 18:33:00+00:00,135.94,136.01,135.94,135.98
2026-10-08 18:34:00+00:00,135.98,136.02,135.945,135.945
2026-10-08 18:35:00+00:00,135.955,136.01,135.865,136.005
2026-10-08 18:36:00+00:00,135.805,135.95,135.805,135.95
2026-10-08 18:37:00+00:00,135.695,135.78,135.51,135.555
2026-10-08 18:38:00+00:00,135.63,135.715,135.335,135.335
2026-10-08 18:39:00+00:00,135.79,135.79,135.62,135.63
2026-10-08 18:40:00+00:00,135.93,135.98,135.81,135.81
2026-10-08 18:41:00+00:00,135.95,136.03,135.71,135.71
2026-10-08 18:42:00+00:00,135.855,135.98,135.69,135.89
2026-10-08 18:43:00+00:00,135.8,135.905,135.745,135.855
2026-10-08 18:44:00+00:00,135.71,135.785,135.54,135.54
2026-10-08 18:45:00+00:00,135.55,135.735,135.405,135.425
2026-10-08 18:46:00+00:00,135.54,135.575,135.265,135.29
2026-10-08 18:47:00+00:00,135.625,135.695,135.52,135.56
2026-10-08 18:48:00+00:00,135.59,135.635,135.52,135.62
2026-10-08 18:49:00+00:00,135.62,135.65,135.3,135.59
2026-10-08 18:50:00+00:00,135.72,135.73,135.585,135.615
2026-10-08 18:51:00+00:00,135.67,135.77,135.62,135.7
2026-10-08 18:52:00+00:00,135.64,135.745,135.475,135.505
2026-10-08 18:53:00+00:00,135.66,135.705,135.465,135.705
2026-10-08 18:54:00+00:00,135.955,135.96,135.65,135.665
2026-10-08 18:55:00+00:00,135.68,135.92,135.65,135.92
2026-10-08 18:56:00+00:00,135.51,135.67,135.475,135.67
2026-10-08 18:57:00+00:00,135.32,135.75,135.12,135.75
2026-10-08 18:58:00+00:00,135.325,135.375,135.24,135.37
2026-10-08 18:59:00+00:00,135.34,135.43,135.225,135.225
2026-10-08 19:00:00+00:00,135.125,135.31,134.92,135.17
2026-10-08 19:01:00+00:00,135.17,135.315,135.07,135.125
2026-10-08 19:02:00+00:00,135.105,135.19,135.07,135.15
2026-10-08 19:03:00+00:00,134.99,135.105,134.9,135.105
2026-10-08 19:04:00+00:00,135.04,135.04,134.915,134.98
2026-10-08 19:05:00+00:00,135.06,135.08,134.98,135.045
2026-10-08 19:06:00+00:00,134.975,135.1,134.95,135.06
2026-10-08 19:07:00+00:00,135.02,135.075,134.75,134.905
2026-10-08 19:08:00+00:00,135.29,135.29,134.89,134.89
2026-10-08 19:09:00+00:00,135.26,135.285,135.055,135.055
2026-10-08 19:10:00+00:00,135.275,135.375,135.135,135.14
2026-10-08 19:11:00+00:00,135.37,135.385,135.025,135.025
2026-10-08 19:12:00+00:00,135.26,135.46,135.1,135.105
2026-10-08 19:13:00+00:00,135.215,135.315,135.15,135.265
2026-10-08 19:14:00+00:00,135.135,135.275,134.93,135.23
2026-10-08 19:15:00+00:00,135.16,135.18,135.02,135.1
2026-10-08 19:16:00+00:00,135.06,135.25,134.94,135.165
2026-10-08 19:17:00+00:00,134.99,135.065,134.87,134.87
2026-10-08 19:18:00+00:00,134.925,135.04,134.735,135.02
2026-10-08 19:19:00+00:00,135.23,135.24,134.88,134.93
2026-10-08 19:20:00+00:00,134.925,135.235,134.915,135.235
2026-10-08 19:21:00+00:00,135.075,135.105,134.94,135.015
2026-10-08 19:22:00+00:00,135.305,135.325,134.98,134.99
2026-10-08 19:23:00+00:00,135.45,135.45,135.3,135.305
2026-10-08 19:24:00+00:00,135.615,135.615,135.45,135.45
2026-10-08 19:25:00+00:00,135.785,135.83,135.415,135.415
2026-10-08 19:26:00+00:00,135.545,135.755,135.32,135.73
2026-10-08 19:27:00+00:00,135.565,135.61,135.48,135.525
2026-10-08 19:28:00+00:00,135.38,135.62,135.325,135.325
2026-10-08 19:29:00+00:00,135.315,135.385,135.17,135.2
2026-10-08 19:30:00+00:00,135.265,135.39,135.11,135.115
2026-10-08 19:31:00+00:00,135.27,135.315,135.215,135.285
2026-10-08 19:32:00+00:00,135.12,135.3,135.07,135.27
2026-10-08 19:33:00+00:00,135.13,135.26,135.1,135.12
2026-10-08 19:34:00+00:00,135.55,135.55,135.11,135.135
2026-10-08 19:35:00+00:00,135.285,135.55,135.12,135.55
2026-10-08 19:36:00+00:00,135.355,135.415,135.27,135.28
2026-10-08 19:37:00+00:00,135.425,135.47,135.225,135.225
2026-10-08 19:38:00+00:00,135.48,135.49,135.37,135.425
2026-10-08 19:39:00+00:00,135.455,135.52,135.39,135.475
2026-10-08 19:40:00+00:00,135.345,135.465,135.275,135.275
2026-10-08 19:41:00+00:00,135.28,135.445,135.27,135.34
2026-10-08 19:42:00+00:00,135.27,135.28,135.225,135.275
2026-10-08 19:43:00+00:00,135.205,135.31,135.14,135.14
2026-10-08 19:44:00+00:00,135.34,135.34,135.095,135.105
2026-10-08 19:45:00+00:00,135.33,135.355,135.275,135.33
2026-10-08 19:46:00+00:00,135.285,135.335,135.15,135.325
2026-10-08 19:47:00+00:00,135.165,135.365,135.11,135.25
2026-10-08 19:48:00+00:00,135.04,135.17,135.04,135.09
2026-10-08 19:49:00+00:00,135.13,135.185,135.04,135.07
2026-10-08 19:50:00+00:00,135.17,135.37,135.11,135.13
2026-10-08 19:51:00+00:00,135.29,135.3,135.09,135.19
2026-10-08 19:52:00+00:00,135.25,135.4,135.205,135.26
2026-10-08 19:53:00+00:00,135.205,135.26,135.055,135.23
2026-10-08 19:54:00+00:00,135.1,135.21,135.02,135.205
2026-10-08 19:55:00+00:00,135.19,135.315,135.06,135.125
2026-10-08 19:56:00+00:00,135.145,135.245,135.045,135.19
2026-10-08 19:57:00+00:00,135.195,135.24,135.035,135.145
2026-10-08 19:58:00+00:00,135.395,135.4,135.1,135.195
2026-10-08 19:59:00+00:00,135.555,135.57,135.135,135.4
2026-10-09 13:30:00+00:00,136.925,137.035,136.89,136.925
2026-10-09 13:31:00+00:00,137.66,137.66,136.49,136.96
2026-10-09 13:32:00+00:00,139.93,140.005,138.02,138.09
2026-10-09 13:33:00+00:00,140.225,140.54,139.64,139.945
2026-10-09 13:34:00+00:00,140.03,140.63,139.735,140.29
2026-10-09 13:35:00+00:00,138.61,140.135,138.58,139.99
2026-10-09 13:36:00+00:00,139.67,139.8,138.63,138.635
2026-10-09 13:37:00+00:00,139.91,139.95,139.49,139.705
2026-10-09 13:38:00+00:00,140.28,140.37,139.98,139.98
2026-10-09 13:39:00+00:00,140.62,140.69,140.4,140.53
2026-10-09 13:40:00+00:00,140.39,140.855,140.39,140.63
2026-10-09 13:41:00+00:00,140.66,140.74,140.305,140.395
2026-10-09 13:42:00+00:00,140.17,140.85,140.165,140.64
2026-10-09 13:43:00+00:00,140.045,140.24,139.795,140.205
2026-10-09 13:44:00+00:00,139.725,140.2,139.72,139.93
2026-10-09 13:45:00+00:00,139.56,139.93,139.51,139.555
2026-10-09 13:46:00+00:00,139.535,139.96,139.535,139.57
2026-10-09 13:47:00+00:00,140.48,140.55,139.43,139.535
2026-10-09 13:48:00+00:00,139.99,140.475,139.86,140.465
2026-10-09 13:49:00+00:00,140.11,140.22,140.055,140.055
2026-10-09 13:50:00+00:00,140.615,140.66,140.28,140.345
2026-10-09 13:51:00+00:00,140.405,140.63,140.4,140.63
2026-10-09 13:52:00+00:00,140.615,140.67,140.42,140.42
2026-10-09 13:53:00+00:00,140.635,141.1,140.635,140.75
2026-10-09 13:54:00+00:00,139.97,140.61,139.94,140.61
2026-10-09 13:55:00+00:00,140.085,140.12,139.67,140.025
2026-10-09 13:56:00+00:00,140.015,140.02,139.71,140.02
2026-10-09 13:57:00+00:00,139.63,140.14,139.63,139.98
2026-10-09 13:58:00+00:00,139.255,139.655,139.145,139.64
2026-10-09 13:59:00+00:00,138.865,139.22,138.865,139.22
2026-10-09 14:00:00+00:00,138.6,138.92,138.505,138.92
2026-10-09 14:01:00+00:00,138.57,138.75,138.53,138.66
2026-10-09 14:02:00+00:00,139.08,139.08,138.47,138.53
2026-10-09 14:03:00+00:00,139.325,139.33,139.01,139.01
2026-10-09 14:04:00+00:00,139.44,139.64,139.43,139.465
2026-10-09 14:05:00+00:00,139.33,139.72,139.25,139.485
2026-10-09 14:06:00+00:00,139.56,139.56,139.3,139.3
2026-10-09 14:07:00+00:00,139.95,139.95,139.48,139.48
2026-10-09 14:08:00+00:00,140.33,140.33,140.08,140.18
2026-10-09 14:09:00+00:00,140.39,140.5,140.23,140.355
2026-10-09 14:10:00+00:00,140.385,140.54,140.315,140.33
2026-10-09 14:11:00+00:00,140.48,140.51,140.02,140.39
2026-10-09 14:12:00+00:00,140.285,140.48,140.27,140.48
2026-10-09 14:13:00+00:00,140.32,140.38,140.23,140.305
2026-10-09 14:14:00+00:00,140.39,140.67,140.305,140.305
2026-10-09 14:15:00+00:00,140.38,140.75,140.365,140.75
2026-10-09 14:16:00+00:00,140.11,140.52,140.11,140.385
2026-10-09 14:17:00+00:00,140.3,140.3,140.1,140.18
2026-10-09 14:18:00+00:00,140.285,140.58,140.26,140.35
2026-10-09 14:19:00+00:00,140.61,140.785,140.205,140.29
2026-10-09 14:20:00+00:00,140.7,140.79,140.59,140.62
2026-10-09 14:21:00+00:00,140.75,140.93,140.74,140.85
2026-10-09 14:22:00+00:00,140.99,141.02,140.71,140.86
2026-10-09 14:23:00+00:00,141.265,141.285,141.09,141.165
2026-10-09 14:24:00+00:00,141.205,141.3,141.095,141.23
2026-10-09 14:25:00+00:00,141.44,141.45,141.205,141.255
2026-10-09 14:26:00+00:00,141.245,141.51,141.245,141.46
2026-10-09 14:27:00+00:00,141.59,141.69,141.32,141.65
2026-10-09 14:28:00+00:00,141.595,141.835,141.55,141.785
2026-10-09 14:29:00+00:00,141.635,141.85,141.515,141.755
2026-10-09 14:30:00+00:00,141.715,141.75,141.53,141.63
2026-10-09 14:31:00+00:00,141.835,141.945,141.585,141.625
2026-10-09 14:32:00+00:00,141.82,141.97,141.82,141.835
2026-10-09 14:33:00+00:00,141.96,142.0,141.865,141.92
2026-10-09 14:34:00+00:00,141.96,142.0,141.825,141.955
2026-10-09 14:35:00+00:00,141.915,142.12,141.875,142.0
2026-10-09 14:36:00+00:00,141.78,141.915,141.77,141.87
2026-10-09 14:37:00+00:00,142.115,142.115,141.86,141.875
2026-10-09 14:38:00+00:00,142.235,142.26,142.07,142.17
2026-10-09 14:39:00+00:00,141.95,142.33,141.945,142.225
2026-10-09 14:40:00+00:00,142.01,142.085,141.99,141.99
2026-10-09 14:41:00+00:00,141.77,141.98,141.73,141.97
2026-10-09 14:42:00+00:00,141.68,141.88,141.635,141.77
2026-10-09 14:43:00+00:00,141.87,141.97,141.79,141.81
2026-10-09 14:44:00+00:00,142.03,142.165,141.885,141.91
2026-10-09 14:45:00+00:00,142.05,142.14,141.885,142.08
2026-10-09 14:46:00+00:00,142.24,142.29,141.91,142.09
2026-10-09 14:47:00+00:00,142.08,142.21,141.98,142.21
2026-10-09 14:48:00+00:00,142.01,142.055,141.94,142.055
2026-10-09 14:49:00+00:00,142.025,142.105,141.955,142.0
2026-10-09 14:50:00+00:00,142.325,142.36,142.04,142.08
2026-10-09 14:51:00+00:00,142.335,142.7,142.27,142.3
2026-10-09 14:52:00+00:00,142.395,142.67,142.3,142.35
2026-10-09 14:53:00+00:00,142.325,142.37,142.25,142.37
2026-10-09 14:54:00+00:00,142.39,142.74,142.38,142.645
2026-10-09 14:55:00+00:00,142.28,142.67,142.28,142.385
2026-10-09 14:56:00+00:00,142.295,142.32,142.14,142.29
2026-10-09 14:57:00+00:00,142.305,142.48,142.18,142.295
2026-10-09 14:58:00+00:00,142.43,142.47,142.285,142.305
2026-10-09 14:59:00+00:00,142.39,142.41,142.295,142.41
2026-10-09 15:00:00+00:00,142.4,142.47,142.33,142.41
2026-10-09 15:01:00+00:00,142.47,142.49,142.315,142.325
2026-10-09 15:02:00+00:00,142.465,142.465,142.29,142.46
2026-10-09 15:03:00+00:00,142.32,142.73,142.31,142.73
2026-10-09 15:04:00+00:00,142.45,142.45,142.29,142.305
2026-10-09 15:05:00+00:00,142.38,142.47,142.37,142.45
2026-10-09 15:06:00+00:00,142.265,142.44,142.265,142.385
2026-10-09 15:07:00+00:00,142.135,142.265,142.09,142.245
2026-10-09 15:08:00+00:00,141.895,142.16,141.895,142.12
2026-10-09 15:09:00+00:00,142.11,142.17,141.9,141.9
2026-10-09 15:10:00+00:00,142.17,142.29,142.06,142.06
2026-10-09 15:11:00+00:00,142.08,142.11,141.96,142.1
2026-10-09 15:12:00+00:00,142.14,142.165,142.07,142.1
2026-10-09 15:13:00+00:00,142.145,142.16,142.04,142.13
2026-10-09 15:14:00+00:00,142.145,142.25,142.09,142.15
2026-10-09 15:15:00+00:00,142.035,142.15,142.02,142.115
2026-10-09 15:16:00+00:00,142.075,142.16,142.06,142.08
2026-10-09 15:17:00+00:00,142.225,142.23,142.0,142.065
2026-10-09 15:18:00+00:00,142.28,142.28,142.16,142.225
2026-10-09 15:19:00+00:00,142.195,142.655,142.06,142.64
2026-10-09 15:20:00+00:00,142.13,142.195,142.12,142.19
2026-10-09 15:21:00+00:00,142.0,142.125,141.825,141.9
2026-10-09 15:22:00+00:00,141.685,141.87,141.66,141.87
2026-10-09 15:23:00+00:00,141.75,141.75,141.53,141.67
2026-10-09 15:24:00+00:00,141.95,141.98,141.76,141.805
2026-10-09 15:25:00+00:00,141.965,142.02,141.93,141.985
2026-10-09 15:26:00+00:00,142.11,142.115,141.955,141.97
2026-10-09 15:27:00+00:00,142.09,142.135,142.08,142.12
2026-10-09 15:28:00+00:00,141.79,142.08,141.765,142.08
2026-10-09 15:29:00+00:00,141.58,141.8,141.555,141.8
2026-10-09 15:30:00+00:00,141.675,141.685,141.595,141.595
2026-10-09 15:31:00+00:00,141.585,141.675,141.54,141.675
2026-10-09 15:32:00+00:00,141.61,141.61,141.525,141.605
2026-10-09 15:33:00+00:00,141.585,141.69,141.57,141.625
2026-10-09 15:34:00+00:00,141.67,141.68,141.41,141.42
2026-10-09 15:35:00+00:00,141.9,141.9,141.615,141.69
2026-10-09 15:36:00+00:00,141.95,141.955,141.795,141.84
2026-10-09 15:37:00+00:00,141.94,142.015,141.85,141.875
2026-10-09 15:38:00+00:00,142.085,142.105,141.925,141.96
2026-10-09 15:39:00+00:00,142.165,142.17,142.08,142.085
2026-10-09 15:40:00+00:00,142.2,142.225,142.095,142.11
2026-10-09 15:41:00+00:00,141.93,142.135,141.93,142.135
2026-10-09 15:42:00+00:00,141.92,142.07,141.9,141.94
2026-10-09 15:43:00+00:00,141.795,141.98,141.795,141.855
2026-10-09 15:44:00+00:00,141.765,141.83,141.73,141.795
2026-10-09 15:45:00+00:00,141.56,141.75,141.495,141.75
2026-10-09 15:46:00+00:00,141.79,141.88,141.655,141.87
2026-10-09 15:47:00+00:00,141.7,141.945,141.66,141.94
2026-10-09 15:48:00+00:00,141.7,141.91,141.69,141.695
2026-10-09 15:49:00+00:00,141.79,141.895,141.67,141.895
2026-10-09 15:50:00+00:00,141.89,141.955,141.785,141.935
2026-10-09 15:51:00+00:00,141.78,141.99,141.76,141.87
2026-10-09 15:52:00+00:00,141.735,141.76,141.735,141.75
2026-10-09 15:53:00+00:00,141.7,141.73,141.65,141.73
2026-10-09 15:54:00+00:00,141.72,141.75,141.685,141.7
2026-10-09 15:55:00+00:00,141.81,141.81,141.695,141.72
2026-10-09 15:56:00+00:00,141.815,141.87,141.745,141.805
2026-10-09 15:57:00+00:00,141.785,141.93,141.765,141.875
2026-10-09 15:58:00+00:00,141.7,141.925,141.695,141.925
2026-10-09 15:59:00+00:00,141.695,141.96,141.58,141.7
2026-10-09 16:00:00+00:00,141.735,141.79,141.65,141.695
2026-10-09 16:01:00+00:00,141.86,141.92,141.73,141.735
2026-10-09 16:02:00+00:00,141.97,141.975,141.85,141.895
2026-10-09 16:03:00+00:00,142.06,142.16,141.935,141.935
2026-10-09 16:04:00+00:00,142.12,142.12,141.985,142.07
2026-10-09 16:05:00+00:00,142.21,142.21,142.035,142.05
2026-10-09 16:06:00+00:00,142.18,142.25,142.14,142.2
2026-10-09 16:07:00+00:00,141.99,142.15,141.905,142.15
2026-10-09 16:08:00+00:00,141.99,142.03,141.95,141.995
2026-10-09 16:09:00+00:00,141.935,141.96,141.905,141.96
2026-10-09 16:10:00+00:00,141.805,141.945,141.79,141.935
2026-10-09 16:11:00+00:00,141.87,141.88,141.765,141.82
2026-10-09 16:12:00+00:00,141.835,141.87,141.81,141.87
2026-10-09 16:13:00+00:00,141.675,141.855,141.665,141.835
2026-10-09 16:14:00+00:00,141.74,141.75,141.66,141.67
2026-10-09 16:15:00+00:00,141.825,141.86,141.74,141.74
2026-10-09 16:16:00+00:00,141.875,141.895,141.835,141.85
2026-10-09 16:17:00+00:00,141.955,141.955,141.855,141.875
2026-10-09 16:18:00+00:00,141.945,141.975,141.74,141.96
2026-10-09 16:19:00+00:00,141.97,141.97,141.915,141.92
2026-10-09 16:20:00+00:00,141.96,141.99,141.92,141.94
2026-10-09 16:21:00+00:00,141.9,141.94,141.87,141.94
2026-10-09 16:22:00+00:00,141.935,141.95,141.89,141.915
2026-10-09 16:23:00+00:00,141.9,141.93,141.725,141.74
2026-10-09 16:24:00+00:00,141.795,141.9,141.765,141.9
2026-10-09 16:25:00+00:00,141.885,141.91,141.795,141.795
2026-10-09 16:26:00+00:00,141.945,141.97,141.89,141.895
2026-10-09 16:27:00+00:00,142.05,142.07,141.92,141.955
2026-10-09 16:28:00+00:00,141.935,142.045,141.895,142.005
2026-10-09 16:29:00+00:00,141.97,141.99,141.925,141.97
2026-10-09 16:30:00+00:00,141.965,142.015,141.91,141.975
2026-10-09 16:31:00+00:00,142.075,142.11,141.955,141.965
2026-10-09 16:32:00+00:00,141.93,142.09,141.93,142.09
2026-10-09 16:33:00+00:00,141.895,141.975,141.88,141.965
2026-10-09 16:34:00+00:00,141.83,141.905,141.81,141.9
2026-10-09 16:35:00+00:00,141.7,141.83,141.685,141.82
2026-10-09 16:36:00+00:00,141.76,141.78,141.68,141.68
2026-10-09 16:37:00+00:00,141.795,141.815,141.75,141.75
2026-10-09 16:38:00+00:00,141.775,141.83,141.74,141.8
2026-10-09 16:39:00+00:00,141.73,141.795,141.71,141.775
2026-10-09 16:40:00+00:00,141.72,141.76,141.64,141.64
2026-10-09 16:41:00+00:00,141.66,141.74,141.645,141.72
2026-10-09 16:42:00+00:00,141.625,141.74,141.625,141.66
2026-10-09 16:43:00+00:00,141.625,141.64,141.6,141.625
2026-10-09 16:44:00+00:00,141.68,141.79,141.6,141.655
2026-10-09 16:45:00+00:00,141.71,141.71,141.635,141.675
2026-10-09 16:46:00+00:00,141.775,141.835,141.66,141.7
2026-10-09 16:47:00+00:00,141.81,141.83,141.75,141.78
2026-10-09 16:48:00+00:00,141.71,141.82,141.71,141.81
2026-10-09 16:49:00+00:00,141.7,141.71,141.62,141.71
2026-10-09 16:50:00+00:00,141.705,141.705,141.59,141.7
2026-10-09 16:51:00+00:00,141.86,141.86,141.69,141.69
2026-10-09 16:52:00+00:00,141.835,141.87,141.78,141.86
2026-10-09 16:53:00+00:00,141.755,141.83,141.68,141.81
2026-10-09 16:54:00+00:00,141.74,141.75,141.715,141.745
2026-10-09 16:55:00+00:00,141.705,141.735,141.68,141.73
2026-10-09 16:56:00+00:00,141.79,141.8,141.705,141.72
2026-10-09 16:57:00+00:00,141.68,141.8,141.68,141.785
2026-10-09 16:58:00+00:00,141.75,141.755,141.65,141.725
2026-10-09 16:59:00+00:00,141.65,141.76,141.63,141.75
2026-10-09 17:00:00+00:00,141.56,141.64,141.56,141.585
2026-10-09 17:01:00+00:00,141.6,141.6,141.56,141.56
2026-10-09 17:02:00+00:00,141.59,141.695,141.47,141.695
2026-10-09 17:03:00+00:00,141.5,141.69,141.49,141.69
2026-10-09 17:04:00+00:00,141.535,141.57,141.49,141.505
2026-10-09 17:05:00+00:00,141.53,141.59,141.53,141.545
2026-10-09 17:06:00+00:00,141.455,141.515,141.445,141.5
2026-10-09 17:07:00+00:00,141.315,141.615,141.27,141.46
2026-10-09 17:08:00+00:00,141.42,141.43,141.21,141.315
2026-10-09 17:09:00+00:00,141.31,141.58,141.285,141.58
2026-10-09 17:10:00+00:00,141.31,141.34,141.27,141.3
2026-10-09 17:11:00+00:00,141.33,141.33,141.285,141.31
2026-10-09 17:12:00+00:00,141.355,141.565,141.3,141.565
2026-10-09 17:13:00+00:00,141.375,141.39,141.33,141.39
2026-10-09 17:14:00+00:00,141.475,141.645,141.395,141.645
2026-10-09 17:15:00+00:00,141.5,141.515,141.39,141.475
2026-10-09 17:16:00+00:00,141.51,141.515,141.46,141.5
2026-10-09 17:17:00+00:00,141.405,141.515,141.38,141.515
2026-10-09 17:18:00+00:00,141.43,141.435,141.395,141.4
2026-10-09 17:19:00+00:00,141.485,141.565,141.44,141.44
2026-10-09 17:20:00+00:00,141.545,141.645,141.465,141.485
2026-10-09 17:21:00+00:00,141.49,141.57,141.49,141.55
2026-10-09 17:22:00+00:00,141.325,141.515,141.325,141.5
2026-10-09 17:23:00+00:00,141.36,141.585,141.325,141.335
2026-10-09 17:24:00+00:00,141.365,141.365,141.295,141.36
2026-10-09 17:25:00+00:00,141.35,141.365,141.325,141.365
2026-10-09 17:26:00+00:00,141.355,141.37,141.29,141.34
2026-10-09 17:27:00+00:00,141.35,141.58,141.27,141.58
2026-10-09 17:28:00+00:00,141.41,141.425,141.365,141.38
2026-10-09 17:29:00+00:00,141.42,141.44,141.38,141.39
2026-10-09 17:30:00+00:00,141.53,141.545,141.42,141.42
2026-10-09 17:31:00+00:00,141.53,141.575,141.49,141.52
2026-10-09 17:32:00+00:00,141.74,141.76,141.525,141.525
2026-10-09 17:33:00+00:00,141.61,141.75,141.61,141.75
2026-10-09 17:34:00+00:00,141.615,141.725,141.615,141.69
2026-10-09 17:35:00+00:00,141.62,141.685,141.6,141.64
2026-10-09 17:36:00+00:00,141.52,141.62,141.46,141.595
2026-10-09 17:37:00+00:00,141.49,141.655,141.475,141.655
2026-10-09 17:38:00+00:00,141.505,141.635,141.46,141.63
2026-10-09 17:39:00+00:00,141.545,141.55,141.495,141.52
2026-10-09 17:40:00+00:00,141.61,141.615,141.535,141.545
2026-10-09 17:41:00+00:00,141.85,141.85,141.62,141.62
2026-10-09 17:42:00+00:00,141.8,141.845,141.77,141.84
2026-10-09 17:43:00+00:00,141.81,141.81,141.73,141.73
2026-10-09 17:44:00+00:00,141.83,141.89,141.78,141.81
2026-10-09 17:45:00+00:00,141.86,141.865,141.84,141.84
2026-10-09 17:46:00+00:00,142.12,142.12,141.92,141.92
2026-10-09 17:47:00+00:00,142.085,142.16,141.855,141.855
2026-10-09 17:48:00+00:00,142.29,142.32,141.865,141.865
2026-10-09 17:49:00+00:00,142.53,142.65,142.33,142.635
2026-10-09 17:50:00+00:00,142.455,142.53,142.43,142.53
2026-10-09 17:51:00+00:00,142.445,142.495,142.44,142.455
2026-10-09 17:52:00+00:00,142.41,142.47,142.195,142.2
2026-10-09 17:53:00+00:00,142.52,142.7,142.4,142.695
2026-10-09 17:54:00+00:00,142.645,142.66,142.48,142.495
2026-10-09 17:55:00+00:00,142.7,142.7,142.61,142.64
2026-10-09 17:56:00+00:00,142.735,142.84,142.7,142.83
2026-10-09 17:57:00+00:00,142.83,142.83,142.675,142.83
2026-10-09 17:58:00+00:00,142.785,142.93,142.71,142.79
2026-10-09 17:59:00+00:00,142.79,142.89,142.77,142.785
2026-10-09 18:00:00+00:00,142.75,142.88,142.725,142.79
2026-10-09 18:01:00+00:00,142.65,142.795,142.65,142.75
2026-10-09 18:02:00+00:00,142.56,142.67,142.49,142.495
2026-10-09 18:03:00+00:00,142.56,142.58,142.51,142.51
2026-10-09 18:04:00+00:00,142.535,142.78,142.51,142.75
2026-10-09 18:05:00+00:00,142.48,142.775,142.47,142.535
2026-10-09 18:06:00+00:00,142.345,142.75,142.33,142.735
2026-10-09 18:07:00+00:00,142.3,142.675,142.25,142.665
2026-10-09 18:08:00+00:00,142.355,142.41,142.23,142.325
2026-10-09 18:09:00+00:00,142.39,142.395,142.34,142.355
2026-10-09 18:10:00+00:00,142.38,142.695,142.38,142.695
2026-10-09 18:11:00+00:00,142.39,142.45,142.105,142.105
2026-10-09 18:12:00+00:00,142.365,142.465,142.105,142.105
2026-10-09 18:13:00+00:00,142.43,142.44,142.085,142.095
2026-10-09 18:14:00+00:00,142.335,142.445,142.125,142.13
2026-10-09 18:15:00+00:00,142.3,142.335,142.185,142.335
2026-10-09 18:16:00+00:00,142.25,142.32,142.065,142.065
2026-10-09 18:17:00+00:00,142.255,142.27,142.03,142.035
2026-10-09 18:18:00+00:00,142.245,142.27,142.03,142.03
2026-10-09 18:19:00+00:00,142.2,142.24,142.03,142.04
2026-10-09 18:20:00+00:00,142.21,142.215,142.005,142.01
2026-10-09 18:21:00+00:00,142.215,142.27,142.175,142.21
2026-10-09 18:22:00+00:00,142.19,142.265,142.165,142.265
2026-10-09 18:23:00+00:00,142.215,142.27,142.17,142.18
2026-10-09 18:24:00+00:00,142.195,142.265,142.18,142.26
2026-10-09 18:25:00+00:00,142.36,142.415,142.105,142.18
2026-10-09 18:26:00+00:00,142.34,142.34,142.115,142.115
2026-10-09 18:27:00+00:00,142.215,142.34,142.175,142.34
2026-10-09 18:28:00+00:00,142.165,142.255,142.16,142.215
2026-10-09 18:29:00+00:00,142.095,142.16,141.965,142.16
2026-10-09 18:30:00+00:00,142.03,142.25,141.99,142.25
2026-10-09 18:31:00+00:00,142.08,142.11,142.0,142.0
2026-10-09 18:32:00+00:00,142.08,142.1,142.055,142.085
2026-10-09 18:33:00+00:00,142.07,142.25,142.04,142.25
2026-10-09 18:34:00+00:00,142.03,142.26,142.0,142.07
2026-10-09 18:35:00+00:00,142.01,142.05,141.95,142.03
2026-10-09 18:36:00+00:00,142.09,142.21,142.0,142.21
2026-10-09 18:37:00+00:00,142.025,142.22,142.02,142.06
2026-10-09 18:38:00+00:00,142.02,142.045,141.955,142.025
2026-10-09 18:39:00+00:00,142.055,142.065,142.0,142.02
2026-10-09 18:40:00+00:00,141.95,142.195,141.93,142.055
2026-10-09 18:41:00+00:00,141.935,142.18,141.915,142.18
2026-10-09 18:42:00+00:00,141.93,142.18,141.9,142.18
2026-10-09 18:43:00+00:00,141.965,142.18,141.925,142.18
2026-10-09 18:44:00+00:00,141.96,142.175,141.955,141.975
2026-10-09 18:45:00+00:00,141.91,142.075,141.9,141.985
2026-10-09 18:46:00+00:00,142.195,142.195,141.925,141.93
2026-10-09 18:47:00+00:00,142.05,142.195,142.035,142.045
2026-10-09 18:48:00+00:00,142.12,142.195,142.02,142.195
2026-10-09 18:49:00+00:00,142.38,142.39,142.12,142.12
2026-10-09 18:50:00+00:00,142.405,142.42,142.195,142.195
2026-10-09 18:51:00+00:00,142.13,142.395,142.13,142.395
2026-10-09 18:52:00+00:00,142.025,142.19,142.01,142.145
2026-10-09 18:53:00+00:00,142.02,142.255,142.005,142.215
2026-10-09 18:54:00+00:00,142.025,142.07,141.95,142.025
2026-10-09 18:55:00+00:00,142.005,142.03,141.96,142.02
2026-10-09 18:56:00+00:00,141.975,142.01,141.975,141.99
2026-10-09 18:57:00+00:00,141.98,142.02,141.955,141.98
2026-10-09 18:58:00+00:00,141.93,142.205,141.9,141.98
2026-10-09 18:59:00+00:00,141.905,141.92,141.63,141.655
2026-10-09 19:00:00+00:00,141.915,142.185,141.88,142.17
2026-10-09 19:01:00+00:00,142.075,142.075,141.65,141.65
2026-10-09 19:02:00+00:00,142.07,142.24,142.035,142.24
2026-10-09 19:03:00+00:00,142.12,142.28,142.01,142.28
2026-10-09 19:04:00+00:00,142.09,142.165,142.06,142.09
2026-10-09 19:05:00+00:00,142.11,142.11,142.075,142.09
2026-10-09 19:06:00+00:00,142.215,142.215,142.04,142.115
2026-10-09 19:07:00+00:00,142.2,142.25,142.2,142.22
2026-10-09 19:08:00+00:00,142.13,142.535,142.1,142.2
2026-10-09 19:09:00+00:00,142.09,142.135,142.05,142.1
2026-10-09 19:10:00+00:00,142.03,142.12,141.98,142.12
2026-10-09 19:11:00+00:00,141.95,142.015,141.685,141.685
2026-10-09 19:12:00+00:00,142.075,142.075,141.925,141.97
2026-10-09 19:13:00+00:00,142.06,142.08,142.04,142.055
2026-10-09 19:14:00+00:00,141.995,142.06,141.98,142.06
2026-10-09 19:15:00+00:00,141.96,142.045,141.95,141.99
2026-10-09 19:16:00+00:00,142.005,142.01,141.965,141.965
2026-10-09 19:17:00+00:00,142.055,142.055,141.695,141.695
2026-10-09 19:18:00+00:00,142.185,142.205,142.055,142.055
2026-10-09 19:19:00+00:00,142.225,142.26,142.17,142.18
2026-10-09 19:20:00+00:00,142.21,142.42,142.15,142.42
2026-10-09 19:21:00+00:00,142.16,142.235,142.145,142.205
2026-10-09 19:22:00+00:00,142.205,142.225,142.145,142.195
2026-10-09 19:23:00+00:00,142.145,142.21,142.08,142.205
2026-10-09 19:24:00+00:00,142.19,142.245,142.14,142.19
2026-10-09 19:25:00+00:00,142.22,142.27,142.11,142.18
2026-10-09 19:26:00+00:00,142.18,142.42,142.15,142.42
2026-10-09 19:27:00+00:00,142.145,142.385,142.07,142.385
2026-10-09 19:28:00+00:00,142.025,142.145,142.01,142.145
2026-10-09 19:29:00+00:00,142.045,142.08,142.0,142.025
2026-10-09 19:30:00+00:00,142.24,142.25,141.7,141.7
2026-10-09 19:31:00+00:00,142.33,142.34,142.24,142.24
2026-10-09 19:32:00+00:00,142.24,142.475,142.225,142.47
2026-10-09 19:33:00+00:00,142.185,142.42,142.17,142.415
2026-10-09 19:34:00+00:00,142.185,142.215,142.14,142.18
2026-10-09 19:35:00+00:00,142.2,142.415,142.165,142.38
2026-10-09 19:36:00+00:00,142.13,142.4,142.11,142.4
2026-10-09 19:37:00+00:00,142.14,142.21,142.085,142.125
2026-10-09 19:38:00+00:00,142.125,142.185,142.07,142.135
2026-10-09 19:39:00+00:00,142.035,142.175,142.035,142.145
2026-10-09 19:40:00+00:00,142.005,142.035,141.975,142.02
2026-10-09 19:41:00+00:00,142.015,142.045,141.935,142.015
2026-10-09 19:42:00+00:00,142.06,142.105,142.0,142.015
2026-10-09 19:43:00+00:00,142.08,142.085,142.005,142.07
2026-10-09 19:44:00+00:00,142.125,142.14,142.03,142.055
2026-10-09 19:45:00+00:00,142.17,142.26,142.11,142.125
2026-10-09 19:46:00+00:00,142.11,142.4,142.1,142.4
2026-10-09 19:47:00+00:00,141.995,142.1,141.98,142.1
2026-10-09 19:48:00+00:00,142.07,142.1,142.0,142.0
2026-10-09 19:49:00+00:00,142.105,142.17,142.07,142.075
2026-10-09 19:50:00+00:00,141.9,142.12,141.885,142.1
2026-10-09 19:51:00+00:00,141.805,141.9,141.78,141.895
2026-10-09 19:52:00+00:00,141.89,141.91,141.765,141.8
2026-10-09 19:53:00+00:00,141.845,141.935,141.805,141.88
2026-10-09 19:54:00+00:00,141.75,141.895,141.735,141.85
2026-10-09 19:55:00+00:00,141.6,141.74,141.57,141.71
2026-10-09 19:56:00+00:00,141.525,141.62,141.495,141.615
2026-10-09 19:57:00+00:00,141.625,141.69,141.495,141.525
2026-10-09 19:58:00+00:00,141.57,141.685,141.51,141.63
2026-10-09 19:59:00+00:00,141.47,141.585,141.255,141.57
