Date,AdjClose,Close,High,Low,Open,Volume
1991-12-09,0.33555638790130615,0.5625,0.59375,0.5234379768371582,0.53125,143667200
1991-12-16,0.33555638790130615,0.5625,0.578125,0.5390629768371582,0.5625,62195200
1991-12-23,0.39614349603652954,0.6640629768371582,0.6953129768371582,0.546875,0.5703129768371582,30092800
1991-12-30,0.5219767689704895,0.875,0.890625,0.6484379768371582,0.6640629768371582,47414400
1992-01-06,0.44740885496139526,0.75,0.8984379768371582,0.6796879768371582,0.8984379768371582,86528000
1992-01-13,0.47071146965026855,0.7890629768371582,0.8515629768371582,0.7421879768371582,0.765625,23267200
1992-01-20,0.4427482485771179,0.7421879768371582,0.796875,0.734375,0.78125,15811200
1992-01-27,0.44740885496139526,0.75,0.765625,0.6875,0.7578129768371582,12259200
1992-02-03,0.438087522983551,0.734375,0.8046879768371582,0.6796879768371582,0.75,26336000
1992-02-10,0.4334276020526886,0.7265629768371582,0.7734379768371582,0.6875,0.7109379768371582,14435200
1992-02-17,0.3914826512336731,0.65625,0.7265629768371582,0.65625,0.7265629768371582,12028800
1992-02-24,0.3821616768836975,0.640625,0.6796879768371582,0.578125,0.65625,23318400
1992-03-02,0.3448776304721832,0.578125,0.6640629768371582,0.546875,0.640625,19110400
1992-03-09,0.35885947942733765,0.6015629768371582,0.625,0.546875,0.5859379768371582,16908800
1992-03-16,0.4147855341434479,0.6953129768371582,0.7265629768371582,0.578125,0.6015629768371582,17859200
1992-03-23,0.4008035957813263,0.671875,0.71875,0.6640629768371582,0.7109379768371582,18243200
1992-03-30,0.38682225346565247,0.6484379768371582,0.7265629768371582,0.609375,0.671875,17923200
1992-04-06,0.4008035957813263,0.671875,0.6875,0.6328129768371582,0.65625,13350400
1992-04-13,0.4264366030693054,0.7148439884185791,0.75,0.65625,0.671875,12828800
1992-04-20,0.42410650849342346,0.7109379768371582,0.765625,0.703125,0.703125,11136000
1992-04-27,0.39614349603652954,0.6640629768371582,0.7265629768371582,0.640625,0.7265629768371582,9024000
1992-05-04,0.39614349603652954,0.6640629768371582,0.6875,0.6484379768371582,0.6640629768371582,5686400
1992-05-11,0.34953829646110535,0.5859379768371582,0.6875,0.578125,0.6875,14019200
1992-05-18,0.3402172923088074,0.5703129768371582,0.6015629768371582,0.5390629768371582,0.6015629768371582,17753600
1992-05-25,0.3425474166870117,0.5742189884185791,0.59375,0.5546879768371582,0.578125,9472000
1992-06-01,0.37750133872032166,0.6328129768371582,0.6484379768371582,0.5703129768371582,0.578125,18585600
1992-06-08,0.3821616768836975,0.640625,0.640625,0.546875,0.6171879768371582,26358400
1992-06-15,0.33555638790130615,0.5625,0.6484379768371582,0.5546879768371582,0.6171879768371582,11763200
1992-06-22,0.33555638790130615,0.5625,0.578125,0.53125,0.5546879768371582,6988800
1992-06-29,0.35885947942733765,0.6015629768371582,0.6328129768371582,0.578125,0.5859379768371582,7004800
1992-07-06,0.35419851541519165,0.59375,0.609375,0.5859379768371582,0.609375,5644800
1992-07-13,0.3332265019416809,0.5585939884185791,0.6015629768371582,0.5390629768371582,0.59375,15513600
1992-07-20,0.28895148634910583,0.484375,0.5546879768371582,0.46875,0.5546879768371582,26252800
1992-07-27,0.3308962881565094,0.5546879768371582,0.5546879768371582,0.4921880066394806,0.5,18364800
1992-08-03,0.3029331564903259,0.5078129768371582,0.5703129768371582,0.484375,0.5546879768371582,8480000
1992-08-10,0.3029331564903259,0.5078129768371582,0.5078129768371582,0.4921880066394806,0.5078129768371582,5289600
1992-08-17,0.28895148634910583,0.484375,0.5234379768371582,0.4765630066394806,0.5,9619200
1992-08-24,0.2982724905014038,0.5,0.5,0.4765630066394806,0.4765630066394806,3241600
1992-08-31,0.2936123311519623,0.4921880066394806,0.5078129768371582,0.4765630066394806,0.4882810115814209,10003200
1992-09-07,0.27030935883522034,0.453125,0.5078129768371582,0.453125,0.4921880066394806,13168000
1992-09-14,0.2656492590904236,0.4453130066394806,0.4765630066394806,0.40625,0.4765630066394806,14608000
1992-09-21,0.2586582899093628,0.4335939884185791,0.4453130066394806,0.390625,0.4453130066394806,17030400
1992-09-28,0.31691452860832214,0.53125,0.578125,0.4140630066394806,0.4453130066394806,55692800
1992-10-05,0.36818021535873413,0.6171879768371582,0.6640629768371582,0.5,0.53125,41571200
1992-10-12,0.438087522983551,0.734375,0.7734379768371582,0.609375,0.6328129768371582,31452800
1992-10-19,0.4613904356956482,0.7734379768371582,0.7890629768371582,0.7109379768371582,0.75,33481600
1992-10-26,0.45672962069511414,0.765625,0.7890629768371582,0.6796879768371582,0.7734379768371582,33072000
1992-11-02,0.4660505950450897,0.78125,0.8359379768371582,0.71875,0.7421879768371582,48864000
1992-11-09,0.4986744225025177,0.8359379768371582,0.84375,0.7578129768371582,0.7578129768371582,23772800
1992-11-16,0.5266375541687012,0.8828129768371582,0.9140629768371582,0.8125,0.84375,27731200
1992-11-23,0.5312979221343994,0.890625,0.8984379768371582,0.8671879768371582,0.8828129768371582,12496000
1992-11-30,0.4753718674182892,0.796875,0.8984379768371582,0.7890629768371582,0.890625,23939200
1992-12-07,0.4660505950450897,0.78125,0.8359379768371582,0.765625,0.8125,16281600
1992-12-14,0.44740885496139526,0.75,0.8046879768371582,0.7265629768371582,0.796875,6886400
1992-12-21,0.5033348798751831,0.84375,0.875,0.7265629768371582,0.75,14182400
1992-12-28,0.4520694315433502,0.7578129768371582,0.875,0.7578129768371582,0.875,12144000
1993-01-04,0.468380868434906,0.7851560115814209,0.8359379768371582,0.703125,0.7578129768371582,31600000
1993-01-11,0.6291685700416565,1.0546879768371582,1.0859379768371582,0.765625,0.78125,60912000
1993-01-18,0.5499398708343506,0.921875,1.09375,0.921875,1.046875,46499200
1993-01-25,0.5499398708343506,0.921875,1.0078129768371582,0.921875,0.9453129768371582,34636800
1993-02-01,0.6245080828666687,1.046875,1.1171879768371582,0.8984379768371582,0.9375,82742400
1993-02-08,0.6198477745056152,1.0390629768371582,1.171875,1.0,1.046875,40761600
1993-02-15,0.5918846130371094,0.9921879768371582,1.0390629768371582,0.90625,1.0390629768371582,50880000
1993-02-22,0.587224006652832,0.984375,1.0625,0.953125,1.0078129768371582,48278400
1993-03-01,0.6874248385429382,1.152343988418579,1.21875,0.9804689884185791,0.984375,81068800
1993-03-08,0.727039098739624,1.21875,1.2890629768371582,1.140625,1.1640629768371582,61225600
1993-03-15,0.8062679171562195,1.3515629768371582,1.4296879768371582,1.171875,1.2578129768371582,53667200
1993-03-22,0.8482122421264648,1.421875,1.46875,1.34375,1.3671879768371582,54723200
1993-03-29,0.899478018283844,1.5078129768371582,1.6328129768371582,1.3984379768371582,1.3984379768371582,55308800
1993-04-05,0.9087991118431091,1.5234379768371582,1.609375,1.4375,1.5390629768371582,50169600
1993-04-12,0.7783053517341614,1.3046879768371582,1.53125,1.234375,1.53125,70281600
1993-04-19,0.8202493190765381,1.375,1.484375,1.203125,1.2421879768371582,68889600
1993-04-26,0.8482122421264648,1.421875,1.4453129768371582,1.28125,1.390625,38819200
1993-05-03,0.8249099254608154,1.3828129768371582,1.4296879768371582,1.2734379768371582,1.421875,32320000
1993-05-10,0.8016071915626526,1.34375,1.5,1.3125,1.4140629768371582,48240000
1993-05-17,0.8249099254608154,1.3828129768371582,1.46875,1.2890629768371582,1.3515629768371582,30313600
1993-05-24,0.8435518741607666,1.4140629768371582,1.484375,1.34375,1.3828129768371582,18294400
1993-05-31,0.8831662535667419,1.480468988418579,1.5,1.3515629768371582,1.390625,20393600
1993-06-07,0.9460836052894592,1.5859379768371582,1.5859379768371582,1.421875,1.46875,33267200
1993-06-14,1.0020091533660889,1.6796879768371582,1.8203129768371582,1.5546879768371582,1.5625,92931200
1993-06-21,1.0299721956253052,1.7265629768371582,1.75,1.5859379768371582,1.703125,27990400
1993-06-28,1.104540228843689,1.8515629768371582,1.875,1.7265629768371582,1.7265629768371582,121526400
1993-07-05,1.1325035095214844,1.8984379768371582,1.9140629768371582,1.8203129768371582,1.8515629768371582,34979200
1993-07-12,1.1185216903686523,1.875,1.9140629768371582,1.8359379768371582,1.9140629768371582,32899200
1993-07-19,1.297951340675354,2.175781011581421,2.195312976837158,1.9453129768371582,1.9609379768371582,74976000
1993-07-26,1.2536770105361938,2.101562976837158,2.203125,2.023437976837158,2.179687976837158,50041600
1993-08-02,1.323583722114563,2.21875,2.242187976837158,2.023437976837158,2.125,51728000
1993-08-09,1.412133812904358,2.367187976837158,2.375,2.171875,2.21875,64697600
1993-08-16,1.447087049484253,2.425781011581421,2.484375,2.328125,2.359375,50204800
1993-08-23,1.4587390422821045,2.445312976837158,2.578125,2.421875,2.445312976837158,58720000
1993-08-30,1.4820406436920166,2.484375,2.539062976837158,2.320312976837158,2.4375,62604800
1993-09-06,1.4191242456436157,2.378906011581421,2.492187976837158,2.15625,2.492187976837158,86835200
1993-09-13,1.4214555025100708,2.382812976837158,2.4375,2.140625,2.367187976837158,92998400
1993-09-20,1.5333075523376465,2.570312976837158,2.609375,2.335937976837158,2.410156011581421,71475200
1993-09-27,1.5006828308105469,2.515625,2.710937976837158,2.492187976837158,2.578125,78886400
1993-10-04,1.4773807525634766,2.476562976837158,2.601562976837158,2.375,2.507812976837158,75139200
1993-10-11,1.5938940048217773,2.671875,2.695312976837158,2.476562976837158,2.484375,59161600
1993-10-18,1.454078197479248,2.4375,2.710937976837158,2.421875,2.65625,88252800
1993-10-25,1.4261153936386108,2.390625,2.476562976837158,2.179687976837158,2.4375,109984000
1993-11-01,1.3002818822860718,2.179687976837158,2.53125,2.078125,2.398437976837158,137472000
1993-11-08,1.3701891899108887,2.296875,2.4375,2.25,2.257812976837158,102547200
1993-11-15,1.0113301277160645,1.6953129768371582,2.28125,1.6640629768371582,2.28125,269766400
1993-11-22,1.043953537940979,1.75,1.84375,1.625,1.6484379768371582,81702400
1993-11-29,1.104540228843689,1.8515629768371582,1.890625,1.578125,1.734375,130243200
1993-12-06,0.9880277514457703,1.65625,1.8671879768371582,1.609375,1.8125,62464000
1993-12-13,1.043953537940979,1.75,1.7734379768371582,1.625,1.625,62752000
1993-12-20,1.0532745122909546,1.765625,1.828125,1.7265629768371582,1.7734379768371582,43833600
1993-12-27,0.9880277514457703,1.65625,1.765625,1.636718988418579,1.765625,44121600
1994-01-03,0.9600641131401062,1.609375,1.6953129768371582,1.59375,1.65625,57308800
1994-01-10,1.0090000629425049,1.691406011581421,1.71875,1.4375,1.59375,130083200
1994-01-17,0.9018086194992065,1.511718988418579,1.609375,1.4609379768371582,1.5234379768371582,103513600
1994-01-24,0.9227801561355591,1.546875,1.578125,1.484375,1.511718988418579,37945600
1994-01-31,0.8528732061386108,1.4296879768371582,1.5703129768371582,1.3984379768371582,1.546875,31475200
1994-02-07,0.8621943593025208,1.4453129768371582,1.5,1.3515629768371582,1.363281011581421,56070400
1994-02-14,0.7922862768173218,1.328125,1.4609379768371582,1.234375,1.4453129768371582,134374400
1994-02-21,0.7922862768173218,1.328125,1.375,1.265625,1.328125,91972800
1994-02-28,0.9600641131401062,1.609375,1.75,1.328125,1.375,106523200
1994-03-07,0.9507437348365784,1.59375,1.65625,1.5,1.65625,30412800
1994-03-14,1.0625958442687988,1.78125,1.8125,1.59375,1.625,61825600
1994-03-21,0.9693858027458191,1.625,1.78125,1.625,1.78125,28977600
1994-03-28,0.9134592413902283,1.53125,1.671875,1.40625,1.671875,30011200
1994-04-04,0.8482122421264648,1.421875,1.53125,1.390625,1.453125,28648000
1994-04-11,0.8482122421264648,1.421875,1.421875,1.234375,1.40625,37923200
1994-04-18,0.7829653024673462,1.3125,1.4765629768371582,1.21875,1.4375,32716800
1994-04-25,0.7922862768173218,1.328125,1.40625,1.265625,1.3125,15376000
1994-05-02,0.764323353767395,1.28125,1.359375,1.25,1.328125,13657600
1994-05-09,0.6384900212287903,1.0703129768371582,1.296875,1.046875,1.28125,59046400
1994-05-16,0.6711127758026123,1.125,1.1875,1.03125,1.078125,34868800
1994-05-23,0.6338290572166443,1.0625,1.171875,1.046875,1.125,42500800
1994-05-30,0.6711127758026123,1.125,1.140625,0.96875,1.078125,55756800
1994-06-06,0.6804338693618774,1.140625,1.171875,1.09375,1.125,36016000
1994-06-13,0.6524711847305298,1.09375,1.1875,1.078125,1.15625,33944000
1994-06-20,0.5965449810028076,1.0,1.078125,0.96875,1.078125,23748800
1994-06-27,0.5965449810028076,1.0,1.125,0.96875,0.96875,19281600
1994-07-04,0.5685818195343018,0.953125,1.03125,0.9375,1.03125,35691200
1994-07-11,0.7083970308303833,1.1875,1.21875,0.953125,0.984375,62030400
1994-07-18,0.6804338693618774,1.140625,1.21875,1.015625,1.21875,56816000
1994-07-25,0.6711127758026123,1.125,1.21875,1.109375,1.1875,27166400
1994-08-01,0.6617918610572815,1.109375,1.140625,1.09375,1.125,14540800
1994-08-08,0.8016071915626526,1.34375,1.359375,1.109375,1.140625,33219200
1994-08-15,0.8109281063079834,1.359375,1.4375,1.28125,1.34375,38064000
1994-08-22,0.8435518741607666,1.4140629768371582,1.4375,1.328125,1.359375,17291200
1994-08-29,0.7550019025802612,1.265625,1.46875,1.265625,1.390625,38576000
1994-09-05,0.9204504489898682,1.542968988418579,1.578125,1.265625,1.265625,81576000
1994-09-12,0.9787068367004395,1.640625,1.65625,1.5,1.5625,54683200
1994-09-19,0.9693858027458191,1.625,1.703125,1.515625,1.640625,54011200
1994-09-26,0.9437522888183594,1.582031011581421,1.640625,1.515625,1.640625,23264000
1994-10-03,1.0532745122909546,1.765625,1.796875,1.5625,1.59375,81214400
1994-10-10,1.043953537940979,1.75,1.796875,1.671875,1.765625,62840000
1994-10-17,1.104540228843689,1.8515629768371582,1.890625,1.6875,1.75,48918400
1994-10-24,1.109201192855835,1.859375,1.890625,1.703125,1.84375,40409600
1994-10-31,1.0812374353408813,1.8125,1.953125,1.796875,1.8359379768371582,37977600
1994-11-07,1.2024109363555908,2.015625,2.109375,1.8671879768371582,1.90625,73782400
1994-11-14,1.1464847326278687,1.921875,2.109375,1.921875,2.015625,59812800
1994-11-21,1.174448013305664,1.96875,1.96875,1.78125,1.90625,35518400
1994-11-28,1.109201192855835,1.859375,2.0625,1.796875,1.96875,32862400
1994-12-05,1.0532745122909546,1.765625,1.953125,1.625,1.859375,47972800
1994-12-12,0.9041382670402527,1.515625,1.75,1.390625,1.75,81561600
1994-12-19,0.9600641131401062,1.609375,1.671875,1.5,1.515625,30200000
1994-12-26,0.8948177099227905,1.5,1.640625,1.484375,1.609375,20440000
1995-01-02,0.8948177099227905,1.5,1.5625,1.453125,1.453125,16331200
1995-01-09,0.7829653024673462,1.3125,1.53125,1.3125,1.53125,54960000
1995-01-16,0.8668544292449951,1.453125,1.59375,1.28125,1.28125,67019200
1995-01-23,1.0625958442687988,1.78125,1.8125,1.421875,1.453125,83739200
1995-01-30,1.043953537940979,1.75,1.859375,1.609375,1.796875,64084800
1995-02-06,1.0532745122909546,1.765625,1.796875,1.71875,1.734375,25278400
1995-02-13,0.9507437348365784,1.59375,1.765625,1.59375,1.75,23171200
1995-02-20,1.0532745122909546,1.765625,1.796875,1.5625,1.625,61209600
1995-02-27,1.0905593633651733,1.828125,1.84375,1.703125,1.75,34299200
1995-03-06,1.0998797416687012,1.84375,1.859375,1.71875,1.78125,63476800
1995-03-13,1.221052646636963,2.046875,2.0625,1.7421879768371582,1.828125,104600000
1995-03-20,1.2117317914962769,2.03125,2.15625,1.90625,2.046875,68608000
1995-03-27,1.221052646636963,2.046875,2.203125,1.9375,2.0,55385600
1995-04-03,1.1185216903686523,1.875,2.0625,1.75,2.0625,97184000
1995-04-10,1.0020091533660889,1.6796879768371582,1.8671879768371582,1.609375,1.7890629768371582,77364800
1995-04-17,0.9787068367004395,1.640625,1.75,1.5078129768371582,1.671875,81726400
1995-04-24,0.9787068367004395,1.640625,1.6953129768371582,1.53125,1.6328129768371582,47982400
1995-05-01,0.9460836052894592,1.5859379768371582,1.640625,1.5546879768371582,1.6171879768371582,26974400
1995-05-08,1.104540228843689,1.8515629768371582,1.9375,1.5234379768371582,1.578125,102507200
1995-05-15,1.0090000629425049,1.691406011581421,1.875,1.671875,1.875,58424000
1995-05-22,0.9600641131401062,1.609375,1.734375,1.578125,1.703125,75897600
1995-05-29,1.043953537940979,1.75,1.8125,1.5390629768371582,1.609375,68752000
1995-06-05,1.2606666088104248,2.113281011581421,2.226562976837158,1.8359379768371582,1.875,286795200
1995-06-12,1.2676581144332886,2.125,2.171875,1.96875,2.09375,75377600
1995-06-19,1.2583366632461548,2.109375,2.21875,2.085937976837158,2.140625,57742400
1995-06-26,1.2886298894882202,2.160156011581421,2.1875,1.984375,2.101562976837158,52545600
1995-07-03,1.3981518745422363,2.34375,2.34375,2.132812976837158,2.140625,61041600
1995-07-10,1.4494179487228394,2.429687976837158,2.546875,2.34375,2.34375,117344000
1995-07-17,1.556609869003296,2.609375,2.640625,2.132812976837158,2.46875,168449600
1995-07-24,1.5892330408096313,2.664062976837158,2.820312976837158,2.507812976837158,2.609375,141740800
1995-07-31,1.6498194932937622,2.765625,2.78125,2.53125,2.65625,83830400
1995-08-07,1.705746054649353,2.859375,2.945312976837158,2.648437976837158,2.773437976837158,179601600
1995-08-14,1.9387716054916382,3.25,3.421875,2.859375,2.867187976837158,251787200
1995-08-21,1.8688639402389526,3.132812976837158,3.257812976837158,2.929687976837158,3.25,134464000
1995-08-28,1.859542727470398,3.117187976837158,3.171875,2.851562976837158,3.132812976837158,117393600
1995-09-04,1.8828446865081787,3.15625,3.390625,3.109375,3.140625,92011200
1995-09-11,1.775653600692749,2.976562976837158,3.226562976837158,2.9375,3.164062976837158,79436800
1995-09-18,1.752350091934204,2.9375,3.171875,2.914062976837158,2.960937976837158,83675200
1995-09-25,1.7104072570800781,2.867187976837158,2.945312976837158,2.546875,2.929687976837158,204836800
1995-10-02,1.5100038051605225,2.53125,2.867187976837158,2.476562976837158,2.867187976837158,136244800
1995-10-09,1.5100038051605225,2.53125,2.601562976837158,2.179687976837158,2.492187976837158,165452800
1995-10-16,1.388831377029419,2.328125,2.625,2.304687976837158,2.539062976837158,111280000
1995-10-23,1.5100038051605225,2.53125,2.539062976837158,2.273437976837158,2.304687976837158,97646400
1995-10-30,1.6032143831253052,2.6875,2.71875,2.40625,2.546875,102065600
1995-11-06,1.7663325071334839,2.960937976837158,2.96875,2.679687976837158,2.6875,147385600
1995-11-13,1.6964244842529297,2.84375,2.96875,2.671875,2.945312976837158,83115200
1995-11-20,1.5705915689468384,2.632812976837158,2.875,2.554687976837158,2.859375,55569600
1995-11-27,1.52864670753479,2.5625,2.914062976837158,2.5,2.648437976837158,115732800
1995-12-04,1.5519484281539917,2.601562976837158,2.75,2.359375,2.59375,127840000
1995-12-11,1.393491268157959,2.335937976837158,2.632812976837158,2.296875,2.625,74316800
1995-12-18,1.659140706062317,2.78125,2.78125,2.1875,2.335937976837158,135304000
1995-12-25,1.6032143831253052,2.6875,2.789062976837158,2.5625,2.78125,52208000
1996-01-01,1.547288179397583,2.59375,2.75,2.445312976837158,2.671875,64798400
1996-01-08,1.4167940616607666,2.375,2.625,2.308593988418579,2.585937976837158,94732800
1996-01-15,1.6032143831253052,2.6875,2.71875,2.21875,2.390625,147980800
1996-01-22,1.6404986381530762,2.75,2.929687976837158,2.609375,2.6875,115913600
1996-01-29,1.780313491821289,2.984375,3.109375,2.734375,2.742187976837158,133686400
1996-02-05,1.8129379749298096,3.039062976837158,3.085937976837158,2.953125,3.046875,97518400
1996-02-12,1.7663325071334839,2.960937976837158,3.054687976837158,2.835937976837158,3.023437976837158,55747200
1996-02-19,1.5845725536346436,2.65625,2.9375,2.648437976837158,2.929687976837158,94188800
1996-02-26,1.4913629293441772,2.5,2.75,2.453125,2.664062976837158,111606400
1996-03-04,1.3655284643173218,2.289062976837158,2.578125,2.242187976837158,2.523437976837158,92572800
1996-03-11,1.3981518745422363,2.34375,2.53125,2.289062976837158,2.296875,103081600
1996-03-18,1.4633992910385132,2.453125,2.46875,2.257812976837158,2.359375,79425600
1996-03-25,1.547288179397583,2.59375,2.632812976837158,2.398437976837158,2.5,117603200
1996-04-01,1.5146640539169312,2.539062976837158,2.617187976837158,2.445312976837158,2.585937976837158,45881600
1996-04-08,1.4843716621398926,2.488281011581421,2.59375,2.414062976837158,2.460937976837158,58331200
1996-04-15,1.2303742170333862,2.0625,2.53125,1.8984379768371582,2.5,285016000
1996-04-22,1.5053447484970093,2.523437976837158,2.539062976837158,2.0,2.09375,158280000
1996-04-29,1.4400968551635742,2.414062976837158,2.515625,2.367187976837158,2.507812976837158,76550400
1996-05-06,1.5892330408096313,2.664062976837158,2.671875,2.367187976837158,2.398437976837158,97273600
1996-05-13,1.8735244274139404,3.140625,3.242187976837158,2.710937976837158,2.710937976837158,235884800
1996-05-20,1.8409008979797363,3.085937976837158,3.179687976837158,2.960937976837158,3.164062976837158,101089600
1996-05-27,2.0296506881713867,3.402343988418579,3.40625,2.976562976837158,3.109375,116500800
1996-06-03,1.943430781364441,3.257812976837158,3.335937976837158,3.085937976837158,3.328125,104574400
1996-06-10,1.7989553213119507,3.015625,3.28125,3.015625,3.25,61966400
1996-06-17,1.9807159900665283,3.320312976837158,3.398437976837158,2.773437976837158,3.03125,213918400
1996-06-24,1.9807159900665283,3.320312976837158,3.328125,3.039062976837158,3.304687976837158,104955200
1996-07-01,1.8548816442489624,3.109375,3.304687976837158,3.0625,3.289062976837158,38953600
1996-07-08,1.6311770677566528,2.734375,3.164062976837158,2.726562976837158,3.109375,115614400
1996-07-15,1.4447567462921143,2.421875,2.765625,2.40625,2.742187976837158,182356800
1996-07-22,1.6171962022781372,2.710937976837158,2.773437976837158,2.273437976837158,2.414062976837158,183352000
1996-07-29,1.729048252105713,2.898437976837158,2.914062976837158,2.578125,2.703125,82699200
1996-08-05,1.7150654792785645,2.875,3.101562976837158,2.828125,2.921875,78152000
1996-08-12,1.7337088584899902,2.90625,2.976562976837158,2.742187976837158,2.875,78020800
1996-08-19,1.7104072570800781,2.867187976837158,2.9375,2.765625,2.882812976837158,44528000
1996-08-26,1.6171962022781372,2.710937976837158,2.914062976837158,2.695312976837158,2.890625,40508800
1996-09-02,1.5053447484970093,2.523437976837158,2.671875,2.445312976837158,2.617187976837158,96121600
1996-09-09,1.547288179397583,2.59375,2.664062976837158,2.421875,2.53125,83811200
1996-09-16,1.4867022037506104,2.492187976837158,2.609375,2.296875,2.59375,131174400
1996-09-23,1.6241869926452637,2.722656011581421,2.773437976837158,2.359375,2.476562976837158,108086400
1996-09-30,1.4400968551635742,2.414062976837158,2.742187976837158,2.398437976837158,2.726562976837158,120886400
1996-10-07,1.5426290035247803,2.585937976837158,2.617187976837158,2.328125,2.414062976837158,80587200
1996-10-14,1.379510521888733,2.3125,2.625,2.304687976837158,2.585937976837158,82641600
1996-10-21,1.388831377029419,2.328125,2.421875,2.210937976837158,2.3125,90708800
1996-10-28,1.4960225820541382,2.507812976837158,2.523437976837158,2.320312976837158,2.34375,69139200
1996-11-04,1.5845725536346436,2.65625,2.664062976837158,2.40625,2.507812976837158,79912000
1996-11-11,1.6311770677566528,2.734375,2.921875,2.65625,2.664062976837158,191200000
1996-11-18,1.556609869003296,2.609375,2.851562976837158,2.507812976837158,2.742187976837158,128734400
1996-11-25,1.5659306049346924,2.625,2.71875,2.492187976837158,2.617187976837158,65217600
1996-12-02,1.5100038051605225,2.53125,2.6875,2.375,2.609375,214686400
1996-12-09,1.4727197885513306,2.46875,2.59375,2.40625,2.578125,93598400
1996-12-16,1.4913629293441772,2.5,2.5625,2.40625,2.507812976837158,68891200
1996-12-23,1.5100038051605225,2.53125,2.554687976837158,2.484375,2.507812976837158,26214400
1996-12-30,1.4867022037506104,2.492187976837158,2.5625,2.445312976837158,2.546875,37667200
1997-01-06,1.659140706062317,2.78125,2.804687976837158,2.445312976837158,2.5,114748800
1997-01-13,1.8269184827804565,3.0625,3.132812976837158,2.726562976837158,2.789062976837158,157057600
1997-01-20,2.0832467079162598,3.492187976837158,3.757812976837158,3.078125,3.078125,271728000
1997-01-27,2.087907075881958,3.5,3.59375,3.328125,3.476562976837158,101001600
1997-02-03,2.1624748706817627,3.625,3.648437976837158,3.367187976837158,3.5,109204800
1997-02-10,2.2323832511901855,3.742187976837158,3.984375,3.53125,3.65625,158929600
1997-02-17,2.031980276107788,3.40625,3.765625,3.40625,3.757812976837158,137529600
1997-02-24,2.076256513595581,3.480468988418579,3.640625,3.367187976837158,3.382812976837158,145321600
1997-03-03,2.1904385089874268,3.671875,3.929687976837158,3.5,3.5,189107200
1997-03-10,2.204420328140259,3.695312976837158,3.765625,3.601562976837158,3.695312976837158,80110400
1997-03-17,2.1251916885375977,3.5625,3.726562976837158,3.320312976837158,3.6875,138238400
1997-03-24,2.2323832511901855,3.742187976837158,3.875,3.4375,3.585937976837158,97318400
1997-03-31,2.195099353790283,3.679687976837158,3.765625,3.421875,3.742187976837158,144708800
1997-04-07,2.008679151535034,3.367187976837158,3.789062976837158,3.34375,3.75,132806400
1997-04-14,1.7989553213119507,3.015625,3.484375,3.015625,3.375,193140800
1997-04-21,1.6824438571929932,2.820312976837158,3.132812976837158,2.578125,3.03125,275702400
1997-04-28,1.8455603122711182,3.09375,3.109375,2.796875,2.84375,145532800
1997-05-05,1.9154680967330933,3.210937976837158,3.359375,3.101562976837158,3.117187976837158,117979200
1997-05-12,1.8502213954925537,3.101562976837158,3.21875,3.070312976837158,3.203125,81889600
1997-05-19,2.097228527069092,3.515625,3.53125,3.085937976837158,3.117187976837158,110411200
1997-05-26,1.7989553213119507,3.015625,3.539062976837158,2.953125,3.507812976837158,152878400
1997-06-02,1.7406995296478271,2.917968988418579,3.039062976837158,2.820312976837158,3.0,143379200
1997-06-09,1.7966256141662598,3.011718988418579,3.085937976837158,2.875,2.9375,92537600
1997-06-16,1.8548816442489624,3.109375,3.121093988418579,2.953125,3.03125,84104000
1997-06-23,1.8921664953231812,3.171875,3.257812976837158,3.046875,3.109375,87363200
1997-06-30,2.018000364303589,3.382812976837158,3.429687976837158,3.164062976837158,3.195312976837158,76982400
1997-07-07,2.041301727294922,3.421875,3.453125,3.242187976837158,3.402343988418579,85260800
1997-07-14,1.9783854484558105,3.316406011581421,3.554687976837158,3.21875,3.4375,120454400
1997-07-21,1.7243881225585938,2.890625,3.40625,2.8125,3.34375,258008000
1997-07-28,1.7663325071334839,2.960937976837158,3.023437976837158,2.847656011581421,2.898437976837158,104627200
1997-08-04,1.7197275161743164,2.882812976837158,3.03125,2.875,2.96875,92668800
1997-08-11,1.680112361907959,2.816406011581421,2.945312976837158,2.8125,2.90625,59396800
1997-08-18,1.7243881225585938,2.890625,2.972656011581421,2.703125,2.835937976837158,82692800
1997-08-25,1.7243881225585938,2.890625,2.929687976837158,2.828125,2.898437976837158,56008000
1997-09-01,1.8618721961975098,3.121093988418579,3.125,2.898437976837158,2.90625,69561600
1997-09-08,1.945761799812317,3.261718988418579,3.320312976837158,3.140625,3.148437976837158,100620800
1997-09-15,2.0273211002349854,3.398437976837158,3.433593988418579,3.171875,3.28125,104961600
1997-09-22,2.0902371406555176,3.503906011581421,3.546875,3.398437976837158,3.402343988418579,102235200
1997-09-29,2.4048218727111816,4.03125,4.063477039337158,3.578125,3.578125,248569600
1997-10-06,2.5166733264923096,4.21875,4.242187976837158,3.960937976837158,4.03125,110212800
1997-10-13,2.2929694652557373,3.84375,4.28125,3.828125,4.234375,109057600
1997-10-20,2.2090797424316406,3.703125,4.0625,3.5625,3.875,104796800
1997-10-27,2.101888656616211,3.523437976837158,3.75,3.25,3.671875,154497600
1997-11-03,2.3302533626556396,3.90625,4.210937976837158,3.609375,3.640625,147324800
1997-11-10,2.6028926372528076,4.363280773162842,4.421875,3.773437976837158,4.03125,218491200
1997-11-17,2.5959033966064453,4.351562976837158,4.496094226837158,4.21875,4.453125,132580800
1997-11-24,2.5259952545166016,4.234375,4.34375,4.125,4.3125,59224000
1997-12-01,2.498032331466675,4.1875,4.460937976837158,3.9375,4.296875,170187200
1997-12-08,1.8898355960845947,3.167968988418579,4.378905773162842,3.148437976837158,4.21875,360641600
1997-12-15,1.789635419845581,3.0,3.492187976837158,2.898437976837158,3.3125,255560000
1997-12-22,1.7267175912857056,2.894531011581421,3.132812976837158,2.84375,3.078125,96192000
1997-12-29,1.9317803382873535,3.238281011581421,3.40625,2.976562976837158,3.0,130900800
1998-01-05,1.731379508972168,2.902343988418579,3.359375,2.867187976837158,3.289062976837158,193580800
1998-01-12,1.7150654792785645,2.875,3.125,2.8125,2.867187976837158,174203200
1998-01-19,2.0296506881713867,3.402343988418579,3.453125,2.949218988418579,3.023437976837158,265433600
1998-01-26,1.9341102838516235,3.242187976837158,3.492187976837158,3.222656011581421,3.390625,158974400
1998-02-02,1.780313491821289,2.984375,3.652343988418579,2.882812976837158,3.335937976837158,407905600
1998-02-09,1.7360378503799438,2.910156011581421,3.023437976837158,2.890625,2.929687976837158,208977600
1998-02-16,1.7383701801300049,2.914062976837158,3.0,2.898437976837158,2.984375,71000000
1998-02-23,1.9014874696731567,3.1875,3.3125,2.945312976837158,2.96875,187092800
1998-03-02,1.8071119785308838,3.029297113418579,3.21875,2.9375,3.203125,87232000
1998-03-09,1.7919648885726929,3.003906011581421,3.117187976837158,2.960937976837158,3.039062976837158,82417600
1998-03-16,1.780313491821289,2.984375,3.082031011581421,2.96875,3.054687976837158,59400000
1998-03-23,1.8618721961975098,3.121093988418579,3.164062976837158,2.941406011581421,3.03125,110990400
1998-03-30,2.0785868167877197,3.484375,3.53125,3.039062976837158,3.125,196472000
1998-04-06,2.011009693145752,3.371093988418579,3.523437976837158,3.257812976837158,3.507812976837158,69756800
1998-04-13,2.076256513595581,3.480468988418579,3.5625,3.289062976837158,3.367187976837158,105187200
1998-04-20,2.1135408878326416,3.542968988418579,3.785156011581421,3.453125,3.457031011581421,202643200
1998-04-27,2.073925733566284,3.476562976837158,3.554687976837158,3.3125,3.46875,98513600
1998-05-04,2.0925681591033936,3.507812976837158,3.578125,3.4375,3.476562976837158,80051200
1998-05-11,2.134511709213257,3.578125,3.609375,3.382812976837158,3.53125,69646400
1998-05-18,2.065770387649536,3.462891101837158,3.59375,3.425781011581421,3.578125,32683200
1998-05-25,1.943430781364441,3.257812976837158,3.515625,3.242187976837158,3.5,54555200
1998-06-01,1.9341102838516235,3.242187976837158,3.289062976837158,3.113281011581421,3.234375,49038400
1998-06-08,1.8269184827804565,3.0625,3.351562976837158,2.960937976837158,3.226562976837158,70649600
1998-06-15,1.8362400531768799,3.078125,3.183593988418579,2.914062976837158,2.992187976837158,66288000
1998-06-22,2.018000364303589,3.382812976837158,3.609375,3.070312976837158,3.078125,120000000
1998-06-29,2.0273211002349854,3.398437976837158,3.546875,3.378906011581421,3.390625,50907200
1998-07-06,2.106549024581909,3.53125,3.5693359375,3.34375,3.414062976837158,54412800
1998-07-13,2.134511709213257,3.578125,3.640625,3.476562976837158,3.578125,58027200
1998-07-20,2.348896026611328,3.9375,4.210937976837158,3.515625,3.5625,284972800
1998-07-27,2.324427366256714,3.896483898162842,3.984375,3.804687976837158,3.875,66425600
1998-08-03,2.1904385089874268,3.671875,3.898437976837158,3.5625,3.890625,78240000
1998-08-10,2.031980276107788,3.40625,3.71875,3.34375,3.671875,90635200
1998-08-17,2.0040178298950195,3.359375,3.570312976837158,3.203125,3.390625,72542400
1998-08-24,1.7173967361450195,2.878906011581421,3.425781011581421,2.835937976837158,3.375,99139200
1998-08-31,1.5869027376174927,2.660156011581421,3.039062976837158,2.558593988418579,2.929687976837158,162163200
1998-09-07,1.6964244842529297,2.84375,3.171875,2.625,2.851562976837158,155475200
1998-09-14,1.7919648885726929,3.003906011581421,3.070312976837158,2.769531011581421,2.875,81523200
1998-09-21,1.9441102743148804,3.1875,3.261718988418579,2.867187976837158,2.929687976837158,103288000
1998-09-28,1.8154566287994385,2.976562976837158,3.289062976837158,2.789062976837158,3.226562976837158,78235200
1998-10-05,1.560530662536621,2.558593988418579,2.949218988418579,2.359375,2.890625,153705600
1998-10-12,1.8106906414031982,2.96875,3.054687976837158,2.546875,2.675781011581421,123798400
1998-10-19,2.067999839782715,3.390625,3.429687976837158,2.921875,2.976562976837158,115408000
1998-10-26,2.120415210723877,3.476562976837158,3.519531011581421,3.117187976837158,3.414062976837158,117534400
1998-11-02,2.17044734954834,3.558593988418579,3.75,3.378906011581421,3.523437976837158,248860800
1998-11-09,2.0918257236480713,3.429687976837158,3.632812976837158,3.382812976837158,3.5625,77907200
1998-11-16,2.1108851432800293,3.460937976837158,3.648437976837158,3.324218988418579,3.4375,97425600
1998-11-23,2.094208002090454,3.433593988418579,3.574218988418579,3.378906011581421,3.484375,45024000
1998-11-30,2.0560872554779053,3.371093988418579,3.5,3.328125,3.4375,66984000
1998-12-07,1.989378571510315,3.261718988418579,3.519531011581421,3.105468988418579,3.382812976837158,133459200
1998-12-14,1.9131397008895874,3.136718988418579,3.320312976837158,3.0625,3.238281011581421,92510400
1998-12-21,1.9464926719665527,3.191406011581421,3.25,3.140625,3.164062976837158,46876800
1998-12-28,1.9750839471817017,3.238281011581421,3.265625,3.164062976837158,3.210937976837158,45334400
1999-01-04,2.2967188358306885,3.765625,3.84375,3.265625,3.277343988418579,200267200
1999-01-11,2.434903621673584,3.992187976837158,4.058594226837158,3.554687976837158,3.789062976837158,176968000
1999-01-18,2.2490692138671875,3.6875,4.226562976837158,3.632812976837158,3.984375,214163200
1999-01-25,2.508760929107666,4.113280773162842,4.171875,3.59375,3.703125,123593600
1999-02-01,2.5564098358154297,4.191405773162842,4.25,3.835937976837158,4.109375,155332800
1999-02-08,2.551645517349243,4.183594226837158,4.371094226837158,4.03125,4.1875,169956800
1999-02-15,2.473022222518921,4.054687976837158,4.328125,3.9375,4.242187976837158,84398400
1999-02-22,2.7827460765838623,4.5625,4.722655773162842,4.109375,4.121094226837158,235187200
1999-03-01,2.9185476303100586,4.785155773162842,4.789062976837158,4.445312976837158,4.546875,132878400
1999-03-08,2.9447567462921143,4.828125,5.050780773162842,4.757812976837158,4.8125,118993600
1999-03-15,3.223505973815918,5.285155773162842,5.363280773162842,4.800780773162842,4.851562976837158,108046400
1999-03-22,4.252740383148193,6.972655773162842,7.496094226837158,5.015625,5.328125,458883200
1999-03-29,5.222415924072266,8.5625,8.648438453674316,6.78125,7.265625,234374400
1999-04-05,5.5488152503967285,9.09765625,9.703125,8.125,8.98828125,309086400
1999-04-12,5.4320759773254395,8.90625,11.0625,8.75,8.898438453674316,360320000
1999-04-19,7.276121139526367,11.929688453674316,12.40625,7.6875,8.86328125,463910400
1999-04-26,7.623964786529541,12.5,13.65625,11.59375,11.851563453674316,231312000
1999-05-03,8.243410110473633,13.515625,14.34375,12.62109375,13.023438453674316,231694400
1999-05-10,8.538839340209961,14.0,14.96875,13.0625,13.671875,153219200
1999-05-17,7.647787570953369,12.539063453674316,14.0,12.25,13.796875,145188800
1999-05-24,7.414309978485107,12.15625,12.734375,10.757813453674316,12.5625,145571200
1999-05-31,8.381596565246582,13.742188453674316,13.765625,11.328125,12.359375,111604000
1999-06-07,8.291057586669922,13.59375,14.203125,13.046875,13.625,90165600
1999-06-14,9.89208698272705,16.21875,16.25,12.648438453674316,13.78125,146629600
1999-06-21,9.663373947143555,15.84375,17.1875,15.625,16.125,127380000
1999-06-28,10.997567176818848,18.03125,18.375,15.640625,16.1015625,120345600
1999-07-05,11.340652465820312,18.59375,19.203125,17.296875,18.2734375,151009600
1999-07-12,12.064922332763672,19.78125,19.984375,17.453125,18.890625,125520000
1999-07-19,11.793316841125488,19.3359375,20.90625,18.34375,20.171875,317568800
1999-07-26,11.893385887145996,19.5,19.9921875,18.59375,18.96875,129063200
1999-08-02,11.264404296875,18.46875,19.59375,16.984375,19.40625,223588800
1999-08-09,12.198345184326172,20.0,20.0,17.625,18.59375,142665600
1999-08-16,13.337173461914062,21.8671875,21.8828125,19.75,20.046875,140837600
1999-08-23,14.009032249450684,22.96875,24.828125,21.96875,22.046875,149692000
1999-08-30,12.455648422241211,20.421875,24.234375,19.65625,23.4921875,433299200
1999-09-06,12.631953239440918,20.7109375,21.484375,20.21875,20.4375,136140800
1999-09-13,14.480761528015137,23.7421875,23.7578125,19.03515625,19.9375,365534400
1999-09-20,14.447415351867676,23.6875,24.875,22.5703125,23.46875,170932800
1999-09-27,14.24251651763916,23.3515625,24.6796875,22.6640625,24.203125,149520800
1999-10-04,16.310523986816406,26.7421875,26.8125,23.046875,23.625,183380000
1999-10-11,15.133567810058594,24.8125,28.0859375,23.890625,26.640625,253952800
1999-10-18,16.448698043823242,26.96875,28.21875,23.625,24.4375,179635200
1999-10-25,16.98238182067871,27.84375,28.296875,25.4375,27.03125,125919200
1999-11-01,22.44304084777832,36.796875,37.359375,27.40625,27.6953125,330948000
1999-11-08,28.818588256835938,47.25,49.4375,35.75,36.8125,391816800
1999-11-15,27.984712600708008,45.8828125,50.765625,41.0,48.78125,420088000
1999-11-22,29.33320426940918,48.09375,48.796875,43.09375,45.6875,119056800
1999-11-29,29.309375762939453,48.0546875,49.0625,44.375,47.8125,148780000
1999-12-06,29.847803115844727,48.9375,50.9375,47.4375,48.4296875,153156800
1999-12-13,34.68903350830078,56.875,57.0,48.75,49.125,201154400
1999-12-20,35.56578063964844,58.3125,65.265625,56.453125,56.984375,195925600
1999-12-27,53.710819244384766,88.0625,92.515625,57.28125,59.78125,409638200
2000-01-03,45.74378204345703,75.0,100.0,66.4609375,99.625,375661000
2000-01-10,42.827613830566406,70.21875,81.5,68.03125,81.0,151748200
2000-01-17,47.2495231628418,77.46875,80.21875,67.5,68.71875,133410400
2000-01-24,33.71698760986328,55.28125,78.5,52.8125,77.875,357041200
2000-01-31,41.91272735595703,68.71875,74.0,56.09375,56.3125,290134400
2000-02-07,40.2545280456543,66.0,70.0,65.125,67.21875,89952000
2000-02-14,41.01692581176758,67.25,69.375,60.03125,64.6875,161404800
2000-02-21,40.73101806640625,66.78125,73.75,63.125,66.25,151942200
2000-02-28,40.21641540527344,65.9375,74.0,63.0,68.75,143083000
2000-03-06,41.512474060058594,68.0625,72.75,61.0,64.75,168339800
2000-03-13,41.55060577392578,68.125,68.75,62.5,64.1875,145599400
2000-03-20,44.5239372253418,73.0,76.2109375,62.875,67.15625,148635000
2000-03-27,45.534114837646484,74.65625,81.28125,69.625,73.84375,205176200
2000-04-03,46.42994689941406,76.125,76.375,62.0,74.34375,140929400
2000-04-10,32.07782745361328,52.59375,75.90625,51.5,75.6875,171125600
2000-04-17,33.39296340942383,54.75,62.9375,49.0625,49.21875,208064800
2000-04-24,33.06892395019531,54.21875,55.0,46.125,51.5,216128400
2000-05-01,33.469207763671875,54.875,60.0,52.5,54.8125,143616000
2000-05-08,29.885936737060547,49.0,53.9375,47.5,53.25,122987600
2000-05-15,27.198497772216797,44.59375,54.5,44.515625,49.15625,141043800
2000-05-22,20.146331787109375,33.03125,45.0625,31.1875,45.0,307716000
2000-05-29,22.166675567626953,36.34375,38.3125,30.0,31.6640625,364284000
2000-06-05,24.110794067382812,39.53125,40.5,32.4375,32.53125,225325200
2000-06-12,20.051023483276367,32.875,42.15625,29.9921875,41.625,330429800
2000-06-19,20.24163246154785,33.1875,37.375,30.9375,32.90625,236937800
2000-06-26,18.297513961791992,30.0,34.1796875,28.75,34.09375,202153800
2000-07-03,17.268280029296875,28.3125,31.5,28.03125,29.96875,110580600
2000-07-10,19.231449127197266,31.53125,32.4375,25.75,27.96875,174705800
2000-07-17,19.15521240234375,31.40625,35.46875,28.53125,32.4375,170694400
2000-07-24,19.040849685668945,31.21875,35.25,30.5,31.375,146886600
2000-07-31,19.517349243164062,32.0,33.9375,29.1875,32.5,100479000
2000-08-07,18.793067932128906,30.8125,32.90625,29.4375,31.59375,72093800
2000-08-14,18.221277236938477,29.875,31.5,29.84375,30.84375,56834800
2000-08-21,17.954429626464844,29.4375,30.65625,27.40625,29.375,108923400
2000-08-28,18.06879234313965,29.625,31.03125,29.0,29.25,111414400
2000-09-04,18.774017333984375,30.78125,32.5,29.6875,30.53125,149634600
2000-09-11,20.203502655029297,33.125,33.3125,29.0,30.2734375,175645400
2000-09-18,22.2619686126709,36.5,39.375,33.5625,33.875,280220600
2000-09-25,21.728303909301758,35.625,37.8125,34.6875,37.625,123291800
2000-10-02,23.729585647583008,38.90625,43.5,35.375,36.3125,180069200
2000-10-09,21.328041076660156,34.96875,41.9375,31.5625,38.6875,189354400
2000-10-16,22.795650482177734,37.375,39.3125,34.0,37.4375,133260400
2000-10-23,22.833772659301758,37.4375,38.0,32.53125,36.9140625,100109000
2000-10-30,21.499588012695312,35.25,37.0,30.5,35.65625,187874600
2000-11-06,22.547863006591797,36.96875,38.75,33.84375,35.6875,105351800
2000-11-13,27.084131240844727,44.40625,44.90625,35.46875,35.5,187718400
2000-11-20,25.76898956298828,42.25,45.125,38.75,43.3125,100459000
2000-11-27,25.31155776977539,41.5,45.6875,37.625,43.5,163929200
2000-12-04,31.486970901489258,51.625,53.90625,43.0,43.5625,261600000
2000-12-11,24.263267517089844,39.78125,51.28125,39.5,49.0,190295200
2000-12-18,25.921478271484375,42.5,46.40625,37.125,40.625,182133200
2000-12-25,25.063783645629883,41.09375,45.875,40.3125,42.125,87152000
2001-01-01,22.281038284301758,36.53125,42.875,34.53125,40.9375,155918600
2001-01-08,21.899845123291016,35.90625,39.0,33.875,36.5,136682000
2001-01-15,21.461450576782227,35.1875,37.21875,34.21875,34.8125,96707800
2001-01-22,24.701637268066406,40.5,40.6875,34.65625,35.21875,188416400
2001-01-29,26.474206924438477,43.40625,44.5625,39.75,40.09375,146452000
2001-02-05,24.129844665527344,39.5625,44.6875,38.875,42.90625,117555800
2001-02-12,24.58728790283203,40.3125,43.96875,39.5,39.53125,124021200
2001-02-19,18.850242614746094,30.90625,40.9375,25.0625,40.21875,258164400
2001-02-26,18.449995040893555,30.25,32.375,26.0625,31.4375,269611000
2001-03-05,15.838786125183105,25.96875,33.234375,25.96875,30.5625,165567800
2001-03-12,15.343229293823242,25.15625,27.5625,23.625,25.5,188009600
2001-03-19,17.954429626464844,29.4375,29.96875,25.125,25.25,226069200
2001-03-26,17.268280029296875,28.3125,30.5625,26.0,29.6875,188113200
2001-04-02,13.608777046203613,22.3125,28.75,21.375,27.75,253478600
2001-04-09,16.175006866455078,26.520000457763672,26.639999389648438,21.889999389648438,22.354999542236328,124182000
2001-04-16,19.465499877929688,31.915000915527344,33.25,23.950000762939453,25.799999237060547,193101000
2001-04-23,17.169170379638672,28.149999618530273,31.649999618530273,27.93000030517578,30.65999984741211,186369800
2001-04-30,18.782398223876953,30.795000076293945,31.469999313354492,27.875,29.479999542236328,135257600
2001-05-07,17.672346115112305,28.975000381469727,31.469999313354492,28.56999969482422,30.690000534057617,86592600
2001-05-14,19.938186645507812,32.689998626708984,34.154998779296875,27.600000381469727,29.059999465942383,138282200
2001-05-21,20.590797424316406,33.7599983215332,35.52000045776367,32.875,33.18000030517578,106773600
2001-05-28,18.782398223876953,30.795000076293945,34.224998474121094,30.0,33.68000030517578,78495200
2001-06-04,18.6756591796875,30.6200008392334,32.76499938964844,30.280000686645508,31.225000381469727,69079200
2001-06-11,15.049707412719727,24.674999237060547,30.604999542236328,24.25,30.524999618530273,123346600
2001-06-18,16.47690773010254,27.014999389648438,27.299999237060547,23.989999771118164,25.395000457763672,131604000
2001-06-25,17.833980560302734,29.239999771118164,29.575000762939453,25.950000762939453,27.610000610351562,110211000
2001-07-02,17.742488861083984,29.09000015258789,32.0,28.524999618530273,28.770000457763672,85127400
2001-07-09,19.999183654785156,32.790000915527344,33.970001220703125,27.610000610351562,30.03499984741211,150976400
2001-07-16,19.663728713989258,32.2400016784668,33.70500183105469,30.854999542236328,32.709999084472656,117345600
2001-07-23,19.26728630065918,31.59000015258789,32.650001525878906,28.219999313354492,32.19499969482422,142603600
2001-07-30,20.389528274536133,33.43000030517578,34.189998626708984,30.885000228881836,31.55500030517578,113168600
2001-08-06,19.447214126586914,31.885000228881836,34.435001373291016,31.100000381469727,33.154998779296875,100644800
2001-08-13,18.773239135742188,30.780000686645508,33.875,30.25,32.685001373291016,98329400
2001-08-20,20.160816192626953,33.05500030517578,33.07500076293945,30.375,31.030000686645508,108065000
2001-08-27,17.94680404663086,29.424999237060547,33.29499816894531,29.014999389648438,32.89500045776367,110650000
2001-09-03,14.997864723205566,24.59000015258789,29.5,23.725000381469727,29.375,184862400
2001-09-10,15.412610054016113,25.270000457763672,25.895000457763672,24.829999923706055,25.235000610351562,36125800
2001-09-17,13.689589500427246,22.44499969482422,25.219999313354492,21.299999237060547,23.625,204633600
2001-09-24,14.497730255126953,23.770000457763672,24.649999618530273,22.049999237060547,23.280000686645508,159993000
2001-10-01,11.728706359863281,19.229999542236328,24.024999618530273,19.155000686645508,23.625,285651400
2001-10-08,15.095450401306152,24.75,25.225000381469727,19.420000076293945,19.540000915527344,246560400
2001-10-15,14.729509353637695,24.149999618530273,25.7450008392334,23.100000381469727,24.309999465942383,165520600
2001-10-22,16.855060577392578,27.635000228881836,28.5,23.299999237060547,24.1200008392334,171262600
2001-10-29,16.321374893188477,26.760000228881836,27.5,24.219999313354492,27.475000381469727,163518200
2001-11-05,16.900802612304688,27.709999084472656,29.024999618530273,25.594999313354492,26.790000915527344,242089400
2001-11-12,18.321914672851562,30.040000915527344,30.19499969482422,26.844999313354492,27.625,124041600
2001-11-19,18.69700813293457,30.655000686645508,31.2450008392334,29.100000381469727,30.165000915527344,79076200
2001-11-26,17.907161712646484,29.360000610351562,30.834999084472656,28.25,30.725000381469727,126247000
2001-12-03,17.37348747253418,28.485000610351562,31.125,28.235000610351562,29.075000762939453,131051000
2001-12-10,17.028886795043945,27.920000076293945,29.549999237060547,27.375,28.274999618530273,111994800
2001-12-17,15.244879722595215,24.9950008392334,28.125,24.684999465942383,27.950000762939453,137796800
2001-12-24,15.796850204467773,25.899999618530273,26.635000228881836,25.024999618530273,25.094999313354492,46609000
2001-12-31,15.372957229614258,25.204999923706055,26.670000076293945,24.885000228881836,25.75,94461600
2002-01-07,14.183619499206543,23.2549991607666,25.209999084472656,22.75,25.200000762939453,215866800
2002-01-14,13.70788860321045,22.475000381469727,23.8799991607666,22.424999237060547,23.104999542236328,141448600
2002-01-21,14.043344497680664,23.024999618530273,23.18000030517578,20.6299991607666,22.56999969482422,164462600
2002-01-28,12.948542594909668,21.229999542236328,23.424999237060547,21.059999465942383,23.299999237060547,129182000
2002-02-04,11.42374324798584,18.729999542236328,21.524999618530273,17.295000076293945,21.200000762939453,222623600
2002-02-11,11.4054536819458,18.700000762939453,21.049999237060547,18.329999923706055,19.405000686645508,159294600
2002-02-18,9.972145080566406,16.350000381469727,19.049999237060547,15.515000343322754,18.454999923706055,194019800
2002-02-25,10.969359397888184,17.985000610351562,18.375,16.524999618530273,17.46500015258789,178288600
2002-03-04,13.357177734375,21.899999618530273,22.049999237060547,18.125,18.1299991607666,160292200
2002-03-11,12.805211067199707,20.9950008392334,22.325000762939453,20.200000762939453,21.7549991607666,117453200
2002-03-18,12.34167194366455,20.235000610351562,22.0,19.510000228881836,21.364999771118164,120237200
2002-03-25,11.47864055633545,18.81999969482422,20.479999542236328,18.565000534057617,20.225000381469727,92010400
2002-04-01,10.951064109802246,17.954999923706055,19.799999237060547,17.795000076293945,18.549999237060547,119519400
2002-04-08,10.890067100524902,17.854999542236328,18.600000381469727,17.049999237060547,17.46500015258789,100756400
2002-04-15,11.362757682800293,18.6299991607666,20.174999237060547,17.225000381469727,17.9950008392334,117008200
2002-04-22,9.346978187561035,15.324999809265137,18.024999618530273,15.295000076293945,18.0,202169600
2002-04-29,8.185090065002441,13.420000076293945,15.770000457763672,13.104999542236328,15.335000038146973,156369400
2002-05-06,8.172883987426758,13.399999618530273,14.774999618530273,12.3149995803833,13.324999809265137,183642000
2002-05-13,9.908102035522461,16.2450008392334,16.979999542236328,13.619999885559082,14.300000190734863,174656200
2002-05-20,9.456766128540039,15.505000114440918,16.729999542236328,15.140000343322754,15.920000076293945,119360000
2002-05-27,9.648886680603027,15.819999694824219,16.475000381469727,15.149999618530273,15.710000038146973,90085400
2002-06-03,9.414070129394531,15.4350004196167,16.55500030517578,14.354999542236328,16.229999542236328,146679200
2002-06-10,9.121307373046875,14.954999923706055,17.0,13.850000381469727,15.380000114440918,236567200
2002-06-17,7.965519905090332,13.0600004196167,15.095000267028809,12.869999885559082,15.029999732971191,202019000
2002-06-24,8.383308410644531,13.744999885559082,14.024999618530273,12.244999885559082,12.920000076293945,176804200
2002-07-01,8.703518867492676,14.270000457763672,14.3100004196167,12.119999885559082,13.625,101657800
2002-07-08,8.572382926940918,14.055000305175781,14.449999809265137,13.045000076293945,14.199999809265137,134826800
2002-07-15,9.14570426940918,14.994999885559082,15.694999694824219,13.444999694824219,13.84000015258789,168873600
2002-07-22,7.92587423324585,12.994999885559082,15.385000228881836,12.600000381469727,14.890000343322754,219990800
2002-07-29,7.791689395904541,12.774999618530273,14.130000114440918,12.444999694824219,13.574999809265137,152087800
2002-08-05,7.898425102233887,12.949999809265137,13.300000190734863,11.604999542236328,12.630000114440918,138133200
2002-08-12,8.871244430541992,14.545000076293945,14.645000457763672,12.550000190734863,12.645000457763672,132510600
2002-08-19,8.990179061889648,14.739999771118164,15.34000015258789,13.975000381469727,14.494999885559082,108029000
2002-08-26,8.450401306152344,13.854999542236328,15.119999885559082,13.399999618530273,14.944999694824219,90865400
2002-09-02,8.679123878479004,14.229999542236328,14.699999809265137,13.125,13.694999694824219,105659200
2002-09-09,8.715717315673828,14.289999961853027,15.53499984741211,13.949999809265137,14.25,147580800
2002-09-16,8.563237190246582,14.039999961853027,14.225000381469727,12.550000190734863,14.09000015258789,185546800
2002-09-23,8.724867820739746,14.305000305175781,14.725000381469727,13.489999771118164,13.729999542236328,147605600
2002-09-30,8.923090934753418,14.630000114440918,15.03499984741211,13.755000114440918,14.0,161054200
2002-10-07,9.56655216217041,15.6850004196167,15.880000114440918,13.664999961853027,14.520000457763672,188727600
2002-10-14,11.039498329162598,18.100000381469727,18.200000762939453,15.329999923706055,15.4399995803833,196291000
2002-10-21,11.1370849609375,18.260000228881836,18.549999237060547,17.479999542236328,17.969999313354492,155426400
2002-10-28,10.877872467041016,17.834999084472656,18.299999237060547,16.020000457763672,18.125,185383000
2002-11-04,10.594261169433594,17.3700008392334,18.325000762939453,17.200000762939453,17.969999313354492,169900400
2002-11-11,12.027567863464355,19.719999313354492,19.905000686645508,16.450000762939453,17.174999237060547,209326200
2002-11-18,12.405718803405762,20.34000015258789,20.385000228881836,18.350000381469727,19.954999923706055,186395000
2002-11-25,12.57038688659668,20.610000610351562,21.0,20.040000915527344,20.329999923706055,88209600
2002-12-02,12.649676322937012,20.739999771118164,21.44499969482422,19.43000030517578,21.0,154106200
2002-12-09,11.469488143920898,18.80500030517578,20.360000610351562,18.604999542236328,20.350000381469727,130122000
2002-12-16,11.490839958190918,18.84000015258789,19.96500015258789,17.915000915527344,18.950000762939453,131875000
2002-12-23,11.36580753326416,18.635000228881836,19.795000076293945,18.510000228881836,18.8799991607666,54164200
2002-12-30,10.887017250061035,17.850000381469727,18.889999389648438,17.700000762939453,18.610000610351562,95856000
2003-01-06,11.725653648376465,19.225000381469727,19.479999542236328,17.790000915527344,17.809999465942383,144706600
2003-01-13,11.222475051879883,18.399999618530273,19.954999923706055,18.364999771118164,19.549999237060547,129560800
2003-01-20,11.222475051879883,18.399999618530273,19.524999618530273,18.30500030517578,18.489999771118164,125725600
2003-01-27,11.484740257263184,18.829999923706055,19.225000381469727,18.024999618530273,18.03499984741211,132744200
2003-02-03,11.051701545715332,18.1200008392334,18.954999923706055,18.049999237060547,18.844999313354492,109436600
2003-02-10,10.582056045532227,17.350000381469727,19.3799991607666,16.315000534057617,18.25,244676000
2003-02-17,10.740643501281738,17.610000610351562,17.780000686645508,17.1299991607666,17.4950008392334,113391600
2003-02-24,10.545465469360352,17.290000915527344,17.81999969482422,16.6200008392334,17.475000381469727,128824200
2003-03-03,10.728443145751953,17.59000015258789,17.9950008392334,16.719999313354492,17.459999084472656,133695800
2003-03-10,11.44642448425293,18.739999771118164,18.959999084472656,17.010000228881836,17.635000228881836,155723600
2003-03-17,11.974762916564941,19.604999542236328,19.975000381469727,18.43000030517578,18.434999465942383,157334200
2003-03-24,11.452528953552246,18.75,19.485000610351562,18.450000762939453,19.0,107427200
2003-03-31,10.472192764282227,17.145000457763672,18.44499969482422,16.905000686645508,18.375,173106800
2003-04-07,9.736170768737793,15.9399995803833,18.125,15.5600004196167,17.905000686645508,164411200
2003-04-14,10.059900283813477,16.469999313354492,16.844999313354492,15.824999809265137,15.914999961853027,105320800
2003-04-21,9.504073143005371,15.5600004196167,16.950000762939453,15.369999885559082,16.514999389648438,188984200
2003-04-28,9.806421279907227,16.05500030517578,16.280000686645508,15.329999923706055,15.510000228881836,129589600
2003-05-05,9.501021385192871,15.555000305175781,16.5,15.0600004196167,16.030000686645508,156972600
2003-05-12,9.253643989562988,15.149999618530273,15.774999618530273,14.789999961853027,15.3100004196167,160648200
2003-05-19,9.436883926391602,15.449999809265137,16.0,15.135000228881836,15.550000190734863,139066200
2003-05-26,10.262350082397461,16.774999618530273,16.90999984741211,15.21500015258789,15.244999885559082,111694600
2003-06-02,10.262350082397461,16.774999618530273,17.815000534057617,16.454999923706055,16.94499969482422,168618000
2003-06-09,10.09105396270752,16.4950008392334,17.219999313354492,16.274999618530273,16.479999542236328,110648400
2003-06-16,11.149408340454102,18.225000381469727,19.09000015258789,16.424999237060547,16.485000610351562,165433800
2003-06-23,11.014816284179688,18.0049991607666,18.43000030517578,17.610000610351562,17.9950008392334,91475600
2003-06-30,11.458345413208008,18.729999542236328,18.920000076293945,17.600000381469727,17.979999542236328,69269400
2003-07-07,11.819292068481445,19.31999969482422,19.989999771118164,18.895000457763672,18.950000762939453,123015600
2003-07-14,10.855755805969238,17.7450008392334,19.780000686645508,17.6299991607666,19.454999923706055,109342600
2003-07-21,11.57763671875,18.924999237060547,18.9950008392334,17.165000915527344,17.94499969482422,110783400
2003-07-28,11.164698600769043,18.25,19.5,18.225000381469727,19.110000610351562,89329600
2003-08-04,10.815996170043945,17.68000030517578,18.895000457763672,17.565000534057617,18.06999969482422,94784000
2003-08-11,11.733640670776367,19.18000030517578,19.25,17.575000762939453,17.584999084472656,96873000
2003-08-18,11.889638900756836,19.434999465942383,19.799999237060547,18.954999923706055,19.094999313354492,102990600
2003-08-25,12.664498329162598,20.665000915527344,20.795000076293945,19.030000686645508,19.31999969482422,114363600
2003-09-01,12.627726554870605,20.604999542236328,20.934999465942383,20.079999923706055,20.594999313354492,98511200
2003-09-08,13.121066093444824,21.40999984741211,21.475000381469727,20.25,20.549999237060547,100668400
2003-09-15,13.80439567565918,22.524999618530273,23.024999618530273,21.184999465942383,21.325000762939453,147095600
2003-09-22,12.762550354003906,20.825000762939453,22.639999389648438,20.80500030517578,22.155000686645508,97192200
2003-09-29,13.479586601257324,21.9950008392334,22.1299991607666,20.5,21.045000076293945,96178200
2003-10-06,13.57763385772705,22.155000686645508,22.264999389648438,21.274999618530273,21.875,82709400
2003-10-13,13.255897521972656,21.6299991607666,22.665000915527344,21.610000610351562,22.395000457763672,79315600
2003-10-20,13.543939590454102,22.100000381469727,22.825000762939453,21.350000381469727,21.71500015258789,73051000
2003-10-27,14.552068710327148,23.7450008392334,24.299999237060547,22.084999084472656,22.200000762939453,95909600
2003-11-03,14.720602035522461,24.020000457763672,24.34000015258789,22.96500015258789,23.7450008392334,113402200
2003-11-10,14.524493217468262,23.700000762939453,24.315000534057617,23.075000762939453,23.905000686645508,61269600
2003-11-17,13.4581298828125,21.959999084472656,23.649999618530273,21.80500030517578,23.3799991607666,84665600
2003-11-24,13.672364234924316,22.274999618530273,23.114999771118164,22.014999389648438,22.225000381469727,59802800
2003-12-01,15.185372352600098,24.739999771118164,24.9950008392334,22.135000228881836,22.454999923706055,142725000
2003-12-08,15.651864051818848,25.5,25.579999923706055,24.094999313354492,24.545000076293945,98515400
2003-12-15,15.661062240600586,25.514999389648438,26.0,24.375,25.969999313354492,114033800
2003-12-22,16.27486228942871,26.514999389648438,26.81999969482422,25.395000457763672,25.450000762939453,44880800
2003-12-29,16.45594024658203,26.809999465942383,27.4950008392334,26.399999618530273,26.399999618530273,50029600
2004-01-05,18.097843170166016,29.485000610351562,29.9950008392334,26.709999084472656,26.75,114293200
2004-01-12,18.31267738342285,29.834999084472656,30.364999771118164,29.270000457763672,29.43000030517578,94817800
2004-01-19,17.471773147583008,28.46500015258789,29.8700008392334,28.100000381469727,29.825000762939453,78034600
2004-01-26,17.98736572265625,29.30500030517578,29.489999771118164,28.024999618530273,28.34000015258789,84644000
2004-02-02,17.705020904541016,28.844999313354492,29.415000915527344,27.80500030517578,29.184999465942383,70267600
2004-02-09,17.705020904541016,28.844999313354492,29.834999084472656,28.5,28.7450008392334,59327800
2004-02-16,18.22981071472168,29.700000762939453,29.9950008392334,28.989999771118164,29.045000076293945,62992600
2004-02-23,19.384490966796875,31.545000076293945,32.0,30.309999465942383,31.459999084472656,136936200
2004-03-01,19.627220153808594,31.940000534057617,32.224998474121094,30.719999313354492,31.719999313354492,92971200
2004-03-08,19.36298179626465,31.510000228881836,32.2599983215332,30.825000762939453,31.93000030517578,99485000
2004-03-15,19.774686813354492,32.18000030517578,32.63999938964844,31.149999618530273,31.274999618530273,97025000
2004-03-22,18.975849151611328,30.8799991607666,31.969999313354492,30.600000381469727,31.645000457763672,102804200
2004-03-29,20.963760375976562,34.1150016784668,34.15999984741211,31.424999237060547,31.575000762939453,105064200
2004-04-05,20.702594757080078,33.689998626708984,34.689998626708984,33.36000061035156,33.845001220703125,65787400
2004-04-12,19.928319931030273,32.43000030517578,34.18000030517578,32.380001068115234,33.720001220703125,67396200
2004-04-19,20.579700469970703,33.4900016784668,34.5,32.165000915527344,32.349998474121094,101098000
2004-04-26,19.19091796875,31.229999542236328,33.53499984741211,31.03499984741211,33.244998931884766,87607000
2004-05-03,19.433650970458984,31.625,32.935001373291016,31.170000076293945,31.274999618530273,80260200
2004-05-10,19.55655288696289,31.825000762939453,32.595001220703125,31.1299991607666,31.219999313354492,112912400
2004-05-17,20.094234466552734,32.70000076293945,32.70000076293945,30.899999618530273,31.09000015258789,83517800
2004-05-24,20.63819694519043,33.53499984741211,33.625,32.56999969482422,32.790000915527344,81003000
2004-05-31,20.70281982421875,33.63999938964844,34.459999084472656,33.224998474121094,33.2400016784668,64065800
2004-06-07,21.496713638305664,34.93000030517578,34.93000030517578,33.525001525878906,33.7599983215332,55995000
2004-06-14,20.459726333618164,33.244998931884766,34.915000915527344,33.05500030517578,34.529998779296875,89717000
2004-06-21,21.25670051574707,34.540000915527344,35.029998779296875,32.3650016784668,33.255001068115234,106281400
2004-06-28,22.23829460144043,36.1349983215332,36.75,34.20500183105469,34.70500183105469,115994000
2004-07-05,21.71210479736328,35.279998779296875,36.290000915527344,35.025001525878906,35.900001525878906,67009000
2004-07-12,21.010526657104492,34.13999938964844,35.45000076293945,34.040000915527344,35.06999969482422,83067800
2004-07-19,21.816726684570312,35.45000076293945,36.48500061035156,33.70000076293945,34.125,115816600
2004-07-26,21.296693801879883,34.60499954223633,35.82500076293945,34.23500061035156,35.20500183105469,85990200
2004-08-02,20.78589630126953,33.775001525878906,36.369998931884766,33.775001525878906,34.939998626708984,95052800
2004-08-09,21.284381866455078,34.584999084472656,34.994998931884766,33.65999984741211,33.84000015258789,82694200
2004-08-16,22.893720626831055,37.20000076293945,37.5,34.209999084472656,34.279998779296875,65906400
2004-08-23,23.694332122802734,38.43000030517578,38.849998474121094,37.16999816894531,37.34000015258789,61672700
2004-08-30,23.7313175201416,38.4900016784668,39.0,37.36000061035156,37.95000076293945,48291000
2004-09-06,24.347877502441406,39.4900016784668,40.0,38.58000183105469,38.599998474121094,59064000
2004-09-13,23.940942764282227,38.83000183105469,41.16999816894531,37.5,39.81999969482422,102161800
2004-09-20,23.58335304260254,38.25,39.7599983215332,37.90999984741211,38.0,65898600
2004-09-27,24.939781188964844,40.45000076293945,40.61000061035156,37.709999084472656,37.95000076293945,64498400
2004-10-04,25.229541778564453,40.91999816894531,41.9900016784668,40.45000076293945,40.77000045776367,52177300
2004-10-11,26.185226440429688,42.470001220703125,42.790000915527344,40.779998779296875,41.06999969482422,49288400
2004-10-18,25.89544677734375,42.0,44.40999984741211,41.93000030517578,42.130001068115234,64876100
2004-10-25,25.64881706237793,41.599998474121094,42.220001220703125,38.68000030517578,41.79999923706055,82024800
2004-11-01,23.59568214416504,38.27000045776367,41.290000915527344,37.86000061035156,41.0,121602300
2004-11-08,24.785627365112305,40.20000076293945,40.290000915527344,37.77000045776367,37.95000076293945,67174200
2004-11-15,24.736312866210938,40.119998931884766,41.59000015258789,39.41999816894531,40.2599983215332,59184100
2004-11-22,25.5255069732666,41.400001525878906,41.900001525878906,39.5099983215332,39.880001068115234,32596900
2004-11-29,26.82026481628418,43.5,44.58000183105469,41.15999984741211,41.349998474121094,68713000
2004-12-06,26.739986419677734,43.29999923706055,44.0,42.220001220703125,43.29999923706055,60890400
2004-12-13,26.77704620361328,43.36000061035156,44.75,43.0099983215332,43.63999938964844,65321000
2004-12-20,27.511940002441406,44.54999923706055,44.9900016784668,42.849998474121094,43.439998626708984,52789300
2004-12-27,26.184194564819336,42.400001525878906,44.90999984741211,42.22999954223633,44.65999984741211,47924400
2005-01-03,26.69058609008789,43.220001220703125,43.709999084472656,41.709999084472656,42.70000076293945,72389500
2005-01-10,26.06686019897461,42.209999084472656,43.650001525878906,42.04999923706055,43.099998474121094,53905800
2005-01-17,23.34345054626465,37.79999923706055,42.970001220703125,35.779998779296875,41.880001068115234,125229900
2005-01-24,22.448009490966797,36.349998474121094,37.91999816894531,35.63999938964844,37.79999923706055,85169200
2005-01-31,22.81855010986328,36.95000076293945,37.40999984741211,35.810001373291016,36.939998626708984,58722700
2005-02-07,22.330673217773438,36.15999984741211,37.4900016784668,34.36000061035156,36.63999938964844,68435200
2005-02-14,21.391986846923828,34.63999938964844,37.720001220703125,34.59000015258789,36.15999984741211,80026300
2005-02-21,22.89582061767578,37.0,37.119998931884766,33.9900016784668,34.040000915527344,81214600
2005-02-28,21.967615127563477,35.5,37.220001220703125,35.220001220703125,37.0,75050900
2005-03-07,23.112398147583008,37.349998474121094,37.93000030517578,35.400001525878906,35.45000076293945,101679500
2005-03-14,22.567859649658203,36.470001220703125,38.540000915527344,36.029998779296875,37.59000015258789,94974900
2005-03-21,22.128496170043945,35.7599983215332,37.15999984741211,35.7599983215332,36.33000183105469,53114100
2005-03-28,21.998544692993164,35.54999923706055,37.209999084472656,35.369998931884766,35.86000061035156,80174300
2005-04-04,21.596330642700195,34.900001525878906,36.439998626708984,34.779998779296875,35.650001525878906,69062200
2005-04-11,20.2287654876709,32.689998626708984,35.08000183105469,32.66999816894531,34.93000030517578,107985600
2005-04-18,20.98990249633789,33.91999816894531,35.060001373291016,32.08000183105469,32.150001525878906,106390700
2005-04-25,21.590139389038086,34.88999938964844,35.5,33.91999816894531,34.0,77545600
2005-05-02,22.01711082458496,35.58000183105469,35.86000061035156,34.52000045776367,34.84000015258789,54593500
2005-05-09,21.843839645385742,35.29999923706055,36.38999938964844,34.9900016784668,35.5,60504500
2005-05-16,23.10001564025879,37.33000183105469,37.5,34.810001373291016,35.040000915527344,63100700
2005-05-23,23.05074691772461,37.15999984741211,37.75,36.43000030517578,37.220001220703125,45390500
2005-05-30,23.32368278503418,37.599998474121094,38.52000045776367,36.88999938964844,37.060001373291016,44305600
2005-06-06,22.331186294555664,36.0,38.06999969482422,35.72999954223633,37.61000061035156,57538100
2005-06-13,21.648839950561523,34.900001525878906,36.869998931884766,34.630001068115234,35.66999816894531,83090300
2005-06-20,20.830032348632812,33.58000183105469,35.61000061035156,33.58000183105469,34.63999938964844,62407000
2005-06-27,20.84244155883789,33.599998474121094,34.130001068115234,33.0,33.45000076293945,57396600
2005-07-04,21.555797576904297,34.75,34.84000015258789,32.97999954223633,33.2400016784668,51600100
2005-07-11,22.070650100708008,35.58000183105469,35.689998626708984,34.529998779296875,34.66999816894531,64833600
2005-07-18,24.378206253051758,39.29999923706055,39.4900016784668,34.779998779296875,35.349998474121094,103759900
2005-07-25,24.489864349365234,39.47999954223633,40.27000045776367,38.939998626708984,38.9900016784668,66979000
2005-08-01,24.291364669799805,39.15999984741211,40.0,38.81999969482422,39.2400016784668,43706100
2005-08-08,25.302478790283203,40.790000915527344,40.79999923706055,38.61000061035156,39.08000183105469,66015500
2005-08-15,24.94269561767578,40.209999084472656,41.72999954223633,39.75,40.4900016784668,59865700
2005-08-22,24.774723052978516,39.849998474121094,41.150001525878906,39.5099983215332,40.25,44474000
2005-08-29,24.843107223510742,39.959999084472656,40.349998474121094,39.040000915527344,39.560001373291016,45476800
2005-09-05,26.614940643310547,42.810001373291016,42.959999084472656,40.0099983215332,40.189998626708984,54871400
2005-09-12,26.932018280029297,43.31999969482422,43.5099983215332,41.810001373291016,42.47999954223633,63947600
2005-09-19,27.827260971069336,44.7599983215332,44.91999816894531,42.34000015258789,43.16999816894531,86973600
2005-09-26,27.821048736572266,44.75,45.04999923706055,44.08000183105469,44.880001068115234,67435000
2005-10-03,27.305044174194336,43.91999816894531,46.279998779296875,43.650001525878906,44.97999954223633,78821700
2005-10-10,26.067853927612305,41.93000030517578,44.540000915527344,41.36000061035156,43.83000183105469,72598800
2005-10-17,27.97646713256836,45.0,45.15999984741211,41.560001373291016,41.900001525878906,81913200
2005-10-24,25.533201217651367,41.06999969482422,45.9900016784668,39.68000030517578,44.9900016784668,101570500
2005-10-31,27.85215187072754,44.79999923706055,44.880001068115234,39.02000045776367,40.61000061035156,155126900
2005-11-07,28.237590789794922,45.41999816894531,46.150001525878906,44.279998779296875,44.83000183105469,68239700
2005-11-14,28.554670333862305,45.93000030517578,46.31999969482422,44.529998779296875,45.2400016784668,65339900
2005-11-21,28.710084915161133,46.18000030517578,46.290000915527344,45.470001220703125,45.650001525878906,38708900
2005-11-28,28.100812911987305,45.20000076293945,46.5099983215332,44.720001220703125,46.25,62324500
2005-12-05,27.689678192138672,44.45000076293945,45.86000061035156,43.95000076293945,45.0099983215332,63341000
2005-12-12,28.001144409179688,44.95000076293945,46.599998474121094,44.43000030517578,44.43000030517578,77124200
2005-12-19,27.652297973632812,44.38999938964844,45.5099983215332,43.59000015258789,45.41999816894531,56751500
2005-12-26,26.83625602722168,43.08000183105469,44.68000030517578,42.97999954223633,44.27000045776367,32431300
2006-01-02,29.502443313598633,47.36000061035156,47.38999938964844,42.90999984741211,43.25,70212300
2006-01-09,30.299774169921875,48.63999938964844,49.45000076293945,46.90999984741211,46.939998626708984,75805400
2006-01-16,29.253259658813477,46.959999084472656,48.720001220703125,46.529998779296875,47.41999816894531,61412000
2006-01-23,29.913564682006836,48.02000045776367,48.599998474121094,46.5,47.15999984741211,76198400
2006-01-30,28.705074310302734,46.08000183105469,48.86000061035156,45.75,48.09000015258789,59138000
2006-02-06,29.06637191772461,46.65999984741211,47.31999969482422,45.08000183105469,45.81999969482422,51032500
2006-02-13,30.09421157836914,48.310001373291016,48.880001068115234,45.47999954223633,46.29999923706055,67627500
2006-02-20,29.453004837036133,47.189998626708984,48.47999954223633,46.58000183105469,48.08000183105469,38872900
2006-02-27,29.727615356445312,47.630001068115234,48.7599983215332,46.790000915527344,47.130001068115234,60630500
2006-03-06,29.95855712890625,48.0,49.939998626708984,47.099998474121094,47.54999923706055,92027900
2006-03-13,31.68742561340332,50.77000045776367,51.18000030517578,47.95000076293945,48.650001525878906,80052300
2006-03-20,30.801136016845703,49.349998474121094,51.0,48.88999938964844,50.630001068115234,58769800
2006-03-27,31.587556838989258,50.61000061035156,51.75,49.16999816894531,49.47999954223633,62434000
2006-04-03,32.43013381958008,51.959999084472656,52.47999954223633,51.029998779296875,51.13999938964844,61856100
2006-04-10,32.130550384521484,51.47999954223633,52.06999969482422,50.90999984741211,51.779998779296875,33400400
2006-04-17,32.074371337890625,51.38999938964844,52.58000183105469,50.630001068115234,51.41999816894531,63310100
2006-04-24,32.04315948486328,51.34000015258789,52.4900016784668,50.77000045776367,51.06999969482422,54256900
2006-05-01,32.80461120605469,52.560001373291016,53.0099983215332,50.279998779296875,51.459999084472656,63510300
2006-05-08,30.57644271850586,48.9900016784668,52.9900016784668,48.54999923706055,52.36000061035156,62706200
2006-05-15,29.378114700317383,47.06999969482422,49.5,46.0,48.560001373291016,93229200
2006-05-22,28.805179595947266,46.029998779296875,47.18000030517578,44.099998474121094,46.45000076293945,76484300
2006-05-29,29.412193298339844,47.0,47.77000045776367,44.459999084472656,45.61000061035156,56160200
2006-06-05,27.184371948242188,43.439998626708984,46.970001220703125,42.2400016784668,46.66999816894531,82798500
2006-06-12,27.503520965576172,43.95000076293945,45.0,41.04999923706055,43.27000045776367,128321200
2006-06-19,24.7187557220459,39.5,45.0,38.77000045776367,44.310001373291016,131670600
2006-06-26,25.075456619262695,40.06999969482422,40.91999816894531,38.540000915527344,40.0,79824800
2006-07-03,23.780075073242188,38.0,39.720001220703125,37.63999938964844,39.470001220703125,52265600
2006-07-10,22.760026931762695,36.369998931884766,39.029998779296875,35.72999954223633,38.150001525878906,81328600
2006-07-17,21.55225372314453,34.439998626708984,37.790000915527344,34.11000061035156,36.9900016784668,124559900
2006-07-24,22.397077560424805,35.790000915527344,35.97999954223633,33.939998626708984,34.560001373291016,85773300
2006-07-31,22.09670066833496,35.310001373291016,35.970001220703125,33.79999923706055,35.59000015258789,69808500
2006-08-07,20.84510612487793,33.310001373291016,35.52000045776367,32.7599983215332,35.29999923706055,74062200
2006-08-14,23.354534149169922,37.31999969482422,38.0,33.5099983215332,34.08000183105469,93058500
2006-08-21,23.467153549194336,37.380001068115234,38.150001525878906,36.459999084472656,37.0,58657100
2006-08-28,24.076120376586914,38.349998474121094,38.79999923706055,36.650001525878906,37.45000076293945,55337700
2006-09-04,22.939802169799805,36.540000915527344,39.4900016784668,36.290000915527344,38.36000061035156,70774600
2006-09-11,23.109315872192383,36.810001373291016,38.09000015258789,35.9900016784668,36.13999938964844,94571200
2006-09-18,23.768497467041016,37.86000061035156,39.220001220703125,36.5,36.90999984741211,89589900
2006-09-25,22.82052230834961,36.349998474121094,39.29999923706055,36.16999816894531,38.20000076293945,89987700
2006-10-02,22.83306884765625,36.369998931884766,36.66999816894531,34.099998474121094,36.11000061035156,98759500
2006-10-09,25.011550903320312,39.84000015258789,39.84000015258789,35.0,36.27000045776367,97437000
2006-10-16,23.80617332458496,37.91999816894531,40.0,37.040000915527344,39.70000076293945,85641900
2006-10-23,23.316486358642578,37.13999938964844,38.63999938964844,36.56999969482422,37.880001068115234,77329900
2006-10-30,22.895856857299805,36.470001220703125,37.619998931884766,35.40999984741211,36.689998626708984,103530800
2006-11-06,22.123653411865234,35.2400016784668,37.04999923706055,34.349998474121094,36.45000076293945,104672600
2006-11-13,23.62410545349121,37.630001068115234,38.400001525878906,35.5099983215332,35.900001525878906,95979400
2006-11-20,23.592714309692383,37.58000183105469,37.869998931884766,36.81999969482422,37.310001373291016,43301200
2006-11-27,22.82052230834961,36.349998474121094,37.5,35.70000076293945,37.33000183105469,84470700
2006-12-04,24.90288734436035,39.540000915527344,40.9900016784668,36.540000915527344,36.689998626708984,119288400
2006-12-11,24.87769889831543,39.5,40.0,38.11000061035156,39.25,94743500
2006-12-18,23.813312530517578,37.810001373291016,40.099998474121094,37.5,39.689998626708984,73469400
2006-12-25,23.80072784423828,37.790000915527344,38.369998931884766,37.41999816894531,37.540000915527344,42413900
2007-01-01,24.367542266845703,38.689998626708984,39.400001525878906,36.790000915527344,37.7599983215332,68753000
2007-01-08,24.95327377319336,39.619998931884766,39.939998626708984,37.59000015258789,38.75,78712700
2007-01-15,24.48091697692871,38.869998931884766,39.959999084472656,38.130001068115234,39.79999923706055,64616200
2007-01-22,23.624359130859375,37.5099983215332,39.90999984741211,37.349998474121094,39.040000915527344,110771300
2007-01-29,23.422821044921875,37.189998626708984,37.900001525878906,36.79999923706055,37.0,80325900
2007-02-05,24.12822723388672,38.310001373291016,38.9900016784668,37.0,37.20000076293945,95139600
2007-02-12,26.773439407348633,42.5099983215332,43.380001068115234,37.90999984741211,38.72999954223633,156094500
2007-02-19,27.308767318725586,43.36000061035156,43.61000061035156,41.84000015258789,41.97999954223633,86947300
2007-02-26,24.93944549560547,39.47999954223633,43.29999923706055,39.349998474121094,43.2599983215332,139749200
2007-03-05,25.36269760131836,40.150001525878906,40.900001525878906,39.040000915527344,39.209999084472656,86705400
2007-03-12,27.592588424682617,43.68000030517578,43.93000030517578,39.810001373291016,39.970001220703125,161045100
2007-03-19,26.89140510559082,42.56999969482422,44.119998931884766,42.36000061035156,44.0099983215332,101164000
2007-03-26,26.94825553894043,42.65999984741211,43.0,41.56999969482422,42.33000183105469,76291100
2007-04-02,27.352550506591797,43.29999923706055,43.959999084472656,42.290000915527344,42.68000030517578,71244400
2007-04-09,26.878774642944336,42.54999923706055,43.459999084472656,41.599998474121094,43.34000015258789,67130900
2007-04-16,27.440982818603516,43.439998626708984,44.20000076293945,42.619998931884766,42.77000045776367,69120000
2007-04-23,28.19271469116211,44.630001068115234,46.33000183105469,42.689998626708984,43.31999969482422,101285000
2007-04-30,27.857906341552734,44.099998474121094,44.81999969482422,43.209999084472656,44.650001525878906,69465200
2007-05-07,28.33799171447754,44.86000061035156,44.9900016784668,43.52000045776367,44.119998931884766,58748500
2007-05-14,28.5590877532959,45.209999084472656,45.54999923706055,43.849998474121094,44.970001220703125,99379200
2007-05-21,27.38413429260254,43.349998474121094,47.720001220703125,42.84000015258789,45.220001220703125,131776600
2007-05-28,27.103425979614258,42.77000045776367,44.970001220703125,42.13999938964844,43.400001525878906,95284200
2007-06-04,26.533103942871094,41.869998931884766,43.06999969482422,40.97999954223633,42.470001220703125,119357800
2007-06-11,27.01471710205078,42.630001068115234,43.27000045776367,41.0,41.599998474121094,106704000
2007-06-18,27.242849349975586,42.9900016784668,43.9900016784668,42.20000076293945,42.45000076293945,86186000
2007-06-25,27.496328353881836,43.38999938964844,43.77000045776367,42.29999923706055,42.7599983215332,83179000
2007-07-02,27.616729736328125,43.58000183105469,44.0,43.11000061035156,43.599998474121094,39320000
2007-07-09,28.738386154174805,45.349998474121094,45.470001220703125,42.779998779296875,43.52000045776367,76355200
2007-07-16,27.249183654785156,43.0,45.58000183105469,42.63999938964844,45.20000076293945,109303500
2007-07-23,26.406362533569336,41.66999816894531,44.18000030517578,41.29999923706055,43.029998779296875,141071600
2007-07-30,25.83602523803711,40.77000045776367,43.25,40.560001373291016,41.900001525878906,106378500
2007-08-06,24.01097297668457,37.88999938964844,41.83000183105469,37.369998931884766,41.150001525878906,152537100
2007-08-13,23.789175033569336,37.540000915527344,39.650001525878906,35.22999954223633,38.150001525878906,175716900
2007-08-20,24.226428985595703,38.22999954223633,38.4900016784668,36.650001525878906,37.400001525878906,97601300
2007-08-27,25.372167587280273,39.88999938964844,39.9900016784668,37.86000061035156,38.54999923706055,70918800
2007-09-03,24.10006332397461,37.88999938964844,40.22999954223633,37.63999938964844,39.900001525878906,66899800
2007-09-10,25.079591751098633,39.43000030517578,39.7400016784668,36.68000030517578,37.779998779296875,112817600
2007-09-17,25.97005271911621,40.83000183105469,40.95000076293945,38.720001220703125,39.119998931884766,97806900
2007-09-24,26.87961196899414,42.2599983215332,43.060001373291016,40.77000045776367,41.0,87440000
2007-10-01,27.57928466796875,43.36000061035156,43.400001525878906,41.08000183105469,42.04999923706055,77033000
2007-10-08,26.816015243530273,42.15999984741211,43.150001525878906,41.31999969482422,42.959999084472656,73490000
2007-10-15,25.63930892944336,40.310001373291016,42.0,40.130001068115234,41.880001068115234,102688500
2007-10-22,26.288084030151367,41.33000183105469,42.0,40.04999923706055,40.27000045776367,75058000
2007-10-29,26.294450759887695,41.34000015258789,42.75,40.9900016784668,41.56999969482422,71140800
2007-11-05,24.233627319335938,38.099998474121094,42.349998474121094,36.599998474121094,41.11000061035156,125235000
2007-11-12,26.307172775268555,41.36000061035156,41.599998474121094,37.290000915527344,38.5099983215332,137561000
2007-11-19,25.779254913330078,40.529998779296875,42.33000183105469,40.130001068115234,41.720001220703125,69178000
2007-11-26,25.938262939453125,40.779998779296875,42.029998779296875,39.09000015258789,40.5099983215332,100376400
2007-12-03,25.609554290771484,40.119998931884766,41.150001525878906,39.25,40.619998931884766,82227400
2007-12-10,25.137191772460938,39.380001068115234,41.56999969482422,39.349998474121094,40.34000015258789,87074700
2007-12-17,25.50742530822754,39.959999084472656,39.959999084472656,37.75,39.25,94120900
2007-12-24,25.258472442626953,39.56999969482422,40.47999954223633,39.099998474121094,39.959999084472656,26700800
2007-12-31,23.637136459350586,37.029998779296875,39.79999923706055,36.900001525878906,39.2400016784668,80122000
2008-01-07,24.658447265625,38.630001068115234,39.06999969482422,35.779998779296875,37.04999923706055,137193500
2008-01-14,24.47972869873047,38.349998474121094,40.58000183105469,38.0,39.099998474121094,130430200
2008-01-21,25.53295135498047,40.0,41.0,35.16999816894531,37.33000183105469,141416700
2008-01-28,26.93728256225586,42.20000076293945,42.65999984741211,39.599998474121094,39.75,97156300
2008-02-04,26.758535385131836,41.91999816894531,42.5,38.95000076293945,42.040000915527344,101936700
2008-02-11,26.93728256225586,42.20000076293945,42.400001525878906,40.209999084472656,41.93000030517578,96840200
2008-02-18,27.74794578552246,43.470001220703125,44.849998474121094,41.720001220703125,42.54999923706055,80306500
2008-02-25,27.145626068115234,42.38999938964844,44.38999938964844,42.11000061035156,43.369998931884766,81380900
2008-03-03,25.768823623657227,40.2400016784668,42.119998931884766,39.5,42.0099983215332,89364800
2008-03-10,25.12204360961914,39.22999954223633,40.75,37.86000061035156,40.09000015258789,113938600
2008-03-17,24.507274627685547,38.27000045776367,40.189998626708984,36.90999984741211,38.599998474121094,103917200
2008-03-24,25.704776763916016,40.13999938964844,41.34000015258789,38.349998474121094,38.349998474121094,84696900
2008-03-31,26.927902221679688,42.04999923706055,42.65999984741211,39.75,40.279998779296875,98024100
2008-04-07,26.51165771484375,41.400001525878906,42.7599983215332,41.18000030517578,42.11000061035156,70523200
2008-04-14,27.248092651367188,42.54999923706055,43.0,40.650001525878906,41.22999954223633,78569600
2008-04-21,27.689960479736328,43.2400016784668,43.91999816894531,41.25,42.279998779296875,85558500
2008-04-28,28.387968063354492,44.33000183105469,44.900001525878906,42.83000183105469,43.18000030517578,72078700
2008-05-05,27.99733543395996,43.720001220703125,44.709999084472656,43.380001068115234,44.08000183105469,58254700
2008-05-12,30.03375244140625,46.900001525878906,46.95000076293945,43.470001220703125,43.709999084472656,89218400
2008-05-19,30.584470748901367,47.7599983215332,48.36000061035156,45.66999816894531,46.619998931884766,115811000
2008-05-26,31.18610382080078,48.540000915527344,49.5,47.400001525878906,48.029998779296875,81510300
2008-06-02,30.28663444519043,47.13999938964844,49.38999938964844,46.599998474121094,48.61000061035156,115297800
2008-06-09,32.117713928222656,49.9900016784668,50.0,46.29999923706055,47.400001525878906,125188800
2008-06-16,31.179670333862305,48.529998779296875,50.81999969482422,47.88999938964844,49.38999938964844,126534900
2008-06-23,29.32933807373047,45.650001525878906,49.0,44.810001373291016,48.869998931884766,121464400
2008-06-30,28.94384002685547,45.04999923706055,46.63999938964844,44.150001525878906,45.709999084472656,84192600
2008-07-07,31.051183700561523,48.33000183105469,49.0,44.75,45.970001220703125,122659300
2008-07-14,29.033781051635742,45.189998626708984,49.2599983215332,45.0099983215332,48.79999923706055,133881400
2008-07-21,34.98317337036133,54.45000076293945,55.04999923706055,42.689998626708984,45.4900016784668,229770700
2008-07-28,35.63852310180664,55.470001220703125,56.0,53.20000076293945,54.40999984741211,112471200
2008-08-04,35.88909149169922,55.86000061035156,56.0,52.45000076293945,54.439998626708984,105519800
2008-08-11,36.216739654541016,56.369998931884766,56.880001068115234,53.810001373291016,55.88999938964844,88227700
2008-08-18,35.59996032714844,55.40999984741211,56.72999954223633,54.119998931884766,56.439998626708984,61304800
2008-08-25,33.92818832397461,52.650001525878906,55.060001373291016,52.220001220703125,54.86000061035156,58769900
2008-09-01,30.719024658203125,47.66999816894531,53.540000915527344,46.7400016784668,53.310001373291016,107279000
2008-09-08,30.880117416381836,47.91999816894531,49.25,45.47999954223633,48.29999923706055,132869500
2008-09-15,31.408538818359375,48.7400016784668,49.25,37.81999969482422,46.529998779296875,158679600
2008-09-22,29.539749145507812,45.84000015258789,48.7400016784668,44.52000045776367,48.40999984741211,96363100
2008-09-29,26.337032318115234,40.869998931884766,45.56999969482422,38.0,45.0,159231600
2008-10-06,25.119091033935547,38.97999954223633,43.13999938964844,36.02000045776367,39.79999923706055,188944700
2008-10-13,25.615297317504883,39.75,43.099998474121094,35.709999084472656,40.529998779296875,160273300
2008-10-20,22.54789924621582,34.9900016784668,40.5,32.209999084472656,40.060001373291016,147036800
2008-10-27,24.65512466430664,38.2599983215332,40.08000183105469,33.849998474121094,34.2400016784668,121970400
2008-11-03,22.979658126831055,35.65999984741211,38.880001068115234,32.970001220703125,38.209999084472656,153235600
2008-11-10,21.22686004638672,32.939998626708984,36.56999969482422,30.81999969482422,36.11000061035156,126209900
2008-11-17,19.441844940185547,30.170000076293945,32.75,28.15999984741211,32.22999954223633,142611300
2008-11-24,21.632841110229492,33.56999969482422,33.599998474121094,30.649999618530273,31.0,71700800
2008-12-01,20.55668067932129,31.899999618530273,32.720001220703125,29.34000015258789,32.66999816894531,115717100
2008-12-08,21.96318817138672,33.91999816894531,34.95000076293945,31.690000534057617,32.310001373291016,110195900
2008-12-15,22.68191146850586,35.029998779296875,36.380001068115234,32.869998931884766,33.900001525878906,106862600
2008-12-22,22.293405532836914,34.43000030517578,34.9900016784668,33.77000045776367,34.90999984741211,43770000
2008-12-29,23.98985481262207,37.04999923706055,37.130001068115234,33.63999938964844,34.43000030517578,54901600
2009-01-05,22.662485122680664,35.0,37.709999084472656,33.5099983215332,36.599998474121094,82150600
2009-01-12,23.322927474975586,36.02000045776367,36.380001068115234,33.290000915527344,34.9900016784668,98125800
2009-01-19,23.67905616760254,36.56999969482422,37.209999084472656,34.09000015258789,35.709999084472656,93505300
2009-01-26,22.371105194091797,34.54999923706055,37.06999969482422,33.77000045776367,36.2599983215332,138848300
2009-02-02,23.517189025878906,36.31999969482422,36.630001068115234,33.060001373291016,34.15999984741211,129215900
2009-02-09,23.102783203125,35.68000030517578,36.900001525878906,33.91999816894531,36.2400016784668,107253300
2009-02-16,22.060314178466797,34.06999969482422,35.540000915527344,33.43000030517578,35.20000076293945,88604200
2009-02-23,21.746795654296875,33.43000030517578,35.369998931884766,32.66999816894531,33.83000183105469,116780300
2009-03-02,21.87689971923828,33.630001068115234,35.45000076293945,32.63999938964844,32.93000030517578,134226400
2009-03-09,23.90650749206543,36.75,36.970001220703125,32.83000183105469,33.29999923706055,124972600
2009-03-16,24.108171463012695,37.060001373291016,38.599998474121094,35.7400016784668,36.880001068115234,115414500
2009-03-23,25.331159591674805,38.939998626708984,39.70000076293945,37.369998931884766,37.84000015258789,104438800
2009-03-30,26.7948055267334,41.189998626708984,41.529998779296875,37.31999969482422,38.130001068115234,119147400
2009-04-06,27.094051361083984,41.650001525878906,42.0,39.0099983215332,40.45000076293945,70345200
2009-04-13,26.65819549560547,40.97999954223633,41.7599983215332,40.119998931884766,40.939998626708984,84096600
2009-04-20,26.90540313720703,41.36000061035156,41.619998931884766,39.27000045776367,40.11000061035156,102534800
2009-04-27,27.751060485839844,42.65999984741211,44.59000015258789,41.4900016784668,42.349998474121094,110755800
2009-05-04,27.185136795043945,41.790000915527344,44.209999084472656,41.31999969482422,42.959999084472656,87800400
2009-05-11,26.489078521728516,40.720001220703125,42.52000045776367,39.849998474121094,41.599998474121094,77530100
2009-05-18,26.872873306274414,41.310001373291016,43.20000076293945,40.93000030517578,41.08000183105469,72765800
2009-05-25,28.46784019470215,43.59000015258789,43.68000030517578,40.709999084472656,40.72999954223633,71075400
2009-06-01,29.649917602539062,45.400001525878906,45.689998626708984,42.849998474121094,44.099998474121094,90842700
2009-06-08,30.074440002441406,46.04999923706055,46.470001220703125,44.400001525878906,44.900001525878906,80699800
2009-06-15,30.041776657104492,46.0,46.0,43.45000076293945,45.310001373291016,105854600
2009-06-22,30.16584587097168,46.189998626708984,46.72999954223633,43.31999969482422,45.459999084472656,98099500
2009-06-29,29.17970085144043,44.68000030517578,46.439998626708984,44.220001220703125,45.90999984741211,54523300
2009-07-06,28.36986541748047,43.439998626708984,45.34000015258789,42.79999923706055,44.22999954223633,78524800
2009-07-13,30.956085205078125,47.400001525878906,47.61000061035156,42.66999816894531,43.720001220703125,87325300
2009-07-20,30.923419952392578,47.349998474121094,48.720001220703125,46.0,47.470001220703125,119859600
2009-07-27,30.178922653198242,46.209999084472656,47.45000076293945,45.79999923706055,46.970001220703125,69741300
2009-08-03,30.022178649902344,45.970001220703125,47.15999984741211,45.290000915527344,46.66999816894531,61136100
2009-08-10,30.126665115356445,46.130001068115234,46.970001220703125,45.380001068115234,45.56999969482422,63121000
2009-08-17,30.884248733520508,47.290000915527344,47.4900016784668,44.63999938964844,45.470001220703125,78687400
2009-08-24,30.950502395629883,47.220001220703125,48.20000076293945,46.7599983215332,46.86000061035156,70291100
2009-08-31,29.967329025268555,45.720001220703125,47.0,44.130001068115234,47.0,95572300
2009-09-07,30.550689697265625,46.61000061035156,46.75,45.209999084472656,45.900001525878906,62366600
2009-09-14,29.141462326049805,44.459999084472656,46.47999954223633,44.0,46.15999984741211,96578100
2009-09-21,29.298768997192383,44.70000076293945,45.130001068115234,44.0099983215332,44.040000915527344,85722200
2009-09-28,27.1619873046875,41.439998626708984,46.349998474121094,41.220001220703125,45.13999938964844,121234600
2009-10-05,27.332401275634766,41.70000076293945,43.400001525878906,40.5,41.599998474121094,116726900
2009-10-12,27.5028133392334,41.959999084472656,42.560001373291016,41.08000183105469,41.72999954223633,90832000
2009-10-19,26.67694664001465,40.70000076293945,42.34000015258789,40.150001525878906,41.9900016784668,89845300
2009-10-26,27.08988380432129,41.33000183105469,43.08000183105469,40.369998931884766,40.560001373291016,96484500
2009-11-02,28.774396896362305,43.900001525878906,43.970001220703125,41.08000183105469,41.349998474121094,110173600
2009-11-09,30.00010108947754,45.77000045776367,46.0,44.150001525878906,44.2400016784668,76667200
2009-11-16,29.560941696166992,45.099998474121094,46.25,44.54999923706055,45.900001525878906,64368100
2009-11-23,29.600419998168945,44.9900016784668,46.0,44.689998626708984,45.25,35008600
2009-11-30,29.71227264404297,45.15999984741211,45.68000030517578,44.31999969482422,44.81999969482422,63499300
2009-12-07,29.541210174560547,44.900001525878906,45.880001068115234,44.130001068115234,45.11000061035156,64445400
2009-12-14,29.32408905029297,44.56999969482422,45.2599983215332,44.04999923706055,45.099998474121094,60635400
2009-12-21,30.330718994140625,46.099998474121094,46.11000061035156,44.810001373291016,44.880001068115234,33852300
2009-12-28,30.435993194580078,46.2599983215332,46.9900016784668,45.75,46.04999923706055,31501300
2010-01-04,32.54795455932617,49.470001220703125,49.79999923706055,46.56999969482422,46.790000915527344,112759500
2010-01-11,31.92949867248535,48.529998779296875,49.689998626708984,48.06999969482422,49.58000183105469,80400300
2010-01-18,30.77812385559082,46.779998779296875,49.70000076293945,46.66999816894531,48.619998931884766,75624800
2010-01-25,25.784404754638672,39.189998626708984,47.689998626708984,38.4900016784668,46.970001220703125,304655600
2010-02-01,25.027780532836914,38.040000915527344,39.970001220703125,37.43000030517578,39.25,216518100
2010-02-08,25.55413246154785,38.84000015258789,39.0,37.0,38.11000061035156,151216900
2010-02-15,26.04756736755371,39.59000015258789,39.939998626708984,38.70000076293945,39.09000015258789,105177300
2010-02-22,24.239912033081055,36.68000030517578,39.88999938964844,36.470001220703125,39.810001373291016,138095900
2010-03-01,25.614482879638672,38.7599983215332,39.52000045776367,35.459999084472656,36.81999969482422,235092400
2010-03-08,25.740039825439453,38.95000076293945,39.38999938964844,38.5,38.83000183105469,86276400
2010-03-15,26.46697998046875,40.04999923706055,40.61000061035156,38.59000015258789,39.0,147268000
2010-03-22,27.643287658691406,41.83000183105469,43.84000015258789,39.869998931884766,40.08000183105469,140279000
2010-03-29,27.93406105041504,42.27000045776367,42.5,41.599998474121094,41.970001220703125,63565300
2010-04-05,27.867965698242188,42.16999816894531,43.0099983215332,41.849998474121094,42.599998474121094,69997600
2010-04-12,28.244665145874023,42.7400016784668,43.18000030517578,41.79999923706055,42.029998779296875,79343800
2010-04-19,25.277454376220703,38.25,43.38999938964844,37.79999923706055,42.630001068115234,225209100
2010-04-26,25.561620712280273,38.68000030517578,39.290000915527344,37.779998779296875,38.27000045776367,124878700
2010-05-03,24.12095832824707,36.5,39.04999923706055,35.22999954223633,38.90999984741211,127603400
2010-05-10,24.649639129638672,37.29999923706055,38.68000030517578,36.900001525878906,37.40999984741211,95977700
2010-05-17,23.717838287353516,35.88999938964844,37.70000076293945,34.83000183105469,37.459999084472656,120093000
2010-05-24,23.625816345214844,35.560001373291016,36.150001525878906,34.52000045776367,35.599998474121094,112682400
2010-05-31,23.453075408935547,35.29999923706055,36.810001373291016,34.70000076293945,35.45000076293945,84115700
2010-06-07,23.492942810058594,35.36000061035156,35.77000045776367,34.33000183105469,35.349998474121094,110631000
2010-06-14,23.712190628051758,35.689998626708984,36.06999969482422,34.720001220703125,35.70000076293945,92698000
2010-06-21,22.968076705932617,34.56999969482422,36.36000061035156,34.279998779296875,35.849998474121094,87507300
2010-06-28,21.506406784057617,32.369998931884766,34.880001068115234,31.6299991607666,34.630001068115234,108969600
2010-07-05,22.529571533203125,33.90999984741211,34.13999938964844,32.439998626708984,32.65999984741211,67186600
2010-07-12,23.89157485961914,35.959999084472656,37.220001220703125,34.5099983215332,34.7400016784668,120011300
2010-07-19,25.964494705200195,39.08000183105469,39.65999984741211,35.7400016784668,36.2599983215332,147479100
2010-07-26,25.30008888244629,38.08000183105469,39.5,37.7599983215332,38.720001220703125,81842300
2010-08-02,25.678796768188477,38.650001525878906,39.0,37.95000076293945,38.33000183105469,59604100
2010-08-09,25.213722229003906,37.95000076293945,40.0,37.79999923706055,38.869998931884766,93285100
2010-08-16,25.85154151916504,38.90999984741211,39.790000915527344,37.45000076293945,37.880001068115234,90776400
2010-08-23,25.80101776123047,38.63999938964844,39.45000076293945,37.650001525878906,39.189998626708984,78204000
2010-08-30,26.962871551513672,40.380001068115234,40.470001220703125,37.810001373291016,38.38999938964844,84437300
2010-09-06,26.98956871032715,40.41999816894531,41.220001220703125,39.91999816894531,40.11000061035156,59882400
2010-09-13,28.398483276367188,42.529998779296875,42.75,40.58000183105469,40.939998626708984,96995900
2010-09-20,29.747291564941406,44.54999923706055,44.970001220703125,42.56999969482422,42.58000183105469,90989500
2010-09-27,29.55364990234375,44.2599983215332,45.75,43.70000076293945,44.31999969482422,109718200
2010-10-04,29.88751983642578,44.7599983215332,44.959999084472656,43.349998474121094,44.43000030517578,78412900
2010-10-11,29.907554626464844,44.790000915527344,45.5099983215332,43.77000045776367,44.66999816894531,67620300
2010-10-18,29.5002384185791,44.18000030517578,44.900001525878906,42.45000076293945,44.779998779296875,77088300
2010-10-25,30.154605865478516,45.15999984741211,45.630001068115234,43.209999084472656,44.349998474121094,66105300
2010-11-01,32.27130889892578,48.33000183105469,49.45000076293945,44.619998931884766,45.52000045776367,129744000
2010-11-08,31.697065353393555,47.470001220703125,48.33000183105469,46.689998626708984,48.02000045776367,82404500
2010-11-15,32.02425765991211,47.959999084472656,48.86000061035156,46.08000183105469,47.61000061035156,92388200
2010-11-22,31.97731590270996,47.70000076293945,48.20000076293945,46.72999954223633,47.810001373291016,47262000
2010-11-29,32.728145599365234,48.81999969482422,48.939998626708984,46.459999084472656,47.470001220703125,69230600
2010-12-06,33.17060852050781,49.47999954223633,49.5,48.09000015258789,48.54999923706055,53853000
2010-12-13,33.15719985961914,49.459999084472656,49.7599983215332,48.81999969482422,49.52000045776367,66114700
2010-12-20,33.14380645751953,49.439998626708984,50.0,49.150001525878906,49.720001220703125,36227600
2010-12-27,33.177310943603516,49.4900016784668,50.310001373291016,48.97999954223633,49.400001525878906,32175900
2011-01-03,34.678977966308594,51.72999954223633,53.029998779296875,49.59000015258789,49.88999938964844,96161900
2011-01-10,34.88679122924805,52.040000915527344,52.45000076293945,51.43000030517578,51.439998626708984,62469900
2011-01-17,34.35049819946289,51.2400016784668,53.099998474121094,51.09000015258789,52.369998931884766,58948600
2011-01-24,36.02644729614258,53.7400016784668,55.0,50.619998931884766,51.119998931884766,124688600
2011-01-31,37.02531433105469,55.22999954223633,55.380001068115234,53.06999969482422,53.849998474121094,80562300
2011-02-07,38.61412811279297,57.599998474121094,57.650001525878906,54.83000183105469,55.11000061035156,66607800
2011-02-14,39.68003845214844,59.189998626708984,59.43000030517578,57.61000061035156,57.7400016784668,73873900
2011-02-21,39.69557189941406,59.02000045776367,59.20000076293945,56.52000045776367,58.560001373291016,62784500
2011-02-28,39.110435485839844,58.150001525878906,59.84000015258789,56.970001220703125,58.9900016784668,71963700
2011-03-07,36.05692672729492,53.61000061035156,58.59000015258789,53.38999938964844,58.4900016784668,101112000
2011-03-14,34.77901840209961,51.709999084472656,53.599998474121094,50.099998474121094,52.970001220703125,143156400
2011-03-21,35.4785041809082,52.75,54.11000061035156,51.70000076293945,53.2400016784668,71426900
2011-03-28,36.63534164428711,54.470001220703125,55.189998626708984,52.099998474121094,52.95000076293945,61757400
2011-04-04,36.07037353515625,53.630001068115234,54.709999084472656,52.400001525878906,54.540000915527344,67931600
2011-04-11,35.740806579589844,53.13999938964844,54.470001220703125,51.45000076293945,53.869998931884766,62018100
2011-04-18,38.296607971191406,56.939998626708984,57.619998931884766,52.040000915527344,52.20000076293945,69780100
2011-04-25,38.397499084472656,57.09000015258789,58.459999084472656,56.209999084472656,56.369998931884766,82321900
2011-05-02,38.04776382446289,56.56999969482422,57.900001525878906,55.41999816894531,57.439998626708984,58210600
2011-05-09,38.41767120361328,57.119998931884766,57.83000183105469,55.9900016784668,56.75,50324600
2011-05-16,38.59254837036133,57.380001068115234,57.7599983215332,55.65999984741211,57.18000030517578,66960000
2011-05-23,38.7202033996582,57.349998474121094,57.79999923706055,55.91999816894531,56.4900016784668,54254800
2011-05-30,38.51091766357422,57.040000915527344,58.95000076293945,56.95000076293945,57.95000076293945,55245200
2011-06-06,36.863521575927734,54.599998474121094,57.4900016784668,54.36000061035156,56.900001525878906,56210300
2011-06-13,35.573970794677734,52.689998626708984,55.869998931884766,52.41999816894531,54.790000915527344,84173400
2011-06-20,36.58671951293945,54.189998626708984,54.9900016784668,52.130001068115234,52.529998779296875,60932400
2011-06-27,39.078033447265625,57.880001068115234,57.97999954223633,53.63999938964844,54.08000183105469,55878300
2011-07-04,40.07728576660156,59.36000061035156,59.47999954223633,57.5099983215332,57.75,47055900
2011-07-11,37.10658645629883,54.959999084472656,58.93000030517578,54.290000915527344,58.72999954223633,91062400
2011-07-18,38.79447937011719,57.459999084472656,59.400001525878906,54.529998779296875,54.869998931884766,96451700
2011-07-25,36.98504638671875,54.779998779296875,57.5099983215332,54.060001373291016,56.91999816894531,64061300
2011-08-01,34.44647216796875,51.02000045776367,55.439998626708984,48.970001220703125,55.34000015258789,96495100
2011-08-08,34.09537887573242,50.5,51.2400016784668,46.70000076293945,49.2599983215332,142197500
2011-08-15,31.40827178955078,46.52000045776367,51.459999084472656,46.439998626708984,50.75,93306500
2011-08-22,33.19062423706055,48.939998626708984,49.61000061035156,45.97999954223633,47.70000076293945,80917200
2011-08-29,33.692501068115234,49.68000030517578,52.869998931884766,49.25,49.650001525878906,74654000
2011-09-05,34.1807746887207,50.400001525878906,53.279998779296875,47.599998474121094,48.400001525878906,71624000
2011-09-12,36.534095764160156,53.869998931884766,53.939998626708984,49.61000061035156,49.61000061035156,85769600
2011-09-19,34.10618591308594,50.290000915527344,54.29999923706055,48.959999084472656,53.060001373291016,84615900
2011-09-26,32.980384826660156,48.630001068115234,52.779998779296875,48.630001068115234,50.38999938964844,84902100
2011-10-03,34.06548309326172,50.22999954223633,51.0,46.400001525878906,48.209999084472656,102409900
2011-10-10,37.286895751953125,54.97999954223633,55.029998779296875,50.59000015258789,51.0099983215332,61663600
2011-10-17,35.27943801879883,52.02000045776367,54.95000076293945,51.47999954223633,54.70000076293945,74258800
2011-10-24,36.10005187988281,53.22999954223633,54.0,50.790000915527344,52.400001525878906,72817200
2011-10-31,38.3177375793457,56.5,56.959999084472656,49.779998779296875,52.68000030517578,137402400
2011-11-07,38.399131774902344,56.619998931884766,57.290000915527344,54.650001525878906,55.79999923706055,68204200
2011-11-14,37.75485610961914,55.66999816894531,57.970001220703125,55.40999984741211,56.56999969482422,79205100
2011-11-21,35.30729675292969,51.86000061035156,55.02000045776367,51.599998474121094,54.38999938964844,61226800
2011-11-28,36.995723724365234,54.34000015258789,55.70000076293945,52.849998474121094,53.41999816894531,66887400
2011-12-05,37.5676155090332,55.18000030517578,55.400001525878906,53.54999923706055,55.16999816894531,66148400
2011-12-12,35.817909240722656,52.61000061035156,55.72999954223633,52.189998626708984,54.40999984741211,68266500
2011-12-19,37.19316482543945,54.630001068115234,54.7400016784668,51.7599983215332,53.0,50430700
2011-12-26,37.24082946777344,54.70000076293945,54.9900016784668,54.0099983215332,54.29999923706055,24274700
2012-01-02,38.234825134277344,56.15999984741211,56.400001525878906,54.560001373291016,55.880001068115234,48386000
2012-01-09,38.4935302734375,56.540000915527344,56.72999954223633,55.43000030517578,56.13999938964844,53382100
2012-01-16,39.303707122802734,57.72999954223633,58.2400016784668,56.720001220703125,56.93000030517578,55562700
2012-01-23,39.34455871582031,57.790000915527344,59.5,57.540000915527344,57.939998626708984,76870600
2012-01-30,41.57083511352539,61.060001373291016,61.95000076293945,57.029998779296875,57.2400016784668,106613500
2012-02-06,42.026981353759766,61.72999954223633,61.9900016784668,60.540000915527344,60.81999969482422,59182900
2012-02-13,42.5648307800293,62.52000045776367,62.709999084472656,61.099998474121094,61.9900016784668,56129000
2012-02-20,43.191184997558594,63.439998626708984,63.810001373291016,62.31999969482422,62.65999984741211,36958200
2012-02-27,42.64985275268555,62.43000030517578,63.61000061035156,62.0,62.900001525878906,51996000
2012-03-05,43.67461013793945,63.93000030517578,64.27999877929688,60.93000030517578,62.22999954223633,58578600
2012-03-12,44.685691833496094,65.41000366210938,65.62000274658203,63.459999084472656,63.95000076293945,62448700
2012-03-19,45.55330276489258,66.68000030517578,67.0,65.54000091552734,65.83999633789062,56895500
2012-03-26,46.49606704711914,68.05999755859375,68.87000274658203,67.30000305175781,67.33999633789062,53763500
2012-04-02,45.901710510253906,67.19000244140625,68.83000183105469,66.83999633789062,68.25,47737000
2012-04-09,45.54645538330078,66.66999816894531,68.56999969482422,65.58000183105469,66.12000274658203,70560700
2012-04-16,42.52688980102539,62.25,67.87999725341797,62.220001220703125,67.33999633789062,116826100
2012-04-23,43.84538269042969,64.18000030517578,64.48999786376953,61.2599983215332,61.81999969482422,65567600
2012-04-30,42.29461669921875,61.90999984741211,64.72000122070312,61.380001068115234,63.97999954223633,51818000
2012-05-07,42.26044845581055,61.86000061035156,63.060001373291016,60.86000061035156,61.279998779296875,52754200
2012-05-14,38.24345397949219,55.97999954223633,62.5,55.720001220703125,61.16999816894531,83341100
2012-05-21,39.15889358520508,57.31999969482422,58.68000030517578,55.849998474121094,55.849998474121094,73107500
2012-05-28,37.81785202026367,55.119998931884766,58.75,54.849998474121094,57.900001525878906,52939000
2012-06-04,40.31525421142578,58.7599983215332,59.5,54.91999816894531,55.119998931884766,54999500
2012-06-11,38.76466751098633,56.5,59.689998626708984,55.619998931884766,58.970001220703125,93180600
2012-06-18,38.17462921142578,55.63999938964844,57.68000030517578,55.040000915527344,56.119998931884766,64633800
2012-06-25,38.202056884765625,55.68000030517578,55.95000076293945,53.40999984741211,55.130001068115234,71803700
2012-07-02,37.94821548461914,55.310001373291016,56.68000030517578,54.83000183105469,55.650001525878906,36332100
2012-07-09,37.721797943115234,54.97999954223633,56.0,53.11000061035156,55.38999938964844,54351900
2012-07-16,39.574275970458984,57.68000030517578,58.88999938964844,53.09000015258789,55.2599983215332,88020200
2012-07-23,40.71320343017578,59.34000015258789,59.529998779296875,56.06999969482422,56.529998779296875,54693400
2012-07-30,41.330692291259766,60.2400016784668,60.349998474121094,58.15999984741211,59.22999954223633,48198800
2012-08-06,42.52449035644531,61.97999954223633,62.04999923706055,60.0099983215332,60.40999984741211,36416600
2012-08-13,43.42329788208008,63.290000915527344,63.34000015258789,61.439998626708984,61.630001068115234,51401900
2012-08-20,42.83324432373047,62.43000030517578,63.290000915527344,61.59000015258789,63.099998474121094,39160900
2012-08-27,42.1677360534668,61.459999084472656,62.61000061035156,60.779998779296875,62.540000915527344,36986000
2012-09-03,42.665592193603516,61.93000030517578,62.959999084472656,60.279998779296875,61.20000076293945,40036200
2012-09-10,44.69795608520508,64.87999725341797,65.27999877929688,61.13999938964844,61.9900016784668,60074500
2012-09-17,44.27769088745117,64.2699966430664,65.44999694824219,63.189998626708984,65.04000091552734,61189800
2012-09-24,43.037620544433594,62.470001220703125,64.36000061035156,62.06999969482422,63.5,53426000
2012-10-01,43.154747009277344,62.63999938964844,63.75,61.52000045776367,62.72999954223633,43361400
2012-10-08,40.57125473022461,58.88999938964844,62.31999969482422,58.099998474121094,62.04999923706055,57552700
2012-10-15,40.474796295166016,58.75,61.2599983215332,58.2400016784668,59.22999954223633,65803700
2012-10-22,40.674591064453125,59.040000915527344,59.209999084472656,57.290000915527344,58.5,54368500
2012-10-29,40.85372543334961,59.29999923706055,60.099998474121094,58.31999969482422,59.150001525878906,28256400
2012-11-05,42.45203399658203,61.619998931884766,62.79999923706055,58.11000061035156,60.13999938964844,92057100
2012-11-12,42.665592193603516,61.93000030517578,62.7599983215332,60.75,61.84000015258789,66941300
2012-11-19,43.492332458496094,63.130001068115234,63.15999984741211,61.380001068115234,62.5,34565500
2012-11-26,43.829891204833984,63.619998931884766,63.810001373291016,61.66999816894531,62.75,55197400
2012-12-03,44.169219970703125,63.86000061035156,64.4000015258789,62.970001220703125,63.90999984741211,48603500
2012-12-10,41.381832122802734,59.83000183105469,64.72000122070312,59.439998626708984,63.79999923706055,78752300
2012-12-17,42.612979888916016,61.61000061035156,63.540000915527344,59.900001525878906,60.209999084472656,78382800
2012-12-24,41.94208526611328,60.63999938964844,62.2599983215332,60.54999923706055,61.5,29012300
2012-12-31,43.92021179199219,63.5,65.19000244140625,60.220001220703125,60.52000045776367,60833300
2013-01-07,44.8885383605957,64.9000015258789,65.52999877929688,63.15999984741211,63.349998474121094,55414100
2013-01-14,44.73639678955078,64.68000030517578,65.31999969482422,63.52000045776367,64.29000091552734,49442900
2013-01-21,44.030879974365234,63.65999984741211,65.30000305175781,63.369998931884766,64.7300033569336,46329800
2013-01-28,46.15427017211914,66.7300033569336,67.44000244140625,62.33000183105469,63.470001220703125,86008000
2013-02-04,46.30643081665039,66.94999694824219,67.44999694824219,65.36000061035156,66.25,56781500
2013-02-11,45.25511932373047,65.43000030517578,67.30999755859375,65.02999877929688,67.0,57189000
2013-02-18,44.916221618652344,64.94000244140625,66.05999755859375,64.31999969482422,65.75,38696700
2013-02-25,45.856868743896484,66.30000305175781,67.44999694824219,64.80000305175781,65.38999938964844,52865500
2013-03-04,46.269107818603516,66.6500015258789,68.5,65.86000061035156,66.05000305175781,59037200
2013-03-11,45.10285186767578,64.97000122070312,67.5,64.73999786376953,66.7300033569336,60741200
2013-03-18,45.76233673095703,65.91999816894531,66.12000274658203,63.400001525878906,64.41000366210938,54270300
2013-03-25,46.47043228149414,66.94000244140625,67.0,65.27999877929688,66.19000244140625,33407200
2013-04-01,45.23474884033203,65.16000366210938,66.83999633789062,64.55000305175781,66.69999694824219,46748100
2013-04-08,46.289955139160156,66.68000030517578,67.6500015258789,65.08999633789062,65.13999938964844,50706500
2013-04-15,44.3808708190918,63.93000030517578,66.66999816894531,63.029998779296875,66.2300033569336,61266000
2013-04-22,42.707820892333984,61.52000045776367,66.55999755859375,61.470001220703125,64.08999633789062,124454900
2013-04-29,44.269798278808594,63.77000045776367,63.849998474121094,61.25,61.79999923706055,84412200
2013-05-06,44.87376403808594,64.63999938964844,64.63999938964844,63.529998779296875,63.81999969482422,50387800
2013-05-13,46.24135208129883,66.61000061035156,66.66999816894531,64.18000030517578,64.33999633789062,52578600
2013-05-20,44.60997009277344,64.26000213623047,66.5999984741211,63.5099983215332,66.30000305175781,64521600
2013-05-27,44.06847381591797,63.47999954223633,64.87999725341797,63.47999954223633,64.63999938964844,47315900
2013-06-03,43.3494758605957,62.099998474121094,64.04000091552734,61.41999816894531,63.369998931884766,78370500
2013-06-10,42.84686279296875,61.380001068115234,62.20000076293945,60.75,62.11000061035156,58960000
2013-06-17,42.351253509521484,60.66999816894531,62.79999923706055,60.220001220703125,61.61000061035156,75863100
2013-06-24,42.64442443847656,61.09000015258789,62.91999816894531,59.459999084472656,60.0,88757400
2013-07-01,42.54670715332031,60.95000076293945,61.61000061035156,60.27000045776367,61.4900016784668,30917700
2013-07-08,43.29363250732422,62.02000045776367,62.02000045776367,59.02000045776367,60.75,86003800
2013-07-15,42.9027099609375,61.459999084472656,62.65999984741211,60.81999969482422,61.38999938964844,79164800
2013-07-22,45.101593017578125,64.61000061035156,64.80000305175781,61.189998626708984,61.68000030517578,84721400
2013-07-29,46.595455169677734,66.75,66.76000213623047,64.16999816894531,64.47000122070312,64167200
2013-08-05,46.26036834716797,66.2699966430664,66.63999938964844,65.0,65.41000366210938,51459900
2013-08-12,46.70015335083008,66.9000015258789,67.44999694824219,65.80000305175781,65.88999938964844,54524200
2013-08-19,46.87467956542969,67.1500015258789,67.4000015258789,66.19000244140625,66.87999725341797,41669100
2013-08-26,46.51138687133789,66.27999877929688,67.23999786376953,65.73999786376953,67.02999877929688,42951200
2013-09-02,47.73240661621094,68.0199966430664,68.44999694824219,66.5199966430664,66.91999816894531,38148400
2013-09-09,48.125389099121094,68.58000183105469,70.37000274658203,67.48999786376953,68.0,78338600
2013-09-16,48.46221160888672,69.05999755859375,70.04000091552734,67.97000122070312,69.0199966430664,67810900
2013-09-23,47.283287048339844,67.37999725341797,70.2300033569336,67.08000183105469,70.0,44479500
2013-09-30,47.73240661621094,68.0199966430664,68.19000244140625,66.55000305175781,66.94000244140625,35551700
2013-10-07,47.402618408203125,67.55000305175781,67.6500015258789,65.47000122070312,66.38999938964844,45903400
2013-10-14,47.99907684326172,68.4000015258789,69.0999984741211,66.91999816894531,67.11000061035156,37247300
2013-10-21,47.90785217285156,68.2699966430664,69.25,66.81999969482422,68.51000213623047,44642200
2013-10-28,49.05168914794922,69.9000015258789,70.0,67.95999908447266,68.38999938964844,45111900
2013-11-04,47.33242416381836,67.44999694824219,70.19000244140625,66.25,70.13999938964844,79861600
2013-11-11,50.644630432128906,72.16999816894531,72.18000030517578,67.18000030517578,67.30000305175781,63264200
2013-11-18,51.19900894165039,72.95999908447266,73.08999633789062,70.4000015258789,72.27999877929688,62759500
2013-11-25,51.88064956665039,73.58000183105469,73.88999938964844,70.95999908447266,71.08999633789062,46951300
2013-12-02,52.0075798034668,73.76000213623047,73.97000122070312,72.8499984741211,73.52999877929688,37916200
2013-12-09,51.17555236816406,72.58000183105469,74.19000244140625,72.48999786376953,73.87999725341797,45853600
2013-12-16,51.40824508666992,72.91000366210938,73.30000305175781,71.68000030517578,73.22000122070312,57481200
2013-12-23,52.03575134277344,73.80000305175781,74.0199966430664,72.5199966430664,73.5199966430664,21417100
2013-12-30,51.394126892089844,72.88999938964844,74.31999969482422,72.44000244140625,73.66000366210938,29195600
2014-01-06,52.085113525390625,73.87000274658203,74.5,72.55000305175781,73.08000183105469,40521300
2014-01-13,52.691497802734375,74.7300033569336,74.9800033569336,72.37000274658203,73.77999877929688,51037200
2014-01-20,52.23320770263672,74.08000183105469,75.9000015258789,74.05999755859375,75.0,36044000
2014-01-27,52.3318977355957,74.22000122070312,74.48999786376953,70.9800033569336,74.01000213623047,80557100
2014-02-03,52.46586990356445,74.41000366210938,74.47000122070312,72.02999877929688,73.66999816894531,55185600
2014-02-10,53.78439712524414,76.27999877929688,76.75,73.88999938964844,74.19999694824219,45404500
2014-02-17,53.311981201171875,75.61000061035156,76.55000305175781,75.11000061035156,76.25,33296900
2014-02-24,53.08634948730469,75.29000091552734,75.98999786376953,74.5,75.97000122070312,40629600
2014-03-03,54.3968620300293,76.79000091552734,77.19999694824219,73.04000091552734,74.62000274658203,46713600
2014-03-10,52.94467544555664,74.73999786376953,77.19999694824219,74.5,76.79000091552734,42338400
2014-03-17,55.38861083984375,78.19000244140625,79.02999877929688,75.52999877929688,75.72000122070312,67329200
2014-03-24,56.160728454589844,79.27999877929688,79.72000122070312,77.30999755859375,78.44000244140625,52572500
2014-03-31,55.62946319580078,78.52999877929688,81.36000061035156,78.45999908447266,79.48999786376953,45743700
2014-04-07,55.26108932495117,78.01000213623047,80.30000305175781,77.4800033569336,78.0,47241100
2014-04-14,57.605838775634766,81.31999969482422,81.33999633789062,78.02999877929688,78.69999694824219,34808400
2014-04-21,54.97774124145508,77.61000061035156,81.66000366210938,76.7699966430664,81.19000244140625,60944000
2014-04-28,55.955318450927734,78.98999786376953,79.48999786376953,77.37000274658203,78.0,43161200
2014-05-05,56.31657791137695,79.5,80.08999633789062,78.43000030517578,78.76000213623047,37890300
2014-05-12,56.259918212890625,79.41999816894531,80.98999786376953,78.76000213623047,79.72000122070312,39514500
2014-05-19,56.58576965332031,79.87999725341797,80.3499984741211,79.12000274658203,79.22000122070312,32417100
2014-05-26,56.98954391479492,80.44999694824219,80.73999786376953,79.87999725341797,79.93000030517578,32779600
2014-06-02,57.2387809753418,80.37999725341797,80.79000091552734,79.1500015258789,80.66000366210938,37015500
2014-06-09,56.33442306518555,79.11000061035156,80.47000122070312,78.44000244140625,80.27999877929688,36134100
2014-06-16,56.86848068237305,79.86000061035156,79.98999786376953,78.4000015258789,78.83000183105469,43263700
2014-06-23,56.24897766113281,78.98999786376953,79.98999786376953,77.91000366210938,79.62999725341797,42787900
2014-06-30,57.67316436767578,80.98999786376953,81.27999877929688,78.6500015258789,79.1500015258789,23610100
2014-07-07,56.683349609375,79.5999984741211,81.11000061035156,79.1500015258789,80.66999816894531,32446500
2014-07-14,56.533836364746094,79.38999938964844,79.94000244140625,77.87999725341797,79.44000244140625,40803600
2014-07-21,54.191001892089844,76.0999984741211,81.97000122070312,75.66000366210938,79.41000366210938,80037100
2014-07-28,51.663028717041016,72.55000305175781,76.25,71.81999969482422,76.0999984741211,63449500
2014-08-04,52.61012268066406,73.87999725341797,73.95999908447266,72.16000366210938,72.87000274658203,49288100
2014-08-11,52.9875373840332,74.41000366210938,75.12999725341797,73.9000015258789,74.19999694824219,39932800
2014-08-18,54.70372009277344,76.81999969482422,77.30999755859375,74.55000305175781,74.83000183105469,38935700
2014-08-25,54.49078369140625,76.0999984741211,77.30000305175781,75.76000213623047,77.16999816894531,31079000
2014-09-01,54.283138275146484,75.80999755859375,76.08000183105469,74.62000274658203,75.91999816894531,36496400
2014-09-08,53.93942642211914,75.33000183105469,76.25,75.19999694824219,75.48999786376953,34278900
2014-09-15,54.08263397216797,75.52999877929688,77.0,74.9000015258789,75.5,44039800
2014-09-22,53.74610137939453,75.05999755859375,76.56999969482422,74.16999816894531,75.48999786376953,39602300
2014-09-29,53.602882385253906,74.86000061035156,75.19999694824219,73.16000366210938,74.62999725341797,40091600
2014-10-06,50.996498107910156,71.22000122070312,75.44000244140625,71.19999694824219,75.0,51582600
2014-10-13,51.86289978027344,72.43000030517578,72.87999725341797,69.36000061035156,71.18000030517578,56578700
2014-10-20,54.419189453125,76.0,76.01000213623047,72.0,72.05000305175781,38342000
2014-10-27,56.21645736694336,78.51000213623047,78.52999877929688,75.2699966430664,75.86000061035156,31924600
2014-11-03,49.59306716918945,69.26000213623047,78.52999877929688,67.66999816894531,78.30999755859375,133757100
2014-11-10,50.7315559387207,70.8499984741211,71.20999908447266,68.48999786376953,68.91000366210938,51243700
2014-11-17,51.17550277709961,71.47000122070312,72.05999755859375,69.5999984741211,70.62000274658203,56628800
2014-11-24,52.50459671020508,72.9000015258789,73.0,71.18000030517578,71.69999694824219,34717300
2014-12-01,52.843082427978516,73.37000274658203,74.83999633789062,71.29000091552734,72.45999908447266,55762400
2014-12-08,50.83366012573242,70.58000183105469,73.51000213623047,70.58000183105469,73.22000122070312,41648300
2014-12-15,52.88630294799805,73.43000030517578,73.7300033569336,69.58999633789062,70.8499984741211,59135500
2014-12-22,54.463592529296875,75.62000274658203,75.72000122070312,73.44999694824219,73.58000183105469,24258600
2014-12-29,53.49848937988281,74.27999877929688,75.5999984741211,73.75,75.0,26517700
2015-01-05,53.599334716796875,74.41999816894531,75.30000305175781,72.73999786376953,73.70999908447266,53143600
2015-01-12,51.34500503540039,71.29000091552734,75.05000305175781,70.12000274658203,74.13999938964844,57768000
2015-01-19,51.986019134521484,72.18000030517578,73.20999908447266,69.94999694824219,71.75,47637800
2015-01-26,44.98539733886719,62.459999084472656,72.9000015258789,62.38999938964844,72.16999816894531,109847700
2015-02-02,47.78709411621094,66.3499984741211,67.98999786376953,62.2599983215332,62.4900016784668,73004400
2015-02-09,51.049705505371094,70.87999725341797,70.94999694824219,66.95999908447266,68.16000366210938,86020100
2015-02-16,51.510677337646484,71.5199966430664,71.72000122070312,70.11000061035156,70.76000213623047,35304300
2015-02-23,52.22368240356445,72.51000213623047,72.56999969482422,70.36000061035156,71.26000213623047,49463800
2015-03-02,51.80352020263672,71.51000213623047,72.9000015258789,70.51000213623047,71.80000305175781,45669800
2015-03-09,49.724422454833984,68.63999938964844,74.08999633789062,68.31999969482422,71.63999938964844,93507600
2015-03-16,50.738616943359375,70.04000091552734,70.61000061035156,68.91000366210938,69.13999938964844,63035800
2015-03-23,48.5581169128418,67.02999877929688,70.58000183105469,65.68000030517578,69.91999816894531,52042100
2015-03-30,49.23905944824219,67.97000122070312,69.61000061035156,67.45999908447266,67.73999786376953,49101800
2015-04-06,50.10112762451172,69.16000366210938,69.19999694824219,66.18000030517578,66.19000244140625,66244500
2015-04-13,48.61605453491211,67.11000061035156,71.9000015258789,66.95999908447266,71.2300033569336,77502400
2015-04-20,49.43466567993164,68.23999786376953,69.20999908447266,66.95999908447266,67.25,61121500
2015-04-27,49.56504440307617,68.41999816894531,69.81999969482422,67.61000061035156,68.7699966430664,43237400
2015-05-04,50.28223419189453,69.41000366210938,69.41000366210938,67.5,68.44999694824219,37439900
2015-05-11,51.47751998901367,71.05999755859375,71.08999633789062,68.0999984741211,69.16999816894531,47285100
2015-05-18,50.35467529296875,69.51000213623047,71.12999725341797,69.02999877929688,70.98999786376953,62088800
2015-05-25,50.47782516479492,69.68000030517578,71.31999969482422,68.75,69.52999877929688,62523600
2015-06-01,49.792152404785156,68.26000213623047,70.05000305175781,68.22000122070312,69.51000213623047,45182300
2015-06-08,48.894935607910156,67.02999877929688,68.19999694824219,66.7699966430664,68.02999877929688,47061400
2015-06-15,48.78550338745117,66.87999725341797,67.66999816894531,65.93000030517578,66.54000091552734,46805100
2015-06-22,47.173423767089844,64.66999816894531,67.62999725341797,64.5999984741211,67.04000091552734,83476800
2015-06-29,46.03548812866211,63.11000061035156,64.02999877929688,62.0099983215332,63.400001525878906,53219800
2015-07-06,45.758296966552734,62.72999954223633,63.54999923706055,61.47999954223633,62.65999984741211,62623900
2015-07-13,46.93271255493164,64.33999633789062,64.68000030517578,63.0,63.0,49540300
2015-07-20,44.96320343017578,61.63999938964844,66.05000305175781,60.83000183105469,64.62999725341797,108265500
2015-07-27,46.96918869018555,64.38999938964844,64.94999694824219,61.5099983215332,61.97999954223633,60927800
2015-08-03,45.96982955932617,63.02000045776367,64.81999969482422,62.599998474121094,64.3499984741211,61128000
2015-08-10,45.160152435302734,61.90999984741211,63.33000183105469,61.599998474121094,62.5,62594100
2015-08-17,42.02351760864258,57.61000061035156,62.11000061035156,57.560001373291016,61.5,66579600
2015-08-24,41.90679931640625,57.45000076293945,57.810001373291016,52.59000015258789,54.18000030517578,104278700
2015-08-31,39.935420989990234,54.290000915527344,57.2599983215332,54.13999938964844,56.56999969482422,56807100
2015-09-07,40.20759582519531,54.65999984741211,55.88999938964844,54.15999984741211,55.11000061035156,48306100
2015-09-14,40.053123474121094,54.45000076293945,55.90999984741211,54.02000045776367,54.75,63348200
2015-09-21,39.14833450317383,53.220001220703125,54.72999954223633,52.38999938964844,54.630001068115234,51644200
2015-09-28,40.50918197631836,55.06999969482422,55.150001525878906,52.16999816894531,53.04999923706055,57159800
2015-10-05,42.50263977050781,57.779998779296875,58.119998931884766,55.41999816894531,55.58000183105469,46740200
2015-10-12,44.0694580078125,59.90999984741211,60.0,57.02000045776367,57.630001068115234,44742800
2015-10-19,44.67264938354492,60.72999954223633,61.189998626708984,58.61000061035156,59.459999084472656,47082000
2015-10-26,43.709014892578125,59.41999816894531,60.90999984741211,58.70000076293945,60.90999984741211,44803200
2015-11-02,39.29545211791992,53.41999816894531,61.18000030517578,49.91999816894531,59.70000076293945,124186700
2015-11-09,38.206764221191406,51.939998626708984,53.349998474121094,51.81999969482422,52.880001068115234,60854700
2015-11-16,36.500179290771484,49.619998931884766,53.54999923706055,47.52000045776367,51.959999084472656,102892400
2015-11-23,36.058265686035156,48.540000915527344,49.72999954223633,48.470001220703125,49.09000015258789,37131600
2015-11-30,38.88112258911133,52.34000015258789,53.439998626708984,48.29999923706055,48.599998474121094,101992700
2015-12-07,35.25596618652344,47.459999084472656,52.540000915527344,47.34000015258789,52.310001373291016,69805900
2015-12-14,35.233680725097656,47.43000030517578,49.599998474121094,45.93000030517578,47.40999984741211,112320800
2015-12-21,36.808528900146484,49.54999923706055,49.880001068115234,47.540000915527344,47.61000061035156,41655200
2015-12-28,37.13539123535156,49.9900016784668,51.25,49.22999954223633,49.45000076293945,38909600
2016-01-04,34.08224868774414,45.880001068115234,50.599998474121094,45.84000015258789,49.43000030517578,77618200
2016-01-11,34.03768539428711,45.81999969482422,48.0099983215332,45.130001068115234,46.36000061035156,79123400
2016-01-18,35.7091178894043,48.06999969482422,48.279998779296875,44.38999938964844,46.5,52510100
2016-01-25,33.68111038208008,45.34000015258789,48.849998474121094,43.470001220703125,47.970001220703125,82918600
2016-02-01,32.70054626464844,44.02000045776367,46.40999984741211,42.880001068115234,44.709999084472656,72442400
2016-02-08,33.101688385009766,44.560001373291016,44.7599983215332,42.2400016784668,43.5099983215332,57417600
2016-02-15,36.71196746826172,49.41999816894531,50.040000915527344,45.400001525878906,45.599998474121094,58070600
2016-02-22,38.34625244140625,51.619998931884766,52.0,49.72999954223633,50.08000183105469,54999700
2016-02-29,39.485992431640625,52.65999984741211,52.97999954223633,50.709999084472656,51.16999816894531,64905000
2016-03-07,39.156070709228516,52.220001220703125,53.52000045776367,51.16999816894531,52.439998626708984,56763700
2016-03-14,38.68368148803711,51.59000015258789,52.40999984741211,50.90999984741211,52.2400016784668,80529000
2016-03-21,38.13629913330078,50.86000061035156,52.349998474121094,50.130001068115234,51.599998474121094,35141600
2016-03-28,38.151302337646484,50.880001068115234,51.650001525878906,49.66999816894531,50.43000030517578,43366200
2016-04-04,37.91135787963867,50.560001373291016,51.150001525878906,49.72999954223633,50.810001373291016,33901500
2016-04-11,38.2862663269043,51.060001373291016,52.439998626708984,50.20000076293945,50.86000061035156,46632300
2016-04-18,39.47099685668945,52.63999938964844,53.09000015258789,50.7400016784668,51.09000015258789,58954800
2016-04-25,37.881370544433594,50.52000045776367,53.279998779296875,50.11000061035156,52.599998474121094,42030300
2016-05-02,38.18129348754883,50.91999816894531,51.27000045776367,50.130001068115234,50.689998626708984,46577500
2016-05-09,38.48122024536133,51.31999969482422,52.529998779296875,50.790000915527344,51.0,40187800
2016-05-16,40.88066864013672,54.52000045776367,54.58000183105469,51.119998931884766,51.31999969482422,49334600
2016-05-23,41.840877532958984,55.27000045776367,56.27000045776367,54.150001525878906,54.20000076293945,44988600
2016-05-30,41.59107208251953,54.939998626708984,55.43000030517578,54.290000915527344,55.38999938964844,46294500
2016-06-06,40.750762939453125,53.83000183105469,55.369998931884766,53.400001525878906,54.97999954223633,44137900
2016-06-13,40.538795471191406,53.54999923706055,53.900001525878906,52.470001220703125,53.599998474121094,50304900
2016-06-20,39.45625305175781,52.119998931884766,55.56999969482422,52.119998931884766,54.16999816894531,49564800
2016-06-27,40.12242889404297,53.0,53.84000015258789,50.84000015258789,52.290000915527344,41879400
2016-07-04,41.02330017089844,54.189998626708984,54.33000183105469,51.15999984741211,52.95000076293945,30984100
2016-07-11,41.44723892211914,54.75,55.369998931884766,53.939998626708984,53.959999084472656,36870100
2016-07-18,46.292213439941406,61.150001525878906,61.18000030517578,54.95000076293945,55.13999938964844,81012400
2016-07-25,47.374752044677734,62.58000183105469,62.81999969482422,60.150001525878906,60.959999084472656,50639100
2016-08-01,46.93568420410156,62.0,62.400001525878906,60.02000045776367,62.369998931884766,49277500
2016-08-08,46.71613693237305,61.709999084472656,62.439998626708984,61.279998779296875,62.04999923706055,27533100
2016-08-15,47.51102066040039,62.7599983215332,63.040000915527344,61.7599983215332,61.79999923706055,35990900
2016-08-22,47.66999435424805,62.970001220703125,63.689998626708984,62.349998474121094,62.70000076293945,30766200
2016-08-29,48.364742279052734,63.349998474121094,63.70000076293945,62.369998931884766,62.41999816894531,30151100
2016-09-05,46.20416259765625,60.52000045776367,63.38999938964844,60.5,63.119998931884766,30208300
2016-09-12,48.089908599853516,62.9900016784668,63.439998626708984,59.93000030517578,60.22999954223633,48087000
2016-09-19,47.90667724609375,62.75,64.0,62.529998779296875,63.130001068115234,35410300
2016-09-26,52.296512603759766,68.5,70.4000015258789,61.86000061035156,62.4900016784668,94665900
2016-10-03,52.05985641479492,68.19000244140625,69.31999969482422,66.2300033569336,68.08000183105469,47617300
2016-10-10,50.15884017944336,65.69999694824219,68.58000183105469,64.30000305175781,68.33999633789062,36535800
2016-10-17,51.86135482788086,67.93000030517578,69.44000244140625,65.08999633789062,65.52999877929688,50985400
2016-10-24,52.22018051147461,68.4000015258789,71.62000274658203,67.25,68.4000015258789,73175200
2016-10-31,50.9452018737793,66.7300033569336,69.51000213623047,65.73999786376953,69.0,58428200
2016-11-07,51.059722900390625,66.87999725341797,68.70999908447266,64.31999969482422,67.72000122070312,55520500
2016-11-14,51.38801193237305,67.30999755859375,67.45999908447266,65.6500015258789,67.41999816894531,44296000
2016-11-21,52.136199951171875,68.29000091552734,68.5999984741211,66.1500015258789,66.86000061035156,26692900
2016-11-28,50.658897399902344,65.83999633789062,68.30999755859375,63.779998779296875,67.41999816894531,53491000
2016-12-05,52.720947265625,68.5199966430664,69.18000030517578,65.69000244140625,66.37999725341797,33717100
2016-12-12,51.135948181152344,66.45999908447266,70.23999786376953,66.30000305175781,68.37000274658203,49385100
2016-12-19,51.44371032714844,66.86000061035156,67.75,66.45999908447266,66.79000091552734,28769800
2016-12-26,50.16645812988281,65.19999694824219,67.58000183105469,65.04000091552734,67.13999938964844,19218100
2017-01-02,50.42037582397461,65.52999877929688,66.13999938964844,64.5999984741211,65.86000061035156,28489800
2017-01-09,51.4590950012207,66.87999725341797,67.08000183105469,65.05000305175781,65.52999877929688,31486000
2017-01-16,48.381404876708984,62.880001068115234,66.97000122070312,62.619998931884766,66.70999908447266,68675600
2017-01-23,41.733585357666016,54.2400016784668,58.66999816894531,53.5,58.66999816894531,224858300
2017-01-30,40.76410675048828,52.97999954223633,54.400001525878906,52.369998931884766,54.38999938964844,70397900
2017-02-06,41.548912048339844,54.0,54.279998779296875,52.720001220703125,53.310001373291016,49475500
2017-02-13,43.44170379638672,56.459999084472656,56.939998626708984,54.2599983215332,54.58000183105469,65816900
2017-02-20,44.026458740234375,57.220001220703125,57.310001373291016,56.47999954223633,56.83000183105469,39387300
2017-02-27,43.832305908203125,56.439998626708984,57.150001525878906,55.88999938964844,56.560001373291016,44021300
2017-03-06,45.540870666503906,58.63999938964844,58.790000915527344,56.06999969482422,56.27000045776367,47202600
2017-03-13,44.69435501098633,57.54999923706055,59.040000915527344,57.5099983215332,59.029998779296875,50308300
2017-03-20,44.20508575439453,56.91999816894531,58.099998474121094,56.099998474121094,57.790000915527344,40060600
2017-03-27,44.5312614440918,57.34000015258789,57.689998626708984,56.47999954223633,56.720001220703125,31146400
2017-04-03,43.739112854003906,56.31999969482422,57.529998779296875,56.040000915527344,57.2599983215332,37312700
2017-04-10,40.997657775878906,52.790000915527344,56.810001373291016,52.779998779296875,56.43000030517578,65178200
2017-04-17,40.77243423461914,52.5,53.400001525878906,51.400001525878906,52.9900016784668,72792100
2017-04-24,41.735450744628906,53.7400016784668,53.95000076293945,51.04999923706055,53.0099983215332,71177200
2017-05-01,42.65961837768555,54.93000030517578,55.0,52.900001525878906,53.650001525878906,62963600
2017-05-08,42.96250534057617,55.31999969482422,55.43000030517578,54.400001525878906,54.9900016784668,46506300
2017-05-15,44.78754806518555,57.66999816894531,57.790000915527344,55.02000045776367,55.08000183105469,64865800
2017-05-22,45.1109733581543,57.52000045776367,59.88999938964844,57.369998931884766,58.38999938964844,61405900
2017-05-29,45.94229507446289,58.58000183105469,58.959999084472656,57.0,57.279998779296875,46734400
2017-06-05,44.74237823486328,57.04999923706055,59.04999923706055,56.7400016784668,58.5,49905800
2017-06-12,44.56200408935547,56.81999969482422,58.06999969482422,56.349998474121094,56.52000045776367,43808800
2017-06-19,44.63257598876953,56.90999984741211,57.65999984741211,56.060001373291016,56.959999084472656,41080700
2017-06-26,43.307167053222656,55.220001220703125,57.689998626708984,54.54999923706055,57.09000015258789,38934700
2017-07-03,43.40911102294922,55.349998474121094,56.02000045776367,54.7400016784668,55.529998779296875,22222400
2017-07-10,44.554141998291016,56.810001373291016,56.93000030517578,55.02000045776367,55.369998931884766,28009100
2017-07-17,42.22486877441406,53.84000015258789,56.939998626708984,53.369998931884766,56.72999954223633,69405300
2017-07-24,41.47196960449219,52.880001068115234,53.880001068115234,52.22999954223633,53.75,44239300
2017-07-31,41.268070220947266,52.619998931884766,53.43000030517578,52.5099983215332,53.099998474121094,61080200
2017-08-07,41.346500396728516,52.720001220703125,53.33000183105469,52.0,52.5,41771500
2017-08-14,40.71908950805664,51.91999816894531,54.099998474121094,51.900001525878906,53.040000915527344,36695200
2017-08-21,40.805362701416016,52.029998779296875,52.849998474121094,51.5,52.0,29791600
2017-08-28,41.273197174072266,52.04999923706055,52.77000045776367,51.279998779296875,51.77000045776367,27893200
2017-09-04,39.362178802490234,49.63999938964844,51.900001525878906,48.91999816894531,51.86000061035156,56862900
2017-09-11,41.384220123291016,52.189998626708984,52.290000915527344,49.90999984741211,49.939998626708984,39110900
2017-09-18,41.3049201965332,52.09000015258789,52.52000045776367,51.47999954223633,52.2400016784668,30083900
2017-09-25,41.10667419433594,51.84000015258789,52.290000915527344,50.849998474121094,51.900001525878906,36861900
2017-10-02,41.62209701538086,52.4900016784668,52.630001068115234,51.650001525878906,52.09000015258789,23379300
2017-10-09,41.883766174316406,52.81999969482422,54.380001068115234,52.380001068115234,52.68000030517578,38074400
2017-10-16,41.2494010925293,52.02000045776367,53.0,51.849998474121094,52.97999954223633,35296600
2017-10-23,43.271446228027344,54.56999969482422,54.70000076293945,52.130001068115234,52.29999923706055,43005800
2017-10-30,49.012420654296875,61.810001373291016,64.98999786376953,50.02000045776367,54.15999984741211,150922300
2017-11-06,51.20097351074219,64.56999969482422,65.79000091552734,62.150001525878906,64.54000091552734,134421900
2017-11-13,52.905818939208984,66.72000122070312,66.94999694824219,64.75,64.95999908447266,74687500
2017-11-20,54.64237594604492,68.91000366210938,69.27999877929688,65.2699966430664,66.18000030517578,45688100
2017-11-27,52.368560791015625,65.48999786376953,68.91999816894531,64.5999984741211,68.5999984741211,81694800
2017-12-04,51.36900329589844,64.23999786376953,65.69999694824219,63.79999923706055,65.5999984741211,52065500
2017-12-11,51.784820556640625,64.76000213623047,65.43000030517578,64.0,64.05999755859375,51651600
2017-12-18,51.76082992553711,64.7300033569336,65.4800033569336,64.30000305175781,64.93000030517578,31399900
2017-12-25,51.19308090209961,64.0199966430664,64.94000244140625,64.0,64.48999786376953,18219200
2018-01-01,53.15221405029297,66.47000122070312,66.5999984741211,64.16999816894531,64.37999725341797,23655700
2018-01-08,52.28058624267578,65.37999725341797,66.52999877929688,64.87999725341797,66.25,27708800
2018-01-15,54.40764236450195,68.04000091552734,68.9000015258789,66.02999877929688,66.2300033569336,52700100
2018-01-22,54.79946517944336,68.52999877929688,68.9000015258789,67.29000091552734,67.80999755859375,45816100
2018-01-29,52.83235168457031,66.06999969482422,68.37999725341797,65.86000061035156,68.16000366210938,59530600
2018-02-05,51.16909408569336,63.9900016784668,66.55000305175781,60.5,66.30000305175781,112022500
2018-02-12,51.85677719116211,64.8499984741211,66.80000305175781,63.86000061035156,64.88999938964844,59067600
2018-02-19,50.633331298828125,63.31999969482422,64.13999938964844,61.86000061035156,63.0099983215332,60874700
2018-02-26,52.21314239501953,64.73999786376953,67.62999725341797,64.02999877929688,64.55000305175781,72694300
2018-03-05,50.834041595458984,63.029998779296875,65.5999984741211,61.060001373291016,64.33999633789062,68055700
2018-03-12,48.89035415649414,60.619998931884766,63.47999954223633,57.900001525878906,63.04999923706055,120201900
2018-03-19,43.277069091796875,53.65999984741211,60.349998474121094,53.650001525878906,60.189998626708984,65246600
2018-03-26,44.6884651184082,55.40999984741211,57.2400016784668,54.25,54.58000183105469,45745100
2018-04-02,42.8415641784668,53.119998931884766,55.5,53.06999969482422,55.099998474121094,46042500
2018-04-09,44.94654083251953,55.72999954223633,56.790000915527344,53.34000015258789,53.52000045776367,45823700
2018-04-16,41.48663330078125,51.439998626708984,55.9900016784668,51.31999969482422,55.939998626708984,50754700
2018-04-23,41.22050857543945,51.11000061035156,51.810001373291016,48.560001373291016,51.5,55377800
2018-04-30,42.333465576171875,52.4900016784668,52.599998474121094,49.310001373291016,51.25,42882900
2018-05-07,44.54330062866211,55.22999954223633,55.790000915527344,52.11000061035156,52.58000183105469,48424100
2018-05-14,46.38212585449219,57.5099983215332,57.9900016784668,55.220001220703125,57.33000183105469,59576800
2018-05-21,48.35805130004883,59.959999084472656,60.0,56.77000045776367,57.68000030517578,59030100
2018-05-28,47.76315689086914,58.61000061035156,59.599998474121094,57.65999984741211,59.5,45525200
2018-06-04,49.10780334472656,60.2599983215332,62.650001525878906,57.95000076293945,58.619998931884766,44317500
2018-06-11,48.781822204589844,59.86000061035156,60.41999816894531,58.91999816894531,60.16999816894531,46377100
2018-06-18,47.673519134521484,58.5,59.369998931884766,57.849998474121094,59.310001373291016,36110800
2018-06-25,45.733985900878906,56.119998931884766,58.13999938964844,55.09000015258789,58.09000015258789,52400600
2018-07-02,47.13566589355469,57.84000015258789,58.06999969482422,55.119998931884766,55.400001525878906,31453300
2018-07-09,47.5838737487793,58.38999938964844,58.779998779296875,56.7400016784668,58.060001373291016,33820500
2018-07-16,47.76315689086914,58.61000061035156,59.59000015258789,57.619998931884766,58.41999816894531,39272400
2018-07-23,51.08808517456055,62.689998626708984,63.7599983215332,57.7599983215332,58.400001525878906,72306400
2018-07-30,53.29655838012695,65.4000015258789,65.61000061035156,61.93000030517578,62.650001525878906,61032600
2018-08-06,52.823883056640625,64.81999969482422,66.0199966430664,64.48999786376953,65.86000061035156,41967200
2018-08-13,53.83440399169922,66.05999755859375,66.19000244140625,64.55000305175781,65.1500015258789,53590700
2018-08-20,54.72268295288086,67.1500015258789,67.36000061035156,65.73999786376953,66.33000183105469,68048100
2018-08-27,55.993980407714844,68.70999908447266,70.48999786376953,67.22000122070312,67.37000274658203,72599400
2018-09-03,57.877159118652344,70.37999725341797,71.3499984741211,68.70999908447266,68.73999786376953,64754400
2018-09-10,61.75045394897461,75.08999633789062,76.04000091552734,70.0199966430664,70.66999816894531,74843800
2018-09-17,60.607357025146484,73.69999694824219,76.5,73.11000061035156,74.83999633789062,71112800
2018-09-24,59.234046936035156,72.02999877929688,73.8499984741211,71.25,73.08000183105469,80073100
2018-10-01,58.5597038269043,71.20999908447266,73.91000366210938,70.55000305175781,72.45999908447266,57652000
2018-10-08,52.86902618408203,64.29000091552734,71.5999984741211,63.27000045776367,70.77999877929688,84344100
2018-10-15,53.748958587646484,65.36000061035156,66.61000061035156,64.01000213623047,64.2300033569336,65916800
2018-10-22,51.38058090209961,62.47999954223633,66.91999816894531,61.18000030517578,65.69000244140625,87150700
2018-10-29,52.07957458496094,63.33000183105469,64.30999755859375,61.27000045776367,63.5,71272900
2018-11-05,46.64382553100586,56.720001220703125,64.33999633789062,56.189998626708984,63.08000183105469,94541800
2018-11-12,45.95304870605469,55.880001068115234,57.040000915527344,53.529998779296875,56.369998931884766,135563100
2018-11-19,45.434959411621094,55.25,56.619998931884766,54.06999969482422,55.849998474121094,58667100
2018-11-26,47.91024398803711,58.2599983215332,59.04999923706055,54.689998626708984,55.790000915527344,82723000
2018-12-03,46.543365478515625,55.9900016784668,60.5099983215332,55.689998626708984,60.5099983215332,68209000
2018-12-10,47.89836120605469,57.619998931884766,59.0,56.63999938964844,57.77000045776367,69348600
2018-12-17,45.59571075439453,54.849998474121094,58.540000915527344,54.689998626708984,57.59000015258789,106353400
2018-12-24,47.22501754760742,56.810001373291016,57.529998779296875,53.5099983215332,53.70000076293945,55281000
2018-12-31,47.050437927246094,56.599998474121094,58.0,55.209999084472656,57.119998931884766,47373100
2019-01-07,47.79859924316406,57.5,58.16999816894531,55.61000061035156,56.38999938964844,58415500
2019-01-14,45.94484329223633,55.27000045776367,57.650001525878906,54.369998931884766,57.02000045776367,87113800
2019-01-21,42.6446533203125,51.29999923706055,54.9900016784668,50.279998779296875,54.970001220703125,103955000
2019-01-28,41.239803314208984,49.61000061035156,51.290000915527344,49.099998474121094,50.31999969482422,109117800
2019-02-04,41.80506134033203,50.290000915527344,51.63999938964844,49.470001220703125,49.709999084472656,60471600
2019-02-11,43.20994186401367,51.97999954223633,52.4900016784668,50.380001068115234,50.54999923706055,67747900
2019-02-18,44.157596588134766,53.119998931884766,53.150001525878906,51.75,52.0,42342800
2019-02-25,45.05537414550781,54.20000076293945,54.400001525878906,52.27000045776367,53.779998779296875,68793800
2019-03-04,45.015838623046875,53.529998779296875,55.459999084472656,53.029998779296875,54.58000183105469,68420200
2019-03-11,47.59754180908203,56.599998474121094,57.34000015258789,53.650001525878906,53.720001220703125,64804700
2019-03-18,47.78254699707031,56.81999969482422,58.279998779296875,56.439998626708984,56.619998931884766,61044000
2019-03-25,47.95915222167969,57.029998779296875,58.38999938964844,56.06999969482422,56.58000183105469,54509200
2019-04-01,48.76646423339844,57.9900016784668,58.61000061035156,57.11000061035156,57.63999938964844,53482100
2019-04-08,47.891876220703125,56.95000076293945,58.4900016784668,55.790000915527344,57.790000915527344,64019600
2019-04-15,67.18319702148438,79.88999938964844,82.5199966430664,57.029998779296875,57.13999938964844,295108900
2019-04-22,72.85955810546875,86.63999938964844,88.62999725341797,79.33999633789062,79.83000183105469,170149400
2019-04-29,75.08808135986328,89.29000091552734,90.33999633789062,85.83999633789062,86.4000015258789,125134300
2019-05-06,72.18682098388672,85.83999633789062,88.69999694824219,82.26000213623047,86.33000183105469,83233900
2019-05-13,68.537109375,81.5,87.0,80.0,83.23999786376953,84849700
2019-05-20,55.67905044555664,66.20999908447266,79.04000091552734,65.9000015258789,77.94999694824219,169352900
2019-05-27,56.19200897216797,66.81999969482422,67.83999633789062,64.76000213623047,66.63999938964844,65594800
2019-06-03,58.292598724365234,68.69000244140625,68.77999877929688,65.83000183105469,67.08999633789062,62543900
2019-06-10,58.31803894042969,68.72000122070312,72.22000122070312,67.9000015258789,69.0,55374900
2019-06-17,61.712562561035156,72.72000122070312,73.66999816894531,68.9000015258789,69.08999633789062,61034700
2019-06-24,64.55550384521484,76.06999969482422,76.44000244140625,72.19999694824219,72.97000122070312,72023800
2019-07-01,65.05619049072266,76.66000366210938,80.76000213623047,74.0999984741211,80.66999816894531,39279800
2019-07-08,63.56258773803711,74.9000015258789,77.02999877929688,73.30000305175781,75.9800033569336,52833600
2019-07-15,63.647457122802734,75.0,79.4000015258789,74.05000305175781,75.1500015258789,66468300
2019-07-22,63.834163665771484,75.22000122070312,76.62000274658203,73.30999755859375,75.05999755859375,53640900
2019-07-29,60.38022232055664,71.1500015258789,76.31999969482422,68.25,75.16000366210938,72067400
2019-08-05,60.67724609375,71.5,72.19000244140625,67.12000274658203,69.97000122070312,52266700
2019-08-12,62.187801361083984,73.27999877929688,73.41000366210938,69.30999755859375,71.0,47033600
2019-08-19,62.39150619506836,73.5199966430664,79.0999984741211,73.22000122070312,74.58000183105469,53758000
2019-08-26,65.99815368652344,77.7699966430664,78.05000305175781,72.5199966430664,74.9000015258789,39949100
2019-09-02,66.90619659423828,78.83999633789062,80.44000244140625,74.69999694824219,76.7699966430664,31112700
2019-09-09,67.06959533691406,78.41000366210938,80.05000305175781,77.33999633789062,79.04000091552734,34025500
2019-09-16,65.38453674316406,76.44000244140625,80.0,76.16999816894531,77.58000183105469,27607700
2019-09-23,65.5470199584961,76.62999725341797,78.30000305175781,74.62999725341797,76.66999816894531,30338600
2019-09-30,66.28266143798828,77.48999786376953,78.05999755859375,73.16000366210938,76.88999938964844,28130000
2019-10-07,65.60691833496094,76.69999694824219,77.81999969482422,72.80999755859375,77.01000213623047,30704000
2019-10-14,66.44519805908203,77.68000030517578,79.95999908447266,76.27999877929688,76.6500015258789,28009500
2019-10-21,68.57504272460938,80.16999816894531,80.2300033569336,76.87000274658203,78.37999725341797,27833500
2019-10-28,71.49183654785156,83.58000183105469,83.6500015258789,79.83999633789062,80.55000305175781,33228400
2019-11-04,80.43049621582031,94.02999877929688,94.11000061035156,84.22000122070312,84.54000091552734,72049800
2019-11-11,77.67620086669922,90.80999755859375,93.94000244140625,89.43000030517578,91.70999908447266,64266800
2019-11-18,72.61241912841797,84.88999938964844,91.9800033569336,84.52999877929688,90.80999755859375,57844000
2019-11-25,71.46619415283203,83.55000305175781,86.29000091552734,83.41999816894531,85.76000213623047,29646000
2019-12-02,72.25309753417969,83.81999969482422,84.29000091552734,79.80999755859375,83.9800033569336,40491000
2019-12-09,75.70972442626953,87.83000183105469,89.69999694824219,83.69000244140625,84.0,50470300
2019-12-16,76.58894348144531,88.8499984741211,90.45999908447266,87.58999633789062,89.27999877929688,47075000
2019-12-23,76.54585266113281,88.80000305175781,89.33000183105469,87.9800033569336,89.01000213623047,20588800
2019-12-30,75.01150512695312,87.0199966430664,89.80999755859375,86.44000244140625,88.70999908447266,28470700
2020-01-06,77.80439758300781,90.26000213623047,92.38999938964844,85.54000091552734,85.91000366210938,43202500
2020-01-13,82.67472076416016,95.91000366210938,96.16999816894531,89.25,91.05000305175781,58416900
2020-01-20,77.27855682373047,89.6500015258789,95.72000122070312,88.83000183105469,95.33000183105469,39964500
2020-01-27,73.53748321533203,85.30999755859375,89.54000091552734,85.04000091552734,87.30000305175781,44468700
2020-02-03,75.35631561279297,87.41999816894531,91.13999938964844,85.16000366210938,85.55000305175781,63034100
2020-02-10,77.23545837402344,89.5999984741211,92.44000244140625,86.5,86.77999877929688,41443100
2020-02-17,75.0201187133789,87.02999877929688,91.87999725341797,86.33000183105469,87.83000183105469,37081500
2020-02-24,67.49482727050781,78.30000305175781,84.83000183105469,73.33999633789062,83.9000015258789,78750100
2020-03-02,67.31058502197266,77.47000122070312,82.6500015258789,75.83000183105469,79.0199966430664,62227200
2020-03-09,65.8682861328125,75.80999755859375,79.04000091552734,67.0,72.4000015258789,76248200
2020-03-16,52.92226028442383,60.90999984741211,71.16999816894531,58.0,68.27999877929688,85099300
2020-03-23,57.857383728027344,66.58999633789062,69.66000366210938,59.11000061035156,61.54999923706055,75416300
2020-03-30,56.67574691772461,65.2300033569336,70.36000061035156,64.55000305175781,67.19000244140625,61296200
2020-04-06,62.193016052246094,71.58000183105469,74.9000015258789,67.6500015258789,68.5,49593700
2020-04-13,66.1810531616211,76.16999816894531,78.25,71.44000244140625,71.70999908447266,47908000
2020-04-20,66.06813049316406,76.04000091552734,76.2300033569336,71.75,75.0199966430664,37601900
2020-04-27,65.72057342529297,75.63999938964844,80.87000274658203,74.68000030517578,76.58999633789062,52275800
2020-05-04,69.9953842163086,80.55999755859375,81.08999633789062,74.08999633789062,75.16000366210938,38101900
2020-05-11,65.83350372314453,75.7699966430664,81.79000091552734,74.37000274658203,80.29000091552734,63062100
2020-05-18,68.37928009033203,78.69999694824219,81.95999908447266,77.20999908447266,77.2699966430664,46360500
2020-05-25,70.27339172363281,80.87999725341797,81.4800033569336,76.16000366210938,80.19000244140625,40913600
2020-06-01,77.53305053710938,88.55000305175781,89.4800033569336,79.23999786376953,79.88999938964844,56750500
2020-06-08,74.63488006591797,85.23999786376953,92.13999938964844,83.52999877929688,89.0,51510600
2020-06-15,77.76068115234375,88.80999755859375,91.08999633789062,83.0999984741211,83.66999816894531,59036000
2020-06-22,77.0689926147461,88.0199966430664,90.61000061035156,87.31999969482422,88.72000122070312,40204600
2020-06-29,80.43998718261719,91.87000274658203,92.5,86.68000030517578,88.20999908447266,30556800
2020-07-06,81.0003662109375,92.51000213623047,93.94999694824219,91.44000244140625,93.20999908447266,32323500
2020-07-13,80.75518798828125,92.2300033569336,94.12999725341797,89.19999694824219,93.30000305175781,32495900
2020-07-20,77.83075714111328,88.88999938964844,93.8499984741211,87.51000213623047,92.19000244140625,35831000
2020-07-27,92.47052001953125,105.61000061035156,107.75,89.26000213623047,90.0199966430664,84180700
2020-08-03,94.78205871582031,108.25,113.0,106.0,107.4000015258789,54620300
2020-08-10,99.58902740478516,113.73999786376953,116.25,104.73999786376953,108.5999984741211,63154200
2020-08-17,98.94109344482422,113.0,114.48999786376953,109.66999816894531,113.29000091552734,40164800
2020-08-24,103.49412536621094,118.19999694824219,118.26000213623047,113.2699966430664,114.37000274658203,38416900
2020-08-31,102.08545684814453,115.97000122070312,123.93000030517578,112.37999725341797,118.33000183105469,52579300
2020-09-07,99.84074401855469,113.41999816894531,115.80999755859375,109.62000274658203,111.94000244140625,32860100
2020-09-14,97.4375991821289,110.69000244140625,118.0,109.80000305175781,115.23999786376953,43372400
2020-09-21,100.79143524169922,114.5,115.75,108.30000305175781,109.16000366210938,40229100
2020-09-28,101.64530181884766,115.47000122070312,120.20999908447266,114.91999816894531,115.95999908447266,31680100
2020-10-05,109.91986846923828,124.87000274658203,125.88999938964844,116.7300033569336,116.9000015258789,36714100
2020-10-12,113.58183288574219,129.02999877929688,132.4199981689453,124.94999694824219,127.69999694824219,42678600
2020-10-19,113.44978332519531,128.8800048828125,131.9600067138672,126.37000274658203,130.1300048828125,22357800
2020-10-26,108.59064483642578,123.36000061035156,128.6699981689453,121.05000305175781,127.52999877929688,34990700
2020-11-02,127.64861297607422,145.00999450683594,148.8000030517578,122.41000366210938,124.5,59491400
2020-11-09,126.9883804321289,144.25999450683594,149.41000366210938,138.52999877929688,149.41000366210938,47388800
2020-11-16,128.54647827148438,146.02999877929688,153.3300018310547,144.5500030517578,145.1999969482422,40457200
2020-11-23,126.60987854003906,143.8300018310547,147.49000549316406,141.11000061035156,142.35000610351562,32727100
2020-11-30,139.34767150878906,157.6199951171875,158.08999633789062,144.0500030517578,144.6300048828125,47534100
2020-12-07,127.55416107177734,144.27999877929688,161.07000732421875,141.88999938964844,158.5500030517578,54490100
2020-12-14,130.3301544189453,147.4199981689453,151.22999572753906,143.3300018310547,144.89999389648438,45813100
2020-12-21,131.54129028320312,148.7899932861328,151.5399932861328,144.41000366210938,145.00999450683594,20083000
2020-12-28,134.6797332763672,152.33999633789062,152.55999755859375,147.02999877929688,150.6199951171875,17027700
2021-01-04,138.48130798339844,156.63999938964844,157.52999877929688,147.13999938964844,153.00999450683594,40243500
2021-01-11,138.87908935546875,157.08999633789062,163.17999267578125,153.64999389648438,156.10000610351562,33723200
2021-01-18,143.59121704101562,162.4199981689453,167.94000244140625,158.4499969482422,158.94000244140625,27510300
2021-01-25,138.1630096435547,156.27999877929688,167.0500030517578,152.69000244140625,164.32000732421875,39368500
2021-02-01,128.9332733154297,145.83999633789062,167.5800018310547,144.6199951171875,157.3699951171875,100185500
2021-02-08,130.82521057128906,147.97999572753906,151.39999389648438,143.52999877929688,147.10000610351562,56319600
2021-02-15,128.13760375976562,144.94000244140625,149.74000549316406,142.9600067138672,149.0,40566000
2021-02-22,120.4019775390625,136.19000244140625,144.1199951171875,134.44000244140625,142.25,64809100
2021-03-01,115.25523376464844,129.75,140.10000610351562,125.4000015258789,137.5,62100400
2021-03-08,115.45951843261719,129.97999572753906,133.24000549316406,122.98999786376953,129.0,62164500
2021-03-15,116.38336944580078,131.02000427246094,135.60000610351562,129.1199951171875,130.05999755859375,56202300
2021-03-22,118.1332778930664,132.99000549316406,135.5500030517578,124.38999938964844,132.9600067138672,48957300
2021-03-29,122.39704132080078,137.7899932861328,138.42999267578125,129.07000732421875,132.5399932861328,39278300
2021-04-05,124.86649322509766,140.57000732421875,140.67999267578125,137.39999389648438,139.0399932861328,41959400
2021-04-12,122.77014923095703,138.2100067138672,139.88999938964844,133.91000366210938,138.86000061035156,47865600
2021-04-19,120.3006820678711,135.42999267578125,137.0500030517578,132.47000122070312,136.89999389648438,39452200
2021-04-26,123.2942123413086,138.8000030517578,145.3000030517578,135.1199951171875,135.3300018310547,63994700
2021-05-03,122.45037841796875,137.85000610351562,139.75999450683594,132.4199981689453,139.6999969482422,41448300
2021-05-10,115.61055755615234,130.14999389648438,136.67999267578125,123.68000030517578,136.02000427246094,65038900
2021-05-17,116.7741928100586,131.4600067138672,133.27999877929688,126.44999694824219,129.2899932861328,40563800
2021-05-24,119.51011657714844,134.5399932861328,135.63999938964844,131.3300018310547,131.3300018310547,36585500
2021-05-31,119.94137573242188,134.33999633789062,136.07000732421875,131.4199981689453,135.10000610351562,27146300
2021-06-07,120.1913833618164,134.6199951171875,135.38999938964844,132.5800018310547,133.6999969482422,33990600
2021-06-14,118.74502563476562,133.0,137.3800048828125,132.24000549316406,135.1999969482422,40412800
2021-06-21,122.89662170410156,137.64999389648438,139.47000122070312,132.66000366210938,133.0500030517578,34852500
2021-06-28,127.29821014404297,142.5800018310547,143.6300048828125,137.97999572753906,138.22999572753906,31473800
2021-07-05,126.271484375,141.42999267578125,143.17999267578125,135.60000610351562,143.0,26988000
2021-07-12,124.73582458496094,139.7100067138672,146.33999633789062,139.52999877929688,141.39999389648438,36331500
2021-07-19,129.35171508789062,144.8800048828125,144.99000549316406,136.80999755859375,138.32000732421875,31726600
2021-07-26,133.74440002441406,149.8000030517578,151.52000427246094,138.2100067138672,143.9499969482422,50984800
2021-08-02,130.60166931152344,146.27999877929688,152.27999877929688,144.57000732421875,150.0,35506100
2021-08-09,132.70870971679688,148.63999938964844,149.30999755859375,142.39999389648438,146.7899932861328,26921400
2021-08-16,126.86071014404297,142.08999633789062,149.0800018310547,138.9600067138672,148.39999389648438,33016100
2021-08-23,129.32492065429688,144.85000610351562,145.58999633789062,141.6199951171875,142.64999389648438,32824900
2021-08-30,129.72987365722656,144.6300048828125,148.10000610351562,144.22999572753906,145.58999633789062,31048000
2021-09-06,127.98081970214844,142.67999267578125,146.0,141.4499969482422,144.67999267578125,24796600
2021-09-13,119.83621215820312,133.60000610351562,144.80999755859375,133.13999938964844,144.02000427246094,43314400
2021-09-20,120.08738708496094,133.8800048828125,135.16000366210938,130.61000061035156,131.47000122070312,31458900
2021-09-27,115.45000457763672,128.7100067138672,134.0399932861328,126.47000122070312,132.42999267578125,34048900
2021-10-04,113.51252746582031,126.55000305175781,130.72000122070312,125.69000244140625,128.9199981689453,41159400
2021-10-11,116.7864990234375,130.1999969482422,130.47999572753906,122.16999816894531,126.05999755859375,47441100
2021-10-18,118.06021881103516,131.6199951171875,133.69000244140625,128.24000549316406,129.32000732421875,27220200
2021-10-25,119.33393096923828,133.0399932861328,133.8300018310547,130.50999450683594,131.82000732421875,26036700
2021-11-01,146.23426818847656,163.02999877929688,168.5500030517578,132.44000244140625,132.44000244140625,102989000
2021-11-08,147.94749450683594,164.94000244140625,169.52000427246094,159.02999877929688,163.2100067138672,53217600
2021-11-15,165.94088745117188,185.0,188.72000122070312,165.80999755859375,166.5,94799000
2021-11-22,157.63487243652344,175.74000549316406,188.77000427246094,175.05999755859375,181.11000061035156,42481100
2021-11-29,158.92401123046875,176.50999450683594,186.80999755859375,171.2100067138672,179.47999572753906,65600600
2021-12-06,165.5597686767578,183.8800048828125,187.83999633789062,172.27000427246094,176.8800048828125,39540700
2021-12-13,159.1851348876953,176.8000030517578,192.67999267578125,175.02000427246094,186.85000610351562,67076900
2021-12-20,164.53334045410156,182.74000549316406,183.7100067138672,173.4600067138672,174.2899932861328,24154900
2021-12-27,164.65037536621094,182.8699951171875,187.38999938964844,182.30999755859375,183.2100067138672,23904200
2022-01-03,162.43545532226562,180.41000366210938,193.5800018310547,180.1199951171875,182.91000366210938,48119500
2022-01-10,169.89053344726562,188.69000244140625,191.5800018310547,173.75999450683594,178.27000427246094,47846000
2022-01-17,148.49778747558594,164.92999267578125,186.0,164.57000732421875,185.8699951171875,41921100
2022-01-24,150.1904754638672,166.80999755859375,174.5500030517578,157.3800048828125,162.17999267578125,59753600
2022-01-31,161.5891571044922,179.47000122070312,192.10000610351562,165.8000030517578,167.05999755859375,98473000
2022-02-07,148.23667907714844,164.63999938964844,184.0,163.5500030517578,179.6699981689453,58141300
2022-02-14,150.9377899169922,167.63999938964844,173.9600067138672,162.47999572753906,165.35000610351562,46292900
2022-02-21,153.89996337890625,170.92999267578125,171.08999633789062,155.7899932861328,164.05999755859375,39501700
2022-02-28,146.7032470703125,162.25999450683594,172.99000549316406,159.88999938964844,168.3000030517578,46272800
2022-03-07,137.7343292236328,152.33999633789062,163.16000366210938,147.8800048828125,162.32000732421875,50854500
2022-03-14,139.22613525390625,153.99000549316406,156.02999877929688,139.0500030517578,150.8000030517578,68832000
2022-03-21,142.8245391845703,157.97000122070312,159.94000244140625,152.5800018310547,153.99000549316406,39912200
2022-03-28,132.89727783203125,146.99000549316406,161.3000030517578,142.55999755859375,156.5,67587300
2022-04-04,123.58477783203125,136.69000244140625,154.1300048828125,136.36000061035156,147.74000549316406,72310000
2022-04-11,123.7836685180664,136.91000366210938,142.58999633789062,133.69000244140625,134.2899932861328,40245100
2022-04-18,120.0767593383789,132.80999755859375,144.80999755859375,132.64999389648438,135.6199951171875,40622700
2022-04-25,126.29714965820312,139.69000244140625,151.1999969482422,130.66000366210938,131.32000732421875,77596100
2022-05-02,127.10181427001953,140.5800018310547,149.5,137.8800048828125,140.60000610351562,56557800
2022-05-09,121.99349975585938,134.92999267578125,140.11000061035156,127.81999969482422,137.99000549316406,52070700
2022-05-16,118.9827880859375,131.60000610351562,140.0,125.86000061035156,133.97999572753906,47255200
2022-05-23,126.36044311523438,139.75999450683594,140.13999938964844,126.05000305175781,129.9499969482422,46060100
2022-05-30,128.35263061523438,141.22000122070312,146.25,137.44000244140625,139.5,41570000
2022-06-06,121.06334686279297,133.1999969482422,144.97000122070312,132.4199981689453,144.9499969482422,35772400
2022-06-13,109.96586608886719,120.98999786376953,133.27999877929688,118.36000061035156,130.58999633789062,60671800
2022-06-20,113.70138549804688,125.0999984741211,126.12000274658203,118.2300033569336,123.7699966430664,34326400
2022-06-27,112.27442932128906,123.52999877929688,136.4499969482422,122.0999984741211,126.19999694824219,63953200
2022-07-04,123.61729431152344,136.00999450683594,136.38999938964844,120.36000061035156,121.0999984741211,31952800
2022-07-11,131.2156219482422,144.3699951171875,145.47999572753906,130.52000427246094,133.58999633789062,41677900
2022-07-18,139.69546508789062,153.6999969482422,156.66000366210938,140.82000732421875,145.97000122070312,41321000
2022-07-25,131.84271240234375,145.05999755859375,154.8000030517578,140.6699981689453,152.8000030517578,52534100
2022-08-01,136.52346801757812,150.2100067138672,151.27999877929688,144.07000732421875,144.30999755859375,31744000
2022-08-08,137.5050506591797,151.2899932861328,151.63999938964844,141.30999755859375,149.80999755859375,30374800
2022-08-15,134.1512908935547,147.60000610351562,152.91000366210938,146.36000061035156,150.32000732421875,28151800
2022-08-22,125.7713851928711,138.3800048828125,147.36000061035156,138.0500030517578,145.3000030517578,29886600
2022-08-29,117.42865753173828,128.47999572753906,139.1300048828125,126.08000183105469,137.80999755859375,36538500
2022-09-05,120.69157409667969,132.0500030517578,132.61000061035156,125.9000015258789,128.83999633789062,23730400
2022-09-12,114.2022933959961,124.94999694824219,134.22000122070312,123.05000305175781,133.0,45479600
2022-09-19,110.76573181152344,121.19000244140625,129.7899932861328,119.05000305175781,123.62000274658203,39153400
2022-09-26,103.26191711425781,112.9800033569336,123.18000030517578,112.91999816894531,121.54000091552734,42984100
2022-10-03,110.50982666015625,120.91000366210938,127.20999908447266,113.66999816894531,114.98999786376953,36046300
2022-10-10,100.49253845214844,109.94999694824219,121.04000091552734,104.66000366210938,120.58999633789062,45704100
2022-10-17,105.78451538085938,115.73999786376953,116.08999633789062,109.54000091552734,113.91999816894531,37642000
2022-10-24,108.9560317993164,119.20999908447266,120.73999786376953,112.33000183105469,116.33999633789062,38429000
2022-10-31,97.51295471191406,106.69000244140625,120.62999725341797,101.93000030517578,118.12999725341797,63240200
2022-11-07,110.98507690429688,121.43000030517578,122.16000366210938,106.26000213623047,107.4800033569336,47642700
2022-11-14,113.1969223022461,123.8499984741211,128.1300048828125,118.70999908447266,120.73999786376953,42713200
2022-11-21,112.8313217163086,123.44999694824219,127.04000091552734,120.02999877929688,121.08999633789062,23849700
2022-11-28,115.5835189819336,125.66000366210938,128.1999969482422,118.06999969482422,122.16000366210938,40188800
2022-12-05,109.50357055664062,119.05000305175781,125.47000122070312,117.76000213623047,124.58000183105469,30870300
2022-12-12,105.34600830078125,114.52999877929688,127.94999694824219,113.3499984741211,116.05999755859375,51106900
2022-12-19,101.95189666748047,110.83999633789062,115.16000366210938,107.37999725341797,114.01000213623047,37232300
2022-12-26,101.12409210205078,109.94000244140625,110.69000244140625,106.81999969482422,109.75,23864600
2023-01-02,106.09105682373047,115.33999633789062,115.9800033569336,107.12999725341797,111.3499984741211,33529900
2023-01-09,110.59813690185547,120.23999786376953,122.37999725341797,113.54000091552734,116.7300033569336,41619000
2023-01-16,113.04483795166016,122.9000015258789,123.98999786376953,117.33999633789062,119.73999786376953,34751100
2023-01-23,122.70285034179688,133.39999389648438,134.88999938964844,125.81999969482422,126.54000091552734,42247700
2023-01-30,124.1929702758789,135.02000427246094,139.94000244140625,128.57000732421875,131.0500030517578,58340500
2023-02-06,118.64647674560547,128.99000549316406,137.3800048828125,127.62000274658203,132.27000427246094,32683100
2023-02-13,117.47833251953125,127.72000122070312,133.3300018310547,126.95999908447266,129.4600067138672,26442300
2023-02-20,114.3693618774414,124.33999633789062,127.62000274658203,122.91999816894531,125.45999908447266,27479600
2023-02-27,114.38316345214844,123.5999984741211,126.5999984741211,120.86000061035156,126.5,32120600
2023-03-06,106.60029602050781,115.19000244140625,125.16999816894531,114.52999877929688,124.27999877929688,38484900
2023-03-13,111.72718048095703,120.7300033569336,122.87000274658203,113.13999938964844,113.76000213623047,48094600
2023-03-20,115.4566650390625,124.76000213623047,127.0,119.80999755859375,120.7699966430664,34259300
2023-03-27,118.06637573242188,127.58000183105469,128.19000244140625,120.20999908447266,125.73999786376953,30879000
2023-04-03,113.82791137695312,123.0,127.56999969482422,121.05000305175781,126.98999786376953,25512000
2023-04-10,111.19967651367188,120.16000366210938,125.25,118.76000213623047,122.08999633789062,26443600
2023-04-17,108.97864532470703,117.76000213623047,120.80000305175781,116.44999694824219,119.12999725341797,25547700
2023-04-24,108.09024810791016,116.80000305175781,117.83000183105469,112.1500015258789,117.81999969482422,31412400
2023-05-01,100.66829681396484,108.77999877929688,117.58000183105469,103.5,117.20999908447266,57644500
2023-05-08,95.89308166503906,103.62000274658203,108.83000183105469,102.61000061035156,108.37999725341797,40745000
2023-05-15,97.96603393554688,105.86000061035156,107.12000274658203,102.88999938964844,103.76000213623047,38901800
2023-05-22,102.1212158203125,110.3499984741211,111.27999877929688,101.47000122070312,103.66999816894531,51205900
2023-05-29,107.74127960205078,115.62000274658203,117.4000015258789,111.5999984741211,114.5,49705700
2023-06-05,110.99345397949219,119.11000061035156,120.8499984741211,112.23999786376953,115.43000030517578,42519600
2023-06-12,114.32018280029297,122.68000030517578,125.4000015258789,119.7699966430664,121.04000091552734,46911200
2023-06-19,105.70051574707031,113.43000030517578,122.37000274658203,113.02999877929688,121.94000244140625,35834300
2023-06-26,110.92823028564453,119.04000091552734,119.94000244140625,114.30000305175781,114.55999755859375,34774300
2023-07-03,108.03947448730469,115.94000244140625,120.4800033569336,113.62000274658203,119.2699966430664,22564200
2023-07-10,114.20836639404297,122.55999755859375,123.41999816894531,114.88999938964844,116.47000122070312,37907500
2023-07-17,116.22117614746094,124.72000122070312,127.0999984741211,120.2300033569336,122.33000183105469,55325600
2023-07-24,120.65679931640625,129.47999572753906,129.9199981689453,122.33999633789062,124.72000122070312,36423300
2023-07-31,113.22058868408203,121.5,132.97000122070312,114.88999938964844,129.99000549316406,73767700
2023-08-07,106.80010223388672,114.61000061035156,122.73999786376953,113.72000122070312,122.20999908447266,34220600
2023-08-14,102.5974349975586,110.0999984741211,114.5199966430664,108.5,113.87999725341797,34443000
2023-08-21,102.80242919921875,110.31999969482422,112.56999969482422,107.76000213623047,109.83999633789062,33368700
2023-08-28,108.28833770751953,115.38999938964844,115.69999694824219,110.5199966430664,111.30000305175781,31051300
2023-09-04,99.60763549804688,106.13999938964844,117.05999755859375,105.51000213623047,114.91000366210938,42473800
2023-09-11,106.17681121826172,113.13999938964844,115.19000244140625,108.81999969482422,111.2699966430664,55538800
2023-09-18,101.05284118652344,107.68000030517578,113.83000183105469,107.36000061035156,112.88999938964844,31770400
2023-09-25,104.22483825683594,111.05999755859375,112.2300033569336,106.70999908447266,106.83999633789062,30287900
2023-10-02,104.05590057373047,110.87999725341797,112.26000213623047,108.05000305175781,110.4000015258789,33711900
2023-10-09,101.9725341796875,108.66000366210938,112.98999786376953,108.54000091552734,110.31999969482422,28753400
2023-10-16,101.9443588256836,108.62999725341797,114.4000015258789,108.0199966430664,109.08999633789062,39031200
2023-10-23,99.90792083740234,106.45999908447266,110.56999969482422,104.33000183105469,107.94000244140625,39826600
2023-10-30,112.16415405273438,119.5199966430664,120.0999984741211,106.18000030517578,106.70999908447266,58705600
2023-11-06,116.56551361083984,124.20999908447266,124.80999755859375,118.37999725341797,120.0,44531000
2023-11-13,121.50179290771484,129.47000122070312,130.3699951171875,122.62999725341797,124.0,45202700
2023-11-20,119.88764190673828,127.75,130.1199951171875,125.75,129.44000244140625,32146000
2023-11-27,122.46338653564453,129.6699981689453,130.60000610351562,125.66999816894531,127.2699966430664,48610900
2023-12-04,125.57997131347656,132.97000122070312,133.97000122070312,128.02999877929688,129.3300018310547,36123300
2023-12-11,135.1753387451172,143.1300048828125,143.49000549316406,134.07000732421875,134.50999450683594,62421200
2023-12-18,135.5153350830078,143.49000549316406,144.39999389648438,140.36000061035156,142.50999450683594,33776100
2023-12-25,136.5919952392578,144.6300048828125,146.88999938964844,143.7899932861328,144.1699981689453,18619600
2024-01-01,129.13101196289062,136.72999572753906,142.1999969482422,134.94000244140625,142.19000244140625,30226700
2024-01-08,132.40817260742188,140.1999969482422,142.66000366210938,136.02999877929688,136.99000549316406,33160300
2024-01-15,143.5146026611328,151.9600067138672,152.77000427246094,137.35000610351562,140.0,43154600
2024-01-22,142.34353637695312,150.72000122070312,157.97999572753906,150.3800048828125,152.75,40505900
2024-01-29,133.8153533935547,141.69000244140625,151.24000549316406,139.25999450683594,150.39999389648438,74341000
2024-02-05,142.60794067382812,151.0,153.39999389648438,141.2100067138672,141.86000061035156,44111000
2024-02-12,144.20401000976562,152.69000244140625,157.75999450683594,148.41000366210938,150.3800048828125,47299200
2024-02-19,146.30064392089844,154.91000366210938,156.91000366210938,148.89999389648438,151.88999938964844,35866600
2024-02-26,154.80838012695312,163.08999633789062,164.0,154.9600067138672,156.0,36267100
2024-03-04,161.9085693359375,170.57000732421875,177.58999633789062,160.22999572753906,165.1199951171875,59517500
2024-03-11,158.70970153808594,167.1999969482422,173.89999389648438,165.85000610351562,169.0,48194600
2024-03-18,161.4624481201172,170.10000610351562,172.9199981689453,163.6300048828125,170.91000366210938,34196900
2024-03-25,160.7030487060547,169.3000030517578,169.88999938964844,166.97000122070312,167.8800048828125,22606100
2024-04-01,162.81979370117188,171.52999877929688,175.9499969482422,168.2100067138672,168.27000427246094,35953100
2024-04-08,162.59201049804688,171.2899932861328,175.99000549316406,170.07000732421875,172.92999267578125,30497200
2024-04-15,149.6256561279297,157.6300048828125,174.3800048828125,156.33999633789062,174.27000427246094,40544300
2024-04-22,157.24789428710938,165.66000366210938,166.52000427246094,157.16000366210938,158.0399932861328,33967900
2024-04-29,170.5179901123047,179.63999938964844,183.19000244140625,163.7899932861328,165.1999969482422,62590400
2024-05-06,172.83409118652344,182.0800018310547,184.30999755859375,176.6199951171875,181.91000366210938,31449800
2024-05-13,184.01589965820312,193.86000061035156,196.0800018310547,182.89999389648438,183.17999267578125,39420400
2024-05-20,199.67803955078125,210.36000061035156,211.3000030517578,193.27999877929688,194.0,59833600
2024-05-27,194.4822540283203,204.0500030517578,217.42999267578125,198.7100067138672,217.22999572753906,52348100
2024-06-03,196.93173217773438,206.6199951171875,212.5,201.66000366210938,209.55999755859375,43986500
2024-06-10,205.23330688476562,215.3300018310547,218.36000061035156,204.55999755859375,205.2899932861328,40706400
2024-06-17,202.56463623046875,212.52999877929688,230.6300048828125,209.41000366210938,217.08999633789062,75134300
2024-06-24,189.84059143066406,199.17999267578125,207.02999877929688,193.83999633789062,206.91000366210938,65570500
2024-07-01,196.10252380371094,205.75,206.75,196.0800018310547,199.47000122070312,23804900
2024-07-08,192.9381866455078,202.42999267578125,210.44000244140625,199.77000427246094,207.24000549316406,33171800
2024-07-15,177.47874450683594,186.2100067138672,211.08999633789062,185.75999450683594,203.0,48774700
2024-07-22,171.60757446289062,180.0500030517578,196.24000549316406,173.27000427246094,191.0,45949900
2024-07-29,151.8400421142578,159.30999755859375,182.63999938964844,157.52999877929688,181.5,82026600
2024-08-05,156.7676544189453,164.47999572753906,165.88999938964844,151.38999938964844,153.27000427246094,45717300
2024-08-12,164.10658264160156,172.17999267578125,174.63999938964844,157.4199981689453,160.55999755859375,43046100
2024-08-19,165.36468505859375,173.5,175.42999267578125,168.3800048828125,171.57000732421875,32807100
2024-08-26,167.08030700683594,175.3000030517578,176.36000061035156,168.27000427246094,171.97000122070312,44096000
2024-09-02,151.5517578125,158.19000244140625,172.16000366210938,157.1300048828125,171.88999938964844,34660300
2024-09-09,160.69140625,167.72999572753906,168.3000030517578,157.67999267578125,161.08999633789062,33777500
2024-09-16,161.8314666748047,168.9199981689453,176.8000030517578,163.7899932861328,164.92999267578125,56662000
2024-09-23,162.99069213867188,170.1300048828125,175.75,165.35000610351562,168.4199981689453,38928000
2024-09-30,161.81228637695312,168.89999389648438,172.8000030517578,164.0800018310547,171.3699951171875,33708600
2024-10-07,162.8469696044922,169.97999572753906,170.42999267578125,163.66000366210938,167.63999938964844,26538700
2024-10-14,163.74752807617188,170.9199981689453,179.8300018310547,169.4199981689453,171.33999633789062,41865600
2024-10-21,163.1248321533203,170.27000427246094,173.47999572753906,164.3000030517578,169.63999938964844,34828900
2024-10-28,158.3346405029297,165.27000427246094,176.57000732421875,162.0800018310547,169.4199981689453,37031300
2024-11-04,163.7379913330078,170.91000366210938,182.10000610351562,163.63999938964844,165.05999755859375,62307800
2024-11-11,153.76480102539062,160.5,170.7899932861328,159.60000610351562,170.0,40984100
2024-11-18,150.21047973632812,156.7899932861328,166.22999572753906,152.9499969482422,162.60000610351562,44869100
2024-11-25,151.87745666503906,158.52999877929688,161.52000427246094,154.4600067138672,158.94000244140625,31129600
2024-12-02,153.61573791503906,159.50999450683594,165.0,157.24000549316406,158.3800048828125,40693900
2024-12-09,152.67193603515625,158.52999877929688,162.92999267578125,156.0399932861328,157.47999572753906,39929400
2024-12-16,147.2403564453125,152.88999938964844,161.16000366210938,149.42999267578125,158.16000366210938,53195600
2024-12-23,151.4296112060547,157.24000549316406,159.55999755859375,154.5500030517578,155.66000366210938,22782200
2024-12-30,151.99783325195312,157.8300018310547,158.44000244140625,152.7899932861328,155.22999572753906,20674200
2025-01-06,151.17921447753906,156.97999572753906,165.6699981689453,155.5500030517578,159.3300018310547,31234500
2025-01-13,158.4791259765625,164.55999755859375,165.83999633789062,154.8000030517578,155.22000122070312,36761600
2025-01-20,165.75013732910156,172.11000061035156,175.1999969482422,165.35000610351562,166.0,27660300
2025-01-27,166.53985595703125,172.92999267578125,176.7899932861328,167.27999877929688,172.10000610351562,43282800
2025-02-03,161.75350952148438,167.9600067138672,177.0,165.39999389648438,168.8800048828125,52238000
2025-02-10,165.86570739746094,172.22999572753906,172.82000732421875,168.24000549316406,169.72999572753906,29385000
2025-02-17,159.31698608398438,165.42999267578125,176.5,165.2100067138672,173.25999450683594,32990500
2025-02-24,151.36221313476562,157.1699981689453,166.58999633789062,153.39999389648438,165.91000366210938,48191300
2025-03-03,156.09974670410156,161.22000122070312,161.82000732421875,151.35000610351562,158.99000549316406,41881300
2025-03-10,151.6071014404297,156.5800018310547,159.25999450683594,150.4199981689453,157.35000610351562,37121300
2025-03-17,151.8394775390625,156.82000732421875,160.50999450683594,153.55999755859375,155.60000610351562,34589000
2025-03-24,147.86968994140625,152.72000122070312,161.47000122070312,151.55999755859375,160.0,30991900
2025-03-31,123.41193389892578,127.45999908447266,155.4600067138672,126.68000030517578,150.80999755859375,55183300
2025-04-07,134.82749938964844,139.25,144.86000061035156,120.80000305175781,124.58999633789062,80000900
2025-04-14,132.3197479248047,136.66000366210938,143.11000061035156,131.7899932861328,142.75,30830200
2025-04-21,143.84181213378906,148.55999755859375,149.1999969482422,133.36000061035156,134.72999572753906,39386000
2025-04-28,135.3697052001953,139.80999755859375,149.3000030517578,134.8699951171875,148.17999267578125,59309600
2025-05-05,140.56915283203125,145.17999267578125,147.5,137.4600067138672,138.3000030517578,39025800
2025-05-12,147.65667724609375,152.5,154.36000061035156,149.8300018310547,154.0800018310547,42155900
2025-05-19,140.76280212402344,145.3800048828125,156.1300048828125,141.77000427246094,150.5500030517578,40728800
2025-05-26,140.58853149414062,145.1999969482422,150.5,143.47999572753906,147.5500030517578,36557400
2025-06-02,145.3682403564453,149.24000549316406,150.58999633789062,144.47999572753906,144.8000030517578,31127600
2025-06-09,150.7060546875,154.72000122070312,162.13999938964844,151.1699981689453,151.80999755859375,42653500
2025-06-16,147.39427185058594,151.32000732421875,158.4499969482422,150.6300048828125,157.02999877929688,38043800
2025-06-23,154.42694091796875,158.5399932861328,161.10000610351562,149.67999267578125,151.22999572753906,48212000
2025-06-30,158.00177001953125,162.2100067138672,163.9600067138672,157.8000030517578,158.38999938964844,30127700
2025-07-07,153.37496948242188,157.4600067138672,161.8300018310547,157.14999389648438,161.11000061035156,29838700
2025-07-14,150.78399658203125,154.8000030517578,156.7100067138672,151.5399932861328,156.4199981689453,35409100
2025-07-21,154.29058837890625,158.39999389648438,160.0399932861328,154.91000366210938,154.9199981689453,31733100
2025-07-28,144.34547424316406,148.19000244140625,163.60000610351562,145.5800018310547,159.75999450683594,70617500
2025-08-04,143.7318115234375,147.55999755859375,150.7899932861328,144.11000061035156,148.50999450683594,36202600
2025-08-11,153.75486755371094,157.85000610351562,159.25999450683594,147.7100067138672,148.57000732421875,36501800
2025-08-18,153.9106903076172,158.00999450683594,159.88999938964844,153.0500030517578,157.77999877929688,31031400
2025-08-25,156.5601348876953,160.72999572753906,161.60000610351562,155.39999389648438,157.61000061035156,36481300
2025-09-01,156.57923889160156,159.83999633789062,163.49000549316406,154.47000122070312,157.82000732421875,29592100
2025-09-08,158.52865600585938,161.8300018310547,162.3300018310547,156.61000061035156,160.2899932861328,35193400
2025-09-15,163.44627380371094,166.85000610351562,169.5800018310547,160.2100067138672,161.39999389648438,49525700
2025-09-22,165.74830627441406,169.1999969482422,174.44000244140625,165.9199981689453,166.85000610351562,33818400
2025-09-29,165.7287139892578,169.17999267578125,171.75,164.49000549316406,169.1999969482422,29906800
2025-10-06,150.45675659179688,153.58999633789062,171.97999572753906,153.35000610351562,170.5399932861328,45462500
2025-10-13,160.1156005859375,163.4499969482422,165.19000244140625,155.77999877929688,155.9499969482422,36840100
2025-10-20,165.49362182617188,168.94000244140625,172.4199981689453,162.05999755859375,163.33999633789062,37256400
2025-10-27,177.20960998535156,180.89999389648438,205.9499969482422,168.82000732421875,168.9499969482422,131052700
2025-11-03,167.40382385253906,170.88999938964844,183.4499969482422,168.25,182.9499969482422,66503600
2025-11-10,170.43080139160156,173.97999572753906,178.8300018310547,169.5,173.75999450683594,44810200
2025-11-17,159.96868896484375,163.3000030517578,174.83999633789062,158.85000610351562,172.8000030517578,52351200
2025-11-24,164.66098022460938,168.08999633789062,168.19000244140625,161.8699951171875,164.3699951171875,32864700
2025-12-01,172.11886596679688,174.80999755859375,177.25,165.5,165.91000366210938,39246800
2025-12-08,175.5452880859375,178.2899932861328,183.44000244140625,172.32000732421875,174.74000549316406,40694400
2025-12-15,172.55209350585938,175.25,180.30999755859375,172.0500030517578,179.72000122070312,56783600
2025-12-22,172.11886596679688,174.80999755859375,178.32000732421875,173.50999450683594,177.55999755859375,15200600
2025-12-29,170.31703186035156,172.97999572753906,175.19000244140625,171.00999450683594,174.00999450683594,18622500
2026-01-05,175.04315185546875,177.77999877929688,184.4499969482422,174.00999450683594,175.4600067138672,47874800
2026-01-12,156.96578979492188,159.4199981689453,175.8800048828125,159.2100067138672,175.8800048828125,52843200
2026-01-19,153.4212188720703,155.82000732421875,159.42999267578125,153.25,154.9499969482422,35710300
2026-01-26,149.25631713867188,151.58999633789062,156.74000549316406,149.72999572753906,154.8000030517578,43617900
2026-02-02,135.2257080078125,137.33999633789062,153.63999938964844,132.72999572753906,150.97000122070312,85581200
2026-02-09,138.53396606445312,140.6999969482422,142.38999938964844,136.5,137.10000610351562,55715900
2026-02-16,140.680419921875,142.8800048828125,144.47999572753906,139.89999389648438,141.0,39099700
2026-02-23,140.16842651367188,142.36000061035156,146.94000244140625,139.63999938964844,141.97000122070312,47786100
2026-03-02,134.45887756347656,135.69000244140625,142.00999450683594,133.4199981689453,137.8300018310547,46824100
2026-03-09,128.64215087890625,129.82000732421875,138.5800018310547,129.22000122070312,133.49000549316406,47531900
2026-03-16,128.72142028808594,129.89999389648438,134.0500030517578,128.89999389648438,131.07000732421875,118986200
2026-03-23,125.95672607421875,127.11000061035156,133.97000122070312,126.68000030517578,133.14999389648438,47387600
2026-03-30,125.64954376220703,126.80000305175781,130.22999572753906,124.01000213623047,127.44999694824219,42561700
2026-04-06,126.89810943603516,128.05999755859375,130.61000061035156,121.98999786376953,126.55999755859375,47194900
2026-04-13,134.96424865722656,136.1999969482422,136.97000122070312,126.45999908447266,128.0,43746100
2026-04-20,147.49949645996094,148.85000610351562,151.5399932861328,132.0500030517578,136.41000366210938,68875600
2026-04-27,175.40399169921875,177.00999450683594,186.88999938964844,144.0,156.30999755859375,184480700
2026-05-04,217.10218811035156,219.08999633789062,228.0500030517578,164.7899932861328,177.22000122070312,176479500
2026-05-11,199.66188049316406,201.49000549316406,247.89999389648438,199.16000366210938,232.00999450683594,161051100
2026-05-18,235.99917602539062,238.16000366210938,243.0,191.02000427246094,206.77000427246094,118264600
2026-05-25,248.74249267578125,251.02000427246094,259.9200134277344,224.17999267578125,240.72000122070312,106241300
2026-06-01,214.77110290527344,215.94000244140625,255.08999633789062,215.0,233.3300018310547,97535500
2026-06-08,210.57394409179688,211.72000122070312,221.92999267578125,190.10000610351562,221.02999877929688,98570300
2026-06-15,224.88604736328125,226.11000061035156,231.19000244140625,212.67999267578125,219.77000427246094,92660700
2026-06-22,188.3648223876953,189.38999938964844,233.44000244140625,186.17999267578125,222.92999267578125,139427000
2026-06-29,175.2959442138672,176.25,194.58999633789062,172.1199951171875,193.02999877929688,85630000
2026-07-06,188.1360626220703,189.16000366210938,196.08999633789062,177.10000610351562,178.1300048828125,62030100
2026-07-13,170.8501434326172,171.77999877929688,189.99000549316406,164.77000427246094,185.05999755859375,67781300
2026-07-20,166.06617736816406,166.97000122070312,178.64999389648438,165.77000427246094,175.5500030517578,51495900
2026-07-27,146.81097412109375,147.61000061035156,171.19000244140625,146.0,169.77000427246094,86023300
2026-08-03,166.9513702392578,167.86000061035156,167.99000549316406,142.88999938964844,146.1999969482422,56734000
2026-08-10,164.89256286621094,165.7899932861328,168.8699951171875,161.07000732421875,168.16000366210938,36842700
2026-08-17,159.87985229492188,160.75,166.5,156.72999572753906,166.25,45164000
2026-08-24,163.30123901367188,164.19000244140625,166.9499969482422,156.22999572753906,159.39999389648438,55232900
2026-08-31,168.74000549316406,168.74000549316406,171.3800048828125,162.2100067138672,164.7899932861328,44684200
2026-09-07,181.97000122070312,181.97000122070312,185.4600067138672,171.0,180.39999389648438,68075500
2026-09-14,177.72000122070312,177.72000122070312,192.1199951171875,170.50999450683594,170.77999877929688,104075468
