date,Open,High,Low,Close,Volume,volumenotional,tradesdone
2026-09-26 00:00:00+00:00,5.959999999999999e-06,5.959999999999999e-06,5.959999999999999e-06,5.959999999999999e-06,108956498.0,649.3807280799999,4.0
2026-09-26 00:01:00+00:00,5.96e-06,5.96e-06,5.96e-06,5.96e-06,1111111.0,6.62222156,1.0
2026-09-26 00:02:00+00:00,5.953177008734698e-06,5.953177008734698e-06,5.95e-06,5.95e-06,546221734.0,3250.0193173,10.0
2026-09-26 00:03:00+00:00,5.946380785048625e-06,5.947285009098169e-06,5.9436681128999936e-06,5.9436681128999936e-06,179493013.83218,1066.8469028026457,10.0
2026-09-26 00:04:00+00:00,5.939095967991747e-06,5.940906266165955e-06,5.9377601508136935e-06,5.9377601508136935e-06,372578891.66298,2212.284095950775,14.0
2026-09-26 00:05:00+00:00,5.94e-06,5.94e-06,5.94e-06,5.94e-06,20485677.0,121.68492137999999,3.0
2026-09-26 00:06:00+00:00,5.949999999999999e-06,5.949999999999999e-06,5.949999999999999e-06,5.949999999999999e-06,53214700.0,316.6274649999999,2.0
2026-09-26 00:08:00+00:00,5.960313499633782e-06,5.969999999999999e-06,5.960313499633782e-06,5.969999999999999e-06,2486223.0,14.842751309999997,3.0
2026-09-26 00:09:00+00:00,5.9680990915164706e-06,5.9680990915164706e-06,5.964435453128235e-06,5.964435453128235e-06,1707196.32704,10.18246229844768,4.0
2026-09-26 00:10:00+00:00,5.968214000123192e-06,5.968214000123192e-06,5.964642000369576e-06,5.964642000369576e-06,6258987.0511300005,37.33261704493932,3.0
2026-09-26 00:11:00+00:00,5.96e-06,5.96e-06,5.96e-06,5.96e-06,553690.0,3.2999924,2.0
2026-09-26 00:13:00+00:00,5.961999644996358e-06,5.961999644996358e-06,5.961999644996358e-06,5.961999644996358e-06,45007989.0,268.33761444,2.0
2026-09-26 00:14:00+00:00,5.96011968687475e-06,5.96011968687475e-06,5.96011968687475e-06,5.96011968687475e-06,17387036.0,103.62881556,4.0
2026-09-26 00:15:00+00:00,5.97e-06,5.97e-06,5.97e-06,5.97e-06,199540.0,1.1912538,1.0
2026-09-26 00:16:00+00:00,5.960015281703255e-06,5.960015281703255e-06,5.959984718296745e-06,5.959984718296745e-06,40852776.0,243.48192066000001,11.0
2026-09-26 00:17:00+00:00,5.96e-06,5.960209268965737e-06,5.959790731034262e-06,5.959790731034262e-06,33302119.0,198.47366014,9.0
2026-09-26 00:18:00+00:00,5.96e-06,5.96e-06,5.96e-06,5.96e-06,17489544.0,104.23768224,1.0
2026-09-26 00:19:00+00:00,5.9696301521813045e-06,5.9696301521813045e-06,5.9696301521813045e-06,5.9696301521813045e-06,13268821.44466,79.20995657995223,2.0
2026-09-26 00:20:00+00:00,5.96e-06,5.97e-06,5.96e-06,5.97e-06,1106067076.0,6603.22044372,26.0
2026-09-26 00:21:00+00:00,5.9717635863376375e-06,5.9717635863376375e-06,5.9717635863376375e-06,5.9717635863376375e-06,28092302.0,167.76058614,6.0
2026-09-26 00:22:00+00:00,5.978960568850897e-06,5.978960568850897e-06,5.978960568850897e-06,5.978960568850897e-06,2107547.0,12.600940410000002,2.0
2026-09-26 00:23:00+00:00,5.979817994647698e-06,5.979817994647698e-06,5.969999999999999e-06,5.979817994647698e-06,1737102761.0,10387.55834878,22.0
2026-09-26 00:24:00+00:00,5.969999999999999e-06,5.969999999999999e-06,5.969999999999999e-06,5.969999999999999e-06,4193374.0,25.034442779999996,2.0
2026-09-26 00:25:00+00:00,5.980002484815494e-06,5.980002484815494e-06,5.980001242407748e-06,5.980001242407748e-06,239293421.0,1430.9749548800003,7.0
2026-09-26 00:26:00+00:00,5.98154235812801e-06,5.98154235812801e-06,5.979230243600958e-06,5.9796155960221335e-06,658236496.7151799,3936.0012216290615,13.0
2026-09-26 00:27:00+00:00,5.972704460175556e-06,5.972704460175556e-06,5.972704460175556e-06,5.972704460175556e-06,8753355.0,52.28120245,4.0
2026-09-26 00:28:00+00:00,5.9798872668832685e-06,5.9798872668832685e-06,5.970001713940157e-06,5.970001713940157e-06,2185490540.04187,13047.382269849964,21.0
2026-09-26 00:29:00+00:00,5.960489802958793e-06,5.960489802958793e-06,5.960489802958793e-06,5.960489802958793e-06,272919462.0,1626.7336702799998,8.0
2026-09-26 00:30:00+00:00,5.96e-06,5.96e-06,5.950001592377508e-06,5.950001592377508e-06,1306850913.0,7775.76501335,9.0
2026-09-26 00:31:00+00:00,5.950020222515693e-06,5.950020222515693e-06,5.940010111257847e-06,5.940010111257847e-06,29402870.0,174.6533451,9.0
2026-09-26 00:32:00+00:00,5.929999916894767e-06,5.929999916894767e-06,5.9200007479471035e-06,5.929999916894767e-06,2504054087.0,14849.04052781,18.0
2026-09-26 00:33:00+00:00,5.921888266485558e-06,5.921888266485558e-06,5.910945046402247e-06,5.920000166028994e-06,2506791068.0,14840.203538759999,24.0
2026-09-26 00:34:00+00:00,5.937280136796961e-06,5.937280136796961e-06,5.929981204746547e-06,5.929981204746547e-06,174926984.0,1037.313727323,15.0
2026-09-26 00:35:00+00:00,5.929525755082973e-06,5.934149961315674e-06,5.929525755082973e-06,5.934149961315674e-06,5415630.0,32.137160555,6.0
2026-09-26 00:36:00+00:00,5.924012070944414e-06,5.924012070944414e-06,5.924012070944414e-06,5.924012070944414e-06,173161219.45473,1025.8091542692753,2.0
2026-09-26 00:37:00+00:00,5.929412060962197e-06,5.929412060962197e-06,5.9201959796792675e-06,5.9201959796792675e-06,917493593.10725,5431.741881295027,16.0
2026-09-26 00:38:00+00:00,5.910004254542848e-06,5.9299145715608165e-06,5.900049096033863e-06,5.9299145715608165e-06,8924225554.0,52919.89515256,44.0
2026-09-26 00:39:00+00:00,5.92e-06,5.92e-06,5.92e-06,5.92e-06,231218107.0,1368.8111934400001,4.0
2026-09-26 00:40:00+00:00,5.920000187486863e-06,5.920000187486863e-06,5.920000187486863e-06,5.920000187486863e-06,4281206627.0,25344.74403451,13.0
2026-09-26 00:41:00+00:00,5.930027045582049e-06,5.930027045582049e-06,5.923308161752245e-06,5.923308161752245e-06,124667943.54805,738.4466475270327,8.0
2026-09-26 00:42:00+00:00,5.94e-06,5.94e-06,5.94e-06,5.94e-06,6670635.0,39.6235719,1.0
2026-09-26 00:43:00+00:00,5.9392828021854605e-06,5.94e-06,5.9392828021854605e-06,5.94e-06,136422131.73583,810.3474625108303,7.0
2026-09-26 00:44:00+00:00,5.939995024042075e-06,5.939995024042075e-06,5.939995024042075e-06,5.939995024042075e-06,338384121.14901,2009.99999583997,3.0
2026-09-26 00:45:00+00:00,5.938e-06,5.938e-06,5.938e-06,5.938e-06,483745.99966,2.87248374598108,1.0
2026-09-26 00:46:00+00:00,5.941e-06,5.941e-06,5.941e-06,5.941e-06,2351447.0,13.969946627,1.0
2026-09-26 00:47:00+00:00,5.950036448676656e-06,5.959494343381327e-06,5.950036448676656e-06,5.950036448676656e-06,833358102.0,4958.511081699999,17.0
2026-09-26 00:48:00+00:00,5.95e-06,5.95e-06,5.95e-06,5.95e-06,30000000.0,178.5,1.0
2026-09-26 00:49:00+00:00,5.94e-06,5.94e-06,5.94e-06,5.94e-06,499662859.0,2967.99738246,8.0
2026-09-26 00:50:00+00:00,5.94e-06,5.95e-06,5.94e-06,5.95e-06,1605058153.0,9550.09601035,6.0
2026-09-26 00:51:00+00:00,5.949013968865315e-06,5.949013968865315e-06,5.949013968865315e-06,5.949013968865315e-06,192806211.47639,1147.006845357044,3.0
2026-09-26 00:52:00+00:00,5.949534660964512e-06,5.949534660964512e-06,5.949069321929024e-06,5.949069321929024e-06,252487360.37489,1502.064809781096,13.0
2026-09-26 00:53:00+00:00,5.940000000000001e-06,5.948021943810257e-06,5.940000000000001e-06,5.948021943810257e-06,25532667.0,151.8688636,4.0
2026-09-26 00:54:00+00:00,5.949996219151742e-06,5.949996219151742e-06,5.949996219151742e-06,5.949996219151742e-06,2008464631.0,11950.35696075,29.0
2026-09-26 00:55:00+00:00,5.95e-06,5.95e-06,5.95e-06,5.95e-06,76938200.0,457.78229,8.0
2026-09-26 00:56:00+00:00,5.958215749589519e-06,5.959008749771954e-06,5.958215749589519e-06,5.959008749771954e-06,2099369.0,12.510158239999997,5.0
2026-09-26 00:57:00+00:00,5.951158295388908e-06,5.951158295388908e-06,5.951158295388908e-06,5.951158295388908e-06,177571319.0,1056.75502809,14.0
2026-09-26 00:58:00+00:00,5.94824898783039e-06,5.94824898783039e-06,5.94824898783039e-06,5.94824898783039e-06,1442199.0,8.578558742,2.0
2026-09-26 00:59:00+00:00,5.945287795454875e-06,5.946073162879062e-06,5.945287795454875e-06,5.946073162879062e-06,16435520.035319999,97.72680459997738,3.0
2026-09-26 01:00:00+00:00,5.944811048947958e-06,5.95e-06,5.944811048947958e-06,5.95e-06,979412089.0773001,5827.501930009935,16.0
2026-09-26 01:01:00+00:00,5.960021022620341e-06,5.960021022620341e-06,5.960021022620341e-06,5.960021022620341e-06,48714097.98722,290.3370481018184,4.0
2026-09-26 01:02:00+00:00,5.969926697143557e-06,5.969926697143557e-06,5.959982372513067e-06,5.959982372513067e-06,1723149767.0,10269.942236519999,6.0
2026-09-26 01:03:00+00:00,5.9600000000000005e-06,5.9600000000000005e-06,5.9600000000000005e-06,5.9600000000000005e-06,56678429.0,337.80343684,8.0
2026-09-26 01:04:00+00:00,5.96e-06,5.96e-06,5.959999579317663e-06,5.959999579317663e-06,1200050384.0,7152.299783799999,6.0
2026-09-26 01:05:00+00:00,5.95e-06,5.9515530587585905e-06,5.95e-06,5.9515530587585905e-06,129846272.0,772.78697729,6.0
2026-09-26 01:06:00+00:00,5.959652322065481e-06,5.96e-06,5.959652322065481e-06,5.96e-06,52812890.78361,314.7648290703156,7.0
2026-09-26 01:07:00+00:00,5.96e-06,5.96e-06,5.96e-06,5.96e-06,30430891.0,181.36811036,6.0
2026-09-26 01:08:00+00:00,5.958578797011638e-06,5.958578797011638e-06,5.950794403987051e-06,5.950794403987051e-06,138684168.0,825.2809708560001,7.0
2026-09-26 01:09:00+00:00,5.951822187072754e-06,5.951822187072754e-06,5.94963371927398e-06,5.950024711174407e-06,545461732.3361,3245.510786399795,11.0
2026-09-26 01:10:00+00:00,5.947981392472883e-06,5.948654261648589e-06,5.947981392472883e-06,5.948654261648589e-06,390572952.81057,2323.3834602212705,10.0
2026-09-26 01:11:00+00:00,5.959125567155343e-06,5.959125567155343e-06,5.959125567155343e-06,5.959125567155343e-06,17623915.03089,105.02312265394994,3.0
2026-09-26 01:12:00+00:00,5.950000000000001e-06,5.950000000000001e-06,5.950000000000001e-06,5.950000000000001e-06,4001848202.0,23810.9968019,18.0
2026-09-26 01:13:00+00:00,5.94e-06,5.94e-06,5.94e-06,5.94e-06,3116319968.0,18510.94060992,40.0
2026-09-26 01:14:00+00:00,5.9399993228689226e-06,5.948974443011566e-06,5.9399993228689226e-06,5.948974443011566e-06,175593772.0,1044.60286198,13.0
2026-09-26 01:15:00+00:00,5.95e-06,5.95e-06,5.95e-06,5.95e-06,16648561.0,99.05893795,1.0
2026-09-26 01:16:00+00:00,5.9500536230185526e-06,5.960008937169759e-06,5.9500536230185526e-06,5.960008937169759e-06,2297213726.523,13691.414340666126,8.0
2026-09-26 01:18:00+00:00,5.95e-06,5.95e-06,5.95e-06,5.95e-06,2974646794.0,17699.148424299998,26.0
2026-09-26 01:19:00+00:00,5.957e-06,5.957e-06,5.957e-06,5.957e-06,7593700.0,45.2356709,1.0
2026-09-26 01:20:00+00:00,5.963916614423312e-06,5.963916614423312e-06,5.963916614423312e-06,5.963916614423312e-06,21420587.0,127.75059470000001,4.0
2026-09-26 01:21:00+00:00,5.969999999999999e-06,5.9799999999999995e-06,5.969999999999999e-06,5.971576847582642e-06,4985991079.0,29774.228889609996,30.0
2026-09-26 01:22:00+00:00,5.9700143196432796e-06,5.9700143196432796e-06,5.9700143196432796e-06,5.9700143196432796e-06,921172947.0,5499.415684458,7.0
2026-09-26 01:23:00+00:00,5.969491375847199e-06,5.969491375847199e-06,5.96e-06,5.96e-06,1252013705.0,7462.0016817999995,46.0
2026-09-26 01:24:00+00:00,5.96e-06,5.96e-06,5.96e-06,5.96e-06,178412452.0,1063.33821392,6.0
2026-09-26 01:25:00+00:00,5.956175829528476e-06,5.956175829528476e-06,5.956175829528476e-06,5.956175829528476e-06,23806627.0,141.79645632,2.0
2026-09-26 01:26:00+00:00,5.958357749250803e-06,5.958357749250803e-06,5.958357749250803e-06,5.958357749250803e-06,5308319.36252,31.62886580916912,3.0
2026-09-26 01:27:00+00:00,5.969505212458149e-06,5.969505212458149e-06,5.96e-06,5.96e-06,1230648346.0,7334.66414216,13.0
2026-09-26 01:28:00+00:00,5.956801772386142e-06,5.956801772386142e-06,5.954882835817827e-06,5.954882835817827e-06,28536609.504868,169.93216613297432,11.0
2026-09-26 01:29:00+00:00,5.95e-06,5.95e-06,5.95e-06,5.95e-06,36215.0,0.21547924999999998,1.0
2026-09-26 01:30:00+00:00,5.96e-06,5.96e-06,5.96e-06,5.96e-06,25636255.0,152.79207979999998,4.0
2026-09-26 01:31:00+00:00,5.961798374664178e-06,5.965381537868235e-06,5.961798374664178e-06,5.965381537868235e-06,193180920.64736998,1152.3978974982094,10.0
2026-09-26 01:32:00+00:00,5.98e-06,5.98e-06,5.98e-06,5.98e-06,1154594.0,6.90447212,1.0
2026-09-26 01:33:00+00:00,5.967168933802489e-06,5.968207766549378e-06,5.967168933802489e-06,5.968207766549378e-06,4069529.01,24.28779464368,3.0
2026-09-26 01:34:00+00:00,5.970030098259246e-06,5.970030098259246e-06,5.970030098259246e-06,5.970030098259246e-06,222907086.64075,1330.7620163605588,3.0
2026-09-26 01:35:00+00:00,5.9700000000000004e-06,5.9781146152553116e-06,5.9700000000000004e-06,5.9781146152553116e-06,696033.0,4.160965050000001,3.0
2026-09-26 01:36:00+00:00,5.980002900182787e-06,5.980002900182787e-06,5.980002900182787e-06,5.980002900182787e-06,433858861.0,2594.4772470500006,4.0
2026-09-26 01:37:00+00:00,5.98e-06,5.98e-06,5.98e-06,5.98e-06,51118729.0,305.68999942,2.0
2026-09-26 01:38:00+00:00,5.99e-06,5.99e-06,5.99e-06,5.99e-06,126978004.64395,760.5982478172606,16.0
2026-09-26 01:39:00+00:00,5.999692552328137e-06,6.001689427635088e-06,5.999692552328137e-06,6.0000604483808625e-06,1597593408.825747,9585.657024889322,45.0
2026-09-26 01:40:00+00:00,6.000000000000001e-06,6.000000000000001e-06,5.992793658842888e-06,6.000000000000001e-06,27181916.0,163.09149600000003,4.0
2026-09-26 01:41:00+00:00,5.995048648242621e-06,5.995048648242621e-06,5.979073925982772e-06,5.99e-06,6750334086.6050205,40434.501178764076,48.0
2026-09-26 01:42:00+00:00,5.989991129017547e-06,5.989991129017547e-06,5.989988058495978e-06,5.989988058495978e-06,325677569.0,1950.80474923,12.0
2026-09-26 01:43:00+00:00,5.99e-06,6e-06,5.99e-06,6e-06,47722723.0,286.336338,2.0
2026-09-26 01:44:00+00:00,5.99e-06,6.000016127895173e-06,5.99e-06,6.000016127895173e-06,146313575.0,877.88380973,13.0
2026-09-26 01:45:00+00:00,6e-06,6.01e-06,6e-06,6.01e-06,225889.0,1.35759289,2.0
2026-09-26 01:46:00+00:00,6.009221158595885e-06,6.009221158595885e-06,6.009221158595885e-06,6.009221158595885e-06,71781831.03768,431.3528978743815,17.0
2026-09-26 01:47:00+00:00,6.019403406950286e-06,6.0300891897212305e-06,6.019175027298385e-06,6.020460049906161e-06,5612633597.788051,33790.63635024404,60.0
2026-09-26 01:48:00+00:00,6.0257080418435826e-06,6.0257080418435826e-06,6.00717434917356e-06,6.007493301224846e-06,2934194579.49214,17627.154280789284,34.0
2026-09-26 01:49:00+00:00,6.008901953325793e-06,6.009176464994345e-06,6.0070130224771144e-06,6.009176464994345e-06,118286167.09616,710.8024514486331,12.0
2026-09-26 01:50:00+00:00,6.000895323519367e-06,6.009104676480631e-06,6.000716258815494e-06,6.000716258815494e-06,87939920.89346,527.7025131043338,9.0
2026-09-26 01:51:00+00:00,6.0000040499982604e-06,6.001595977416919e-06,6.0000040499982604e-06,6.0000040499982604e-06,1213473772.33333,7280.847548566647,22.0
2026-09-26 01:52:00+00:00,6.01e-06,6.01e-06,6e-06,6.01e-06,16540434.0,99.40800834,5.0
2026-09-26 01:53:00+00:00,6.000013195929017e-06,6.009980206106476e-06,6.000013195929017e-06,6.000013195929017e-06,49237315.028519,295.4245399032281,13.0
2026-09-26 01:54:00+00:00,6.01e-06,6.01e-06,6.01e-06,6.01e-06,72132182.0,433.51441382,6.0
2026-09-26 01:55:00+00:00,6.002358449651812e-06,6.016685627985296e-06,6.000358470886086e-06,6.0091635679324694e-06,1588542499.45429,9545.811713833104,17.0
2026-09-26 01:56:00+00:00,6.012494377210063e-06,6.012494377210063e-06,6.006337462545993e-06,6.01e-06,121460876.66991,729.979868786159,12.0
2026-09-26 01:57:00+00:00,6.000115441414769e-06,6.000115441414769e-06,5.99976021002135e-06,5.99976021002135e-06,200232417.56663,1201.3464916726468,9.0
2026-09-26 01:58:00+00:00,6e-06,6e-06,6e-06,6e-06,7796624.0,46.779744,1.0
2026-09-26 01:59:00+00:00,5.999988676091979e-06,5.999988676091979e-06,5.999988676091979e-06,5.999988676091979e-06,90600347.33333,543.6010580499801,4.0
2026-09-26 02:00:00+00:00,5.990547161072395e-06,5.990547161072395e-06,5.990547161072395e-06,5.990547161072395e-06,301736067.0,1807.56413956,18.0
2026-09-26 02:01:00+00:00,5.982722482328223e-06,5.982722482328223e-06,5.9799999999999995e-06,5.9799999999999995e-06,242863806.0,1452.32555988,7.0
2026-09-26 02:02:00+00:00,5.98e-06,5.98e-06,5.98e-06,5.98e-06,712215747.0,4259.050167060001,10.0
2026-09-26 02:03:00+00:00,5.981620990957525e-06,5.9848635692093945e-06,5.981620990957525e-06,5.9848635692093945e-06,797855630.6895101,4775.057097602234,9.0
2026-09-26 02:04:00+00:00,5.990036832993346e-06,5.990036832993346e-06,5.990036832993346e-06,5.990036832993346e-06,409042042.41316,2450.176900297655,23.0
2026-09-26 02:05:00+00:00,5.998290496766928e-06,6.000627900024589e-06,5.998290496766928e-06,6.000627900024589e-06,356255600.0,2137.7572929,9.0
2026-09-26 02:06:00+00:00,5.9901052972559756e-06,6e-06,5.9901052972559756e-06,6e-06,47343304.0,284.059824,4.0
2026-09-26 02:07:00+00:00,5.99e-06,5.99e-06,5.99e-06,5.99e-06,68965011.0,413.10041589,2.0
2026-09-26 02:08:00+00:00,5.997798063244657e-06,5.997798063244657e-06,5.997798063244657e-06,5.997798063244657e-06,211591.0,1.26908009,2.0
2026-09-26 02:09:00+00:00,5.99e-06,5.99e-06,5.99e-06,5.99e-06,73908823.0,442.71384977,5.0
2026-09-26 02:10:00+00:00,5.99e-06,5.99e-06,5.99e-06,5.99e-06,16070076.0,96.25975524,2.0
2026-09-26 02:11:00+00:00,5.986e-06,5.986e-06,5.984e-06,5.985e-06,57968913.32553,346.94394625329704,4.0
2026-09-26 02:12:00+00:00,5.990502963614192e-06,5.990502963614192e-06,5.990502963614192e-06,5.990502963614192e-06,29055064.0,174.05444700000004,3.0
2026-09-26 02:13:00+00:00,5.9912596802475005e-06,5.993187759608024e-06,5.9912596802475005e-06,5.993187759608024e-06,202468222.0,1213.4300698,5.0
2026-09-26 02:14:00+00:00,5.995553250405518e-06,6.00222337479724e-06,5.995553250405518e-06,6.00222337479724e-06,91457050.0,548.9456432999999,7.0
2026-09-26 02:15:00+00:00,6.001e-06,6.001e-06,6.001e-06,6.001e-06,7593700.0,45.5697937,1.0
2026-09-26 02:16:00+00:00,6e-06,6.01e-06,6e-06,6.01e-06,416276734.0,2501.82317134,7.0
2026-09-26 02:17:00+00:00,6.01e-06,6.01e-06,6e-06,6e-06,156725001.0,940.350006,8.0
2026-09-26 02:18:00+00:00,6.000015915112514e-06,6.00686514440853e-06,6.000015915112514e-06,6.000015915112514e-06,2827501217.0,16965.052302000004,26.0
2026-09-26 02:19:00+00:00,6.001100022924188e-06,6.006149919765343e-06,5.996050126083033e-06,6.0055999083032495e-06,619930603.78395,3723.0551772392682,11.0
2026-09-26 02:20:00+00:00,5.998018535911542e-06,5.998018535911542e-06,5.996037071823085e-06,5.996037071823085e-06,106883224.78395,640.8757781605641,4.0
2026-09-26 02:21:00+00:00,5.9915261766805285e-06,5.992670809190926e-06,5.990381544170133e-06,5.990381544170133e-06,509576616.11389,3052.558356509315,23.0
2026-09-26 02:22:00+00:00,5.997200937110504e-06,5.997416249640466e-06,5.9893540624101175e-06,5.989569374940078e-06,242239944.25525,1450.9129514984372,5.0
2026-09-26 02:23:00+00:00,5.991918481040609e-06,5.991918481040609e-06,5.991918481040609e-06,5.991918481040609e-06,7916367.0,47.43422573,2.0
2026-09-26 02:24:00+00:00,5.99e-06,5.992163941974964e-06,5.99e-06,5.992163941974964e-06,125133373.78395,749.8196903258605,3.0
2026-09-26 02:25:00+00:00,5.99994648840312e-06,5.99994648840312e-06,5.99994648840312e-06,5.99994648840312e-06,16598645.0,99.59098178,2.0
2026-09-26 02:26:00+00:00,6e-06,6e-06,6e-06,6e-06,123333.0,0.739998,1.0
2026-09-26 02:27:00+00:00,5.994e-06,5.994e-06,5.989e-06,5.989e-06,19219214.38824,115.10387497116935,3.0
2026-09-26 02:28:00+00:00,5.988838849679383e-06,5.993132231382864e-06,5.988838849679383e-06,5.993132231382864e-06,848688398.24008,5086.301793893319,12.0
2026-09-26 02:29:00+00:00,5.9883471744927616e-06,5.989071316642695e-06,5.9883471744927616e-06,5.9883471744927616e-06,31459431.0,188.38999474,5.0
2026-09-26 02:30:00+00:00,5.9832641441632905e-06,5.9832641441632905e-06,5.976637087151551e-06,5.976637087151551e-06,58791535.67737,351.3756725399631,6.0
2026-09-26 02:31:00+00:00,5.970019646010777e-06,5.9800196460107775e-06,5.970019646010777e-06,5.980013097340518e-06,4473494717.81256,26751.557003402733,27.0
2026-09-26 02:32:00+00:00,5.98753433294095e-06,5.98753433294095e-06,5.98753433294095e-06,5.98753433294095e-06,35464462.60053,212.34468741997364,3.0
2026-09-26 02:33:00+00:00,5.98e-06,5.98e-06,5.98e-06,5.98e-06,799128884.0,4778.79072632,5.0
2026-09-26 02:34:00+00:00,5.980287621414981e-06,5.9997123785850195e-06,5.980287621414981e-06,5.9997123785850195e-06,1046620642.0,6279.42282149,7.0
2026-09-26 02:35:00+00:00,5.991603502801688e-06,5.991603502801688e-06,5.9908017514008435e-06,5.9908017514008435e-06,37885559.0,226.96487320999998,3.0
2026-09-26 02:36:00+00:00,5.983e-06,5.983e-06,5.983e-06,5.983e-06,1109491.49832,6.63808763444856,1.0
2026-09-26 02:37:00+00:00,5.980000000000001e-06,5.980232362994657e-06,5.980000000000001e-06,5.980232362994657e-06,2304193985.94764,13779.61544538173,20.0
2026-09-26 02:38:00+00:00,5.98e-06,5.98e-06,5.98e-06,5.98e-06,34363456.0,205.49346688,3.0
2026-09-26 02:39:00+00:00,5.984882377387774e-06,5.984882377387774e-06,5.97011304619307e-06,5.97011304619307e-06,537387402.0,3208.26353954,10.0
2026-09-26 02:40:00+00:00,5.98e-06,5.98e-06,5.97e-06,5.97e-06,104059929.0,621.2377761299999,4.0
2026-09-26 02:41:00+00:00,5.98e-06,5.98e-06,5.98e-06,5.98e-06,16565040.0,99.05893920000001,1.0
2026-09-26 02:42:00+00:00,5.970292702370052e-06,5.970292702370052e-06,5.970292702370052e-06,5.970292702370052e-06,83364682.0,497.71155258000005,6.0
2026-09-26 02:43:00+00:00,5.972032953334978e-06,5.972323375239975e-06,5.97e-06,5.970290421904996e-06,2412191940.60993,14401.486438819891,25.0
2026-09-26 02:44:00+00:00,5.9691928725862314e-06,5.9691928725862314e-06,5.9691928725862314e-06,5.9691928725862314e-06,197140898.78188,1176.7720479040418,5.0
2026-09-26 02:45:00+00:00,5.969325412749648e-06,5.9708412561424585e-06,5.969325412749648e-06,5.9708412561424585e-06,497930951.30836004,2973.066666782218,9.0
2026-09-26 02:46:00+00:00,5.9788668094516285e-06,5.9788668094516285e-06,5.97536117800644e-06,5.97536117800644e-06,534794703.87548,3195.5915117409936,13.0
2026-09-26 02:47:00+00:00,5.973e-06,5.973e-06,5.973e-06,5.973e-06,7593700.0,45.357170100000005,1.0
2026-09-26 02:49:00+00:00,5.97e-06,5.97e-06,5.97e-06,5.97e-06,18762.0,0.11200914,1.0
2026-09-26 02:50:00+00:00,5.98e-06,5.98e-06,5.98e-06,5.98e-06,15065255.0,90.09022490000001,3.0
2026-09-26 02:51:00+00:00,5.979722587252404e-06,5.979722587252404e-06,5.97e-06,5.97e-06,112846833.0,673.6955930099999,4.0
2026-09-26 02:52:00+00:00,5.960059655568065e-06,5.960059655568065e-06,5.960059655568065e-06,5.960059655568065e-06,64811658.03467,386.2813482629105,6.0
2026-09-26 02:53:00+00:00,5.96e-06,5.96e-06,5.96e-06,5.96e-06,2501971356.0,14911.74928176,12.0
2026-09-26 02:54:00+00:00,5.962e-06,5.962e-06,5.962e-06,5.962e-06,7593700.0,45.2736394,1.0
2026-09-26 02:55:00+00:00,5.9615186108339336e-06,5.9615186108339336e-06,5.9615186108339336e-06,5.9615186108339336e-06,98774483.0,588.84591868,3.0
2026-09-26 02:56:00+00:00,5.9666556425222685e-06,5.9666556425222685e-06,5.9666556425222685e-06,5.9666556425222685e-06,15894204.0,94.83524198,2.0
2026-09-26 02:57:00+00:00,5.97e-06,5.97e-06,5.97e-06,5.97e-06,79949008.0,477.29557775999996,3.0
2026-09-26 02:58:00+00:00,5.969999403154795e-06,5.969999403154795e-06,5.969999403154795e-06,5.969999403154795e-06,1743333100.0,10407.697566499999,39.0
2026-09-26 02:59:00+00:00,5.9661524027380965e-06,5.9661524027380965e-06,5.9661524027380965e-06,5.9661524027380965e-06,637377.0,3.8026883199999997,2.0
2026-09-26 03:00:00+00:00,5.959974580763427e-06,5.95998041875396e-06,5.959974580763427e-06,5.95998041875396e-06,430597828.014413,2566.3546233238867,17.0
2026-09-26 03:01:00+00:00,5.959716336309802e-06,5.959716336309802e-06,5.9501891091267996e-06,5.9501891091267996e-06,18816072.77297,111.95919129026339,3.0
2026-09-26 03:03:00+00:00,5.96e-06,5.96e-06,5.96e-06,5.96e-06,2316353.0,13.80546388,1.0
2026-09-26 03:04:00+00:00,5.960487941717469e-06,5.960487941717469e-06,5.960487941717469e-06,5.960487941717469e-06,46688158.0,278.28420278,3.0
2026-09-26 03:05:00+00:00,5.9600000000000005e-06,5.968626157804879e-06,5.9600000000000005e-06,5.968626157804879e-06,38661631.0,230.75682209000001,3.0
2026-09-26 03:06:00+00:00,5.96e-06,5.96e-06,5.96e-06,5.96e-06,262069.0,1.5619312399999998,1.0
2026-09-26 03:07:00+00:00,5.952e-06,5.952e-06,5.952e-06,5.952e-06,4999460.0,29.75678592,1.0
2026-09-26 03:08:00+00:00,5.9600000000000005e-06,5.9600000000000005e-06,5.9600000000000005e-06,5.9600000000000005e-06,98877301.0,589.3087139600001,4.0
2026-09-26 03:09:00+00:00,5.950013898470295e-06,5.9500159775231585e-06,5.950013898470295e-06,5.9500159775231585e-06,2362153558.019936,14054.851411581796,30.0
2026-09-26 03:10:00+00:00,5.946470470538983e-06,5.947352852904237e-06,5.942940941077965e-06,5.947352852904237e-06,485699275.65339005,2888.6249727107106,9.0
2026-09-26 03:11:00+00:00,5.9399991210562595e-06,5.9399991210562595e-06,5.93999868158439e-06,5.93999868158439e-06,744074928.0,4419.804091319999,22.0
2026-09-26 03:12:00+00:00,5.938887285130749e-06,5.938887285130749e-06,5.938887285130749e-06,5.938887285130749e-06,40946878.0,243.17889312,2.0
2026-09-26 03:13:00+00:00,5.93004817429325e-06,5.93004817429325e-06,5.92995182570675e-06,5.92995182570675e-06,86394625.0,512.31596425,16.0
2026-09-26 03:15:00+00:00,5.9384138502736965e-06,5.9384138502736965e-06,5.9384138502736965e-06,5.9384138502736965e-06,4337211.31815,25.756155763265795,2.0
2026-09-26 03:16:00+00:00,5.934e-06,5.934e-06,5.934e-06,5.934e-06,7593700.0,45.0610158,1.0
2026-09-26 03:18:00+00:00,5.939640519166994e-06,5.93969187357171e-06,5.920564898451866e-06,5.920564898451866e-06,447061336.82372,2646.855658253483,10.0
2026-09-26 03:19:00+00:00,5.931666666666667e-06,5.931666666666667e-06,5.931666666666667e-06,5.931666666666667e-06,12000000.0,71.18,2.0
2026-09-26 03:20:00+00:00,5.934e-06,5.934e-06,5.934e-06,5.934e-06,10100000.0,59.933400000000006,1.0
2026-09-26 03:21:00+00:00,5.94e-06,5.94e-06,5.94e-06,5.94e-06,1167361.0,6.934124339999999,1.0
2026-09-26 03:23:00+00:00,5.934355656948946e-06,5.9350611998303274e-06,5.934355656948946e-06,5.9350611998303274e-06,290286420.65475,1722.8676720656317,5.0
2026-09-26 03:24:00+00:00,5.936186943078185e-06,5.936186943078185e-06,5.936186943078185e-06,5.936186943078185e-06,15931994.0,94.57529475999999,2.0
2026-09-26 03:25:00+00:00,5.930619578389921e-06,5.930929367584881e-06,5.930619578389921e-06,5.930929367584881e-06,73537426.0,436.14527948,6.0
2026-09-26 03:26:00+00:00,5.94e-06,5.94e-06,5.94e-06,5.94e-06,627894179.6,3729.6914268240002,8.0
2026-09-26 03:27:00+00:00,5.946169708051693e-06,5.946169708051693e-06,5.945410158990292e-06,5.945410158990292e-06,35302077.722971,209.88533152761667,6.0
2026-09-26 03:28:00+00:00,5.954362703371387e-06,5.954362703371387e-06,5.954362703371387e-06,5.954362703371387e-06,11113412.0,66.17328592000001,3.0
2026-09-26 03:29:00+00:00,5.95e-06,5.95e-06,5.95e-06,5.95e-06,557373.0,3.31636935,2.0
2026-09-26 03:30:00+00:00,5.95e-06,5.95e-06,5.95e-06,5.95e-06,605263231.0,3601.31622445,7.0
2026-09-26 03:31:00+00:00,5.959077245445759e-06,5.959077245445759e-06,5.959077245445759e-06,5.959077245445759e-06,1846905.0,11.00584956,2.0
2026-09-26 03:32:00+00:00,5.95e-06,5.95e-06,5.95e-06,5.95e-06,37500000.0,223.125,1.0
2026-09-26 03:34:00+00:00,5.939973607818294e-06,5.9498439073292115e-06,5.939973607818294e-06,5.9498439073292115e-06,863176082.0,5135.76295244,11.0
2026-09-26 03:35:00+00:00,5.93e-06,5.93e-06,5.93e-06,5.93e-06,159508005.0,945.88246965,1.0
2026-09-26 03:36:00+00:00,5.950000000000001e-06,5.950000000000001e-06,5.950000000000001e-06,5.950000000000001e-06,292179120.0,1738.4657640000003,16.0
2026-09-26 03:37:00+00:00,5.944e-06,5.944e-06,5.944e-06,5.944e-06,7593700.0,45.1369528,1.0
2026-09-26 03:38:00+00:00,5.94e-06,5.94e-06,5.94e-06,5.94e-06,1346801.0,7.99999794,1.0
2026-09-26 03:39:00+00:00,5.943e-06,5.943e-06,5.943e-06,5.943e-06,1682315.32895,9.99799999994985,1.0
2026-09-26 03:40:00+00:00,5.94e-06,5.94e-06,5.94e-06,5.94e-06,132949949.0,789.72269706,3.0
2026-09-26 03:42:00+00:00,5.931e-06,5.933e-06,5.931e-06,5.933e-06,25938861.834119998,153.89526726183394,4.0
2026-09-26 03:43:00+00:00,5.93e-06,5.93e-06,5.93e-06,5.93e-06,431972632.0,2561.59770776,14.0
2026-09-26 03:44:00+00:00,5.928e-06,5.928e-06,5.928e-06,5.928e-06,6408319.0,37.988515032,1.0
2026-09-26 03:45:00+00:00,5.929868359377009e-06,5.929868359377009e-06,5.9297367187540175e-06,5.9297367187540175e-06,9484914.09131,56.2430433614683,7.0
2026-09-26 03:46:00+00:00,5.93e-06,5.93e-06,5.93e-06,5.93e-06,200000.0,1.186,1.0
2026-09-26 03:47:00+00:00,5.93e-06,5.93e-06,5.93e-06,5.93e-06,47023212.0,278.84764716,2.0
2026-09-26 03:49:00+00:00,5.9318486717798986e-06,5.932605312880404e-06,5.929999999999999e-06,5.9307566411005045e-06,27205632.877,161.34998786060999,8.0
2026-09-26 03:50:00+00:00,5.931960735096532e-06,5.931960735096532e-06,5.925980367548266e-06,5.925980367548266e-06,47393163.75858,280.85095798934503,4.0
2026-09-26 03:51:00+00:00,5.927e-06,5.927e-06,5.927e-06,5.927e-06,329205.33153,1.9511999999783103,1.0
2026-09-26 03:52:00+00:00,5.920066513283579e-06,5.920066513283579e-06,5.920066513283579e-06,5.920066513283579e-06,114168172.0,675.88317194,11.0
2026-09-26 03:53:00+00:00,5.929212417911303e-06,5.929212417911303e-06,5.929212417911303e-06,5.929212417911303e-06,58627895.0,347.61724307,4.0
2026-09-26 03:54:00+00:00,5.925082285283752e-06,5.925082285283752e-06,5.9211481135107535e-06,5.9211481135107535e-06,6076420.681811,35.97938685700293,12.0
2026-09-26 03:55:00+00:00,5.920043366997698e-06,5.920043366997698e-06,5.920043366997698e-06,5.920043366997698e-06,385194062.0,2280.36555175,9.0
2026-09-26 03:57:00+00:00,5.922795921686063e-06,5.922795921686063e-06,5.922795921686063e-06,5.922795921686063e-06,8147975.0,48.2587931,2.0
2026-09-26 03:58:00+00:00,5.92e-06,5.92e-06,5.92e-06,5.92e-06,274009532.393,1622.13643176656,7.0
2026-09-26 03:59:00+00:00,5.923e-06,5.923e-06,5.923e-06,5.923e-06,7593700.0,44.977485099999996,1.0
2026-09-26 04:00:00+00:00,5.920015916379765e-06,5.920015916379765e-06,5.920015916379765e-06,5.920015916379765e-06,58227437.0,344.70735381000003,10.0
2026-09-26 04:01:00+00:00,5.928047558318066e-06,5.928047558318066e-06,5.928047558318066e-06,5.928047558318066e-06,8500074.234000001,50.38884430838601,3.0
2026-09-26 04:02:00+00:00,5.93e-06,5.93e-06,5.93e-06,5.93e-06,114289903.0,677.73912479,3.0
2026-09-26 04:03:00+00:00,5.94e-06,5.94e-06,5.94e-06,5.94e-06,384274.0,2.28258756,1.0
2026-09-26 04:04:00+00:00,5.94e-06,5.95e-06,5.94e-06,5.94e-06,11974574.0,71.12896956,4.0
2026-09-26 04:05:00+00:00,5.932047088108396e-06,5.937017658040649e-06,5.931052974121945e-06,5.937017658040649e-06,95434540.76020001,566.5965536803075,7.0
2026-09-26 04:06:00+00:00,5.939976614695703e-06,5.939988307347852e-06,5.939976614695703e-06,5.939988307347852e-06,35595004.0,211.43390756000002,7.0
2026-09-26 04:07:00+00:00,5.946564567668198e-06,5.946564567668198e-06,5.946564567668198e-06,5.946564567668198e-06,2545792.03217,15.13871669515414,2.0
2026-09-26 04:08:00+00:00,5.9499648420477506e-06,5.952263733244222e-06,5.9499648420477506e-06,5.952263733244222e-06,1279938026.0,7618.52869296,11.0
2026-09-26 04:09:00+00:00,5.950013136024564e-06,5.96e-06,5.950013136024564e-06,5.950013136024564e-06,266243412.0,1584.15179878,4.0
2026-09-26 04:10:00+00:00,5.94e-06,5.94e-06,5.94e-06,5.94e-06,3238.0,0.01923372,1.0
2026-09-26 04:11:00+00:00,5.95e-06,5.95e-06,5.95e-06,5.95e-06,209973753.0,1249.34383035,1.0
2026-09-26 04:12:00+00:00,5.95e-06,5.95e-06,5.95e-06,5.95e-06,60000000.0,357.0,2.0
2026-09-26 04:14:00+00:00,5.9426612582391595e-06,5.9426612582391595e-06,5.9426612582391595e-06,5.9426612582391595e-06,22326813.14891,132.6806875199721,2.0
2026-09-26 04:15:00+00:00,5.941335043741645e-06,5.941335043741645e-06,5.941335043741645e-06,5.941335043741645e-06,111104075.0,660.1065343,4.0
2026-09-26 04:16:00+00:00,5.94074492091794e-06,5.94074492091794e-06,5.938194130097329e-06,5.938194130097329e-06,10193968.0,60.53376094000001,3.0
2026-09-26 04:17:00+00:00,5.939910746026056e-06,5.939910746026056e-06,5.930089253973945e-06,5.930089253973945e-06,36299205.67144,215.2575294799964,3.0
2026-09-26 04:18:00+00:00,5.9387238162919794e-06,5.9387238162919794e-06,5.9387238162919794e-06,5.9387238162919794e-06,105854039.0,628.6379024600001,4.0
2026-09-26 04:21:00+00:00,5.946e-06,5.946e-06,5.946e-06,5.946e-06,171943289.87979,1022.3748016252315,1.0
2026-09-26 04:22:00+00:00,5.935220014043854e-06,5.935220014043854e-06,5.930440028087708e-06,5.930440028087708e-06,3066282239.0,18184.40292758,17.0
2026-09-26 04:23:00+00:00,5.92e-06,5.92e-06,5.92e-06,5.92e-06,1959135.0,11.5980792,2.0
2026-09-26 04:24:00+00:00,5.91e-06,5.91e-06,5.91e-06,5.91e-06,37507160.0,221.6673156,6.0
2026-09-26 04:26:00+00:00,5.91e-06,5.91e-06,5.91e-06,5.91e-06,97428170.0,575.8004847,4.0
2026-09-26 04:28:00+00:00,5.9186709089519385e-06,5.9186709089519385e-06,5.9186709089519385e-06,5.9186709089519385e-06,3859555.0,22.8434359,2.0
2026-09-26 04:29:00+00:00,5.91e-06,5.91e-06,5.91e-06,5.91e-06,57832666.0,341.79105606,2.0
2026-09-26 04:30:00+00:00,5.904767587082204e-06,5.904767587082204e-06,5.904767587082204e-06,5.904767587082204e-06,1775697.34038,10.485080099943898,2.0
2026-09-26 04:31:00+00:00,5.9e-06,5.9e-06,5.9e-06,5.9e-06,41836994.0,246.8382646,9.0
2026-09-26 04:32:00+00:00,5.91e-06,5.91e-06,5.9e-06,5.91e-06,4690386.0,27.72018126,3.0
2026-09-26 04:33:00+00:00,5.903e-06,5.903e-06,5.903e-06,5.903e-06,1668167.96478,9.84719549609634,1.0
2026-09-26 04:34:00+00:00,5.91e-06,5.91e-06,5.91e-06,5.91e-06,17855550.0,105.5263005,2.0
2026-09-26 04:35:00+00:00,5.9e-06,5.9e-06,5.9e-06,5.9e-06,2000000.0,11.8,1.0
2026-09-26 04:36:00+00:00,5.9e-06,5.9e-06,5.9e-06,5.9e-06,135736788.0,800.8470492,6.0
2026-09-26 04:37:00+00:00,5.903e-06,5.903e-06,5.901e-06,5.901e-06,4666164.946459999,27.535039349060455,2.0
2026-09-26 04:38:00+00:00,5.901849966841926e-06,5.905683410702175e-06,5.901849966841926e-06,5.905683410702175e-06,5285646.728809999,31.21535620116543,3.0
2026-09-26 04:39:00+00:00,5.91e-06,5.91e-06,5.91e-06,5.91e-06,1676124.0,9.90589284,1.0
2026-09-26 04:40:00+00:00,5.905e-06,5.905e-06,5.905e-06,5.905e-06,5722366.946459999,33.7905768188463,2.0
2026-09-26 04:41:00+00:00,5.919535110259784e-06,5.919535110259784e-06,5.919535110259784e-06,5.919535110259784e-06,3603263.0,21.329641839999997,2.0
2026-09-26 04:45:00+00:00,5.9133759543114725e-06,5.9141278629344174e-06,5.9133759543114725e-06,5.9141278629344174e-06,7013472.638401,41.47857394669551,12.0
2026-09-26 04:46:00+00:00,5.912e-06,5.913e-06,5.91e-06,5.913e-06,128219563.85,758.16228104505,6.0
2026-09-26 04:47:00+00:00,5.913e-06,5.913e-06,5.913e-06,5.913e-06,7593700.0,44.9015481,1.0
2026-09-26 04:48:00+00:00,5.918549774666384e-06,5.918549774666384e-06,5.918549774666384e-06,5.918549774666384e-06,18980088.82189,112.33460041994502,3.0
2026-09-26 04:51:00+00:00,5.92e-06,5.920141507843428e-06,5.92e-06,5.920141507843428e-06,608612342.0,3603.07118806,4.0
2026-09-26 04:53:00+00:00,5.92e-06,5.92e-06,5.92e-06,5.92e-06,3741482.0,22.14957344,1.0
2026-09-26 04:55:00+00:00,5.92e-06,5.92e-06,5.92e-06,5.92e-06,397303043.0,2352.03401456,6.0
2026-09-26 04:56:00+00:00,5.922e-06,5.922e-06,5.922e-06,5.922e-06,16886187.09895,99.9999999999819,1.0
2026-09-26 04:57:00+00:00,5.92e-06,5.92e-06,5.92e-06,5.92e-06,33353178.0,197.45081376,1.0
2026-09-26 04:59:00+00:00,5.92e-06,5.92e-06,5.92e-06,5.92e-06,8352355.0,49.4459416,1.0
2026-09-26 05:00:00+00:00,5.918e-06,5.918e-06,5.918e-06,5.918e-06,208100.0,1.2315358,2.0
2026-09-26 05:01:00+00:00,5.9163421344991465e-06,5.919060192141637e-06,5.9163421344991465e-06,5.919060192141637e-06,18004180.162373997,106.56782609125408,10.0
2026-09-26 05:03:00+00:00,5.915e-06,5.916e-06,5.915e-06,5.916e-06,494637.927041,2.9262779763745557,2.0
2026-09-26 05:04:00+00:00,5.911692073742315e-06,5.911692073742315e-06,5.908291470640387e-06,5.908291470640387e-06,14450992.36894,85.38067495569751,5.0
2026-09-26 05:05:00+00:00,5.9077992903887095e-06,5.9077992903887095e-06,5.9077992903887095e-06,5.9077992903887095e-06,6341500.0,37.4643092,4.0
2026-09-26 05:06:00+00:00,5.907e-06,5.91e-06,5.907e-06,5.91e-06,373145.016917,2.20528704997947,3.0
2026-09-26 05:08:00+00:00,5.91e-06,5.91e-06,5.91e-06,5.91e-06,2503659.0,14.79662469,1.0
2026-09-26 05:09:00+00:00,5.91e-06,5.91e-06,5.91e-06,5.91e-06,343931.0,2.03263221,1.0
2026-09-26 05:11:00+00:00,5.913e-06,5.913e-06,5.913e-06,5.913e-06,7593700.0,44.9015481,1.0
2026-09-26 05:12:00+00:00,5.910653438849911e-06,5.910653438849911e-06,5.910653438849911e-06,5.910653438849911e-06,34863400.0,206.0654751,2.0
2026-09-26 05:13:00+00:00,5.9089532415072e-06,5.9089532415072e-06,5.901131565612986e-06,5.901131565612986e-06,85474504.43001601,504.3962961470945,25.0
2026-09-26 05:14:00+00:00,5.900117200292786e-06,5.900117200292786e-06,5.900117200292786e-06,5.900117200292786e-06,430552849.31969404,2540.312271906195,12.0
2026-09-26 05:15:00+00:00,5.9e-06,5.9e-06,5.9e-06,5.9e-06,2285749.0,13.4859191,4.0
2026-09-26 05:16:00+00:00,5.9e-06,5.9e-06,5.9e-06,5.9e-06,392442238.0,2315.4092042,18.0
2026-09-26 05:17:00+00:00,5.894606132794665e-06,5.894606132794665e-06,5.891010221324442e-06,5.891010221324442e-06,8309882.0,48.9535998,12.0
2026-09-26 05:18:00+00:00,5.889698474715174e-06,5.889698474715174e-06,5.886371169499778e-06,5.886371169499778e-06,28162970.91304,165.7777000299795,15.0
2026-09-26 05:19:00+00:00,5.889024793545276e-06,5.891810594649375e-06,5.888374655908794e-06,5.889860181739926e-06,890020284.662688,5242.0950355756,30.0
2026-09-26 05:20:00+00:00,5.89e-06,5.89e-06,5.89e-06,5.89e-06,208100.0,1.2257090000000002,2.0
2026-09-26 05:21:00+00:00,5.899996438533548e-06,5.899996438533548e-06,5.899996438533548e-06,5.899996438533548e-06,175292961.0,1034.2278456000001,6.0
2026-09-26 05:22:00+00:00,5.9e-06,5.9e-06,5.9e-06,5.9e-06,3275758.60315,19.326975758585,1.0
2026-09-26 05:23:00+00:00,5.9e-06,5.9e-06,5.9e-06,5.9e-06,708313351.0,4179.0487709,9.0
2026-09-26 05:24:00+00:00,5.909996280053802e-06,5.909996280053802e-06,5.909996280053802e-06,5.909996280053802e-06,167851890.0,992.0040455,5.0
2026-09-26 05:25:00+00:00,5.9e-06,5.9e-06,5.9e-06,5.9e-06,2115000.0,12.4785,1.0
2026-09-26 05:26:00+00:00,5.902891529137143e-06,5.903614411421429e-06,5.902891529137143e-06,5.903614411421429e-06,8369522.65582,49.4104345676171,3.0
2026-09-26 05:27:00+00:00,5.9e-06,5.9e-06,5.896257225028088e-06,5.896257225028088e-06,806288731.59225,4754.085759109537,13.0
2026-09-26 05:29:00+00:00,5.890000000000001e-06,5.890861343425273e-06,5.890000000000001e-06,5.890861343425273e-06,70528895.0,415.47594115000004,5.0
2026-09-26 05:30:00+00:00,5.890648190706312e-06,5.890648190706312e-06,5.890648190706312e-06,5.890648190706312e-06,25285624.34011,148.94871726994845,3.0
2026-09-26 05:31:00+00:00,5.8984617481550715e-06,5.8984617481550715e-06,5.8984617481550715e-06,5.8984617481550715e-06,2002923.0,11.814164700000001,2.0
2026-09-26 05:32:00+00:00,5.889e-06,5.889e-06,5.889e-06,5.889e-06,208100.0,1.2255009,2.0
2026-09-26 05:33:00+00:00,5.888e-06,5.888e-06,5.888e-06,5.888e-06,12976034.67384,76.40289215956992,1.0
2026-09-26 05:34:00+00:00,5.89e-06,5.89e-06,5.889e-06,5.889e-06,42795288.96929,252.02145674014884,2.0
2026-09-26 05:35:00+00:00,5.89e-06,5.89e-06,5.89e-06,5.89e-06,77733700.0,457.851493,2.0
2026-09-26 05:36:00+00:00,5.893e-06,5.893e-06,5.893e-06,5.893e-06,1867498.30278,11.00516749828254,1.0
2026-09-26 05:37:00+00:00,5.884742882261821e-06,5.891539285156772e-06,5.883819311167759e-06,5.891539285156772e-06,612070183.74943,3606.0355328328906,11.0
2026-09-26 05:38:00+00:00,5.900427618262855e-06,5.900427618262855e-06,5.900427618262855e-06,5.900427618262855e-06,973298.0,5.7428744,5.0
2026-09-26 05:40:00+00:00,5.91e-06,5.912024357167945e-06,5.91e-06,5.912024357167945e-06,484680404.0,2865.44235389,7.0
2026-09-26 05:42:00+00:00,5.913781732317004e-06,5.913781732317004e-06,5.908451788588723e-06,5.908451788588723e-06,23645626.0,139.709041232,4.0
2026-09-26 05:44:00+00:00,5.91e-06,5.91e-06,5.91e-06,5.91e-06,16878278.0,99.75062298,1.0
2026-09-26 05:46:00+00:00,5.906e-06,5.906e-06,5.905e-06,5.905e-06,12880407.425999999,76.05880585052999,3.0
2026-09-26 05:47:00+00:00,5.907e-06,5.907e-06,5.907e-06,5.907e-06,3866414.373,22.838909701311003,1.0
2026-09-26 05:51:00+00:00,5.903961750400843e-06,5.903961750400843e-06,5.8970166070490655e-06,5.8985083035245324e-06,1116554164.07125,6586.004008109161,20.0
2026-09-26 05:52:00+00:00,5.898e-06,5.899e-06,5.898e-06,5.899e-06,9724664.0,57.365792936,3.0
2026-09-26 05:54:00+00:00,5.898167544305272e-06,5.898167544305272e-06,5.898167544305272e-06,5.898167544305272e-06,4602366.56382,27.145529093718903,4.0
2026-09-26 05:55:00+00:00,5.89e-06,5.89e-06,5.89e-06,5.89e-06,474684.0,2.79588876,1.0
2026-09-26 05:58:00+00:00,5.89e-06,5.89e-06,5.89e-06,5.89e-06,320830.0,1.8896887000000002,1.0
2026-09-26 05:59:00+00:00,5.894567375644736e-06,5.897671732419172e-06,5.894567375644736e-06,5.897671732419172e-06,1091774.0145740001,6.438924743942878,10.0
2026-09-26 06:02:00+00:00,5.889906512951373e-06,5.889906512951373e-06,5.889906512951373e-06,5.889906512951373e-06,145726675.80455,858.3164969319723,5.0
2026-09-26 06:04:00+00:00,5.89e-06,5.89e-06,5.89e-06,5.89e-06,808518889.0,4762.17625621,12.0
2026-09-26 06:06:00+00:00,5.899406734612256e-06,5.899406734612256e-06,5.899406734612256e-06,5.899406734612256e-06,25090188.033,148.01722425456802,4.0
2026-09-26 06:07:00+00:00,5.900000000000001e-06,5.900006888880798e-06,5.900000000000001e-06,5.900006888880798e-06,60416200.0,356.4559962000001,6.0
2026-09-26 06:08:00+00:00,5.89011204144178e-06,5.89011204144178e-06,5.889775917116442e-06,5.889775917116442e-06,980063718.0,5772.355683516,13.0
2026-09-26 06:09:00+00:00,5.885e-06,5.885e-06,5.885e-06,5.885e-06,157230133.8196,925.299337528346,1.0
2026-09-26 06:10:00+00:00,5.900027513113851e-06,5.900027513113851e-06,5.890055026227701e-06,5.890055026227701e-06,610418366.0,3595.3977647600004,5.0
2026-09-26 06:12:00+00:00,5.907248232477311e-06,5.907248232477311e-06,5.907248232477311e-06,5.907248232477311e-06,993198.0,5.867067130000001,2.0
2026-09-26 06:16:00+00:00,5.894e-06,5.895e-06,5.894e-06,5.895e-06,338017690.09653,1992.6142831190446,4.0
2026-09-26 06:17:00+00:00,5.9e-06,5.9e-06,5.9e-06,5.9e-06,243557.0,1.4369863,1.0
2026-09-26 06:18:00+00:00,5.89e-06,5.89e-06,5.88e-06,5.88e-06,1113784515.0,6549.052948199999,19.0
2026-09-26 06:19:00+00:00,5.894e-06,5.894e-06,5.894e-06,5.894e-06,7593700.0,44.7572678,1.0
2026-09-26 06:22:00+00:00,5.9e-06,5.9e-06,5.9e-06,5.9e-06,160679445.0,948.0087255000001,1.0
2026-09-26 06:24:00+00:00,5.9e-06,5.9e-06,5.9e-06,5.9e-06,26845.0,0.1583855,1.0
2026-09-26 06:25:00+00:00,5.890091978687301e-06,5.890091978687301e-06,5.890091978687301e-06,5.890091978687301e-06,20130533.0,118.57069095000001,2.0
2026-09-26 06:26:00+00:00,5.89e-06,5.89e-06,5.89e-06,5.89e-06,208100.0,1.2257090000000002,2.0
2026-09-26 06:28:00+00:00,5.9e-06,5.9e-06,5.9e-06,5.9e-06,137325.0,0.8102175,1.0
2026-09-26 06:29:00+00:00,5.8997168892091e-06,5.8997168892091e-06,5.8997168892091e-06,5.8997168892091e-06,315071.0,1.8588297000000003,2.0
2026-09-26 06:30:00+00:00,5.9e-06,5.9e-06,5.9e-06,5.9e-06,42372881.35593,249.999999999987,1.0
2026-09-26 06:31:00+00:00,5.890380194212733e-06,5.890380194212733e-06,5.890316828510611e-06,5.890316828510611e-06,571110039.65155,3364.0190774908874,5.0
2026-09-26 06:32:00+00:00,5.899744429994134e-06,5.908390686908963e-06,5.899744429994134e-06,5.908390686908963e-06,1293588575.9759,7643.026694987835,17.0
2026-09-26 06:33:00+00:00,5.908769727620286e-06,5.9163091828608574e-06,5.908769727620286e-06,5.9163091828608574e-06,1852165990.1854398,10957.986655916691,25.0
2026-09-26 06:34:00+00:00,5.913391430127768e-06,5.913391430127768e-06,5.9108809954386074e-06,5.9108809954386074e-06,774227003.75234,4576.363682635082,12.0
2026-09-26 06:35:00+00:00,5.899e-06,5.899e-06,5.899e-06,5.899e-06,52173461.2,307.77124761880003,1.0
2026-09-26 06:36:00+00:00,5.89e-06,5.91e-06,5.89e-06,5.91e-06,226346328.0,1337.70679848,3.0
2026-09-26 06:37:00+00:00,5.91e-06,5.91e-06,5.91e-06,5.91e-06,838062.0,4.95294642,1.0
2026-09-26 06:38:00+00:00,5.9100008891550505e-06,5.9199964433797985e-06,5.9100008891550505e-06,5.9199964433797985e-06,4556171724.54953,26972.52040476082,8.0
2026-09-26 06:39:00+00:00,5.915984217108299e-06,5.91698158662635e-06,5.913989478072199e-06,5.913989478072199e-06,1050568318.76972,6213.049983200124,8.0
2026-09-26 06:40:00+00:00,5.91e-06,5.911790087615617e-06,5.91e-06,5.911790087615617e-06,565050077.4709799,3340.4574469993754,19.0
2026-09-26 06:41:00+00:00,5.910165153675052e-06,5.910165153675052e-06,5.910165153675052e-06,5.910165153675052e-06,91959201.0,543.49406531,4.0
2026-09-26 06:42:00+00:00,5.90767451948953e-06,5.910581370127618e-06,5.90767451948953e-06,5.910581370127618e-06,101845770.72192,601.9677150552692,6.0
2026-09-26 06:43:00+00:00,5.909991322378304e-06,5.909991322378304e-06,5.909991322378304e-06,5.909991322378304e-06,607604347.66987,3590.936422168262,5.0
2026-09-26 06:44:00+00:00,5.91e-06,5.91e-06,5.91e-06,5.91e-06,26585.0,0.15711735000000002,1.0
2026-09-26 06:46:00+00:00,5.907e-06,5.907e-06,5.907e-06,5.907e-06,931403.41967,5.50179999999069,1.0
2026-09-26 06:47:00+00:00,5.91e-06,5.91e-06,5.91e-06,5.91e-06,335042.30118,1.9800999999738,1.0
2026-09-26 06:48:00+00:00,5.91e-06,5.91337549455911e-06,5.91e-06,5.91337549455911e-06,371682821.0,2197.90008545,8.0
2026-09-26 06:49:00+00:00,5.91e-06,5.91e-06,5.91e-06,5.91e-06,913461134.0,5398.55530194,10.0
2026-09-26 06:51:00+00:00,5.900836208969284e-06,5.900836208969284e-06,5.900836208969284e-06,5.900836208969284e-06,17358093.026,102.42726384647801,2.0
2026-09-26 06:53:00+00:00,5.9e-06,5.9e-06,5.9e-06,5.9e-06,1121276904.0,6615.5337336,13.0
2026-09-26 06:54:00+00:00,5.904e-06,5.904e-06,5.904e-06,5.904e-06,7593700.0,44.8332048,1.0
2026-09-26 06:56:00+00:00,5.901e-06,5.901e-06,5.901e-06,5.901e-06,7593700.0,44.8104237,1.0
2026-09-26 06:57:00+00:00,5.899e-06,5.9e-06,5.899e-06,5.9e-06,84752945.77362001,500.0423800643581,2.0
2026-09-26 06:59:00+00:00,5.895950459217895e-06,5.895950459217895e-06,5.895950459217895e-06,5.895950459217895e-06,52481731.0,309.42968599000005,4.0
2026-09-26 07:02:00+00:00,5.91e-06,5.91e-06,5.91e-06,5.91e-06,838062.0,4.95294642,1.0
2026-09-26 07:03:00+00:00,5.898710748863336e-06,5.899355374431668e-06,5.898710748863336e-06,5.899355374431668e-06,951697280.0,5614.4004636,14.0
2026-09-26 07:04:00+00:00,5.910490567872971e-06,5.910490567872971e-06,5.904603753397319e-06,5.904603753397319e-06,524467271.475693,3096.7714196894276,33.0
2026-09-26 07:05:00+00:00,5.92e-06,5.92e-06,5.92e-06,5.92e-06,63132551.0,373.74470192,2.0
2026-09-26 07:06:00+00:00,5.918e-06,5.918e-06,5.918e-06,5.918e-06,585670.83474,3.4659999999913196,1.0
2026-09-26 07:07:00+00:00,5.92e-06,5.92e-06,5.92e-06,5.92e-06,1319209.0,7.80971728,2.0
2026-09-26 07:08:00+00:00,5.919999999999999e-06,5.919999999999999e-06,5.919999999999999e-06,5.919999999999999e-06,83607200.0,494.9546239999999,2.0
2026-09-26 07:09:00+00:00,5.91e-06,5.91e-06,5.91e-06,5.91e-06,3515794.0,20.77834254,2.0
2026-09-26 07:10:00+00:00,5.91e-06,5.91e-06,5.91e-06,5.91e-06,296897.0,1.75466127,1.0
2026-09-26 07:11:00+00:00,5.92e-06,5.92e-06,5.92e-06,5.92e-06,40467774.0,239.56922208,2.0
2026-09-26 07:12:00+00:00,5.918e-06,5.918e-06,5.916e-06,5.916e-06,11911086.596,70.46598830193601,4.0
2026-09-26 07:13:00+00:00,5.92e-06,5.92e-06,5.92e-06,5.92e-06,2282337.0,13.51143504,9.0
2026-09-26 07:14:00+00:00,5.919874306838501e-06,5.919874306838501e-06,5.919874306838501e-06,5.919874306838501e-06,66041144.203999996,390.955272767476,6.0
2026-09-26 07:15:00+00:00,5.915757854337391e-06,5.915757854337391e-06,5.915757854337391e-06,5.915757854337391e-06,4002252.155,23.676354620979996,3.0
2026-09-26 07:16:00+00:00,5.918e-06,5.918e-06,5.918e-06,5.918e-06,4582541.82862,27.11948254177316,1.0
2026-09-26 07:19:00+00:00,5.920574694660932e-06,5.920574694660932e-06,5.920574694660932e-06,5.920574694660932e-06,7724349.090840001,45.73258575995448,2.0
2026-09-26 07:20:00+00:00,5.9286921125989275e-06,5.928763920234519e-06,5.9286921125989275e-06,5.928763920234519e-06,5796041.0,34.363358761,6.0
2026-09-26 07:21:00+00:00,5.925e-06,5.925e-06,5.925e-06,5.925e-06,5173637.1308,30.653799999990003,1.0
2026-09-26 07:22:00+00:00,5.923986985242071e-06,5.923986985242071e-06,5.9229910132875035e-06,5.9229910132875035e-06,159506493.663939,944.7555285325108,5.0
2026-09-26 07:24:00+00:00,5.92e-06,5.92e-06,5.92e-06,5.92e-06,699748.0,4.14250816,1.0
2026-09-26 07:25:00+00:00,5.921e-06,5.921e-06,5.921e-06,5.921e-06,1082300.0,6.408298299999999,1.0
2026-09-26 07:26:00+00:00,5.922e-06,5.923e-06,5.922e-06,5.923e-06,297300.0,1.7609078999999999,3.0
2026-09-26 07:28:00+00:00,5.920563107960642e-06,5.920563107960642e-06,5.920125736196813e-06,5.920125736196813e-06,1896793101.75562,11229.253657944026,12.0
2026-09-26 07:29:00+00:00,5.92e-06,5.92e-06,5.92e-06,5.92e-06,187426690.0,1109.5660048,4.0
2026-09-26 07:30:00+00:00,5.930010846992246e-06,5.930010846992246e-06,5.930010846992246e-06,5.930010846992246e-06,2123506463.62919,12592.416362979242,20.0
2026-09-26 07:31:00+00:00,5.93e-06,5.93e-06,5.93e-06,5.93e-06,8468546.0,50.21847778,2.0
2026-09-26 07:33:00+00:00,5.93e-06,5.93e-06,5.93e-06,5.93e-06,159273114.0,944.48956602,2.0
2026-09-26 07:35:00+00:00,5.924e-06,5.924e-06,5.922e-06,5.922e-06,68884670.0,407.93501574000004,5.0
2026-09-26 07:36:00+00:00,5.922e-06,5.922e-06,5.922e-06,5.922e-06,7593700.0,44.9698914,1.0
2026-09-26 07:37:00+00:00,5.926002251125826e-06,5.926002251125826e-06,5.926002251125826e-06,5.926002251125826e-06,9497470.0,56.282028600000004,2.0
2026-09-26 07:38:00+00:00,5.924e-06,5.929e-06,5.923e-06,5.929e-06,258535528.30156,1532.8571472999495,4.0
2026-09-26 07:39:00+00:00,5.92e-06,5.92e-06,5.92e-06,5.92e-06,126689189.0,749.99999888,2.0
2026-09-26 07:40:00+00:00,5.922534152458088e-06,5.922534152458088e-06,5.922534152458088e-06,5.922534152458088e-06,11914750.0,70.56551379300001,2.0
2026-09-26 07:41:00+00:00,5.94e-06,5.94e-06,5.94e-06,5.94e-06,1632616289.0,9697.74075666,12.0
2026-09-26 07:42:00+00:00,5.95e-06,5.95e-06,5.94e-06,5.94e-06,26648561.0,158.29245233999998,2.0
2026-09-26 07:43:00+00:00,5.9408298069256595e-06,5.9408298069256595e-06,5.94e-06,5.94e-06,176794503.04662,1050.159348096923,5.0
2026-09-26 07:46:00+00:00,5.938405402025509e-06,5.938724321620407e-06,5.937767562835712e-06,5.937767562835712e-06,37037280.49,219.91876270916998,5.0
2026-09-26 07:47:00+00:00,5.939926391654168e-06,5.939970556661668e-06,5.939926391654168e-06,5.939970556661668e-06,316500013.48974,1880.0007613120763,6.0
2026-09-26 07:48:00+00:00,5.939726783664244e-06,5.939726783664244e-06,5.939726783664244e-06,5.939726783664244e-06,20954170.27,124.46204638218,2.0
2026-09-26 07:49:00+00:00,5.93e-06,5.93e-06,5.93e-06,5.93e-06,1690425.0,10.02422025,1.0
2026-09-26 07:51:00+00:00,5.94e-06,5.94e-06,5.94e-06,5.94e-06,6361446.0,37.78698924,1.0
2026-09-26 07:52:00+00:00,5.94e-06,5.94e-06,5.94e-06,5.94e-06,262952.0,1.56193488,1.0
2026-09-26 07:53:00+00:00,5.930162974223999e-06,5.930162974223999e-06,5.930162974223999e-06,5.930162974223999e-06,710884787.61415,4215.662646448523,8.0
2026-09-26 07:55:00+00:00,5.9291673480508445e-06,5.93e-06,5.9291673480508445e-06,5.93e-06,536309288.01982,3180.3140779575324,10.0
2026-09-26 07:59:00+00:00,5.931e-06,5.931e-06,5.931e-06,5.931e-06,435744.39386,2.5843999999836598,1.0
2026-09-26 08:00:00+00:00,5.929616328761295e-06,5.929616328761295e-06,5.929616328761295e-06,5.929616328761295e-06,4227121.46415,25.065208457481198,2.0
2026-09-26 08:01:00+00:00,5.9249075887733206e-06,5.9249075887733206e-06,5.919999999999999e-06,5.919999999999999e-06,762459298.1923101,4513.759045298475,8.0
2026-09-26 08:02:00+00:00,5.919611775355505e-06,5.919611775355505e-06,5.919611775355505e-06,5.919611775355505e-06,82797075.27884,490.12654178561746,2.0
2026-09-26 08:03:00+00:00,5.910874656223765e-06,5.910874656223765e-06,5.910874656223765e-06,5.910874656223765e-06,985076.75913,5.822665249976559,2.0
2026-09-26 08:04:00+00:00,5.909994100401951e-06,5.909996066934635e-06,5.909994100401951e-06,5.909996066934635e-06,151179791.0,893.4719702100001,8.0
2026-09-26 08:05:00+00:00,5.91e-06,5.91e-06,5.91e-06,5.91e-06,323491.0,1.91183181,1.0
2026-09-26 08:07:00+00:00,5.908e-06,5.908e-06,5.908e-06,5.908e-06,56718029.45657,335.0901180294156,1.0
2026-09-26 08:08:00+00:00,5.9e-06,5.9e-06,5.9e-06,5.9e-06,2585660.0,15.255394,1.0
2026-09-26 08:09:00+00:00,5.908191071726339e-06,5.908191071726339e-06,5.908191071726339e-06,5.908191071726339e-06,12593700.0,74.40598589999999,3.0
2026-09-26 08:11:00+00:00,5.909990878876994e-06,5.909990878876994e-06,5.909990878876994e-06,5.909990878876994e-06,170905425.40778,1010.0495053105722,7.0
2026-09-26 08:12:00+00:00,5.909994598087736e-06,5.909994598087736e-06,5.909994598087736e-06,5.909994598087736e-06,82563355.0,487.94898205000004,4.0
2026-09-26 08:13:00+00:00,5.909956144131864e-06,5.909956144131864e-06,5.909956144131864e-06,5.909956144131864e-06,83440376.38128,493.128965063221,3.0
2026-09-26 08:14:00+00:00,5.91e-06,5.91e-06,5.91e-06,5.91e-06,4112197.0,24.30308427,2.0
2026-09-26 08:16:00+00:00,5.899999999999999e-06,5.899999999999999e-06,5.899999999999999e-06,5.899999999999999e-06,256398183.0,1512.7492796999998,7.0
2026-09-26 08:17:00+00:00,5.895e-06,5.895e-06,5.895e-06,5.895e-06,172824.42748,1.0187999999946,1.0
2026-09-26 08:18:00+00:00,5.889e-06,5.889e-06,5.889e-06,5.889e-06,89200.0,0.5252988,1.0
2026-09-26 08:20:00+00:00,5.897e-06,5.897e-06,5.893e-06,5.893e-06,203783878.87862998,1200.8983982317666,5.0
2026-09-26 08:21:00+00:00,5.8899999999999995e-06,5.8970372742593445e-06,5.8899999999999995e-06,5.8900023163813544e-06,385040225.82349,2267.887822000356,16.0
2026-09-26 08:23:00+00:00,5.9e-06,5.9e-06,5.9e-06,5.9e-06,839087.0,4.9506133000000005,1.0
2026-09-26 08:24:00+00:00,5.892e-06,5.892e-06,5.892e-06,5.892e-06,7593700.0,44.7420804,1.0
2026-09-26 08:25:00+00:00,5.890976779601452e-06,5.890976779601452e-06,5.890976779601452e-06,5.890976779601452e-06,7682900.0,45.2597855,2.0
2026-09-26 08:26:00+00:00,5.8880604651779e-06,5.8919395348221004e-06,5.8880604651779e-06,5.888706976785267e-06,879352246.0083001,5178.247706120871,21.0
2026-09-26 08:27:00+00:00,5.89e-06,5.89e-06,5.89e-06,5.89e-06,30000000.0,176.70000000000002,1.0
2026-09-26 08:28:00+00:00,5.9e-06,5.9e-06,5.9e-06,5.9e-06,5502793.0,32.4664787,1.0
2026-09-26 08:29:00+00:00,5.9e-06,5.9e-06,5.9e-06,5.9e-06,3941494.0,23.2548146,1.0
2026-09-26 08:30:00+00:00,5.9e-06,5.9e-06,5.8999984016204735e-06,5.8999984016204735e-06,204582200.0,1207.034653,8.0
2026-09-26 08:31:00+00:00,5.907e-06,5.907e-06,5.906e-06,5.906e-06,9500424.0,56.109504144,2.0
2026-09-26 08:32:00+00:00,5.909057468025265e-06,5.909624256536535e-06,5.903402276176852e-06,5.903969064688123e-06,1061948130.6180999,6269.708911472644,19.0
2026-09-26 08:33:00+00:00,5.915910850658745e-06,5.915910850658745e-06,5.915910850658745e-06,5.915910850658745e-06,14352725.23597,84.90944295999851,2.0
2026-09-26 08:34:00+00:00,5.913017759567276e-06,5.9209974629189605e-06,5.912020296648316e-06,5.91900253708104e-06,74889212.07099,443.26943624818983,9.0
2026-09-26 08:37:00+00:00,5.922506666341644e-06,5.922506666341644e-06,5.922506666341644e-06,5.922506666341644e-06,195870493.08331,1160.0443010255283,2.0
2026-09-26 08:38:00+00:00,5.93e-06,5.93e-06,5.93e-06,5.93e-06,6681884.0,39.62357212,1.0
2026-09-26 08:39:00+00:00,5.92e-06,5.92e-06,5.92e-06,5.92e-06,290540.0,1.7199968,1.0
2026-09-26 08:40:00+00:00,5.9205463436872465e-06,5.9205463436872465e-06,5.917814625251012e-06,5.917814625251012e-06,730122076.3137801,4320.727101428323,7.0
2026-09-26 08:41:00+00:00,5.918940509614875e-06,5.918940509614875e-06,5.918940509614875e-06,5.918940509614875e-06,79744001.3518,471.99999999995237,2.0
2026-09-26 08:42:00+00:00,5.919e-06,5.919e-06,5.918e-06,5.918e-06,327000.0,1.935186,3.0
2026-09-26 08:44:00+00:00,5.917e-06,5.917e-06,5.917e-06,5.917e-06,7593700.0,44.9319229,1.0
2026-09-26 08:46:00+00:00,5.91e-06,5.91e-06,5.91e-06,5.91e-06,383550500.0,2266.7834550000002,3.0
2026-09-26 08:47:00+00:00,5.91e-06,5.91e-06,5.91e-06,5.91e-06,43855128.0,259.18380648,2.0
2026-09-26 08:48:00+00:00,5.90868513652428e-06,5.90868513652428e-06,5.90868513652428e-06,5.90868513652428e-06,14929101.374,88.211359390218,3.0
2026-09-26 08:49:00+00:00,5.907e-06,5.907e-06,5.907e-06,5.907e-06,7350427.61,43.418975892270005,1.0
2026-09-26 08:50:00+00:00,5.9065006637440495e-06,5.907375497808037e-06,5.9065006637440495e-06,5.907375497808037e-06,15091070.783130001,89.14862177994891,3.0
2026-09-26 08:56:00+00:00,5.900000000000001e-06,5.900000000000001e-06,5.900000000000001e-06,5.900000000000001e-06,199523275.0,1177.1873225000002,5.0
2026-09-26 08:57:00+00:00,5.8900912331749636e-06,5.8900912331749636e-06,5.8900912331749636e-06,5.8900912331749636e-06,395172173.0,2327.600151782,6.0
2026-09-26 08:58:00+00:00,5.8999181156231924e-06,5.8999181156231924e-06,5.8999181156231924e-06,5.8999181156231924e-06,6904311.75512,40.73487399994264,2.0
2026-09-26 08:59:00+00:00,5.8945451394953275e-06,5.8945451394953275e-06,5.8945451394953275e-06,5.8945451394953275e-06,8353649.0,49.24096111,2.0
2026-09-26 09:00:00+00:00,5.9e-06,5.9e-06,5.9e-06,5.9e-06,76445022.0,451.02562980000005,6.0
2026-09-26 09:01:00+00:00,5.897030234750737e-06,5.897030234750737e-06,5.897030234750737e-06,5.897030234750737e-06,4994418.552,29.452237206143998,2.0
2026-09-26 09:02:00+00:00,5.9e-06,5.9e-06,5.9e-06,5.9e-06,21246050.0,125.351695,2.0
2026-09-26 09:03:00+00:00,5.890000000000001e-06,5.890000000000001e-06,5.890000000000001e-06,5.890000000000001e-06,580875331.0,3421.3556995900008,10.0
2026-09-26 09:04:00+00:00,5.89e-06,5.89e-06,5.89e-06,5.89e-06,28146995.0,165.78580055,6.0
2026-09-26 09:05:00+00:00,5.89e-06,5.89e-06,5.89e-06,5.89e-06,716776.0,4.22181064,1.0
2026-09-26 09:06:00+00:00,5.899e-06,5.899e-06,5.899e-06,5.899e-06,2184924.5379,12.8888698490721,1.0
2026-09-26 09:07:00+00:00,5.892933119124448e-06,5.893200642626653e-06,5.890133761751102e-06,5.890401285253307e-06,12632610.145657001,74.41114303808196,12.0
2026-09-26 09:08:00+00:00,5.89e-06,5.89e-06,5.89e-06,5.89e-06,21414.0,0.12612846,1.0
2026-09-26 09:10:00+00:00,5.889971005217464e-06,5.889971005217464e-06,5.879998212268003e-06,5.879998212268003e-06,3549077834.0,20868.571319119997,24.0
2026-09-26 09:11:00+00:00,5.89e-06,5.89e-06,5.89e-06,5.89e-06,1270756.0,7.4847528400000005,1.0
2026-09-26 09:12:00+00:00,5.872608092050036e-06,5.872608092050036e-06,5.872608092050036e-06,5.872608092050036e-06,463960988.84080005,2724.661057462019,5.0
2026-09-26 09:13:00+00:00,5.868295134068087e-06,5.868295134068087e-06,5.8591718254883834e-06,5.8591718254883834e-06,950748878.368377,5570.601041250677,17.0
2026-09-26 09:14:00+00:00,5.853397163372063e-06,5.8612391851143215e-06,5.853397163372063e-06,5.8612391851143215e-06,903822988.4255741,5297.522716167103,26.0
2026-09-26 09:15:00+00:00,5.865178629569321e-06,5.865178629569321e-06,5.865178629569321e-06,5.865178629569321e-06,8753310.02557,51.33972689996805,3.0
2026-09-26 09:16:00+00:00,5.86e-06,5.86e-06,5.86e-06,5.86e-06,16211604.0,94.99999944,1.0
2026-09-26 09:17:00+00:00,5.860000000000001e-06,5.860000000000001e-06,5.860000000000001e-06,5.860000000000001e-06,82984114.1,486.286908626,6.0
2026-09-26 09:18:00+00:00,5.85e-06,5.86e-06,5.85e-06,5.86e-06,187618187.0,1099.44257582,2.0
2026-09-26 09:19:00+00:00,5.860002492519672e-06,5.860002492519672e-06,5.860002492519672e-06,5.860002492519672e-06,8006284.970464,46.91684988274182,2.0
2026-09-26 09:20:00+00:00,5.868323867728925e-06,5.868323867728925e-06,5.843214174329275e-06,5.843214174329275e-06,2429368872.69588,14195.322631610898,36.0
2026-09-26 09:21:00+00:00,5.856014457049065e-06,5.856061636970267e-06,5.854053138854398e-06,5.8540845921352e-06,467709556.052,2738.0113056784076,17.0
2026-09-26 09:22:00+00:00,5.86e-06,5.86e-06,5.86e-06,5.86e-06,3756260000.0,22011.6836,6.0
2026-09-26 09:26:00+00:00,5.86e-06,5.86e-06,5.86e-06,5.86e-06,8085112.0,47.37875632,2.0
2026-09-26 09:28:00+00:00,5.859999999999999e-06,5.859999999999999e-06,5.859999999999999e-06,5.859999999999999e-06,12302204.0,72.09091543999999,3.0
2026-09-26 09:29:00+00:00,5.85e-06,5.85e-06,5.85e-06,5.85e-06,85470.0,0.4999995,1.0
2026-09-26 09:30:00+00:00,5.8596578635202274e-06,5.8596578635202274e-06,5.850228090986515e-06,5.850228090986515e-06,80583934.266,471.43439592516404,3.0
2026-09-26 09:31:00+00:00,5.849430277683454e-06,5.849430277683454e-06,5.849430277683454e-06,5.849430277683454e-06,13328774.0,77.9657342,4.0
2026-09-26 09:32:00+00:00,5.86e-06,5.86e-06,5.86e-06,5.86e-06,57153006.0,334.91661516,4.0
2026-09-26 09:33:00+00:00,5.865108699187866e-06,5.866086959350293e-06,5.865108699187866e-06,5.866086959350293e-06,15524909.0,91.07046623000001,3.0
2026-09-26 09:34:00+00:00,5.8699573640100454e-06,5.8699573640100454e-06,5.8699573640100454e-06,5.8699573640100454e-06,84049466.73985,493.3667862306999,3.0
2026-09-26 09:35:00+00:00,5.87e-06,5.87e-06,5.87e-06,5.87e-06,160679445.0,943.1883421499999,2.0
2026-09-26 09:36:00+00:00,5.88e-06,5.88e-06,5.88e-06,5.88e-06,80000000.0,470.4,1.0
2026-09-26 09:39:00+00:00,5.8700000000000005e-06,5.8700000000000005e-06,5.8700000000000005e-06,5.8700000000000005e-06,302363084.9,1774.871308363,10.0
2026-09-26 09:40:00+00:00,5.87e-06,5.87e-06,5.865e-06,5.865e-06,802704932.07672,4707.8644266299625,16.0
2026-09-26 09:41:00+00:00,5.87e-06,5.87e-06,5.87e-06,5.87e-06,73325837.0,430.42266319,1.0
2026-09-26 09:42:00+00:00,5.87e-06,5.88e-06,5.87e-06,5.88e-06,250244471.0,1471.4374894799998,3.0
2026-09-26 09:43:00+00:00,5.869e-06,5.869e-06,5.869e-06,5.869e-06,713400.0,4.1869446,1.0
2026-09-26 09:44:00+00:00,5.8701735017370775e-06,5.870520505211233e-06,5.8701735017370775e-06,5.870520505211233e-06,95735228.432569,562.0156215844778,9.0
2026-09-26 09:45:00+00:00,5.869e-06,5.873e-06,5.869e-06,5.873e-06,99850499.72752,586.421984899725,3.0
2026-09-26 09:46:00+00:00,5.879545997785115e-06,5.879545997785115e-06,5.879545997785115e-06,5.879545997785115e-06,95025702.63839,558.7079896342644,5.0
2026-09-26 09:47:00+00:00,5.873e-06,5.873e-06,5.873e-06,5.873e-06,2057125.83006,12.08149999994238,1.0
2026-09-26 09:48:00+00:00,5.870274545702556e-06,5.870274545702556e-06,5.87e-06,5.87e-06,289437603.08517003,1698.998730109948,5.0
2026-09-26 09:49:00+00:00,5.871e-06,5.871e-06,5.871e-06,5.871e-06,1034236.07562,6.07199999996502,1.0
2026-09-26 09:51:00+00:00,5.87e-06,5.87e-06,5.860148089178417e-06,5.860148089178417e-06,11369298.0,66.62576994999999,3.0
2026-09-26 09:53:00+00:00,5.87e-06,5.87e-06,5.87e-06,5.87e-06,14693244.0,86.24934228,1.0
2026-09-26 09:54:00+00:00,5.877501961934547e-06,5.877501961934547e-06,5.877501961934547e-06,5.877501961934547e-06,4415165.14529,25.95014180370701,2.0
2026-09-26 09:55:00+00:00,5.87e-06,5.87e-06,5.87e-06,5.87e-06,693027.0,4.06806849,1.0
2026-09-26 09:56:00+00:00,5.88e-06,5.88e-06,5.88e-06,5.88e-06,168367.0,0.98999796,1.0
2026-09-26 09:57:00+00:00,5.88e-06,5.88e-06,5.88e-06,5.88e-06,14702950.0,86.453346,1.0
2026-09-26 09:58:00+00:00,5.87e-06,5.87e-06,5.87e-06,5.87e-06,5110732.0,29.999996839999998,1.0
2026-09-26 10:01:00+00:00,5.879999999999999e-06,5.8804494014428445e-06,5.879999999999999e-06,5.8804494014428445e-06,28780891.369235,169.2445754252095,10.0
2026-09-26 10:02:00+00:00,5.8884008397712265e-06,5.889200419885614e-06,5.8884008397712265e-06,5.888800629828419e-06,116739468.98045,687.4554584579092,6.0
2026-09-26 10:03:00+00:00,5.89e-06,5.89e-06,5.89e-06,5.89e-06,64462795.0,379.68586255,5.0
2026-09-26 10:04:00+00:00,5.898358622284931e-06,5.898358622284931e-06,5.898358622284931e-06,5.898358622284931e-06,179218712.0,1057.0962352,6.0
2026-09-26 10:05:00+00:00,5.901e-06,5.901e-06,5.901e-06,5.901e-06,1694628.02914,9.99999999995514,1.0
2026-09-26 10:06:00+00:00,5.91e-06,5.91e-06,5.91e-06,5.91e-06,33665178.0,198.96120198,1.0
2026-09-26 10:07:00+00:00,5.91e-06,5.91e-06,5.91e-06,5.91e-06,3001635.0,17.739662850000002,1.0
2026-09-26 10:09:00+00:00,5.902e-06,5.903e-06,5.902e-06,5.903e-06,158386069.87004,934.9529704428461,2.0
2026-09-26 10:10:00+00:00,5.903965740120265e-06,5.903982870060132e-06,5.903965740120265e-06,5.903982870060132e-06,19292392.782487,113.90195651027499,5.0
2026-09-26 10:11:00+00:00,5.909999999999999e-06,5.910934953656619e-06,5.909999999999999e-06,5.910934953656619e-06,432213592.26354,2554.786429956049,11.0
2026-09-26 10:12:00+00:00,5.92e-06,5.92e-06,5.92e-06,5.92e-06,1689.0,0.00999888,1.0
2026-09-26 10:13:00+00:00,5.909870561824952e-06,5.910000000000001e-06,5.909870561824952e-06,5.910000000000001e-06,35967685.58253,212.56902179275232,6.0
2026-09-26 10:14:00+00:00,5.91e-06,5.91e-06,5.91e-06,5.91e-06,76029688.0,449.33545608000003,2.0
2026-09-26 10:15:00+00:00,5.91e-06,5.91e-06,5.91e-06,5.91e-06,73125000.0,432.16875,3.0
2026-09-26 10:16:00+00:00,5.910122200991387e-06,5.910122200991387e-06,5.910122200991387e-06,5.910122200991387e-06,18055500.0,106.71021139999999,2.0
2026-09-26 10:17:00+00:00,5.911003379599379e-06,5.911003379599379e-06,5.911003379599379e-06,5.911003379599379e-06,5171323.0,30.56770773,2.0
2026-09-26 10:19:00+00:00,5.919803357944892e-06,5.919803357944892e-06,5.919803357944892e-06,5.919803357944892e-06,117032951.0,692.81205632,8.0
2026-09-26 10:20:00+00:00,5.925e-06,5.925e-06,5.925e-06,5.925e-06,337125177.0,1997.466673725,1.0
2026-09-26 10:21:00+00:00,5.93e-06,5.93e-06,5.93e-06,5.93e-06,21052941.0,124.84394013,1.0
2026-09-26 10:22:00+00:00,5.92990954333413e-06,5.92990954333413e-06,5.92990954333413e-06,5.92990954333413e-06,73405703.164,435.289179727356,7.0
2026-09-26 10:23:00+00:00,5.92e-06,5.93e-06,5.92e-06,5.93e-06,76245108.0,452.13349044,4.0
2026-09-26 10:24:00+00:00,5.930360659412269e-06,5.930480879216359e-06,5.930360659412269e-06,5.930480879216359e-06,3461992.0,20.53127736,5.0
2026-09-26 10:25:00+00:00,5.94e-06,5.94e-06,5.94e-06,5.94e-06,1865779.0,11.08272726,2.0
2026-09-26 10:26:00+00:00,5.930552197835775e-06,5.930552197835775e-06,5.930552197835775e-06,5.930552197835775e-06,8459687.90771,50.170620714074275,2.0
2026-09-26 10:28:00+00:00,5.93e-06,5.93e-06,5.93e-06,5.93e-06,2927443.0,17.35973699,1.0
2026-09-26 10:31:00+00:00,5.94e-06,5.94e-06,5.94e-06,5.94e-06,1667658.0,9.90588852,1.0
2026-09-26 10:32:00+00:00,5.93e-06,5.93e-06,5.93e-06,5.93e-06,468915.0,2.78066595,1.0
2026-09-26 10:33:00+00:00,5.94e-06,5.94e-06,5.94e-06,5.94e-06,76424138.0,453.95937972,2.0
2026-09-26 10:34:00+00:00,5.938e-06,5.939e-06,5.935e-06,5.936e-06,54676290.73042,324.5584617757731,8.0
2026-09-26 10:36:00+00:00,5.94e-06,5.94e-06,5.94e-06,5.94e-06,17220667.0,102.29076198,2.0
2026-09-26 10:37:00+00:00,5.94e-06,5.94e-06,5.94e-06,5.94e-06,172811918.0,1026.50279292,7.0
2026-09-26 10:38:00+00:00,5.93e-06,5.93e-06,5.93e-06,5.93e-06,337509.0,2.00142837,1.0
2026-09-26 10:42:00+00:00,5.937712878743335e-06,5.937712878743335e-06,5.937712878743335e-06,5.937712878743335e-06,229734868.0,1364.0996844200001,5.0
2026-09-26 10:43:00+00:00,5.9280835859922314e-06,5.928722390661487e-06,5.9280835859922314e-06,5.928722390661487e-06,25747841.149690002,152.6518023353623,5.0
2026-09-26 10:44:00+00:00,5.928084588970917e-06,5.9293586676615484e-06,5.9274475496256005e-06,5.9293586676615484e-06,83088881.97878,492.66378254718666,8.0
2026-09-26 10:45:00+00:00,5.928311693993005e-06,5.930485513106087e-06,5.928311693993005e-06,5.930485513106087e-06,471878198.81220996,2798.4668220064054,20.0
2026-09-26 10:47:00+00:00,5.92e-06,5.92e-06,5.92e-06,5.92e-06,699635.0,4.1418392,1.0
2026-09-26 10:50:00+00:00,5.937e-06,5.937e-06,5.937e-06,5.937e-06,186005075.50854,1104.312133294202,4.0
2026-09-26 10:51:00+00:00,5.93e-06,5.93e-06,5.93e-06,5.93e-06,12155985.0,72.08499105,1.0
2026-09-26 10:52:00+00:00,5.94e-06,5.94e-06,5.94e-06,5.94e-06,206554.0,1.22693076,1.0
2026-09-26 10:53:00+00:00,5.93997392282319e-06,5.949435579310479e-06,5.939696351078577e-06,5.949158007565866e-06,181189623.85742,1077.9257016592173,6.0
2026-09-26 10:54:00+00:00,5.939291750538366e-06,5.939291750538366e-06,5.932927350965383e-06,5.932927350965383e-06,116834081.75007999,693.168119139975,6.0
2026-09-26 10:58:00+00:00,5.94557971447068e-06,5.947347828682408e-06,5.94557971447068e-06,5.947347828682408e-06,50221094.12903,298.6823151223414,5.0
2026-09-26 10:59:00+00:00,5.95e-06,5.95e-06,5.95e-06,5.95e-06,95065486.0,565.6396417,3.0
2026-09-26 11:00:00+00:00,5.949929700273053e-06,5.95964459063053e-06,5.940285109642522e-06,5.95964459063053e-06,836160010.2,4983.2164816899995,21.0
2026-09-26 11:01:00+00:00,5.950000000000001e-06,5.950000000000001e-06,5.949827937762967e-06,5.949827937762967e-06,1503891319.72745,8947.894589473599,24.0
2026-09-26 11:04:00+00:00,5.9499990089724485e-06,5.9499990089724485e-06,5.9499990089724485e-06,5.9499990089724485e-06,1679872570.0,9995.2401267,10.0
2026-09-26 11:05:00+00:00,5.95e-06,5.95e-06,5.95e-06,5.95e-06,28348373.0,168.67281935,1.0
2026-09-26 11:06:00+00:00,5.946e-06,5.946e-06,5.946e-06,5.946e-06,924936.94299,5.4996750630185405,1.0
2026-09-26 11:07:00+00:00,5.95e-06,5.95e-06,5.95e-06,5.95e-06,630024.0,3.7486428,1.0
2026-09-26 11:08:00+00:00,5.946033970764821e-06,5.946033970764821e-06,5.946033970764821e-06,5.946033970764821e-06,145071800.0,862.601851,4.0
2026-09-26 11:10:00+00:00,5.9499948218038634e-06,5.950000000000001e-06,5.9499948218038634e-06,5.950000000000001e-06,80375480.0,478.23410600000005,7.0
2026-09-26 11:11:00+00:00,5.9489083235737316e-06,5.9489083235737316e-06,5.9489083235737316e-06,5.9489083235737316e-06,762497.0,4.536024749999999,3.0
2026-09-26 11:18:00+00:00,5.949946758531916e-06,5.949946758531916e-06,5.9400532414680825e-06,5.9400532414680825e-06,431636456.72684,2563.9435339160636,9.0
2026-09-26 11:19:00+00:00,5.946033333460769e-06,5.946033333460769e-06,5.946033333460769e-06,5.946033333460769e-06,3793545.497,22.556547977162,2.0
2026-09-26 11:22:00+00:00,5.94e-06,5.95e-06,5.94e-06,5.95e-06,1152710.0,6.8586244999999995,2.0
2026-09-26 11:25:00+00:00,5.95e-06,5.95e-06,5.95e-06,5.95e-06,787531.0,4.68580945,1.0
2026-09-26 11:26:00+00:00,5.940017566114389e-06,5.940017566114389e-06,5.940014052891511e-06,5.940014052891511e-06,248565847.22107,1476.48462556204,6.0
2026-09-26 11:27:00+00:00,5.943897905966996e-06,5.943897905966996e-06,5.943897905966996e-06,5.943897905966996e-06,5776204.374,34.333169083056,2.0
2026-09-26 11:29:00+00:00,5.95e-06,5.95e-06,5.95e-06,5.95e-06,30893518.0,183.8164321,1.0
2026-09-26 11:31:00+00:00,5.94e-06,5.94e-06,5.94e-06,5.94e-06,295387556.0,1754.60208264,4.0
2026-09-26 11:32:00+00:00,5.94e-06,5.94e-06,5.94e-06,5.94e-06,166666.0,0.98999604,1.0
2026-09-26 11:33:00+00:00,5.938754633384706e-06,5.9399903299854016e-06,5.938342734517808e-06,5.9399903299854016e-06,656152060.0458,3897.536891672052,14.0
2026-09-26 11:34:00+00:00,5.931989919553269e-06,5.931989919553269e-06,5.93165826629439e-06,5.93165826629439e-06,49453784.938820004,293.3429522318967,4.0
2026-09-26 11:35:00+00:00,5.931590590168316e-06,5.939967977562899e-06,5.931590590168316e-06,5.939967977562899e-06,219159444.76759,1301.8000838999494,6.0
2026-09-26 11:36:00+00:00,5.94e-06,5.94e-06,5.93445104294819e-06,5.93445104294819e-06,288041058.0,1709.36555706,13.0
2026-09-26 11:37:00+00:00,5.94e-06,5.94e-06,5.94e-06,5.94e-06,103125000.0,612.5625,4.0
2026-09-26 11:39:00+00:00,5.94e-06,5.94e-06,5.94e-06,5.94e-06,18407648.0,109.34142912,2.0
2026-09-26 11:40:00+00:00,5.9388669794848685e-06,5.93900860704926e-06,5.9388669794848685e-06,5.93900860704926e-06,234976657.722,1395.528392666626,8.0
2026-09-26 11:41:00+00:00,5.93e-06,5.93e-06,5.93e-06,5.93e-06,101631730.0,602.6761589,2.0
2026-09-26 11:42:00+00:00,5.930684108556844e-06,5.930684108556844e-06,5.929325200536884e-06,5.929325200536884e-06,222373956.09035,1318.527501789595,13.0
2026-09-26 11:44:00+00:00,5.93e-06,5.93e-06,5.93e-06,5.93e-06,1653738.0,9.80666634,1.0
2026-09-26 11:45:00+00:00,5.94e-06,5.94e-06,5.94e-06,5.94e-06,6439755.0,38.2521447,1.0
2026-09-26 11:46:00+00:00,5.929e-06,5.929e-06,5.929e-06,5.929e-06,118900.0,0.7049581,1.0
2026-09-26 11:47:00+00:00,5.929212077293051e-06,5.932908695637459e-06,5.929212077293051e-06,5.930787922706948e-06,69079295.52114,409.6946515858813,11.0
2026-09-26 11:49:00+00:00,5.93e-06,5.93e-06,5.93e-06,5.93e-06,16694772.0,98.99999796,1.0
2026-09-26 11:50:00+00:00,5.93e-06,5.93e-06,5.93e-06,5.93e-06,28531404.0,169.19122572,2.0
2026-09-26 11:51:00+00:00,5.94e-06,5.94e-06,5.94e-06,5.94e-06,28593319.0,169.84431486,1.0
2026-09-26 11:52:00+00:00,5.929136422212502e-06,5.929136422212502e-06,5.929136422212502e-06,5.929136422212502e-06,2368324.0,14.042116088000002,2.0
2026-09-26 11:53:00+00:00,5.93e-06,5.93e-06,5.92e-06,5.92e-06,30267262.0,179.18219104,4.0
2026-09-26 11:54:00+00:00,5.925002149392646e-06,5.925002149392646e-06,5.925002149392646e-06,5.925002149392646e-06,34951734.0,207.089099075,3.0
2026-09-26 11:55:00+00:00,5.925e-06,5.925e-06,5.925e-06,5.925e-06,3179303.40062,18.8373726486735,2.0
2026-09-26 11:56:00+00:00,5.92e-06,5.92e-06,5.92e-06,5.92e-06,32629968.0,193.16941056,2.0
2026-09-26 11:57:00+00:00,5.9222695842122925e-06,5.9222695842122925e-06,5.9222695842122925e-06,5.9222695842122925e-06,45795173.28354,271.21136184084037,5.0
2026-09-26 11:58:00+00:00,5.93e-06,5.93e-06,5.93e-06,5.93e-06,52276.0,0.30999668,1.0
2026-09-26 11:59:00+00:00,5.920108460170937e-06,5.920108460170937e-06,5.920108460170937e-06,5.920108460170937e-06,155663927.14722002,921.5473320476897,8.0
2026-09-26 12:00:00+00:00,5.92e-06,5.92e-06,5.92e-06,5.92e-06,135431809.0,801.75630928,4.0
2026-09-26 12:01:00+00:00,5.92e-06,5.92e-06,5.92e-06,5.92e-06,500000.0,2.96,1.0
2026-09-26 12:02:00+00:00,5.911010898478734e-06,5.911010898478734e-06,5.911010898478734e-06,5.911010898478734e-06,53074092.872439995,313.7215413958653,5.0
2026-09-26 12:03:00+00:00,5.91e-06,5.91e-06,5.91e-06,5.91e-06,4610862876.0,27250.19959716,5.0
2026-09-26 12:04:00+00:00,5.909999999999999e-06,5.909999999999999e-06,5.904055130075477e-06,5.904055130075477e-06,42988695.0,253.80762525,6.0
2026-09-26 12:05:00+00:00,5.9088244484110175e-06,5.909216298940678e-06,5.9088244484110175e-06,5.909216298940678e-06,691148838.40259,4084.147980882502,16.0
2026-09-26 12:06:00+00:00,5.9198667335149505e-06,5.929533567302326e-06,5.919833416893688e-06,5.929500250681063e-06,2588340706.0,15347.566865075,12.0
2026-09-26 12:07:00+00:00,5.92001036291391e-06,5.92001036291391e-06,5.92001036291391e-06,5.92001036291391e-06,145855501.0,863.4660774080002,7.0
2026-09-26 12:10:00+00:00,5.91e-06,5.91e-06,5.91e-06,5.91e-06,16920473.0,99.99999543,1.0
2026-09-26 12:11:00+00:00,5.91e-06,5.91e-06,5.91e-06,5.91e-06,2656159.05245,15.6978999999795,2.0
2026-09-26 12:12:00+00:00,5.91e-06,5.91e-06,5.91e-06,5.91e-06,1000000.0,5.91,1.0
2026-09-26 12:13:00+00:00,5.91e-06,5.91e-06,5.91e-06,5.91e-06,13548252.0,80.07016932,5.0
2026-09-26 12:14:00+00:00,5.9101562335344885e-06,5.9101562335344885e-06,5.9101562335344885e-06,5.9101562335344885e-06,265241903.0,1567.62108641,10.0
2026-09-26 12:15:00+00:00,5.916e-06,5.916e-06,5.916e-06,5.916e-06,929614.60446,5.499599999985359,1.0
2026-09-26 12:16:00+00:00,5.920007885002487e-06,5.920007885002487e-06,5.920007885002487e-06,5.920007885002487e-06,26391875.0,156.24010810000001,7.0
2026-09-26 12:17:00+00:00,5.920767270542414e-06,5.921091003510153e-06,5.920767270542414e-06,5.921091003510153e-06,30507341.023722,180.63674247657656,7.0
2026-09-26 12:19:00+00:00,5.926705379843262e-06,5.926705379843262e-06,5.919999999999999e-06,5.919999999999999e-06,1374735490.31464,8138.434102662668,16.0
2026-09-26 12:20:00+00:00,5.91041250506242e-06,5.91041250506242e-06,5.901956754166362e-06,5.901956754166362e-06,1256050388.9731221,7413.155076773205,26.0
2026-09-26 12:21:00+00:00,5.910200083354301e-06,5.910200083354301e-06,5.901200500125807e-06,5.901200500125807e-06,232023752.72223002,1369.2186856054905,6.0
2026-09-26 12:22:00+00:00,5.910623368182839e-06,5.911260385591249e-06,5.908712315957607e-06,5.909986350774429e-06,542653497.89185,3207.0747657408338,13.0
2026-09-26 12:23:00+00:00,5.910647524186154e-06,5.910647524186154e-06,5.910647524186154e-06,5.910647524186154e-06,22811812.0,134.83258012,5.0
2026-09-26 12:24:00+00:00,5.9e-06,5.9e-06,5.9e-06,5.9e-06,580471.0,3.4247789,1.0
2026-09-26 12:26:00+00:00,5.898e-06,5.898e-06,5.898e-06,5.898e-06,2115000.0,12.47427,1.0
2026-09-26 12:28:00+00:00,5.896e-06,5.896e-06,5.896e-06,5.896e-06,4228004.0,24.928311584,1.0
2026-09-26 12:29:00+00:00,5.895e-06,5.896e-06,5.895e-06,5.896e-06,13593700.0,80.1484552,3.0
2026-09-26 12:30:00+00:00,5.894e-06,5.894e-06,5.894e-06,5.894e-06,4506005.143,26.558394312842,1.0
2026-09-26 12:31:00+00:00,5.8926303010022385e-06,5.8926303010022385e-06,5.8926303010022385e-06,5.8926303010022385e-06,7593633.207,44.74647313026501,3.0
2026-09-26 12:33:00+00:00,5.9e-06,5.9e-06,5.9e-06,5.9e-06,81822411.0,482.75222490000004,5.0
2026-09-26 12:34:00+00:00,5.9e-06,5.9e-06,5.9e-06,5.9e-06,4736085.0,27.9429015,2.0
2026-09-26 12:37:00+00:00,5.8942829452177085e-06,5.8942829452177085e-06,5.8942829452177085e-06,5.8942829452177085e-06,3558201.15341,20.97304437419854,2.0
2026-09-26 12:38:00+00:00,5.89e-06,5.89e-06,5.88e-06,5.88e-06,831494968.0,4889.19041184,5.0
2026-09-26 12:39:00+00:00,5.880667463936358e-06,5.881334927872717e-06,5.880667463936358e-06,5.881334927872717e-06,33368483.4345,196.251227113467,4.0
2026-09-26 12:40:00+00:00,5.880095840146315e-06,5.880095840146315e-06,5.880095840146315e-06,5.880095840146315e-06,70883429.56521,416.8013593216956,9.0
2026-09-26 12:41:00+00:00,5.88e-06,5.88e-06,5.88e-06,5.88e-06,53596895.0,315.14974259999997,9.0
2026-09-26 12:42:00+00:00,5.88e-06,5.88e-06,5.88e-06,5.88e-06,51888795.0,305.10611459999996,3.0
2026-09-26 12:43:00+00:00,5.880008103190773e-06,5.880008103190773e-06,5.880008103190773e-06,5.880008103190773e-06,65936604.88828,387.7077710399747,6.0
2026-09-26 12:44:00+00:00,5.889605030363428e-06,5.889605030363428e-06,5.870394969636572e-06,5.88e-06,51923485.0,305.31009179999995,4.0
2026-09-26 12:45:00+00:00,5.88e-06,5.89e-06,5.88e-06,5.88e-06,594329072.0,3494.65494336,8.0
2026-09-26 12:46:00+00:00,5.88e-06,5.89e-06,5.88e-06,5.88e-06,262336177.0,1542.53672076,10.0
2026-09-26 12:47:00+00:00,5.88e-06,5.89e-06,5.88e-06,5.89e-06,51859479.0,305.45233131000003,3.0
2026-09-26 12:48:00+00:00,5.89e-06,5.89e-06,5.89e-06,5.89e-06,69067796.0,406.80931844,5.0
2026-09-26 12:49:00+00:00,5.890014783122675e-06,5.890014783122675e-06,5.890014783122675e-06,5.890014783122675e-06,56307454.0,331.65173646,7.0
2026-09-26 12:50:00+00:00,5.89e-06,5.890339676233016e-06,5.89e-06,5.890339676233016e-06,53622268.0,315.85337273,5.0
2026-09-26 12:51:00+00:00,5.89e-06,5.89e-06,5.89e-06,5.89e-06,69067796.0,406.80931844,5.0
2026-09-26 12:52:00+00:00,5.89e-06,5.89e-06,5.89e-06,5.89e-06,51800847.0,305.10698883000003,4.0
2026-09-26 12:53:00+00:00,5.891425229315054e-06,5.891425229315054e-06,5.891425229315054e-06,5.891425229315054e-06,63562987.739140004,374.47658961701285,6.0
2026-09-26 12:54:00+00:00,5.89e-06,5.89e-06,5.89e-06,5.89e-06,61107661.0,359.92412329,6.0
2026-09-26 12:55:00+00:00,5.89047680317174e-06,5.89047680317174e-06,5.89047680317174e-06,5.89047680317174e-06,99008335.29953,583.2063024025312,4.0
2026-09-26 12:56:00+00:00,5.880371335296859e-06,5.889958740522571e-06,5.880371335296859e-06,5.889958740522571e-06,184047411.0,1084.03165709,6.0
2026-09-26 12:57:00+00:00,5.890430600712744e-06,5.890430600712744e-06,5.89e-06,5.89e-06,66013598.222749,388.82009353199163,11.0
2026-09-26 12:58:00+00:00,5.890011188443003e-06,5.890011188443003e-06,5.890011188443003e-06,5.890011188443003e-06,51858869.0,305.44931863,5.0
2026-09-26 12:59:00+00:00,5.891288994512133e-06,5.897422010975735e-06,5.891288994512133e-06,5.891288994512133e-06,91159411.88151,537.0464399637385,9.0
2026-09-26 13:00:00+00:00,5.89e-06,5.89e-06,5.89e-06,5.89e-06,51800847.0,305.10698883000003,3.0
2026-09-26 13:01:00+00:00,5.890421010750627e-06,5.900103124182334e-06,5.890421010750627e-06,5.900103124182334e-06,171094239.79024,1009.4736587159964,16.0
2026-09-26 13:02:00+00:00,5.9000711485524506e-06,5.910010097634662e-06,5.9000711485524506e-06,5.910010097634662e-06,518482757.82224,3064.2383341789055,10.0
2026-09-26 13:03:00+00:00,5.910236898929398e-06,5.910236898929398e-06,5.90841694792515e-06,5.90841694792515e-06,219125365.48812,1294.684023170301,5.0
2026-09-26 13:04:00+00:00,5.900187064315518e-06,5.91e-06,5.900187064315518e-06,5.91e-06,53457550.0,315.9341205,6.0
2026-09-26 13:05:00+00:00,5.900877223612419e-06,5.90999959750649e-06,5.900877223612419e-06,5.90999959750649e-06,295408490.3,1745.8640587730001,15.0
2026-09-26 13:06:00+00:00,5.92e-06,5.92e-06,5.92e-06,5.92e-06,157712400.0,933.657408,2.0
2026-09-26 13:07:00+00:00,5.93e-06,5.93e-06,5.92e-06,5.92e-06,54125183.0,320.42108336,2.0
2026-09-26 13:08:00+00:00,5.9180635871909054e-06,5.9180635871909054e-06,5.9180635871909054e-06,5.9180635871909054e-06,235623586.86556998,1394.435369712443,12.0
2026-09-26 13:09:00+00:00,5.908e-06,5.908e-06,5.906e-06,5.906e-06,10394182.96534,61.388044593298034,4.0
2026-09-26 13:10:00+00:00,5.900005920657194e-06,5.900005920657194e-06,5.900005920657194e-06,5.900005920657194e-06,673675616.5962,3974.690126519966,18.0
2026-09-26 13:11:00+00:00,5.899096601095314e-06,5.899096601095314e-06,5.892258497261715e-06,5.897741502738284e-06,28729349.38204,169.4382761971258,9.0
2026-09-26 13:12:00+00:00,5.892326994377829e-06,5.893024540343481e-06,5.889302454034348e-06,5.89e-06,211922539.3642,1248.2237568551382,8.0
2026-09-26 13:13:00+00:00,5.892e-06,5.892e-06,5.892e-06,5.892e-06,33540685.94485,197.6217215870562,1.0
2026-09-26 13:14:00+00:00,5.89e-06,5.9e-06,5.89e-06,5.89e-06,1682501726.0,9909.935166140001,11.0
2026-09-26 13:15:00+00:00,5.89605172128812e-06,5.89605172128812e-06,5.889906068563562e-06,5.889906068563562e-06,491465389.49891,2894.6849800985847,7.0
2026-09-26 13:16:00+00:00,5.880408727663619e-06,5.880408727663619e-06,5.8801362425545396e-06,5.8801362425545396e-06,92803196.26423,545.6954377782008,5.0
2026-09-26 13:17:00+00:00,5.89e-06,5.89e-06,5.89e-06,5.89e-06,8239973.0,48.53344097,1.0
2026-09-26 13:18:00+00:00,5.89e-06,5.89e-06,5.89e-06,5.89e-06,1666782.0,9.81734598,1.0
2026-09-26 13:19:00+00:00,5.89e-06,5.89e-06,5.88e-06,5.88e-06,4448674.0,26.15820312,2.0
2026-09-26 13:20:00+00:00,5.889962831609763e-06,5.889962831609763e-06,5.889962831609763e-06,5.889962831609763e-06,734637856.174,4326.989667558339,18.0
2026-09-26 13:21:00+00:00,5.89e-06,5.89e-06,5.89e-06,5.89e-06,10000000.0,58.900000000000006,1.0
2026-09-26 13:22:00+00:00,5.8799826399359806e-06,5.8799826399359806e-06,5.8799826399359806e-06,5.8799826399359806e-06,398938621.0,2345.7521658799997,10.0
2026-09-26 13:24:00+00:00,5.87e-06,5.87e-06,5.87e-06,5.87e-06,265408.0,1.55794496,1.0
2026-09-26 13:25:00+00:00,5.879754373002508e-06,5.879754373002508e-06,5.879754373002508e-06,5.879754373002508e-06,108276693.0,636.640359161,6.0
2026-09-26 13:26:00+00:00,5.869955495027462e-06,5.869955495027462e-06,5.869955495027462e-06,5.869955495027462e-06,4675882.0,27.44721924,5.0
2026-09-26 13:27:00+00:00,5.864399535632386e-06,5.864399535632386e-06,5.86e-06,5.86e-06,789198035.8369399,4624.700490004468,14.0
2026-09-26 13:28:00+00:00,5.869898495113667e-06,5.869898495113667e-06,5.859998600508394e-06,5.859998600508394e-06,148696854.73378,871.3633606399508,6.0
2026-09-26 13:29:00+00:00,5.87e-06,5.87e-06,5.87e-06,5.87e-06,843772.0,4.95294164,1.0
2026-09-26 13:30:00+00:00,5.87e-06,5.87e-06,5.87e-06,5.87e-06,73125000.0,429.24375,3.0
2026-09-26 13:31:00+00:00,5.870001520125042e-06,5.879924683173179e-06,5.870001520125042e-06,5.879924683173179e-06,136896633.0,804.94189142,9.0
2026-09-26 13:32:00+00:00,5.881e-06,5.881e-06,5.88e-06,5.88e-06,312253286.65672004,1836.0493255415138,3.0
2026-09-26 13:33:00+00:00,5.881606570743428e-06,5.887180600329811e-06,5.881606570743428e-06,5.887180600329811e-06,735204892.14509,4328.2839783041445,14.0
2026-09-26 13:34:00+00:00,5.890908641560913e-06,5.897269132487302e-06,5.890908641560913e-06,5.897269132487302e-06,366687854.28805006,2162.456964350919,12.0
2026-09-26 13:35:00+00:00,5.890881052636637e-06,5.892070526270269e-06,5.890000159666997e-06,5.892070526270269e-06,1303337599.22574,7679.3570541778345,13.0
2026-09-26 13:36:00+00:00,5.89300286315061e-06,5.899000409021516e-06,5.89300286315061e-06,5.899000409021516e-06,509645561.50468004,3006.3993757721078,11.0
2026-09-26 13:37:00+00:00,5.909e-06,5.909e-06,5.909e-06,5.909e-06,225799033.8679,1334.246491125421,1.0
2026-09-26 13:38:00+00:00,5.91e-06,5.91e-06,5.91e-06,5.91e-06,1005674.0,5.94353334,1.0
2026-09-26 13:39:00+00:00,5.899998055749374e-06,5.899998055749374e-06,5.899998055749374e-06,5.899998055749374e-06,107033526.0,631.4975953000001,15.0
2026-09-26 13:41:00+00:00,5.899843077130596e-06,5.899843077130596e-06,5.897568588834556e-06,5.897568588834556e-06,13477959.0,79.48718764,4.0
2026-09-26 13:42:00+00:00,5.9e-06,5.9e-06,5.9e-06,5.9e-06,17067563.0,100.6986217,2.0
2026-09-26 13:43:00+00:00,5.897277157388099e-06,5.897277157388099e-06,5.897277157388099e-06,5.897277157388099e-06,15778753.80731,93.05168439989976,4.0
2026-09-26 13:45:00+00:00,5.899627600896634e-06,5.899627600896634e-06,5.899627600896634e-06,5.899627600896634e-06,14020005.46397,82.71281119995903,3.0
2026-09-26 13:47:00+00:00,5.91e-06,5.91e-06,5.91e-06,5.91e-06,8399268.0,49.639673880000004,1.0
2026-09-26 13:48:00+00:00,5.9e-06,5.9e-06,5.9e-06,5.9e-06,1962909.0,11.581163100000001,1.0
2026-09-26 13:50:00+00:00,5.903614241050188e-06,5.906385758949812e-06,5.900842723150565e-06,5.906385758949812e-06,224828391.0,1327.92320681,5.0
2026-09-26 13:51:00+00:00,5.902e-06,5.906e-06,5.902e-06,5.906e-06,200207204.61490998,1182.4237504556584,6.0
2026-09-26 13:53:00+00:00,5.902e-06,5.902e-06,5.902e-06,5.902e-06,7593700.0,44.8180174,1.0
2026-09-26 13:54:00+00:00,5.91e-06,5.91e-06,5.91e-06,5.91e-06,838061.0,4.95294051,2.0
2026-09-26 13:55:00+00:00,5.9011997156173e-06,5.908400379176935e-06,5.9011997156173e-06,5.908400379176935e-06,2098516.7878489997,12.398877385036194,11.0
2026-09-26 13:56:00+00:00,5.9e-06,5.9e-06,5.9e-06,5.9e-06,986974.0,5.8231466,1.0
2026-09-26 13:57:00+00:00,5.9e-06,5.9e-06,5.9e-06,5.9e-06,8335256.0,49.178010400000005,1.0
2026-09-26 13:58:00+00:00,5.9050033099516265e-06,5.9050033099516265e-06,5.904003971941951e-06,5.904003971941951e-06,214702533.54022,1267.6046108074588,3.0
2026-09-26 13:59:00+00:00,5.901428920760518e-06,5.902857841521035e-06,5.900714460380259e-06,5.902857841521035e-06,28605991.72684,168.85710257926334,7.0
2026-09-26 14:00:00+00:00,5.902486326911903e-06,5.902486326911903e-06,5.899169678545751e-06,5.899169678545751e-06,505696336.684852,2983.188495922942,12.0
2026-09-26 14:02:00+00:00,5.895e-06,5.895e-06,5.895e-06,5.895e-06,723548.0,4.26531546,1.0
2026-09-26 14:04:00+00:00,5.9e-06,5.9e-06,5.9e-06,5.9e-06,2545528571.0,15018.618568900001,18.0
2026-09-26 14:05:00+00:00,5.899013346685118e-06,5.907306914585758e-06,5.899013346685118e-06,5.907306914585758e-06,1332639726.10005,7872.311868642495,38.0
2026-09-26 14:06:00+00:00,5.899e-06,5.899e-06,5.899e-06,5.899e-06,4122900.0,24.3209871,2.0
2026-09-26 14:09:00+00:00,5.906e-06,5.906e-06,5.906e-06,5.906e-06,4233700.25402,25.004233700242118,1.0
2026-09-26 14:11:00+00:00,5.91e-06,5.92e-06,5.91e-06,5.92e-06,43367655.0,256.7365176,6.0
2026-09-26 14:12:00+00:00,5.92e-06,5.92e-06,5.92e-06,5.92e-06,6625280.0,39.2216576,2.0
2026-09-26 14:13:00+00:00,5.917120706804242e-06,5.926400883505302e-06,5.917120706804242e-06,5.925681060206364e-06,861001104.25596,5102.017936306307,19.0
2026-09-26 14:14:00+00:00,5.926231598174616e-06,5.929999844385871e-06,5.926231598174616e-06,5.929999844385871e-06,573212730.92567,3399.151405189223,10.0
2026-09-26 14:15:00+00:00,5.92e-06,5.93e-06,5.92e-06,5.93e-06,6184711.0,36.67533623,2.0
2026-09-26 14:16:00+00:00,5.935247283209356e-06,5.945871319278675e-06,5.935247283209356e-06,5.944748149705557e-06,3244319354.365185,19286.66147891636,62.0
2026-09-26 14:17:00+00:00,5.949514678445662e-06,5.949514678445662e-06,5.9400520699048436e-06,5.9400520699048436e-06,967524718.0,5747.14720384,10.0
2026-09-26 14:18:00+00:00,5.931599807313779e-06,5.931599807313779e-06,5.927700096343111e-06,5.927700096343111e-06,21693300.0,128.59137650000002,7.0
2026-09-26 14:19:00+00:00,5.93e-06,5.93e-06,5.920024456251933e-06,5.920024456251933e-06,1711001347.0,10129.16981892,6.0
2026-09-26 14:21:00+00:00,5.920892668571503e-06,5.924463342857515e-06,5.920892668571503e-06,5.924463342857515e-06,931693553.3271799,5519.784303463541,12.0
2026-09-26 14:22:00+00:00,5.92314073583832e-06,5.925e-06,5.91942220751496e-06,5.91942220751496e-06,22905528.047911,135.58749140166117,16.0
2026-09-26 14:23:00+00:00,5.922860868993607e-06,5.922860868993607e-06,5.922860868993607e-06,5.922860868993607e-06,4746318.0,28.111781154,3.0
2026-09-26 14:24:00+00:00,5.93e-06,5.93e-06,5.93e-06,5.93e-06,8431703.0,49.99999879,1.0
2026-09-26 14:25:00+00:00,5.93e-06,5.93e-06,5.93e-06,5.93e-06,5000000.0,29.65,1.0
2026-09-26 14:26:00+00:00,5.922e-06,5.922e-06,5.922e-06,5.922e-06,323982.4354,1.9186239824388003,1.0
2026-09-26 14:27:00+00:00,5.92e-06,5.92e-06,5.91e-06,5.91e-06,1717960.0,10.1531436,2.0
2026-09-26 14:29:00+00:00,5.922749153911674e-06,5.922749153911674e-06,5.922749153911674e-06,5.922749153911674e-06,72749655.50337,430.87796057995047,7.0
2026-09-26 14:30:00+00:00,5.922433555997964e-06,5.922433555997964e-06,5.92e-06,5.92e-06,59596952.0,352.81395584,4.0
2026-09-26 14:31:00+00:00,5.920174688320532e-06,5.921750266035384e-06,5.920174688320532e-06,5.921238918285363e-06,319951155.46288,1894.5072336771757,15.0
2026-09-26 14:32:00+00:00,5.93e-06,5.934140970133478e-06,5.93e-06,5.934140970133478e-06,8533836.0,50.64098584,4.0
2026-09-26 14:33:00+00:00,5.94e-06,5.94e-06,5.94e-06,5.94e-06,33860033.0,201.12859602,2.0
2026-09-26 14:34:00+00:00,5.9401093892636875e-06,5.9401093892636875e-06,5.9401093892636875e-06,5.9401093892636875e-06,22456500.0,133.3940665,2.0
2026-09-26 14:35:00+00:00,5.94e-06,5.94e-06,5.94e-06,5.94e-06,166666.0,0.98999604,1.0
2026-09-26 14:36:00+00:00,5.94e-06,5.94e-06,5.94e-06,5.94e-06,8338294.0,49.52946636,1.0
2026-09-26 14:37:00+00:00,5.941460575995905e-06,5.94555180713429e-06,5.941460575995905e-06,5.94555180713429e-06,53325044.51553,317.0468147848258,6.0
2026-09-26 14:39:00+00:00,5.940267984935212e-06,5.940267984935212e-06,5.94e-06,5.94e-06,16905913.0,100.42112322,4.0
2026-09-26 14:40:00+00:00,5.950017576852176e-06,5.959774058820157e-06,5.950017576852176e-06,5.959774058820157e-06,717642719.6985,4276.988464360266,33.0
2026-09-26 14:41:00+00:00,5.962290354399421e-06,5.962290354399421e-06,5.962290354399421e-06,5.962290354399421e-06,1206746.0142100002,7.19497012073423,2.0
2026-09-26 14:42:00+00:00,5.964e-06,5.964e-06,5.964e-06,5.964e-06,1597566.01456,9.527883710835841,1.0
2026-09-26 14:43:00+00:00,5.9600900617599674e-06,5.9600900617599674e-06,5.9600900617599674e-06,5.9600900617599674e-06,210688421.0,1255.72196413,6.0
2026-09-26 14:44:00+00:00,5.95999609412227e-06,5.95999609412227e-06,5.9500351528995585e-06,5.9500351528995585e-06,4518830651.0,26887.201223449996,35.0
2026-09-26 14:45:00+00:00,5.95e-06,5.95e-06,5.95e-06,5.95e-06,168146503.0,1000.47169285,8.0
2026-09-26 14:47:00+00:00,5.956e-06,5.956e-06,5.956e-06,5.956e-06,806240000.0,4801.96544,3.0
2026-09-26 14:49:00+00:00,5.95e-06,5.95e-06,5.95e-06,5.95e-06,8128602.0,48.365181899999996,5.0
2026-09-26 14:50:00+00:00,5.959996404569559e-06,5.959996404569559e-06,5.959996404569559e-06,5.959996404569559e-06,424595421.3027,2530.5871843607893,9.0
2026-09-26 14:51:00+00:00,5.9611078257921786e-06,5.9700000000000004e-06,5.9611078257921786e-06,5.9700000000000004e-06,902669.0,5.38893393,3.0
2026-09-26 14:52:00+00:00,5.97e-06,5.97e-06,5.97e-06,5.97e-06,90893841.0,542.63623077,3.0
2026-09-26 14:53:00+00:00,5.967e-06,5.967e-06,5.967e-06,5.967e-06,7593700.0,45.3116079,2.0
2026-09-26 14:54:00+00:00,5.969992848304211e-06,5.969992848304211e-06,5.969992848304211e-06,5.969992848304211e-06,598298052.663,3571.835095552446,19.0
2026-09-26 14:55:00+00:00,5.9699882659762424e-06,5.9699882659762424e-06,5.9699882659762424e-06,5.9699882659762424e-06,85222258.0,508.77588025999995,5.0
2026-09-26 14:56:00+00:00,5.969999999999999e-06,5.969999999999999e-06,5.969999999999999e-06,5.969999999999999e-06,192244628.5,1147.7004321449997,8.0
2026-09-26 14:57:00+00:00,5.970117903644379e-06,5.970117903644379e-06,5.970117903644379e-06,5.970117903644379e-06,433972931.0184,2590.869565169977,8.0
2026-09-26 14:58:00+00:00,5.978733511329489e-06,5.98098872981797e-06,5.978733511329489e-06,5.98098872981797e-06,2084254002.0,12465.89969604,18.0
2026-09-26 14:59:00+00:00,5.980127821386003e-06,5.980127821386003e-06,5.970255642772004e-06,5.970255642772004e-06,1293788584.0,7724.2485941800005,14.0
2026-09-26 15:00:00+00:00,5.97e-06,5.97e-06,5.97e-06,5.97e-06,40298113.0,240.57973460999997,1.0
2026-09-26 15:01:00+00:00,5.959013813724248e-06,5.959013813724248e-06,5.959013813724248e-06,5.959013813724248e-06,339895521.0,2025.4421048620002,4.0
2026-09-26 15:02:00+00:00,5.960746128360766e-06,5.960746128360766e-06,5.960746128360766e-06,5.960746128360766e-06,2137273.0,12.73974176,2.0
2026-09-26 15:04:00+00:00,5.96e-06,5.96e-06,5.96e-06,5.96e-06,5899329.0,35.160000839999995,3.0
2026-09-26 15:05:00+00:00,5.969376025276195e-06,5.977877020077723e-06,5.969376025276195e-06,5.977682351327383e-06,1292113418.47199,7723.843577513308,23.0
2026-09-26 15:06:00+00:00,5.970031315886283e-06,5.970032725094701e-06,5.970031315886283e-06,5.970032725094701e-06,232045165.0,1385.3172287499997,9.0
2026-09-26 15:07:00+00:00,5.96e-06,5.96e-06,5.96e-06,5.96e-06,2538926.0,15.131998959999999,2.0
2026-09-26 15:08:00+00:00,5.96e-06,5.98e-06,5.96e-06,5.98e-06,153300691.0,916.7381321800001,6.0
2026-09-26 15:09:00+00:00,5.98e-06,5.98e-06,5.98e-06,5.98e-06,28628115.0,171.1961277,6.0
2026-09-26 15:10:00+00:00,5.975e-06,5.975e-06,5.975e-06,5.975e-06,1724226.20043,10.30225154756925,1.0
2026-09-26 15:11:00+00:00,5.978047657803513e-06,5.988008128984969e-06,5.9780277817836106e-06,5.987988252965066e-06,480285793.98981005,2875.9456924769825,20.0
2026-09-26 15:12:00+00:00,5.986005106543258e-06,5.996991063549298e-06,5.986005106543258e-06,5.994993616820927e-06,505009332.04666,3027.527722054727,13.0
2026-09-26 15:13:00+00:00,5.993846486417141e-06,5.993846486417141e-06,5.993559608638448e-06,5.993559608638448e-06,66350207.0,397.67392070000005,7.0
2026-09-26 15:14:00+00:00,5.99e-06,5.9988668204046825e-06,5.99e-06,5.9988668204046825e-06,7366211.0,44.18891876,3.0
2026-09-26 15:15:00+00:00,5.991288467900938e-06,5.991288467900938e-06,5.991288467900938e-06,5.991288467900938e-06,9282187.0,55.61225993,6.0
2026-09-26 15:16:00+00:00,5.990507036699409e-06,6e-06,5.990507036699409e-06,6e-06,390524.0,2.343144,4.0
2026-09-26 15:17:00+00:00,5.992717379004425e-06,5.992717379004425e-06,5.992717379004425e-06,5.992717379004425e-06,7069680.0,42.3665942,3.0
2026-09-26 15:18:00+00:00,5.994800976525268e-06,5.994800976525268e-06,5.994800976525268e-06,5.994800976525268e-06,348068413.0,2086.6008621500005,5.0
2026-09-26 15:19:00+00:00,6e-06,6.008994491202556e-06,6e-06,6.008994491202556e-06,2535610565.0,15236.469916920001,50.0
2026-09-26 15:20:00+00:00,6.001347998957444e-06,6.008792474131385e-06,6.001347998957444e-06,6.008792474131385e-06,29916622.16116,179.76277409341043,8.0
2026-09-26 15:21:00+00:00,6.009510904192466e-06,6.012257487452252e-06,5.9977276023351635e-06,6.002474843572238e-06,4567570394.6316,27416.7263900215,65.0
2026-09-26 15:22:00+00:00,6.004909358144978e-06,6.004909358144978e-06,6e-06,6e-06,77780789.0,466.684734,4.0
2026-09-26 15:23:00+00:00,5.99e-06,5.99e-06,5.99e-06,5.99e-06,451429.0,2.70405971,4.0
2026-09-26 15:24:00+00:00,6e-06,6e-06,6e-06,6e-06,25168491.0,151.010946,4.0
2026-09-26 15:25:00+00:00,6.01e-06,6.01e-06,6.01e-06,6.01e-06,13411771.0,80.60474371,3.0
2026-09-26 15:26:00+00:00,6.006632739692619e-06,6.006655728137604e-06,6.002499008518803e-06,6.0041849375169916e-06,518064619.34268,3110.555784117793,16.0
2026-09-26 15:27:00+00:00,6.002316336791614e-06,6.002316336791614e-06,6.002316336791614e-06,6.002316336791614e-06,4463104.0,26.788962052000002,2.0
2026-09-26 15:28:00+00:00,6.002e-06,6.002e-06,6.001e-06,6.001e-06,302955345.0,1818.035025345,4.0
2026-09-26 15:29:00+00:00,6.002965169402179e-06,6.002965169402179e-06,6.002965169402179e-06,6.002965169402179e-06,7682900.0,46.1201811,2.0
2026-09-26 15:30:00+00:00,6.01e-06,6.01e-06,6.01e-06,6.01e-06,4448625.0,26.73623625,2.0
2026-09-26 15:31:00+00:00,6.001560804621019e-06,6.001560804621019e-06,6.001560804621019e-06,6.001560804621019e-06,19460988.0,116.79630279999999,3.0
2026-09-26 15:32:00+00:00,6.00575461921686e-06,6.01e-06,6e-06,6.004245380783142e-06,422806573.0,2538.6344129000004,11.0
2026-09-26 15:33:00+00:00,6.008793545912953e-06,6.010000000000001e-06,6e-06,6.001206454087048e-06,68048292.0,408.37184914000005,4.0
2026-09-26 15:34:00+00:00,6.003815532766598e-06,6.004509009499629e-06,6.003815532766598e-06,6.004509009499629e-06,14147371.476124,84.94801948912462,9.0
2026-09-26 15:35:00+00:00,6.0016570630663475e-06,6.0016570630663475e-06,5.998831852212039e-06,5.998831852212039e-06,257032507.58447,1541.894793551651,15.0
2026-09-26 15:36:00+00:00,6.010015442019863e-06,6.019899391490114e-06,6.010015442019863e-06,6.010044187308402e-06,3457597148.84756,20780.31164648538,34.0
2026-09-26 15:37:00+00:00,6.009910045978614e-06,6.009983719223023e-06,6.009910045978614e-06,6.009983719223023e-06,307110649.992427,1845.7300064544863,12.0
2026-09-26 15:38:00+00:00,6e-06,6e-06,6e-06,6e-06,1028081920.0,6168.4915200000005,7.0
2026-09-26 15:39:00+00:00,5.999996689806261e-06,5.999996689806261e-06,5.999996689806261e-06,5.999996689806261e-06,311992451.45924,1871.9536759999808,6.0
2026-09-26 15:40:00+00:00,6.01e-06,6.01e-06,6.01e-06,6.01e-06,499168.0,2.99999968,1.0
2026-09-26 15:41:00+00:00,6.000008481947778e-06,6.000008481947778e-06,5.990433526575826e-06,5.990433526575826e-06,24534459.0,146.97204575,8.0
2026-09-26 15:42:00+00:00,5.994076423440012e-06,6.000987262759997e-06,5.994076423440012e-06,6.000987262759997e-06,240014398.68574998,1440.3233493921855,8.0
2026-09-26 15:43:00+00:00,6.001142730419849e-06,6.002071291288168e-06,5.996499926078245e-06,5.996499926078245e-06,95069282.62352,570.0829462242494,5.0
2026-09-26 15:44:00+00:00,6e-06,6e-06,6e-06,6e-06,4538446.0,27.230676,3.0
2026-09-26 15:45:00+00:00,5.999e-06,6e-06,5.995e-06,5.995e-06,253779467.69,1521.40790880155,5.0
2026-09-26 15:46:00+00:00,5.9895729234034e-06,5.997290886943095e-06,5.9895729234034e-06,5.997290886943095e-06,1692355804.64182,10149.550044643636,16.0
2026-09-26 15:47:00+00:00,5.999548084583442e-06,5.999548084583442e-06,5.999548084583442e-06,5.999548084583442e-06,4869126.82594,29.21256052216218,2.0
2026-09-26 15:48:00+00:00,5.999991909346666e-06,5.999991909346666e-06,5.990072815880002e-06,5.990072815880002e-06,753363140.0,4512.7000654,9.0
2026-09-26 15:49:00+00:00,5.999911192097721e-06,5.999911192097721e-06,5.999822384195443e-06,5.999822384195443e-06,233671548.0,1401.9877842399999,4.0
2026-09-26 15:50:00+00:00,5.984694295979737e-06,5.984694295979737e-06,5.97295519929026e-06,5.974137279006363e-06,4380079017.32943,26167.193342421306,44.0
2026-09-26 15:51:00+00:00,5.986964325689104e-06,5.986964325689104e-06,5.986964325689104e-06,5.986964325689104e-06,64153026.15648,384.08187898384574,3.0
2026-09-26 15:52:00+00:00,5.9841465841660706e-06,5.993836950196732e-06,5.983720256366434e-06,5.993836950196732e-06,2451913282.72479,14696.368432674015,38.0
2026-09-26 15:53:00+00:00,5.993204667424562e-06,5.995236394855289e-06,5.9923533887504995e-06,5.9943851161812265e-06,32846212.378064,196.8928466019944,16.0
2026-09-26 15:54:00+00:00,5.997004802423663e-06,5.997004802423663e-06,5.997004802423663e-06,5.997004802423663e-06,118690069.85826,711.7849189399852,4.0
2026-09-26 15:55:00+00:00,6.005033988321011e-06,6.005946002080458e-06,6.005033988321011e-06,6.005946002080458e-06,72294695.114223,434.1980350928933,8.0
2026-09-26 15:56:00+00:00,6.005658603709705e-06,6.005658603709705e-06,6.005658603709705e-06,6.005658603709705e-06,2879258.0,17.29184058,2.0
2026-09-26 15:58:00+00:00,6.003e-06,6.003e-06,6.003e-06,6.003e-06,1158490.0,6.95441547,1.0
2026-09-26 15:59:00+00:00,6.006e-06,6.006e-06,6.006e-06,6.006e-06,7593700.0,45.607762199999996,1.0
2026-09-26 16:00:00+00:00,6.0094257902879355e-06,6.0094257902879355e-06,6.005597724959975e-06,6.005597724959975e-06,396006486.70893,2378.255655648543,11.0
2026-09-26 16:01:00+00:00,6.0000396534762645e-06,6.009980173261867e-06,6.0000396534762645e-06,6.009980173261867e-06,215246414.29005,1293.6266822489104,6.0
2026-09-26 16:02:00+00:00,6.004285053678336e-06,6.004285053678336e-06,6.004285053678336e-06,6.004285053678336e-06,1613862.41881,9.69008999995405,2.0
2026-09-26 16:03:00+00:00,6.000030990222422e-06,6.000061980444842e-06,6.000030990222422e-06,6.000061980444842e-06,53726676.832501,322.363390998336,10.0
2026-09-26 16:04:00+00:00,6.01e-06,6.01e-06,6e-06,6e-06,83273576.0,499.641456,3.0
2026-09-26 16:05:00+00:00,5.99e-06,5.99e-06,5.99e-06,5.99e-06,990766.0,5.93468834,2.0
2026-09-26 16:06:00+00:00,5.996915022593085e-06,5.999336705200217e-06,5.996915022593085e-06,5.998731284548434e-06,1100284016.28764,6600.308150393265,20.0
2026-09-26 16:07:00+00:00,5.998e-06,5.998e-06,5.998e-06,5.998e-06,6796619.779,40.766125434442,1.0
2026-09-26 16:08:00+00:00,5.99790630709556e-06,5.998534278570125e-06,5.9976244866175e-06,5.9976244866175e-06,129462174.825445,776.4655098238445,9.0
2026-09-26 16:09:00+00:00,5.9981111627754915e-06,6.008516709800875e-06,5.9981111627754915e-06,6.008516709800875e-06,1572985356.160507,9451.308796762487,30.0
2026-09-26 16:10:00+00:00,6.0100000698656035e-06,6.015484635516489e-06,6.008171881315308e-06,6.015484635516489e-06,1276736983.3450599,7680.191706907879,15.0
2026-09-26 16:11:00+00:00,6.0200184525318854e-06,6.0399823613095825e-06,6.0200184525318854e-06,6.0306284269752025e-06,4305138205.0,25962.688841129995,51.0
2026-09-26 16:12:00+00:00,6.035464977500354e-06,6.04e-06,6.024535022499646e-06,6.029070044999292e-06,227765139.0,1373.21197684,11.0
2026-09-26 16:13:00+00:00,6.050090360785196e-06,6.059989959912756e-06,6.03078911771791e-06,6.0311384961842666e-06,1484030929.0,8950.39606542,62.0
2026-09-26 16:14:00+00:00,6.024249665179088e-06,6.024249665179088e-06,6.022252208376812e-06,6.022252208376812e-06,23668626.9983,142.5384412097592,11.0
2026-09-26 16:15:00+00:00,6.020001567362072e-06,6.020001567362072e-06,6.010229646806463e-06,6.020001567362072e-06,335244810.0,2018.17428165,9.0
2026-09-26 16:16:00+00:00,6.018805474795698e-06,6.018805474795698e-06,6.011194525204302e-06,6.018805474795698e-06,8371527.0,50.38659254,5.0
2026-09-26 16:17:00+00:00,6.019985422861873e-06,6.019985422861873e-06,6.019985422861873e-06,6.019985422861873e-06,277557438.11388,1670.8917314524438,11.0
2026-09-26 16:18:00+00:00,6.010919969943389e-06,6.010976018172225e-06,6.010919969943389e-06,6.010976018172225e-06,14378866.5,86.4310217,5.0
2026-09-26 16:19:00+00:00,6.027745890432469e-06,6.03e-06,6.025491780864938e-06,6.03e-06,158542169.0,956.0092790699999,13.0
2026-09-26 16:20:00+00:00,6.019999999999999e-06,6.019999999999999e-06,6.010077364697035e-06,6.010077364697035e-06,1627923521.0,9783.94630502,7.0
2026-09-26 16:21:00+00:00,6.019818163935858e-06,6.029669896716915e-06,6.009993160830946e-06,6.010128063211816e-06,2054271274.469942,12346.433436141702,29.0
2026-09-26 16:22:00+00:00,6.020020189257589e-06,6.0300101378211515e-06,6.020020189257589e-06,6.0300101378211515e-06,441744822.0,2663.72575499,23.0
2026-09-26 16:23:00+00:00,6.029e-06,6.029e-06,6.029e-06,6.029e-06,10283300.0,61.9980157,1.0
2026-09-26 16:24:00+00:00,6.026e-06,6.026e-06,6.025e-06,6.025e-06,156880000.0,945.202,3.0
2026-09-26 16:25:00+00:00,6.03e-06,6.03e-06,6.03e-06,6.03e-06,82138424.0,495.29469672,1.0
2026-09-26 16:26:00+00:00,6.027009402107727e-06,6.027009402107727e-06,6.026012536143637e-06,6.026012536143637e-06,211407277.76477998,1273.9429060425641,4.0
2026-09-26 16:27:00+00:00,6.024624234754333e-06,6.024624234754333e-06,6.024624234754333e-06,6.024624234754333e-06,4964049.14736,29.90653079569664,3.0
2026-09-26 16:28:00+00:00,6.03e-06,6.03e-06,6.020969671860117e-06,6.020969671860117e-06,24817282.0,149.42410225999998,4.0
2026-09-26 16:29:00+00:00,6.02994099965583e-06,6.02994099965583e-06,6.02994099965583e-06,6.02994099965583e-06,11453662.0,69.06490609,2.0
2026-09-26 16:30:00+00:00,6.028900589422263e-06,6.028900589422263e-06,6.028900589422263e-06,6.028900589422263e-06,46197584.1777,278.52064247882015,4.0
2026-09-26 16:31:00+00:00,6.03e-06,6.03e-06,6.03e-06,6.03e-06,23316001.0,140.59548603,4.0
2026-09-26 16:32:00+00:00,6.040018510389137e-06,6.040018510389137e-06,6.040018510389137e-06,6.040018510389137e-06,208010629.42387,1256.38805207787,4.0
2026-09-26 16:33:00+00:00,6.0472379042524605e-06,6.053489459136817e-06,6.0472379042524605e-06,6.053489459136817e-06,481044764.08707,2911.9994087740347,19.0
2026-09-26 16:34:00+00:00,6.05e-06,6.058693946840369e-06,6.05e-06,6.05e-06,6181119.0,37.395769949999995,7.0
2026-09-26 16:35:00+00:00,6.048229463180067e-06,6.048229463180067e-06,6.048229463180067e-06,6.048229463180067e-06,21539569.0,130.27625585,2.0
2026-09-26 16:36:00+00:00,6.039999999999999e-06,6.039999999999999e-06,6.039999999999999e-06,6.039999999999999e-06,453700.0,2.7403479999999996,3.0
2026-09-26 16:37:00+00:00,6.042247697962863e-06,6.042247697962863e-06,6.0344953959257265e-06,6.042247697962863e-06,18247425.0,110.2554617,7.0
2026-09-26 16:38:00+00:00,6.0499837501561796e-06,6.049994583385392e-06,6.030037916302247e-06,6.049994583385392e-06,1723546355.181416,10427.446113061204,24.0
2026-09-26 16:39:00+00:00,6.048640167859068e-06,6.059162620808987e-06,6.048640167859068e-06,6.059162620808987e-06,2050123415.0894399,12422.0311647552,19.0
2026-09-26 16:40:00+00:00,6.05e-06,6.05e-06,6.040009285298337e-06,6.040009285298337e-06,1693593402.0,10229.3198736,9.0
2026-09-26 16:41:00+00:00,6.05e-06,6.05e-06,6.04e-06,6.05e-06,1864688.0,11.281362399999999,3.0
2026-09-26 16:42:00+00:00,6.0403752842151425e-06,6.0403752842151425e-06,6.0403752842151425e-06,6.0403752842151425e-06,29225971.22422,176.53583423996145,3.0
2026-09-26 16:43:00+00:00,6.043998422694726e-06,6.043998422694726e-06,6.043998422694726e-06,6.043998422694726e-06,113104294.33962,683.6021765886633,2.0
2026-09-26 16:44:00+00:00,6.04e-06,6.04e-06,6.04e-06,6.04e-06,1607492.0,9.70925168,1.0
2026-09-26 16:45:00+00:00,6.032963677215245e-06,6.032963677215245e-06,6.030077676625042e-06,6.032963677215245e-06,1415836488.0,8541.690104979998,15.0
2026-09-26 16:46:00+00:00,6.03e-06,6.03e-06,6.03e-06,6.03e-06,306799336.0,1849.9999960799998,2.0
2026-09-26 16:47:00+00:00,6.05e-06,6.05e-06,6.05e-06,6.05e-06,213201601.0,1289.86968605,4.0
2026-09-26 16:48:00+00:00,6.04134964730761e-06,6.041476160313092e-06,6.0334421227610504e-06,6.0337935769844676e-06,218795687.40344,1320.1680133267776,16.0
2026-09-26 16:49:00+00:00,6.049332957729094e-06,6.049646099242842e-06,6.049332957729094e-06,6.049646099242842e-06,319456813.0,1932.600662642,11.0
2026-09-26 16:50:00+00:00,6.050706272748368e-06,6.059582799657463e-06,6.050706272748368e-06,6.059582799657463e-06,111529151.0,675.8201250599999,7.0
2026-09-26 16:51:00+00:00,6.040020637936934e-06,6.040020637936934e-06,6.040020637936934e-06,6.040020637936934e-06,90750350.0,548.1339869,6.0
2026-09-26 16:52:00+00:00,6.046e-06,6.046e-06,6.046e-06,6.046e-06,3611328.464,21.834091893344002,1.0
2026-09-26 16:53:00+00:00,6.05e-06,6.05e-06,6.05e-06,6.05e-06,29917355.0,180.99999774999998,1.0
2026-09-26 16:54:00+00:00,6.05e-06,6.05e-06,6.05e-06,6.05e-06,69398213.0,419.85918864999996,2.0
2026-09-26 16:55:00+00:00,6.059528699669163e-06,6.059622959735331e-06,6.059528699669163e-06,6.059622959735331e-06,549591411.84565,3330.3167376932565,7.0
2026-09-26 16:56:00+00:00,6.055473476668085e-06,6.06e-06,6.053109320512557e-06,6.06e-06,1491942713.57795,9041.172844282377,16.0
2026-09-26 16:57:00+00:00,6.0611212265190635e-06,6.0615717518011435e-06,6.0611212265190635e-06,6.06140131338895e-06,473471320.0,2869.8996809,12.0
2026-09-26 16:58:00+00:00,6.061125652734864e-06,6.061125652734864e-06,6.061125652734864e-06,6.061125652734864e-06,56342172.0,341.49698404,5.0
2026-09-26 16:59:00+00:00,6.060004895468766e-06,6.060123748271498e-06,6.050414688428525e-06,6.0505335412312564e-06,6204676497.630829,37541.603261404605,31.0
2026-09-26 17:00:00+00:00,6.06e-06,6.06e-06,6.06e-06,6.06e-06,377699392.0,2288.85831552,6.0
2026-09-26 17:01:00+00:00,6.06e-06,6.06e-06,6.06e-06,6.06e-06,1096188.0,6.64289928,1.0
2026-09-26 17:02:00+00:00,6.057010503359059e-06,6.057066297207206e-06,6.050097218310323e-06,6.05015301215847e-06,230849530.830753,1396.67498431105,16.0
2026-09-26 17:03:00+00:00,6.049681786184363e-06,6.049681786184363e-06,6.049681786184363e-06,6.049681786184363e-06,259635707.0,1570.713407681,14.0
2026-09-26 17:04:00+00:00,6.0428136521118905e-06,6.0453105798135174e-06,6.0428136521118905e-06,6.0453105798135174e-06,853371705.0,5158.89699675,8.0
2026-09-26 17:05:00+00:00,6.039092316395572e-06,6.039092316395572e-06,6.03e-06,6.03e-06,1931858255.12984,11649.105278432935,17.0
2026-09-26 17:06:00+00:00,6.029621164702947e-06,6.02967503974011e-06,6.029296204443056e-06,6.0293500794802195e-06,84562755.8458,509.8584586799406,12.0
2026-09-26 17:07:00+00:00,6.022176983416768e-06,6.022362218339002e-06,6.015893013062777e-06,6.015893013062777e-06,46052202.417556,277.0451227599279,14.0
2026-09-26 17:08:00+00:00,6.022e-06,6.022e-06,6.022e-06,6.022e-06,1637121.96743,9.85874848786346,1.0
2026-09-26 17:09:00+00:00,6.03e-06,6.03e-06,6.02e-06,6.02e-06,31740153.0,191.07572106,4.0
2026-09-26 17:10:00+00:00,6.01e-06,6.01e-06,6.01e-06,6.01e-06,113752562.0,683.65289762,8.0
2026-09-26 17:11:00+00:00,6.01e-06,6.01e-06,6.01e-06,6.01e-06,340807148.0,2048.25095948,11.0
2026-09-26 17:12:00+00:00,6.010027565392974e-06,6.010027565392974e-06,6.010027565392974e-06,6.010027565392974e-06,57252112.48968,344.0867742399562,3.0
2026-09-26 17:13:00+00:00,6.013e-06,6.013e-06,6.01e-06,6.01e-06,95538203.30364001,574.1846018548764,2.0
2026-09-26 17:14:00+00:00,6.010120479532218e-06,6.011108431578996e-06,6.01e-06,6.010987952046778e-06,518812854.34567,3118.5778168388224,6.0
2026-09-26 17:15:00+00:00,6e-06,6e-06,6e-06,6e-06,515520618.0,3093.123708,6.0
2026-09-26 17:16:00+00:00,5.99e-06,6e-06,5.99e-06,6e-06,8358502.0,50.151012,5.0
2026-09-26 17:17:00+00:00,5.99e-06,5.99e-06,5.99e-06,5.99e-06,6564968.0,39.32415832,3.0
2026-09-26 17:18:00+00:00,5.980718108968215e-06,5.999122311261071e-06,5.980718108968215e-06,5.989920210114643e-06,5216200.0,31.2446218,8.0
2026-09-26 17:19:00+00:00,5.989944749913333e-06,5.989944749913333e-06,5.989723749566665e-06,5.989723749566665e-06,48942679.27147,293.153128399748,3.0
2026-09-26 17:20:00+00:00,5.987090980250367e-06,5.99425458815022e-06,5.987090980250367e-06,5.99425458815022e-06,293089766.78736997,1756.8546793050705,9.0
2026-09-26 17:21:00+00:00,5.990718088039051e-06,5.996587302616179e-06,5.990239362679684e-06,5.996108577256812e-06,2840771220.9011097,17033.57268366945,51.0
2026-09-26 17:22:00+00:00,5.980239567218271e-06,5.989636571095875e-06,5.980238601931751e-06,5.980238601931751e-06,431167318.09131,2578.4834395410385,18.0
2026-09-26 17:23:00+00:00,5.999815415124354e-06,5.999815415124354e-06,5.999815415124354e-06,5.999815415124354e-06,19238757.86395,115.42899599997209,3.0
2026-09-26 17:24:00+00:00,5.994e-06,5.994e-06,5.994e-06,5.994e-06,1199261.98029,7.18837630985826,1.0
2026-09-26 17:25:00+00:00,6.01e-06,6.01e-06,6.01e-06,6.01e-06,200000.0,1.202,1.0
2026-09-26 17:27:00+00:00,6.01e-06,6.01e-06,6.01e-06,6.01e-06,83315000.0,500.72315000000003,3.0
2026-09-26 17:28:00+00:00,6.02e-06,6.02e-06,6.02e-06,6.02e-06,8447188.0,50.85207176,2.0
2026-09-26 17:29:00+00:00,6.00601945338858e-06,6.00800972669429e-06,6.0040291800828695e-06,6.005024316735725e-06,357296929.08962,2145.5767474781683,14.0
2026-09-26 17:30:00+00:00,6.006773965156211e-06,6.00774167446424e-06,6.006773965156211e-06,6.00774167446424e-06,8601240.266309999,51.67402959999048,3.0
2026-09-26 17:32:00+00:00,6.000434168752839e-06,6.000434168752839e-06,6.000434168752839e-06,6.000434168752839e-06,4031782.676029,24.19244653023017,4.0
2026-09-26 17:33:00+00:00,6e-06,6e-06,6e-06,6e-06,314960629.0,1889.763774,3.0
2026-09-26 17:34:00+00:00,5.989919098854729e-06,5.989919098854729e-06,5.989838197709457e-06,5.989838197709457e-06,184245084.104896,1103.5982425116977,15.0
2026-09-26 17:35:00+00:00,5.989093391126566e-06,5.989093391126566e-06,5.9881400866898484e-06,5.9881400866898484e-06,257660453.24438,1542.9068888273473,7.0
2026-09-26 17:36:00+00:00,5.980051611075401e-06,5.980103222150801e-06,5.980051611075401e-06,5.980103222150801e-06,631741459.038054,3777.8791347597153,15.0
2026-09-26 17:37:00+00:00,5.989469826382353e-06,5.989469826382353e-06,5.988232754607842e-06,5.988232754607842e-06,1032869524.84894,6185.063119936662,10.0
2026-09-26 17:38:00+00:00,5.981877361638594e-06,5.987653297951757e-06,5.981877361638594e-06,5.987653297951757e-06,133859755.46575001,801.5058062775138,5.0
2026-09-26 17:39:00+00:00,5.986338932148063e-06,5.989999252336089e-06,5.986338932148063e-06,5.989999252336089e-06,1431258060.55247,8573.234712609295,23.0
2026-09-26 17:40:00+00:00,5.9893422258107526e-06,5.9893422258107526e-06,5.9893422258107526e-06,5.9893422258107526e-06,803062371.0,4809.815368590001,6.0
2026-09-26 17:41:00+00:00,5.989999999999999e-06,5.989999999999999e-06,5.9802309319576855e-06,5.9802309319576855e-06,7156870.0,42.79973535,3.0
2026-09-26 17:42:00+00:00,5.984974508003245e-06,5.984974508003245e-06,5.98e-06,5.98e-06,411302814.0,2459.59082772,8.0
2026-09-26 17:43:00+00:00,5.97953200403259e-06,5.97953200403259e-06,5.979064008065182e-06,5.979064008065182e-06,37593700.0,224.77513860000002,4.0
2026-09-26 17:44:00+00:00,5.978150843337837e-06,5.981256248139223e-06,5.978150843337837e-06,5.981256248139223e-06,371178392.36273,2220.113078493851,13.0
2026-09-26 17:45:00+00:00,5.982e-06,5.982e-06,5.982e-06,5.982e-06,831825.0,4.975977149999999,1.0
2026-09-26 17:46:00+00:00,5.973634885696137e-06,5.97445890632119e-06,5.97322287538361e-06,5.97445890632119e-06,8965795.0,53.565773789999994,10.0
2026-09-26 17:47:00+00:00,5.970172197403315e-06,5.970172197403315e-06,5.970172197403315e-06,5.970172197403315e-06,34843731.0,208.02307406999998,2.0
2026-09-26 17:48:00+00:00,5.984135068479033e-06,5.984135068479033e-06,5.984135068479033e-06,5.984135068479033e-06,1323817.37974,7.921902006364159,2.0
2026-09-26 17:49:00+00:00,5.9799999999999995e-06,5.9799999999999995e-06,5.9799999999999995e-06,5.9799999999999995e-06,1179361568.0,7052.5821766399995,10.0
2026-09-26 17:50:00+00:00,5.98e-06,5.98e-06,5.96e-06,5.98e-06,468042368.0,2798.89336064,9.0
2026-09-26 17:51:00+00:00,5.98e-06,5.98e-06,5.98e-06,5.98e-06,9130000.0,54.5974,1.0
2026-09-26 17:52:00+00:00,5.985e-06,5.985e-06,5.985e-06,5.985e-06,343458.64661,2.05559999996085,1.0
2026-09-26 17:54:00+00:00,5.98e-06,5.98e-06,5.98e-06,5.98e-06,15050167.0,89.99999866,1.0
2026-09-26 17:55:00+00:00,5.984008812977877e-06,5.996993615087458e-06,5.984008812977877e-06,5.996993615087458e-06,333598931.17604,2000.590660262712,8.0
2026-09-26 17:56:00+00:00,5.989999999999999e-06,5.989999999999999e-06,5.989999999999999e-06,5.989999999999999e-06,43082833.0,258.06616966999997,3.0
2026-09-26 17:57:00+00:00,5.997e-06,5.997e-06,5.997e-06,5.997e-06,45000000.0,269.865,1.0
2026-09-26 17:58:00+00:00,5.989996621075401e-06,5.989996621075401e-06,5.989996621075401e-06,5.989996621075401e-06,53271387.0,319.09542813,3.0
2026-09-26 17:59:00+00:00,5.992e-06,5.994e-06,5.991e-06,5.994e-06,68799755.59694,412.38573504805834,3.0
2026-09-26 18:00:00+00:00,5.993411632060779e-06,5.993411632060779e-06,5.993411632060779e-06,5.993411632060779e-06,90955839.76049,545.135788024377,7.0
2026-09-26 18:01:00+00:00,5.99e-06,5.99e-06,5.989e-06,5.989e-06,6071766.16301,36.36380755026689,3.0
2026-09-26 18:02:00+00:00,5.993e-06,5.993e-06,5.992e-06,5.992e-06,83651937.0,501.24240650400003,3.0
2026-09-26 18:03:00+00:00,5.997893239502295e-06,5.999987515647642e-06,5.997893239502295e-06,5.999987515647642e-06,1355232495.4292002,8131.3780533752015,25.0
2026-09-26 18:04:00+00:00,6e-06,6e-06,6e-06,6e-06,16954105.0,101.72463,2.0
2026-09-26 18:05:00+00:00,6e-06,6.001012545882116e-06,6e-06,6.001012545882116e-06,32753775.0,196.5558147,4.0
2026-09-26 18:06:00+00:00,6e-06,6e-06,6e-06,6e-06,209973753.0,1259.842518,3.0
2026-09-26 18:07:00+00:00,5.990323935110044e-06,5.990323935110044e-06,5.990323935110044e-06,5.990323935110044e-06,6528468.0,39.10763812,2.0
2026-09-26 18:08:00+00:00,5.980027266553833e-06,5.980027266553833e-06,5.980027266553833e-06,5.980027266553833e-06,296233842.0,1771.486452436,12.0
2026-09-26 18:10:00+00:00,5.97464165283622e-06,5.97464165283622e-06,5.97464165283622e-06,5.97464165283622e-06,10145438.31783,60.61535835998775,2.0
2026-09-26 18:11:00+00:00,5.970006631676388e-06,5.970006631676388e-06,5.970006546982517e-06,5.970006546982517e-06,3860964182.0,23049.981444204997,19.0
2026-09-26 18:12:00+00:00,5.979982262005386e-06,5.979982262005386e-06,5.979982262005386e-06,5.979982262005386e-06,373412585.47666,2233.000637559997,3.0
2026-09-26 18:13:00+00:00,5.99e-06,5.99e-06,5.99e-06,5.99e-06,190000.0,1.1381000000000001,1.0
2026-09-26 18:14:00+00:00,5.98e-06,5.98e-06,5.98e-06,5.98e-06,836120.0,4.9999976,1.0
2026-09-26 18:15:00+00:00,5.9808803899075e-06,5.9808803899075e-06,5.9796842889825e-06,5.9796842889825e-06,265876025.469988,1589.854692319998,16.0
2026-09-26 18:16:00+00:00,5.98e-06,5.98e-06,5.979405101012556e-06,5.979405101012556e-06,208234461.0,1245.1181983100003,4.0
2026-09-26 18:17:00+00:00,5.975e-06,5.975e-06,5.972e-06,5.972e-06,6443827.0,38.482534844,2.0
2026-09-26 18:18:00+00:00,5.9799999999999995e-06,5.9799999999999995e-06,5.9799999999999995e-06,5.9799999999999995e-06,138771707.0,829.8548078599999,3.0
2026-09-26 18:19:00+00:00,5.975291178661675e-06,5.975291178661675e-06,5.975032942929341e-06,5.975032942929341e-06,1611705.69323,9.62999461135602,5.0
2026-09-26 18:21:00+00:00,5.97999137345656e-06,5.97999568672828e-06,5.97999137345656e-06,5.97999568672828e-06,191986228.771117,1148.0768199625086,9.0
2026-09-26 18:22:00+00:00,5.98e-06,5.98e-06,5.98e-06,5.98e-06,5074181.0,30.34360238,2.0
2026-09-26 18:24:00+00:00,5.969986479275879e-06,5.969986479275879e-06,5.969246308308105e-06,5.969246308308105e-06,2260597865.69758,13494.065464384461,14.0
2026-09-26 18:25:00+00:00,5.967e-06,5.967e-06,5.967e-06,5.967e-06,208100.0,1.2417327,2.0
2026-09-26 18:26:00+00:00,5.97e-06,5.97e-06,5.963457410847451e-06,5.963457410847451e-06,266878520.0,1591.5186878899997,8.0
2026-09-26 18:27:00+00:00,5.976363958919706e-06,5.976363958919706e-06,5.976363958919706e-06,5.976363958919706e-06,11713256.0,70.002681,4.0
2026-09-26 18:28:00+00:00,5.969248935591583e-06,5.969248935591583e-06,5.9660905220333024e-06,5.9660905220333024e-06,58966770.90913,351.80109303586954,6.0
2026-09-26 18:29:00+00:00,5.96991550452706e-06,5.96991550452706e-06,5.960084495472938e-06,5.96991550452706e-06,70477208.00435,420.74297678094774,5.0
2026-09-26 18:30:00+00:00,5.97e-06,5.97e-06,5.97e-06,5.97e-06,78592096.0,469.19481312,7.0
2026-09-26 18:31:00+00:00,5.98e-06,5.98e-06,5.98e-06,5.98e-06,2502097.0,14.96254006,3.0
2026-09-26 18:32:00+00:00,5.98e-06,5.98e-06,5.98e-06,5.98e-06,212309047.0,1269.60810106,15.0
2026-09-26 18:33:00+00:00,5.975132512984269e-06,5.976104454731447e-06,5.974160571237089e-06,5.974160571237089e-06,183433873.54999,1095.8634147916403,8.0
2026-09-26 18:34:00+00:00,5.9756232374552645e-06,5.9760842068861675e-06,5.9756232374552645e-06,5.9760842068861675e-06,10618377.376249999,63.456317340965,7.0
2026-09-26 18:35:00+00:00,5.97010063988302e-06,5.97010063988302e-06,5.969999999999999e-06,5.969999999999999e-06,275248724.42817,1643.2348848361746,7.0
2026-09-26 18:37:00+00:00,5.962e-06,5.962e-06,5.962e-06,5.962e-06,4190412.33658,24.98323835068996,1.0
2026-09-26 18:38:00+00:00,5.967089963541085e-06,5.967089963541085e-06,5.96e-06,5.96e-06,7004871.0,41.74903116,4.0
2026-09-26 18:39:00+00:00,5.950731928746531e-06,5.950731928746531e-06,5.950731928746531e-06,5.950731928746531e-06,1191452507.0,7090.01447499,10.0
2026-09-26 18:40:00+00:00,5.949919002907025e-06,5.950091433537946e-06,5.949746572276105e-06,5.950091433537946e-06,130723580.45387,777.8172562199803,12.0
2026-09-26 18:41:00+00:00,5.952e-06,5.952e-06,5.952e-06,5.952e-06,59582600.0,354.6356352,2.0
2026-09-26 18:43:00+00:00,5.950340530562713e-06,5.950340530562713e-06,5.950340530562713e-06,5.950340530562713e-06,123344841.17204,733.9438076618101,4.0
2026-09-26 18:45:00+00:00,5.94e-06,5.94e-06,5.94e-06,5.94e-06,155000000.0,920.6999999999999,1.0
2026-09-26 18:46:00+00:00,5.94e-06,5.94e-06,5.93949172232606e-06,5.93949172232606e-06,348364229.0,2069.1064545,12.0
2026-09-26 18:48:00+00:00,5.944094289770584e-06,5.944094289770584e-06,5.943016759212077e-06,5.943016759212077e-06,31030874.100929998,184.41700483482697,5.0
2026-09-26 18:49:00+00:00,5.94945054430082e-06,5.950000000000001e-06,5.94890108860164e-06,5.950000000000001e-06,174271437.58576,1036.915053635272,7.0
2026-09-26 18:50:00+00:00,5.947e-06,5.947e-06,5.947e-06,5.947e-06,49071177.6999,291.8262937813053,2.0
2026-09-26 18:51:00+00:00,5.9450476869435306e-06,5.9450476869435306e-06,5.945035247235169e-06,5.945035247235169e-06,100372128.0,596.7158388,8.0
2026-09-26 18:52:00+00:00,5.94e-06,5.94e-06,5.94e-06,5.94e-06,674418.0,4.00604292,2.0
2026-09-26 18:53:00+00:00,5.947e-06,5.947e-06,5.947e-06,5.947e-06,7593700.0,45.1597339,1.0
2026-09-26 18:54:00+00:00,5.95e-06,5.96e-06,5.95e-06,5.96e-06,1696282585.0,10109.844206599999,3.0
2026-09-26 18:56:00+00:00,5.949994447196016e-06,5.949994447196016e-06,5.949988894392032e-06,5.949988894392032e-06,74953123.0,445.97024945,6.0
2026-09-26 18:57:00+00:00,5.9441879240791785e-06,5.9441879240791785e-06,5.9441879240791785e-06,5.9441879240791785e-06,26577584.0,157.982153864,4.0
2026-09-26 18:58:00+00:00,5.94e-06,5.94e-06,5.94e-06,5.94e-06,10000000.0,59.4,1.0
2026-09-26 18:59:00+00:00,5.939897770072447e-06,5.939897770072447e-06,5.939897770072447e-06,5.939897770072447e-06,82380590.83257,489.33228778363326,5.0
2026-09-26 19:00:00+00:00,5.939968150737378e-06,5.939968150737378e-06,5.939968150737378e-06,5.939968150737378e-06,129554928.95622,769.5521517709906,2.0
2026-09-26 19:01:00+00:00,5.950961005477864e-06,5.953844021911455e-06,5.948961508522484e-06,5.953766535911802e-06,16113878.70844,95.93827181805176,10.0
2026-09-26 19:02:00+00:00,5.953539776643276e-06,5.953539776643276e-06,5.953539776643276e-06,5.953539776643276e-06,8228183.0,48.98681478,3.0
2026-09-26 19:03:00+00:00,5.96e-06,5.96e-06,5.96e-06,5.96e-06,11321021.0,67.47328516,1.0
2026-09-26 19:04:00+00:00,5.96e-06,5.96e-06,5.96e-06,5.96e-06,338522.0,2.01759112,3.0
2026-09-26 19:05:00+00:00,5.957e-06,5.958e-06,5.957e-06,5.958e-06,24155610.1556,143.9191253070648,3.0
2026-09-26 19:06:00+00:00,5.95e-06,5.95e-06,5.95e-06,5.95e-06,3514083.0,20.90879385,1.0
2026-09-26 19:07:00+00:00,5.95995432263294e-06,5.95995432263294e-06,5.95995432263294e-06,5.95995432263294e-06,83898045.36272,500.02851811999756,2.0
2026-09-26 19:08:00+00:00,5.956072393204946e-06,5.956072393204946e-06,5.956072393204946e-06,5.956072393204946e-06,3777260.58965,22.4976375199554,2.0
2026-09-26 19:09:00+00:00,5.953866080988221e-06,5.953866080988221e-06,5.953866080988221e-06,5.953866080988221e-06,14872780.0,88.550540372,4.0
2026-09-26 19:10:00+00:00,5.95e-06,5.95e-06,5.95e-06,5.95e-06,962720617.0,5728.18767115,6.0
2026-09-26 19:12:00+00:00,5.959056231943928e-06,5.959056231943928e-06,5.959056231943928e-06,5.959056231943928e-06,1820371.0,10.847693152,2.0
2026-09-26 19:13:00+00:00,5.954e-06,5.954e-06,5.954e-06,5.954e-06,3710144.44071,22.09019999998734,1.0
2026-09-26 19:14:00+00:00,5.953221767179699e-06,5.956600775007091e-06,5.953221767179699e-06,5.956600775007091e-06,206274987.08224797,1228.697747918696,15.0
2026-09-26 19:15:00+00:00,5.95e-06,5.95e-06,5.95e-06,5.95e-06,304065.0,1.8091867499999998,1.0
2026-09-26 19:16:00+00:00,5.955e-06,5.955e-06,5.955e-06,5.955e-06,187371.95633,1.1157999999451498,1.0
2026-09-26 19:18:00+00:00,5.96e-06,5.96e-06,5.96e-06,5.96e-06,16764810.0,99.9182676,1.0
2026-09-26 19:19:00+00:00,5.95e-06,5.95e-06,5.95e-06,5.95e-06,244021299.0,1451.92672905,3.0
2026-09-26 19:20:00+00:00,5.949510985436155e-06,5.949510985436155e-06,5.949510985436155e-06,5.949510985436155e-06,2013564.38491,11.97972342790504,3.0
2026-09-26 19:21:00+00:00,5.94e-06,5.94e-06,5.94e-06,5.94e-06,1000000.0,5.9399999999999995,1.0
2026-09-26 19:22:00+00:00,5.940241733702583e-06,5.940241733702583e-06,5.940233398299377e-06,5.940233398299377e-06,199726391.0,1186.42137834,13.0
2026-09-26 19:23:00+00:00,5.943774542161915e-06,5.9462254578380835e-06,5.943019633729533e-06,5.945470549405701e-06,299841070.4807,1782.696254045281,5.0
2026-09-26 19:24:00+00:00,5.940006909955962e-06,5.940006909955962e-06,5.940006909955962e-06,5.940006909955962e-06,343191783.05383,2038.5615627798577,5.0
2026-09-26 19:25:00+00:00,5.940165190962755e-06,5.948985123290871e-06,5.940165190962755e-06,5.948985123290871e-06,50339915.71394,299.4714096899454,4.0
2026-09-26 19:27:00+00:00,5.95e-06,5.95e-06,5.949783331560002e-06,5.949783331560002e-06,77067800.0,458.53671183999995,5.0
2026-09-26 19:29:00+00:00,5.940064747200053e-06,5.942051797760043e-06,5.940064747200053e-06,5.942051797760043e-06,2569686.4090400003,15.269209746515683,4.0
2026-09-26 19:30:00+00:00,5.94e-06,5.94e-06,5.94e-06,5.94e-06,841246094.0,4997.00179836,1.0
2026-09-26 19:31:00+00:00,5.94e-06,5.94e-06,5.93e-06,5.93e-06,80197081.0,475.56869033,2.0
2026-09-26 19:32:00+00:00,5.93e-06,5.93e-06,5.92e-06,5.92e-06,452684822.0,2679.89414624,19.0
2026-09-26 19:34:00+00:00,5.93e-06,5.93e-06,5.93e-06,5.93e-06,1182241.66947,7.0106930999571,1.0
2026-09-26 19:35:00+00:00,5.930000000000001e-06,5.9499805061155895e-06,5.930000000000001e-06,5.9499805061155895e-06,1713357856.0,10194.445843200001,8.0
2026-09-26 19:36:00+00:00,5.93e-06,5.93e-06,5.93e-06,5.93e-06,845424.0,5.01336432,1.0
2026-09-26 19:37:00+00:00,5.9384843600962306e-06,5.938884252627879e-06,5.930123971930235e-06,5.930523864461884e-06,61253382.0,363.26464373,6.0
2026-09-26 19:38:00+00:00,5.934009269650963e-06,5.934009269650963e-06,5.924011025601425e-06,5.924011025601425e-06,2472409244.81547,14646.579626085737,28.0
2026-09-26 19:39:00+00:00,5.923e-06,5.927e-06,5.923e-06,5.927e-06,2354108.63302,13.95280186790954,2.0
2026-09-26 19:40:00+00:00,5.93e-06,5.93e-06,5.93e-06,5.93e-06,17165737.0,101.79282041,1.0
2026-09-26 19:41:00+00:00,5.932800606714686e-06,5.933199393285314e-06,5.932800606714686e-06,5.933199393285314e-06,8434601.446351,50.04417218409318,10.0
2026-09-26 19:42:00+00:00,5.93e-06,5.93e-06,5.93e-06,5.93e-06,959972.0,5.69263396,1.0
2026-09-26 19:43:00+00:00,5.93e-06,5.93e-06,5.93e-06,5.93e-06,2058081.0,12.20442033,1.0
2026-09-26 19:44:00+00:00,5.93e-06,5.93e-06,5.93e-06,5.93e-06,168634.0,0.99999962,1.0
2026-09-26 19:45:00+00:00,5.93e-06,5.93e-06,5.93e-06,5.93e-06,11519360.0,68.3098048,1.0
2026-09-26 19:47:00+00:00,5.930960755909366e-06,5.931921511818732e-06,5.93e-06,5.931921511818732e-06,14781868.82737,87.68488568195883,4.0
2026-09-26 19:49:00+00:00,5.930000000000001e-06,5.930000000000001e-06,5.930000000000001e-06,5.930000000000001e-06,200343929.0,1188.03949897,4.0
2026-09-26 19:50:00+00:00,5.9299981406570574e-06,5.9299981406570574e-06,5.929997675821322e-06,5.929997675821322e-06,895370059.0,5309.54236887,16.0
2026-09-26 19:51:00+00:00,5.92e-06,5.92e-06,5.92e-06,5.92e-06,132176.0,0.78248192,1.0
2026-09-26 19:52:00+00:00,5.920000496859676e-06,5.920000496859676e-06,5.910001614793948e-06,5.910001614793948e-06,3350644215.0,19802.31272125,22.0
2026-09-26 19:53:00+00:00,5.92203283103361e-06,5.92203283103361e-06,5.92e-06,5.92e-06,91782916.0,543.35486272,7.0
2026-09-26 19:55:00+00:00,5.92e-06,5.92e-06,5.92e-06,5.92e-06,74109391.0,438.72759472,2.0
2026-09-26 19:56:00+00:00,5.922064165890763e-06,5.922064165890763e-06,5.921720138242302e-06,5.921720138242302e-06,950505.0,5.628624599999999,4.0
2026-09-26 19:57:00+00:00,5.92e-06,5.93e-06,5.92e-06,5.93e-06,31119.0,0.18453567,2.0
2026-09-26 19:58:00+00:00,5.923e-06,5.923e-06,5.923e-06,5.923e-06,7593700.0,44.977485099999996,1.0
2026-09-26 19:59:00+00:00,5.93e-06,5.93e-06,5.93e-06,5.93e-06,804082.0,4.76820626,1.0
2026-09-26 20:00:00+00:00,5.918e-06,5.919e-06,5.918e-06,5.918e-06,460200.0,2.7234636,5.0
2026-09-26 20:01:00+00:00,5.915100739151524e-06,5.915100739151524e-06,5.914825554363643e-06,5.914825554363643e-06,1512438.2536,8.9458084317904,5.0
2026-09-26 20:02:00+00:00,5.921150585086734e-06,5.921150585086734e-06,5.921009015934523e-06,5.921009015934523e-06,2939906.0,17.407209932,5.0
2026-09-26 20:03:00+00:00,5.920180403241073e-06,5.920180403241073e-06,5.920180403241073e-06,5.920180403241073e-06,17072864.0,101.07443488,3.0
2026-09-26 20:04:00+00:00,5.912039925474187e-06,5.919774740234937e-06,5.909999999999999e-06,5.909999999999999e-06,560368646.70562,3311.778702030214,18.0
2026-09-26 20:06:00+00:00,5.915644641654104e-06,5.915644641654104e-06,5.915644641654104e-06,5.915644641654104e-06,138056569.0,816.69360265,2.0
2026-09-26 20:07:00+00:00,5.91e-06,5.91e-06,5.91e-06,5.91e-06,927497028.0,5481.50743548,4.0
2026-09-26 20:08:00+00:00,5.909999836199025e-06,5.909999836199025e-06,5.909999836199025e-06,5.909999836199025e-06,3645887946.0,21547.19716366,25.0
2026-09-26 20:09:00+00:00,5.897462385899755e-06,5.897673853741442e-06,5.888942660791565e-06,5.8945366796206895e-06,698649518.84612,4118.215215037801,44.0
2026-09-26 20:10:00+00:00,5.8900945758162645e-06,5.899858136275603e-06,5.8900945758162645e-06,5.899858136275603e-06,321168785.0,1894.8502692999998,7.0
2026-09-26 20:11:00+00:00,5.900177010553683e-06,5.900354021107364e-06,5.900177010553683e-06,5.900354021107364e-06,186668031.574581,1101.4074707132754,8.0
2026-09-26 20:12:00+00:00,5.904073142074734e-06,5.904073142074734e-06,5.904073142074734e-06,5.904073142074734e-06,1374038.13559,8.112421652523361,2.0
2026-09-26 20:13:00+00:00,5.9014037853442685e-06,5.9014037853442685e-06,5.9014037853442685e-06,5.9014037853442685e-06,5886598.0,34.73919172,2.0
2026-09-26 20:14:00+00:00,5.909807543618399e-06,5.909843376562492e-06,5.900013760784553e-06,5.909843376562492e-06,138317737.178983,817.4361629283243,16.0
2026-09-26 20:15:00+00:00,5.91e-06,5.91e-06,5.900111969735157e-06,5.900111969735157e-06,25488584.0,150.38549955000002,3.0
2026-09-26 20:16:00+00:00,5.9e-06,5.9e-06,5.9e-06,5.9e-06,21701255.0,128.0374045,3.0
2026-09-26 20:17:00+00:00,5.90310738270092e-06,5.905785234598162e-06,5.90310738270092e-06,5.905785234598162e-06,10190422.278281,60.18244542539209,11.0
2026-09-26 20:18:00+00:00,5.903106550425947e-06,5.905340174361078e-06,5.903106550425947e-06,5.905340174361078e-06,5977837.08797,35.30116151137488,4.0
2026-09-26 20:19:00+00:00,5.90708013786881e-06,5.90708013786881e-06,5.90708013786881e-06,5.90708013786881e-06,2850573.03049,16.83856332995198,4.0
2026-09-26 20:20:00+00:00,5.89998342100179e-06,5.89998342100179e-06,5.899979276252238e-06,5.899979276252238e-06,100416200.0,592.453499,6.0
2026-09-26 20:21:00+00:00,5.898e-06,5.898e-06,5.897e-06,5.897e-06,12165916.0,71.742406652,2.0
2026-09-26 20:22:00+00:00,5.900644842425663e-06,5.900644842425663e-06,5.900644842425663e-06,5.900644842425663e-06,15595655.0,92.02442124000001,2.0
2026-09-26 20:23:00+00:00,5.890319568680735e-06,5.9e-06,5.890319568680735e-06,5.9e-06,36849919.0,217.4145221,4.0
2026-09-26 20:24:00+00:00,5.89e-06,5.89861223956348e-06,5.89e-06,5.89861223956348e-06,16343426.0,96.40353264000001,3.0
2026-09-26 20:25:00+00:00,5.910014551101479e-06,5.910829770914239e-06,5.910014551101479e-06,5.910829770914239e-06,900603074.78904,5323.31146623996,6.0
2026-09-26 20:26:00+00:00,5.91002728458898e-06,5.91002728458898e-06,5.910006821147245e-06,5.910006821147245e-06,1042487624.22199,6161.108970113547,45.0
2026-09-26 20:27:00+00:00,5.92e-06,5.92e-06,5.91e-06,5.91e-06,541213.0,3.19856883,2.0
2026-09-26 20:29:00+00:00,5.91042903657163e-06,5.910554996043707e-06,5.910303077099553e-06,5.910303077099553e-06,390944510.10428,2310.600541044503,7.0
2026-09-26 20:30:00+00:00,5.91e-06,5.91e-06,5.91e-06,5.91e-06,18873041.0,111.53967231,2.0
2026-09-26 20:31:00+00:00,5.91e-06,5.91e-06,5.91e-06,5.91e-06,335560717.0,1983.16383747,2.0
2026-09-26 20:32:00+00:00,5.900005988761301e-06,5.900005988761301e-06,5.8900119775226025e-06,5.8900119775226025e-06,274060013.0,1614.2167591300001,6.0
2026-09-26 20:33:00+00:00,5.91e-06,5.91e-06,5.91e-06,5.91e-06,905824.0,5.35341984,1.0
2026-09-26 20:34:00+00:00,5.91e-06,5.91e-06,5.91e-06,5.91e-06,1687046311.0,9970.44369801,10.0
2026-09-26 20:35:00+00:00,5.890056670763435e-06,5.891879415628999e-06,5.890048574940088e-06,5.891871319805651e-06,102818449.0,605.79307081,15.0
2026-09-26 20:36:00+00:00,5.902783479248254e-06,5.903711305664339e-06,5.902783479248254e-06,5.903711305664339e-06,71651146.02135,423.0076808300504,4.0
2026-09-26 20:37:00+00:00,5.899449413465099e-06,5.899449413465099e-06,5.899449413465099e-06,5.899449413465099e-06,166037056.134,979.5272134231981,4.0
2026-09-26 20:38:00+00:00,5.895e-06,5.895e-06,5.894e-06,5.894e-06,78986290.48195998,465.5451961006721,17.0
2026-09-26 20:39:00+00:00,5.890419076810066e-06,5.890419076810066e-06,5.8888815387652886e-06,5.8888815387652886e-06,240800116.30141,1418.0433594199078,14.0
2026-09-26 20:40:00+00:00,5.868601974125819e-06,5.868601974125819e-06,5.840788327988524e-06,5.840788327988524e-06,4172950433.003242,24373.320182359992,61.0
2026-09-26 20:41:00+00:00,5.8400001236582985e-06,5.849999814512551e-06,5.839468181609445e-06,5.849467872463697e-06,3846082340.0,22497.53508268,23.0
2026-09-26 20:42:00+00:00,5.840426492898633e-06,5.840426492898633e-06,5.823481702178683e-06,5.8292105060842686e-06,2039537186.56867,11888.891595495643,61.0
2026-09-26 20:43:00+00:00,5.83e-06,5.832077973286461e-06,5.822801440684863e-06,5.831535372737658e-06,300961261.15741,1755.0662402631726,22.0
2026-09-26 20:44:00+00:00,5.827921973115597e-06,5.835594520943864e-06,5.814638224273307e-06,5.834897054988673e-06,1081465466.97689,6310.239668335406,28.0
2026-09-26 20:45:00+00:00,5.83098979666912e-06,5.8319261843488574e-06,5.829010203330879e-06,5.83049489833456e-06,1351483736.2603002,7879.81902944781,26.0
2026-09-26 20:46:00+00:00,5.829928799028906e-06,5.839572794173431e-06,5.828021538900049e-06,5.839572794173431e-06,3525617270.69101,20588.098696595207,21.0
2026-09-26 20:47:00+00:00,5.820066756720282e-06,5.820066756720282e-06,5.8172835759178885e-06,5.8172835759178885e-06,967374792.067,5627.493489648342,19.0
2026-09-26 20:48:00+00:00,5.8136528143171665e-06,5.823636186340774e-06,5.8136528143171665e-06,5.823636186340774e-06,250301053.0,1457.66226973,8.0
2026-09-26 20:49:00+00:00,5.81e-06,5.81e-06,5.81e-06,5.81e-06,129154894.0,750.38993414,9.0
2026-09-26 20:50:00+00:00,5.81e-06,5.81e-06,5.81e-06,5.81e-06,163332829.0,948.9637364900001,6.0
2026-09-26 20:51:00+00:00,5.830239948707365e-06,5.830239948707365e-06,5.820479897414729e-06,5.830239948707365e-06,200042753.0,1166.2972499900002,8.0
2026-09-26 20:52:00+00:00,5.834270759781737e-06,5.841220217080496e-06,5.834270759781737e-06,5.841220217080496e-06,338130255.74834,1975.0932858838023,11.0
2026-09-26 20:53:00+00:00,5.846347391577574e-06,5.851953043562331e-06,5.845859130686991e-06,5.851953043562331e-06,646486930.37479,3783.2111598300207,22.0
2026-09-26 20:54:00+00:00,5.859948246587861e-06,5.859948246587861e-06,5.8500057503791275e-06,5.8500057503791275e-06,205721204.9227,1203.4702317727179,4.0
2026-09-26 20:55:00+00:00,5.857886451286411e-06,5.857886451286411e-06,5.857886451286411e-06,5.857886451286411e-06,215601967.0,1262.9718413599999,5.0
2026-09-26 20:56:00+00:00,5.859966981236544e-06,5.859966981236544e-06,5.8599504718548166e-06,5.8599504718548166e-06,75629725.0,443.18644270000004,9.0
2026-09-26 20:57:00+00:00,5.85e-06,5.85e-06,5.85e-06,5.85e-06,260992424.0,1526.8056804,3.0
2026-09-26 20:58:00+00:00,5.85937307390998e-06,5.85937307390998e-06,5.85937307390998e-06,5.85937307390998e-06,8770683.0,51.39070381,4.0
2026-09-26 20:59:00+00:00,5.86e-06,5.86e-06,5.86e-06,5.86e-06,212778633.0,1246.8827893799998,3.0
2026-09-26 21:00:00+00:00,5.85e-06,5.85e-06,5.85e-06,5.85e-06,683760.0,3.999996,1.0
2026-09-26 21:01:00+00:00,5.86e-06,5.86e-06,5.86e-06,5.86e-06,229749896.0,1346.33439056,4.0
2026-09-26 21:02:00+00:00,5.864401884498341e-06,5.86880376899668e-06,5.864401884498341e-06,5.86880376899668e-06,14824872.15435,87.00426557434321,5.0
2026-09-26 21:03:00+00:00,5.868241828377107e-06,5.869766769015112e-06,5.868241828377107e-06,5.869766769015112e-06,32558710.0,191.11203400000002,5.0
2026-09-26 21:04:00+00:00,5.879026606309568e-06,5.879026606309568e-06,5.879026606309568e-06,5.879026606309568e-06,9596220.0,56.4164327,4.0
2026-09-26 21:05:00+00:00,5.88e-06,5.88e-06,5.88e-06,5.88e-06,211432325.0,1243.222071,6.0
2026-09-26 21:06:00+00:00,5.88100854507752e-06,5.88100854507752e-06,5.88100854507752e-06,5.88100854507752e-06,9312613.0,54.767556629999994,4.0
2026-09-26 21:07:00+00:00,5.88e-06,5.88e-06,5.88e-06,5.88e-06,175607031.78007,1032.5693468668117,1.0
2026-09-26 21:09:00+00:00,5.875e-06,5.875e-06,5.875e-06,5.875e-06,118900.0,0.6985374999999999,1.0
2026-09-26 21:10:00+00:00,5.874e-06,5.874e-06,5.874e-06,5.874e-06,1973496.0,11.592315504,1.0
2026-09-26 21:12:00+00:00,5.88e-06,5.88e-06,5.88e-06,5.88e-06,209973753.0,1234.6456676399998,2.0
2026-09-26 21:13:00+00:00,5.89e-06,5.89e-06,5.88e-06,5.89e-06,144655766.0,852.02246174,8.0
2026-09-26 21:14:00+00:00,5.8800000000000005e-06,5.8800000000000005e-06,5.879849638030141e-06,5.879849638030141e-06,227043075.0,1334.979142356,9.0
2026-09-26 21:15:00+00:00,5.88e-06,5.88e-06,5.878e-06,5.878e-06,9996572.46898,58.75985297266444,3.0
2026-09-26 21:16:00+00:00,5.88e-06,5.88e-06,5.88e-06,5.88e-06,117476619.0,690.76251972,2.0
2026-09-26 21:17:00+00:00,5.880007302617115e-06,5.8800219078513464e-06,5.880007302617115e-06,5.8800219078513464e-06,68121911.234937,400.5583304661343,7.0
2026-09-26 21:18:00+00:00,5.886e-06,5.891e-06,5.886e-06,5.891e-06,57208001.12969999,337.01233465506266,5.0
2026-09-26 21:19:00+00:00,5.890676307967778e-06,5.890676307967778e-06,5.890676307967778e-06,5.890676307967778e-06,10233681.0,60.28330221,2.0
2026-09-26 21:20:00+00:00,5.9e-06,5.9e-06,5.9e-06,5.9e-06,26711766.0,157.59941940000002,4.0
2026-09-26 21:22:00+00:00,5.9e-06,5.9e-06,5.9e-06,5.9e-06,17965812.0,105.9982908,2.0
2026-09-26 21:23:00+00:00,5.89e-06,5.897697809940003e-06,5.89e-06,5.897697809940003e-06,244931372.0,1444.5312162300002,4.0
2026-09-26 21:24:00+00:00,5.899993366731932e-06,5.902528032958509e-06,5.899993366731932e-06,5.899993366731932e-06,1144790158.0,6754.254338500001,10.0
2026-09-26 21:25:00+00:00,5.908446789302888e-06,5.908446789302888e-06,5.904203519738033e-06,5.904203519738033e-06,8359834.66,49.358165224000004,5.0
2026-09-26 21:26:00+00:00,5.900308693908715e-06,5.9100262142411915e-06,5.900308693908715e-06,5.9100262142411915e-06,289678421.156708,1712.0070627361445,14.0
2026-09-26 21:27:00+00:00,5.9111744425996295e-06,5.919869506377819e-06,5.9111744425996295e-06,5.9111744425996295e-06,7444408.87971,44.00519951000349,5.0
2026-09-26 21:28:00+00:00,5.922675245984931e-06,5.93e-06,5.922675245984931e-06,5.922675245984931e-06,927017558.0,5490.42394336,13.0
2026-09-26 21:29:00+00:00,5.92e-06,5.92e-06,5.92e-06,5.92e-06,6087723.0,36.03932016,2.0
2026-09-26 21:30:00+00:00,5.925930327201693e-06,5.925930327201693e-06,5.925930327201693e-06,5.925930327201693e-06,6216562.65812,36.83891718670287,2.0
2026-09-26 21:31:00+00:00,5.921008275852241e-06,5.921008275852241e-06,5.920009195391379e-06,5.920009195391379e-06,181555078.09927,1074.8077318176784,5.0
2026-09-26 21:32:00+00:00,5.92e-06,5.920127643833858e-06,5.910127643833858e-06,5.910255287667716e-06,2359017987.0,13942.398531370001,8.0
2026-09-26 21:34:00+00:00,5.923025718562387e-06,5.923025718562387e-06,5.923025718562387e-06,5.923025718562387e-06,217622078.39543,1288.981167263132,5.0
2026-09-26 21:35:00+00:00,5.929e-06,5.929e-06,5.929e-06,5.929e-06,310946.19666,1.8435999999971402,1.0
2026-09-26 21:36:00+00:00,5.92e-06,5.92e-06,5.92e-06,5.92e-06,9336400.0,55.271488,2.0
2026-09-26 21:37:00+00:00,5.920025385975778e-06,5.93e-06,5.920025385975778e-06,5.93e-06,466618660.0,2767.0486538,3.0
2026-09-26 21:38:00+00:00,5.919821426551855e-06,5.919821426551855e-06,5.919464279655565e-06,5.919464279655565e-06,607849080.09189,3598.1409170254374,8.0
2026-09-26 21:39:00+00:00,5.913994501178973e-06,5.913994501178973e-06,5.909999999999999e-06,5.909999999999999e-06,209544772.3,1238.409604293,7.0
2026-09-26 21:40:00+00:00,5.909e-06,5.909e-06,5.909e-06,5.909e-06,8171380.24357,48.28468585925513,1.0
2026-09-26 21:41:00+00:00,5.906e-06,5.906e-06,5.906e-06,5.906e-06,1184433.16412,6.995262267292721,1.0
2026-09-26 21:42:00+00:00,5.91e-06,5.91e-06,5.91e-06,5.91e-06,837560.0,4.9499796,5.0
2026-09-26 21:43:00+00:00,5.9063284661921615e-06,5.9063284661921615e-06,5.9063284661921615e-06,5.9063284661921615e-06,4079859.76024,24.09699183997744,3.0
2026-09-26 21:46:00+00:00,5.89e-06,5.9e-06,5.89e-06,5.9e-06,12348282.0,72.8548638,2.0
2026-09-26 21:47:00+00:00,5.8950062068530225e-06,5.8950062068530225e-06,5.894007448223627e-06,5.894007448223627e-06,153056628.95883998,902.1169110834029,3.0
2026-09-26 21:48:00+00:00,5.89e-06,5.89e-06,5.89e-06,5.89e-06,43220.0,0.2545658,1.0
2026-09-26 21:49:00+00:00,5.903e-06,5.903e-06,5.894e-06,5.894e-06,1369869.55853,8.07401117797582,2.0
2026-09-26 21:50:00+00:00,5.890715379323862e-06,5.890715379323862e-06,5.889284620676139e-06,5.890000000000001e-06,389256833.0,2292.7227463700006,8.0
2026-09-26 21:52:00+00:00,5.9e-06,5.9e-06,5.9e-06,5.9e-06,1679821.0,9.910943900000001,1.0
2026-09-26 21:53:00+00:00,5.890000000000001e-06,5.890000000000001e-06,5.890000000000001e-06,5.890000000000001e-06,201499202.0,1186.8302997800001,2.0
2026-09-26 21:54:00+00:00,5.9e-06,5.9e-06,5.9e-06,5.9e-06,8039544.0,47.4333096,2.0
2026-09-26 21:55:00+00:00,5.894e-06,5.894e-06,5.894e-06,5.894e-06,51665265.05857,304.5150722552116,3.0
2026-09-26 21:56:00+00:00,5.898238888419872e-06,5.898238888419872e-06,5.898238888419872e-06,5.898238888419872e-06,53211646.04171,313.85500000004726,2.0
2026-09-26 21:57:00+00:00,5.905e-06,5.907e-06,5.905e-06,5.907e-06,95635634.52995,564.9196931684146,2.0
2026-09-26 21:58:00+00:00,5.906e-06,5.906e-06,5.906e-06,5.906e-06,462813.13473,2.73337437371538,1.0
2026-09-26 21:59:00+00:00,5.904369428353916e-06,5.904369428353916e-06,5.904369428353916e-06,5.904369428353916e-06,104841219.126604,619.0212890424746,5.0
2026-09-26 22:00:00+00:00,5.910000576656993e-06,5.910000576656993e-06,5.910000576656993e-06,5.910000576656993e-06,871025775.70167,5147.7628366799745,10.0
2026-09-26 22:01:00+00:00,5.910440116826883e-06,5.919334916018184e-06,5.910440116826883e-06,5.919334916018184e-06,5699509.418372,33.73730510434387,9.0
2026-09-26 22:02:00+00:00,5.910834271749863e-06,5.910834271749863e-06,5.909999730015007e-06,5.909999730015007e-06,917121347.000837,5420.186913165946,26.0
2026-09-26 22:03:00+00:00,5.900656337132779e-06,5.900656337132779e-06,5.900656337132779e-06,5.900656337132779e-06,65826978.0,388.42237489,7.0
2026-09-26 22:04:00+00:00,5.9e-06,5.910789109978858e-06,5.9e-06,5.910789109978858e-06,186076737.0,1099.86035068,20.0
2026-09-26 22:05:00+00:00,5.9181957876348525e-06,5.9181957876348525e-06,5.911474530983905e-06,5.911474530983905e-06,410255734.07071,2425.216323149108,12.0
2026-09-26 22:06:00+00:00,5.920000000000001e-06,5.936548618638538e-06,5.920000000000001e-06,5.923451381361463e-06,176161350.0,1043.4831920000001,10.0
2026-09-26 22:07:00+00:00,5.920127812723627e-06,5.93e-06,5.920127812723627e-06,5.93e-06,1371861854.0,8135.14079422,13.0
2026-09-26 22:08:00+00:00,5.93e-06,5.93e-06,5.93e-06,5.93e-06,535116.0,3.17323788,2.0
2026-09-26 22:09:00+00:00,5.920728774769814e-06,5.920728774769814e-06,5.920000000000001e-06,5.920728774769814e-06,81906650.0,484.9470595,5.0
2026-09-26 22:10:00+00:00,5.921052011900967e-06,5.921052011900967e-06,5.921052011900967e-06,5.921052011900967e-06,18883987.89189,111.8130744999888,8.0
2026-09-26 22:11:00+00:00,5.92067309509789e-06,5.92067309509789e-06,5.92067309509789e-06,5.92067309509789e-06,17241739.0,102.08270021,4.0
2026-09-26 22:12:00+00:00,5.929012965347692e-06,5.929012965347692e-06,5.929012965347692e-06,5.929012965347692e-06,12820174.49013,76.0109807700005,7.0
2026-09-26 22:13:00+00:00,5.929167164499052e-06,5.929167164499052e-06,5.9283343289981035e-06,5.9283343289981035e-06,59450063.0,352.439849344,8.0
2026-09-26 22:14:00+00:00,5.927225032028779e-06,5.927225032028779e-06,5.919999999999999e-06,5.927225032028779e-06,12381833.0,73.38991049999998,4.0
2026-09-26 22:15:00+00:00,5.933046632812682e-06,5.933725700590485e-06,5.933046632812682e-06,5.933725700590485e-06,13684849.0,81.20214022,9.0
2026-09-26 22:16:00+00:00,5.94e-06,5.94e-06,5.94e-06,5.94e-06,1247077.0,7.40763738,3.0
2026-09-26 22:17:00+00:00,5.930541531358914e-06,5.930541531358914e-06,5.92108306271783e-06,5.92108306271783e-06,7213802.0,42.71352084000001,5.0
2026-09-26 22:18:00+00:00,5.920643375785355e-06,5.920643375785355e-06,5.92e-06,5.920643375785355e-06,149287667.0,883.87903671,8.0
2026-09-26 22:19:00+00:00,5.929113865345496e-06,5.93891918002822e-06,5.928325073349629e-06,5.928325073349629e-06,1969692245.98439,11676.975928651605,26.0
2026-09-26 22:20:00+00:00,5.928297906461394e-06,5.928297906461394e-06,5.92e-06,5.92e-06,2743680.0,16.2425856,6.0
2026-09-26 22:21:00+00:00,5.91493142046807e-06,5.918310473489357e-06,5.91493142046807e-06,5.916620946978713e-06,192866557.81494,1141.118315939555,9.0
2026-09-26 22:22:00+00:00,5.915019804989733e-06,5.917011882993841e-06,5.9140237659876796e-06,5.9140237659876796e-06,337504845.50932,1996.0116774781188,8.0
2026-09-26 22:23:00+00:00,5.916e-06,5.916e-06,5.916e-06,5.916e-06,1000000.0,5.9159999999999995,1.0
2026-09-26 22:24:00+00:00,5.92e-06,5.92e-06,5.92e-06,5.92e-06,1824119.0,10.79878448,4.0
2026-09-26 22:25:00+00:00,5.92e-06,5.92e-06,5.92e-06,5.92e-06,1926262.0,11.40347104,4.0
2026-09-26 22:26:00+00:00,5.92e-06,5.92e-06,5.91e-06,5.92e-06,35149771.0,208.08664432,3.0
2026-09-26 22:27:00+00:00,5.91e-06,5.92e-06,5.91e-06,5.92e-06,2639123.0,15.62360816,2.0
2026-09-26 22:28:00+00:00,5.92e-06,5.920036030253234e-06,5.92e-06,5.920036030253234e-06,275687765.37837,1632.0815041399503,11.0
2026-09-26 22:29:00+00:00,5.93e-06,5.93e-06,5.93e-06,5.93e-06,331380.0,1.9650834,2.0
2026-09-26 22:30:00+00:00,5.93e-06,5.93e-06,5.93e-06,5.93e-06,5169488.0,30.65506384,2.0
2026-09-26 22:31:00+00:00,5.921057535791131e-06,5.921057535791131e-06,5.9199984791631785e-06,5.9199984791631785e-06,1746932979.0,10341.840578880001,14.0
2026-09-26 22:32:00+00:00,5.916322240663432e-06,5.916322240663432e-06,5.916322240663432e-06,5.916322240663432e-06,11356208.0,67.18698596,5.0
2026-09-26 22:33:00+00:00,5.92e-06,5.92e-06,5.92e-06,5.92e-06,1824120.0,10.7987904,2.0
2026-09-26 22:34:00+00:00,5.910000000000001e-06,5.910000000000001e-06,5.910000000000001e-06,5.910000000000001e-06,622487383.0,3678.9004335300006,11.0
2026-09-26 22:35:00+00:00,5.909428711995844e-06,5.909428711995844e-06,5.909428711995844e-06,5.909428711995844e-06,1162636.0,6.87051456,3.0
2026-09-26 22:36:00+00:00,5.909999999999999e-06,5.909999999999999e-06,5.909640556364038e-06,5.909640556364038e-06,274062040.08323,1619.6081470357228,5.0
2026-09-26 22:37:00+00:00,5.90831734977094e-06,5.90831734977094e-06,5.90831734977094e-06,5.90831734977094e-06,7374472.0,43.570720863,4.0
2026-09-26 22:38:00+00:00,5.91e-06,5.91e-06,5.91e-06,5.91e-06,1661072.0,9.81693552,2.0
2026-09-26 22:39:00+00:00,5.908549102026364e-06,5.908549102026364e-06,5.908549102026364e-06,5.908549102026364e-06,22067022.59,130.38408650853998,9.0
2026-09-26 22:40:00+00:00,5.905518884536129e-06,5.905518884536129e-06,5.905518884536129e-06,5.905518884536129e-06,28035081.0,165.56170027500002,4.0
2026-09-26 22:41:00+00:00,5.9e-06,5.91e-06,5.9e-06,5.91e-06,74828908.0,442.23884628,8.0
2026-09-26 22:42:00+00:00,5.90054017731649e-06,5.90054017731649e-06,5.900518577563375e-06,5.900518577563375e-06,21963214.0,129.59435223,6.0
2026-09-26 22:43:00+00:00,5.91e-06,5.91e-06,5.91e-06,5.91e-06,580536.0,3.43096776,3.0
2026-09-26 22:44:00+00:00,5.908526383074049e-06,5.908526383074049e-06,5.908526383074049e-06,5.908526383074049e-06,1574628.89835,9.3037363894518,3.0
2026-09-26 22:45:00+00:00,5.91e-06,5.92e-06,5.91e-06,5.92e-06,5972630.0,35.3579696,4.0
2026-09-26 22:46:00+00:00,5.913356989091063e-06,5.913356989091063e-06,5.913356989091063e-06,5.913356989091063e-06,19509890.286140002,115.36894607994583,4.0
2026-09-26 22:47:00+00:00,5.910081650303812e-06,5.910081650303812e-06,5.900163300607623e-06,5.900163300607623e-06,629805005.0,3715.95237704,29.0
2026-09-26 22:49:00+00:00,5.92e-06,5.92e-06,5.92e-06,5.92e-06,10000000.0,59.2,1.0
2026-09-26 22:50:00+00:00,5.910056168009872e-06,5.910056168009872e-06,5.910056168009872e-06,5.910056168009872e-06,576236902.0,3405.5924569000003,10.0
2026-09-26 22:51:00+00:00,5.919933876325919e-06,5.919933876325919e-06,5.919933876325919e-06,5.919933876325919e-06,6326176.0,37.45054361,7.0
2026-09-26 22:52:00+00:00,5.912268079965156e-06,5.914201059973867e-06,5.912268079965156e-06,5.914201059973867e-06,34790484.97554,205.75792311934353,6.0
2026-09-26 22:53:00+00:00,5.913524273070581e-06,5.913524273070581e-06,5.913524273070581e-06,5.913524273070581e-06,8204648.0,48.518385099999996,5.0
2026-09-26 22:54:00+00:00,5.904692563628226e-06,5.904692563628226e-06,5.902346281814113e-06,5.904692563628226e-06,22904772.0,135.24563690000002,7.0
2026-09-26 22:55:00+00:00,5.905303000778506e-06,5.905303000778506e-06,5.905303000778506e-06,5.905303000778506e-06,44795780.12596,264.53265480004575,2.0
2026-09-26 22:56:00+00:00,5.91e-06,5.91e-06,5.91e-06,5.91e-06,1057154.0,6.247780140000001,2.0
2026-09-26 23:01:00+00:00,5.9e-06,5.91e-06,5.9e-06,5.91e-06,3521237.0,20.81051067,2.0
2026-09-26 23:03:00+00:00,5.92096782888652e-06,5.93e-06,5.92096782888652e-06,5.93e-06,1642699156.60403,9741.205998661897,40.0
2026-09-26 23:04:00+00:00,5.930521428822943e-06,5.930521428822943e-06,5.930521428822943e-06,5.930521428822943e-06,80114923.0,475.12326762000004,5.0
2026-09-26 23:05:00+00:00,5.939660205658072e-06,5.948980132971158e-06,5.939660205658072e-06,5.939660205658072e-06,619830791.15754,3681.5842844799995,19.0
2026-09-26 23:06:00+00:00,5.94e-06,5.94e-06,5.94e-06,5.94e-06,11374262.0,67.56311628,2.0
2026-09-26 23:07:00+00:00,5.930111325768889e-06,5.930111325768889e-06,5.930111325768889e-06,5.930111325768889e-06,506420037.0,3003.1271970099997,17.0
2026-09-26 23:09:00+00:00,5.930072219159981e-06,5.9404925939919915e-06,5.930072219159981e-06,5.9404925939919915e-06,1916001238.95682,11381.991170102468,36.0
2026-09-26 23:10:00+00:00,5.940824889241561e-06,5.940824889241561e-06,5.9383502215168785e-06,5.9383502215168785e-06,510747031.17701,3032.9947457290855,13.0
2026-09-26 23:11:00+00:00,5.939877364063947e-06,5.940109149137817e-06,5.9396166437095936e-06,5.939848428783463e-06,282299856.634079,1676.818359873731,18.0
2026-09-26 23:13:00+00:00,5.93e-06,5.93e-06,5.93e-06,5.93e-06,59635227.0,353.63689611,2.0
2026-09-26 23:14:00+00:00,5.937190588458235e-06,5.937190588458235e-06,5.937190588458235e-06,5.937190588458235e-06,5572562.0,33.08536266,4.0
2026-09-26 23:15:00+00:00,5.9306647462885e-06,5.9306647462885e-06,5.9306647462885e-06,5.9306647462885e-06,11282500.0,66.912725,2.0
2026-09-26 23:16:00+00:00,5.9330652377588416e-06,5.933070935302409e-06,5.9301005222115035e-06,5.9301062197550706e-06,439298101.69114,2605.084405165225,17.0
2026-09-26 23:17:00+00:00,5.939380607497644e-06,5.939380607497644e-06,5.939380607497644e-06,5.939380607497644e-06,10687811.0,63.47897739,2.0
2026-09-26 23:19:00+00:00,5.935e-06,5.935e-06,5.935e-06,5.935e-06,3914322.038,23.231501295530002,1.0
2026-09-26 23:20:00+00:00,5.935e-06,5.935e-06,5.935e-06,5.935e-06,3046577.962,18.08144020447,1.0
2026-09-26 23:21:00+00:00,5.94e-06,5.94e-06,5.94e-06,5.94e-06,8396772.0,49.876825679999996,2.0
2026-09-26 23:23:00+00:00,5.93e-06,5.93e-06,5.93e-06,5.93e-06,227794512.0,1350.82145616,6.0
2026-09-26 23:24:00+00:00,5.919823594541062e-06,5.919823594541062e-06,5.9197700191504934e-06,5.919823594541062e-06,245078381.33519,1450.8207843399896,9.0
2026-09-26 23:25:00+00:00,5.923e-06,5.923e-06,5.923e-06,5.923e-06,3633294.0,21.520000362,1.0
2026-09-26 23:26:00+00:00,5.925596588824143e-06,5.926330490686786e-06,5.925596588824143e-06,5.926330490686786e-06,22548072.14958,133.6273274862615,4.0
2026-09-26 23:27:00+00:00,5.92e-06,5.92e-06,5.92e-06,5.92e-06,968883.0,5.73578736,1.0
2026-09-26 23:29:00+00:00,5.92e-06,5.92e-06,5.92e-06,5.92e-06,1946666.0,11.52426272,1.0
2026-09-26 23:30:00+00:00,5.92e-06,5.93e-06,5.92e-06,5.93e-06,5669557.0,33.62047301,3.0
2026-09-26 23:31:00+00:00,5.929002777569251e-06,5.929002777569251e-06,5.929002777569251e-06,5.929002777569251e-06,1332100.0,7.8980245999999985,3.0
2026-09-26 23:32:00+00:00,5.92e-06,5.92e-06,5.91e-06,5.91e-06,1256911002.0,7428.34402182,8.0
2026-09-26 23:33:00+00:00,5.93e-06,5.93e-06,5.93e-06,5.93e-06,366762.0,2.17489866,1.0
2026-09-26 23:34:00+00:00,5.927e-06,5.927e-06,5.927e-06,5.927e-06,329154.7157,1.9508999999539,1.0
2026-09-26 23:35:00+00:00,5.93e-06,5.93e-06,5.93e-06,5.93e-06,206126.0,1.22232718,1.0
2026-09-26 23:38:00+00:00,5.92e-06,5.92e-06,5.92e-06,5.92e-06,206126.0,1.2202659200000001,1.0
2026-09-26 23:40:00+00:00,5.92e-06,5.93e-06,5.92e-06,5.93e-06,2840335.0,16.84318655,2.0
2026-09-26 23:41:00+00:00,5.92636234452705e-06,5.93e-06,5.92636234452705e-06,5.93e-06,72782918.0,431.60270374,5.0
2026-09-26 23:42:00+00:00,5.92e-06,5.92e-06,5.92e-06,5.92e-06,787521.0,4.66212432,1.0
2026-09-26 23:43:00+00:00,5.9200229067112755e-06,5.9200229067112755e-06,5.920015271140851e-06,5.920015271140851e-06,171920821.54043,1017.7738889464266,5.0
2026-09-26 23:44:00+00:00,5.93e-06,5.93e-06,5.93e-06,5.93e-06,117056.0,0.69414208,1.0
2026-09-26 23:45:00+00:00,5.929976265594709e-06,5.929976265594709e-06,5.9200356016079375e-06,5.9200356016079375e-06,257464471.52885,1524.1988375999651,6.0
2026-09-26 23:47:00+00:00,5.93e-06,5.93e-06,5.93e-06,5.93e-06,2000000.0,11.86,1.0
2026-09-26 23:48:00+00:00,5.930023752601373e-06,5.930023752601373e-06,5.930023752601373e-06,5.930023752601373e-06,491466590.0,2914.4085523100002,5.0
2026-09-26 23:49:00+00:00,5.933864478911386e-06,5.936493987949363e-06,5.933864478911386e-06,5.936493987949363e-06,247245658.84131002,1467.7723672580162,10.0
2026-09-26 23:50:00+00:00,5.93e-06,5.93e-06,5.93e-06,5.93e-06,240086800.0,1423.714724,2.0
2026-09-26 23:51:00+00:00,5.935e-06,5.935e-06,5.935e-06,5.935e-06,59594800.0,353.695138,2.0
2026-09-26 23:52:00+00:00,5.930000000000001e-06,5.930000000000001e-06,5.930000000000001e-06,5.930000000000001e-06,65173177.0,386.47693961000004,2.0
2026-09-26 23:53:00+00:00,5.9378247653386845e-06,5.9378247653386845e-06,5.929999999999999e-06,5.929999999999999e-06,49298603.0,292.34071578999993,5.0
2026-09-26 23:54:00+00:00,5.9299965377189925e-06,5.938024460613943e-06,5.9299965377189925e-06,5.938024460613943e-06,191838848.0,1139.1437719200003,7.0
2026-09-26 23:55:00+00:00,5.932e-06,5.936e-06,5.932e-06,5.936e-06,5915856.407938,35.11652363751996,11.0
2026-09-26 23:58:00+00:00,5.930005960250435e-06,5.930005960250435e-06,5.930005960250435e-06,5.930005960250435e-06,61619894.0,365.40633869000004,3.0
2026-09-26 23:59:00+00:00,5.93e-06,5.93e-06,5.93e-06,5.93e-06,151875000.0,900.61875,4.0
2026-09-27 00:00:00+00:00,5.92e-06,5.92e-06,5.92e-06,5.92e-06,2865868.0,16.96593856,1.0
2026-09-27 00:01:00+00:00,5.9204995188464735e-06,5.9204995188464735e-06,5.9199460229912e-06,5.9199460229912e-06,303784515.09262,1798.387931968866,7.0
2026-09-27 00:02:00+00:00,5.9104664609558855e-06,5.9104664609558855e-06,5.91e-06,5.91e-06,551286612.0,3258.10387692,5.0
2026-09-27 00:03:00+00:00,5.909999999999999e-06,5.909999999999999e-06,5.909999999999999e-06,5.909999999999999e-06,868212502.0,5131.1358868199995,8.0
2026-09-27 00:04:00+00:00,5.900011498186851e-06,5.900011498186851e-06,5.894354302228724e-06,5.894354302228724e-06,301411459.42639,1776.6259326109803,10.0
2026-09-27 00:05:00+00:00,5.900372347224468e-06,5.900372347224468e-06,5.900372347224468e-06,5.900372347224468e-06,89125332.0,525.87264437,3.0
2026-09-27 00:06:00+00:00,5.9e-06,5.91e-06,5.9e-06,5.91e-06,9293819.0,54.926470290000005,2.0
2026-09-27 00:07:00+00:00,5.9e-06,5.91e-06,5.9e-06,5.91e-06,3575331.0,21.13020621,2.0
2026-09-27 00:08:00+00:00,5.900544110228051e-06,5.900544110228051e-06,5.900544110228051e-06,5.900544110228051e-06,6418330.0,37.87163927900001,2.0
2026-09-27 00:09:00+00:00,5.9002552373291284e-06,5.9002552373291284e-06,5.9002552373291284e-06,5.9002552373291284e-06,18104380.42639,106.82046542940655,2.0
2026-09-27 00:10:00+00:00,5.905242392986075e-06,5.905242392986075e-06,5.905242392986075e-06,5.905242392986075e-06,349020.0,2.0610477,3.0
2026-09-27 00:12:00+00:00,5.898412624663565e-06,5.898412624663565e-06,5.889619770601496e-06,5.89104797943255e-06,1595771931.76448,9400.769014256317,35.0
2026-09-27 00:13:00+00:00,5.893275322441121e-06,5.894235990663818e-06,5.892882004668091e-06,5.894235990663818e-06,559884971.13415,3300.09414749068,11.0
2026-09-27 00:14:00+00:00,5.893444409369058e-06,5.893444409369058e-06,5.891722204684529e-06,5.892583307026794e-06,495170769.049,2917.835007825757,9.0
2026-09-27 00:16:00+00:00,5.9e-06,5.9e-06,5.89e-06,5.89e-06,27540281.0,162.21225509,5.0
2026-09-27 00:17:00+00:00,5.9e-06,5.9e-06,5.9e-06,5.9e-06,4057643.0,23.940093700000002,5.0
2026-09-27 00:18:00+00:00,5.890064087036537e-06,5.890064087036537e-06,5.890064087036537e-06,5.890064087036537e-06,263811231.0,1553.86505747,4.0
2026-09-27 00:19:00+00:00,5.880050891413949e-06,5.880050891413949e-06,5.880050891413949e-06,5.880050891413949e-06,332778728.0,1956.75585622,6.0
2026-09-27 00:20:00+00:00,5.880023944285751e-06,5.889944129999913e-06,5.880023944285751e-06,5.889944129999913e-06,852028926.02448,5018.4027714280155,4.0
2026-09-27 00:21:00+00:00,5.88085031638923e-06,5.88085031638923e-06,5.880170063277846e-06,5.880170063277846e-06,92074971.45284,541.416490714152,5.0
2026-09-27 00:22:00+00:00,5.889171787065674e-06,5.891237765744658e-06,5.888138797726182e-06,5.891237765744658e-06,2404312981.1810904,14164.379435404166,24.0
2026-09-27 00:23:00+00:00,5.887e-06,5.887e-06,5.887e-06,5.887e-06,1826902.17391,10.754973097808168,1.0
2026-09-27 00:24:00+00:00,5.885441206814704e-06,5.886352965451763e-06,5.885441206814704e-06,5.886352965451763e-06,9529623.88586,56.09472982017196,4.0
2026-09-27 00:26:00+00:00,5.89e-06,5.9e-06,5.89e-06,5.9e-06,37101153.0,218.89680270000002,3.0
2026-09-27 00:27:00+00:00,5.884e-06,5.884e-06,5.882e-06,5.882e-06,6795515.991843,39.97122506402052,7.0
2026-09-27 00:28:00+00:00,5.885055491793739e-06,5.887033295076243e-06,5.885055491793739e-06,5.887033295076243e-06,4588155.88485,27.01062645711195,3.0
2026-09-27 00:29:00+00:00,5.889361105268059e-06,5.889361105268059e-06,5.889361105268059e-06,5.889361105268059e-06,16520826.20788,97.29711129558167,3.0
2026-09-27 00:30:00+00:00,5.89e-06,5.9e-06,5.89e-06,5.9e-06,85139768.0,502.3246312,4.0
2026-09-27 00:31:00+00:00,5.8988957617547315e-06,5.8988957617547315e-06,5.8988957617547315e-06,5.8988957617547315e-06,2696856.28336,15.90847409997392,2.0
2026-09-27 00:32:00+00:00,5.893e-06,5.893e-06,5.893e-06,5.893e-06,999456.98286,5.88979999999398,1.0
2026-09-27 00:33:00+00:00,5.89e-06,5.9e-06,5.89e-06,5.9e-06,8823475.0,52.0585025,2.0
2026-09-27 00:34:00+00:00,5.9e-06,5.9e-06,5.9e-06,5.9e-06,2016774.0,11.898966600000001,1.0
2026-09-27 00:35:00+00:00,5.89136168828573e-06,5.89136168828573e-06,5.89136168828573e-06,5.89136168828573e-06,2926661.0,17.242018490000003,3.0
2026-09-27 00:37:00+00:00,5.893198376941065e-06,5.893838052329277e-06,5.893198376941065e-06,5.893838052329277e-06,19459778.12957,114.69278082994471,4.0
2026-09-27 00:38:00+00:00,5.88950242020178e-06,5.88950242020178e-06,5.889004840403561e-06,5.889004840403561e-06,352025703.53124,2073.0810720419413,7.0
2026-09-27 00:39:00+00:00,5.8901560137661095e-06,5.8901560137661095e-06,5.8901560137661095e-06,5.8901560137661095e-06,107616465.0,633.8777685,3.0
2026-09-27 00:40:00+00:00,5.892e-06,5.892e-06,5.892e-06,5.892e-06,16559032.95246,97.56582215589431,1.0
2026-09-27 00:41:00+00:00,5.893e-06,5.893e-06,5.893e-06,5.893e-06,4284470.46843,25.248384470457992,1.0
2026-09-27 00:42:00+00:00,5.89e-06,5.89e-06,5.89e-06,5.89e-06,143656909.6257,846.139197695373,7.0
2026-09-27 00:43:00+00:00,5.89e-06,5.89e-06,5.89e-06,5.89e-06,168081.0,0.98999709,1.0
2026-09-27 00:44:00+00:00,5.888e-06,5.888e-06,5.887e-06,5.887e-06,664200.0,3.9101453999999998,4.0
2026-09-27 00:45:00+00:00,5.889745484522594e-06,5.88978795907948e-06,5.889745484522594e-06,5.88978795907948e-06,151525199.86055,892.4512976357789,14.0
2026-09-27 00:46:00+00:00,5.89e-06,5.89e-06,5.89e-06,5.89e-06,3556469.0,20.947602410000002,3.0
2026-09-27 00:47:00+00:00,5.8800068898181994e-06,5.8800068898181994e-06,5.879909464468742e-06,5.879909464468742e-06,2173031212.76199,12777.226794505214,18.0
2026-09-27 00:48:00+00:00,5.879896518015051e-06,5.884917168061708e-06,5.879896518015051e-06,5.879896518015051e-06,12837017.0,75.48033156000001,16.0
2026-09-27 00:49:00+00:00,5.878174829744703e-06,5.878174829744703e-06,5.876958049574506e-06,5.876958049574506e-06,2599175.76463,15.27524693220125,3.0
2026-09-27 00:50:00+00:00,5.879770471338931e-06,5.879770471338931e-06,5.879770471338931e-06,5.879770471338931e-06,17775560.10199,104.51621339919123,3.0
2026-09-27 00:51:00+00:00,5.88e-06,5.88e-06,5.88e-06,5.88e-06,2021610.0,11.8870668,2.0
2026-09-27 00:53:00+00:00,5.872869371544126e-06,5.872869371544126e-06,5.872869371544126e-06,5.872869371544126e-06,8167074.554,47.964162003304,2.0
2026-09-27 00:54:00+00:00,5.875490869866414e-06,5.876406014844148e-06,5.875490869866414e-06,5.876406014844148e-06,16187562.77877,95.12469127883128,5.0
2026-09-27 00:55:00+00:00,5.870172404004965e-06,5.870172404004965e-06,5.870172404004965e-06,5.870172404004965e-06,145985712.061,856.9612983194969,3.0
2026-09-27 00:56:00+00:00,5.87e-06,5.87e-06,5.87e-06,5.87e-06,352547.0,2.0694508899999997,1.0
2026-09-27 00:57:00+00:00,5.87e-06,5.88e-06,5.87e-06,5.88e-06,16941266.0,99.61464407999999,2.0
2026-09-27 00:58:00+00:00,5.871446453131064e-06,5.871446453131064e-06,5.871446453131064e-06,5.871446453131064e-06,23293883.0,136.76878671999998,5.0
2026-09-27 01:01:00+00:00,5.87e-06,5.87e-06,5.87e-06,5.87e-06,195141563.0,1145.48097481,6.0
2026-09-27 01:02:00+00:00,5.871e-06,5.873e-06,5.871e-06,5.873e-06,850629.465805,4.995746852672766,5.0
2026-09-27 01:03:00+00:00,5.872999440117893e-06,5.872999440117893e-06,5.872999440117893e-06,5.872999440117893e-06,10621879.0,62.38228942,4.0
2026-09-27 01:04:00+00:00,5.8786670854334124e-06,5.879840459804207e-06,5.8786670854334124e-06,5.879840459804207e-06,49033668.56481,288.31014831999954,4.0
2026-09-27 01:05:00+00:00,5.8700000000000005e-06,5.8700000000000005e-06,5.8700000000000005e-06,5.8700000000000005e-06,61731145.0,362.36182115,4.0
2026-09-27 01:07:00+00:00,5.87e-06,5.87e-06,5.87e-06,5.87e-06,141238774.0,829.0716033799999,4.0
2026-09-27 01:10:00+00:00,5.8860077699776935e-06,5.887005827483269e-06,5.8860077699776935e-06,5.887005827483269e-06,196704297.0,1157.9993427299999,7.0
2026-09-27 01:11:00+00:00,5.880656977981285e-06,5.889727687574813e-06,5.880656977981285e-06,5.889727687574813e-06,467842605.50331,2755.465547059986,6.0
2026-09-27 01:12:00+00:00,5.893645879661524e-06,5.893645879661524e-06,5.893645879661524e-06,5.893645879661524e-06,344013.0,2.0274908,2.0
2026-09-27 01:13:00+00:00,5.889001676737248e-06,5.889001676737248e-06,5.88600670694899e-06,5.88600670694899e-06,158155966.54493,930.9070798274581,7.0
2026-09-27 01:14:00+00:00,5.887e-06,5.887e-06,5.887e-06,5.887e-06,6960900.0,40.9788183,1.0
2026-09-27 01:15:00+00:00,5.89e-06,5.89e-06,5.89e-06,5.89e-06,1650560.0,9.7217984,1.0
2026-09-27 01:16:00+00:00,5.89e-06,5.89e-06,5.89e-06,5.89e-06,1370878990.0,8074.4772511,16.0
2026-09-27 01:18:00+00:00,5.88993701398813e-06,5.88993701398813e-06,5.879979004662709e-06,5.879979004662709e-06,79088989.0,465.04159481999994,4.0
2026-09-27 01:19:00+00:00,5.872e-06,5.873e-06,5.872e-06,5.873e-06,254363095.27699,1493.8744585617624,4.0
2026-09-27 01:20:00+00:00,5.876e-06,5.876e-06,5.873e-06,5.873e-06,107865566.0,633.494469118,5.0
2026-09-27 01:21:00+00:00,5.8709305593355305e-06,5.8709305593355305e-06,5.8709305593355305e-06,5.8709305593355305e-06,99207000.0,582.437408,5.0
2026-09-27 01:22:00+00:00,5.87e-06,5.87e-06,5.87e-06,5.87e-06,6960900.0,40.860482999999995,1.0
2026-09-27 01:23:00+00:00,5.86e-06,5.86e-06,5.86e-06,5.86e-06,876599.0,5.13687014,2.0
2026-09-27 01:24:00+00:00,5.863e-06,5.865e-06,5.863e-06,5.865e-06,851063.829788,4.99148936170662,6.0
2026-09-27 01:25:00+00:00,5.86e-06,5.86e-06,5.86e-06,5.86e-06,4420704.0,25.90532544,1.0
2026-09-27 01:26:00+00:00,5.864e-06,5.864e-06,5.863e-06,5.864e-06,6382122.51013,37.42476639940232,5.0
2026-09-27 01:27:00+00:00,5.866e-06,5.866e-06,5.866e-06,5.866e-06,1365620.73669,8.01073124142354,1.0
2026-09-27 01:28:00+00:00,5.869433373509684e-06,5.869433373509684e-06,5.862266505961263e-06,5.862266505961263e-06,2905835.75869,17.03478363999292,4.0
2026-09-27 01:29:00+00:00,5.870630055896608e-06,5.870630055896608e-06,5.862835251534735e-06,5.863150279483039e-06,111799938.12942,655.4998384896953,6.0
2026-09-27 01:30:00+00:00,5.865398117413994e-06,5.865398117413994e-06,5.865285533901969e-06,5.865285533901969e-06,229635349.08479,1346.8768910595475,6.0
2026-09-27 01:31:00+00:00,5.8710645677029555e-06,5.8710645677029555e-06,5.8710645677029555e-06,5.8710645677029555e-06,31694332.56257,186.07947290509873,4.0
2026-09-27 01:34:00+00:00,5.862439968128663e-06,5.862439968128663e-06,5.862439968128663e-06,5.862439968128663e-06,3765802.87389,22.076793279986518,3.0
2026-09-27 01:36:00+00:00,5.87e-06,5.87e-06,5.87e-06,5.87e-06,33694022.0,197.78390914,1.0
2026-09-27 01:38:00+00:00,5.879941617363095e-06,5.879941617363095e-06,5.879941617363095e-06,5.879941617363095e-06,34146680.17574,200.78048586012102,3.0
2026-09-27 01:39:00+00:00,5.88e-06,5.88e-06,5.88e-06,5.88e-06,2000000.0,11.76,1.0
2026-09-27 01:41:00+00:00,5.879999242017156e-06,5.888940154682653e-06,5.879999242017156e-06,5.888940154682653e-06,250401446.0,1474.59913014,6.0
2026-09-27 01:43:00+00:00,5.886e-06,5.891e-06,5.886e-06,5.891e-06,784775476.3877301,4623.112331400118,15.0
2026-09-27 01:44:00+00:00,5.890000000000001e-06,5.890000000000001e-06,5.890000000000001e-06,5.890000000000001e-06,25161054.0,148.19860806000003,4.0
2026-09-27 01:45:00+00:00,5.8897202335539804e-06,5.889813489035986e-06,5.8897202335539804e-06,5.889813489035986e-06,87902893.724,517.731649180912,6.0
2026-09-27 01:46:00+00:00,5.890081141861557e-06,5.890081141861557e-06,5.890081141861557e-06,5.890081141861557e-06,79148633.74067,466.19187500002766,2.0
2026-09-27 01:47:00+00:00,5.880479115077385e-06,5.889946764991402e-06,5.880425880068787e-06,5.889893529982804e-06,12476752.0,73.48674088,6.0
2026-09-27 01:48:00+00:00,5.89e-06,5.89e-06,5.89e-06,5.89e-06,209973753.0,1236.7454051700001,3.0
2026-09-27 01:50:00+00:00,5.890905145696492e-06,5.892810291392983e-06,5.890905145696492e-06,5.892810291392983e-06,30402392.916302,179.15553386015756,8.0
2026-09-27 01:51:00+00:00,5.897903459064884e-06,5.900990167475157e-06,5.897903459064884e-06,5.900990167475157e-06,686460850.31788,4050.7987280824455,13.0
2026-09-27 01:52:00+00:00,5.900641796098834e-06,5.900641796098834e-06,5.900641796098834e-06,5.900641796098834e-06,76249450.70395,449.92069575330504,8.0
2026-09-27 01:53:00+00:00,5.9e-06,5.9e-06,5.9e-06,5.9e-06,13302900.0,78.48711,1.0
2026-09-27 01:54:00+00:00,5.900010381477285e-06,5.9082771368763105e-06,5.900010381477285e-06,5.9082771368763105e-06,104810067.33333,619.2469245399803,5.0
2026-09-27 01:55:00+00:00,5.90996422518511e-06,5.90996422518511e-06,5.90996422518511e-06,5.90996422518511e-06,331641129.0,1959.9872079900001,7.0
2026-09-27 01:56:00+00:00,5.9e-06,5.9e-06,5.9e-06,5.9e-06,198300.0,1.16997,1.0
2026-09-27 01:57:00+00:00,5.91e-06,5.91e-06,5.91e-06,5.91e-06,10000000.0,59.1,1.0
2026-09-27 01:58:00+00:00,5.9e-06,5.9e-06,5.9e-06,5.9e-06,78522863.0,463.2848917,5.0
2026-09-27 01:59:00+00:00,5.9e-06,5.9006940727210815e-06,5.9e-06,5.9006940727210815e-06,730866752.56742,4312.621114823481,11.0
2026-09-27 02:00:00+00:00,5.904821535178542e-06,5.90675014924996e-06,5.904821535178542e-06,5.90675014924996e-06,48294475.79424,285.26340210557566,3.0
2026-09-27 02:01:00+00:00,5.91e-06,5.91e-06,5.91e-06,5.91e-06,837563.0,4.94999733,1.0
2026-09-27 02:02:00+00:00,5.907467740345772e-06,5.907467740345772e-06,5.907467740345772e-06,5.907467740345772e-06,101509535.0,599.6643033500001,2.0
2026-09-27 02:03:00+00:00,5.893255181212642e-06,5.893255181212642e-06,5.893255181212642e-06,5.893255181212642e-06,4304639.0,25.368336090000003,2.0
2026-09-27 02:04:00+00:00,5.9e-06,5.9e-06,5.9e-06,5.9e-06,33813770.0,199.50124300000002,1.0
2026-09-27 02:06:00+00:00,5.89e-06,5.89e-06,5.89e-06,5.89e-06,21488203.0,126.56551567000001,2.0
2026-09-27 02:07:00+00:00,5.896592428024153e-06,5.899058224567978e-06,5.896592428024153e-06,5.899058224567978e-06,51594612.10815,304.35962089997685,5.0
2026-09-27 02:08:00+00:00,5.900051956013661e-06,5.900051956013661e-06,5.900051956013661e-06,5.900051956013661e-06,221480929.18233,1306.7489894419293,13.0
2026-09-27 02:09:00+00:00,5.9e-06,5.902130863683537e-06,5.9e-06,5.902130863683537e-06,45021444.0,265.72245416000004,4.0
2026-09-27 02:10:00+00:00,5.900157018134738e-06,5.900157018134738e-06,5.900157018134738e-06,5.900157018134738e-06,44331822.0,261.5647107,3.0
2026-09-27 02:11:00+00:00,5.900003196908393e-06,5.900003196908393e-06,5.900002740207194e-06,5.900002740207194e-06,1454342580.0,8580.6252072,10.0
2026-09-27 02:12:00+00:00,5.89e-06,5.89e-06,5.89e-06,5.89e-06,254668930.0,1499.9999977,2.0
2026-09-27 02:14:00+00:00,5.89e-06,5.895575353675719e-06,5.887345212205431e-06,5.895575353675719e-06,1373663162.94396,8098.534687704643,23.0
2026-09-27 02:15:00+00:00,5.9e-06,5.9e-06,5.89e-06,5.89e-06,673468.0,3.9667265200000004,2.0
2026-09-27 02:16:00+00:00,5.900142695277907e-06,5.900142695277907e-06,5.8998573047220915e-06,5.8998573047220915e-06,6982011.0,41.1928686,10.0
2026-09-27 02:17:00+00:00,5.902e-06,5.902e-06,5.902e-06,5.902e-06,674577.0,3.981353454,1.0
2026-09-27 02:18:00+00:00,5.900426106381146e-06,5.904441069375589e-06,5.900426106381146e-06,5.904441069375589e-06,126169306.787849,744.9592366928239,10.0
2026-09-27 02:19:00+00:00,5.90995316240834e-06,5.90995316240834e-06,5.90995316240834e-06,5.90995316240834e-06,10047058.0,59.37764220000001,2.0
2026-09-27 02:20:00+00:00,5.908e-06,5.908e-06,5.907e-06,5.907e-06,664200.0,3.9234294000000003,4.0
2026-09-27 02:22:00+00:00,5.909e-06,5.909e-06,5.908e-06,5.909e-06,1660500.0,9.8118945,10.0
2026-09-27 02:23:00+00:00,5.908815601824587e-06,5.9089848015639316e-06,5.908815601824587e-06,5.9089848015639316e-06,101705248.54357,600.9747678832373,4.0
2026-09-27 02:24:00+00:00,5.9e-06,5.9e-06,5.9e-06,5.9e-06,4882571.0,28.8071689,1.0
2026-09-27 02:25:00+00:00,5.900130781484136e-06,5.900130781484136e-06,5.900130781484136e-06,5.900130781484136e-06,6986463.0,41.2210454,2.0
2026-09-27 02:26:00+00:00,5.89999663607334e-06,5.89999663607334e-06,5.89999663607334e-06,5.89999663607334e-06,138831655.50723,819.1063004731499,4.0
2026-09-27 02:27:00+00:00,5.899e-06,5.899e-06,5.899e-06,5.899e-06,6960900.0,41.0623491,1.0
2026-09-27 02:28:00+00:00,5.8999474178540536e-06,5.8999474178540536e-06,5.899894835708107e-06,5.899894835708107e-06,18947496.0,111.78823380000001,7.0
2026-09-27 02:29:00+00:00,5.89e-06,5.89e-06,5.89e-06,5.89e-06,3210417.0,18.909356130000003,1.0
2026-09-27 02:30:00+00:00,5.898e-06,5.898e-06,5.898e-06,5.898e-06,6960900.0,41.0553882,1.0
2026-09-27 02:32:00+00:00,5.893e-06,5.893e-06,5.893e-06,5.893e-06,41250000.0,243.08625,1.0
2026-09-27 02:33:00+00:00,5.89e-06,5.89e-06,5.89e-06,5.89e-06,57955772.0,341.35949708000004,3.0
2026-09-27 02:34:00+00:00,5.898925174366605e-06,5.898925174366605e-06,5.898925174366605e-06,5.898925174366605e-06,9552270.58713,56.34812943878283,2.0
2026-09-27 02:35:00+00:00,5.8899999999999995e-06,5.8899999999999995e-06,5.880652723203361e-06,5.880652723203361e-06,90044051.1511,529.5177946099789,4.0
2026-09-27 02:36:00+00:00,5.89e-06,5.89e-06,5.89e-06,5.89e-06,255104245.0,1502.56400305,3.0
2026-09-27 02:39:00+00:00,5.898773006652534e-06,5.898773006652534e-06,5.898568507761289e-06,5.898568507761289e-06,21279658.58713,125.5195239979571,3.0
2026-09-27 02:40:00+00:00,5.893e-06,5.893e-06,5.889e-06,5.889e-06,772873658.13376,4551.452972749712,12.0
2026-09-27 02:41:00+00:00,5.89e-06,5.9e-06,5.89e-06,5.9e-06,18898758.0,111.5026722,2.0
2026-09-27 02:42:00+00:00,5.88e-06,5.89e-06,5.88e-06,5.89e-06,1141239.0,6.72189771,2.0
2026-09-27 02:44:00+00:00,5.89e-06,5.89e-06,5.89e-06,5.89e-06,266000558.0,1566.7432866200002,3.0
2026-09-27 02:46:00+00:00,5.89e-06,5.89e-06,5.89e-06,5.89e-06,62505613.0,368.15806057000003,2.0
2026-09-27 02:47:00+00:00,5.890083421006088e-06,5.890166842012177e-06,5.89e-06,5.89e-06,184309933.04674,1085.5855056452986,8.0
2026-09-27 02:48:00+00:00,5.885130117781945e-06,5.885130117781945e-06,5.882931495875397e-06,5.882931495875397e-06,83294016.32687,490.01299206730306,7.0
2026-09-27 02:49:00+00:00,5.885e-06,5.885e-06,5.884e-06,5.884e-06,5746899.76763,33.81475823273492,2.0
2026-09-27 02:50:00+00:00,5.89e-06,5.89e-06,5.89e-06,5.89e-06,20000000.0,117.80000000000001,2.0
2026-09-27 02:51:00+00:00,5.880859991806066e-06,5.880859991806066e-06,5.880859991806066e-06,5.880859991806066e-06,26717755.87565,157.12338159995153,2.0
2026-09-27 02:52:00+00:00,5.882e-06,5.882e-06,5.882e-06,5.882e-06,6960900.0,40.9440138,1.0
2026-09-27 02:53:00+00:00,5.88e-06,5.88e-06,5.88e-06,5.88e-06,190000.0,1.1172,1.0
2026-09-27 02:54:00+00:00,5.871326075423158e-06,5.871326075423158e-06,5.871326075423158e-06,5.871326075423158e-06,18661338.45865,109.56680309456875,2.0
2026-09-27 02:55:00+00:00,5.875e-06,5.875e-06,5.874e-06,5.874e-06,17326126.0,101.773664124,3.0
2026-09-27 02:56:00+00:00,5.8707169983677466e-06,5.8707169983677466e-06,5.870062301145411e-06,5.870062301145411e-06,232981157.99736,1367.6139124375056,11.0
2026-09-27 02:57:00+00:00,5.870188434218441e-06,5.870188434218441e-06,5.864113060531065e-06,5.864113060531065e-06,2363330947.4454603,13858.83987527218,30.0
2026-09-27 02:58:00+00:00,5.869786567653499e-06,5.869786567653499e-06,5.869786567653499e-06,5.869786567653499e-06,192945337.01256,1132.5479474877022,4.0
2026-09-27 02:59:00+00:00,5.87e-06,5.87e-06,5.87e-06,5.87e-06,474185035.3906,2783.466157742822,6.0
2026-09-27 03:00:00+00:00,5.88e-06,5.88e-06,5.88e-06,5.88e-06,222172.0,1.30637136,1.0
2026-09-27 03:02:00+00:00,5.875e-06,5.876e-06,5.875e-06,5.876e-06,25531914.89361,150.02553191485237,3.0
2026-09-27 03:03:00+00:00,5.879725616061258e-06,5.879725616061258e-06,5.879725616061258e-06,5.879725616061258e-06,33020057.8428,194.14887994213558,2.0
2026-09-27 03:04:00+00:00,5.872e-06,5.872e-06,5.871e-06,5.871e-06,3059330.01522,17.96132651935662,3.0
2026-09-27 03:05:00+00:00,5.877767409822063e-06,5.877767409822063e-06,5.869394451321405e-06,5.869662347075048e-06,959141363.3965,5629.835946250661,18.0
2026-09-27 03:06:00+00:00,5.875906992971388e-06,5.875906992971388e-06,5.87492463645606e-06,5.87492463645606e-06,132281465.0,777.143637675,5.0
2026-09-27 03:07:00+00:00,5.8758070656266005e-06,5.8758070656266005e-06,5.8758070656266005e-06,5.8758070656266005e-06,9960900.0,58.52832660000001,2.0
2026-09-27 03:08:00+00:00,5.88e-06,5.88e-06,5.88e-06,5.88e-06,10000000.0,58.8,1.0
2026-09-27 03:09:00+00:00,5.87e-06,5.87e-06,5.87e-06,5.87e-06,50000000.0,293.5,2.0
2026-09-27 03:10:00+00:00,5.87e-06,5.87e-06,5.87e-06,5.87e-06,600000000.0,3522.0,3.0
2026-09-27 03:11:00+00:00,5.867988697758788e-06,5.867988697758788e-06,5.867988697758788e-06,5.867988697758788e-06,41071500.0,241.00709780000005,4.0
2026-09-27 03:13:00+00:00,5.86946796416206e-06,5.86946796416206e-06,5.86946796416206e-06,5.86946796416206e-06,142788227.0,838.090924036,4.0
2026-09-27 03:14:00+00:00,5.87e-06,5.87e-06,5.87e-06,5.87e-06,17035775.0,99.99999925,1.0
2026-09-27 03:15:00+00:00,5.874917939950222e-06,5.874927380702876e-06,5.874917939950222e-06,5.874927380702876e-06,35188356.35266,206.7290382181722,6.0
2026-09-27 03:17:00+00:00,5.87e-06,5.87e-06,5.87e-06,5.87e-06,1000000.0,5.87,1.0
2026-09-27 03:18:00+00:00,5.86e-06,5.86e-06,5.86e-06,5.86e-06,17064846.0,99.99999756,1.0
2026-09-27 03:19:00+00:00,5.863769872309513e-06,5.863769872309513e-06,5.863769872309513e-06,5.863769872309513e-06,66566118.0,390.32839724499996,3.0
2026-09-27 03:20:00+00:00,5.860132685774736e-06,5.860132685774736e-06,5.86e-06,5.86e-06,182906428.73358,1071.8316723787786,5.0
2026-09-27 03:21:00+00:00,5.86e-06,5.862e-06,5.86e-06,5.862e-06,851498.637603,4.991485013628786,5.0
2026-09-27 03:22:00+00:00,5.863173881343574e-06,5.863173881343574e-06,5.863173881343574e-06,5.863173881343574e-06,4025733.78839,23.603577201330566,2.0
2026-09-27 03:23:00+00:00,5.87e-06,5.87e-06,5.87e-06,5.87e-06,845447.0,4.962773889999999,1.0
2026-09-27 03:24:00+00:00,5.861312937961135e-06,5.861312937961135e-06,5.861312937961135e-06,5.861312937961135e-06,2259269.0204600003,13.24228273995698,2.0
2026-09-27 03:26:00+00:00,5.86e-06,5.86e-06,5.857262645048345e-06,5.857262645048345e-06,466206284.0,2730.69265216,7.0
2026-09-27 03:27:00+00:00,5.857e-06,5.857e-06,5.857e-06,5.857e-06,3483012.0,20.400001284,2.0
2026-09-27 03:28:00+00:00,5.850998336211784e-06,5.850998336211784e-06,5.850665557474522e-06,5.850665557474522e-06,391076943.09879,2288.060401310514,18.0
2026-09-27 03:29:00+00:00,5.859830557136544e-06,5.859915278568272e-06,5.859830557136544e-06,5.859915278568272e-06,208041280.10937,1219.1042758857989,6.0
2026-09-27 03:30:00+00:00,5.86e-06,5.86e-06,5.86e-06,5.86e-06,186943109.0,1095.48661874,2.0
2026-09-27 03:32:00+00:00,5.87e-06,5.87e-06,5.86e-06,5.86e-06,30944050.0,181.332133,2.0
2026-09-27 03:33:00+00:00,5.869998193787673e-06,5.869998193787673e-06,5.869998193787673e-06,5.869998193787673e-06,210163553.0,1233.6596765099998,4.0
2026-09-27 03:36:00+00:00,5.860095447787215e-06,5.860095447787215e-06,5.860095447787215e-06,5.860095447787215e-06,17396946.0,101.94776406,3.0
2026-09-27 03:37:00+00:00,5.8700080433751934e-06,5.8700080433751934e-06,5.8700080433751934e-06,5.8700080433751934e-06,211676345.26459,1242.5418492954077,22.0
2026-09-27 03:38:00+00:00,5.878480947210041e-06,5.878480947210041e-06,5.878177136652049e-06,5.878177136652049e-06,27678130.1716,162.69695195997838,6.0
2026-09-27 03:39:00+00:00,5.882157759737592e-06,5.882157759737592e-06,5.882157759737592e-06,5.882157759737592e-06,77286589.0,454.61190921,2.0
2026-09-27 03:40:00+00:00,5.882332838275876e-06,5.886659115502682e-06,5.882319102405277e-06,5.886645379632083e-06,177560560.668756,1045.2360540656148,15.0
2026-09-27 03:41:00+00:00,5.893138531240901e-06,5.893138531240901e-06,5.893138531240901e-06,5.893138531240901e-06,29951937.0,176.51091402,2.0
2026-09-27 03:42:00+00:00,5.900090921816859e-06,5.900090921816859e-06,5.900090921816859e-06,5.900090921816859e-06,276471598.0,1631.2075655,10.0
2026-09-27 03:43:00+00:00,5.899369627203577e-06,5.900166626996752e-06,5.899369627203577e-06,5.900166626996752e-06,1713492188.644127,10109.8894270577,33.0
2026-09-27 03:45:00+00:00,5.893e-06,5.894e-06,5.893e-06,5.894e-06,147416420.46629,868.8723822283132,3.0
2026-09-27 03:46:00+00:00,5.892277392747626e-06,5.892277392747626e-06,5.889430651813093e-06,5.8905693481869065e-06,299862564.31228,1766.3612300066416,6.0
2026-09-27 03:47:00+00:00,5.89e-06,5.89e-06,5.89e-06,5.89e-06,251030038.56943,1478.5669271739428,7.0
2026-09-27 03:48:00+00:00,5.890527515450422e-06,5.890527515450422e-06,5.890527515450422e-06,5.890527515450422e-06,31881815.0,187.8007085,3.0
2026-09-27 03:49:00+00:00,5.88e-06,5.89e-06,5.88e-06,5.89e-06,11460649.0,67.50322261000001,2.0
2026-09-27 03:51:00+00:00,5.885e-06,5.885e-06,5.885e-06,5.885e-06,331520.81563,1.9509999999825502,1.0
2026-09-27 03:52:00+00:00,5.8851957585710875e-06,5.8851957585710875e-06,5.8851957585710875e-06,5.8851957585710875e-06,42930815.0,252.65625035000002,2.0
2026-09-27 03:53:00+00:00,5.88e-06,5.88e-06,5.88e-06,5.88e-06,10547619.0,62.019999719999994,1.0
2026-09-27 03:54:00+00:00,5.8883783955649006e-06,5.8883783955649006e-06,5.8883783955649006e-06,5.8883783955649006e-06,11200834.618999999,65.954752582815,2.0
2026-09-27 03:55:00+00:00,5.882321556101423e-06,5.882321556101423e-06,5.881857244881138e-06,5.881857244881138e-06,127872754.84166,752.1292894883275,4.0
2026-09-27 03:56:00+00:00,5.881265765416122e-06,5.881518918499346e-06,5.881265765416122e-06,5.881518918499346e-06,185272397.71893,1089.6831122596218,6.0
2026-09-27 03:57:00+00:00,5.885128405854702e-06,5.885128405854702e-06,5.885128405854702e-06,5.885128405854702e-06,38938917.63434,229.16053026309095,2.0
2026-09-27 03:59:00+00:00,5.878229016502024e-06,5.878229016502024e-06,5.878229016502024e-06,5.878229016502024e-06,96062946.58046,564.6799999999438,3.0
2026-09-27 04:00:00+00:00,5.87e-06,5.87e-06,5.87e-06,5.87e-06,8814024.0,51.738320879999996,2.0
2026-09-27 04:01:00+00:00,5.869442267414371e-06,5.869442267414371e-06,5.863267462704783e-06,5.863267462704783e-06,33795857.491,198.154151601188,8.0
2026-09-27 04:02:00+00:00,5.852982552218488e-06,5.852982552218488e-06,5.849261954354372e-06,5.849261954354372e-06,328057932.8639,1918.8967855249512,13.0
2026-09-27 04:03:00+00:00,5.847673342590503e-06,5.847673342590503e-06,5.847673342590503e-06,5.847673342590503e-06,2033322.92699,11.89020827703752,5.0
2026-09-27 04:04:00+00:00,5.852e-06,5.852e-06,5.852e-06,5.852e-06,2810073.02596,16.444547347917922,1.0
2026-09-27 04:05:00+00:00,5.85e-06,5.85e-06,5.84e-06,5.85e-06,3408890.0,19.942006499999998,3.0
2026-09-27 04:06:00+00:00,5.852e-06,5.858e-06,5.852e-06,5.858e-06,333187.56515000004,1.9518127566487,4.0
2026-09-27 04:07:00+00:00,5.855924389749681e-06,5.858886584624521e-06,5.855924389749681e-06,5.857405487187101e-06,135131458.305802,791.5197453719995,10.0
2026-09-27 04:08:00+00:00,5.859e-06,5.859e-06,5.859e-06,5.859e-06,10421415.918,61.059075863562,1.0
2026-09-27 04:09:00+00:00,5.852e-06,5.852e-06,5.852e-06,5.852e-06,15082829.24897,88.26471676497245,2.0
2026-09-27 04:10:00+00:00,5.857818919385078e-06,5.857818919385078e-06,5.857818919385078e-06,5.857818919385078e-06,746795.05378,4.3745901949356805,2.0
2026-09-27 04:11:00+00:00,5.86e-06,5.86e-06,5.86e-06,5.86e-06,339590.0,1.9899974,1.0
2026-09-27 04:12:00+00:00,5.869999999999999e-06,5.869999999999999e-06,5.869999999999999e-06,5.869999999999999e-06,62491752.0,366.82658423999993,3.0
2026-09-27 04:13:00+00:00,5.88e-06,5.88e-06,5.88e-06,5.88e-06,40000000.0,235.2,1.0
2026-09-27 04:17:00+00:00,5.865e-06,5.865e-06,5.865e-06,5.865e-06,257318.0,1.50917007,1.0
2026-09-27 04:18:00+00:00,5.87e-06,5.87e-06,5.87e-06,5.87e-06,17036.0,0.10000131999999999,1.0
2026-09-27 04:20:00+00:00,5.87e-06,5.87e-06,5.87e-06,5.87e-06,21473705.0,126.05064834999999,3.0
2026-09-27 04:21:00+00:00,5.8622750781201035e-06,5.865676273918386e-06,5.8622750781201035e-06,5.865676273918386e-06,222386259.08625,1304.445803567684,6.0
2026-09-27 04:22:00+00:00,5.86e-06,5.86e-06,5.86e-06,5.86e-06,12912051.0,75.66461886,3.0
2026-09-27 04:23:00+00:00,5.86e-06,5.86e-06,5.86e-06,5.86e-06,16937812.0,99.25557832,2.0
2026-09-27 04:24:00+00:00,5.859009857604563e-06,5.8619802847908755e-06,5.859009857604563e-06,5.8619802847908755e-06,336423618.84962004,1972.1086210344727,8.0
2026-09-27 04:25:00+00:00,5.86e-06,5.86e-06,5.86e-06,5.86e-06,105990917.3,621.106775378,3.0
2026-09-27 04:26:00+00:00,5.864999308927188e-06,5.8719983414252525e-06,5.864999308927188e-06,5.8719983414252525e-06,4721195722.88528,27722.85345432636,32.0
2026-09-27 04:30:00+00:00,5.849999999999999e-06,5.849999999999999e-06,5.849999999999999e-06,5.849999999999999e-06,336306490.0,1967.3929664999996,4.0
2026-09-27 04:31:00+00:00,5.85e-06,5.85e-06,5.85e-06,5.85e-06,56986453.0,333.37075004999997,1.0
2026-09-27 04:32:00+00:00,5.853e-06,5.854e-06,5.853e-06,5.854e-06,17082336.86369,100.00000000004127,3.0
2026-09-27 04:35:00+00:00,5.85e-06,5.85e-06,5.85e-06,5.85e-06,46765109.0,273.57588764999997,2.0
2026-09-27 04:36:00+00:00,5.850000000000001e-06,5.850000000000001e-06,5.850000000000001e-06,5.850000000000001e-06,94292184.0,551.6092764000001,4.0
2026-09-27 04:38:00+00:00,5.843e-06,5.843e-06,5.843e-06,5.843e-06,332100.0,1.9404603,2.0
2026-09-27 04:39:00+00:00,5.84e-06,5.84e-06,5.84e-06,5.84e-06,52605240.0,307.2146016,3.0
2026-09-27 04:40:00+00:00,5.847e-06,5.847e-06,5.846e-06,5.846e-06,521900.0,3.0510273999999997,3.0
2026-09-27 04:41:00+00:00,5.8473391817650855e-06,5.8473391817650855e-06,5.8473391817650855e-06,5.8473391817650855e-06,7488524.62442,43.787943449983736,2.0
2026-09-27 04:44:00+00:00,5.839183194607392e-06,5.839183194607392e-06,5.837351248533479e-06,5.837351248533479e-06,52418300.60798,305.98403249999524,7.0
2026-09-27 04:45:00+00:00,5.840000000000001e-06,5.840000000000001e-06,5.840000000000001e-06,5.840000000000001e-06,407483268.4884,2379.7022879722563,5.0
2026-09-27 04:46:00+00:00,5.832924014807309e-06,5.832924014807309e-06,5.832844928088125e-06,5.832844928088125e-06,122372000.0,713.77689954,12.0
2026-09-27 04:47:00+00:00,5.839957823792935e-06,5.8458720269433924e-06,5.839957823792935e-06,5.8458720269433924e-06,950023788.0,5553.7174872,16.0
2026-09-27 04:48:00+00:00,5.85e-06,5.85e-06,5.84e-06,5.84e-06,34907087.0,203.85738808,4.0
2026-09-27 04:49:00+00:00,5.841520542753058e-06,5.842610519665936e-06,5.841520542753058e-06,5.842610519665936e-06,161553129.89352,943.8920162008374,8.0
2026-09-27 04:50:00+00:00,5.8394019722834396e-06,5.8394019722834396e-06,5.8394019722834396e-06,5.8394019722834396e-06,10570266.09805,61.724032700513945,2.0
2026-09-27 04:51:00+00:00,5.8398032520786325e-06,5.8398032520786325e-06,5.8398032520786325e-06,5.8398032520786325e-06,17426711.64634,101.76856734533293,3.0
2026-09-27 04:52:00+00:00,5.83e-06,5.84e-06,5.83e-06,5.84e-06,13234537.0,77.28969608,2.0
2026-09-27 04:53:00+00:00,5.84e-06,5.84e-06,5.84e-06,5.84e-06,367059390.0,2143.6268376,6.0
2026-09-27 04:54:00+00:00,5.85e-06,5.85e-06,5.85e-06,5.85e-06,8489661.0,49.66451685,2.0
2026-09-27 04:56:00+00:00,5.85e-06,5.85e-06,5.85e-06,5.85e-06,169230.0,0.9899955,1.0
2026-09-27 04:58:00+00:00,5.847866221859231e-06,5.847866221859231e-06,5.847866221859231e-06,5.847866221859231e-06,2863861.0,16.747476006,2.0
2026-09-27 04:59:00+00:00,5.8451289334984645e-06,5.8451289334984645e-06,5.8451289334984645e-06,5.8451289334984645e-06,3877968.146,22.667223813369997,2.0
2026-09-27 05:00:00+00:00,5.84e-06,5.84e-06,5.84e-06,5.84e-06,500000.0,2.92,1.0
2026-09-27 05:01:00+00:00,5.842001672597623e-06,5.842001672597623e-06,5.842001672597623e-06,5.842001672597623e-06,4995822.0,29.18560048,2.0
2026-09-27 05:02:00+00:00,5.85e-06,5.85e-06,5.85e-06,5.85e-06,3391077.0,19.83780045,2.0
2026-09-27 05:05:00+00:00,5.859122438432437e-06,5.859122438432437e-06,5.859122438432437e-06,5.859122438432437e-06,77227516.0,452.4854718600001,5.0
2026-09-27 05:06:00+00:00,5.86e-06,5.86e-06,5.86e-06,5.86e-06,372164133.0,2180.88181938,5.0
2026-09-27 05:07:00+00:00,5.86e-06,5.86e-06,5.86e-06,5.86e-06,2205053.0,12.92161058,2.0
2026-09-27 05:08:00+00:00,5.864e-06,5.864e-06,5.862e-06,5.862e-06,278332083.0,1631.582670546,5.0
2026-09-27 05:09:00+00:00,5.87e-06,5.87e-06,5.87e-06,5.87e-06,217124653.0,1274.5217131099998,4.0
2026-09-27 05:13:00+00:00,5.872509575234486e-06,5.872509575234486e-06,5.872509575234486e-06,5.872509575234486e-06,4591274.93188,26.962305999999362,2.0
2026-09-27 05:14:00+00:00,5.862081394491227e-06,5.862081394491227e-06,5.85342278990201e-06,5.855060815139075e-06,3234004022.34072,18935.290227209305,50.0
2026-09-27 05:15:00+00:00,5.86099843527078e-06,5.86099843527078e-06,5.8589989568471864e-06,5.8589989568471864e-06,1637344000.0,9593.196788,7.0
2026-09-27 05:17:00+00:00,5.859434977578475e-06,5.859434977578475e-06,5.859434977578475e-06,5.859434977578475e-06,27875000.0,163.33174999999997,4.0
2026-09-27 05:19:00+00:00,5.8700000000000005e-06,5.8700000000000005e-06,5.8700000000000005e-06,5.8700000000000005e-06,112087163.0,657.95164681,4.0
2026-09-27 05:22:00+00:00,5.860159252474034e-06,5.860159252474034e-06,5.860159252474034e-06,5.860159252474034e-06,25024415.0,146.64705709999998,5.0
2026-09-27 05:23:00+00:00,5.870021770387984e-06,5.870021770387984e-06,5.870021770387984e-06,5.870021770387984e-06,583254756.58623,3423.7181188435147,7.0
2026-09-27 05:24:00+00:00,5.87e-06,5.88e-06,5.87e-06,5.88e-06,1318450.0,7.752485999999999,2.0
2026-09-27 05:25:00+00:00,5.870003874571204e-06,5.870003874571204e-06,5.870003874571204e-06,5.870003874571204e-06,849333678.90735,4985.5919859899595,7.0
2026-09-27 05:27:00+00:00,5.86e-06,5.87e-06,5.86e-06,5.87e-06,1049644.0,6.16141028,2.0
2026-09-27 05:28:00+00:00,5.861043949591361e-06,5.861043949591361e-06,5.861043949591361e-06,5.861043949591361e-06,43320983.632,253.90618900667997,4.0
2026-09-27 05:30:00+00:00,5.862e-06,5.863e-06,5.862e-06,5.863e-06,118630746.05595,695.5320641260348,2.0
2026-09-27 05:32:00+00:00,5.862e-06,5.862e-06,5.861e-06,5.861e-06,161564790.28859,946.9312358814261,4.0
2026-09-27 05:33:00+00:00,5.86e-06,5.86e-06,5.86e-06,5.86e-06,215281.0,1.26154666,1.0
2026-09-27 05:34:00+00:00,5.868e-06,5.868e-06,5.868e-06,5.868e-06,189800.0,1.1137464000000001,1.0
2026-09-27 05:35:00+00:00,5.87e-06,5.87e-06,5.87e-06,5.87e-06,824117.0,4.8375667899999995,2.0
2026-09-27 05:36:00+00:00,5.879514342244921e-06,5.879514342244921e-06,5.879514342244921e-06,5.879514342244921e-06,76441485.0,449.43880740000003,11.0
2026-09-27 05:37:00+00:00,5.891766764686751e-06,5.893361932767643e-06,5.891766764686751e-06,5.893361932767643e-06,137546213.86188,810.6096207699206,6.0
2026-09-27 05:38:00+00:00,5.9e-06,5.9e-06,5.89e-06,5.9e-06,59766434.0,352.6219606,8.0
2026-09-27 05:39:00+00:00,5.892748225835747e-06,5.892748225835747e-06,5.8888221889275365e-06,5.8888221889275365e-06,1336346671.4133599,7869.50793071845,18.0
2026-09-27 05:41:00+00:00,5.880017135646756e-06,5.880017135646756e-06,5.880017135646756e-06,5.880017135646756e-06,933726064.0,5490.325256319999,25.0
2026-09-27 05:42:00+00:00,5.88e-06,5.89e-06,5.88e-06,5.88e-06,91602815.0,538.6245521999999,4.0
2026-09-27 05:43:00+00:00,5.88e-06,5.88e-06,5.88e-06,5.88e-06,504032.0,2.96370816,2.0
2026-09-27 05:45:00+00:00,5.885e-06,5.885e-06,5.885e-06,5.885e-06,1323959.21835,7.7914999999897505,1.0
2026-09-27 05:46:00+00:00,5.892e-06,5.892e-06,5.892e-06,5.892e-06,967691.0017,5.701635382016399,1.0
2026-09-27 05:47:00+00:00,5.897e-06,5.897e-06,5.897e-06,5.897e-06,33322203.15413,196.5010319999046,1.0
2026-09-27 05:48:00+00:00,5.89e-06,5.89e-06,5.89e-06,5.89e-06,432100.0,2.5450690000000002,3.0
2026-09-27 05:49:00+00:00,5.9e-06,5.9e-06,5.9e-06,5.9e-06,1000000.0,5.9,1.0
2026-09-27 05:50:00+00:00,5.9e-06,5.9e-06,5.9e-06,5.9e-06,22190000.0,130.921,1.0
2026-09-27 05:51:00+00:00,5.889e-06,5.889e-06,5.889e-06,5.889e-06,23850227.723181,140.45399106181293,1.0
2026-09-27 05:52:00+00:00,5.89e-06,5.89e-06,5.89e-06,5.89e-06,42087.0,0.24789243000000002,1.0
2026-09-27 05:53:00+00:00,5.89e-06,5.89e-06,5.89e-06,5.89e-06,9074720.0,53.4501008,1.0
2026-09-27 05:54:00+00:00,5.88e-06,5.88e-06,5.88e-06,5.88e-06,327307048.0,1924.5654422399998,1.0
2026-09-27 05:55:00+00:00,5.888753949763761e-06,5.892231396787238e-06,5.888753949763761e-06,5.892231396787238e-06,1036752303.09922,6108.784471012704,20.0
2026-09-27 05:56:00+00:00,5.894e-06,5.894e-06,5.894e-06,5.894e-06,2971740.35715,17.5154376650421,1.0
2026-09-27 05:57:00+00:00,5.894377592983835e-06,5.894377592983835e-06,5.894377592983835e-06,5.894377592983835e-06,5335793.0,31.4511787,2.0
2026-09-27 05:58:00+00:00,5.89e-06,5.89e-06,5.89e-06,5.89e-06,75937500.0,447.271875,5.0
2026-09-27 06:01:00+00:00,5.8913211989999095e-06,5.8913211989999095e-06,5.8913211989999095e-06,5.8913211989999095e-06,2557609.26981,15.067697709990332,2.0
2026-09-27 06:03:00+00:00,5.897e-06,5.897e-06,5.897e-06,5.897e-06,1829397.79474,10.78795879558178,1.0
2026-09-27 06:04:00+00:00,5.9e-06,5.9e-06,5.9e-06,5.9e-06,84745.0,0.49999550000000004,1.0
2026-09-27 06:05:00+00:00,5.897927009787806e-06,5.897927009787806e-06,5.897927009787806e-06,5.897927009787806e-06,6970239.635,41.109964607959995,2.0
2026-09-27 06:07:00+00:00,5.89e-06,5.89e-06,5.89e-06,5.89e-06,26083079.0,153.62933531000002,4.0
2026-09-27 06:08:00+00:00,5.9e-06,5.9e-06,5.9e-06,5.9e-06,209973753.0,1238.8451427,14.0
2026-09-27 06:09:00+00:00,5.903e-06,5.903e-06,5.903e-06,5.903e-06,1000000.0,5.9030000000000005,1.0
2026-09-27 06:10:00+00:00,5.91e-06,5.91e-06,5.91e-06,5.91e-06,335224.0,1.98117384,1.0
2026-09-27 06:11:00+00:00,5.91e-06,5.91e-06,5.91e-06,5.91e-06,335224.0,1.98117384,1.0
2026-09-27 06:12:00+00:00,5.91e-06,5.91e-06,5.91e-06,5.91e-06,1322562.0,7.8163414200000005,3.0
2026-09-27 06:15:00+00:00,5.907392295852101e-06,5.907392295852101e-06,5.907392295852101e-06,5.907392295852101e-06,898503.0,5.3078097,5.0
2026-09-27 06:16:00+00:00,5.91e-06,5.91e-06,5.91e-06,5.91e-06,1673292.0,9.88915572,1.0
2026-09-27 06:17:00+00:00,5.908025274538047e-06,5.909999999999999e-06,5.908025274538047e-06,5.909999999999999e-06,77688177.20934,459.13712730719936,5.0
2026-09-27 06:18:00+00:00,5.911e-06,5.917e-06,5.91e-06,5.917e-06,39321195.0,232.66351081500002,4.0
2026-09-27 06:19:00+00:00,5.910504389524111e-06,5.910504389524111e-06,5.910504389524111e-06,5.910504389524111e-06,164208803.0,970.55685093,4.0
2026-09-27 06:20:00+00:00,5.91e-06,5.91e-06,5.91e-06,5.91e-06,49053920.0,289.9086672,1.0
2026-09-27 06:21:00+00:00,5.9094206810091645e-06,5.9094206810091645e-06,5.907694050175153e-06,5.907694050175153e-06,46368178.203999996,273.929010493232,5.0
2026-09-27 06:22:00+00:00,5.910963480905406e-06,5.910963480905406e-06,5.910963480905406e-06,5.910963480905406e-06,7224741.0,42.70518021,2.0
2026-09-27 06:23:00+00:00,5.906e-06,5.906e-06,5.906e-06,5.906e-06,1965747.0,11.609701782,1.0
2026-09-27 06:25:00+00:00,5.909e-06,5.909e-06,5.909e-06,5.909e-06,332100.0,1.9623788999999998,2.0
2026-09-27 06:26:00+00:00,5.919448743204621e-06,5.92005540617581e-06,5.919448743204621e-06,5.92005540617581e-06,12387127.687210001,73.33248223165762,5.0
2026-09-27 06:27:00+00:00,5.920001571470154e-06,5.920001571470154e-06,5.920001571470154e-06,5.920001571470154e-06,845323086.0,5004.31399752,8.0
2026-09-27 06:28:00+00:00,5.92e-06,5.92e-06,5.92e-06,5.92e-06,11952254.0,70.75734368,1.0
2026-09-27 06:29:00+00:00,5.924e-06,5.924e-06,5.924e-06,5.924e-06,5545273.46387,32.85019999996588,1.0
2026-09-27 06:30:00+00:00,5.919999999999999e-06,5.919999999999999e-06,5.919999999999999e-06,5.919999999999999e-06,5079536.0,30.070853119999995,2.0
2026-09-27 06:31:00+00:00,5.91e-06,5.91e-06,5.91e-06,5.91e-06,169204.0,0.9999956400000001,1.0
2026-09-27 06:35:00+00:00,5.9198243699132475e-06,5.9198243699132475e-06,5.9198243699132475e-06,5.9198243699132475e-06,151919295.33547,899.3355467869632,3.0
2026-09-27 06:37:00+00:00,5.9111513206688975e-06,5.920408161964567e-06,5.9111513206688975e-06,5.920408161964567e-06,239464559.15119,1417.7279304999522,13.0
2026-09-27 06:38:00+00:00,5.929852519334678e-06,5.929852519334678e-06,5.929852519334678e-06,5.929852519334678e-06,173786577.0,1030.52877145,3.0
2026-09-27 06:39:00+00:00,5.92e-06,5.92e-06,5.92e-06,5.92e-06,650000.0,3.848,1.0
2026-09-27 06:40:00+00:00,5.92e-06,5.92e-06,5.92e-06,5.92e-06,90427490.0,535.3307408000001,2.0
2026-09-27 06:41:00+00:00,5.918e-06,5.918e-06,5.918e-06,5.918e-06,5082919.41206,30.08071708057108,1.0
2026-09-27 06:43:00+00:00,5.913e-06,5.915e-06,5.913e-06,5.915e-06,8615556.147,50.961014609505,2.0
2026-09-27 06:44:00+00:00,5.92e-06,5.92e-06,5.92e-06,5.92e-06,53428019.88512,316.29387771991037,5.0
2026-09-27 06:45:00+00:00,5.92e-06,5.92e-06,5.92e-06,5.92e-06,10979729.0,64.99999568,1.0
2026-09-27 06:46:00+00:00,5.919821676244358e-06,5.919821676244358e-06,5.919821676244358e-06,5.919821676244358e-06,42996458.72972,254.53136838994237,2.0
2026-09-27 06:48:00+00:00,5.92e-06,5.92e-06,5.92e-06,5.92e-06,4796850.0,28.397352,3.0
2026-09-27 06:49:00+00:00,5.917729557249095e-06,5.917729557249095e-06,5.915459114498191e-06,5.915459114498191e-06,2291277.3494760003,13.553957480801063,10.0
2026-09-27 06:50:00+00:00,5.910720508248164e-06,5.910720508248164e-06,5.910720508248164e-06,5.910720508248164e-06,23223773.0,137.26923134999998,2.0
2026-09-27 06:52:00+00:00,5.917e-06,5.918e-06,5.917e-06,5.918e-06,16839770.34471,99.65776089999378,3.0
2026-09-27 06:53:00+00:00,5.915729982158346e-06,5.917367119917872e-06,5.915729982158346e-06,5.917367119917872e-06,13989171.189,82.779061628691,3.0
2026-09-27 06:54:00+00:00,5.916e-06,5.916e-06,5.916e-06,5.916e-06,770000.0,4.55532,1.0
2026-09-27 06:56:00+00:00,5.91e-06,5.91e-06,5.91e-06,5.91e-06,614348.0,3.63079668,1.0
2026-09-27 06:57:00+00:00,5.91e-06,5.91e-06,5.91e-06,5.91e-06,75937500.0,448.79062500000003,4.0
2026-09-27 06:58:00+00:00,5.91e-06,5.91e-06,5.91e-06,5.91e-06,1154324.0,6.82205484,1.0
2026-09-27 06:59:00+00:00,5.914e-06,5.914e-06,5.914e-06,5.914e-06,1124413.60636,6.64978206801304,1.0
2026-09-27 07:00:00+00:00,5.914e-06,5.914e-06,5.914e-06,5.914e-06,200000.0,1.1827999999999999,2.0
2026-09-27 07:03:00+00:00,5.923551947040653e-06,5.923551947040653e-06,5.923551947040653e-06,5.923551947040653e-06,6951908.303789999,41.17998996856333,2.0
2026-09-27 07:04:00+00:00,5.93e-06,5.93e-06,5.93e-06,5.93e-06,4173693.0,24.74999949,1.0
2026-09-27 07:05:00+00:00,5.93e-06,5.93e-06,5.92e-06,5.92e-06,3738761.0,22.13346512,3.0
2026-09-27 07:06:00+00:00,5.922974546644311e-06,5.923966062192416e-06,5.922974546644311e-06,5.923966062192416e-06,39142186.68,231.87698549232002,5.0
2026-09-27 07:07:00+00:00,5.9196512832538505e-06,5.9196512832538505e-06,5.9168061802046735e-06,5.9168061802046735e-06,19814276.418619998,117.23723316997453,6.0
2026-09-27 07:08:00+00:00,5.911684200352853e-06,5.911684200352853e-06,5.911497066980314e-06,5.911497066980314e-06,4511221.0,26.668069709999997,8.0
2026-09-27 07:09:00+00:00,5.91998886461059e-06,5.91998886461059e-06,5.91998886461059e-06,5.91998886461059e-06,76362664.0,452.066120552,6.0
2026-09-27 07:10:00+00:00,5.922473422533985e-06,5.922473422533985e-06,5.922473422533985e-06,5.922473422533985e-06,4454676.0,26.382700216,2.0
2026-09-27 07:14:00+00:00,5.9210106578027015e-06,5.9210106578027015e-06,5.9210106578027015e-06,5.9210106578027015e-06,7488598.0,44.34006856999999,4.0
2026-09-27 07:15:00+00:00,5.92e-06,5.92e-06,5.92e-06,5.92e-06,270909.0,1.60378128,1.0
2026-09-27 07:16:00+00:00,5.92e-06,5.92e-06,5.92e-06,5.92e-06,6000000.0,35.52,1.0
2026-09-27 07:17:00+00:00,5.920318047739572e-06,5.920318047739572e-06,5.9134985251353e-06,5.9134985251353e-06,359695503.97316,2127.0588322430804,6.0
2026-09-27 07:18:00+00:00,5.915e-06,5.915e-06,5.915e-06,5.915e-06,1555684.0,9.20187086,1.0
2026-09-27 07:20:00+00:00,5.92e-06,5.92e-06,5.92e-06,5.92e-06,209973753.0,1243.04461776,3.0
2026-09-27 07:21:00+00:00,5.9276602049392165e-06,5.9276602049392165e-06,5.927192245927059e-06,5.927192245927059e-06,1013764.0,6.008774119999999,5.0
2026-09-27 07:22:00+00:00,5.927004718820858e-06,5.927004718820858e-06,5.925073238287168e-06,5.925073238287168e-06,47818089.90129,283.32568478014326,4.0
2026-09-27 07:23:00+00:00,5.930001181953402e-06,5.939998818046596e-06,5.930001181953402e-06,5.939998818046596e-06,3716806276.36562,22077.824888519954,9.0
2026-09-27 07:24:00+00:00,5.93e-06,5.93e-06,5.93e-06,5.93e-06,37500000.0,222.375,1.0
2026-09-27 07:26:00+00:00,5.938e-06,5.938e-06,5.938e-06,5.938e-06,4056357.071,24.086648287598,1.0
2026-09-27 07:27:00+00:00,5.93e-06,5.93e-06,5.93e-06,5.93e-06,2412360.0,14.3052948,1.0
2026-09-27 07:28:00+00:00,5.94e-06,5.94e-06,5.94e-06,5.94e-06,212023288.0,1259.41833072,29.0
2026-09-27 07:29:00+00:00,5.950000000000001e-06,5.957693251851613e-06,5.950000000000001e-06,5.957693251851613e-06,445448785.0,2653.84722044,24.0
2026-09-27 07:30:00+00:00,5.95e-06,5.95e-06,5.95e-06,5.95e-06,3394958.0,20.2000001,2.0
2026-09-27 07:31:00+00:00,5.950052249708309e-06,5.950130624270773e-06,5.9403134982498546e-06,5.940391872812318e-06,1725891495.60937,10252.471813873799,9.0
2026-09-27 07:32:00+00:00,5.950947630181761e-06,5.950947630181761e-06,5.950495965823496e-06,5.950495965823496e-06,75277137.4979,447.93630299999455,11.0
2026-09-27 07:33:00+00:00,5.958930001623952e-06,5.960212063395775e-06,5.958930001623952e-06,5.960212063395775e-06,416067328.64135295,2479.849511353046,16.0
2026-09-27 07:34:00+00:00,5.97e-06,5.97e-06,5.97e-06,5.97e-06,1659278.0,9.90588966,1.0
2026-09-27 07:35:00+00:00,5.9700000000000004e-06,5.9700000000000004e-06,5.9700000000000004e-06,5.9700000000000004e-06,816596163.0,4875.07909311,10.0
2026-09-27 07:36:00+00:00,5.96e-06,5.96e-06,5.96e-06,5.96e-06,300000000.0,1788.0,1.0
2026-09-27 07:37:00+00:00,5.959998354846982e-06,5.959998354846982e-06,5.959998354846982e-06,5.959998354846982e-06,201865721.0,1203.1193650599998,6.0
2026-09-27 07:38:00+00:00,5.97e-06,5.97e-06,5.97e-06,5.97e-06,77639507.0,463.50785678999995,1.0
2026-09-27 07:39:00+00:00,5.969354692260345e-06,5.969354692260345e-06,5.969354692260345e-06,5.969354692260345e-06,129829778.42895,774.9999970599736,2.0
2026-09-27 07:40:00+00:00,5.96e-06,5.96e-06,5.96e-06,5.96e-06,2317023.0,13.80945708,2.0
2026-09-27 07:41:00+00:00,5.970888839459002e-06,5.971734119706182e-06,5.9691547197528184e-06,5.9691547197528184e-06,59277932.08627,353.8391480899456,8.0
2026-09-27 07:42:00+00:00,5.96e-06,5.96e-06,5.96e-06,5.96e-06,87593473.0,522.05709908,2.0
2026-09-27 07:43:00+00:00,5.955999774911448e-06,5.9629995123081364e-06,5.955999774911448e-06,5.961999549822895e-06,14471877675.59438,86281.32818698569,29.0
2026-09-27 07:44:00+00:00,5.963e-06,5.963e-06,5.963e-06,5.963e-06,61668839.78463,367.73129163574873,1.0
2026-09-27 07:46:00+00:00,5.9671266374299835e-06,5.969281659357496e-06,5.9656899561449755e-06,5.969281659357496e-06,24392188.0,145.60384046,13.0
2026-09-27 07:48:00+00:00,5.974e-06,5.974e-06,5.973e-06,5.973e-06,88044590.89352,525.8903414069949,3.0
2026-09-27 07:49:00+00:00,5.973e-06,5.973e-06,5.973e-06,5.973e-06,5217484.141,31.164032774193,1.0
2026-09-27 07:50:00+00:00,5.980227590388282e-06,5.980227590388282e-06,5.976346367080841e-06,5.976346367080841e-06,9886182.0,59.08324788,8.0
2026-09-27 07:51:00+00:00,5.985e-06,5.985e-06,5.985e-06,5.985e-06,6960900.0,41.6609865,1.0
2026-09-27 07:52:00+00:00,5.990000093011171e-06,5.990000093011171e-06,5.990000093011171e-06,5.990000093011171e-06,2040615100.0,12223.2846388,8.0
2026-09-27 07:53:00+00:00,5.98e-06,5.98e-06,5.98e-06,5.98e-06,485192.0,2.90144816,2.0
2026-09-27 07:55:00+00:00,5.980040771474734e-06,5.980040771474734e-06,5.980040771474734e-06,5.980040771474734e-06,171971361.0,1028.395750306,3.0
2026-09-27 07:56:00+00:00,5.989577652532604e-06,5.989577652532604e-06,5.989577652532604e-06,5.989577652532604e-06,143779908.35048,861.180925939221,9.0
2026-09-27 07:57:00+00:00,5.989707397359734e-06,5.989707397359734e-06,5.989707397359734e-06,5.989707397359734e-06,32680498.0,195.74662062,5.0
2026-09-27 07:58:00+00:00,5.991558144183072e-06,5.994674432549215e-06,5.991558144183072e-06,5.994674432549215e-06,343720721.06188,2060.4938184870325,10.0
2026-09-27 07:59:00+00:00,5.998e-06,5.999e-06,5.998e-06,5.998e-06,108359499.70997,649.9402792604001,4.0
2026-09-27 08:00:00+00:00,5.991025432651591e-06,5.991025432651591e-06,5.991025432651591e-06,5.991025432651591e-06,11039672.01467,66.13895580802,4.0
2026-09-27 08:01:00+00:00,5.98e-06,5.99e-06,5.98e-06,5.99e-06,269842671.0,1616.35759929,5.0
2026-09-27 08:02:00+00:00,5.99e-06,5.99e-06,5.99e-06,5.99e-06,280767500.0,1681.797325,4.0
2026-09-27 08:07:00+00:00,5.980085190297187e-06,5.980085190297187e-06,5.980085190297187e-06,5.980085190297187e-06,14830750.0,88.68914843600001,3.0
2026-09-27 08:08:00+00:00,5.980020143304117e-06,5.980020143304117e-06,5.980020143304117e-06,5.980020143304117e-06,2073413565.0,12399.0548841,10.0
2026-09-27 08:09:00+00:00,5.978e-06,5.978e-06,5.978e-06,5.978e-06,332100.0,1.9852938,2.0
2026-09-27 08:10:00+00:00,5.97e-06,5.97e-06,5.97e-06,5.97e-06,4013241.0,23.95904877,2.0
2026-09-27 08:12:00+00:00,5.970568451251599e-06,5.970568451251599e-06,5.97027174068625e-06,5.97027174068625e-06,29226731.41004,174.491528609989,5.0
2026-09-27 08:13:00+00:00,5.969388999585899e-06,5.969388999585899e-06,5.969388999585899e-06,5.969388999585899e-06,44601180.90117,266.2417986399849,3.0
2026-09-27 08:14:00+00:00,5.969e-06,5.977e-06,5.969e-06,5.977e-06,44181529.06894,264.07299924505435,2.0
2026-09-27 08:15:00+00:00,5.977e-06,5.977e-06,5.977e-06,5.977e-06,6960900.0,41.6052993,1.0
2026-09-27 08:18:00+00:00,5.970269953280082e-06,5.97101093922487e-06,5.970269953280082e-06,5.97101093922487e-06,77480444.0,462.6365787,18.0
2026-09-27 08:19:00+00:00,5.97e-06,5.97e-06,5.97e-06,5.97e-06,41795954.0,249.52184537999997,1.0
2026-09-27 08:20:00+00:00,5.977895298640084e-06,5.977895298640084e-06,5.977895298640084e-06,5.977895298640084e-06,10636901.0,63.586280480000006,3.0
2026-09-27 08:21:00+00:00,5.978e-06,5.978e-06,5.978e-06,5.978e-06,155365589.96185,928.7754967919393,1.0
2026-09-27 08:22:00+00:00,5.97e-06,5.97e-06,5.97e-06,5.97e-06,1346821.0,8.040521369999999,2.0
2026-09-27 08:23:00+00:00,5.970411237728224e-06,5.971735206288037e-06,5.967808428296169e-06,5.969132396855981e-06,619350054.74456,3696.982476770279,11.0
2026-09-27 08:24:00+00:00,5.960425737581721e-06,5.978490762389016e-06,5.960425737581721e-06,5.978490762389016e-06,2885011597.60154,17248.015185645985,29.0
2026-09-27 08:25:00+00:00,5.97e-06,5.97e-06,5.97e-06,5.97e-06,170982230.0,1020.7639131,6.0
2026-09-27 08:26:00+00:00,5.9801459863388186e-06,5.999972308049378e-06,5.9801459863388186e-06,5.999972308049378e-06,5073972647.0,30443.6953738,117.0
2026-09-27 08:27:00+00:00,6.00242708996809e-06,6.00242708996809e-06,6.001619909567208e-06,6.001619909567208e-06,405495605.0,2433.6304962100003,6.0
2026-09-27 08:28:00+00:00,5.998061330220168e-06,5.998061330220168e-06,5.988830069396894e-06,5.994704508102614e-06,590069208.46972,3537.2905441059715,15.0
2026-09-27 08:29:00+00:00,6.0000161950631e-06,6.0000161950631e-06,5.999905438783761e-06,5.999905438783761e-06,760824451.4760001,4564.874764370525,12.0
2026-09-27 08:30:00+00:00,5.998190136864367e-06,5.998190136864367e-06,5.988919182932567e-06,5.990326266929496e-06,1311351887.97948,7855.425659751066,18.0
2026-09-27 08:31:00+00:00,5.994e-06,5.994e-06,5.993e-06,5.993e-06,521900.0,3.1277467,3.0
2026-09-27 08:32:00+00:00,5.996251049930356e-06,5.998437237517411e-06,5.996251049930356e-06,5.998437237517411e-06,143489498.27425998,860.7127496410114,3.0
2026-09-27 08:33:00+00:00,6.01e-06,6.01e-06,6.01e-06,6.01e-06,260104.0,1.56322504,2.0
2026-09-27 08:35:00+00:00,5.996e-06,6e-06,5.992e-06,5.992e-06,9314785596.759491,55814.195295782876,42.0
2026-09-27 08:36:00+00:00,5.992e-06,5.992e-06,5.992e-06,5.992e-06,6960900.0,41.709712800000005,1.0
2026-09-27 08:37:00+00:00,6e-06,6e-06,6e-06,6e-06,79716328.0,478.297968,2.0
2026-09-27 08:38:00+00:00,5.995079052432064e-06,5.995079052432064e-06,5.995079052432064e-06,5.995079052432064e-06,471143.0,2.82453953,2.0
2026-09-27 08:40:00+00:00,5.99e-06,5.99e-06,5.99e-06,5.99e-06,50913980.04507,304.97474046996933,3.0
2026-09-27 08:41:00+00:00,5.99e-06,5.99e-06,5.99e-06,5.99e-06,50000000.0,299.5,1.0
2026-09-27 08:42:00+00:00,5.987e-06,5.987e-06,5.986e-06,5.986e-06,664200.0,3.9759012,4.0
2026-09-27 08:44:00+00:00,5.98e-06,5.98e-06,5.98e-06,5.98e-06,85070452.0,508.72130296,5.0
2026-09-27 08:45:00+00:00,5.979826251535177e-06,5.981432178686129e-06,5.979826251535177e-06,5.981432178686129e-06,690653584.32147,4131.097573585354,13.0
2026-09-27 08:46:00+00:00,5.989986150003935e-06,5.9899902623718795e-06,5.989986150003935e-06,5.9899888915825646e-06,10013869204.90909,59982.96529916618,22.0
2026-09-27 08:47:00+00:00,5.989102888249751e-06,5.989102888249751e-06,5.988205776499503e-06,5.989102888249751e-06,5498880556.0,32933.36142008,55.0
2026-09-27 08:48:00+00:00,5.989978739610022e-06,5.989978739610022e-06,5.989978739610022e-06,5.989978739610022e-06,5014098994.0,30034.346372359996,41.0
2026-09-27 08:49:00+00:00,5.99e-06,5.99e-06,5.99e-06,5.99e-06,16570886.0,99.25960714,2.0
2026-09-27 08:51:00+00:00,5.98e-06,5.98e-06,5.98e-06,5.98e-06,207719.0,1.24215962,1.0
2026-09-27 08:52:00+00:00,5.984060098422554e-06,5.984060098422554e-06,5.984060098422554e-06,5.984060098422554e-06,1688030.99465,10.101278919985601,2.0
2026-09-27 08:54:00+00:00,5.987e-06,5.987e-06,5.987e-06,5.987e-06,1563387.33923,9.35999999997001,1.0
2026-09-27 08:56:00+00:00,5.980076283346077e-06,5.980076283346077e-06,5.980076283346077e-06,5.980076283346077e-06,540747124.0,3233.7090515200002,35.0
2026-09-27 08:57:00+00:00,5.98e-06,5.98e-06,5.98e-06,5.98e-06,149729233.0,895.38081334,6.0
2026-09-27 08:58:00+00:00,5.98e-06,5.99e-06,5.98e-06,5.98e-06,321598039.0,1923.15627322,5.0
2026-09-27 08:59:00+00:00,5.98e-06,5.98e-06,5.98e-06,5.98e-06,42518781.0,254.26231038,1.0
2026-09-27 09:00:00+00:00,5.979932365440733e-06,5.98981062323405e-06,5.979932365440733e-06,5.979945892352586e-06,687172660.0,4109.255325504,11.0
2026-09-27 09:01:00+00:00,5.970143667677005e-06,5.970143667677005e-06,5.969776609004738e-06,5.969776609004738e-06,632292862.53548,3774.6471408049565,10.0
2026-09-27 09:02:00+00:00,5.9621706965002575e-06,5.969758811499971e-06,5.961929508000229e-06,5.969517622999943e-06,64285239.485479996,383.7518700073446,5.0
2026-09-27 09:03:00+00:00,5.968e-06,5.968e-06,5.968e-06,5.968e-06,1701457.77479,10.154299999946721,1.0
2026-09-27 09:04:00+00:00,5.969997263883149e-06,5.969997263883149e-06,5.969997263883149e-06,5.969997263883149e-06,406076365.38605,2424.274790282332,20.0
2026-09-27 09:05:00+00:00,5.96e-06,5.96e-06,5.96e-06,5.96e-06,646744.0,3.85459424,1.0
2026-09-27 09:06:00+00:00,5.96e-06,5.96e-06,5.96e-06,5.96e-06,15124340.0,90.1410664,5.0
2026-09-27 09:07:00+00:00,5.95e-06,5.95e-06,5.95e-06,5.95e-06,1196518.0,7.1192820999999995,1.0
2026-09-27 09:08:00+00:00,5.950094891702219e-06,5.950126669189398e-06,5.949935783886661e-06,5.949935783886661e-06,3013889763.31476,17932.45055143619,25.0
2026-09-27 09:09:00+00:00,5.942e-06,5.945e-06,5.942e-06,5.943e-06,6130227.07662,36.431939516352664,3.0
2026-09-27 09:10:00+00:00,5.9404771020982095e-06,5.948865266367225e-06,5.930965542301923e-06,5.930965542301923e-06,1297902898.75638,7697.817369777872,46.0
2026-09-27 09:11:00+00:00,5.941996008872278e-06,5.948403192902179e-06,5.941996008872278e-06,5.948403192902179e-06,206546741.85751,1228.6232987487547,7.0
2026-09-27 09:12:00+00:00,5.950297182831612e-06,5.950396243775481e-06,5.950297182831612e-06,5.950396243775481e-06,4144469996.71731,24661.238700906863,9.0
2026-09-27 09:13:00+00:00,5.95e-06,5.95e-06,5.95e-06,5.95e-06,3322458.82223,19.7686299922685,2.0
2026-09-27 09:15:00+00:00,5.9507520503653645e-06,5.9507520503653645e-06,5.9507520503653645e-06,5.9507520503653645e-06,1296300.840153,7.71396488243081,3.0
2026-09-27 09:16:00+00:00,5.95e-06,5.95e-06,5.95e-06,5.95e-06,5000000.0,29.75,1.0
2026-09-27 09:17:00+00:00,5.946e-06,5.947e-06,5.946e-06,5.947e-06,3280568.50541,19.509540901673272,4.0
2026-09-27 09:18:00+00:00,5.947e-06,5.947e-06,5.946e-06,5.946e-06,521900.0,3.1032174,3.0
2026-09-27 09:20:00+00:00,5.941e-06,5.941e-06,5.941e-06,5.941e-06,6960900.0,41.354706900000004,1.0
2026-09-27 09:23:00+00:00,5.95e-06,5.95e-06,5.95e-06,5.95e-06,96845542.0,576.2309749,1.0
2026-09-27 09:24:00+00:00,5.94989219256133e-06,5.94989219256133e-06,5.94989219256133e-06,5.94989219256133e-06,70065544.93898,416.8824387999921,6.0
2026-09-27 09:25:00+00:00,5.9499856937263675e-06,5.95608450427338e-06,5.9499856937263675e-06,5.950007153136817e-06,360974502.0,2147.800869,14.0
2026-09-27 09:26:00+00:00,5.949700041773453e-06,5.949700041773453e-06,5.949700041773453e-06,5.949700041773453e-06,668689722.17261,3978.503267943857,20.0
2026-09-27 09:27:00+00:00,5.948e-06,5.948e-06,5.948e-06,5.948e-06,10144000.0,60.336512,2.0
2026-09-27 09:28:00+00:00,5.948462604110945e-06,5.948462604110945e-06,5.948462604110945e-06,5.948462604110945e-06,96132064.0,571.83798776,5.0
2026-09-27 09:29:00+00:00,5.96e-06,5.96e-06,5.96e-06,5.96e-06,16376198.0,97.60214008,1.0
2026-09-27 09:32:00+00:00,5.960453763108855e-06,5.96090752621771e-06,5.960453763108855e-06,5.96090752621771e-06,362406361.06627,2160.270805229102,13.0
2026-09-27 09:33:00+00:00,5.96e-06,5.96e-06,5.96e-06,5.96e-06,12204029.0,72.73601284,1.0
2026-09-27 09:34:00+00:00,5.97e-06,5.97e-06,5.97e-06,5.97e-06,329078.0,1.9645956599999999,2.0
2026-09-27 09:35:00+00:00,5.959659805953018e-06,5.959659805953018e-06,5.959659805953018e-06,5.959659805953018e-06,85139829.747,507.40442122887896,3.0
2026-09-27 09:43:00+00:00,5.965e-06,5.965e-06,5.965e-06,5.965e-06,9664476.11064,57.6485999999676,2.0
2026-09-27 09:44:00+00:00,5.964e-06,5.964e-06,5.961e-06,5.961e-06,42470207.25934,253.16490547292577,4.0
2026-09-27 09:45:00+00:00,5.966e-06,5.966e-06,5.962e-06,5.962e-06,241514695.34456998,1439.910613644326,6.0
2026-09-27 09:46:00+00:00,5.969630690073838e-06,5.969630690073838e-06,5.961477239704644e-06,5.969630690073838e-06,226817962.48952,1354.0194699374554,9.0
2026-09-27 09:48:00+00:00,5.96741715291712e-06,5.9680628646878395e-06,5.96612572937568e-06,5.96612572937568e-06,554219081.44959,3306.5407215473547,10.0
2026-09-27 09:51:00+00:00,5.959999999999999e-06,5.960001136945152e-06,5.959929072200514e-06,5.959930209145667e-06,584197045.934,3481.7736221557057,21.0
2026-09-27 09:56:00+00:00,5.963e-06,5.964e-06,5.962e-06,5.962e-06,212923979.40633,1269.4527652205393,5.0
2026-09-27 09:58:00+00:00,5.96e-06,5.96e-06,5.959e-06,5.959e-06,206438875.93539,1230.169261698989,5.0
2026-09-27 09:59:00+00:00,5.96e-06,5.96e-06,5.96e-06,5.96e-06,1641468217.0,9783.15057332,39.0
2026-09-27 10:00:00+00:00,5.97e-06,5.97e-06,5.97e-06,5.97e-06,4148196.0,24.76473012,1.0
2026-09-27 10:01:00+00:00,5.95e-06,5.95e-06,5.95e-06,5.95e-06,1909284.27789,11.3602414534455,1.0
2026-09-27 10:02:00+00:00,5.95011770362938e-06,5.959949555587409e-06,5.95011770362938e-06,5.95011770362938e-06,19750453.0,117.51752004999999,5.0
2026-09-27 10:04:00+00:00,5.95e-06,5.95e-06,5.95e-06,5.95e-06,241836.0,1.4389242,1.0
2026-09-27 10:06:00+00:00,5.949e-06,5.949e-06,5.949e-06,5.949e-06,596975.0,3.551404275,1.0
2026-09-27 10:09:00+00:00,5.954e-06,5.954e-06,5.954e-06,5.954e-06,2189861.0,13.038432394,1.0
2026-09-27 10:10:00+00:00,5.969992754804403e-06,5.969992754804403e-06,5.959996377402201e-06,5.959996377402201e-06,1521057624.0,9065.497928859999,13.0
2026-09-27 10:12:00+00:00,5.961102874984337e-06,5.961102874984337e-06,5.957084532305947e-06,5.958806679168115e-06,4418310965.354639,26327.860890996944,42.0
2026-09-27 10:13:00+00:00,5.955969240109684e-06,5.955969240109684e-06,5.954974366758069e-06,5.954974366758069e-06,1001434.0,5.9635138,7.0
2026-09-27 10:14:00+00:00,5.9592881909997085e-06,5.9592881909997085e-06,5.9592881909997085e-06,5.9592881909997085e-06,117897889.39241001,702.5874999999787,5.0
2026-09-27 10:17:00+00:00,5.955311900383592e-06,5.957967850575388e-06,5.955311900383592e-06,5.957967850575388e-06,9931143.45227,59.16943340807693,4.0
2026-09-27 10:18:00+00:00,5.956e-06,5.956e-06,5.956e-06,5.956e-06,6167377.43451,36.73289999994156,1.0
2026-09-27 10:21:00+00:00,5.960494654983976e-06,5.960494654983976e-06,5.960329769989318e-06,5.960329769989318e-06,251841493.27321,1501.058349674878,5.0
2026-09-27 10:22:00+00:00,5.96e-06,5.96e-06,5.96e-06,5.96e-06,26977233.0,160.78430867999998,1.0
2026-09-27 10:23:00+00:00,5.967256206589713e-06,5.967256206589713e-06,5.967256206589713e-06,5.967256206589713e-06,2358897.1723,14.0761437921141,2.0
2026-09-27 10:25:00+00:00,5.963e-06,5.964e-06,5.963e-06,5.964e-06,76155167.01324001,454.1894160669634,3.0
2026-09-27 10:26:00+00:00,5.965934858007782e-06,5.965934858007782e-06,5.965934858007782e-06,5.965934858007782e-06,27958187.0,166.79672239,2.0
2026-09-27 10:28:00+00:00,5.95e-06,5.95e-06,5.95e-06,5.95e-06,452778.0,2.6940291,1.0
2026-09-27 10:29:00+00:00,5.951942078212697e-06,5.951942078212697e-06,5.947103351842601e-06,5.9509743329386784e-06,2522991205.96496,15014.25590892748,24.0
2026-09-27 10:30:00+00:00,5.959619418977672e-06,5.959619418977672e-06,5.959619418977672e-06,5.959619418977672e-06,4338622.37082,25.85653813274982,4.0
2026-09-27 10:31:00+00:00,5.95e-06,5.96e-06,5.95e-06,5.96e-06,27707368.0,165.13591327999998,3.0
2026-09-27 10:34:00+00:00,5.95e-06,5.95e-06,5.95e-06,5.95e-06,214831.0,1.2782444499999999,1.0
2026-09-27 10:35:00+00:00,5.96e-06,5.96e-06,5.96e-06,5.96e-06,599791.0,3.57475436,2.0
2026-09-27 10:37:00+00:00,5.952372919433923e-06,5.953319062076093e-06,5.952372919433923e-06,5.953319062076093e-06,36030731.51394,214.50244074248482,6.0
2026-09-27 10:38:00+00:00,5.949916030948727e-06,5.949916030948727e-06,5.949916030948727e-06,5.949916030948727e-06,82898400.0,493.23851909999996,2.0
2026-09-27 10:39:00+00:00,5.9487694832518314e-06,5.9487694832518314e-06,5.9487694832518314e-06,5.9487694832518314e-06,1440676.23129,8.57025079994421,3.0
2026-09-27 10:40:00+00:00,5.95e-06,5.95e-06,5.95e-06,5.95e-06,9966517.0,59.30077615,1.0
2026-09-27 10:42:00+00:00,5.96e-06,5.96e-06,5.96e-06,5.96e-06,524139.0,3.12386844,1.0
2026-09-27 10:43:00+00:00,5.96e-06,5.96e-06,5.96e-06,5.96e-06,703542.0,4.19311032,1.0
2026-09-27 10:44:00+00:00,5.96e-06,5.96e-06,5.96e-06,5.96e-06,176775.0,1.053579,1.0
2026-09-27 10:45:00+00:00,5.951701263353346e-06,5.951701263353346e-06,5.951701263353346e-06,5.951701263353346e-06,978032.0,5.8209542899999995,2.0
2026-09-27 10:46:00+00:00,5.952152677056142e-06,5.953133592424124e-06,5.95117176168816e-06,5.95117176168816e-06,35078643.34907,208.75903173731555,5.0
2026-09-27 10:49:00+00:00,5.960046815063819e-06,5.960046815063819e-06,5.960046815063819e-06,5.960046815063819e-06,210961370.0,1257.3396413699998,4.0
2026-09-27 10:50:00+00:00,5.956e-06,5.956e-06,5.956e-06,5.956e-06,978395.16535,5.827321604824601,1.0
2026-09-27 10:53:00+00:00,5.950095814479394e-06,5.950095814479394e-06,5.950095814479394e-06,5.950095814479394e-06,97835213.0,582.12889138,3.0
2026-09-27 10:54:00+00:00,5.95e-06,5.95e-06,5.95e-06,5.95e-06,4273280.0,25.426016,1.0
2026-09-27 10:55:00+00:00,5.953e-06,5.954e-06,5.953e-06,5.954e-06,2941841.24314,17.51572276165556,2.0
2026-09-27 10:57:00+00:00,5.953080550489387e-06,5.953080550489387e-06,5.953080550489387e-06,5.953080550489387e-06,27991239.0,166.634100475,4.0
2026-09-27 11:01:00+00:00,5.951e-06,5.955e-06,5.951e-06,5.955e-06,66908497.153629996,398.4401005498666,3.0
2026-09-27 11:03:00+00:00,5.9596335192279796e-06,5.9596335192279796e-06,5.958167596139897e-06,5.958167596139897e-06,45234303.45027,269.51356105135784,4.0
2026-09-27 11:04:00+00:00,5.94982961224242e-06,5.95e-06,5.94965922448484e-06,5.94965922448484e-06,183467760.25869,1091.570652218688,7.0
2026-09-27 11:05:00+00:00,5.954e-06,5.955e-06,5.954e-06,5.955e-06,47337860.4534,281.89695899999697,3.0
2026-09-27 11:06:00+00:00,5.956e-06,5.956e-06,5.956e-06,5.956e-06,8190144.3922,48.7804999999432,1.0
2026-09-27 11:07:00+00:00,5.94e-06,5.94e-06,5.94e-06,5.94e-06,2258869.0,13.41768186,1.0
2026-09-27 11:08:00+00:00,5.948e-06,5.95e-06,5.948e-06,5.95e-06,840336.134454,5.0000000000013,6.0
2026-09-27 11:09:00+00:00,5.95e-06,5.95e-06,5.94e-06,5.94e-06,100526661.0,597.12836634,3.0
2026-09-27 11:10:00+00:00,5.949e-06,5.949e-06,5.949e-06,5.949e-06,3805682.0,22.640002218,1.0
2026-09-27 11:12:00+00:00,5.96e-06,5.9650786046096365e-06,5.96e-06,5.9650786046096365e-06,158230733.0,943.85876001,5.0
2026-09-27 11:13:00+00:00,5.96e-06,5.96e-06,5.96e-06,5.96e-06,853224.0,5.08521504,1.0
2026-09-27 11:14:00+00:00,5.95e-06,5.95e-06,5.95e-06,5.95e-06,4607412.0,27.4141014,1.0
2026-09-27 11:16:00+00:00,5.96e-06,5.96e-06,5.96e-06,5.96e-06,75937500.0,452.5875,1.0
2026-09-27 11:18:00+00:00,5.950053716595115e-06,5.950053716595115e-06,5.950053716595115e-06,5.950053716595115e-06,80452791.0,478.6984281,3.0
2026-09-27 11:19:00+00:00,5.948073585752883e-06,5.948073585752883e-06,5.941926414247117e-06,5.944816035617791e-06,302146830.45057,1796.2073227736385,18.0
2026-09-27 11:20:00+00:00,5.95e-06,5.95e-06,5.95e-06,5.95e-06,262510.0,1.5619345,1.0
2026-09-27 11:21:00+00:00,5.943e-06,5.943e-06,5.943e-06,5.943e-06,158849468.25507998,944.0423898399403,5.0
2026-09-27 11:24:00+00:00,5.95e-06,5.95e-06,5.95e-06,5.95e-06,10030.0,0.059678499999999995,1.0
2026-09-27 11:25:00+00:00,5.94e-06,5.94e-06,5.94e-06,5.94e-06,51143264.0,303.79098816,3.0
2026-09-27 11:26:00+00:00,5.95e-06,5.95e-06,5.95e-06,5.95e-06,99589941.75795999,592.5601534598619,2.0
2026-09-27 11:27:00+00:00,5.9531041141101085e-06,5.956059493777205e-06,5.9531041141101085e-06,5.956059493777205e-06,14537117.0,86.58393372,3.0
2026-09-27 11:28:00+00:00,5.956e-06,5.956e-06,5.956e-06,5.956e-06,180989.93288,1.07797604023328,1.0
2026-09-27 11:29:00+00:00,5.95e-06,5.95e-06,5.95e-06,5.95e-06,13555713.0,80.65649235,2.0
2026-09-27 11:32:00+00:00,5.96e-06,5.96e-06,5.96e-06,5.96e-06,522128500.0,3111.88586,2.0
2026-09-27 11:35:00+00:00,5.949983537153659e-06,5.949999999999999e-06,5.949983537153659e-06,5.949999999999999e-06,60518089.0,360.0826295499999,8.0
2026-09-27 11:36:00+00:00,5.947e-06,5.947e-06,5.945e-06,5.945e-06,107353068.04397,638.2139895214017,4.0
2026-09-27 11:38:00+00:00,5.947809597715754e-06,5.947809597715754e-06,5.947809597715754e-06,5.947809597715754e-06,21105251.0,125.53001446000002,2.0
2026-09-27 11:39:00+00:00,5.94e-06,5.94e-06,5.94e-06,5.94e-06,117739691.0,699.37376454,7.0
2026-09-27 11:40:00+00:00,5.950097699298427e-06,5.950097699298427e-06,5.950097699298427e-06,5.950097699298427e-06,255609205.0,1520.89974259,5.0
2026-09-27 11:41:00+00:00,5.95e-06,5.95e-06,5.95e-06,5.95e-06,12278246.0,73.0555637,1.0
2026-09-27 11:42:00+00:00,5.949999999999999e-06,5.949999999999999e-06,5.949999999999999e-06,5.949999999999999e-06,619852261.0,3688.1209529499993,6.0
2026-09-27 11:43:00+00:00,5.95e-06,5.95e-06,5.95e-06,5.95e-06,529286113.0,3149.25237235,4.0
2026-09-27 11:44:00+00:00,5.947191746402011e-06,5.947191746402011e-06,5.947191746402011e-06,5.947191746402011e-06,694485.0,4.130235460000001,3.0
2026-09-27 11:45:00+00:00,5.95e-06,5.95e-06,5.95e-06,5.95e-06,216482.0,1.2880679,1.0
2026-09-27 11:46:00+00:00,5.96e-06,5.96e-06,5.96e-06,5.96e-06,445521.0,2.6553051599999997,2.0
2026-09-27 11:47:00+00:00,5.96e-06,5.96e-06,5.96e-06,5.96e-06,1310347.0,7.8096681199999995,1.0
2026-09-27 11:50:00+00:00,5.955e-06,5.955e-06,5.955e-06,5.955e-06,8284892.469,49.336534652895,1.0
2026-09-27 11:51:00+00:00,5.957663052064678e-06,5.957663052064678e-06,5.957663052064678e-06,5.957663052064678e-06,45548449.452,271.362314379016,2.0
2026-09-27 11:52:00+00:00,5.959612671081979e-06,5.959612671081979e-06,5.959612671081979e-06,5.959612671081979e-06,6793433.08739,40.486229907757014,3.0
2026-09-27 11:53:00+00:00,5.961e-06,5.963e-06,5.961e-06,5.963e-06,43244392.096,257.866310068448,3.0
2026-09-27 11:55:00+00:00,5.964e-06,5.964e-06,5.964e-06,5.964e-06,368931.38735,2.2003067941554,1.0
2026-09-27 11:56:00+00:00,5.969999999999999e-06,5.969999999999999e-06,5.969999999999999e-06,5.969999999999999e-06,1128111.0,6.734822669999999,2.0
2026-09-27 11:58:00+00:00,5.968659842598864e-06,5.968659842598864e-06,5.960191451057305e-06,5.960191451057305e-06,635522613.24753,3787.836446431526,8.0
2026-09-27 11:59:00+00:00,5.95e-06,5.97e-06,5.95e-06,5.97e-06,548680049.0,3275.6198925299996,5.0
2026-09-27 12:00:00+00:00,5.963702864392007e-06,5.966401636795432e-06,5.963702864392007e-06,5.966401636795432e-06,664739642.97069,3966.103693863136,16.0
2026-09-27 12:01:00+00:00,5.965152209926196e-06,5.980616580347252e-06,5.965152209926196e-06,5.98e-06,1686895174.42284,10087.633143048584,24.0
2026-09-27 12:02:00+00:00,5.971332780156237e-06,5.971332780156237e-06,5.971332780156237e-06,5.971332780156237e-06,5823331.0,34.77304729,2.0
2026-09-27 12:03:00+00:00,5.98e-06,5.98e-06,5.98e-06,5.98e-06,975100.0,5.831098,1.0
2026-09-27 12:05:00+00:00,5.98e-06,5.98e-06,5.98e-06,5.98e-06,289741840.0,1732.6562032000002,3.0
2026-09-27 12:06:00+00:00,5.9818824450183755e-06,5.9828236675275636e-06,5.9809412225091875e-06,5.9809412225091875e-06,17013315.576789998,101.75564046478097,5.0
2026-09-27 12:07:00+00:00,5.98e-06,5.98e-06,5.98e-06,5.98e-06,341899.0,2.04455602,1.0
2026-09-27 12:08:00+00:00,5.98e-06,5.98e-06,5.97e-06,5.97e-06,3260274.0,19.46383578,2.0
2026-09-27 12:09:00+00:00,5.9788875228656904e-06,5.9788875228656904e-06,5.9787285975607895e-06,5.9787285975607895e-06,526461191.35475004,3147.568580258567,8.0
2026-09-27 12:10:00+00:00,5.979977990409146e-06,5.979977990409146e-06,5.979977990409146e-06,5.979977990409146e-06,76105004.0,455.10624888,3.0
2026-09-27 12:11:00+00:00,5.979990625907167e-06,5.979990625907167e-06,5.979990625907167e-06,5.979990625907167e-06,178688224.0,1068.55390448,4.0
2026-09-27 12:12:00+00:00,5.98e-06,5.982448202131295e-06,5.98e-06,5.982448202131295e-06,497619847.0,2976.98495903,16.0
2026-09-27 12:13:00+00:00,5.98e-06,5.98e-06,5.98e-06,5.98e-06,948955.0,5.6747509,2.0
2026-09-27 12:14:00+00:00,5.98008196092229e-06,5.980149239655373e-06,5.98008196092229e-06,5.980149239655373e-06,163086714.5367,975.2828919345395,5.0
2026-09-27 12:15:00+00:00,5.98e-06,5.983593229760867e-06,5.973593229760868e-06,5.983593229760867e-06,3983232162.0965896,23834.040997686894,36.0
2026-09-27 12:17:00+00:00,5.99e-06,5.99e-06,5.99e-06,5.99e-06,20000000.0,119.80000000000001,1.0
2026-09-27 12:18:00+00:00,5.982e-06,5.983e-06,5.982e-06,5.983e-06,30007296.0,179.53365196800002,3.0
2026-09-27 12:19:00+00:00,5.972e-06,5.972e-06,5.972e-06,5.972e-06,6960900.0,41.5704948,1.0
2026-09-27 12:21:00+00:00,5.97e-06,5.97e-06,5.97e-06,5.97e-06,48238234.0,287.98225698,1.0
2026-09-27 12:23:00+00:00,5.966e-06,5.966e-06,5.966e-06,5.966e-06,332100.0,1.9813086,2.0
2026-09-27 12:24:00+00:00,5.96e-06,5.96e-06,5.96e-06,5.96e-06,41946308.0,249.99999567999998,2.0
2026-09-27 12:25:00+00:00,5.96e-06,5.97e-06,5.96e-06,5.97e-06,7688595.0,45.900912149999996,2.0
2026-09-27 12:26:00+00:00,5.963234170053594e-06,5.967276882620587e-06,5.963234170053594e-06,5.96565979759379e-06,19918207.784375,118.82525141936561,16.0
2026-09-27 12:27:00+00:00,5.97e-06,5.97e-06,5.97e-06,5.97e-06,4156431.0,24.81389307,1.0
2026-09-27 12:28:00+00:00,5.96e-06,5.96e-06,5.96e-06,5.96e-06,222746.0,1.32756616,2.0
2026-09-27 12:29:00+00:00,5.970000778440942e-06,5.979113995676908e-06,5.970000778440942e-06,5.970000778440942e-06,426621959.0,2546.9334273299996,11.0
2026-09-27 12:30:00+00:00,5.969873555600491e-06,5.969873555600491e-06,5.969873555600491e-06,5.969873555600491e-06,42821429.30484,255.63851841998024,2.0
2026-09-27 12:31:00+00:00,5.97e-06,5.97e-06,5.97e-06,5.97e-06,134157994.0,800.9232241799999,3.0
2026-09-27 12:32:00+00:00,5.979943124287634e-06,5.9897684831916335e-06,5.979943124287634e-06,5.9897684831916335e-06,518514636.44,3105.78262742188,16.0
2026-09-27 12:33:00+00:00,5.98e-06,5.98e-06,5.98e-06,5.98e-06,32813268.0,196.22334264,1.0
2026-09-27 12:34:00+00:00,5.989393246652894e-06,5.990606753347105e-06,5.989393246652894e-06,5.990606753347105e-06,163386351.96222,978.7833834696222,7.0
2026-09-27 12:35:00+00:00,5.997139026585663e-06,6.004005362780072e-06,5.997139026585663e-06,6.002288778731469e-06,1026299878.51198,6160.1482444059275,28.0
2026-09-27 12:36:00+00:00,6.000963108080577e-06,6.000963108080577e-06,6.000963108080577e-06,6.000963108080577e-06,459581753.0,2757.9331449,6.0
2026-09-27 12:37:00+00:00,6e-06,6e-06,5.99e-06,5.99e-06,89032982.0,533.30756218,6.0
2026-09-27 12:38:00+00:00,6e-06,6e-06,6e-06,6e-06,52805.0,0.31683,1.0
2026-09-27 12:39:00+00:00,5.99807505970937e-06,6.000962470145316e-06,5.99807505970937e-06,6.000962470145316e-06,35053408.66654,210.3541898585731,6.0
2026-09-27 12:40:00+00:00,6.000192913770072e-06,6.000192913770072e-06,5.9995177155748185e-06,5.9995177155748185e-06,17466481.38715,104.79046451096426,4.0
2026-09-27 12:41:00+00:00,6e-06,6e-06,6e-06,6e-06,3793332.0,22.759992,1.0
2026-09-27 12:43:00+00:00,5.999397706501086e-06,5.999397706501086e-06,5.999397706501086e-06,5.999397706501086e-06,13564166.0,81.37682639100001,2.0
2026-09-27 12:44:00+00:00,5.990346422160622e-06,5.990346422160622e-06,5.980692844321245e-06,5.980692844321245e-06,28873124.0,172.6812861,3.0
2026-09-27 12:45:00+00:00,5.99e-06,5.99e-06,5.99e-06,5.99e-06,1688963.0,10.11688837,1.0
2026-09-27 12:46:00+00:00,5.994845277757567e-06,5.994845277757567e-06,5.994845277757567e-06,5.994845277757567e-06,9813198.0,58.82860369,3.0
2026-09-27 12:47:00+00:00,6.000000000000001e-06,6.000000000000001e-06,6.000000000000001e-06,6.000000000000001e-06,3411602.0,20.469612000000005,2.0
2026-09-27 12:48:00+00:00,5.99e-06,5.99e-06,5.99e-06,5.99e-06,877306861.0,5255.06809739,5.0
2026-09-27 12:49:00+00:00,5.996170708535991e-06,5.996170708535991e-06,5.996170708535991e-06,5.996170708535991e-06,11701805.0,70.166020378,2.0
2026-09-27 12:50:00+00:00,5.989998813639761e-06,5.999188170736815e-06,5.989998813639761e-06,5.999188170736815e-06,279931836.05078,1679.3637594484767,14.0
2026-09-27 12:52:00+00:00,5.993e-06,5.993e-06,5.993e-06,5.993e-06,1920006.67445,11.50659999997885,1.0
2026-09-27 12:53:00+00:00,6e-06,6e-06,6e-06,6e-06,101181727.0,607.090362,3.0
2026-09-27 12:54:00+00:00,5.99e-06,5.99e-06,5.99e-06,5.99e-06,30000000.0,179.70000000000002,1.0
2026-09-27 12:55:00+00:00,5.983084538889807e-06,5.983084538889807e-06,5.983084538889807e-06,5.983084538889807e-06,31252244.7316,186.9848222592364,5.0
2026-09-27 12:56:00+00:00,5.979797349266972e-06,5.979797349266972e-06,5.977853188703452e-06,5.977853188703452e-06,781861379.41659,4673.852540069543,11.0
2026-09-27 12:57:00+00:00,5.978e-06,5.978e-06,5.978e-06,5.978e-06,3328956.17263,19.90049999998214,1.0
2026-09-27 12:58:00+00:00,5.970034862256125e-06,5.9726103610971775e-06,5.970034862256125e-06,5.9726103610971775e-06,399337322.0,2385.08622695,10.0
2026-09-27 12:59:00+00:00,5.961126133257921e-06,5.961126133257921e-06,5.961126133257921e-06,5.961126133257921e-06,1956591.22572,11.66348708774264,3.0
2026-09-27 13:00:00+00:00,5.949910447492409e-06,5.949910447492409e-06,5.920179105015181e-06,5.920179105015181e-06,2383641349.0,14111.583708199998,28.0
2026-09-27 13:01:00+00:00,5.920000000000001e-06,5.920000000000001e-06,5.900000000000001e-06,5.90352556892983e-06,2045065294.0,12073.09525326,30.0
2026-09-27 13:02:00+00:00,5.91e-06,5.93e-06,5.91e-06,5.93e-06,44001676.0,260.92993868,6.0
2026-09-27 13:03:00+00:00,5.937414010798049e-06,5.937414010798049e-06,5.9248280215961e-06,5.9248280215961e-06,137818031.0,816.54813195,4.0
2026-09-27 13:04:00+00:00,5.9091236582755355e-06,5.913505366897852e-06,5.90458628149741e-06,5.913349698742043e-06,1130499292.45162,6685.03765044688,16.0
2026-09-27 13:05:00+00:00,5.9125011504457035e-06,5.9125011504457035e-06,5.909166283184766e-06,5.91166743363047e-06,939857696.49858,5556.126136637606,14.0
2026-09-27 13:06:00+00:00,5.909999999999999e-06,5.909999999999999e-06,5.909999999999999e-06,5.909999999999999e-06,5308256.69824,31.371797086598395,2.0
2026-09-27 13:07:00+00:00,5.919448716491403e-06,5.9265082125836655e-06,5.919375081945501e-06,5.926434578037763e-06,27060668.0,160.37327854,9.0
2026-09-27 13:08:00+00:00,5.93e-06,5.93e-06,5.93e-06,5.93e-06,16737872.0,99.25558096,1.0
2026-09-27 13:09:00+00:00,5.929907967757451e-06,5.929907967757451e-06,5.929907967757451e-06,5.929907967757451e-06,186669362.0,1106.93213706,3.0
2026-09-27 13:10:00+00:00,5.93e-06,5.93e-06,5.93e-06,5.93e-06,58874735.0,349.12717855,1.0
2026-09-27 13:11:00+00:00,5.92e-06,5.92e-06,5.92e-06,5.92e-06,259941302.0,1538.85250784,11.0
2026-09-27 13:12:00+00:00,5.909989197049761e-06,5.909989197049761e-06,5.909989197049761e-06,5.909989197049761e-06,249195816.0,1472.74458051,19.0
2026-09-27 13:13:00+00:00,5.91e-06,5.91e-06,5.91e-06,5.91e-06,209973700.0,1240.944567,2.0
2026-09-27 13:14:00+00:00,5.9003384151808705e-06,5.9003384151808705e-06,5.9e-06,5.9e-06,3867721744.52542,22819.55829269998,13.0
2026-09-27 13:15:00+00:00,5.900468004957873e-06,5.9066766482815535e-06,5.900468004957873e-06,5.9066766482815535e-06,190956158.123,1127.916280030684,9.0
2026-09-27 13:16:00+00:00,5.91009500694719e-06,5.9197783171232235e-06,5.91009500694719e-06,5.91009500694719e-06,219801821.0,1299.04964481,5.0
2026-09-27 13:17:00+00:00,5.910001163752419e-06,5.910001163752419e-06,5.910001163752419e-06,5.910001163752419e-06,489107469.0,2890.6257109900002,7.0
2026-09-27 13:18:00+00:00,5.91e-06,5.92e-06,5.91e-06,5.92e-06,171766145.0,1016.8555784,2.0
2026-09-27 13:19:00+00:00,5.92e-06,5.92e-06,5.92e-06,5.92e-06,25274650.0,149.625928,2.0
2026-09-27 13:20:00+00:00,5.916819579928706e-06,5.918012237455441e-06,5.916819579928706e-06,5.918012237455441e-06,13984425.40574,82.7600006849521,4.0
2026-09-27 13:21:00+00:00,5.919880226519657e-06,5.919880226519657e-06,5.919880226519657e-06,5.919880226519657e-06,45895275.63123,271.6945346999879,4.0
2026-09-27 13:22:00+00:00,5.924e-06,5.924e-06,5.924e-06,5.924e-06,42201215.395,249.99999999998005,1.0
2026-09-27 13:25:00+00:00,5.93e-06,5.93e-06,5.93e-06,5.93e-06,83523558.0,495.29469894,1.0
2026-09-27 13:27:00+00:00,5.930000946551338e-06,5.930000946551338e-06,5.930000946551338e-06,5.930000946551338e-06,3526661204.87997,20913.104283104105,13.0
2026-09-27 13:28:00+00:00,5.930305052483827e-06,5.9304589779810505e-06,5.930305052483827e-06,5.9304589779810505e-06,50848475.94252,301.5548006699712,5.0
2026-09-27 13:29:00+00:00,5.938235127620731e-06,5.938235127620731e-06,5.938235127620731e-06,5.938235127620731e-06,121214045.0,719.7974999800001,4.0
2026-09-27 13:30:00+00:00,5.939937941109389e-06,5.9500460612269e-06,5.939937941109389e-06,5.9500460612269e-06,3291454154.3145,19584.303826587908,46.0
2026-09-27 13:31:00+00:00,5.959085670815846e-06,5.960304776394717e-06,5.959085670815846e-06,5.960304776394717e-06,679599523.27838,4050.6202846317015,10.0
2026-09-27 13:32:00+00:00,5.9600000000000005e-06,5.9600000000000005e-06,5.9600000000000005e-06,5.9600000000000005e-06,1743316696.0,10390.16750816,10.0
2026-09-27 13:33:00+00:00,5.96e-06,5.96e-06,5.95e-06,5.95e-06,29790097.0,177.25107715,3.0
2026-09-27 13:34:00+00:00,5.950000000000001e-06,5.956489304735538e-06,5.943510695264463e-06,5.943510695264463e-06,5223293.0,31.044697810000002,4.0
2026-09-27 13:35:00+00:00,5.94e-06,5.943343713509383e-06,5.933343713509382e-06,5.943343713509383e-06,149920386.0,891.02838366,6.0
2026-09-27 13:36:00+00:00,5.94e-06,5.94e-06,5.94e-06,5.94e-06,293251461.0,1741.91367834,7.0
2026-09-27 13:37:00+00:00,5.930663052793897e-06,5.930884070391862e-06,5.930663052793897e-06,5.930884070391862e-06,184234802.51314,1092.6752554369725,8.0
2026-09-27 13:38:00+00:00,5.9260920402749145e-06,5.9260920402749145e-06,5.921523010068729e-06,5.921523010068729e-06,202481988.96475,1199.0017567792497,4.0
2026-09-27 13:39:00+00:00,5.929760192080581e-06,5.929760192080581e-06,5.929760192080581e-06,5.929760192080581e-06,2049140.0,12.150908800000002,2.0
2026-09-27 13:40:00+00:00,5.93e-06,5.93e-06,5.93e-06,5.93e-06,2000000.0,11.86,1.0
2026-09-27 13:41:00+00:00,5.93e-06,5.93e-06,5.92e-06,5.92e-06,124686657.0,738.14500944,5.0
2026-09-27 13:42:00+00:00,5.93e-06,5.93e-06,5.93e-06,5.93e-06,253236390.0,1501.6917927,5.0
2026-09-27 13:44:00+00:00,5.91301821770599e-06,5.91301821770599e-06,5.91301821770599e-06,5.91301821770599e-06,47928153.0,283.40004183,6.0
2026-09-27 13:45:00+00:00,5.910163299101765e-06,5.919900956983344e-06,5.910163299101765e-06,5.919900956983344e-06,287836051.963,1703.960919470071,12.0
2026-09-27 13:46:00+00:00,5.919999999999999e-06,5.919999999999999e-06,5.919999999999999e-06,5.919999999999999e-06,221545299.0,1311.5481700799999,8.0
2026-09-27 13:48:00+00:00,5.92e-06,5.93e-06,5.92e-06,5.93e-06,5972652.0,35.41782636,2.0
2026-09-27 13:49:00+00:00,5.94e-06,5.94e-06,5.94e-06,5.94e-06,657936.0,3.90813984,1.0
2026-09-27 13:50:00+00:00,5.94e-06,5.94e-06,5.94e-06,5.94e-06,44925.0,0.2668545,1.0
2026-09-27 13:51:00+00:00,5.92e-06,5.92e-06,5.92e-06,5.92e-06,5092066.0,30.14503072,1.0
2026-09-27 13:52:00+00:00,5.929997755023308e-06,5.929997755023308e-06,5.920015714836841e-06,5.9299932650699255e-06,464949148.0,2757.14531624,18.0
2026-09-27 13:53:00+00:00,5.926978258918637e-06,5.926978258918637e-06,5.926978258918637e-06,5.926978258918637e-06,130575657.7891,773.9190848599957,5.0
2026-09-27 13:54:00+00:00,5.9250630260663495e-06,5.93e-06,5.9250630260663495e-06,5.93e-06,120504902.81237,714.5940736773541,13.0
2026-09-27 13:55:00+00:00,5.92970426113281e-06,5.92970426113281e-06,5.92970426113281e-06,5.92970426113281e-06,31831049.529260002,188.74871002998256,11.0
2026-09-27 13:56:00+00:00,5.93e-06,5.93e-06,5.93e-06,5.93e-06,60027357.0,355.96222701,1.0
2026-09-27 13:57:00+00:00,5.94e-06,5.94e-06,5.93e-06,5.93e-06,675413.0,4.00519909,3.0
2026-09-27 13:58:00+00:00,5.939999999999999e-06,5.939999999999999e-06,5.939999999999999e-06,5.939999999999999e-06,505609069.0,3003.3178698599995,10.0
2026-09-27 13:59:00+00:00,5.949746414893567e-06,5.949746414893567e-06,5.949661886524757e-06,5.949661886524757e-06,832872470.687323,4955.309595184073,10.0
2026-09-27 14:00:00+00:00,5.946824769594877e-06,5.946824769594877e-06,5.946824769594877e-06,5.946824769594877e-06,8271221.4931,49.1875048499726,3.0
2026-09-27 14:01:00+00:00,5.950109251596491e-06,5.950326212405437e-06,5.941011969647064e-06,5.941228930456009e-06,899631335.545781,5344.915717489372,16.0
2026-09-27 14:02:00+00:00,5.939000810794322e-06,5.939995483327486e-06,5.939000810794322e-06,5.939995483327486e-06,1380071276.2272801,8197.617147460043,14.0
2026-09-27 14:04:00+00:00,5.930043621044033e-06,5.930043621044033e-06,5.930043621044033e-06,5.930043621044033e-06,76461031.0,453.41724914,3.0
2026-09-27 14:05:00+00:00,5.928e-06,5.928e-06,5.928e-06,5.928e-06,1391.024438,0.008245992868464,1.0
2026-09-27 14:06:00+00:00,5.94e-06,5.94e-06,5.94e-06,5.94e-06,1468675872.0,8723.93467968,11.0
2026-09-27 14:07:00+00:00,5.94e-06,5.94e-06,5.94e-06,5.94e-06,27841807.0,165.38033357999998,1.0
2026-09-27 14:08:00+00:00,5.95e-06,5.96e-06,5.95e-06,5.96e-06,211475201.0,1260.39219796,16.0
2026-09-27 14:09:00+00:00,5.950142853893466e-06,5.9504285616803966e-06,5.950142853893466e-06,5.9504285616803966e-06,11470793.514718,68.25613735511625,9.0
2026-09-27 14:10:00+00:00,5.9557402559586715e-06,5.9557402559586715e-06,5.947667711290175e-06,5.947667711290175e-06,1559495128.56218,9275.3588220636,18.0
2026-09-27 14:11:00+00:00,5.939966072606681e-06,5.949920836082255e-06,5.939966072606681e-06,5.940033927393318e-06,136756374.77191,812.3375059324611,9.0
2026-09-27 14:12:00+00:00,5.939931468836805e-06,5.939931468836805e-06,5.939931468836805e-06,5.939931468836805e-06,7690691.0,45.682177487999994,4.0
2026-09-27 14:15:00+00:00,5.946e-06,5.946e-06,5.946e-06,5.946e-06,142300.0,0.8461158000000001,1.0
2026-09-27 14:16:00+00:00,5.95e-06,5.95e-06,5.95e-06,5.95e-06,332971.0,1.98117745,1.0
2026-09-27 14:17:00+00:00,5.94e-06,5.94e-06,5.94e-06,5.94e-06,8571.0,0.05091174,1.0
2026-09-27 14:18:00+00:00,5.949844751054273e-06,5.949844751054273e-06,5.949844751054273e-06,5.949844751054273e-06,2785366.15977,16.57249622547173,2.0
2026-09-27 14:19:00+00:00,5.940000000000001e-06,5.940000000000001e-06,5.940000000000001e-06,5.940000000000001e-06,26211580.0,155.69678520000002,2.0
2026-09-27 14:20:00+00:00,5.93e-06,5.93e-06,5.93e-06,5.93e-06,1946768480.0,11544.3370864,10.0
2026-09-27 14:21:00+00:00,5.93e-06,5.93e-06,5.93e-06,5.93e-06,104943157.0,622.31292101,4.0
2026-09-27 14:23:00+00:00,5.93e-06,5.93e-06,5.93e-06,5.93e-06,119765806.0,710.21122958,2.0
2026-09-27 14:25:00+00:00,5.92e-06,5.92e-06,5.92e-06,5.92e-06,954100.0,5.648272,3.0
2026-09-27 14:26:00+00:00,5.92e-06,5.92e-06,5.92e-06,5.92e-06,37500000.0,222.0,1.0
2026-09-27 14:27:00+00:00,5.915352551638719e-06,5.915352551638719e-06,5.91508813790968e-06,5.91508813790968e-06,93655500.0,553.9805371000001,5.0
2026-09-27 14:28:00+00:00,5.919858672723144e-06,5.919858672723144e-06,5.919858672723144e-06,5.919858672723144e-06,59180720.0,350.34149855000004,2.0
2026-09-27 14:29:00+00:00,5.905863026009684e-06,5.9097962224561906e-06,5.900018324139514e-06,5.9039515205860215e-06,274063491.27497,1618.0575660499728,16.0
2026-09-27 14:31:00+00:00,5.913089102754624e-06,5.913089102754624e-06,5.913089102754624e-06,5.913089102754624e-06,51905567.0,306.9222426,2.0
2026-09-27 14:32:00+00:00,5.910326797929522e-06,5.920007441824654e-06,5.910044650947923e-06,5.919725294843055e-06,657932220.1081,3894.7780056661686,10.0
2026-09-27 14:33:00+00:00,5.921188528189508e-06,5.921188528189508e-06,5.9182172077157375e-06,5.9182172077157375e-06,367924139.98816,2177.4549764119424,10.0
2026-09-27 14:34:00+00:00,5.919777775444233e-06,5.920888898223068e-06,5.919777775444233e-06,5.920888898223068e-06,38571544.29655,228.3778284127622,4.0
2026-09-27 14:35:00+00:00,5.92939681619174e-06,5.92939681619174e-06,5.9198276617690686e-06,5.9198276617690686e-06,52765866.0,312.364833144,4.0
2026-09-27 14:36:00+00:00,5.91e-06,5.91e-06,5.91e-06,5.91e-06,65651438.0,387.99999858,2.0
2026-09-27 14:38:00+00:00,5.907457540110817e-06,5.91e-06,5.907457540110817e-06,5.91e-06,147111253.0,869.4275052300001,8.0
2026-09-27 14:39:00+00:00,5.91e-06,5.91e-06,5.905101122423657e-06,5.91e-06,411622650.0,2432.6898615,12.0
2026-09-27 14:40:00+00:00,5.91e-06,5.91e-06,5.91e-06,5.91e-06,16878278.0,99.75062298,1.0
2026-09-27 14:41:00+00:00,5.91e-06,5.915297302883186e-06,5.91e-06,5.915297302883186e-06,678376880.73541,4012.8009329524793,15.0
2026-09-27 14:42:00+00:00,5.916004147707433e-06,5.916004147707433e-06,5.91500512674533e-06,5.91500512674533e-06,8605267507.0,50900.201420920006,26.0
2026-09-27 14:43:00+00:00,5.920000000000001e-06,5.920000000000001e-06,5.920000000000001e-06,5.920000000000001e-06,286048375.8,1693.4063847360003,12.0
2026-09-27 14:44:00+00:00,5.921106696231934e-06,5.921106696231934e-06,5.911106696231935e-06,5.911106696231935e-06,177232735.0,1047.64160665,9.0
2026-09-27 14:45:00+00:00,5.919960677447947e-06,5.9199901693619875e-06,5.919960677447947e-06,5.9199901693619875e-06,313985730.053548,1858.7924352369507,11.0
2026-09-27 14:46:00+00:00,5.910002027568189e-06,5.910002027568189e-06,5.910001774122165e-06,5.910001774122165e-06,2620676351.0,15488.201883810001,71.0
2026-09-27 14:47:00+00:00,5.911706106201082e-06,5.911706106201082e-06,5.908293893798918e-06,5.908293893798918e-06,523584739.0,3093.49251632,9.0
2026-09-27 14:48:00+00:00,5.9078536564724125e-06,5.907914791223067e-06,5.889863782973884e-06,5.890091702125981e-06,1083194080.15285,6380.112463300286,41.0
2026-09-27 14:49:00+00:00,5.907530214327025e-06,5.907530214327025e-06,5.89997738943263e-06,5.89997738943263e-06,97718030.05093,576.5341678403852,6.0
2026-09-27 14:50:00+00:00,5.910000000000001e-06,5.910000000000001e-06,5.910000000000001e-06,5.910000000000001e-06,11086508.0,65.52126228000002,3.0
2026-09-27 14:51:00+00:00,5.906961983784602e-06,5.914224240225285e-06,5.906140660716807e-06,5.907536030796614e-06,318873943.50702,1883.7593105499247,12.0
2026-09-27 14:52:00+00:00,5.902e-06,5.904e-06,5.902e-06,5.904e-06,840053.763441,4.959677419355664,6.0
2026-09-27 14:53:00+00:00,5.903394672461842e-06,5.903394672461842e-06,5.900268863582281e-06,5.900268863582281e-06,6773432.65782,39.96507381050672,11.0
2026-09-27 14:54:00+00:00,5.896130683112207e-06,5.896130683112207e-06,5.896130683112207e-06,5.896130683112207e-06,36810844.30347,217.04154856895568,2.0
2026-09-27 14:55:00+00:00,5.897e-06,5.897e-06,5.894e-06,5.894e-06,31314921.377366,184.57014659819518,8.0
2026-09-27 14:56:00+00:00,5.890020830042123e-06,5.891263275600516e-06,5.890020830042123e-06,5.891263275600516e-06,164022712.0,966.3009795700001,5.0
2026-09-27 14:57:00+00:00,5.890657217831212e-06,5.8988183358853666e-06,5.890657217831212e-06,5.8988183358853666e-06,409989367.44663,2418.452798212224,8.0
2026-09-27 14:58:00+00:00,5.891366540583921e-06,5.891366540583921e-06,5.890000000000001e-06,5.890000000000001e-06,928007492.0,5465.964127880001,10.0
2026-09-27 14:59:00+00:00,5.880647568316415e-06,5.880647568316415e-06,5.871295136632831e-06,5.871295136632831e-06,261525905.0,1535.4957741299997,10.0
2026-09-27 15:00:00+00:00,5.88e-06,5.889179380980625e-06,5.879817640217917e-06,5.8889058413075e-06,550523238.94274,3241.979517585426,7.0
2026-09-27 15:01:00+00:00,5.879970600599059e-06,5.879970600599059e-06,5.803542992628844e-06,5.862950914838486e-06,25359148968.56221,148679.44564475724,170.0
2026-09-27 15:02:00+00:00,5.863251680148147e-06,5.863251680148147e-06,5.860518932168437e-06,5.863251680148147e-06,324282267.0,1901.34854683,20.0
2026-09-27 15:03:00+00:00,5.87e-06,5.87e-06,5.87e-06,5.87e-06,262501822.0,1540.8856951399998,3.0
2026-09-27 15:04:00+00:00,5.863297310343788e-06,5.863297310343788e-06,5.863297310343788e-06,5.863297310343788e-06,6629100.0,38.8683842,5.0
2026-09-27 15:05:00+00:00,5.850690439198546e-06,5.850792306008305e-06,5.850682287727537e-06,5.850792306008305e-06,465425197.0,2723.1061616299994,19.0
2026-09-27 15:06:00+00:00,5.867390854610096e-06,5.867390854610096e-06,5.867390854610096e-06,5.867390854610096e-06,25438981.0,149.26044446999998,5.0
2026-09-27 15:07:00+00:00,5.871803219242315e-06,5.871803219242315e-06,5.87e-06,5.87e-06,24430407.0,143.40648908999998,4.0
2026-09-27 15:08:00+00:00,5.873028125739638e-06,5.877009375246546e-06,5.873028125739638e-06,5.877009375246546e-06,1415354778.63466,8318.053303335897,17.0
2026-09-27 15:09:00+00:00,5.8755920191058665e-06,5.8758576366019245e-06,5.8755920191058665e-06,5.8755920191058665e-06,163323842.15601,959.6242635015586,6.0
2026-09-27 15:10:00+00:00,5.884596904875937e-06,5.884596904875937e-06,5.884596904875937e-06,5.884596904875937e-06,4811154.59138,28.311705417314403,2.0
2026-09-27 15:11:00+00:00,5.880322642946433e-06,5.880322642946433e-06,5.879677357053566e-06,5.879677357053566e-06,31118300.0,182.96556389999998,5.0
2026-09-27 15:12:00+00:00,5.882e-06,5.882e-06,5.882e-06,5.882e-06,5794948.0,34.085884136,1.0
2026-09-27 15:13:00+00:00,5.876e-06,5.879e-06,5.876e-06,5.876e-06,291725902.05548,1714.1814004780006,3.0
2026-09-27 15:14:00+00:00,5.877146236091026e-06,5.8782877416546154e-06,5.877146236091026e-06,5.8782877416546154e-06,489167417.03738,2875.4668311876817,5.0
2026-09-27 15:15:00+00:00,5.883043351472118e-06,5.884037158404672e-06,5.883043351472118e-06,5.884037158404672e-06,136952811.74823,805.8354332745853,3.0
2026-09-27 15:16:00+00:00,5.892304559933133e-06,5.897737326580269e-06,5.8923027033665066e-06,5.897735470013643e-06,357757158.16967,2109.957081388544,15.0
2026-09-27 15:17:00+00:00,5.886693128124751e-06,5.886693128124751e-06,5.886693128124751e-06,5.886693128124751e-06,154174791.33242,907.5796846666243,3.0
2026-09-27 15:18:00+00:00,5.884774478341304e-06,5.884774478341304e-06,5.884774478341304e-06,5.884774478341304e-06,130809985.92577,769.7872666881565,2.0
2026-09-27 15:19:00+00:00,5.888802667948564e-06,5.888802667948564e-06,5.888403557264752e-06,5.888403557264752e-06,1664200.0,9.7994812,5.0
2026-09-27 15:21:00+00:00,5.878568374151462e-06,5.882863251697075e-06,5.878568374151462e-06,5.882863251697075e-06,778165952.21347,4577.843883998485,18.0
2026-09-27 15:22:00+00:00,5.886e-06,5.886e-06,5.886e-06,5.886e-06,1657390.665433,9.755401456738639,1.0
2026-09-27 15:23:00+00:00,5.885044782613524e-06,5.885044782613524e-06,5.885044782613524e-06,5.885044782613524e-06,111650473.39946,657.0680359558222,2.0
2026-09-27 15:24:00+00:00,5.880637081708027e-06,5.880637081708027e-06,5.879133980418287e-06,5.879133980418287e-06,61809607.0,363.38696083,4.0
2026-09-27 15:25:00+00:00,5.877170162117199e-06,5.877170162117199e-06,5.876602955059869e-06,5.876602955059869e-06,309441618.7737,1818.4655313040348,7.0
2026-09-27 15:26:00+00:00,5.871016877171773e-06,5.871016877171773e-06,5.871016877171773e-06,5.871016877171773e-06,98387337.78395,577.6337206295705,3.0
2026-09-27 15:27:00+00:00,5.87e-06,5.87e-06,5.860060268889002e-06,5.8699849327777496e-06,607238670.0,3564.4818435,12.0
2026-09-27 15:28:00+00:00,5.88e-06,5.89e-06,5.88e-06,5.89e-06,6211689.0,36.58684821,2.0
2026-09-27 15:29:00+00:00,5.885856690418159e-06,5.89e-06,5.885856690418159e-06,5.89e-06,248831696.35309002,1465.6186915197004,6.0
2026-09-27 15:30:00+00:00,5.889563070016112e-06,5.889563070016112e-06,5.889563070016112e-06,5.889563070016112e-06,908086933.28194,5348.235266621498,21.0
2026-09-27 15:31:00+00:00,5.895325928177911e-06,5.897762637793672e-06,5.88116401626119e-06,5.88116401626119e-06,994238530.72978,5847.279870508377,26.0
2026-09-27 15:32:00+00:00,5.880569472232372e-06,5.8899999999999995e-06,5.880569472232372e-06,5.8899999999999995e-06,440261745.52676,2593.141681152616,19.0
2026-09-27 15:33:00+00:00,5.88597980230495e-06,5.88597980230495e-06,5.88597980230495e-06,5.88597980230495e-06,94275906.0,554.9060785600001,4.0
2026-09-27 15:34:00+00:00,5.881913357107866e-06,5.881913357107866e-06,5.881913357107866e-06,5.881913357107866e-06,131951689.49687,776.1284049445893,3.0
2026-09-27 15:35:00+00:00,5.88e-06,5.88e-06,5.87e-06,5.87e-06,18613779.0,109.26288273,2.0
2026-09-27 15:36:00+00:00,5.88e-06,5.88e-06,5.88e-06,5.88e-06,531703.0,3.12641364,1.0
2026-09-27 15:37:00+00:00,5.884910361040849e-06,5.884910361040849e-06,5.884910361040849e-06,5.884910361040849e-06,111794752.72695,657.9020986328278,2.0
2026-09-27 15:38:00+00:00,5.887030731676123e-06,5.88725511946691e-06,5.884275405734301e-06,5.8844997935250865e-06,3776754.627119,22.224311823476672,8.0
2026-09-27 15:39:00+00:00,5.89e-06,5.89e-06,5.89e-06,5.89e-06,1344652.0,7.920000280000001,1.0
2026-09-27 15:40:00+00:00,5.885069092438605e-06,5.886029609893758e-06,5.884818995323765e-06,5.885779512778918e-06,161920540.45035,953.02859968076,8.0
2026-09-27 15:41:00+00:00,5.884706905778777e-06,5.885379320890031e-06,5.884034490667523e-06,5.884034490667523e-06,276638059.67017,1627.7478845306207,5.0
2026-09-27 15:42:00+00:00,5.885763729535148e-06,5.885763729535148e-06,5.885763729535148e-06,5.885763729535148e-06,87598177.0,515.5821729600001,2.0
2026-09-27 15:45:00+00:00,5.885766847177337e-06,5.885766847177337e-06,5.8857588758403215e-06,5.8857588758403215e-06,83323537.66125,490.42225135611744,6.0
2026-09-27 15:46:00+00:00,5.88854369476158e-06,5.8888504193725305e-06,5.88854369476158e-06,5.8888504193725305e-06,396151126.0,2332.87472448,8.0
2026-09-27 15:47:00+00:00,5.894e-06,5.897e-06,5.894e-06,5.897e-06,85500903.83826001,504.19882993421925,3.0
2026-09-27 15:48:00+00:00,5.899168231695073e-06,5.899168231695073e-06,5.899168231695073e-06,5.899168231695073e-06,282293452.02867,1665.2965642230672,6.0
2026-09-27 15:49:00+00:00,5.9e-06,5.9e-06,5.9e-06,5.9e-06,12783174.0,75.42072660000001,4.0
2026-09-27 15:50:00+00:00,5.8986708926213205e-06,5.8986708926213205e-06,5.8986708926213205e-06,5.8986708926213205e-06,219442835.44809002,1294.4210660519386,6.0
2026-09-27 15:51:00+00:00,5.900000000000001e-06,5.900000000000001e-06,5.900000000000001e-06,5.900000000000001e-06,3037213.0,17.919556700000005,2.0
2026-09-27 15:53:00+00:00,5.895e-06,5.895e-06,5.895e-06,5.895e-06,1180000.0,6.9561,1.0
2026-09-27 15:54:00+00:00,5.890801105106125e-06,5.891602210212249e-06,5.890801105106125e-06,5.891602210212249e-06,8536126.62909,50.29146251459828,3.0
2026-09-27 15:55:00+00:00,5.897e-06,5.897e-06,5.897e-06,5.897e-06,69349000.0,408.95105299999994,1.0
2026-09-27 15:56:00+00:00,5.896981879017373e-06,5.89797929030557e-06,5.896981879017373e-06,5.89797929030557e-06,134914206.93981,795.7211984989995,4.0
2026-09-27 15:57:00+00:00,5.896e-06,5.896e-06,5.896e-06,5.896e-06,4740791.0,27.951703736,1.0
2026-09-27 15:59:00+00:00,5.905800226179259e-06,5.905800226179259e-06,5.905800226179259e-06,5.905800226179259e-06,8287232.0,48.94273662,2.0
2026-09-27 16:00:00+00:00,5.9071021801485065e-06,5.9071021801485065e-06,5.900036873718696e-06,5.907096912474407e-06,126089805.0,744.82469781,9.0
2026-09-27 16:01:00+00:00,5.904e-06,5.905e-06,5.904e-06,5.904e-06,166777046.28639,984.6516812748465,5.0
2026-09-27 16:02:00+00:00,5.899995023803677e-06,5.899995023803677e-06,5.899995023803677e-06,5.899995023803677e-06,533901765.0,3150.0177567000005,13.0
2026-09-27 16:03:00+00:00,5.9e-06,5.9e-06,5.89e-06,5.89e-06,1568412.0,9.23794668,2.0
2026-09-27 16:04:00+00:00,5.900001020815311e-06,5.909995916738755e-06,5.8900061248918665e-06,5.909995916738755e-06,1508598062.0,8915.80838642,10.0
2026-09-27 16:05:00+00:00,5.904295053769004e-06,5.904295053769004e-06,5.904295053769004e-06,5.904295053769004e-06,618572.0,3.652231600000001,3.0
2026-09-27 16:06:00+00:00,5.91e-06,5.91e-06,5.91e-06,5.91e-06,908442274.0,5368.89383934,6.0
2026-09-27 16:07:00+00:00,5.919948370949249e-06,5.919948370949249e-06,5.919948370949249e-06,5.919948370949249e-06,1348252563.0,7981.58556396,4.0
2026-09-27 16:08:00+00:00,5.910027860623972e-06,5.910027860623972e-06,5.910027860623972e-06,5.910027860623972e-06,600593871.0,3549.5265105299995,5.0
2026-09-27 16:09:00+00:00,5.918e-06,5.918e-06,5.916e-06,5.916e-06,3139253.0,18.571820748,2.0
2026-09-27 16:10:00+00:00,5.912741346982016e-06,5.912741346982016e-06,5.912741346982016e-06,5.912741346982016e-06,5836942.8958,34.5123335999696,5.0
2026-09-27 16:11:00+00:00,5.912e-06,5.912e-06,5.912e-06,5.912e-06,1003638.897521,5.933513162144152,2.0
2026-09-27 16:12:00+00:00,5.91e-06,5.91e-06,5.91e-06,5.91e-06,8460236.0,49.99999476,1.0
2026-09-27 16:13:00+00:00,5.91e-06,5.91e-06,5.91e-06,5.91e-06,10996390.0,64.9886649,1.0
2026-09-27 16:14:00+00:00,5.919939806545413e-06,5.929438492155316e-06,5.919939806545413e-06,5.919942588679777e-06,928100394.31232,5494.301050859997,16.0
2026-09-27 16:15:00+00:00,5.92e-06,5.924330845687267e-06,5.92e-06,5.924330845687267e-06,384859277.0,2280.03368598,8.0
2026-09-27 16:16:00+00:00,5.9299406103218966e-06,5.929970305160948e-06,5.920039593118735e-06,5.920069287957787e-06,83133826.86955,492.15801524082286,10.0
2026-09-27 16:17:00+00:00,5.914553422244934e-06,5.9161095873178094e-06,5.914553422244934e-06,5.9161095873178094e-06,6786140.10735,40.14754854997525,3.0
2026-09-27 16:18:00+00:00,5.911388701059411e-06,5.92930987597508e-06,5.911388701059411e-06,5.92930987597508e-06,565605894.03693,3353.6526134228834,25.0
2026-09-27 16:19:00+00:00,5.931443812647741e-06,5.931443812647741e-06,5.931443812647741e-06,5.931443812647741e-06,21278368.356658,126.21144633233858,5.0
2026-09-27 16:20:00+00:00,5.932410278713192e-06,5.932410278713192e-06,5.932410278713192e-06,5.932410278713192e-06,2861351.68892,16.97471217036236,2.0
2026-09-27 16:21:00+00:00,5.9359372999216854e-06,5.9359372999216854e-06,5.9359372999216854e-06,5.9359372999216854e-06,175142939.13521,1039.6375052306066,7.0
2026-09-27 16:22:00+00:00,5.932e-06,5.932e-06,5.932e-06,5.932e-06,5625527.42617,33.37062869204044,2.0
2026-09-27 16:23:00+00:00,5.92160540458404e-06,5.92160540458404e-06,5.92160540458404e-06,5.92160540458404e-06,50996117.0,301.97888204000003,2.0
2026-09-27 16:24:00+00:00,5.92e-06,5.92e-06,5.92e-06,5.92e-06,3435654.0,20.33907168,2.0
2026-09-27 16:25:00+00:00,5.92e-06,5.92e-06,5.92e-06,5.92e-06,1625292.0,9.62172864,1.0
2026-09-27 16:26:00+00:00,5.91600009567102e-06,5.91600009567102e-06,5.901000454437346e-06,5.901000454437346e-06,17148724824.43783,101194.63298202863,44.0
2026-09-27 16:27:00+00:00,5.906540732532261e-06,5.906540732532261e-06,5.906540732532261e-06,5.906540732532261e-06,263903271.0,1558.7554196099998,10.0
2026-09-27 16:28:00+00:00,5.902305476158047e-06,5.902305476158047e-06,5.902305476158047e-06,5.902305476158047e-06,2047065.79403,12.08240764615909,2.0
2026-09-27 16:29:00+00:00,5.9004951557037344e-06,5.9055435986663934e-06,5.9004951557037344e-06,5.9055435986663934e-06,36215477.0,213.87207837,3.0
2026-09-27 16:30:00+00:00,5.904126899983012e-06,5.904126899983012e-06,5.89996110133785e-06,5.89996110133785e-06,14632894.0,86.3335054,4.0
2026-09-27 16:31:00+00:00,5.890079023643142e-06,5.899862332103177e-06,5.890079023643142e-06,5.899862332103177e-06,630735284.0,3721.2513436,24.0
2026-09-27 16:32:00+00:00,5.89e-06,5.897468932860511e-06,5.89e-06,5.897468932860511e-06,6707811.0,39.559106979999996,3.0
2026-09-27 16:33:00+00:00,5.9e-06,5.9e-06,5.9e-06,5.9e-06,593238780.0,3500.108802,21.0
2026-09-27 16:34:00+00:00,5.897e-06,5.897e-06,5.897e-06,5.897e-06,1099433.03344,6.483356598195679,1.0
2026-09-27 16:35:00+00:00,5.891899389587658e-06,5.892532519450211e-06,5.890315796318868e-06,5.890315796318868e-06,864154668.1282,5090.143892138226,37.0
2026-09-27 16:36:00+00:00,5.88586707894333e-06,5.888609244293149e-06,5.88586707894333e-06,5.888609244293149e-06,28943174.681,170.435045985728,5.0
2026-09-27 16:37:00+00:00,5.9e-06,5.9e-06,5.9e-06,5.9e-06,283583087.0,1673.1402133000001,2.0
2026-09-27 16:38:00+00:00,5.905119149729629e-06,5.905119149729629e-06,5.896587233513581e-06,5.896587233513581e-06,204348010.16088,1204.9558679085485,5.0
2026-09-27 16:39:00+00:00,5.898835032967071e-06,5.898835032967071e-06,5.898835032967071e-06,5.898835032967071e-06,3401383.03344,20.064197398195677,4.0
2026-09-27 16:40:00+00:00,5.9e-06,5.9e-06,5.9e-06,5.9e-06,18456.0,0.1088904,1.0
2026-09-27 16:41:00+00:00,5.904283561330837e-06,5.904283561330837e-06,5.904283561330837e-06,5.904283561330837e-06,12061828.0,71.21645278000001,4.0
2026-09-27 16:42:00+00:00,5.9e-06,5.9e-06,5.9e-06,5.9e-06,78726.0,0.46448340000000005,1.0
2026-09-27 16:43:00+00:00,5.899238265303194e-06,5.899238265303194e-06,5.899238265303194e-06,5.899238265303194e-06,124415102.0,733.9543305,3.0
2026-09-27 16:44:00+00:00,5.89e-06,5.89e-06,5.89e-06,5.89e-06,4466.0,0.02630474,1.0
2026-09-27 16:45:00+00:00,5.897e-06,5.897e-06,5.897e-06,5.897e-06,279684.58538,1.64929999998586,1.0
2026-09-27 16:46:00+00:00,5.893e-06,5.893e-06,5.893e-06,5.893e-06,6960900.0,41.0205837,1.0
2026-09-27 16:47:00+00:00,5.897943367189904e-06,5.897943367189904e-06,5.895957525392428e-06,5.895957525392428e-06,812250.0,4.7889915,6.0
2026-09-27 16:49:00+00:00,5.89e-06,5.89e-06,5.89e-06,5.89e-06,46291692.0,272.65806588000004,7.0
2026-09-27 16:50:00+00:00,5.889258658319964e-06,5.89e-06,5.886931531885678e-06,5.89e-06,229027560.40563,1348.9723307891607,8.0
2026-09-27 16:51:00+00:00,5.889719424516663e-06,5.8899999999999995e-06,5.889719424516663e-06,5.8899999999999995e-06,212507782.9,1251.6708412809999,7.0
2026-09-27 16:52:00+00:00,5.890888147598532e-06,5.895559262007339e-06,5.890888147598532e-06,5.894440737992661e-06,492993760.31623,2905.922504384176,12.0
2026-09-27 16:53:00+00:00,5.895973370969641e-06,5.8969689327979135e-06,5.893982247313093e-06,5.893982247313093e-06,889413083.4156001,5242.184924179546,4.0
2026-09-27 16:54:00+00:00,5.890410199594796e-06,5.890410199594796e-06,5.890410199594796e-06,5.890410199594796e-06,128385061.0,756.24067279,3.0
2026-09-27 16:55:00+00:00,5.89e-06,5.89e-06,5.89e-06,5.89e-06,33871178.0,199.50123842000002,2.0
2026-09-27 16:56:00+00:00,5.9e-06,5.9e-06,5.9e-06,5.9e-06,38885835.0,229.42642650000002,4.0
2026-09-27 16:57:00+00:00,5.9e-06,5.9e-06,5.89e-06,5.89e-06,32051353.0,188.78246917,2.0
2026-09-27 16:58:00+00:00,5.899979794153213e-06,5.899979794153213e-06,5.8900303087701806e-06,5.8900303087701806e-06,171485018.0,1010.05195352,5.0
2026-09-27 17:00:00+00:00,5.8915100176037774e-06,5.8943400117358514e-06,5.8915100176037774e-06,5.8943400117358514e-06,5925554.28993,34.92723174284742,3.0
2026-09-27 17:02:00+00:00,5.89530543345111e-06,5.899061086690222e-06,5.89530543345111e-06,5.899061086690222e-06,67810188.84728,400.0164463101047,5.0
2026-09-27 17:03:00+00:00,5.906e-06,5.906e-06,5.906e-06,5.906e-06,6960900.0,41.1110754,1.0
2026-09-27 17:04:00+00:00,5.9e-06,5.9e-06,5.9e-06,5.9e-06,8316224.0,49.0657216,2.0
2026-09-27 17:05:00+00:00,5.899999999999999e-06,5.899999999999999e-06,5.899999999999999e-06,5.899999999999999e-06,10730238.0,63.30840419999999,6.0
2026-09-27 17:06:00+00:00,5.903517227939364e-06,5.903517227939364e-06,5.899120693015159e-06,5.899120693015159e-06,496512013.73262,2928.9842945407254,13.0
2026-09-27 17:07:00+00:00,5.89e-06,5.89e-06,5.89e-06,5.89e-06,108603187.0,639.67277143,7.0
2026-09-27 17:08:00+00:00,5.9007507701914644e-06,5.9007507701914644e-06,5.9007507701914644e-06,5.9007507701914644e-06,22509338.0,132.82199354,2.0
2026-09-27 17:09:00+00:00,5.9e-06,5.91e-06,5.9e-06,5.9e-06,76652448.0,452.24944320000003,3.0
2026-09-27 17:10:00+00:00,5.9e-06,5.9e-06,5.9e-06,5.9e-06,51540821.0,304.09084390000004,1.0
2026-09-27 17:11:00+00:00,5.91e-06,5.91e-06,5.9e-06,5.9e-06,201427459.0,1188.4220081,3.0
2026-09-27 17:12:00+00:00,5.900001866246862e-06,5.900001866246862e-06,5.900001866246862e-06,5.900001866246862e-06,76249291.0,449.8709592000001,3.0
2026-09-27 17:14:00+00:00,5.907e-06,5.907e-06,5.907e-06,5.907e-06,55127656.48795,325.63906687432063,1.0
2026-09-27 17:15:00+00:00,5.91e-06,5.91e-06,5.91e-06,5.91e-06,257445211.3,1521.501198783,5.0
2026-09-27 17:17:00+00:00,5.918581429965054e-06,5.918581429965054e-06,5.918581429965054e-06,5.918581429965054e-06,29706063.09649,175.8177534002559,2.0
2026-09-27 17:18:00+00:00,5.91e-06,5.91e-06,5.91e-06,5.91e-06,33709294.0,199.22192754,1.0
2026-09-27 17:19:00+00:00,5.908078010935481e-06,5.9090390054677405e-06,5.908078010935481e-06,5.908078010935481e-06,205328261.1341,1213.0953846299944,6.0
2026-09-27 17:20:00+00:00,5.910000000000001e-06,5.910000000000001e-06,5.910000000000001e-06,5.910000000000001e-06,227002986.2,1341.5876484420003,6.0
2026-09-27 17:21:00+00:00,5.91e-06,5.91e-06,5.91e-06,5.91e-06,4213717.0,24.90306747,3.0
2026-09-27 17:22:00+00:00,5.900368232230928e-06,5.900460323924414e-06,5.900368232230928e-06,5.900460323924414e-06,18216310.438685,107.48461699175098,7.0
2026-09-27 17:23:00+00:00,5.9e-06,5.9e-06,5.9e-06,5.9e-06,198447.0,1.1708373,1.0
2026-09-27 17:24:00+00:00,5.905000657052736e-06,5.906000525642188e-06,5.90300091987383e-06,5.906000525642188e-06,204283450.39240998,1206.4981653975733,6.0
2026-09-27 17:25:00+00:00,5.900703926407997e-06,5.908743644543498e-06,5.900469284271998e-06,5.908509002407499e-06,215344588.05900002,1272.365437166336,10.0
2026-09-27 17:26:00+00:00,5.908822673564398e-06,5.908822673564398e-06,5.906247620578726e-06,5.906247620578726e-06,14592624.0,86.187650778,4.0
2026-09-27 17:27:00+00:00,5.9e-06,5.9e-06,5.9e-06,5.9e-06,185725051.0,1095.7778009,6.0
2026-09-27 17:28:00+00:00,5.899998780789862e-06,5.899998780789862e-06,5.899998780789862e-06,5.899998780789862e-06,315345100.94439,1860.535711099957,3.0
2026-09-27 17:30:00+00:00,5.89e-06,5.89e-06,5.89e-06,5.89e-06,5256428.0,30.960360920000003,2.0
2026-09-27 17:31:00+00:00,5.892912977425151e-06,5.8987001830097064e-06,5.892912977425151e-06,5.8987001830097064e-06,202029634.61402,1191.712242671104,9.0
2026-09-27 17:32:00+00:00,5.907645278170899e-06,5.908037731809083e-06,5.907645278170899e-06,5.908037731809083e-06,27588414.73412,162.99339520997862,3.0
2026-09-27 17:34:00+00:00,5.9e-06,5.91e-06,5.9e-06,5.9e-06,509788914.0,3007.7545926000003,6.0
2026-09-27 17:35:00+00:00,5.9e-06,5.9e-06,5.9e-06,5.9e-06,105778444.0,624.0928196,2.0
2026-09-27 17:36:00+00:00,5.9e-06,5.9e-06,5.9e-06,5.9e-06,5135806.0,30.301255400000002,1.0
2026-09-27 17:37:00+00:00,5.9e-06,5.9e-06,5.9e-06,5.9e-06,2119945.0,12.507675500000001,1.0
2026-09-27 17:39:00+00:00,5.903e-06,5.903e-06,5.903e-06,5.903e-06,318871.76012,1.88229999998836,1.0
2026-09-27 17:41:00+00:00,5.905e-06,5.905e-06,5.902e-06,5.903e-06,213461454.97281,1260.0629687044975,4.0
2026-09-27 17:42:00+00:00,5.904e-06,5.904e-06,5.904e-06,5.904e-06,6960900.0,41.0971536,1.0
2026-09-27 17:43:00+00:00,5.9e-06,5.9e-06,5.9e-06,5.9e-06,50000.0,0.29500000000000004,1.0
2026-09-27 17:44:00+00:00,5.906e-06,5.906e-06,5.906e-06,5.906e-06,2342380.62986,13.83409999995316,1.0
2026-09-27 17:45:00+00:00,5.9e-06,5.907465773788849e-06,5.9e-06,5.907465773788849e-06,42896948.0,253.41225211,8.0
2026-09-27 17:47:00+00:00,5.92e-06,5.92e-06,5.92e-06,5.92e-06,122065084.0,722.62529728,3.0
2026-09-27 17:48:00+00:00,5.92073579326707e-06,5.92073579326707e-06,5.92073579326707e-06,5.92073579326707e-06,33292577.0,197.116552294,3.0
2026-09-27 17:49:00+00:00,5.928691306952337e-06,5.928691306952337e-06,5.928691306952337e-06,5.928691306952337e-06,3368738.0,19.972207696,2.0
2026-09-27 17:51:00+00:00,5.920288016651142e-06,5.920288016651142e-06,5.920288016651142e-06,5.920288016651142e-06,20920321.16877,123.85432671996224,7.0
2026-09-27 17:52:00+00:00,5.92e-06,5.93e-06,5.92e-06,5.93e-06,9233667.0,54.75564531,2.0
2026-09-27 17:54:00+00:00,5.923089620022652e-06,5.923089620022652e-06,5.923089620022652e-06,5.923089620022652e-06,540348.0,3.20052963,2.0
2026-09-27 17:55:00+00:00,5.926e-06,5.926e-06,5.926e-06,5.926e-06,6074924.06345,36.0000000000047,1.0
2026-09-27 17:56:00+00:00,5.925772635923096e-06,5.925772635923096e-06,5.925772635923096e-06,5.925772635923096e-06,11778720.879999999,69.79802187688,5.0
2026-09-27 17:58:00+00:00,5.925e-06,5.925e-06,5.925e-06,5.925e-06,13481171.256000001,79.8759396918,2.0
2026-09-27 17:59:00+00:00,5.921876902446034e-06,5.921876902446034e-06,5.921876902446034e-06,5.921876902446034e-06,11637340.612,68.9148985761,4.0
2026-09-27 18:00:00+00:00,5.92e-06,5.92e-06,5.92e-06,5.92e-06,13219452.0,78.25915584,5.0
2026-09-27 18:01:00+00:00,5.92e-06,5.92e-06,5.92e-06,5.92e-06,100000000.0,592.0,2.0
2026-09-27 18:02:00+00:00,5.919355743297154e-06,5.928640770865213e-06,5.919355743297154e-06,5.928640770865213e-06,262635575.62162,1557.0719815099903,7.0
2026-09-27 18:03:00+00:00,5.913091812292314e-06,5.917952093867805e-06,5.912992094114023e-06,5.917852375689512e-06,66607715.0,394.17462445199993,15.0
2026-09-27 18:05:00+00:00,5.92e-06,5.92e-06,5.91e-06,5.91e-06,38007614.0,224.62499874,2.0
2026-09-27 18:08:00+00:00,5.912828364714707e-06,5.912828364714707e-06,5.912828364714707e-06,5.912828364714707e-06,175611781.74023,1038.36232425172,3.0
2026-09-27 18:09:00+00:00,5.919997443045611e-06,5.919997443045611e-06,5.919992329136835e-06,5.919992329136835e-06,389643243.0,2306.68500966,9.0
2026-09-27 18:10:00+00:00,5.92e-06,5.92e-06,5.92e-06,5.92e-06,1324649.0,7.84192208,1.0
2026-09-27 18:11:00+00:00,5.929272544961853e-06,5.930363727519074e-06,5.929272544961853e-06,5.930363727519074e-06,925825622.91891,5490.482692166056,21.0
2026-09-27 18:12:00+00:00,5.931e-06,5.932e-06,5.931e-06,5.932e-06,4672713.28358,27.71853519819656,3.0
2026-09-27 18:13:00+00:00,5.93e-06,5.93e-06,5.93e-06,5.93e-06,7757166.0,45.99999438,1.0
2026-09-27 18:14:00+00:00,5.937e-06,5.938e-06,5.936e-06,5.936e-06,108802614.89924,645.8523220418886,3.0
2026-09-27 18:15:00+00:00,5.937e-06,5.937033367227649e-06,5.937e-06,5.937033367227649e-06,51187950.5839,303.9045706166143,6.0
2026-09-27 18:16:00+00:00,5.94e-06,5.94e-06,5.94e-06,5.94e-06,236594037.3,1405.3685815620001,6.0
2026-09-27 18:17:00+00:00,5.95e-06,5.95e-06,5.94e-06,5.95e-06,243738103.0,1450.2417128499999,4.0
2026-09-27 18:19:00+00:00,5.943e-06,5.943e-06,5.942e-06,5.942e-06,14916379.571356,88.63312741299735,5.0
2026-09-27 18:20:00+00:00,5.9422760563252075e-06,5.9422760563252075e-06,5.940000000000001e-06,5.940000000000001e-06,54489706.0,323.66885364000007,5.0
2026-09-27 18:21:00+00:00,5.948839768376334e-06,5.9493038610258e-06,5.948839768376334e-06,5.9493038610258e-06,34264029.0,203.847120024,5.0
2026-09-27 18:22:00+00:00,5.950028869974864e-06,5.950028869974864e-06,5.950028869974864e-06,5.950028869974864e-06,58207499.03402,346.336299701453,5.0
2026-09-27 18:23:00+00:00,5.954388583436285e-06,5.956245642687805e-06,5.9516029945590066e-06,5.9516029945590066e-06,264277950.14024997,1572.8774394506274,12.0
2026-09-27 18:24:00+00:00,5.943307711250701e-06,5.95165385562535e-06,5.943307711250701e-06,5.95165385562535e-06,6046477.0,35.98653815,3.0
2026-09-27 18:27:00+00:00,5.96e-06,5.96e-06,5.96e-06,5.96e-06,98722320.0,588.3850272,6.0
2026-09-27 18:28:00+00:00,5.95e-06,5.95e-06,5.95e-06,5.95e-06,13621920.0,81.05042399999999,1.0
2026-09-27 18:29:00+00:00,5.96e-06,5.96e-06,5.95e-06,5.95e-06,18085510.0,107.6087845,2.0
2026-09-27 18:30:00+00:00,5.95014090333725e-06,5.95014090333725e-06,5.95014090333725e-06,5.95014090333725e-06,6447780.9513,38.36520517408889,2.0
2026-09-27 18:31:00+00:00,5.959999999999999e-06,5.959999999999999e-06,5.9514149035789985e-06,5.959999999999999e-06,388712.0,2.3167235199999996,4.0
2026-09-27 18:32:00+00:00,5.9534226939316165e-06,5.9534226939316165e-06,5.9534226939316165e-06,5.9534226939316165e-06,5514148.24217,32.82805528263801,2.0
2026-09-27 18:35:00+00:00,5.94e-06,5.94e-06,5.94e-06,5.94e-06,5748193.0,34.14426642,2.0
2026-09-27 18:36:00+00:00,5.941e-06,5.941e-06,5.941e-06,5.941e-06,46297095.0,275.051041395,2.0
2026-09-27 18:37:00+00:00,5.945e-06,5.945e-06,5.945e-06,5.945e-06,887821.6989,5.278099999960499,1.0
2026-09-27 18:38:00+00:00,5.942e-06,5.945e-06,5.941e-06,5.945e-06,92592613.37594,550.4630865199632,6.0
2026-09-27 18:39:00+00:00,5.944e-06,5.949e-06,5.934e-06,5.934e-06,6720461752.90004,39879.22004170884,56.0
2026-09-27 18:40:00+00:00,5.941e-06,5.941e-06,5.941e-06,5.941e-06,6960900.0,41.354706900000004,1.0
2026-09-27 18:41:00+00:00,5.94e-06,5.94e-06,5.94e-06,5.94e-06,128584.0,0.76378896,1.0
2026-09-27 18:43:00+00:00,5.941641722680699e-06,5.941641722680699e-06,5.941641722680699e-06,5.941641722680699e-06,1625188.0,9.656284828,2.0
2026-09-27 18:44:00+00:00,5.95e-06,5.95e-06,5.95e-06,5.95e-06,145796174.0,867.4872353,4.0
2026-09-27 18:46:00+00:00,5.945e-06,5.949e-06,5.944e-06,5.949e-06,187760827.15368003,1116.9891607372424,6.0
2026-09-27 18:47:00+00:00,5.95e-06,5.95e-06,5.95e-06,5.95e-06,179400.0,1.0674299999999999,1.0
2026-09-27 18:48:00+00:00,5.950000000000001e-06,5.950000000000001e-06,5.950000000000001e-06,5.950000000000001e-06,44732772.72268,266.159997699946,2.0
2026-09-27 18:49:00+00:00,5.953843205900844e-06,5.953843205900844e-06,5.953843205900844e-06,5.953843205900844e-06,11032456.0,65.6855132,2.0
2026-09-27 18:50:00+00:00,5.951207733316303e-06,5.951311840032216e-06,5.951207733316303e-06,5.951311840032216e-06,7983318.021277,47.51121506276837,7.0
2026-09-27 18:51:00+00:00,5.95e-06,5.95e-06,5.95e-06,5.95e-06,501252706.0,2982.4536006999997,9.0
2026-09-27 18:52:00+00:00,5.949620310564592e-06,5.949620310564592e-06,5.949620310564592e-06,5.949620310564592e-06,8249234.0,49.079810153,4.0
2026-09-27 18:53:00+00:00,5.95e-06,5.95e-06,5.95e-06,5.95e-06,471460.0,2.805187,2.0
2026-09-27 18:54:00+00:00,5.959042167508956e-06,5.959042167508956e-06,5.959042167508956e-06,5.959042167508956e-06,30873812.06333,183.97834795713015,3.0
2026-09-27 18:55:00+00:00,5.950656290341515e-06,5.951968871024545e-06,5.950656290341515e-06,5.951968871024545e-06,142546090.25524,848.4298918854437,9.0
2026-09-27 18:56:00+00:00,5.958128568330659e-06,5.958128568330659e-06,5.958128568330659e-06,5.958128568330659e-06,16485755.0,98.224247836,3.0
2026-09-27 18:57:00+00:00,5.95e-06,5.95e-06,5.95e-06,5.95e-06,38402693.0,228.49602335,1.0
2026-09-27 18:58:00+00:00,5.949999999999999e-06,5.949999999999999e-06,5.949999999999999e-06,5.949999999999999e-06,2521065.0,15.000336749999997,2.0
2026-09-27 18:59:00+00:00,5.9500124156683e-06,5.9500124156683e-06,5.9500124156683e-06,5.9500124156683e-06,12182993.0,72.48895961,7.0
2026-09-27 19:00:00+00:00,5.950918487861604e-06,5.951366962701917e-06,5.949448907283038e-06,5.949448907283038e-06,157633168.34159,937.8304811414358,15.0
2026-09-27 19:01:00+00:00,5.95e-06,5.95e-06,5.95e-06,5.95e-06,85884522.0,511.01290589999996,6.0
2026-09-27 19:02:00+00:00,5.940000000000001e-06,5.9402783472614325e-06,5.940000000000001e-06,5.9402783472614325e-06,440381642.04914,2615.989532795941,9.0
2026-09-27 19:03:00+00:00,5.939598727806089e-06,5.939598727806089e-06,5.930297551891849e-06,5.930297551891849e-06,15111825.78375,89.61762344998876,5.0
2026-09-27 19:04:00+00:00,5.931370242544364e-06,5.9330328645422734e-06,5.931370242544364e-06,5.9330328645422734e-06,3953169.553961,23.454284882758532,11.0
2026-09-27 19:05:00+00:00,5.935e-06,5.935e-06,5.935e-06,5.935e-06,3700320.13479,21.96139999997865,1.0
2026-09-27 19:06:00+00:00,5.93e-06,5.93e-06,5.93e-06,5.93e-06,843170.0,4.9999981,1.0
2026-09-27 19:07:00+00:00,5.939994566027513e-06,5.939994566027513e-06,5.93e-06,5.93e-06,349652120.0,2073.4370716,9.0
2026-09-27 19:08:00+00:00,5.928e-06,5.928e-06,5.927e-06,5.927e-06,996300.0,5.9050701000000005,6.0
2026-09-27 19:09:00+00:00,5.930000000000001e-06,5.930098180868957e-06,5.930000000000001e-06,5.930098180868957e-06,301721223.95011,1789.2364812761025,10.0
2026-09-27 19:10:00+00:00,5.940000000000001e-06,5.940000000000001e-06,5.939643989852619e-06,5.939643989852619e-06,98944146.0,587.6930021200001,5.0
2026-09-27 19:11:00+00:00,5.93e-06,5.94e-06,5.93e-06,5.94e-06,238954115.0,1419.3874431,10.0
2026-09-27 19:12:00+00:00,5.94e-06,5.94e-06,5.94e-06,5.94e-06,23705857.0,140.81279057999998,2.0
2026-09-27 19:13:00+00:00,5.94e-06,5.94e-06,5.94e-06,5.94e-06,144953475.0,861.0236414999999,3.0
2026-09-27 19:14:00+00:00,5.939e-06,5.939e-06,5.938e-06,5.938e-06,996300.0,5.916029399999999,6.0
2026-09-27 19:15:00+00:00,5.94e-06,5.94e-06,5.94e-06,5.94e-06,5835792.0,34.66460448,2.0
2026-09-27 19:16:00+00:00,5.949540278794438e-06,5.949712674246524e-06,5.940114930301391e-06,5.940287325753477e-06,78563241.51263,466.68822782758537,6.0
2026-09-27 19:17:00+00:00,5.940382968318754e-06,5.940382968318754e-06,5.940382968318754e-06,5.940382968318754e-06,21618005.18331,128.41922979996124,4.0
2026-09-27 19:18:00+00:00,5.949959313038064e-06,5.949959313038064e-06,5.949959313038064e-06,5.949959313038064e-06,20164083.055953,119.97547376764058,3.0
2026-09-27 19:19:00+00:00,5.941168509878225e-06,5.941168509878225e-06,5.940876382408669e-06,5.940876382408669e-06,16569707.8154,98.43858582392221,7.0
2026-09-27 19:20:00+00:00,5.9302706738048545e-06,5.93054134760971e-06,5.9302706738048545e-06,5.93054134760971e-06,513910203.0,3047.7657078499997,7.0
2026-09-27 19:21:00+00:00,5.937e-06,5.937e-06,5.937e-06,5.937e-06,2444100.0,14.5106217,1.0
2026-09-27 19:22:00+00:00,5.93e-06,5.93e-06,5.93e-06,5.93e-06,4932205.0,29.24797565,2.0
2026-09-27 19:24:00+00:00,5.93e-06,5.93e-06,5.93e-06,5.93e-06,251730378.0,1492.76114154,5.0
2026-09-27 19:25:00+00:00,5.9363090038529605e-06,5.9363090038529605e-06,5.935407717588251e-06,5.9363090038529605e-06,170831404.06167,1014.1080020721348,6.0
2026-09-27 19:26:00+00:00,5.94e-06,5.94e-06,5.94e-06,5.94e-06,1344933.0,7.98890202,1.0
2026-09-27 19:27:00+00:00,5.92e-06,5.92e-06,5.92e-06,5.92e-06,96013513.0,568.39999696,3.0
2026-09-27 19:28:00+00:00,5.927137523726198e-06,5.928091682484132e-06,5.923320888694462e-06,5.923320888694462e-06,11491660.70243,68.06879388449289,4.0
2026-09-27 19:29:00+00:00,5.921761425311829e-06,5.921761425311829e-06,5.921761425311829e-06,5.921761425311829e-06,103155981.0,610.865109076,3.0
2026-09-27 19:30:00+00:00,5.9200274166441495e-06,5.9200274166441495e-06,5.9200274166441495e-06,5.9200274166441495e-06,84791559.0,501.96835397999996,4.0
2026-09-27 19:31:00+00:00,5.92e-06,5.92e-06,5.92e-06,5.92e-06,42229729.0,249.99999568,1.0
2026-09-27 19:33:00+00:00,5.917010443868937e-06,5.917010443868937e-06,5.917010443868937e-06,5.917010443868937e-06,54606200.3859,323.1054579833703,5.0
2026-09-27 19:34:00+00:00,5.920808687763834e-06,5.921617375527668e-06,5.920808687763834e-06,5.921617375527668e-06,24803515.90704,146.87693076930498,7.0
2026-09-27 19:35:00+00:00,5.923015885812431e-06,5.9240069411398596e-06,5.923015885812431e-06,5.9240069411398596e-06,66213044.15867,392.2465331899611,5.0
2026-09-27 19:36:00+00:00,5.92e-06,5.92e-06,5.92e-06,5.92e-06,26013512.0,153.99999104,2.0
2026-09-27 19:37:00+00:00,5.923620140453752e-06,5.929385578366519e-06,5.923620140453752e-06,5.929385578366519e-06,229017164.0,1357.9310694199999,13.0
2026-09-27 19:38:00+00:00,5.93e-06,5.93e-06,5.93e-06,5.93e-06,634303.0,3.76141679,1.0
2026-09-27 19:40:00+00:00,5.921013221744286e-06,5.928480167383569e-06,5.9202533054360706e-06,5.9202533054360706e-06,1205926099.50533,7139.387976708058,18.0
2026-09-27 19:41:00+00:00,5.92e-06,5.92e-06,5.918223929741803e-06,5.918223929741803e-06,280607942.0,1660.7006372199999,4.0
2026-09-27 19:42:00+00:00,5.926159778743025e-06,5.926159778743025e-06,5.926159778743025e-06,5.926159778743025e-06,9509529.65267,56.354992142417075,3.0
2026-09-27 19:43:00+00:00,5.923991443831848e-06,5.92498930478981e-06,5.923991443831848e-06,5.92498930478981e-06,165835450.49593002,982.5732705433853,4.0
2026-09-27 19:44:00+00:00,5.920996619139402e-06,5.922989857418208e-06,5.920996619139402e-06,5.922989857418208e-06,166097058.36633,983.7911920507727,6.0
2026-09-27 19:47:00+00:00,5.93e-06,5.93e-06,5.93e-06,5.93e-06,38385601.0,227.62661393,1.0
2026-09-27 19:48:00+00:00,5.927134079394185e-06,5.927134079394185e-06,5.924298880908724e-06,5.924298880908724e-06,2331917.86533,13.81497839994558,3.0
2026-09-27 19:49:00+00:00,5.920031089131734e-06,5.920031089131734e-06,5.920031089131734e-06,5.920031089131734e-06,84722855.0,501.56193555999994,3.0
2026-09-27 19:50:00+00:00,5.92026432700538e-06,5.9203964905080706e-06,5.92026432700538e-06,5.9203964905080706e-06,73949121.98202,437.80812225850445,5.0
2026-09-27 19:51:00+00:00,5.912654471078625e-06,5.912654471078625e-06,5.912064588616708e-06,5.912064588616708e-06,49489701.47187,292.5863115730548,5.0
2026-09-27 19:52:00+00:00,5.92e-06,5.92e-06,5.92e-06,5.92e-06,3077440.0,18.2184448,1.0
2026-09-27 19:53:00+00:00,5.915030378852231e-06,5.916024303081785e-06,5.915030378852231e-06,5.916024303081785e-06,68027751.15551001,402.4538291199972,5.0
2026-09-27 19:54:00+00:00,5.916059450988968e-06,5.916059450988968e-06,5.916059450988968e-06,5.916059450988968e-06,5586113.97,33.04778234652,3.0
2026-09-27 19:55:00+00:00,5.9197249165089825e-06,5.9197249165089825e-06,5.9197249165089825e-06,5.9197249165089825e-06,9215632.815617,54.55401120000579,2.0
2026-09-27 19:56:00+00:00,5.915192718857025e-06,5.916152916537159e-06,5.914808854328552e-06,5.914808854328552e-06,422200667.10677,2497.2362441065447,14.0
2026-09-27 19:57:00+00:00,5.914e-06,5.915e-06,5.914e-06,5.915e-06,3125000.0,18.484375,2.0
2026-09-27 19:58:00+00:00,5.917e-06,5.917e-06,5.917e-06,5.917e-06,332100.0,1.9650357,2.0
2026-09-27 19:59:00+00:00,5.910382064691756e-06,5.910382064691756e-06,5.9078580961816964e-06,5.9078580961816964e-06,2697349265.96525,15935.556699162558,20.0
2026-09-27 20:00:00+00:00,5.919513503871766e-06,5.919513503871766e-06,5.919513503871766e-06,5.919513503871766e-06,250614795.5752,1483.5176666774585,4.0
2026-09-27 20:01:00+00:00,5.927561473521765e-06,5.928398330279244e-06,5.927561473521765e-06,5.928398330279244e-06,11743276.148716,69.61881871205601,5.0
2026-09-27 20:02:00+00:00,5.93e-06,5.93e-06,5.93e-06,5.93e-06,25232029.0,149.62593197,2.0
2026-09-27 20:03:00+00:00,5.9300028077619016e-06,5.9300028077619016e-06,5.9300028077619016e-06,5.9300028077619016e-06,584877911.791833,3468.3276591234876,3.0
2026-09-27 20:04:00+00:00,5.94e-06,5.94e-06,5.94e-06,5.94e-06,355322021.0,2110.61280474,5.0
2026-09-27 20:06:00+00:00,5.936e-06,5.936e-06,5.933e-06,5.935e-06,1174418.0593,6.9701711819455,8.0
2026-09-27 20:07:00+00:00,5.93360621582506e-06,5.934507769781325e-06,5.93360621582506e-06,5.934507769781325e-06,10277751.76748,60.99339771999381,3.0
2026-09-27 20:08:00+00:00,5.9301040255804715e-06,5.930260063951178e-06,5.9301040255804715e-06,5.930260063951178e-06,1156633983.77752,6859.14032260458,7.0
2026-09-27 20:09:00+00:00,5.930286379676961e-06,5.930286379676961e-06,5.9302816325390374e-06,5.9302816325390374e-06,139915884.21542,829.7405982631639,7.0
2026-09-27 20:10:00+00:00,5.94e-06,5.94e-06,5.94e-06,5.94e-06,209973753.0,1247.2440928199999,3.0
2026-09-27 20:12:00+00:00,5.95e-06,5.95e-06,5.95e-06,5.95e-06,154709253.0,920.52005535,5.0
2026-09-27 20:13:00+00:00,5.94e-06,5.94e-06,5.94e-06,5.94e-06,10686717.0,63.479098979999996,1.0
2026-09-27 20:14:00+00:00,5.948e-06,5.952e-06,5.948e-06,5.952e-06,299223749.61848,1780.9797577291931,6.0
2026-09-27 20:15:00+00:00,5.95e-06,5.95e-06,5.95e-06,5.95e-06,3861321.0,22.97485995,1.0
2026-09-27 20:16:00+00:00,5.948002913495652e-06,5.948002913495652e-06,5.94500728373913e-06,5.94500728373913e-06,15673955.088089999,93.18177716369505,3.0
2026-09-27 20:18:00+00:00,5.95e-06,5.95e-06,5.95e-06,5.95e-06,299674.0,1.7830603,1.0
2026-09-27 20:20:00+00:00,5.94e-06,5.94e-06,5.94e-06,5.94e-06,4335813.0,25.754729219999998,2.0
2026-09-27 20:21:00+00:00,5.930183899829654e-06,5.930183899829654e-06,5.929448300511038e-06,5.929448300511038e-06,4941183686.17883,29298.49321052593,19.0
2026-09-27 20:23:00+00:00,5.918090529804638e-06,5.918090529804638e-06,5.918090529804638e-06,5.918090529804638e-06,23043041.0,136.37080272,3.0
2026-09-27 20:25:00+00:00,5.91e-06,5.91e-06,5.91e-06,5.91e-06,149567687.0,883.94503017,6.0
2026-09-27 20:26:00+00:00,5.905288691026919e-06,5.9055773820538384e-06,5.904999999999999e-06,5.904999999999999e-06,8135176.183258,48.03821536213849,9.0
2026-09-27 20:27:00+00:00,5.91e-06,5.91e-06,5.91e-06,5.91e-06,20000.0,0.1182,1.0
2026-09-27 20:29:00+00:00,5.908000634619446e-06,5.909990688198038e-06,5.90700560783015e-06,5.90700560783015e-06,106993254.80133,632.0097561114565,9.0
2026-09-27 20:30:00+00:00,5.908e-06,5.913e-06,5.908e-06,5.913e-06,198908944.42759,1176.1485884003398,6.0
2026-09-27 20:31:00+00:00,5.91e-06,5.91e-06,5.91e-06,5.91e-06,5443436892.0,32170.712031720002,25.0
2026-09-27 20:32:00+00:00,5.909431997961282e-06,5.909431997961282e-06,5.909431997961282e-06,5.909431997961282e-06,3508086.0,20.730795660000002,6.0
2026-09-27 20:33:00+00:00,5.91e-06,5.91e-06,5.91e-06,5.91e-06,167512.0,0.98999592,1.0
2026-09-27 20:34:00+00:00,5.906e-06,5.906e-06,5.906e-06,5.906e-06,1084417.34417,6.404568834668019,1.0
2026-09-27 20:35:00+00:00,5.91e-06,5.91e-06,5.9e-06,5.9e-06,300670625.0,1773.9566875,4.0
2026-09-27 20:36:00+00:00,5.92e-06,5.92e-06,5.92e-06,5.92e-06,7063.0,0.04181296,1.0
2026-09-27 20:37:00+00:00,5.92e-06,5.92e-06,5.91e-06,5.91e-06,1502170.0,8.8778247,3.0
2026-09-27 20:38:00+00:00,5.91e-06,5.91e-06,5.91e-06,5.91e-06,4546048.0,26.86714368,2.0
2026-09-27 20:39:00+00:00,5.909e-06,5.912e-06,5.909e-06,5.912e-06,7593252.71942,44.891310077211045,2.0
2026-09-27 20:40:00+00:00,5.912e-06,5.916e-06,5.912e-06,5.916e-06,6595172.360274,39.017039683380986,11.0
2026-09-27 20:41:00+00:00,5.914e-06,5.914e-06,5.914e-06,5.914e-06,172708.82651,1.02139999998014,1.0
2026-09-27 20:42:00+00:00,5.91e-06,5.91e-06,5.91e-06,5.91e-06,54767677.0,323.67697107000004,2.0
2026-09-27 20:43:00+00:00,5.91e-06,5.92e-06,5.91e-06,5.92e-06,22000000.0,130.24,2.0
2026-09-27 20:45:00+00:00,5.92e-06,5.92e-06,5.92e-06,5.92e-06,13042760.0,77.2131392,1.0
2026-09-27 20:46:00+00:00,5.929967454320305e-06,5.929978302880204e-06,5.929967454320305e-06,5.929978302880204e-06,424046752.29598,2514.5880405219777,7.0
2026-09-27 20:47:00+00:00,5.920548769788065e-06,5.920548769788065e-06,5.916302379315421e-06,5.916302379315421e-06,158415062.0,937.2314082299999,11.0
2026-09-27 20:48:00+00:00,5.914e-06,5.915e-06,5.914e-06,5.915e-06,167392032.13927,990.1238701037821,2.0
2026-09-27 20:49:00+00:00,5.917996969918411e-06,5.917996969918411e-06,5.909599393983682e-06,5.909599393983682e-06,538447871.99447,3182.011218030323,7.0
2026-09-27 20:50:00+00:00,5.92e-06,5.92e-06,5.92e-06,5.92e-06,8039144.0,47.59173248,1.0
2026-09-27 20:51:00+00:00,5.906e-06,5.906e-06,5.904e-06,5.904e-06,3757310.507765,22.183161237844562,7.0
2026-09-27 20:53:00+00:00,5.902e-06,5.902e-06,5.902e-06,5.902e-06,4340902.0,25.620003604,1.0
2026-09-27 20:55:00+00:00,5.900101052581752e-06,5.900101052581752e-06,5.900101052581752e-06,5.900101052581752e-06,45668740.04337,269.45018119996973,6.0
2026-09-27 20:56:00+00:00,5.9022057561011325e-06,5.9022057561011325e-06,5.901383570164603e-06,5.901383570164603e-06,60572424.980000004,357.46111358200005,8.0
2026-09-27 20:57:00+00:00,5.904e-06,5.904e-06,5.904e-06,5.904e-06,170047743.88073,1003.9618798718299,1.0
2026-09-27 20:59:00+00:00,5.9e-06,5.9e-06,5.9e-06,5.9e-06,8474576.0,49.9999984,1.0
2026-09-27 21:01:00+00:00,5.9001847698942796e-06,5.9001847698942796e-06,5.9001847698942796e-06,5.9001847698942796e-06,229288980.72869,1352.8473519999998,6.0
2026-09-27 21:02:00+00:00,5.897342997454942e-06,5.8981918289231974e-06,5.897342997454942e-06,5.8981918289231974e-06,58145037.84975,342.9505871378255,6.0
2026-09-27 21:03:00+00:00,5.898037470296172e-06,5.905025940974273e-06,5.898037470296172e-06,5.905025940974273e-06,636082607.695315,3756.084299043397,19.0
2026-09-27 21:04:00+00:00,5.91e-06,5.91e-06,5.900040436921911e-06,5.91e-06,207251680.0,1224.8574288,6.0
2026-09-27 21:05:00+00:00,5.908093365045128e-06,5.914498990517823e-06,5.906771361181137e-06,5.914498990517823e-06,2459782859.70159,14548.3832405981,39.0
2026-09-27 21:06:00+00:00,5.907e-06,5.907e-06,5.907e-06,5.907e-06,3292438.78226,19.44843588680982,1.0
2026-09-27 21:08:00+00:00,5.905e-06,5.907e-06,5.905e-06,5.906e-06,996300.0,5.8841478,6.0
2026-09-27 21:10:00+00:00,5.9010142920412315e-06,5.910101429204124e-06,5.900912862837108e-06,5.909898570795878e-06,436601626.49415,2580.2713284249326,22.0
2026-09-27 21:11:00+00:00,5.92e-06,5.92e-06,5.92e-06,5.92e-06,10000000.0,59.2,1.0
2026-09-27 21:12:00+00:00,5.917004880147978e-06,5.917004880147978e-06,5.917004880147978e-06,5.917004880147978e-06,162330118.616,960.5081040458721,4.0
2026-09-27 21:13:00+00:00,5.919998227208474e-06,5.920283391441336e-06,5.919995568021184e-06,5.920280732254046e-06,1155790390.304919,6842.603578246596,17.0
2026-09-27 21:14:00+00:00,5.928148178323067e-06,5.928148178323067e-06,5.928148178323067e-06,5.928148178323067e-06,15035789.0,89.13438517,2.0
2026-09-27 21:15:00+00:00,5.930013850724647e-06,5.939986149275353e-06,5.930013850724647e-06,5.939986149275353e-06,1315350759.236,7813.16529130066,18.0
2026-09-27 21:16:00+00:00,5.93e-06,5.93e-06,5.93e-06,5.93e-06,30000000.0,177.9,1.0
2026-09-27 21:17:00+00:00,5.93571896269547e-06,5.93571896269547e-06,5.93571896269547e-06,5.93571896269547e-06,2661866.97304,15.800094268046319,3.0
2026-09-27 21:18:00+00:00,5.936006628877177e-06,5.936006628877177e-06,5.936006628877177e-06,5.936006628877177e-06,57264600.0,339.9230452,2.0
2026-09-27 21:19:00+00:00,5.925418331646911e-06,5.926334665317529e-06,5.925418331646911e-06,5.926334665317529e-06,1995390.514113,11.825351974633637,6.0
2026-09-27 21:20:00+00:00,5.927255268046387e-06,5.93e-06,5.925425446743978e-06,5.925425446743978e-06,393418735.40928,2331.173386019984,9.0
2026-09-27 21:23:00+00:00,5.93e-06,5.93e-06,5.93e-06,5.93e-06,275627.0,1.63446811,1.0
2026-09-27 21:24:00+00:00,5.929130335538769e-06,5.929130335538769e-06,5.929130335538769e-06,5.929130335538769e-06,229973753.0,1363.5443552899999,5.0
2026-09-27 21:25:00+00:00,5.93e-06,5.93e-06,5.93e-06,5.93e-06,16870045.0,100.03936685,2.0
2026-09-27 21:26:00+00:00,5.9300969666043355e-06,5.9300969666043355e-06,5.9300969666043355e-06,5.9300969666043355e-06,189909713.0,1126.18301299,10.0
2026-09-27 21:27:00+00:00,5.92e-06,5.92e-06,5.92e-06,5.92e-06,18242898.0,107.99795616,1.0
2026-09-27 21:28:00+00:00,5.922477468975923e-06,5.925285379002395e-06,5.922477468975923e-06,5.925285379002395e-06,6681343.0,39.58886399,4.0
2026-09-27 21:29:00+00:00,5.918668836435942e-06,5.918668836435942e-06,5.918668836435942e-06,5.918668836435942e-06,5132788.54965,30.379275632828694,2.0
2026-09-27 21:30:00+00:00,5.918e-06,5.918e-06,5.918e-06,5.918e-06,6814094.77,40.32581284886,1.0
2026-09-27 21:31:00+00:00,5.92e-06,5.92e-06,5.91e-06,5.91e-06,1936349.0,11.44382259,2.0
2026-09-27 21:32:00+00:00,5.91e-06,5.91e-06,5.91e-06,5.91e-06,34361981.0,203.07930771,2.0
2026-09-27 21:34:00+00:00,5.918e-06,5.918e-06,5.916e-06,5.916e-06,44629764.47145,264.0296866130982,3.0
2026-09-27 21:35:00+00:00,5.92e-06,5.93e-06,5.92e-06,5.93e-06,1884874525.0,11177.30593325,10.0
2026-09-27 21:36:00+00:00,5.900589532275397e-06,5.91e-06,5.9e-06,5.9e-06,515323779.0,3040.4102961000003,10.0
2026-09-27 21:37:00+00:00,5.89e-06,5.89e-06,5.89e-06,5.89e-06,508906.0,2.9974563400000003,3.0
2026-09-27 21:38:00+00:00,5.904e-06,5.904e-06,5.904e-06,5.904e-06,367243.0,2.168202672,1.0
2026-09-27 21:39:00+00:00,5.906e-06,5.906e-06,5.906e-06,5.906e-06,1078851.62601,6.37169770321506,1.0
2026-09-27 21:40:00+00:00,5.91e-06,5.91e-06,5.902630873528229e-06,5.902630873528229e-06,6370979.0,37.605537340000005,3.0
2026-09-27 21:41:00+00:00,5.91e-06,5.91e-06,5.91e-06,5.91e-06,2919050.0,17.2515855,2.0
2026-09-27 21:42:00+00:00,5.91e-06,5.91e-06,5.91e-06,5.91e-06,209973753.0,1240.94488023,6.0
2026-09-27 21:43:00+00:00,5.911126011197889e-06,5.911126011197889e-06,5.910319284943153e-06,5.910319284943153e-06,7550497.86,44.62585311288001,3.0
2026-09-27 21:44:00+00:00,5.908e-06,5.908e-06,5.908e-06,5.908e-06,1078851.62601,6.37385540646708,1.0
2026-09-27 21:45:00+00:00,5.900534583124567e-06,5.900534583124567e-06,5.900534583124567e-06,5.900534583124567e-06,9461894.157141,55.83023369607474,2.0
2026-09-27 21:46:00+00:00,5.91e-06,5.91e-06,5.91e-06,5.91e-06,84602.0,0.49999782000000004,1.0
2026-09-27 21:47:00+00:00,5.92e-06,5.92e-06,5.92e-06,5.92e-06,4212441.0,24.93765072,1.0
2026-09-27 21:48:00+00:00,5.92e-06,5.92e-06,5.92e-06,5.92e-06,16849767.0,99.75062064000001,1.0
2026-09-27 21:50:00+00:00,5.92e-06,5.92e-06,5.92e-06,5.92e-06,190000.0,1.1248,1.0
2026-09-27 21:51:00+00:00,5.93e-06,5.93e-06,5.93e-06,5.93e-06,8352355.0,49.52946515,1.0
2026-09-27 21:52:00+00:00,5.93e-06,5.93e-06,5.93e-06,5.93e-06,190000.0,1.1267,1.0
2026-09-27 21:53:00+00:00,5.93e-06,5.93e-06,5.93e-06,5.93e-06,871839.0,5.17000527,1.0
2026-09-27 21:54:00+00:00,5.93e-06,5.93e-06,5.93e-06,5.93e-06,1037851792.0,6154.46112656,4.0
2026-09-27 21:56:00+00:00,5.92e-06,5.92e-06,5.92e-06,5.92e-06,58163478.0,344.32778976000003,2.0
2026-09-27 21:57:00+00:00,5.93e-06,5.93e-06,5.93e-06,5.93e-06,2000000.0,11.86,1.0
2026-09-27 21:59:00+00:00,5.934e-06,5.934e-06,5.934e-06,5.934e-06,3875968.99225,23.0000000000115,1.0
2026-09-27 22:00:00+00:00,5.934e-06,5.934e-06,5.922e-06,5.922e-06,1085140.43627,6.42620166359094,2.0
2026-09-27 22:01:00+00:00,5.920729607787043e-06,5.922188823361129e-06,5.904887202429838e-06,5.904887202429838e-06,686781201.9038,4055.365529991131,12.0
2026-09-27 22:02:00+00:00,5.894152685608009e-06,5.894152685608009e-06,5.890000000000001e-06,5.894152685608009e-06,2610973.0,15.389473520000001,13.0
2026-09-27 22:04:00+00:00,5.890271305977427e-06,5.9e-06,5.890271305977427e-06,5.9e-06,30498812.0,179.94299080000002,8.0
2026-09-27 22:05:00+00:00,5.900314789350542e-06,5.900314789350542e-06,5.900314789350542e-06,5.900314789350542e-06,16470006.183282,97.17822106391365,11.0
2026-09-27 22:06:00+00:00,5.9e-06,5.9e-06,5.9e-06,5.9e-06,1836974.0,10.8381466,2.0
2026-09-27 22:07:00+00:00,5.889461347762016e-06,5.889479660979421e-06,5.87137119467091e-06,5.8803305166297525e-06,2264077310.0,13313.522898002,28.0
2026-09-27 22:08:00+00:00,5.870279996107784e-06,5.870784883012713e-06,5.8702243941799686e-06,5.8707292810848975e-06,106571844.40844,625.6544475078525,5.0
2026-09-27 22:09:00+00:00,5.8705146318541685e-06,5.870847998981403e-06,5.8705146318541685e-06,5.870847998981403e-06,1259448207.40145,7394.028988243517,11.0
2026-09-27 22:10:00+00:00,5.870024408668139e-06,5.870024408668139e-06,5.870005190052145e-06,5.870005190052145e-06,955543833.44083,5609.047261619995,5.0
2026-09-27 22:11:00+00:00,5.871073445495215e-06,5.871073445495215e-06,5.871073445495215e-06,5.871073445495215e-06,154467485.94699,906.8899549357784,5.0
2026-09-27 22:12:00+00:00,5.869936957149068e-06,5.869936957149068e-06,5.869842392872671e-06,5.869842392872671e-06,68043585.818817,399.40512460236175,11.0
2026-09-27 22:13:00+00:00,5.859999829598336e-06,5.859999829598336e-06,5.8500020014650015e-06,5.8500020014650015e-06,2226504084.0,13025.05334767,23.0
2026-09-27 22:14:00+00:00,5.847429439237538e-06,5.847429439237538e-06,5.837458534200318e-06,5.847416969967776e-06,428874176.600719,2507.806138236001,27.0
2026-09-27 22:15:00+00:00,5.839951943928492e-06,5.839951943928492e-06,5.832378360506059e-06,5.832681497520337e-06,287020461.83815,1674.0989371731196,18.0
2026-09-27 22:16:00+00:00,5.84e-06,5.841178371588951e-06,5.831178371588951e-06,5.832356743177902e-06,27448082.0,160.08700614,9.0
2026-09-27 22:17:00+00:00,5.85e-06,5.85e-06,5.84e-06,5.84e-06,12970890.0,75.7499976,7.0
2026-09-27 22:18:00+00:00,5.85e-06,5.854385700965739e-06,5.85e-06,5.854385700965739e-06,15689647.0,91.85324505000001,6.0
2026-09-27 22:19:00+00:00,5.859975879264549e-06,5.860493467795522e-06,5.850581692415857e-06,5.860493467795522e-06,142625474.83677,835.8556636221251,19.0
2026-09-27 22:20:00+00:00,5.869249409182276e-06,5.869249409182276e-06,5.86e-06,5.86e-06,799406875.0,4684.524287499999,5.0
2026-09-27 22:21:00+00:00,5.87e-06,5.87e-06,5.86e-06,5.87e-06,22760324.0,133.60310188,7.0
2026-09-27 22:22:00+00:00,5.87e-06,5.889566979744111e-06,5.87e-06,5.889566979744111e-06,8775571.0,51.684313190000005,3.0
2026-09-27 22:23:00+00:00,5.8800000000000005e-06,5.880094188931072e-06,5.8800000000000005e-06,5.880094188931072e-06,212162085.0,1247.53304312,15.0
2026-09-27 22:24:00+00:00,5.888174483584073e-06,5.888174483584073e-06,5.88045637910398e-06,5.888174483584073e-06,4744122.09558,27.93421867020156,5.0
2026-09-27 22:25:00+00:00,5.8801096197914186e-06,5.8801096197914186e-06,5.880021933622221e-06,5.880021933622221e-06,108030492.0,635.22166246,7.0
2026-09-27 22:26:00+00:00,5.89e-06,5.89e-06,5.89e-06,5.89e-06,833333.0,4.90833137,1.0
2026-09-27 22:27:00+00:00,5.889179548602631e-06,5.889179548602631e-06,5.889179548602631e-06,5.889179548602631e-06,8484232.0,49.96516558,5.0
2026-09-27 22:28:00+00:00,5.897917740940518e-06,5.897917740940518e-06,5.892082259059484e-06,5.892082259059484e-06,16714779.0,98.48485281000002,7.0
2026-09-27 22:29:00+00:00,5.8900168830440236e-06,5.8900168830440236e-06,5.8900168830440236e-06,5.8900168830440236e-06,98552133.0,580.47372723,6.0
2026-09-27 22:30:00+00:00,5.880180411112927e-06,5.8802212879801805e-06,5.880180411112927e-06,5.8802212879801805e-06,303941110.813214,1787.240990096204,13.0
2026-09-27 22:31:00+00:00,5.88e-06,5.882137164924473e-06,5.88e-06,5.882137164924473e-06,108882355.0,640.46094695,7.0
2026-09-27 22:32:00+00:00,5.873870932783473e-06,5.876399661095402e-06,5.873150865002554e-06,5.8756795933144825e-06,70706034.0,415.44600109799995,6.0
2026-09-27 22:33:00+00:00,5.871547246470123e-06,5.871657584413003e-06,5.86933797234272e-06,5.869448310285599e-06,65902088.92329,386.8089044750958,10.0
2026-09-27 22:34:00+00:00,5.861888389199544e-06,5.861888389199544e-06,5.858161517623112e-06,5.859080758811557e-06,570039294.9431599,3339.9062647679743,15.0
2026-09-27 22:35:00+00:00,5.859155548312155e-06,5.859155548312155e-06,5.85066826462311e-06,5.85066826462311e-06,27339465.5465,159.95414344466448,6.0
2026-09-27 22:36:00+00:00,5.86e-06,5.86e-06,5.86e-06,5.86e-06,350725273.0,2055.25009978,22.0
2026-09-27 22:37:00+00:00,5.86e-06,5.86e-06,5.86e-06,5.86e-06,8162116.0,47.82999976,2.0
2026-09-27 22:38:00+00:00,5.8617503706957085e-06,5.87e-06,5.86e-06,5.87e-06,39464309.0,231.65549382999998,9.0
2026-09-27 22:39:00+00:00,5.863306439012145e-06,5.865806425130433e-06,5.863306439012145e-06,5.865806425130433e-06,254108419.07931,1490.5507973151532,6.0
2026-09-27 22:40:00+00:00,5.87e-06,5.87e-06,5.87e-06,5.87e-06,1591215.0,9.340432049999999,3.0
2026-09-27 22:41:00+00:00,5.87e-06,5.87e-06,5.86e-06,5.86e-06,144270311.0,845.42402246,15.0
2026-09-27 22:42:00+00:00,5.86e-06,5.863039201828476e-06,5.86e-06,5.863039201828476e-06,29996560.0,175.87100719999998,10.0
2026-09-27 22:43:00+00:00,5.859904468351365e-06,5.859904468351365e-06,5.850376204298831e-06,5.850376204298831e-06,149435294.0,874.2526880999999,11.0
2026-09-27 22:44:00+00:00,5.86e-06,5.86e-06,5.86e-06,5.86e-06,584555.0,3.4254922999999997,2.0
2026-09-27 22:45:00+00:00,5.86e-06,5.86e-06,5.852364958073966e-06,5.852364958073966e-06,6374798.0,37.30764443,5.0
2026-09-27 22:46:00+00:00,5.85e-06,5.851593156163988e-06,5.85e-06,5.851593156163988e-06,20497978.0,119.94582778,7.0
2026-09-27 22:47:00+00:00,5.850064079440567e-06,5.857394345164584e-06,5.848109838314005e-06,5.857394345164584e-06,548969368.161,3215.530072734816,24.0
2026-09-27 22:48:00+00:00,5.859782569293016e-06,5.859782569293016e-06,5.859782569293016e-06,5.859782569293016e-06,96043012.0,562.7911676199999,11.0
2026-09-27 22:49:00+00:00,5.86e-06,5.86e-06,5.86e-06,5.86e-06,4357021.0,25.53214306,2.0
2026-09-27 22:50:00+00:00,5.860386016599463e-06,5.8698870821542835e-06,5.860377330611331e-06,5.869878396166152e-06,20377647.0,119.61430988999999,8.0
2026-09-27 22:51:00+00:00,5.8629834324750335e-06,5.8629834324750335e-06,5.8626449650518375e-06,5.8626449650518375e-06,7895265.0,46.2871356,4.0
2026-09-27 22:52:00+00:00,5.86e-06,5.87e-06,5.86e-06,5.87e-06,32761085.0,192.30756895,3.0
2026-09-27 22:53:00+00:00,5.87e-06,5.87e-06,5.8600104494154e-06,5.8600104494154e-06,799883982.0,4687.32849284,10.0
2026-09-27 22:54:00+00:00,5.87e-06,5.87e-06,5.8600953571833615e-06,5.8600953571833615e-06,245520465.0,1438.77333704,7.0
2026-09-27 22:55:00+00:00,5.864957702673346e-06,5.868017942730979e-06,5.863966817060208e-06,5.8650458579770554e-06,618788634.4280399,3629.223717315454,22.0
2026-09-27 22:56:00+00:00,5.860000498354827e-06,5.860003934067762e-06,5.859983229249896e-06,5.85998666496283e-06,3420733745.8639135,20045.45413515088,26.0
2026-09-27 22:57:00+00:00,5.86e-06,5.865143896988757e-06,5.859028779397751e-06,5.864172676386508e-06,208432999.7944,1222.2871022515951,7.0
2026-09-27 22:58:00+00:00,5.860314043406807e-06,5.869676725598095e-06,5.860314043406807e-06,5.869676725598095e-06,54063947.097112,317.337891969885,7.0
2026-09-27 22:59:00+00:00,5.87e-06,5.87e-06,5.87e-06,5.87e-06,3530648.0,20.72490376,1.0
2026-09-27 23:00:00+00:00,5.868222515663408e-06,5.868222515663408e-06,5.868222515663408e-06,5.868222515663408e-06,417725200.0,2451.304424,5.0
2026-09-27 23:01:00+00:00,5.88e-06,5.88e-06,5.88e-06,5.88e-06,452405698.0,2660.14550424,6.0
2026-09-27 23:02:00+00:00,5.88e-06,5.88e-06,5.88e-06,5.88e-06,99301564.0,583.89319632,2.0
2026-09-27 23:03:00+00:00,5.87e-06,5.87e-06,5.87e-06,5.87e-06,21374363.0,125.46751081,1.0
2026-09-27 23:04:00+00:00,5.879416715123404e-06,5.879416715123404e-06,5.879416715123404e-06,5.879416715123404e-06,9915372.37652,58.29660608718456,3.0
2026-09-27 23:05:00+00:00,5.876e-06,5.876e-06,5.876e-06,5.876e-06,2666623.0,15.669076748,1.0
2026-09-27 23:06:00+00:00,5.870991401369212e-06,5.870991401369212e-06,5.870991401369212e-06,5.870991401369212e-06,19614053.0,115.153936509,3.0
2026-09-27 23:07:00+00:00,5.87e-06,5.87e-06,5.87e-06,5.87e-06,843187.0,4.94950769,1.0
2026-09-27 23:08:00+00:00,5.864767874452674e-06,5.864767874452674e-06,5.864767874452674e-06,5.864767874452674e-06,9014290.0,52.86671840299999,4.0
2026-09-27 23:10:00+00:00,5.86e-06,5.86e-06,5.86e-06,5.86e-06,203171373.0,1190.58424578,2.0
2026-09-27 23:11:00+00:00,5.86e-06,5.86e-06,5.86e-06,5.86e-06,1046200.0,6.130732,1.0
2026-09-27 23:12:00+00:00,5.860250043762752e-06,5.860250043762752e-06,5.860250043762752e-06,5.860250043762752e-06,26255204.0,153.86206038999998,2.0
2026-09-27 23:13:00+00:00,5.869920796177457e-06,5.869920796177457e-06,5.869920796177457e-06,5.869920796177457e-06,166832857.0,979.2956567899998,6.0
2026-09-27 23:14:00+00:00,5.860378658822157e-06,5.860378658822157e-06,5.860378658822157e-06,5.860378658822157e-06,90594831.0,530.920014192,4.0
2026-09-27 23:15:00+00:00,5.86e-06,5.86e-06,5.86e-06,5.86e-06,282758779.3,1656.966446698,7.0
2026-09-27 23:17:00+00:00,5.88e-06,5.88e-06,5.88e-06,5.88e-06,830045608.0,4880.668175039999,7.0
2026-09-27 23:19:00+00:00,5.878658083833211e-06,5.878658083833211e-06,5.878658083833211e-06,5.878658083833211e-06,253642966.25119,1491.0802739599924,2.0
2026-09-27 23:20:00+00:00,5.880285078335445e-06,5.880285078335445e-06,5.880285078335445e-06,5.880285078335445e-06,149014763.12574,876.2492880599798,10.0
2026-09-27 23:21:00+00:00,5.880908348262135e-06,5.882725044786403e-06,5.880908348262135e-06,5.880908348262135e-06,191002859.38571,1123.2703103033605,6.0
2026-09-27 23:22:00+00:00,5.8837978836117386e-06,5.8856968254176085e-06,5.8818989418058695e-06,5.8856968254176085e-06,376020968.18450993,2213.1454187340255,6.0
2026-09-27 23:23:00+00:00,5.88e-06,5.88e-06,5.88e-06,5.88e-06,8215944.0,48.30975072,2.0
2026-09-27 23:24:00+00:00,5.880227434714816e-06,5.880227434714816e-06,5.880227434714816e-06,5.880227434714816e-06,74093965.8819,435.6893709255719,4.0
2026-09-27 23:25:00+00:00,5.89e-06,5.89e-06,5.89e-06,5.89e-06,1685154.0,9.925557060000001,1.0
2026-09-27 23:26:00+00:00,5.888750357894051e-06,5.89e-06,5.888750357894051e-06,5.89e-06,591135139.0,3481.7859687100004,20.0
2026-09-27 23:27:00+00:00,5.88990688115083e-06,5.88990688115083e-06,5.88981376230166e-06,5.88981376230166e-06,161084465.0,948.7574988500002,5.0
2026-09-27 23:28:00+00:00,5.880692261581051e-06,5.880692261581051e-06,5.880692261581051e-06,5.880692261581051e-06,21582271.29542,126.91869579431923,4.0
2026-09-27 23:29:00+00:00,5.8899491014107e-06,5.8899491014107e-06,5.8802063631756775e-06,5.8802063631756775e-06,1673601949.13043,9841.124830699971,47.0
2026-09-27 23:30:00+00:00,5.884643562611626e-06,5.892867630416295e-06,5.883687685806194e-06,5.892867630416295e-06,802773291.8492799,4730.636746101355,18.0
2026-09-27 23:31:00+00:00,5.900000000000001e-06,5.900000000000001e-06,5.890200617098195e-06,5.890200617098195e-06,4984620.0,29.360411800000005,4.0
2026-09-27 23:32:00+00:00,5.887800182887136e-06,5.887800182887136e-06,5.887800182887136e-06,5.887800182887136e-06,4998183.68341,29.428306805284898,4.0
2026-09-27 23:34:00+00:00,5.88e-06,5.88e-06,5.88e-06,5.88e-06,89900055.0,528.6123233999999,10.0
2026-09-27 23:35:00+00:00,5.88e-06,5.88e-06,5.88e-06,5.88e-06,20096100.0,118.16506799999999,3.0
2026-09-27 23:36:00+00:00,5.876358504028355e-06,5.876358504028355e-06,5.87556369102481e-06,5.87556369102481e-06,62269204.29023,365.8666757966817,3.0
2026-09-27 23:37:00+00:00,5.880399266015777e-06,5.880399266015777e-06,5.880399266015777e-06,5.880399266015777e-06,31231734.0,183.65506569,3.0
2026-09-27 23:38:00+00:00,5.885046661338224e-06,5.8919813354647105e-06,5.885046661338224e-06,5.8919813354647105e-06,2016366730.6415198,11880.395142391833,23.0
2026-09-27 23:39:00+00:00,5.888442526693528e-06,5.888442526693528e-06,5.887330210152046e-06,5.887330210152046e-06,53218706.0,313.316095579,6.0
2026-09-27 23:40:00+00:00,5.8802125670836085e-06,5.8802125670836085e-06,5.8802125670836085e-06,5.8802125670836085e-06,1904340.0,11.197923999999999,3.0
2026-09-27 23:41:00+00:00,5.89e-06,5.89e-06,5.89e-06,5.89e-06,660560.0,3.8906984000000002,1.0
2026-09-27 23:42:00+00:00,5.880023393710174e-06,5.880028072452209e-06,5.880023393710174e-06,5.880028072452209e-06,24788357.329409,145.75623696690138,4.0
2026-09-27 23:43:00+00:00,5.88e-06,5.88e-06,5.88e-06,5.88e-06,12181143.0,71.62512084,5.0
2026-09-27 23:45:00+00:00,5.880248682247133e-06,5.880248682247133e-06,5.880248682247133e-06,5.880248682247133e-06,31671151.0,186.23424393299996,5.0
2026-09-27 23:46:00+00:00,5.8801746636569115e-06,5.882651934643855e-06,5.8801746636569115e-06,5.882651934643855e-06,118632972.149158,697.876483125795,9.0
2026-09-27 23:47:00+00:00,5.893e-06,5.896e-06,5.893e-06,5.896e-06,287078500.0,1692.614836,6.0
2026-09-27 23:48:00+00:00,5.9e-06,5.9e-06,5.9e-06,5.9e-06,213475215.0,1259.5037685,16.0
2026-09-27 23:49:00+00:00,5.909985618428036e-06,5.909985618428036e-06,5.909985618428036e-06,5.909985618428036e-06,250051425.283777,1477.8003272945546,8.0
2026-09-27 23:50:00+00:00,5.92e-06,5.92e-06,5.92e-06,5.92e-06,253846108.0,1502.76895936,5.0
2026-09-27 23:51:00+00:00,5.92e-06,5.9291718315741764e-06,5.92e-06,5.9291718315741764e-06,1529751498.0,9070.15949125,7.0
2026-09-27 23:52:00+00:00,5.920442229229809e-06,5.920442229229809e-06,5.920442229229809e-06,5.920442229229809e-06,13261473.60858,78.51378837405366,5.0
2026-09-27 23:53:00+00:00,5.9201673205928414e-06,5.929889219562623e-06,5.9201673205928414e-06,5.929889219562623e-06,65220977.09212,386.75316894790313,4.0
2026-09-27 23:54:00+00:00,5.920000000000001e-06,5.9277923646610136e-06,5.920000000000001e-06,5.9277923646610136e-06,8052059.0,47.73093385999999,3.0
2026-09-27 23:55:00+00:00,5.924e-06,5.924e-06,5.924e-06,5.924e-06,6444160.838,38.17520880431201,1.0
2026-09-27 23:56:00+00:00,5.93e-06,5.93e-06,5.93e-06,5.93e-06,901287992.0,5344.63779256,3.0
2026-09-27 23:57:00+00:00,5.924e-06,5.924e-06,5.924e-06,5.924e-06,35000.0,0.20734000000000002,1.0
2026-09-27 23:58:00+00:00,5.919999503152029e-06,5.919999503152029e-06,5.919999503152029e-06,5.919999503152029e-06,559929830.0,3314.7843154,12.0
2026-09-27 23:59:00+00:00,5.91e-06,5.92e-06,5.91e-06,5.91e-06,51564398.0,304.74559218,3.0
2026-09-28 00:00:00+00:00,5.918442896763646e-06,5.918442896763646e-06,5.918442896763646e-06,5.918442896763646e-06,8940833.0,52.91580956,2.0
2026-09-28 00:01:00+00:00,5.903044417937972e-06,5.920276765267088e-06,5.903044417937972e-06,5.920276765267088e-06,238055.786693,1.409356142795946,3.0
2026-09-28 00:02:00+00:00,5.927435749618159e-06,5.929999999999999e-06,5.927435749618159e-06,5.929999999999999e-06,319105730.0,1892.2969788999997,8.0
2026-09-28 00:03:00+00:00,5.923e-06,5.923e-06,5.923e-06,5.923e-06,2979919.00101,17.650060242982228,1.0
2026-09-28 00:04:00+00:00,5.920043334330211e-06,5.920043334330211e-06,5.910476677632316e-06,5.910476677632316e-06,17768822.0,105.02220802,3.0
2026-09-28 00:05:00+00:00,5.92e-06,5.92e-06,5.92e-06,5.92e-06,1672297.0,9.89999824,1.0
2026-09-28 00:06:00+00:00,5.91e-06,5.91e-06,5.91e-06,5.91e-06,879931.0,5.20039221,2.0
2026-09-28 00:07:00+00:00,5.92e-06,5.92e-06,5.9e-06,5.9e-06,11992924.0,70.75825160000001,2.0
2026-09-28 00:08:00+00:00,5.91e-06,5.91e-06,5.902131317329274e-06,5.909985850859433e-06,84577659.1887,499.8527691040283,6.0
2026-09-28 00:09:00+00:00,5.8985405405405405e-06,5.8985405405405405e-06,5.8985405405405405e-06,5.8985405405405405e-06,370000.0,2.18246,2.0
2026-09-28 00:10:00+00:00,5.895214966558543e-06,5.895214966558543e-06,5.895214966558543e-06,5.895214966558543e-06,97629418.0,575.5464061700001,3.0
2026-09-28 00:11:00+00:00,5.89e-06,5.89e-06,5.89e-06,5.89e-06,801048454.0,4718.17539406,8.0
2026-09-28 00:12:00+00:00,5.891559113117757e-06,5.8989658188867495e-06,5.891559113117757e-06,5.8989658188867495e-06,176566008.91566,1041.5568513707315,12.0
2026-09-28 00:13:00+00:00,5.9e-06,5.9e-06,5.9e-06,5.9e-06,1678965.0,9.905893500000001,1.0
2026-09-28 00:14:00+00:00,5.902030229137638e-06,5.902030229137638e-06,5.902030229137638e-06,5.902030229137638e-06,516720.0,3.04969706,2.0
2026-09-28 00:15:00+00:00,5.91e-06,5.91e-06,5.91e-06,5.91e-06,51625845.0,305.10874395,1.0
2026-09-28 00:16:00+00:00,5.9205258086359616e-06,5.9205258086359616e-06,5.915189075177474e-06,5.915189075177474e-06,97232930.95967999,575.1511709601847,8.0
2026-09-28 00:17:00+00:00,5.922e-06,5.922e-06,5.922e-06,5.922e-06,1363656.3133,8.0755726873626,1.0
2026-09-28 00:19:00+00:00,5.929976250084197e-06,5.9409362594506246e-06,5.929976250084197e-06,5.9409362594506246e-06,324394346.41451,1927.2061349747491,14.0
2026-09-28 00:20:00+00:00,5.950002588655056e-06,5.950007765965168e-06,5.940023297895505e-06,5.949997411344944e-06,3826019942.87002,22764.80875583075,26.0
2026-09-28 00:21:00+00:00,5.951149219367296e-06,5.976400171450668e-06,5.951149219367296e-06,5.967908099885615e-06,904933838.7144101,5400.561985924311,25.0
2026-09-28 00:22:00+00:00,5.974489319559793e-06,5.974489319559793e-06,5.97e-06,5.97e-06,148008038.0,883.60798686,5.0
2026-09-28 00:23:00+00:00,5.96e-06,5.96e-06,5.96e-06,5.96e-06,125838926.0,749.99999896,2.0
2026-09-28 00:24:00+00:00,5.966e-06,5.967e-06,5.966e-06,5.967e-06,13531691.71796,80.74360448106732,2.0
2026-09-28 00:25:00+00:00,5.9573303292169666e-06,5.960782326162285e-06,5.953797659197603e-06,5.960701653088241e-06,448062261.51901,2670.7654629228186,14.0
2026-09-28 00:26:00+00:00,5.96e-06,5.96e-06,5.96e-06,5.96e-06,617698900.0,3681.485444,5.0
2026-09-28 00:27:00+00:00,5.956e-06,5.956e-06,5.956e-06,5.956e-06,99666100.0,593.6112916000001,2.0
2026-09-28 00:28:00+00:00,5.949242889487812e-06,5.952649886792654e-06,5.949242889487812e-06,5.952649886792654e-06,338096360.23185,2012.5692604591304,19.0
2026-09-28 00:29:00+00:00,5.962e-06,5.962e-06,5.962e-06,5.962e-06,1613595.16616,9.62025438064592,1.0
2026-09-28 00:30:00+00:00,5.96e-06,5.97e-06,5.96e-06,5.97e-06,2165829.0,12.929999129999999,2.0
2026-09-28 00:31:00+00:00,5.94e-06,5.94e-06,5.93e-06,5.93e-06,6096930.0,36.1547949,5.0
2026-09-28 00:32:00+00:00,5.929047467217018e-06,5.929047467217018e-06,5.923175107583214e-06,5.923175107583214e-06,9448500.0,55.965120004,9.0
2026-09-28 00:33:00+00:00,5.920455693905343e-06,5.920455693905343e-06,5.917412009047713e-06,5.917412009047713e-06,137956201.0,816.34368052,6.0
2026-09-28 00:34:00+00:00,5.907948170783295e-06,5.908130881444687e-06,5.907948170783295e-06,5.908130881444687e-06,152730417.61759,902.3512968624273,8.0
2026-09-28 00:35:00+00:00,5.9e-06,5.9e-06,5.89e-06,5.89e-06,1968629095.0,11595.22536955,8.0
2026-09-28 00:36:00+00:00,5.897601536707073e-06,5.897601536707073e-06,5.897601536707073e-06,5.897601536707073e-06,328528945.77835,1937.5328154751517,10.0
2026-09-28 00:39:00+00:00,5.899760957409509e-06,5.899760957409509e-06,5.89e-06,5.89e-06,2329701033.0,13721.93908437,6.0
2026-09-28 00:40:00+00:00,5.88000479123267e-06,5.88000479123267e-06,5.870705592231747e-06,5.870705592231747e-06,751372402.0,4411.08616227,16.0
2026-09-28 00:41:00+00:00,5.88e-06,5.88e-06,5.88e-06,5.88e-06,84375084.0,496.12549391999994,1.0
2026-09-28 00:42:00+00:00,5.89e-06,5.89e-06,5.89e-06,5.89e-06,82607314.0,486.55707946,2.0
2026-09-28 00:43:00+00:00,5.898998870739119e-06,5.899998745265689e-06,5.891999749053137e-06,5.896999121685982e-06,1749214937.13685,10315.118947936005,17.0
2026-09-28 00:44:00+00:00,5.892274595877672e-06,5.898068648969418e-06,5.892274595877672e-06,5.898068648969418e-06,7892791.46639,46.55222590076822,3.0
2026-09-28 00:45:00+00:00,5.90564782471429e-06,5.91e-06,5.90564782471429e-06,5.91e-06,189342622.0,1119.01489602,6.0
2026-09-28 00:46:00+00:00,5.92e-06,5.92e-06,5.92e-06,5.92e-06,884074161.0,5233.71903312,10.0
2026-09-28 00:47:00+00:00,5.929955758769142e-06,5.929955758769142e-06,5.929920365784456e-06,5.929920365784456e-06,212039934.538987,1257.379926182342,13.0
2026-09-28 00:48:00+00:00,5.940001275953521e-06,5.940001275953521e-06,5.940001275953521e-06,5.940001275953521e-06,1011502975.13036,6008.3289629051205,13.0
2026-09-28 00:49:00+00:00,5.949961657096104e-06,5.949961657096104e-06,5.9499041427402615e-06,5.9499041427402615e-06,507292126.62907,3018.3395258098208,19.0
2026-09-28 00:50:00+00:00,5.949452690332425e-06,5.949817563444141e-06,5.94109461933515e-06,5.949817563444141e-06,532083161.395,3165.7977388808545,22.0
2026-09-28 00:51:00+00:00,5.953471658487678e-06,5.953471658487678e-06,5.948514418408286e-06,5.948514418408286e-06,2730390053.6151705,16241.764601808416,28.0
2026-09-28 00:52:00+00:00,5.959986991013587e-06,5.9599907078668476e-06,5.9400055752798905e-06,5.940009292133151e-06,1236189495.73949,7342.977091529965,10.0
2026-09-28 00:53:00+00:00,5.940394942626764e-06,5.940394942626764e-06,5.940393981076823e-06,5.940393981076823e-06,144662273.05755,859.350896159962,9.0
2026-09-28 00:54:00+00:00,5.939896734816785e-06,5.939896734816785e-06,5.930240952094165e-06,5.930240952094165e-06,393075520.54878,2331.032549224107,18.0
2026-09-28 00:55:00+00:00,5.920340795331104e-06,5.920340795331104e-06,5.920255596498328e-06,5.920255596498328e-06,1877960.0,11.1180032,5.0
2026-09-28 00:56:00+00:00,5.91009537155754e-06,5.919991752000704e-06,5.910000916444367e-06,5.919897296887531e-06,202303606.0,1197.61657031,8.0
2026-09-28 00:57:00+00:00,5.909411708754577e-06,5.9094284802803074e-06,5.909366971751616e-06,5.9094284802803074e-06,487729811.017286,2882.204435907282,12.0
2026-09-28 00:59:00+00:00,5.89e-06,5.89e-06,5.89e-06,5.89e-06,67911714.0,399.99999546000004,2.0
2026-09-28 01:00:00+00:00,5.8900634809886935e-06,5.890067500448323e-06,5.880118923058126e-06,5.880118923058126e-06,14963181243.935,87985.28518161061,28.0
2026-09-28 01:01:00+00:00,5.899997591754664e-06,5.909847493228119e-06,5.890147690281209e-06,5.890147690281209e-06,788956162.753788,4647.06831977735,20.0
2026-09-28 01:02:00+00:00,5.880042365182587e-06,5.9000327863184916e-06,5.880042365182587e-06,5.9000327863184916e-06,2371259248.50381,13990.507311033427,16.0
2026-09-28 01:03:00+00:00,5.8977095987098015e-06,5.8977095987098015e-06,5.889999898344375e-06,5.889999898344375e-06,995517960.0,5863.6006832,20.0
2026-09-28 01:04:00+00:00,5.891575240748691e-06,5.900001260187138e-06,5.891575240748691e-06,5.900001260187138e-06,270290436.26558,1594.7139145834533,7.0
2026-09-28 01:05:00+00:00,5.889619107144552e-06,5.889873035714851e-06,5.889555625001978e-06,5.889873035714851e-06,615599161.75543,3625.800903631972,7.0
2026-09-28 01:06:00+00:00,5.8792142356225e-06,5.880769912207389e-06,5.878436397330056e-06,5.880769912207389e-06,681294732.81019,4006.5375660555374,17.0
2026-09-28 01:07:00+00:00,5.89e-06,5.92e-06,5.89e-06,5.92e-06,979255848.0,5797.19462016,11.0
2026-09-28 01:08:00+00:00,5.92e-06,5.92e-06,5.92e-06,5.92e-06,82373279.0,487.64981168,5.0
2026-09-28 01:09:00+00:00,5.904653191744186e-06,5.904653191744186e-06,5.904653191744186e-06,5.904653191744186e-06,170589007.26944,1007.268926249971,6.0
2026-09-28 01:10:00+00:00,5.90004422776161e-06,5.900058970348814e-06,5.90004422776161e-06,5.900058970348814e-06,216431518.535636,1276.9587224023949,14.0
2026-09-28 01:11:00+00:00,5.891349483957335e-06,5.891349483957335e-06,5.891349483957335e-06,5.891349483957335e-06,370512.0,2.18281568,3.0
2026-09-28 01:13:00+00:00,5.879999733827467e-06,5.879999733827467e-06,5.879999733827467e-06,5.879999733827467e-06,190102260.0,1117.8012382,6.0
2026-09-28 01:14:00+00:00,5.879900418794312e-06,5.879900418794312e-06,5.879900418794312e-06,5.879900418794312e-06,53538906.77762,314.80344038351745,3.0
2026-09-28 01:15:00+00:00,5.87470381371483e-06,5.876038146947397e-06,5.87470381371483e-06,5.876038146947397e-06,374471717.97590005,2200.410099779316,11.0
2026-09-28 01:16:00+00:00,5.8797956148242626e-06,5.8799391793446655e-06,5.8797956148242626e-06,5.8799391793446655e-06,107780046.91478,633.7401206058211,10.0
2026-09-28 01:17:00+00:00,5.880291967893115e-06,5.880291967893115e-06,5.880291967893115e-06,5.880291967893115e-06,436495429.16143,2566.720566120015,8.0
2026-09-28 01:18:00+00:00,5.879120331369762e-06,5.879120331369762e-06,5.879120331369762e-06,5.879120331369762e-06,903986957.0695,5314.648098600382,10.0
2026-09-28 01:19:00+00:00,5.88e-06,5.89e-06,5.88e-06,5.89e-06,1854732421.0,10924.373959690001,28.0
2026-09-28 01:20:00+00:00,5.89e-06,5.9e-06,5.89e-06,5.9e-06,98743089.0,582.5842251,2.0
2026-09-28 01:21:00+00:00,5.903891968736712e-06,5.9238876623177785e-06,5.903891753415766e-06,5.923887446996832e-06,822028710.0,4869.60555624,16.0
2026-09-28 01:22:00+00:00,5.919982107580873e-06,5.919982107580873e-06,5.919982107580873e-06,5.919982107580873e-06,12884240.22627,76.27447160929214,3.0
2026-09-28 01:23:00+00:00,5.909932928838745e-06,5.91481920250586e-06,5.909932928838745e-06,5.91481920250586e-06,378799227.4065,2240.52894415835,6.0
2026-09-28 01:24:00+00:00,5.899999999999999e-06,5.899999999999999e-06,5.899999999999999e-06,5.899999999999999e-06,582870000.0,3438.9329999999995,3.0
2026-09-28 01:25:00+00:00,5.899998684359212e-06,5.899998684359212e-06,5.899998684359212e-06,5.899998684359212e-06,201802804.0,1190.6362781,4.0
2026-09-28 01:26:00+00:00,5.91e-06,5.920000000000001e-06,5.91e-06,5.920000000000001e-06,679606218.0,4023.2688105600005,8.0
2026-09-28 01:27:00+00:00,5.92e-06,5.92e-06,5.92e-06,5.92e-06,154616358.0,915.32883936,1.0
2026-09-28 01:28:00+00:00,5.910109426127123e-06,5.919893049388777e-06,5.900303546312661e-06,5.9100871695743145e-06,3800712673.161071,22462.54320488774,27.0
2026-09-28 01:29:00+00:00,5.9099758036653645e-06,5.9099758036653645e-06,5.90021776701173e-06,5.9099758036653645e-06,149185729.84227,881.6840536199735,5.0
2026-09-28 01:30:00+00:00,5.909901318943864e-06,5.909901318943864e-06,5.909901318943864e-06,5.909901318943864e-06,2690486.0,15.90050676,4.0
2026-09-28 01:31:00+00:00,5.904848158379511e-06,5.904848158379511e-06,5.904848158379511e-06,5.904848158379511e-06,4762353.46791,28.12097410454064,3.0
2026-09-28 01:32:00+00:00,5.900097216063652e-06,5.900097216063652e-06,5.89992222714908e-06,5.89992222714908e-06,206117386.18703,1216.076548166729,4.0
2026-09-28 01:33:00+00:00,5.91e-06,5.91e-06,5.91e-06,5.91e-06,16920473.0,99.99999543,1.0
2026-09-28 01:35:00+00:00,5.89e-06,5.8999900501490816e-06,5.89e-06,5.8999900501490816e-06,190957635.0,1126.6481465,3.0
2026-09-28 01:36:00+00:00,5.88e-06,5.88e-06,5.88e-06,5.88e-06,30217161.0,177.67690668,1.0
2026-09-28 01:37:00+00:00,5.886260825566324e-06,5.886260825566324e-06,5.8826976258891175e-06,5.8826976258891175e-06,21410730.85243,125.95285555414085,6.0
2026-09-28 01:38:00+00:00,5.882e-06,5.882e-06,5.882e-06,5.882e-06,16412162.39171,96.53633918803821,2.0
2026-09-28 01:39:00+00:00,5.881203824027384e-06,5.881203824027384e-06,5.881203824027384e-06,5.881203824027384e-06,669657443.0,3938.39191456,4.0
2026-09-28 01:40:00+00:00,5.889405327456503e-06,5.889405327456503e-06,5.8705946725434965e-06,5.8705946725434965e-06,227575279.0,1336.0022204999998,8.0
2026-09-28 01:41:00+00:00,5.877403094122964e-06,5.886885924510632e-06,5.877403094122964e-06,5.886885924510632e-06,883244083.0,5199.55716012,11.0
2026-09-28 01:44:00+00:00,5.869999999999999e-06,5.869999999999999e-06,5.869939063824447e-06,5.869939063824447e-06,84321618.473074,494.9627621999982,5.0
2026-09-28 01:45:00+00:00,5.86e-06,5.86e-06,5.86e-06,5.86e-06,1760000.0,10.3136,1.0
2026-09-28 01:46:00+00:00,5.869877242864806e-06,5.869877242864806e-06,5.8601227571351935e-06,5.8601227571351935e-06,41711832.0,244.436455945,3.0
2026-09-28 01:47:00+00:00,5.8690487696332285e-06,5.8690487696332285e-06,5.868571059124471e-06,5.868571059124471e-06,126710631.0,743.61034197,11.0
2026-09-28 01:48:00+00:00,5.870832093992327e-06,5.87856116030579e-06,5.863406400529805e-06,5.863785304972372e-06,225614982.244991,1322.957817469781,9.0
2026-09-28 01:49:00+00:00,5.8533958103081425e-06,5.8533958103081425e-06,5.826614833517096e-06,5.826614833517096e-06,1494124036.251086,8705.685272735012,53.0
2026-09-28 01:50:00+00:00,5.810547265894952e-06,5.8493965979265055e-06,5.810547265894952e-06,5.8394232979242015e-06,1319514392.122952,7705.203083309057,23.0
2026-09-28 01:51:00+00:00,5.847258148975459e-06,5.847258148975459e-06,5.847258148975459e-06,5.847258148975459e-06,109415135.0,639.77853975,2.0
2026-09-28 01:53:00+00:00,5.850023841922686e-06,5.850143051536114e-06,5.850023841922686e-06,5.850143051536114e-06,87219479.07684,510.246429479975,5.0
2026-09-28 01:54:00+00:00,5.850256905119946e-06,5.858941261544534e-06,5.850201198114432e-06,5.850201198114432e-06,287159861.71863,1679.942967076704,11.0
2026-09-28 01:55:00+00:00,5.847418207654999e-06,5.847418207654999e-06,5.83912728921279e-06,5.845571130422025e-06,151248120.776463,884.1316483414759,43.0
2026-09-28 01:56:00+00:00,5.840736579823004e-06,5.860066961802091e-06,5.840736579823004e-06,5.860066961802091e-06,207906591.0,1218.34654506,7.0
2026-09-28 01:57:00+00:00,5.864704187002262e-06,5.864704187002262e-06,5.848070521759543e-06,5.848070521759543e-06,1013948187.54573,5929.6405061777,22.0
2026-09-28 01:58:00+00:00,5.843459155937554e-06,5.843459155937554e-06,5.843459155937554e-06,5.843459155937554e-06,3860876.25804,22.56087271998576,2.0
2026-09-28 01:59:00+00:00,5.84e-06,5.8499214159991795e-06,5.84e-06,5.8499214159991795e-06,100809324.0,589.7266234000001,3.0
2026-09-28 02:00:00+00:00,5.839817422867748e-06,5.839817422867748e-06,5.8100140443947885e-06,5.8100140443947885e-06,32411507.0,188.31131087,10.0
2026-09-28 02:01:00+00:00,5.820099000795767e-06,5.8299792226057e-06,5.820099000795767e-06,5.8299792226057e-06,198100875.43098,1154.9239877426135,5.0
2026-09-28 02:02:00+00:00,5.819888284686628e-06,5.819925418741934e-06,5.800027928828343e-06,5.810018449597359e-06,1936467923.74472,11250.914364010314,38.0
2026-09-28 02:03:00+00:00,5.8161649340338825e-06,5.8161649340338825e-06,5.81264211458595e-06,5.814403524309916e-06,312024661.01119,1814.23728865507,9.0
2026-09-28 02:04:00+00:00,5.818039166420423e-06,5.820762171538804e-06,5.818039166420423e-06,5.820762171538804e-06,1137086979.43505,6618.712875644861,20.0
2026-09-28 02:05:00+00:00,5.829864433481515e-06,5.829886386624354e-06,5.829862509650791e-06,5.82988446279363e-06,92003936.56107,536.3723202732327,9.0
2026-09-28 02:06:00+00:00,5.819e-06,5.819e-06,5.819e-06,5.819e-06,203400.0,1.1835845999999999,1.0
2026-09-28 02:07:00+00:00,5.829401847165728e-06,5.829401847165728e-06,5.82e-06,5.82e-06,3357035.0,19.5379437,4.0
2026-09-28 02:08:00+00:00,5.83e-06,5.835535864569436e-06,5.83e-06,5.835535864569436e-06,186864407.0,1090.4539488599999,4.0
2026-09-28 02:09:00+00:00,5.84e-06,5.85e-06,5.83e-06,5.83e-06,89737385.0,523.16895455,3.0
2026-09-28 02:10:00+00:00,5.84e-06,5.841667516664497e-06,5.84e-06,5.841667516664497e-06,14016143.07361,81.87764770202962,4.0
2026-09-28 02:11:00+00:00,5.8489623204566345e-06,5.8526543850205845e-06,5.8489623204566345e-06,5.8526543850205845e-06,671694897.0,3931.198084323,14.0
2026-09-28 02:12:00+00:00,5.86e-06,5.8619597724763266e-06,5.86e-06,5.8619597724763266e-06,312484877.79524004,1831.773783142878,16.0
2026-09-28 02:13:00+00:00,5.869204819277109e-06,5.869204819277109e-06,5.869204819277109e-06,5.869204819277109e-06,315400.0,1.8511472000000002,3.0
2026-09-28 02:14:00+00:00,5.87e-06,5.87e-06,5.87e-06,5.87e-06,203820139.0,1196.42421593,2.0
2026-09-28 02:15:00+00:00,5.85e-06,5.85e-06,5.85e-06,5.85e-06,25853242.0,151.2414657,1.0
2026-09-28 02:17:00+00:00,5.86e-06,5.86e-06,5.86e-06,5.86e-06,105385157.0,617.55702002,2.0
2026-09-28 02:18:00+00:00,5.850025340724854e-06,5.850025340724854e-06,5.850025340724854e-06,5.850025340724854e-06,689665085.72618,4034.5582281113316,4.0
2026-09-28 02:19:00+00:00,5.85e-06,5.85e-06,5.85e-06,5.85e-06,357813083.0,2093.20653555,2.0
2026-09-28 02:20:00+00:00,5.847951824934685e-06,5.847951824934685e-06,5.847951824934685e-06,5.847951824934685e-06,49614214.0,290.141533304,2.0
2026-09-28 02:21:00+00:00,5.85e-06,5.85e-06,5.85e-06,5.85e-06,8783598.0,51.384048299999996,2.0
2026-09-28 02:22:00+00:00,5.844977578436177e-06,5.844977578436177e-06,5.844977578436177e-06,5.844977578436177e-06,42369926.0,247.65126747,2.0
2026-09-28 02:23:00+00:00,5.85e-06,5.85e-06,5.85e-06,5.85e-06,508864.0,2.9768544,1.0
2026-09-28 02:24:00+00:00,5.84e-06,5.849999999999999e-06,5.84e-06,5.849999999999999e-06,2211725934.0,12938.596713899999,20.0
2026-09-28 02:25:00+00:00,5.84e-06,5.84e-06,5.84e-06,5.84e-06,226976080.0,1325.5403072,27.0
2026-09-28 02:26:00+00:00,5.840200635868659e-06,5.849144063231909e-06,5.840200635868659e-06,5.849144063231909e-06,99685366.0,583.07406673,14.0
2026-09-28 02:27:00+00:00,5.850173778099494e-06,5.85998015113489e-06,5.850173778099494e-06,5.855690328539671e-06,364071193.0,2131.88816375,17.0
2026-09-28 02:28:00+00:00,5.85e-06,5.85e-06,5.847366778984671e-06,5.847366778984671e-06,40723361.0,238.12442824,5.0
2026-09-28 02:29:00+00:00,5.84270612918235e-06,5.843608172243133e-06,5.840902043060783e-06,5.840902043060783e-06,205954791.57784003,1202.9617629051636,7.0
2026-09-28 02:30:00+00:00,5.833995847482311e-06,5.833995847482311e-06,5.829001038129422e-06,5.829001038129422e-06,183021496.073517,1066.8324906125304,8.0
2026-09-28 02:31:00+00:00,5.82e-06,5.82e-06,5.82e-06,5.82e-06,6305995.0,36.700890900000005,2.0
2026-09-28 02:32:00+00:00,5.81e-06,5.817959514999735e-06,5.81e-06,5.817959514999735e-06,10891293.0,63.36510174000001,4.0
2026-09-28 02:33:00+00:00,5.817680676191941e-06,5.817680676191941e-06,5.81e-06,5.817680676191941e-06,273960556.0,1593.81503268,9.0
2026-09-28 02:34:00+00:00,5.81572219182479e-06,5.825628760961846e-06,5.81572219182479e-06,5.825628760961846e-06,2811693834.3191795,16379.884468228902,31.0
2026-09-28 02:35:00+00:00,5.8200328808633544e-06,5.8200328808633544e-06,5.8200328808633544e-06,5.8200328808633544e-06,108220803.27765,629.8486334693677,5.0
2026-09-28 02:36:00+00:00,5.83e-06,5.83e-06,5.83e-06,5.83e-06,833774.0,4.86090242,1.0
2026-09-28 02:37:00+00:00,5.820727349254304e-06,5.820727349254304e-06,5.8192726507456965e-06,5.8192726507456965e-06,246244542.0,1432.964128656,8.0
2026-09-28 02:38:00+00:00,5.8203380635681665e-06,5.8203380635681665e-06,5.8203380635681665e-06,5.8203380635681665e-06,90643145.0431,527.5737472958851,3.0
2026-09-28 02:40:00+00:00,5.82e-06,5.82e-06,5.82e-06,5.82e-06,882341757.0,5135.22902574,12.0
2026-09-28 02:41:00+00:00,5.821948706069762e-06,5.83e-06,5.821948706069762e-06,5.83e-06,43684233.0,254.67907839,5.0
2026-09-28 02:42:00+00:00,5.817000176984337e-06,5.817000176984337e-06,5.817000176984337e-06,5.817000176984337e-06,1000088500.0,5817.5149815,4.0
2026-09-28 02:43:00+00:00,5.82e-06,5.82e-06,5.82e-06,5.82e-06,1902521.0,11.072672220000001,2.0
2026-09-28 02:44:00+00:00,5.8160352239158614e-06,5.8160352239158614e-06,5.812973582063103e-06,5.812973582063103e-06,702693138.8499,4084.736652431469,4.0
2026-09-28 02:45:00+00:00,5.82e-06,5.82e-06,5.82e-06,5.82e-06,853465176.0,4967.16732432,8.0
2026-09-28 02:46:00+00:00,5.814053915496498e-06,5.814053915496498e-06,5.8058638360483345e-06,5.8058638360483345e-06,1155918293.3396301,6711.104216727269,14.0
2026-09-28 02:47:00+00:00,5.8090466649345514e-06,5.8090466649345514e-06,5.800648136960917e-06,5.800648136960917e-06,97341463.0,564.643576,6.0
2026-09-28 02:49:00+00:00,5.7975900750697674e-06,5.7975900750697674e-06,5.794016541550387e-06,5.794016541550387e-06,53851848.05807,312.01849844151565,12.0
2026-09-28 02:50:00+00:00,5.8e-06,5.8e-06,5.8e-06,5.8e-06,60155640.0,348.902712,1.0
2026-09-28 02:51:00+00:00,5.795037832468139e-06,5.795037832468139e-06,5.784040354632682e-06,5.790025221645426e-06,6088625758.000001,35253.296703980006,32.0
2026-09-28 02:52:00+00:00,5.799906372192224e-06,5.799906372192224e-06,5.799719116576672e-06,5.799719116576672e-06,9452320.0,54.82080100000001,12.0
2026-09-28 02:53:00+00:00,5.8e-06,5.8e-06,5.8e-06,5.8e-06,809380.0,4.6944040000000005,1.0
2026-09-28 02:54:00+00:00,5.795293342762425e-06,5.801516877734371e-06,5.795291877073215e-06,5.80093458927715e-06,181143449.93795002,1050.801304366048,14.0
2026-09-28 02:55:00+00:00,5.789817408931004e-06,5.789817408931004e-06,5.780178950816216e-06,5.780178950816216e-06,194491988.0,1124.19849514,21.0
2026-09-28 02:56:00+00:00,5.79e-06,5.79e-06,5.79e-06,5.79e-06,3427644.0,19.84605876,1.0
2026-09-28 02:57:00+00:00,5.775e-06,5.775e-06,5.775e-06,5.775e-06,88500.0,0.5110875,2.0
2026-09-28 02:58:00+00:00,5.770097830225593e-06,5.770097830225593e-06,5.7506191633891835e-06,5.7700076175335205e-06,11065941488.953611,63850.566686442566,94.0
2026-09-28 02:59:00+00:00,5.769724801937312e-06,5.769724801937312e-06,5.76902906051604e-06,5.76902906051604e-06,187840962.429532,1083.6599710112716,15.0
2026-09-28 03:00:00+00:00,5.784381678945937e-06,5.789997572173303e-06,5.783509713244804e-06,5.789997572173303e-06,479358762.00915,2775.4860682329786,13.0
2026-09-28 03:01:00+00:00,5.788091004655119e-06,5.7913307014358664e-06,5.786316736073963e-06,5.790443567145289e-06,800184225.6982,4633.421602225276,14.0
2026-09-28 03:02:00+00:00,5.79e-06,5.79e-06,5.77e-06,5.77e-06,8154040.0,47.0488108,3.0
2026-09-28 03:03:00+00:00,5.780062411211774e-06,5.780062411211774e-06,5.7703744672706496e-06,5.7703744672706496e-06,44313686.43429,255.70656475106478,3.0
2026-09-28 03:04:00+00:00,5.79e-06,5.79e-06,5.79e-06,5.79e-06,7739353.0,44.810853869999995,1.0
2026-09-28 03:05:00+00:00,5.7743701470754e-06,5.7743701470754e-06,5.760034121900566e-06,5.760034121900566e-06,622245527.0,3584.1554677199997,22.0
2026-09-28 03:06:00+00:00,5.7669622465669e-06,5.766965264580933e-06,5.76318391736323e-06,5.763939583203964e-06,690420911.70059,3979.5444220227996,15.0
2026-09-28 03:07:00+00:00,5.755232359498867e-06,5.767923244126975e-06,5.755232359498867e-06,5.767923244126975e-06,266621916.90923,1537.8547519344386,11.0
2026-09-28 03:08:00+00:00,5.77e-06,5.77e-06,5.77e-06,5.77e-06,270533.0,1.56097541,1.0
2026-09-28 03:09:00+00:00,5.7671872235965614e-06,5.769573020638487e-06,5.766805739766699e-06,5.7691915368086255e-06,227540771.683479,1312.7262942752309,10.0
2026-09-28 03:10:00+00:00,5.77e-06,5.77e-06,5.77e-06,5.77e-06,149085361.0,860.22253297,3.0
2026-09-28 03:11:00+00:00,5.770252574958474e-06,5.77056127740634e-06,5.770252574958474e-06,5.77056127740634e-06,5479497.644063,31.619776924469214,7.0
2026-09-28 03:12:00+00:00,5.750004950835546e-06,5.750004950835546e-06,5.750004950835546e-06,5.750004950835546e-06,107254623.0,616.71461325,4.0
2026-09-28 03:13:00+00:00,5.76e-06,5.76e-06,5.76e-06,5.76e-06,102259852.0,589.01674752,1.0
2026-09-28 03:14:00+00:00,5.75976207464896e-06,5.75976207464896e-06,5.750475850702081e-06,5.750475850702081e-06,547740957.53344,3149.7711487364804,10.0
2026-09-28 03:15:00+00:00,5.754287013055174e-06,5.754287013055174e-06,5.750416678557022e-06,5.754287013055174e-06,373055171.50762,2146.6665285593685,13.0
2026-09-28 03:16:00+00:00,5.759816186535038e-06,5.765250887689043e-06,5.759405610016679e-06,5.764840311170684e-06,39170144.588929996,225.8096285206479,6.0
2026-09-28 03:17:00+00:00,5.7727010356336936e-06,5.7727010356336936e-06,5.7699996717759305e-06,5.7699996717759305e-06,1033205449.89824,5961.595106789947,20.0
2026-09-28 03:18:00+00:00,5.779042186722294e-06,5.788071880865952e-06,5.7708093714391045e-06,5.7708093714391045e-06,6123635658.35195,35338.3340444961,57.0
2026-09-28 03:19:00+00:00,5.779312497326178e-06,5.779841295819003e-06,5.779312497326178e-06,5.779841295819003e-06,102898383.29406,594.7363250360202,13.0
2026-09-28 03:20:00+00:00,5.779998072264068e-06,5.779998714842711e-06,5.779998072264068e-06,5.779998714842711e-06,1051342028.967603,6076.755576292874,17.0
2026-09-28 03:21:00+00:00,5.788355751602995e-06,5.788355751602995e-06,5.782054938937473e-06,5.782054938937473e-06,20518807.154425,118.64087024834862,4.0
2026-09-28 03:22:00+00:00,5.7800000000000006e-06,5.7800000000000006e-06,5.778655318469663e-06,5.778655318469663e-06,6978671.0,40.32733429,4.0
2026-09-28 03:23:00+00:00,5.768981930886792e-06,5.7695927723547165e-06,5.768981930886792e-06,5.7695927723547165e-06,269806826.27196,1556.6755147906651,16.0
2026-09-28 03:24:00+00:00,5.77e-06,5.77e-06,5.763107643127337e-06,5.763107643127337e-06,312892916.0,1803.2355556799998,18.0
2026-09-28 03:25:00+00:00,5.76e-06,5.76e-06,5.754480054611395e-06,5.754480054611395e-06,267984140.4713,1542.109391294274,19.0
2026-09-28 03:26:00+00:00,5.7599592363777825e-06,5.7599592363777825e-06,5.7500760673535515e-06,5.7500760673535515e-06,176628072.0,1015.62484963,4.0
2026-09-28 03:27:00+00:00,5.7496786635789305e-06,5.749966545351821e-06,5.730668373734373e-06,5.740173518656652e-06,423286472.0,2429.7377973800003,30.0
2026-09-28 03:28:00+00:00,5.7427826579107065e-06,5.7427826579107065e-06,5.740004277145685e-06,5.740004277145685e-06,165624473.0,950.68518342,17.0
2026-09-28 03:29:00+00:00,5.7364293458865266e-06,5.739997974435139e-06,5.730002025564862e-06,5.7335706541134746e-06,86889343.0,498.18618718000005,8.0
2026-09-28 03:30:00+00:00,5.739888155714112e-06,5.739888155714112e-06,5.720369697224695e-06,5.73e-06,5478409850.75621,31391.288444833088,44.0
2026-09-28 03:31:00+00:00,5.721310495692297e-06,5.7215253217080425e-06,5.7103419834766895e-06,5.710342581858274e-06,3367249348.81353,19228.147340264444,60.0
2026-09-28 03:32:00+00:00,5.711085682672114e-06,5.7112099423232146e-06,5.682265959520488e-06,5.690124525386533e-06,3663418140.6799903,20845.305409029144,99.0
2026-09-28 03:33:00+00:00,5.691624797631076e-06,5.691624797631076e-06,5.681262774129598e-06,5.6834335472790375e-06,11291857185.856537,64176.51994118091,95.0
2026-09-28 03:34:00+00:00,5.695746609545113e-06,5.706740956462738e-06,5.695746609545113e-06,5.704883058969601e-06,832628040.95151,4750.045605247316,23.0
2026-09-28 03:35:00+00:00,5.6903417999964505e-06,5.7097353057157685e-06,5.6903417999964505e-06,5.7097353057157685e-06,239886681.35446,1369.6894539005489,13.0
2026-09-28 03:36:00+00:00,5.700006541807146e-06,5.709571727345267e-06,5.700006541807146e-06,5.709571727345267e-06,206170802.66146,1177.1469858799524,13.0
2026-09-28 03:37:00+00:00,5.720000000000001e-06,5.723029476990536e-06,5.720000000000001e-06,5.720000000000001e-06,168059999.0,961.3031942800002,13.0
2026-09-28 03:38:00+00:00,5.721526408478241e-06,5.730508802826081e-06,5.721526408478241e-06,5.730508802826081e-06,17152251.84219,98.29113016995966,6.0
2026-09-28 03:39:00+00:00,5.739832414916535e-06,5.739832414916535e-06,5.73053148306597e-06,5.73053148306597e-06,88561801.21199,507.50619004233863,15.0
2026-09-28 03:40:00+00:00,5.73e-06,5.73e-06,5.73e-06,5.73e-06,188812920.0,1081.8980316,17.0
2026-09-28 03:41:00+00:00,5.72940654630261e-06,5.732861819500843e-06,5.727678909703493e-06,5.732861819500843e-06,716934347.03214,4110.085545189323,21.0
2026-09-28 03:42:00+00:00,5.7413384814835945e-06,5.741338642855728e-06,5.739999838627866e-06,5.740000000000001e-06,783282693.0,4496.04265782,14.0
2026-09-28 03:44:00+00:00,5.75e-06,5.75e-06,5.74e-06,5.74e-06,12990740.0,74.5668476,3.0
2026-09-28 03:45:00+00:00,5.730455185461789e-06,5.730455185461789e-06,5.730455185461789e-06,5.730455185461789e-06,85452158.0,489.6797619200001,4.0
2026-09-28 03:46:00+00:00,5.7381062789573804e-06,5.7381062789573804e-06,5.721835035130008e-06,5.721835035130008e-06,17230711.0,98.59128588000002,7.0
2026-09-28 03:47:00+00:00,5.729849507477533e-06,5.734810231101295e-06,5.729849507477533e-06,5.734810231101295e-06,654814508.815115,3755.2369446264906,20.0
2026-09-28 03:48:00+00:00,5.731065959251482e-06,5.731065959251482e-06,5.731065959251482e-06,5.731065959251482e-06,59413106.0,340.50042933,7.0
2026-09-28 03:49:00+00:00,5.740000000000001e-06,5.743909917183613e-06,5.740000000000001e-06,5.7404887396479525e-06,832426051.21785,4778.532373605677,20.0
2026-09-28 03:50:00+00:00,5.739696047964982e-06,5.739696047964982e-06,5.739696047964982e-06,5.739696047964982e-06,11843974.0,67.98081076,3.0
2026-09-28 03:51:00+00:00,5.738689398572917e-06,5.739563132857638e-06,5.738470965001736e-06,5.739563132857638e-06,36080752.65284,207.0877577319959,9.0
2026-09-28 03:52:00+00:00,5.730011208121425e-06,5.730011208121425e-06,5.730011208121425e-06,5.730011208121425e-06,81745743.24324,468.40402499998146,5.0
2026-09-28 03:53:00+00:00,5.74e-06,5.74e-06,5.74e-06,5.74e-06,62176.0,0.35689024,1.0
2026-09-28 03:54:00+00:00,5.738905776351801e-06,5.738905776351801e-06,5.738905776351801e-06,5.738905776351801e-06,19028204.08978,109.2010703644394,3.0
2026-09-28 03:55:00+00:00,5.73e-06,5.73e-06,5.73e-06,5.73e-06,32594450.0,186.7661985,2.0
2026-09-28 03:56:00+00:00,5.720347519335368e-06,5.720347519335368e-06,5.720173759667684e-06,5.720173759667684e-06,41753110.62736,238.8350477951266,8.0
2026-09-28 03:57:00+00:00,5.719133330004256e-06,5.719133330004256e-06,5.719133330004256e-06,5.719133330004256e-06,19496736.79608,111.50443723678153,5.0
2026-09-28 03:58:00+00:00,5.719720000014482e-06,5.719720000014482e-06,5.710119999993795e-06,5.710119999993795e-06,174022509.0,993.6894090900001,4.0
2026-09-28 03:59:00+00:00,5.710079332697376e-06,5.710079332697376e-06,5.710079332697376e-06,5.710079332697376e-06,146421032.82899,836.07571342902,4.0
2026-09-28 04:00:00+00:00,5.709857542430525e-06,5.709857542430525e-06,5.701073923559355e-06,5.701073923559355e-06,20024538.01557,114.16137151188912,7.0
2026-09-28 04:01:00+00:00,5.689980529700027e-06,5.709722660516828e-06,5.689980529700027e-06,5.700009735149986e-06,4680347380.737744,26678.02563408888,29.0
2026-09-28 04:02:00+00:00,5.7e-06,5.7e-06,5.7e-06,5.7e-06,47378679.0,270.0584703,3.0
2026-09-28 04:03:00+00:00,5.694712235564072e-06,5.694712235564072e-06,5.694712235564072e-06,5.694712235564072e-06,95608892.97752,544.465132667819,4.0
2026-09-28 04:04:00+00:00,5.7001541366717324e-06,5.7001541366717324e-06,5.699845863328265e-06,5.699845863328265e-06,173853742.40773,990.9395344868377,6.0
2026-09-28 04:05:00+00:00,5.692681565603739e-06,5.70049160388421e-06,5.6919710861995815e-06,5.700152866449694e-06,826551254.702836,4711.468503761962,28.0
2026-09-28 04:06:00+00:00,5.709372639104073e-06,5.71032187263301e-06,5.709361716190679e-06,5.710310949719616e-06,985945746.474,5630.056791919963,29.0
2026-09-28 04:07:00+00:00,5.719999151933089e-06,5.72e-06,5.719999151933089e-06,5.72e-06,208709947.0,1193.8208968400002,12.0
2026-09-28 04:08:00+00:00,5.720000135232023e-06,5.72999945907191e-06,5.720000135232023e-06,5.720024733642993e-06,748343461.0,4280.543106180001,8.0
2026-09-28 04:09:00+00:00,5.72e-06,5.72e-06,5.72e-06,5.72e-06,5506822.0,31.49902184,3.0
2026-09-28 04:10:00+00:00,5.72e-06,5.72e-06,5.72e-06,5.72e-06,214503638.0,1226.96080936,13.0
2026-09-28 04:11:00+00:00,5.72e-06,5.72e-06,5.72e-06,5.72e-06,74789926.0,427.79837672,2.0
2026-09-28 04:12:00+00:00,5.719690427561124e-06,5.719690427561124e-06,5.719690427561124e-06,5.719690427561124e-06,96491794.0,551.9031904799999,9.0
2026-09-28 04:13:00+00:00,5.73e-06,5.73e-06,5.73e-06,5.73e-06,129581.0,0.74249913,1.0
2026-09-28 04:14:00+00:00,5.72e-06,5.73e-06,5.72e-06,5.73e-06,3315170.0,18.9959241,2.0
2026-09-28 04:15:00+00:00,5.721824198588152e-06,5.728232262001585e-06,5.721824198588152e-06,5.721824198588152e-06,24868674.0,142.29418068,7.0
2026-09-28 04:17:00+00:00,5.7226391223946465e-06,5.7300997428891785e-06,5.7226391223946465e-06,5.7300997428891785e-06,12789469.732435,73.28493722551472,5.0
2026-09-28 04:18:00+00:00,5.74e-06,5.74e-06,5.74e-06,5.74e-06,210179242.0,1206.42884908,14.0
2026-09-28 04:19:00+00:00,5.743918156404338e-06,5.751959078202169e-06,5.743918156404338e-06,5.751959078202169e-06,44198889.0,254.23020083,4.0
2026-09-28 04:20:00+00:00,5.74e-06,5.75e-06,5.74e-06,5.75e-06,26017082.0,149.5982215,3.0
2026-09-28 04:21:00+00:00,5.75e-06,5.75e-06,5.75e-06,5.75e-06,17253189.0,99.20583675,1.0
2026-09-28 04:22:00+00:00,5.75e-06,5.75e-06,5.75e-06,5.75e-06,2170000.0,12.4775,2.0
2026-09-28 04:23:00+00:00,5.76e-06,5.76e-06,5.76e-06,5.76e-06,50000.0,0.288,1.0
2026-09-28 04:24:00+00:00,5.757e-06,5.757e-06,5.757e-06,5.757e-06,6578977.56911,37.87517386536627,1.0
2026-09-28 04:25:00+00:00,5.75e-06,5.75e-06,5.75e-06,5.75e-06,8979700.0,51.633275,3.0
2026-09-28 04:26:00+00:00,5.75e-06,5.75e-06,5.75e-06,5.75e-06,40710000.0,234.0825,1.0
2026-09-28 04:27:00+00:00,5.749425925727981e-06,5.749425925727981e-06,5.745166668448165e-06,5.745166668448165e-06,87874907.62149,504.855990259946,5.0
2026-09-28 04:28:00+00:00,5.74e-06,5.74e-06,5.74e-06,5.74e-06,11648074.0,66.85994476,1.0
2026-09-28 04:29:00+00:00,5.744e-06,5.744e-06,5.744e-06,5.744e-06,770000.0,4.42288,1.0
2026-09-28 04:30:00+00:00,5.749430228079947e-06,5.749430228079947e-06,5.749430228079947e-06,5.749430228079947e-06,18635527.0,107.14366225,4.0
2026-09-28 04:31:00+00:00,5.74e-06,5.74e-06,5.74e-06,5.74e-06,4749675.0,27.2631345,2.0
2026-09-28 04:32:00+00:00,5.739e-06,5.739e-06,5.739e-06,5.739e-06,14726415.75187,84.51489999998194,1.0
2026-09-28 04:33:00+00:00,5.73e-06,5.73e-06,5.73e-06,5.73e-06,37.0,0.00021201,1.0
2026-09-28 04:34:00+00:00,5.739e-06,5.739e-06,5.738e-06,5.738e-06,177000.0,1.015626,4.0
2026-09-28 04:35:00+00:00,5.74e-06,5.74e-06,5.74e-06,5.74e-06,46468348.0,266.72831752,1.0
2026-09-28 04:36:00+00:00,5.740625196754722e-06,5.740625196754722e-06,5.7404167978364814e-06,5.7404167978364814e-06,45676179.370069996,262.200307316942,4.0
2026-09-28 04:37:00+00:00,5.75e-06,5.75e-06,5.74e-06,5.74e-06,11085045.0,63.6281583,2.0
2026-09-28 04:38:00+00:00,5.75e-06,5.75e-06,5.75e-06,5.75e-06,861382.0,4.9529465,1.0
2026-09-28 04:39:00+00:00,5.746455972506313e-06,5.750588061144636e-06,5.742366413716233e-06,5.746498502354556e-06,118673418.06582999,681.9566191845881,8.0
2026-09-28 04:40:00+00:00,5.746e-06,5.746e-06,5.746e-06,5.746e-06,6960900.0,39.9973314,1.0
2026-09-28 04:43:00+00:00,5.76e-06,5.76e-06,5.76e-06,5.76e-06,168438.0,0.97020288,1.0
2026-09-28 04:44:00+00:00,5.749e-06,5.749e-06,5.749e-06,5.749e-06,6960900.0,40.0182141,1.0
2026-09-28 04:45:00+00:00,5.745e-06,5.745e-06,5.745e-06,5.745e-06,68526947.0,393.687310515,2.0
2026-09-28 04:46:00+00:00,5.74e-06,5.74e-06,5.74e-06,5.74e-06,106001701.0,608.44976374,4.0
2026-09-28 04:47:00+00:00,5.731398588953828e-06,5.739985140283311e-06,5.731398588953828e-06,5.739985140283311e-06,439679346.160517,2523.7529134508495,15.0
2026-09-28 04:48:00+00:00,5.738e-06,5.738e-06,5.738e-06,5.738e-06,6960900.0,39.9416442,1.0
2026-09-28 04:49:00+00:00,5.742e-06,5.742e-06,5.742e-06,5.742e-06,755555.55555,4.3383999999681,1.0
2026-09-28 04:51:00+00:00,5.74e-06,5.74e-06,5.74e-06,5.74e-06,8858696.0,50.84891504,1.0
2026-09-28 04:52:00+00:00,5.744e-06,5.756e-06,5.743e-06,5.751e-06,235881245.87313002,1356.5530450163708,8.0
2026-09-28 04:53:00+00:00,5.76e-06,5.76e-06,5.75e-06,5.75e-06,28094702.0,161.5445365,2.0
2026-09-28 04:54:00+00:00,5.749999999999999e-06,5.749999999999999e-06,5.749999999999999e-06,5.749999999999999e-06,92064632.0,529.371634,4.0
2026-09-28 04:56:00+00:00,5.748e-06,5.748e-06,5.748e-06,5.748e-06,6960900.0,40.0112532,1.0
2026-09-28 04:57:00+00:00,5.75e-06,5.75e-06,5.75e-06,5.75e-06,86805555.0,499.13194125,2.0
2026-09-28 04:59:00+00:00,5.75e-06,5.75e-06,5.75e-06,5.75e-06,46595245.0,267.92265875,2.0
2026-09-28 05:00:00+00:00,5.752138434588885e-06,5.767571374107707e-06,5.752138434588885e-06,5.767571374107707e-06,431771037.0,2490.2702731699997,26.0
2026-09-28 05:01:00+00:00,5.771e-06,5.771e-06,5.765e-06,5.765e-06,18430958.57071,106.25447616014314,2.0
2026-09-28 05:02:00+00:00,5.758371303594069e-06,5.758371303594069e-06,5.749624146983247e-06,5.749624146983247e-06,69046563.0,396.991785891,6.0
2026-09-28 05:03:00+00:00,5.746e-06,5.746e-06,5.746e-06,5.746e-06,6960900.0,39.9973314,1.0
2026-09-28 05:04:00+00:00,5.74e-06,5.74e-06,5.74e-06,5.74e-06,5351823.0,30.71946402,4.0
2026-09-28 05:05:00+00:00,5.741836420720528e-06,5.741836420720528e-06,5.741836420720528e-06,5.741836420720528e-06,9379452.0,53.8552791,2.0
2026-09-28 05:06:00+00:00,5.75e-06,5.75e-06,5.74e-06,5.74e-06,67638662.0,388.24591988000003,3.0
2026-09-28 05:07:00+00:00,5.737e-06,5.737e-06,5.736e-06,5.736e-06,43624796.744022,250.23183412371017,5.0
2026-09-28 05:08:00+00:00,5.730443316811225e-06,5.730443316811225e-06,5.730443316811225e-06,5.730443316811225e-06,1197789.0,6.86386197,5.0
2026-09-28 05:09:00+00:00,5.72e-06,5.72e-06,5.72e-06,5.72e-06,3000000.0,17.16,1.0
2026-09-28 05:10:00+00:00,5.726e-06,5.726e-06,5.725e-06,5.725e-06,87383323.38903299,500.2695264022139,6.0
2026-09-28 05:11:00+00:00,5.726e-06,5.726e-06,5.726e-06,5.726e-06,21693850.00578,124.21898513309628,2.0
2026-09-28 05:12:00+00:00,5.72e-06,5.72e-06,5.71e-06,5.71e-06,35540511.0,202.93631781000002,3.0
2026-09-28 05:13:00+00:00,5.7100659676017064e-06,5.7100659676017064e-06,5.7100659676017064e-06,5.7100659676017064e-06,321926210.0,1838.2198958000001,9.0
2026-09-28 05:14:00+00:00,5.706451773429058e-06,5.706451773429058e-06,5.706451773429058e-06,5.706451773429058e-06,99352917.0,566.9526294100001,4.0
2026-09-28 05:15:00+00:00,5.71e-06,5.71e-06,5.71e-06,5.71e-06,52496669.0,299.75597999,2.0
2026-09-28 05:16:00+00:00,5.7060355871680874e-06,5.7060355871680874e-06,5.699622239433613e-06,5.699622239433613e-06,325585011.26115,1855.7115710102937,10.0
2026-09-28 05:17:00+00:00,5.7064403543972895e-06,5.7073197775531265e-06,5.7064263700708355e-06,5.7073057932266725e-06,16275363.76183,92.88847788476382,9.0
2026-09-28 05:18:00+00:00,5.7008776839445565e-06,5.709772356977534e-06,5.7008776839445565e-06,5.709772356977534e-06,115964952.09793,662.1334778669845,9.0
2026-09-28 05:19:00+00:00,5.705048554576882e-06,5.71e-06,5.703067976407636e-06,5.71e-06,178647628.23536003,1020.0779572239059,5.0
2026-09-28 05:20:00+00:00,5.699111026595769e-06,5.699111026595769e-06,5.699111026595769e-06,5.699111026595769e-06,7830268.0,44.6255667,2.0
2026-09-28 05:22:00+00:00,5.7e-06,5.7e-06,5.7e-06,5.7e-06,3550088.0,20.2355016,1.0
2026-09-28 05:23:00+00:00,5.697892310496872e-06,5.697892310496872e-06,5.688243592080726e-06,5.688243592080726e-06,126054730.318746,717.030011987071,12.0
2026-09-28 05:24:00+00:00,5.681e-06,5.688e-06,5.681e-06,5.684e-06,11899691.11146,67.63784427753865,4.0
2026-09-28 05:25:00+00:00,5.686412130493464e-06,5.687207638418688e-06,5.6860062926878244e-06,5.686801800613049e-06,216771598.720398,1232.7371179249287,11.0
2026-09-28 05:26:00+00:00,5.682030791523899e-06,5.694980755297563e-06,5.682030791523899e-06,5.694980755297563e-06,769364454.9008201,4381.51576447017,16.0
2026-09-28 05:27:00+00:00,5.698e-06,5.7e-06,5.698e-06,5.7e-06,50820549.1228,289.67712999995996,3.0
2026-09-28 05:28:00+00:00,5.696186847700143e-06,5.696186847700143e-06,5.69e-06,5.69e-06,266085126.65253,1514.0243706528956,10.0
2026-09-28 05:29:00+00:00,5.68280782015642e-06,5.68280782015642e-06,5.6818972186882274e-06,5.6818972186882274e-06,49515096.971586995,281.339691765938,6.0
2026-09-28 05:30:00+00:00,5.673629964041262e-06,5.68e-06,5.66e-06,5.672740071917475e-06,176617992.0,1001.90796064,21.0
2026-09-28 05:31:00+00:00,5.670014555539925e-06,5.679709208446459e-06,5.66997816669011e-06,5.679672819596643e-06,98271997.995222,558.1527959409182,10.0
2026-09-28 05:32:00+00:00,5.658100049698364e-06,5.669997215408002e-06,5.6552443449040285e-06,5.669997215408002e-06,1427498176.751,8093.91068717817,28.0
2026-09-28 05:33:00+00:00,5.664e-06,5.664e-06,5.656e-06,5.656e-06,798214036.9017999,4514.69859271658,7.0
2026-09-28 05:34:00+00:00,5.658210241585908e-06,5.659104707453496e-06,5.658210241585908e-06,5.659104707453496e-06,321164595.99685997,1817.5040770732305,10.0
2026-09-28 05:35:00+00:00,5.65742463530406e-06,5.659166111202242e-06,5.65742463530406e-06,5.659166111202242e-06,271376670.51751,1535.7656571635891,5.0
2026-09-28 05:36:00+00:00,5.66e-06,5.66104983080341e-06,5.66e-06,5.66104983080341e-06,256176406.13237,1450.2274005914787,4.0
2026-09-28 05:37:00+00:00,5.665376675424429e-06,5.665376675424429e-06,5.665376675424429e-06,5.665376675424429e-06,5190233.35,29.404626961099993,2.0
2026-09-28 05:38:00+00:00,5.650000000000001e-06,5.650000000000001e-06,5.650000000000001e-06,5.650000000000001e-06,176559895.0,997.5634067500001,17.0
2026-09-28 05:40:00+00:00,5.65e-06,5.67e-06,5.65e-06,5.67e-06,262048742.0,1485.81636714,13.0
2026-09-28 05:41:00+00:00,5.6700023512137205e-06,5.6700023512137205e-06,5.670002015326046e-06,5.670002015326046e-06,526961879.0,2987.87491593,10.0
2026-09-28 05:42:00+00:00,5.680075259965861e-06,5.690025086655287e-06,5.680075259965861e-06,5.690025086655287e-06,167283971.66613,951.8499953756119,6.0
2026-09-28 05:43:00+00:00,5.6918796000540434e-06,5.692781029651737e-06,5.69040661635427e-06,5.692044537801851e-06,266113188.001382,1514.7281182003035,13.0
2026-09-28 05:44:00+00:00,5.7e-06,5.7e-06,5.7e-06,5.7e-06,104797177.0,597.3439089,7.0
2026-09-28 05:45:00+00:00,5.709002735961061e-06,5.709002735961061e-06,5.709002735961061e-06,5.709002735961061e-06,6979997.0,39.848821969999996,2.0
2026-09-28 05:46:00+00:00,5.69e-06,5.7e-06,5.69e-06,5.7e-06,296840943.0,1691.9933750999999,9.0
2026-09-28 05:48:00+00:00,5.699022682223583e-06,5.7e-06,5.6949056579728215e-06,5.6949056579728215e-06,183082667.57179,1042.638519431344,9.0
2026-09-28 05:49:00+00:00,5.69e-06,5.69e-06,5.688e-06,5.688e-06,8368281.37082,47.598784437224154,2.0
2026-09-28 05:51:00+00:00,5.681133580428829e-06,5.681700370643243e-06,5.681133580428829e-06,5.681700370643243e-06,304350735.80281997,1729.229688416426,16.0
2026-09-28 05:52:00+00:00,5.6891743007921664e-06,5.6891743007921664e-06,5.6891743007921664e-06,5.6891743007921664e-06,10990679.9274,62.5278937911964,2.0
2026-09-28 05:53:00+00:00,5.686406432485854e-06,5.686406432485854e-06,5.686406432485854e-06,5.686406432485854e-06,984173.29796,5.596409372200561,2.0
2026-09-28 05:54:00+00:00,5.69e-06,5.69e-06,5.69e-06,5.69e-06,308833442.0,1757.26228498,16.0
2026-09-28 05:55:00+00:00,5.69e-06,5.69e-06,5.69e-06,5.69e-06,8283790.0,47.134765099999996,2.0
2026-09-28 05:57:00+00:00,5.699848524711208e-06,5.699848524711208e-06,5.699848524711208e-06,5.699848524711208e-06,40659607.25013,231.7536023999906,4.0
2026-09-28 05:58:00+00:00,5.699970199772133e-06,5.7000149001139335e-06,5.699970199772133e-06,5.7000149001139335e-06,1014752138.47762,5784.102309244911,13.0
2026-09-28 05:59:00+00:00,5.700287266816083e-06,5.700287266816083e-06,5.7e-06,5.7e-06,154333489.0,879.7008873,5.0
2026-09-28 06:00:00+00:00,5.699923031452198e-06,5.699923031452198e-06,5.699923031452198e-06,5.699923031452198e-06,133613723.03808,761.5879372628274,3.0
2026-09-28 06:01:00+00:00,5.699826960297789e-06,5.699826960297789e-06,5.699826960297789e-06,5.699826960297789e-06,101382982.55526,577.8654572838714,4.0
2026-09-28 06:03:00+00:00,5.71e-06,5.71e-06,5.7e-06,5.7e-06,82429400.0,469.84758,5.0
2026-09-28 06:04:00+00:00,5.7008970876148325e-06,5.7008970876148325e-06,5.695382525688995e-06,5.69641164954067e-06,476250880.01053,2712.9210609959787,16.0
2026-09-28 06:05:00+00:00,5.698e-06,5.702e-06,5.698e-06,5.702e-06,116879644.19321,666.4477311896834,3.0
2026-09-28 06:06:00+00:00,5.709236338931285e-06,5.709236338931285e-06,5.701072261503469e-06,5.709236338931285e-06,51120083.52322,291.8566384999701,12.0
2026-09-28 06:07:00+00:00,5.71e-06,5.71e-06,5.705e-06,5.705e-06,295441874.58941,1685.4958945325839,4.0
2026-09-28 06:08:00+00:00,5.705897896679585e-06,5.7060680688802765e-06,5.702948948339793e-06,5.7031191205404845e-06,7059907.523775,40.26349358808883,11.0
2026-09-28 06:09:00+00:00,5.713e-06,5.713e-06,5.713e-06,5.713e-06,3299129.0,18.847923977,1.0
2026-09-28 06:10:00+00:00,5.719159707221745e-06,5.719159707221745e-06,5.719159707221745e-06,5.719159707221745e-06,18387841.0,105.16299934999999,3.0
2026-09-28 06:11:00+00:00,5.72e-06,5.72e-06,5.72e-06,5.72e-06,100519319.0,574.97050468,6.0
2026-09-28 06:13:00+00:00,5.7199709195275604e-06,5.7199709195275604e-06,5.7199709195275604e-06,5.7199709195275604e-06,39193954.72006,224.18828122002316,5.0
2026-09-28 06:14:00+00:00,5.7107591860731426e-06,5.7130263087675045e-06,5.707750269847417e-06,5.707760705372484e-06,245330838.623156,1400.2897205093282,16.0
2026-09-28 06:15:00+00:00,5.7e-06,5.7e-06,5.7e-06,5.7e-06,200000.0,1.14,1.0
2026-09-28 06:17:00+00:00,5.7e-06,5.7e-06,5.69e-06,5.69e-06,2808445.0,15.98005205,2.0
2026-09-28 06:18:00+00:00,5.7e-06,5.7e-06,5.69e-06,5.7e-06,59566010.0,339.526257,5.0
2026-09-28 06:19:00+00:00,5.688e-06,5.688e-06,5.688e-06,5.688e-06,88500.0,0.503388,2.0
2026-09-28 06:20:00+00:00,5.680151537870111e-06,5.689856437807263e-06,5.680151537870111e-06,5.689856437807263e-06,62690600.0,356.700514,7.0
2026-09-28 06:21:00+00:00,5.689910578272725e-06,5.689910578272725e-06,5.6800596144848504e-06,5.689910578272725e-06,286386774.0,1629.5151348600002,17.0
2026-09-28 06:22:00+00:00,5.68e-06,5.68e-06,5.68e-06,5.68e-06,57211779.0,324.96290472,3.0
2026-09-28 06:23:00+00:00,5.68e-06,5.68e-06,5.68e-06,5.68e-06,125604509.0,713.43361112,5.0
2026-09-28 06:24:00+00:00,5.678e-06,5.678e-06,5.678e-06,5.678e-06,69675846.0,395.619453588,2.0
2026-09-28 06:27:00+00:00,5.670006977526013e-06,5.670006977526013e-06,5.670006977526013e-06,5.670006977526013e-06,284843080.0,1615.0622511000001,7.0
2026-09-28 06:28:00+00:00,5.67e-06,5.67e-06,5.67e-06,5.67e-06,144631881.0,820.06276527,3.0
2026-09-28 06:29:00+00:00,5.67e-06,5.671813268309128e-06,5.667280097536309e-06,5.667280097536309e-06,105576241.01131,598.3301294560938,9.0
2026-09-28 06:30:00+00:00,5.668e-06,5.668e-06,5.665e-06,5.665e-06,95390047.77909,540.3846206685448,5.0
2026-09-28 06:31:00+00:00,5.674021134232736e-06,5.6780000000000005e-06,5.673028178976981e-06,5.676014089488492e-06,24392360.39674,138.45138128777734,10.0
2026-09-28 06:32:00+00:00,5.68e-06,5.68e-06,5.68e-06,5.68e-06,16699278.0,94.85189903999999,1.0
2026-09-28 06:33:00+00:00,5.680014665790738e-06,5.680014665790738e-06,5.680014665790738e-06,5.680014665790738e-06,296979433.55649,1686.8475380390894,13.0
2026-09-28 06:34:00+00:00,5.679999999999999e-06,5.679999999999999e-06,5.679999999999999e-06,5.679999999999999e-06,165231916.99206,938.5172885149007,12.0
2026-09-28 06:37:00+00:00,5.6795474684093535e-06,5.6795474684093535e-06,5.6795474684093535e-06,5.6795474684093535e-06,106974142.79985,607.5647219241488,3.0
2026-09-28 06:39:00+00:00,5.67e-06,5.67e-06,5.67e-06,5.67e-06,178212292.0,1010.46369564,8.0
2026-09-28 06:40:00+00:00,5.67e-06,5.67e-06,5.66e-06,5.66e-06,83356144.0,471.79577504,5.0
2026-09-28 06:41:00+00:00,5.674e-06,5.674e-06,5.674e-06,5.674e-06,6960900.0,39.4961466,1.0
2026-09-28 06:43:00+00:00,5.68e-06,5.68e-06,5.68e-06,5.68e-06,4297012.0,24.40702816,1.0
2026-09-28 06:44:00+00:00,5.68e-06,5.68e-06,5.68e-06,5.68e-06,8539402.0,48.50380336,1.0
2026-09-28 06:45:00+00:00,5.68000143256419e-06,5.68000143256419e-06,5.670006048434002e-06,5.670006048434002e-06,750053650.0,4252.80873215,12.0
2026-09-28 06:46:00+00:00,5.68e-06,5.68e-06,5.68e-06,5.68e-06,626518.0,3.55862224,2.0
2026-09-28 06:47:00+00:00,5.674e-06,5.674e-06,5.674e-06,5.674e-06,348977.79344,1.98009999997856,1.0
2026-09-28 06:48:00+00:00,5.67e-06,5.68e-06,5.67e-06,5.68e-06,11796618.0,67.00479023999999,3.0
2026-09-28 06:49:00+00:00,5.674e-06,5.674e-06,5.674e-06,5.674e-06,2068910.82129,11.73899999999946,1.0
2026-09-28 06:53:00+00:00,5.66921945271622e-06,5.66921945271622e-06,5.6618212769954884e-06,5.66921945271622e-06,169554310.05576,961.240592859992,5.0
2026-09-28 06:55:00+00:00,5.66e-06,5.66e-06,5.66e-06,5.66e-06,203729.0,1.15310614,2.0
2026-09-28 06:56:00+00:00,5.660006299412987e-06,5.660006299412987e-06,5.660006299412987e-06,5.660006299412987e-06,100439404.645,568.48766299999,4.0
2026-09-28 06:57:00+00:00,5.660217768853097e-06,5.660217768853097e-06,5.660217768853097e-06,5.660217768853097e-06,19415061.8791,109.89347823146421,4.0
2026-09-28 06:59:00+00:00,5.667456878282172e-06,5.667456878282172e-06,5.667456878282172e-06,5.667456878282172e-06,139199.0,0.78890433,3.0
2026-09-28 07:00:00+00:00,5.67e-06,5.67e-06,5.67e-06,5.67e-06,103803278.0,588.5645862599999,1.0
2026-09-28 07:01:00+00:00,5.68e-06,5.69e-06,5.68e-06,5.69e-06,423930935.0,2412.16702015,25.0
2026-09-28 07:02:00+00:00,5.69e-06,5.69e-06,5.69e-06,5.69e-06,156474018.0,890.3371624199999,6.0
2026-09-28 07:03:00+00:00,5.695e-06,5.695e-06,5.695e-06,5.695e-06,10594100.0,60.3333995,1.0
2026-09-28 07:04:00+00:00,5.67988707333604e-06,5.67988707333604e-06,5.679774146672079e-06,5.679774146672079e-06,48009227.97739,272.6815718676656,3.0
2026-09-28 07:05:00+00:00,5.67e-06,5.68e-06,5.67e-06,5.68e-06,210877500.0,1197.7842,5.0
2026-09-28 07:06:00+00:00,5.67e-06,5.67e-06,5.67e-06,5.67e-06,200000.0,1.134,1.0
2026-09-28 07:07:00+00:00,5.67e-06,5.67e-06,5.67e-06,5.67e-06,292179662.0,1656.65868354,3.0
2026-09-28 07:09:00+00:00,5.664277286934665e-06,5.664277286934665e-06,5.664277286934665e-06,5.664277286934665e-06,184603.0,1.04564258,3.0
2026-09-28 07:10:00+00:00,5.67e-06,5.67e-06,5.67e-06,5.67e-06,2809981.0,15.93259227,1.0
2026-09-28 07:11:00+00:00,5.66e-06,5.66e-06,5.65e-06,5.65e-06,1016489.0,5.74316285,3.0
2026-09-28 07:12:00+00:00,5.66e-06,5.66e-06,5.66e-06,5.66e-06,2511985.0,14.2178351,4.0
2026-09-28 07:13:00+00:00,5.650259322906541e-06,5.659888861611484e-06,5.650259322906541e-06,5.659888861611484e-06,553969590.18,3135.40631313126,9.0
2026-09-28 07:14:00+00:00,5.655e-06,5.655e-06,5.655e-06,5.655e-06,78440000.0,443.5782,1.0
2026-09-28 07:15:00+00:00,5.66e-06,5.66e-06,5.66e-06,5.66e-06,2758797.0,15.61479102,1.0
2026-09-28 07:16:00+00:00,5.66e-06,5.66e-06,5.66e-06,5.66e-06,1660700.0,9.399562,2.0
2026-09-28 07:19:00+00:00,5.6600464668990634e-06,5.6600464668990634e-06,5.6600464668990634e-06,5.6600464668990634e-06,82521125.19879,467.0734031259466,3.0
2026-09-28 07:20:00+00:00,5.665653897414483e-06,5.66954820686889e-06,5.659924701144816e-06,5.6638190105992225e-06,340391028.37601,1927.9131775534647,8.0
2026-09-28 07:21:00+00:00,5.66e-06,5.66e-06,5.66e-06,5.66e-06,67761014.0,383.52733924,5.0
2026-09-28 07:22:00+00:00,5.642689315142981e-06,5.642689315142981e-06,5.640345116084517e-06,5.640862790211292e-06,4389107975.51526,24758.355861303644,33.0
2026-09-28 07:23:00+00:00,5.6400618321239675e-06,5.6400618321239675e-06,5.6308914252455145e-06,5.6400618321239675e-06,112577404.0,634.9435194600001,15.0
2026-09-28 07:24:00+00:00,5.63e-06,5.63e-06,5.620003340610207e-06,5.63e-06,526379880.0,2963.5187244000003,20.0
2026-09-28 07:26:00+00:00,5.63e-06,5.63e-06,5.63e-06,5.63e-06,11045883.0,62.188321290000005,2.0
2026-09-28 07:27:00+00:00,5.620000532768147e-06,5.620019354694202e-06,5.619756910373841e-06,5.6198975434970485e-06,996681208.14395,5601.246273297855,12.0
2026-09-28 07:28:00+00:00,5.63e-06,5.63e-06,5.63e-06,5.63e-06,35189676.0,198.11787588,1.0
2026-09-28 07:29:00+00:00,5.622054512882213e-06,5.626468672392094e-06,5.622054512882213e-06,5.624703008588142e-06,186055729.91053998,1046.508223792877,6.0
2026-09-28 07:30:00+00:00,5.63e-06,5.63e-06,5.63e-06,5.63e-06,7452489.0,41.957513070000005,2.0
2026-09-28 07:31:00+00:00,5.629933190955408e-06,5.629933190955408e-06,5.629933190955408e-06,5.629933190955408e-06,898086.091239,5.056164693401852,3.0
2026-09-28 07:32:00+00:00,5.620692629177902e-06,5.630000000000001e-06,5.620692629177902e-06,5.620692629177902e-06,261697335.0,1470.92028191,6.0
2026-09-28 07:33:00+00:00,5.62e-06,5.62e-06,5.62e-06,5.62e-06,24662669.0,138.60419978000002,3.0
2026-09-28 07:34:00+00:00,5.614951961691037e-06,5.622447405250484e-06,5.611688270531349e-06,5.619183714090796e-06,943216229.35445,5300.105274854654,38.0
2026-09-28 07:35:00+00:00,5.629841516814025e-06,5.629841516814025e-06,5.629841516814025e-06,5.629841516814025e-06,87844019.0,494.54790517000004,8.0
2026-09-28 07:36:00+00:00,5.631225306910785e-06,5.6367887907239135e-06,5.630408435636929e-06,5.635155048176201e-06,111722811.92374,629.5753676085037,9.0
2026-09-28 07:37:00+00:00,5.630157897975332e-06,5.638578918222015e-06,5.630157897975332e-06,5.638578918222015e-06,19336002.67309,109.0275770351698,4.0
2026-09-28 07:38:00+00:00,5.63e-06,5.63e-06,5.63e-06,5.63e-06,174228226.0,980.90491238,4.0
2026-09-28 07:39:00+00:00,5.621778744732741e-06,5.621778744732741e-06,5.621778744732741e-06,5.621778744732741e-06,5912901.16364,33.24102208145684,2.0
2026-09-28 07:40:00+00:00,5.637123754130036e-06,5.637123754130036e-06,5.637123754130036e-06,5.637123754130036e-06,295032295.0,1663.1335583800003,15.0
2026-09-28 07:41:00+00:00,5.640000000000001e-06,5.640000000000001e-06,5.640000000000001e-06,5.640000000000001e-06,19926781.0,112.38704484000002,4.0
2026-09-28 07:42:00+00:00,5.629885940113093e-06,5.629987839494711e-06,5.629885940113093e-06,5.629987839494711e-06,965630884.47889,5436.490137056672,10.0
2026-09-28 07:43:00+00:00,5.630940962448409e-06,5.630940962448409e-06,5.6295295187757956e-06,5.6295295187757956e-06,86465374.02042,486.7593753999442,4.0
2026-09-28 07:46:00+00:00,5.620365923603893e-06,5.620365923603893e-06,5.6203638266951695e-06,5.6203638266951695e-06,506459813.0,2846.48841266,19.0
2026-09-28 07:48:00+00:00,5.63e-06,5.63e-06,5.63e-06,5.63e-06,395648.0,2.22749824,1.0
2026-09-28 07:49:00+00:00,5.6299994950074605e-06,5.6299994950074605e-06,5.6208854516331475e-06,5.6208854516331475e-06,1001202908.0,5627.64685971,11.0
2026-09-28 07:50:00+00:00,5.619659868675037e-06,5.62e-06,5.619659868675037e-06,5.62e-06,12772743.0,71.78281566000001,3.0
2026-09-28 07:51:00+00:00,5.627927691659252e-06,5.627927691659252e-06,5.627513229991102e-06,5.627513229991102e-06,427060.0,2.4032858,5.0
2026-09-28 07:52:00+00:00,5.620729375844821e-06,5.620729375844821e-06,5.620729375844821e-06,5.620729375844821e-06,3802580.0,21.37327311,2.0
2026-09-28 07:53:00+00:00,5.612625546479718e-06,5.612625546479718e-06,5.612625546479718e-06,5.612625546479718e-06,1622035.75905,9.103879338547651,4.0
2026-09-28 07:54:00+00:00,5.61936986951285e-06,5.620630130487149e-06,5.619054804269275e-06,5.619054804269275e-06,2238755494.03139,12579.689814321318,24.0
2026-09-28 07:55:00+00:00,5.63e-06,5.63e-06,5.63e-06,5.63e-06,3451812.0,19.43370156,1.0
2026-09-28 07:56:00+00:00,5.626e-06,5.626e-06,5.626e-06,5.626e-06,265300.0,1.4925778,1.0
2026-09-28 07:57:00+00:00,5.639989277773459e-06,5.639989277773459e-06,5.6199990252521335e-06,5.6199990252521335e-06,622930319.0,3500.8677855800006,12.0
2026-09-28 07:58:00+00:00,5.61e-06,5.62e-06,5.61e-06,5.62e-06,19189903.0,107.84725486,5.0
2026-09-28 07:59:00+00:00,5.611875520247263e-06,5.611875520247263e-06,5.609531119938184e-06,5.609531119938184e-06,16994922.146700002,95.33354466284031,6.0
2026-09-28 08:00:00+00:00,5.610388816766563e-06,5.610388816766563e-06,5.610388816766563e-06,5.610388816766563e-06,167219107.86224,938.1642126999928,4.0
2026-09-28 08:01:00+00:00,5.623989566438087e-06,5.628005216780958e-06,5.622992174828565e-06,5.627007825171436e-06,80256005.27649002,451.60116970780933,10.0
2026-09-28 08:02:00+00:00,5.630002912228716e-06,5.649944667654414e-06,5.630002912228716e-06,5.639973789941564e-06,1002819049.43182,5655.873154849579,14.0
2026-09-28 08:03:00+00:00,5.63e-06,5.63e-06,5.63e-06,5.63e-06,55985788.0,315.19998644000003,1.0
2026-09-28 08:04:00+00:00,5.63e-06,5.63e-06,5.63e-06,5.63e-06,209973753.0,1182.15222939,2.0
2026-09-28 08:05:00+00:00,5.62e-06,5.62e-06,5.62e-06,5.62e-06,200000.0,1.124,1.0
2026-09-28 08:07:00+00:00,5.62e-06,5.62e-06,5.62e-06,5.62e-06,209421.0,1.1769460200000001,1.0
2026-09-28 08:08:00+00:00,5.63e-06,5.63e-06,5.63e-06,5.63e-06,3209454.0,18.069226020000002,1.0
2026-09-28 08:09:00+00:00,5.629379335150278e-06,5.629586223433519e-06,5.629379335150278e-06,5.629586223433519e-06,39174584.54272,220.53670145042818,4.0
2026-09-28 08:10:00+00:00,5.629286129548678e-06,5.631427740902646e-06,5.629286129548678e-06,5.631427740902646e-06,177527809.46551,999.7350310057524,4.0
2026-09-28 08:11:00+00:00,5.633193593420314e-06,5.633193593420314e-06,5.63222426729143e-06,5.63222426729143e-06,20948056.98167,117.98415488476545,6.0
2026-09-28 08:12:00+00:00,5.638726841711833e-06,5.638726841711833e-06,5.632970702672391e-06,5.632970702672391e-06,16402281.0,92.39356833000001,3.0
2026-09-28 08:13:00+00:00,5.64e-06,5.64e-06,5.64e-06,5.64e-06,209973753.0,1184.25196692,3.0
2026-09-28 08:15:00+00:00,5.653e-06,5.657e-06,5.649e-06,5.649e-06,35182165.74438,198.7440542900026,5.0
2026-09-28 08:16:00+00:00,5.657973398224556e-06,5.657973398224556e-06,5.657973398224556e-06,5.657973398224556e-06,396879351.69596,2245.5328142003495,3.0
2026-09-28 08:17:00+00:00,5.6545943429864665e-06,5.6545943429864665e-06,5.653445757239849e-06,5.653445757239849e-06,12472739.277970001,70.51395495219832,3.0
2026-09-28 08:18:00+00:00,5.640480077506751e-06,5.640480077506751e-06,5.640448072339634e-06,5.640448072339634e-06,5530357.0,31.193691480000002,5.0
2026-09-28 08:19:00+00:00,5.650631680679513e-06,5.650631680679513e-06,5.650631680679513e-06,5.650631680679513e-06,11019650.0,62.2679834,3.0
2026-09-28 08:20:00+00:00,5.65e-06,5.65e-06,5.65e-06,5.65e-06,409236.0,2.3121834,1.0
2026-09-28 08:21:00+00:00,5.65e-06,5.65e-06,5.65e-06,5.65e-06,52235975.0,295.13325875,1.0
2026-09-28 08:22:00+00:00,5.650000000000001e-06,5.650000000000001e-06,5.640128686454392e-06,5.640128686454392e-06,300328346.0,1693.8905196300002,15.0
2026-09-28 08:23:00+00:00,5.64e-06,5.64e-06,5.63e-06,5.64e-06,197592254.0,1114.42031256,6.0
2026-09-28 08:24:00+00:00,5.63e-06,5.63e-06,5.63e-06,5.63e-06,19601064.0,110.35399032000001,1.0
2026-09-28 08:26:00+00:00,5.642683644220919e-06,5.642683644220919e-06,5.642683644220919e-06,5.642683644220919e-06,10259389.0,57.89048651000001,4.0
2026-09-28 08:27:00+00:00,5.640538154096734e-06,5.640600853222423e-06,5.640538154096734e-06,5.640600853222423e-06,160151675.0,903.3516746500002,5.0
2026-09-28 08:28:00+00:00,5.64e-06,5.64e-06,5.64e-06,5.64e-06,4837109.95,27.281300118,1.0
2026-09-28 08:29:00+00:00,5.64e-06,5.64e-06,5.64e-06,5.64e-06,132978723.0,749.99999772,1.0
2026-09-28 08:30:00+00:00,5.64e-06,5.64e-06,5.64e-06,5.64e-06,10213443.0,57.603818520000004,3.0
2026-09-28 08:31:00+00:00,5.639948631365235e-06,5.649434945017577e-06,5.639948631365235e-06,5.649434945017577e-06,271017520.0,1531.0958482,6.0
2026-09-28 08:32:00+00:00,5.638096820493325e-06,5.638096820493325e-06,5.638096820493325e-06,5.638096820493325e-06,128049110.0,721.953279958,4.0
2026-09-28 08:33:00+00:00,5.639e-06,5.639e-06,5.639e-06,5.639e-06,2019861.6776,11.389999999986399,1.0
2026-09-28 08:36:00+00:00,5.63e-06,5.63e-06,5.63e-06,5.63e-06,13133875.0,73.94371625000001,7.0
2026-09-28 08:37:00+00:00,5.63e-06,5.63e-06,5.63e-06,5.63e-06,43855665.0,246.90739395,12.0
2026-09-28 08:38:00+00:00,5.6199999999999996e-06,5.629963786972999e-06,5.6199999999999996e-06,5.629963786972999e-06,10465847.0,58.922339609999995,6.0
2026-09-28 08:39:00+00:00,5.629376186961934e-06,5.629376186961934e-06,5.629376186961934e-06,5.629376186961934e-06,12686436.487470001,71.41672345996862,4.0
2026-09-28 08:40:00+00:00,5.63e-06,5.63e-06,5.63e-06,5.63e-06,146194803.0,823.07674089,6.0
2026-09-28 08:41:00+00:00,5.62e-06,5.62e-06,5.62e-06,5.62e-06,18052236.0,101.45356632000001,7.0
2026-09-28 08:42:00+00:00,5.619756468478809e-06,5.619756468478809e-06,5.619025873915237e-06,5.619025873915237e-06,88911283.0,499.5947996599999,7.0
2026-09-28 08:43:00+00:00,5.620036208621306e-06,5.620036208621306e-06,5.620036208621306e-06,5.620036208621306e-06,127483451.0,716.46161062,11.0
2026-09-28 08:44:00+00:00,5.62e-06,5.62e-06,5.62e-06,5.62e-06,5580511.48747,31.362474559581404,2.0
2026-09-28 08:45:00+00:00,5.627602914422691e-06,5.627602914422691e-06,5.626404371634035e-06,5.626404371634035e-06,443038.0,2.49271094,7.0
2026-09-28 08:46:00+00:00,5.63e-06,5.63e-06,5.63e-06,5.63e-06,225679960.0,1270.5781748000002,14.0
2026-09-28 08:47:00+00:00,5.62e-06,5.63e-06,5.62e-06,5.63e-06,13979476.0,78.70444988,6.0
2026-09-28 08:49:00+00:00,5.625e-06,5.625e-06,5.625e-06,5.625e-06,88500.0,0.49781250000000005,2.0
2026-09-28 08:50:00+00:00,5.63e-06,5.63e-06,5.63e-06,5.63e-06,24033016.0,135.30588008,7.0
2026-09-28 08:51:00+00:00,5.640001895125987e-06,5.640001895125987e-06,5.640001895125987e-06,5.640001895125987e-06,186794969.0,1053.52397916,11.0
2026-09-28 08:52:00+00:00,5.640997364533447e-06,5.640997364533447e-06,5.640997364533447e-06,5.640997364533447e-06,133259227.881,751.714953276483,6.0
2026-09-28 08:53:00+00:00,5.640006091947275e-06,5.640006091947275e-06,5.640005076622729e-06,5.640005076622729e-06,174328495.0,983.2135968,16.0
2026-09-28 08:55:00+00:00,5.64e-06,5.64e-06,5.64e-06,5.64e-06,54287667.0,306.18244188,3.0
2026-09-28 08:56:00+00:00,5.638e-06,5.638e-06,5.638e-06,5.638e-06,6960900.0,39.2455542,1.0
2026-09-28 08:57:00+00:00,5.64e-06,5.64e-06,5.64e-06,5.64e-06,52527069.0,296.25266916000004,1.0
2026-09-28 08:58:00+00:00,5.63843983147999e-06,5.63843983147999e-06,5.63843983147999e-06,5.63843983147999e-06,702860.03193,3.96303399998941,2.0
2026-09-28 08:59:00+00:00,5.634e-06,5.634e-06,5.634e-06,5.634e-06,6960900.0,39.2177106,1.0
2026-09-28 09:00:00+00:00,5.632093485920171e-06,5.632093485920171e-06,5.632093485920171e-06,5.632093485920171e-06,9975085.0,56.180611250000005,3.0
2026-09-28 09:01:00+00:00,5.63e-06,5.63e-06,5.62e-06,5.62e-06,78545579.0,441.42615398000004,9.0
2026-09-28 09:02:00+00:00,5.620000000000001e-06,5.620000000000001e-06,5.6100000000000005e-06,5.6100000000000005e-06,2774288944.0,15563.760975840001,13.0
2026-09-28 09:03:00+00:00,5.598887227820009e-06,5.598887227820009e-06,5.590863561238921e-06,5.591986536364954e-06,4837455750.6118,27050.98742768241,69.0
2026-09-28 09:04:00+00:00,5.587111001798323e-06,5.595856580404579e-06,5.587111001798323e-06,5.595856580404579e-06,553624138.78348,3098.0012800823547,26.0
2026-09-28 09:05:00+00:00,5.594725521686485e-06,5.5952744783135136e-06,5.588109791325405e-06,5.591494060964326e-06,168321913.70063,941.1709807872224,7.0
2026-09-28 09:06:00+00:00,5.59e-06,5.590033931396644e-06,5.59e-06,5.590033931396644e-06,308778523.55808,1726.0824239762253,7.0
2026-09-28 09:07:00+00:00,5.58613515704315e-06,5.59e-06,5.58613515704315e-06,5.59e-06,105886217.0,591.90395303,4.0
2026-09-28 09:08:00+00:00,5.594712899421964e-06,5.594712899421964e-06,5.594712899421964e-06,5.594712899421964e-06,158957401.99629,889.3210274072463,3.0
2026-09-28 09:09:00+00:00,5.597451628811735e-06,5.597451628811735e-06,5.597451628811735e-06,5.597451628811735e-06,23738563.0,132.87545813,4.0
2026-09-28 09:11:00+00:00,5.600060874463251e-06,5.609756502146992e-06,5.600060874463251e-06,5.600060874463251e-06,228696883.0,1280.7164665999999,7.0
2026-09-28 09:12:00+00:00,5.609871870314455e-06,5.619551546100595e-06,5.609871870314455e-06,5.619551546100595e-06,128052761.0,719.59909106,6.0
2026-09-28 09:13:00+00:00,5.609923281258154e-06,5.610051145827897e-06,5.609923281258154e-06,5.610051145827897e-06,215484314.8407,1208.8780273800082,4.0
2026-09-28 09:14:00+00:00,5.620001584024244e-06,5.620011405193661e-06,5.620001584024244e-06,5.620011405193661e-06,1780861672.06334,10008.462908068223,6.0
2026-09-28 09:15:00+00:00,5.63e-06,5.64e-06,5.63e-06,5.64e-06,822738.0,4.6402423200000005,2.0
2026-09-28 09:16:00+00:00,5.65e-06,5.65e-06,5.63e-06,5.63e-06,2250634.0,12.67106942,3.0
2026-09-28 09:17:00+00:00,5.629657642166784e-06,5.629965027876183e-06,5.629657642166784e-06,5.629965027876183e-06,411756520.0,2318.1748076000003,8.0
2026-09-28 09:18:00+00:00,5.63e-06,5.63e-06,5.63e-06,5.63e-06,330110933.0,1858.5245527900001,18.0
2026-09-28 09:19:00+00:00,5.64e-06,5.64e-06,5.64e-06,5.64e-06,60810000.0,342.96840000000003,2.0
2026-09-28 09:20:00+00:00,5.649049166027294e-06,5.649049166027294e-06,5.648837869588915e-06,5.648837869588915e-06,131775056.0,744.3759266,5.0
2026-09-28 09:21:00+00:00,5.647273454906071e-06,5.649999975021689e-06,5.647273454906071e-06,5.649999975021689e-06,276578245.809016,1562.667081912483,8.0
2026-09-28 09:22:00+00:00,5.63e-06,5.63e-06,5.63e-06,5.63e-06,75572857.0,425.47518491,2.0
2026-09-28 09:23:00+00:00,5.64e-06,5.64e-06,5.64e-06,5.64e-06,55133599.0,310.95349836,1.0
2026-09-28 09:24:00+00:00,5.629131071415197e-06,5.629131071415197e-06,5.629131071415197e-06,5.629131071415197e-06,8010900.0,45.0944061,3.0
2026-09-28 09:25:00+00:00,5.62e-06,5.62e-06,5.62e-06,5.62e-06,118151878.0,664.0135543600001,2.0
2026-09-28 09:26:00+00:00,5.63e-06,5.63e-06,5.63e-06,5.63e-06,135853963.0,764.8578116900001,2.0
2026-09-28 09:27:00+00:00,5.62e-06,5.62e-06,5.62e-06,5.62e-06,319300106.0,1794.4665957200002,5.0
2026-09-28 09:28:00+00:00,5.614762191446814e-06,5.625237808553186e-06,5.614762191446814e-06,5.625237808553186e-06,14617010.0,82.2241573,3.0
2026-09-28 09:29:00+00:00,5.624e-06,5.624e-06,5.624e-06,5.624e-06,6960900.0,39.1481016,1.0
2026-09-28 09:30:00+00:00,5.62887783159752e-06,5.62887783159752e-06,5.622618392939121e-06,5.622618392939121e-06,18609239.0,104.63264948000001,3.0
2026-09-28 09:31:00+00:00,5.622897148174482e-06,5.624672861130862e-06,5.622897148174482e-06,5.624672861130862e-06,15680237.0,88.19620351,3.0
2026-09-28 09:32:00+00:00,5.62e-06,5.62e-06,5.62e-06,5.62e-06,1743067.0,9.796036540000001,1.0
2026-09-28 09:33:00+00:00,5.62e-06,5.62e-06,5.62e-06,5.62e-06,3911472.0,21.98247264,1.0
2026-09-28 09:34:00+00:00,5.61e-06,5.61e-06,5.61e-06,5.61e-06,164036720.0,920.2459991999999,4.0
2026-09-28 09:35:00+00:00,5.6102604911930916e-06,5.6102604911930916e-06,5.6102604911930916e-06,5.6102604911930916e-06,13176814.0,73.925358984,3.0
2026-09-28 09:38:00+00:00,5.6e-06,5.6e-06,5.6e-06,5.6e-06,104061629.0,582.7451224,3.0
2026-09-28 09:39:00+00:00,5.603670417580101e-06,5.603670417580101e-06,5.603058681316751e-06,5.603058681316751e-06,12931545.04544,72.4562057296912,3.0
2026-09-28 09:41:00+00:00,5.61e-06,5.61e-06,5.61e-06,5.61e-06,708023.0,3.9720090299999997,1.0
2026-09-28 09:42:00+00:00,5.6e-06,5.6e-06,5.6e-06,5.6e-06,19017947.0,106.5005032,3.0
2026-09-28 09:43:00+00:00,5.61e-06,5.61e-06,5.61e-06,5.61e-06,33509.0,0.18798548999999998,1.0
2026-09-28 09:44:00+00:00,5.600008262656028e-06,5.600008262656028e-06,5.600008262656028e-06,5.600008262656028e-06,253379795.04544,1418.9289458445548,8.0
2026-09-28 09:45:00+00:00,5.6e-06,5.6e-06,5.6e-06,5.6e-06,2658631.0,14.8883336,1.0
2026-09-28 09:46:00+00:00,5.594e-06,5.594e-06,5.594e-06,5.594e-06,4413759.82844,24.690572480293362,1.0
2026-09-28 09:47:00+00:00,5.6e-06,5.6e-06,5.6e-06,5.6e-06,9439686.0,52.8622416,3.0
2026-09-28 09:48:00+00:00,5.6e-06,5.6e-06,5.6e-06,5.6e-06,18751901.0,105.01064559999999,3.0
2026-09-28 09:50:00+00:00,5.605e-06,5.605e-06,5.605e-06,5.605e-06,3400.0,0.019056999999999998,1.0
2026-09-28 09:52:00+00:00,5.600099787143267e-06,5.600299361429802e-06,5.599900212856732e-06,5.599900212856732e-06,333254516.14734,1866.1920359089565,5.0
2026-09-28 09:53:00+00:00,5.599999999952431e-06,5.599999999952431e-06,5.590022867648072e-06,5.590022867648072e-06,698359487.22022,3903.8455034000112,8.0
2026-09-28 09:54:00+00:00,5.590107852151338e-06,5.590107852151338e-06,5.590107852151338e-06,5.590107852151338e-06,118832567.0,664.286865878,3.0
2026-09-28 09:55:00+00:00,5.590388150125584e-06,5.590388150125584e-06,5.590388150125584e-06,5.590388150125584e-06,229939382.0,1285.45039638,5.0
2026-09-28 09:56:00+00:00,5.589999999999999e-06,5.590112595999026e-06,5.589999999999999e-06,5.590112595999026e-06,318769427.049,1781.9569893660077,8.0
2026-09-28 09:57:00+00:00,5.5941134152309355e-06,5.5941134152309355e-06,5.5941134152309355e-06,5.5941134152309355e-06,10529379.433,58.902542740202,2.0
2026-09-28 09:58:00+00:00,5.6e-06,5.6e-06,5.6e-06,5.6e-06,3537819.0,19.8117864,1.0
2026-09-28 10:00:00+00:00,5.600026498475585e-06,5.619885173272461e-06,5.600026498475585e-06,5.619885173272461e-06,1478349835.676,8308.156322425333,38.0
2026-09-28 10:01:00+00:00,5.617995354866684e-06,5.617995354866684e-06,5.616995354866684e-06,5.6169969032444555e-06,229871402.667005,1291.1869569250264,14.0
2026-09-28 10:02:00+00:00,5.62e-06,5.62e-06,5.62e-06,5.62e-06,47483511.0,266.85733182,3.0
2026-09-28 10:03:00+00:00,5.6296976923632655e-06,5.629870439584256e-06,5.6296976923632655e-06,5.629870439584256e-06,219660174.16225,1236.658321269981,14.0
2026-09-28 10:05:00+00:00,5.62e-06,5.62e-06,5.62e-06,5.62e-06,21505715.0,120.8621183,2.0
2026-09-28 10:06:00+00:00,5.620000000000001e-06,5.620000000000001e-06,5.620000000000001e-06,5.620000000000001e-06,36485881.0,205.05065122000005,3.0
2026-09-28 10:09:00+00:00,5.61e-06,5.61e-06,5.61e-06,5.61e-06,3625445.0,20.33874645,1.0
2026-09-28 10:10:00+00:00,5.621875780365629e-06,5.621875780365629e-06,5.621875780365629e-06,5.621875780365629e-06,133338663.27843001,749.6134016713336,4.0
2026-09-28 10:11:00+00:00,5.611999100923066e-06,5.615918238060135e-06,5.611999100923066e-06,5.615918238060135e-06,222933091.24316,1251.9740129795866,6.0
2026-09-28 10:12:00+00:00,5.616e-06,5.616e-06,5.616e-06,5.616e-06,41250000.0,231.66,1.0
2026-09-28 10:13:00+00:00,5.62e-06,5.62e-06,5.62e-06,5.62e-06,1000000.0,5.62,1.0
2026-09-28 10:14:00+00:00,5.61e-06,5.61e-06,5.6e-06,5.6e-06,298627733.0,1672.3153048,5.0
2026-09-28 10:15:00+00:00,5.6298808043982625e-06,5.6298808043982625e-06,5.6298808043982625e-06,5.6298808043982625e-06,303619005.0,1709.3388081,3.0
2026-09-28 10:16:00+00:00,5.628e-06,5.629e-06,5.627e-06,5.629e-06,35717575.0,201.054229675,4.0
2026-09-28 10:17:00+00:00,5.64e-06,5.64e-06,5.64e-06,5.64e-06,379679.0,2.14138956,1.0
2026-09-28 10:18:00+00:00,5.624e-06,5.626e-06,5.624e-06,5.626e-06,25666997.77452,144.4025294794495,2.0
2026-09-28 10:19:00+00:00,5.626032923194979e-06,5.626032923194979e-06,5.624958846006277e-06,5.624958846006277e-06,206714931.66085002,1162.7629834472814,6.0
2026-09-28 10:20:00+00:00,5.62e-06,5.62e-06,5.62e-06,5.62e-06,1586353.0,8.91530386,1.0
2026-09-28 10:21:00+00:00,5.62e-06,5.62e-06,5.62e-06,5.62e-06,75026372.0,421.64821064,2.0
2026-09-28 10:22:00+00:00,5.62e-06,5.62e-06,5.62e-06,5.62e-06,10155133.0,57.07184746,2.0
2026-09-28 10:24:00+00:00,5.630001255032759e-06,5.630001255032759e-06,5.6200136605395934e-06,5.630001067104905e-06,5717619679.0,32190.204894070004,25.0
2026-09-28 10:25:00+00:00,5.63e-06,5.63e-06,5.63e-06,5.63e-06,160679400.0,904.6250220000001,2.0
2026-09-28 10:26:00+00:00,5.631e-06,5.631e-06,5.63e-06,5.63e-06,182248952.06851998,1026.0616001457674,3.0
2026-09-28 10:27:00+00:00,5.631e-06,5.632e-06,5.629e-06,5.629e-06,242783554.69254,1366.6286293643075,3.0
2026-09-28 10:28:00+00:00,5.62e-06,5.64e-06,5.62e-06,5.64e-06,3978579.0,22.439185560000002,3.0
2026-09-28 10:31:00+00:00,5.64e-06,5.64e-06,5.639e-06,5.639e-06,126400.0,0.7127696,3.0
2026-09-28 10:32:00+00:00,5.64e-06,5.64e-06,5.64e-06,5.64e-06,200000.0,1.1280000000000001,1.0
2026-09-28 10:33:00+00:00,5.64e-06,5.65e-06,5.64e-06,5.65e-06,227886698.0,1287.5598437,5.0
2026-09-28 10:34:00+00:00,5.650000000000001e-06,5.650000000000001e-06,5.650000000000001e-06,5.650000000000001e-06,140162170.0,791.9162605000001,5.0
2026-09-28 10:35:00+00:00,5.65960972369892e-06,5.65960972369892e-06,5.65960972369892e-06,5.65960972369892e-06,365869.0,2.07067575,2.0
2026-09-28 10:36:00+00:00,5.659396714308436e-06,5.659396714308436e-06,5.659396714308436e-06,5.659396714308436e-06,440090.0,2.4906439,3.0
2026-09-28 10:37:00+00:00,5.660828179016363e-06,5.660828179016363e-06,5.660828179016363e-06,5.660828179016363e-06,4226350.752188,23.924645432392833,3.0
2026-09-28 10:40:00+00:00,5.659994822771343e-06,5.659994822771343e-06,5.659994822771343e-06,5.659994822771343e-06,155642745.08,880.93713135472,5.0
2026-09-28 10:41:00+00:00,5.669022273862691e-06,5.669022273862691e-06,5.659921588188748e-06,5.659921588188748e-06,63256159.0,358.02489991,5.0
2026-09-28 10:42:00+00:00,5.654e-06,5.654e-06,5.654e-06,5.654e-06,14424122.0,81.553985788,2.0
2026-09-28 10:43:00+00:00,5.66e-06,5.66e-06,5.66e-06,5.66e-06,2045683.0,11.57856578,1.0
2026-09-28 10:44:00+00:00,5.659991440574386e-06,5.661675809503077e-06,5.659991440574386e-06,5.659991440574386e-06,213032016.85085,1205.7593919441092,7.0
2026-09-28 10:45:00+00:00,5.66e-06,5.66e-06,5.66e-06,5.66e-06,34338657.0,194.35679862,1.0
2026-09-28 10:46:00+00:00,5.66e-06,5.66e-06,5.66e-06,5.66e-06,23556484.0,133.32969944,2.0
2026-09-28 10:47:00+00:00,5.66e-06,5.66e-06,5.66e-06,5.66e-06,30874815.0,174.7514529,1.0
2026-09-28 10:48:00+00:00,5.659980532471918e-06,5.659980532471918e-06,5.659980532471918e-06,5.659980532471918e-06,1135446285.48983,6426.603871539989,35.0
2026-09-28 10:50:00+00:00,5.656e-06,5.656e-06,5.656e-06,5.656e-06,3299734.74801,18.66329973474456,1.0
2026-09-28 10:52:00+00:00,5.6591899360446826e-06,5.660679327591904e-06,5.658693472195609e-06,5.660679327591904e-06,981908909.26744,5558.271464268512,18.0
2026-09-28 10:53:00+00:00,5.658790168237245e-06,5.664757395694731e-06,5.658790168237245e-06,5.664757395694731e-06,219452.0,1.2431423400000001,4.0
2026-09-28 10:54:00+00:00,5.650334537111547e-06,5.650334537111547e-06,5.650334537111547e-06,5.650334537111547e-06,42947280.0,242.666499459,2.0
2026-09-28 10:55:00+00:00,5.65e-06,5.65e-06,5.65e-06,5.65e-06,3102465155.0,17528.92812575,12.0
2026-09-28 10:56:00+00:00,5.648216142141842e-06,5.648216142141842e-06,5.648216142141842e-06,5.648216142141842e-06,20442566.0,115.464031268,3.0
2026-09-28 10:57:00+00:00,5.65e-06,5.651410798653223e-06,5.65e-06,5.651410798653223e-06,626945983.77996,3543.1293029063345,14.0
2026-09-28 10:58:00+00:00,5.65e-06,5.65e-06,5.65e-06,5.65e-06,6845063.0,38.67460595,1.0
2026-09-28 10:59:00+00:00,5.6502313177606675e-06,5.650529157004815e-06,5.6502313177606675e-06,5.650529157004815e-06,27058927.52,152.89725890903998,4.0
2026-09-28 11:00:00+00:00,5.655699816022602e-06,5.660831124861658e-06,5.655675722744417e-06,5.6608070315834726e-06,1019275991.0634501,5769.9246973361915,25.0
2026-09-28 11:01:00+00:00,5.663687863964076e-06,5.663687863964076e-06,5.663687863964076e-06,5.663687863964076e-06,19803122.0,112.15870174,4.0
2026-09-28 11:02:00+00:00,5.66e-06,5.66e-06,5.66e-06,5.66e-06,9391283.0,53.15466178,1.0
2026-09-28 11:03:00+00:00,5.6659555745864285e-06,5.6659555745864285e-06,5.6659555745864285e-06,5.6659555745864285e-06,4568016.0,25.88217572,4.0
2026-09-28 11:05:00+00:00,5.66e-06,5.66e-06,5.66e-06,5.66e-06,53473279.0,302.65875914000003,1.0
2026-09-28 11:06:00+00:00,5.670079897141466e-06,5.670079897141466e-06,5.670079897141466e-06,5.670079897141466e-06,83145653.0,471.44249561000004,7.0
2026-09-28 11:07:00+00:00,5.679945157815563e-06,5.679945157815563e-06,5.679945157815563e-06,5.679945157815563e-06,178323462.24509,1012.8674859039054,3.0
2026-09-28 11:08:00+00:00,5.67e-06,5.67e-06,5.67e-06,5.67e-06,47589720.0,269.8337124,3.0
2026-09-28 11:09:00+00:00,5.669661676719284e-06,5.669661676719284e-06,5.669661676719284e-06,5.669661676719284e-06,19506400.748010002,110.59469277172069,4.0
2026-09-28 11:10:00+00:00,5.6649391022727755e-06,5.6649391022727755e-06,5.6649391022727755e-06,5.6649391022727755e-06,44310520.65489,251.01640109995185,2.0
2026-09-28 11:11:00+00:00,5.660000000000001e-06,5.660000000000001e-06,5.660000000000001e-06,5.660000000000001e-06,133938266.0,758.0905855600001,6.0
2026-09-28 11:12:00+00:00,5.66e-06,5.66e-06,5.66e-06,5.66e-06,98182418.0,555.71248588,10.0
2026-09-28 11:13:00+00:00,5.659463603520226e-06,5.660321837887864e-06,5.659463603520226e-06,5.660107279295955e-06,1125255743.9838,6369.068227592292,41.0
2026-09-28 11:14:00+00:00,5.660000000000001e-06,5.66998982372471e-06,5.660000000000001e-06,5.66998982372471e-06,858403468.0,4867.13892821,9.0
2026-09-28 11:15:00+00:00,5.66e-06,5.66e-06,5.66e-06,5.66e-06,176203248.96612,997.3103891482392,4.0
2026-09-28 11:16:00+00:00,5.6670667637635995e-06,5.672268133651237e-06,5.663599183838508e-06,5.672268133651237e-06,2413452443.59651,13689.749387895194,24.0
2026-09-28 11:17:00+00:00,5.68022289327156e-06,5.68022289327156e-06,5.68022289327156e-06,5.68022289327156e-06,555198455.0,3153.6509744,13.0
2026-09-28 11:20:00+00:00,5.667827955142447e-06,5.667827955142447e-06,5.667827955142447e-06,5.667827955142447e-06,4972273.0,28.18198791,3.0
2026-09-28 11:21:00+00:00,5.669979527662503e-06,5.669979527662503e-06,5.669979527662503e-06,5.669979527662503e-06,1750655.0,9.92617801,2.0
2026-09-28 11:22:00+00:00,5.67e-06,5.67e-06,5.660048953815099e-06,5.669979019793529e-06,249112558.30255,1412.462979142551,7.0
2026-09-28 11:23:00+00:00,5.670189766326622e-06,5.670189766326622e-06,5.670189766326622e-06,5.670189766326622e-06,217372601.0,1232.54389767,4.0
2026-09-28 11:24:00+00:00,5.669001046670774e-06,5.67e-06,5.666004186683095e-06,5.666004186683095e-06,174621289.31122002,989.4049563213727,5.0
2026-09-28 11:25:00+00:00,5.669970926514417e-06,5.679854245664001e-06,5.669970926514417e-06,5.679854245664001e-06,88320579.02701,501.64801576606567,4.0
2026-09-28 11:26:00+00:00,5.67e-06,5.67e-06,5.67e-06,5.67e-06,2788951.85,15.8133569895,2.0
2026-09-28 11:27:00+00:00,5.67e-06,5.67e-06,5.67e-06,5.67e-06,806400.0,4.572288,1.0
2026-09-28 11:28:00+00:00,5.67e-06,5.67e-06,5.67e-06,5.67e-06,82355454.0,466.95542417999997,7.0
2026-09-28 11:30:00+00:00,5.6711570097166655e-06,5.6711570097166655e-06,5.670528778665936e-06,5.670528778665936e-06,32981568.89358,187.02293557659863,7.0
2026-09-28 11:31:00+00:00,5.669997417666061e-06,5.669997417666061e-06,5.669997417666061e-06,5.669997417666061e-06,1587711.0,9.002317269999999,2.0
2026-09-28 11:33:00+00:00,5.667133127618668e-06,5.671087103485399e-06,5.665156139685302e-06,5.671087103485399e-06,530576162.23699,3008.9436310789706,11.0
2026-09-28 11:34:00+00:00,5.675e-06,5.675e-06,5.675e-06,5.675e-06,88500.0,0.5022375,2.0
2026-09-28 11:35:00+00:00,5.68e-06,5.68e-06,5.68e-06,5.68e-06,167324.0,0.95040032,1.0
2026-09-28 11:36:00+00:00,5.68e-06,5.68e-06,5.68e-06,5.68e-06,32904560.0,186.8979008,2.0
2026-09-28 11:37:00+00:00,5.68230345882178e-06,5.68230345882178e-06,5.68230345882178e-06,5.68230345882178e-06,7235354.0,41.11347706,2.0
2026-09-28 11:38:00+00:00,5.682e-06,5.682e-06,5.682e-06,5.682e-06,141877467.29928,806.1477691945089,2.0
2026-09-28 11:39:00+00:00,5.682448263082381e-06,5.684336197311786e-06,5.682448263082381e-06,5.684336197311786e-06,51732531.43411,294.0651010094813,4.0
2026-09-28 11:40:00+00:00,5.679983765247484e-06,5.685836715237701e-06,5.679983765247484e-06,5.685836715237701e-06,431882161.0,2455.61144767,16.0
2026-09-28 11:42:00+00:00,5.679972617801685e-06,5.689881343807304e-06,5.679972617801685e-06,5.679972617801685e-06,68166844.01375,387.18580744005874,4.0
2026-09-28 11:43:00+00:00,5.679959707855373e-06,5.679959707855373e-06,5.679959707855373e-06,5.679959707855373e-06,2821890.0,16.028221499999997,2.0
2026-09-28 11:44:00+00:00,5.67e-06,5.67e-06,5.67e-06,5.67e-06,32781457.0,185.87086119,1.0
2026-09-28 11:45:00+00:00,5.671835472351269e-06,5.671835472351269e-06,5.671835472351269e-06,5.671835472351269e-06,96043895.82268101,544.7451752298921,5.0
2026-09-28 11:46:00+00:00,5.67e-06,5.67e-06,5.67e-06,5.67e-06,391951.0,2.22236217,1.0
2026-09-28 11:47:00+00:00,5.67e-06,5.67e-06,5.67e-06,5.67e-06,151584780.0,859.4857026,7.0
2026-09-28 11:48:00+00:00,5.67e-06,5.67e-06,5.67e-06,5.67e-06,34199989.0,193.91393763,1.0
2026-09-28 11:49:00+00:00,5.67e-06,5.67e-06,5.67e-06,5.67e-06,974042.0,5.52281814,1.0
2026-09-28 11:50:00+00:00,5.67e-06,5.67e-06,5.67e-06,5.67e-06,5795385.0,32.85983295,1.0
2026-09-28 11:51:00+00:00,5.68e-06,5.68e-06,5.67e-06,5.68e-06,205205254.0,1165.5658427199999,5.0
2026-09-28 11:52:00+00:00,5.67e-06,5.67e-06,5.67e-06,5.67e-06,30000000.0,170.1,1.0
2026-09-28 11:53:00+00:00,5.666987193392168e-06,5.666987193392168e-06,5.6649957311307224e-06,5.6649957311307224e-06,8878229.23108,50.29513069406819,4.0
2026-09-28 11:54:00+00:00,5.665e-06,5.665e-06,5.665e-06,5.665e-06,937727.99435,5.31222908799275,1.0
2026-09-28 11:55:00+00:00,5.660005461343732e-06,5.660005461343732e-06,5.660001472320337e-06,5.660001472320337e-06,1418898401.97352,8030.967044243097,26.0
2026-09-28 11:56:00+00:00,5.669883903452495e-06,5.669883903452495e-06,5.669825855178742e-06,5.669825855178742e-06,2177498.0,12.34603446,5.0
2026-09-28 11:57:00+00:00,5.67e-06,5.6719983218884455e-06,5.67e-06,5.67e-06,474570357.18,2690.8139252106,8.0
2026-09-28 11:58:00+00:00,5.68e-06,5.68e-06,5.68e-06,5.68e-06,9526112.0,54.10831616,1.0
2026-09-28 11:59:00+00:00,5.67e-06,5.67e-06,5.67e-06,5.67e-06,21128645.0,119.79941715,4.0
2026-09-28 12:00:00+00:00,5.663876168931283e-06,5.663876168931283e-06,5.663876168931283e-06,5.663876168931283e-06,13880200.0,78.61573399999999,3.0
2026-09-28 12:01:00+00:00,5.67e-06,5.67e-06,5.67e-06,5.67e-06,14373937.0,81.50022279,1.0
2026-09-28 12:02:00+00:00,5.667e-06,5.667e-06,5.666e-06,5.666e-06,820188398.66114,4647.187466814019,4.0
2026-09-28 12:03:00+00:00,5.665634405945663e-06,5.665634405945663e-06,5.6648185431970415e-06,5.6648185431970415e-06,3464551.55174,19.626055874158837,9.0
2026-09-28 12:04:00+00:00,5.673749491176952e-06,5.6846915563223005e-06,5.673749491176952e-06,5.6846915563223005e-06,1058304150.7547529,6016.132669816387,25.0
2026-09-28 12:05:00+00:00,5.689251765422198e-06,5.699142090222237e-06,5.689251765422198e-06,5.699142090222237e-06,191008238.094563,1088.5830893039144,11.0
2026-09-28 12:06:00+00:00,5.7101029849844645e-06,5.7299157395581655e-06,5.7101029849844645e-06,5.7299157395581655e-06,117096759.63379,670.9545660769126,8.0
2026-09-28 12:07:00+00:00,5.730291958566187e-06,5.730291958566187e-06,5.730291958566187e-06,5.730291958566187e-06,11487715.29548,65.82796257998683,4.0
2026-09-28 12:09:00+00:00,5.731905715133797e-06,5.731905715133797e-06,5.731905715133797e-06,5.731905715133797e-06,215609003.0,1235.85047653,6.0
2026-09-28 12:10:00+00:00,5.730086546553277e-06,5.74000786786848e-06,5.730086546553277e-06,5.74000786786848e-06,268276319.80041,1539.9081864171537,6.0
2026-09-28 12:11:00+00:00,5.73e-06,5.73e-06,5.73e-06,5.73e-06,82921612.0,475.14083676,2.0
2026-09-28 12:12:00+00:00,5.710005863400201e-06,5.720005863400201e-06,5.710005863400201e-06,5.720005863400201e-06,779881953.0,4460.92934392,15.0
2026-09-28 12:13:00+00:00,5.727527759087725e-06,5.727527759087725e-06,5.727527759087725e-06,5.727527759087725e-06,22654653.0,129.75515393,5.0
2026-09-28 12:14:00+00:00,5.729999999999999e-06,5.729999999999999e-06,5.729999999999999e-06,5.729999999999999e-06,1844961424.0,10571.62895952,34.0
2026-09-28 12:15:00+00:00,5.735880440207706e-06,5.735880440207706e-06,5.735880440207706e-06,5.735880440207706e-06,49199684.0,282.20350512000005,4.0
2026-09-28 12:16:00+00:00,5.74e-06,5.74e-06,5.73e-06,5.73e-06,251006889.0,1438.26947397,8.0
2026-09-28 12:17:00+00:00,5.74e-06,5.743507658573865e-06,5.74e-06,5.743507658573865e-06,77148763.0,443.10451114,3.0
2026-09-28 12:18:00+00:00,5.7528925494220464e-06,5.7528925494220464e-06,5.750482091570341e-06,5.750482091570341e-06,363699946.1932,2091.450027289093,9.0
2026-09-28 12:19:00+00:00,5.750024316030237e-06,5.750024316030237e-06,5.7500162106868244e-06,5.7500162106868244e-06,77997929.0,448.48935615,12.0
2026-09-28 12:20:00+00:00,5.7501840761621e-06,5.7501840761621e-06,5.75018337108475e-06,5.75018337108475e-06,197283319.47728,1134.4152630506555,8.0
2026-09-28 12:21:00+00:00,5.76e-06,5.76e-06,5.7570440120536325e-06,5.7570440120536325e-06,951720788.8,5479.098468308,22.0
2026-09-28 12:22:00+00:00,5.744126122544969e-06,5.744126122544969e-06,5.744126122544969e-06,5.744126122544969e-06,159027560.1,913.4743621749999,7.0
2026-09-28 12:23:00+00:00,5.744e-06,5.744e-06,5.744e-06,5.744e-06,1682654.12748,9.66516530824512,1.0
2026-09-28 12:24:00+00:00,5.740005387776377e-06,5.740005387776377e-06,5.740005387776377e-06,5.740005387776377e-06,98556429.0,565.71443346,5.0
2026-09-28 12:25:00+00:00,5.75e-06,5.75e-06,5.75e-06,5.75e-06,223140.0,1.283055,1.0
2026-09-28 12:26:00+00:00,5.740565190567165e-06,5.750211946462687e-06,5.740565190567165e-06,5.750211946462687e-06,1488643246.06895,8560.014177566669,22.0
2026-09-28 12:27:00+00:00,5.746e-06,5.746e-06,5.746e-06,5.746e-06,3166070.0,18.19223822,1.0
2026-09-28 12:28:00+00:00,5.7441983829332e-06,5.7441983829332e-06,5.742998844952286e-06,5.742998844952286e-06,32158387.76386,184.68558378337568,5.0
2026-09-28 12:29:00+00:00,5.740000489710714e-06,5.740000489710714e-06,5.740000489710714e-06,5.740000489710714e-06,103326308.0,593.09305852,6.0
2026-09-28 12:30:00+00:00,5.74e-06,5.74e-06,5.74e-06,5.74e-06,10883107.0,62.46903418,4.0
2026-09-28 12:31:00+00:00,5.74e-06,5.74e-06,5.74e-06,5.74e-06,69484853.0,398.84305622,2.0
2026-09-28 12:32:00+00:00,5.733567387378799e-06,5.733567387378799e-06,5.733567387378799e-06,5.733567387378799e-06,509739904.0,2922.6280896199996,17.0
2026-09-28 12:33:00+00:00,5.739968726234265e-06,5.739968726234265e-06,5.739968726234265e-06,5.739968726234265e-06,134297866.0,770.86555084,4.0
2026-09-28 12:34:00+00:00,5.7400146513232735e-06,5.7400146513232735e-06,5.739960740663048e-06,5.739960740663048e-06,231975351.27487102,1331.5294091192793,9.0
2026-09-28 12:35:00+00:00,5.751186646097281e-06,5.759526057710718e-06,5.751107655715734e-06,5.751107655715734e-06,363636856.0,2091.314706442,16.0
2026-09-28 12:36:00+00:00,5.75e-06,5.75e-06,5.74917453295879e-06,5.74917453295879e-06,198852688.0,1143.23880966,6.0
2026-09-28 12:37:00+00:00,5.75e-06,5.75e-06,5.75e-06,5.75e-06,814048.0,4.680776,1.0
2026-09-28 12:38:00+00:00,5.739768836453162e-06,5.739845890968775e-06,5.739768836453162e-06,5.739845890968775e-06,316407783.49307,1816.1319159532356,7.0
2026-09-28 12:39:00+00:00,5.739952211448468e-06,5.739952211448468e-06,5.729995655586224e-06,5.729995655586224e-06,922543111.0,5286.1680181209995,9.0
2026-09-28 12:40:00+00:00,5.729999044177711e-06,5.729999044177711e-06,5.720008602400614e-06,5.720008602400614e-06,105877422.0,605.6197646400001,5.0
2026-09-28 12:42:00+00:00,5.73e-06,5.73e-06,5.71e-06,5.71e-06,6648435.0,37.96256385,2.0
2026-09-28 12:43:00+00:00,5.72e-06,5.72e-06,5.72e-06,5.72e-06,5021280.0,28.721721600000002,2.0
2026-09-28 12:44:00+00:00,5.729853526952584e-06,5.729853526952584e-06,5.729853526952584e-06,5.729853526952584e-06,49429127.48908,283.2216604774939,2.0
2026-09-28 12:45:00+00:00,5.740300976550782e-06,5.75e-06,5.740300976550782e-06,5.75e-06,6700522.0,38.5280015,6.0
2026-09-28 12:46:00+00:00,5.759127048820293e-06,5.759127048820293e-06,5.750218237794927e-06,5.750218237794927e-06,12931344.0,74.358050108,4.0
2026-09-28 12:47:00+00:00,5.74e-06,5.74e-06,5.731405757285605e-06,5.731405757285605e-06,61810656.0,354.26194965999997,3.0
2026-09-28 12:48:00+00:00,5.73e-06,5.73e-06,5.73e-06,5.73e-06,5190406.0,29.74102638,2.0
2026-09-28 12:50:00+00:00,5.74e-06,5.74e-06,5.74e-06,5.74e-06,10620870.0,60.9637938,3.0
2026-09-28 12:51:00+00:00,5.7409230886396e-06,5.7409230886396e-06,5.74e-06,5.74e-06,124583506.91242,715.1093296772908,6.0
2026-09-28 12:52:00+00:00,5.750645235060359e-06,5.750645235060359e-06,5.750645235060359e-06,5.750645235060359e-06,266740.0,1.5339271100000003,2.0
2026-09-28 12:53:00+00:00,5.749722420005392e-06,5.75e-06,5.749722420005392e-06,5.75e-06,206506991.62072998,1187.4152018191974,4.0
2026-09-28 12:55:00+00:00,5.759805178290032e-06,5.759805178290032e-06,5.759805178290032e-06,5.759805178290032e-06,26747775.80684,154.06197759997787,6.0
2026-09-28 12:56:00+00:00,5.759951651198085e-06,5.759951651198085e-06,5.759661558386597e-06,5.759661558386597e-06,5491346.0,31.628294460000003,8.0
2026-09-28 12:57:00+00:00,5.749999999999999e-06,5.749999999999999e-06,5.749999999999999e-06,5.749999999999999e-06,57233121.0,329.09044574999996,2.0
2026-09-28 12:58:00+00:00,5.76e-06,5.76e-06,5.76e-06,5.76e-06,10000000.0,57.6,1.0
2026-09-28 12:59:00+00:00,5.75e-06,5.75e-06,5.75e-06,5.75e-06,82332056.0,473.409322,4.0
2026-09-28 13:00:00+00:00,5.74827171040237e-06,5.74827171040237e-06,5.7383372265244005e-06,5.7383372265244005e-06,469592812.37293,2694.6819165478723,11.0
2026-09-28 13:01:00+00:00,5.732027657459616e-06,5.732027657459616e-06,5.731357376737396e-06,5.731357376737396e-06,13523404.0,77.50746127400001,6.0
2026-09-28 13:02:00+00:00,5.729714683368815e-06,5.729714683368815e-06,5.72256784968066e-06,5.72256784968066e-06,252487168.26735002,1444.8749515836482,8.0
2026-09-28 13:03:00+00:00,5.71e-06,5.71e-06,5.71e-06,5.71e-06,6241679.0,35.639987090000005,2.0
2026-09-28 13:05:00+00:00,5.72e-06,5.72e-06,5.72e-06,5.72e-06,911753.0,5.21522716,1.0
2026-09-28 13:06:00+00:00,5.71e-06,5.717475013949092e-06,5.71e-06,5.717475013949092e-06,36790928.0,210.35121158000004,4.0
2026-09-28 13:07:00+00:00,5.72052257172775e-06,5.720696762303667e-06,5.72052257172775e-06,5.720696762303667e-06,97830439.619508,559.6582791860639,6.0
2026-09-28 13:08:00+00:00,5.711079543961758e-06,5.711079543961758e-06,5.711079543961758e-06,5.711079543961758e-06,79542530.754189,454.2737202651978,6.0
2026-09-28 13:09:00+00:00,5.7001220284188524e-06,5.709986207151265e-06,5.7001220284188524e-06,5.709986207151265e-06,1035696493.06563,5913.812690199683,12.0
2026-09-28 13:10:00+00:00,5.708916554184934e-06,5.708916554184934e-06,5.701110709956478e-06,5.701110709956478e-06,10203879.0,58.17344385,8.0
2026-09-28 13:11:00+00:00,5.701979543645529e-06,5.701979543645529e-06,5.701979543645529e-06,5.701979543645529e-06,7538000.0,42.981521799999996,3.0
2026-09-28 13:12:00+00:00,5.7010356194110175e-06,5.702071238822037e-06,5.7010356194110175e-06,5.702071238822037e-06,330254183.50297904,1883.132881252992,12.0
2026-09-28 13:13:00+00:00,5.7e-06,5.7e-06,5.7e-06,5.7e-06,579700.0,3.30429,1.0
2026-09-28 13:14:00+00:00,5.71e-06,5.72e-06,5.71e-06,5.71e-06,195334282.0,1115.35875022,4.0
2026-09-28 13:15:00+00:00,5.713062262750724e-06,5.713085819451964e-06,5.71208798364457e-06,5.71211154034581e-06,36836832.251996,210.4160946164091,9.0
2026-09-28 13:16:00+00:00,5.718001894311201e-06,5.719156022846457e-06,5.718001894311201e-06,5.719156022846457e-06,18458424.35246,105.56660880762733,11.0
2026-09-28 13:18:00+00:00,5.7025078595065925e-06,5.70286382805362e-06,5.7017959224125385e-06,5.7017959224125385e-06,478147597.939121,2726.30002424063,11.0
2026-09-28 13:19:00+00:00,5.704320296300672e-06,5.704320296300672e-06,5.704160148150336e-06,5.704160148150336e-06,1105226.6269,6.3043896798376,5.0
2026-09-28 13:20:00+00:00,5.71e-06,5.71e-06,5.71e-06,5.71e-06,127399.0,0.72744829,2.0
2026-09-28 13:21:00+00:00,5.71e-06,5.712309288746704e-06,5.71e-06,5.712309288746704e-06,84104974.0,480.43362421,6.0
2026-09-28 13:22:00+00:00,5.7e-06,5.71e-06,5.7e-06,5.71e-06,188169389.0,1074.44721119,3.0
2026-09-28 13:23:00+00:00,5.709e-06,5.711e-06,5.709e-06,5.711e-06,17070664.425155,97.4905645320602,7.0
2026-09-28 13:24:00+00:00,5.713008745252196e-06,5.713008745252196e-06,5.7130074324257374e-06,5.7130074324257374e-06,96280814.0,550.053005982,6.0
2026-09-28 13:25:00+00:00,5.721615368170244e-06,5.72946528191477e-06,5.721615368170244e-06,5.72946528191477e-06,9247529.0,52.98339634900001,6.0
2026-09-28 13:26:00+00:00,5.730362993471842e-06,5.7368403080888105e-06,5.730362993471842e-06,5.7368403080888105e-06,988417109.03883,5670.391112338573,13.0
2026-09-28 13:27:00+00:00,5.7293667510889375e-06,5.7293667510889375e-06,5.7293667510889375e-06,5.7293667510889375e-06,10992360.0,62.97926189999999,3.0
2026-09-28 13:28:00+00:00,5.73e-06,5.73e-06,5.73e-06,5.73e-06,8436018.0,48.338383140000005,2.0
2026-09-28 13:29:00+00:00,5.734879236309252e-06,5.734879236309252e-06,5.734879236309252e-06,5.734879236309252e-06,32792017.0,188.05825741,3.0
2026-09-28 13:30:00+00:00,5.730587283710003e-06,5.730731581446528e-06,5.7263298250374336e-06,5.7263298250374336e-06,371853649.90544,2129.356646002549,10.0
2026-09-28 13:31:00+00:00,5.720792046191774e-06,5.720949037748795e-06,5.720711159234045e-06,5.720868150791067e-06,79876907.0,456.96525324000004,10.0
2026-09-28 13:32:00+00:00,5.718971379831878e-06,5.727942759663757e-06,5.718971379831878e-06,5.727942759663757e-06,194435231.0,1113.71387363,6.0
2026-09-28 13:33:00+00:00,5.701043338284525e-06,5.718797520182185e-06,5.701043338284525e-06,5.718797520182185e-06,87480620.0,500.28395272,7.0
2026-09-28 13:34:00+00:00,5.719351137568172e-06,5.719729640653405e-06,5.700432574954552e-06,5.719729640653405e-06,288621296.0,1650.8357816550001,8.0
2026-09-28 13:35:00+00:00,5.7198539183134505e-06,5.7198539183134505e-06,5.7198539183134505e-06,5.7198539183134505e-06,17116077.52764,97.90146311262845,5.0
2026-09-28 13:36:00+00:00,5.719649432359021e-06,5.719649432359021e-06,5.719649432359021e-06,5.719649432359021e-06,89449585.0,511.62026807,4.0
2026-09-28 13:37:00+00:00,5.729818367419771e-06,5.729818367419771e-06,5.729818367419771e-06,5.729818367419771e-06,89191047.0,511.04849931000007,4.0
2026-09-28 13:38:00+00:00,5.7260605438712825e-06,5.7260605438712825e-06,5.7260605438712825e-06,5.7260605438712825e-06,6237064.0,35.71380608,2.0
2026-09-28 13:39:00+00:00,5.741762747734676e-06,5.777651505842219e-06,5.741762747734676e-06,5.759765823841098e-06,11219918064.79817,64624.10061592185,58.0
2026-09-28 13:40:00+00:00,5.750048999918593e-06,5.759926500122111e-06,5.749914250142464e-06,5.759791750345982e-06,951301907.0,5479.300876027,10.0
2026-09-28 13:41:00+00:00,5.751914986134186e-06,5.758085013865814e-06,5.746936022185303e-06,5.753106049916931e-06,145796244.21925,838.7812546729335,6.0
2026-09-28 13:42:00+00:00,5.749301602382202e-06,5.750801148420109e-06,5.749101315277175e-06,5.750801148420109e-06,194822765.74433,1120.3869849808748,10.0
2026-09-28 13:43:00+00:00,5.753216647155569e-06,5.753955539313792e-06,5.749261107841778e-06,5.749999999999999e-06,120581418.14871,693.3431543550823,7.0
2026-09-28 13:44:00+00:00,5.737724787924962e-06,5.737724787924962e-06,5.737724787924962e-06,5.737724787924962e-06,306145427.3141,1756.5782070099915,3.0
2026-09-28 13:45:00+00:00,5.75e-06,5.75e-06,5.75e-06,5.75e-06,84880117.0,488.06067275,2.0
2026-09-28 13:46:00+00:00,5.74e-06,5.74e-06,5.74e-06,5.74e-06,165287.0,0.94874738,1.0
2026-09-28 13:47:00+00:00,5.746081229421056e-06,5.746081229421056e-06,5.746081229421056e-06,5.746081229421056e-06,164077689.29074,942.8037306003015,5.0
2026-09-28 13:48:00+00:00,5.7499409796182946e-06,5.7499409796182946e-06,5.740137714223979e-06,5.740137714223979e-06,4498446.0,25.82169954,4.0
2026-09-28 13:49:00+00:00,5.730565097284458e-06,5.730565097284458e-06,5.730565097284458e-06,5.730565097284458e-06,5492899.70982,31.477419359978423,8.0
2026-09-28 13:50:00+00:00,5.7176725405477765e-06,5.717905286492999e-06,5.7099999999999995e-06,5.710232745945222e-06,36254252.195590004,207.02021806701453,6.0
2026-09-28 13:51:00+00:00,5.7099999999999995e-06,5.710219512909392e-06,5.7099999999999995e-06,5.710219512909392e-06,107229721.03852001,612.3052454379877,6.0
2026-09-28 13:52:00+00:00,5.7100258914925695e-06,5.7100258914925695e-06,5.700112196467801e-06,5.700112196467801e-06,1113267268.40252,6345.748334549597,11.0
2026-09-28 13:53:00+00:00,5.73e-06,5.73e-06,5.73e-06,5.73e-06,2464.0,0.014118720000000001,1.0
2026-09-28 13:54:00+00:00,5.73e-06,5.730948679821068e-06,5.73e-06,5.730948679821068e-06,96626826.0,553.7633809,7.0
2026-09-28 13:55:00+00:00,5.740000000000001e-06,5.740000000000001e-06,5.730000000000001e-06,5.730000000000001e-06,492444274.0,2821.7056900200005,7.0
2026-09-28 13:56:00+00:00,5.717086500137267e-06,5.717086500137267e-06,5.717086500137267e-06,5.717086500137267e-06,64366578.130468994,367.98929488973494,5.0
2026-09-28 13:57:00+00:00,5.719261916205302e-06,5.720042460904622e-06,5.717700826806664e-06,5.717700826806664e-06,24405038.216799997,139.54070719044557,6.0
2026-09-28 13:58:00+00:00,5.72e-06,5.72e-06,5.72e-06,5.72e-06,115966000.0,663.32552,2.0
2026-09-28 13:59:00+00:00,5.700659996064336e-06,5.700659996064336e-06,5.700659996064336e-06,5.700659996064336e-06,35953275.0,204.95739652,5.0
2026-09-28 14:00:00+00:00,5.7000000000000005e-06,5.7000000000000005e-06,5.7000000000000005e-06,5.7000000000000005e-06,302845599.50894,1726.219917200958,5.0
2026-09-28 14:01:00+00:00,5.69e-06,5.69e-06,5.69e-06,5.69e-06,62023811.0,352.91548459,4.0
2026-09-28 14:02:00+00:00,5.6961269986404444e-06,5.7e-06,5.6861269986404445e-06,5.6961269986404444e-06,430827179.0,2454.0463260499996,10.0
2026-09-28 14:03:00+00:00,5.69e-06,5.7e-06,5.69e-06,5.7e-06,36124974.0,205.91235179999998,2.0
2026-09-28 14:04:00+00:00,5.682824076100123e-06,5.682824076100123e-06,5.680812737450958e-06,5.680812737450958e-06,492086238.60949004,2795.4497722171222,12.0
2026-09-28 14:05:00+00:00,5.678248107726359e-06,5.682165405150906e-06,5.678041351287726e-06,5.680979324356137e-06,77111601.0,438.06941094900003,6.0
2026-09-28 14:06:00+00:00,5.675354680186243e-06,5.6846453198137585e-06,5.675354680186243e-06,5.6846453198137585e-06,200701372.0,1140.91611502,12.0
2026-09-28 14:07:00+00:00,5.7e-06,5.7e-06,5.7e-06,5.7e-06,616533017.0,3514.2381969,5.0
2026-09-28 14:08:00+00:00,5.7e-06,5.71e-06,5.7e-06,5.71e-06,414273706.0,2365.5028612600004,6.0
2026-09-28 14:09:00+00:00,5.709066579108313e-06,5.709066579108313e-06,5.691400131337532e-06,5.691400131337532e-06,7955064.981,45.275457877662,3.0
2026-09-28 14:10:00+00:00,5.69e-06,5.69e-06,5.68e-06,5.68e-06,114605763.0,650.96073384,2.0
2026-09-28 14:11:00+00:00,5.69e-06,5.699723721380744e-06,5.69e-06,5.699723721380744e-06,650587007.0,3708.16619662,8.0
2026-09-28 14:12:00+00:00,5.7e-06,5.7e-06,5.7e-06,5.7e-06,9852742.0,56.1606294,1.0
2026-09-28 14:13:00+00:00,5.695010639305912e-06,5.695010639305912e-06,5.695010639305912e-06,5.695010639305912e-06,5301589.19269,30.19260685759879,6.0
2026-09-28 14:14:00+00:00,5.689840614602974e-06,5.689840614602974e-06,5.6799203073014875e-06,5.689840614602974e-06,1199817948.0,6826.77289066,9.0
2026-09-28 14:15:00+00:00,5.677093778757974e-06,5.677093778757974e-06,5.66225007668793e-06,5.66225007668793e-06,161855790.45765,916.4679619312143,6.0
2026-09-28 14:16:00+00:00,5.6596400004981945e-06,5.667840002989165e-06,5.6596400004981945e-06,5.6600512566978285e-06,659719319.10462,3734.04516116594,16.0
2026-09-28 14:17:00+00:00,5.67e-06,5.67e-06,5.67e-06,5.67e-06,524369291.0,2973.17387997,5.0
2026-09-28 14:19:00+00:00,5.667901458249869e-06,5.668064236159302e-06,5.66693357632952e-06,5.667096354238953e-06,86891332.746114,492.42155502046637,10.0
2026-09-28 14:20:00+00:00,5.6551686099839055e-06,5.669964112255065e-06,5.650043862799366e-06,5.669964112255065e-06,726649586.0,4120.077074805,23.0
2026-09-28 14:21:00+00:00,5.6704720856048565e-06,5.679947546043905e-06,5.670419631648761e-06,5.670419631648761e-06,3374388.0,19.13419596,7.0
2026-09-28 14:22:00+00:00,5.68e-06,5.68e-06,5.68e-06,5.68e-06,450069278.0,2556.39349904,3.0
2026-09-28 14:23:00+00:00,5.679e-06,5.68e-06,5.679e-06,5.68e-06,32000000.0,181.76,2.0
2026-09-28 14:24:00+00:00,5.6702935414239645e-06,5.679965375447548e-06,5.6702935414239645e-06,5.679965375447548e-06,80635747.89418,458.00825606225993,6.0
2026-09-28 14:25:00+00:00,5.6799179247164084e-06,5.6799179247164084e-06,5.67019150899505e-06,5.67019150899505e-06,3234835.0,18.34213395,4.0
2026-09-28 14:26:00+00:00,5.676858235742281e-06,5.676858235742281e-06,5.676858235742281e-06,5.676858235742281e-06,1273170.0,7.2276056,2.0
2026-09-28 14:27:00+00:00,5.652917705504717e-06,5.652917705504717e-06,5.635835411009434e-06,5.635835411009434e-06,1035435696.0,5835.54516134,20.0
2026-09-28 14:28:00+00:00,5.6330106852594875e-06,5.6330106852594875e-06,5.624050220735705e-06,5.624050220735705e-06,521292721.66986,2931.776446375293,12.0
2026-09-28 14:29:00+00:00,5.618726019593094e-06,5.618726019593094e-06,5.600365901066547e-06,5.609390164889088e-06,2879724433.90989,16153.497917164934,53.0
2026-09-28 14:30:00+00:00,5.620026463700333e-06,5.629986768149835e-06,5.620026463700333e-06,5.629986768149835e-06,408665690.72923,2300.7824314023774,18.0
2026-09-28 14:31:00+00:00,5.623169502181764e-06,5.623169502181764e-06,5.612113001454509e-06,5.613521669090849e-06,9701872.423840001,54.4616710819808,8.0
2026-09-28 14:32:00+00:00,5.6100000000000005e-06,5.619724761042956e-06,5.609401778204921e-06,5.619724761042956e-06,1955686636.0,10990.420613170001,23.0
2026-09-28 14:33:00+00:00,5.61e-06,5.63e-06,5.61e-06,5.63e-06,80377846.0,452.52727298,4.0
2026-09-28 14:34:00+00:00,5.63e-06,5.639889476309159e-06,5.63e-06,5.639889476309159e-06,31952516.0,180.20865873000002,5.0
2026-09-28 14:35:00+00:00,5.638450915514587e-06,5.638450915514587e-06,5.621549084485414e-06,5.638450915514587e-06,178136430.0,1004.4135168200002,18.0
2026-09-28 14:36:00+00:00,5.64e-06,5.64e-06,5.64e-06,5.64e-06,145238095.0,819.1428558,3.0
2026-09-28 14:37:00+00:00,5.64e-06,5.64e-06,5.64e-06,5.64e-06,1650158600.0,9306.894504,7.0
2026-09-28 14:38:00+00:00,5.633536617225928e-06,5.634976921644499e-06,5.63137616059807e-06,5.634976921644499e-06,292575806.26598,1648.6579161403292,12.0
2026-09-28 14:39:00+00:00,5.63e-06,5.65e-06,5.63e-06,5.65e-06,25303508.0,142.9648202,5.0
2026-09-28 14:40:00+00:00,5.649538052477239e-06,5.649538052477239e-06,5.641847790091046e-06,5.641847790091046e-06,3333712.0,18.80829568,3.0
2026-09-28 14:41:00+00:00,5.637627655920547e-06,5.637627655920547e-06,5.630040528867499e-06,5.630040528867499e-06,13733421.0,77.31971683000002,7.0
2026-09-28 14:42:00+00:00,5.619896250969062e-06,5.629790985635382e-06,5.6001067816364215e-06,5.6001067816364215e-06,1199760411.0,6718.78641398,17.0
2026-09-28 14:43:00+00:00,5.599763821561023e-06,5.609515106261518e-06,5.5899741174225245e-06,5.5899741174225245e-06,1087090342.0,6076.80687508,24.0
2026-09-28 14:44:00+00:00,5.588548486540484e-06,5.591146236559072e-06,5.588133768409194e-06,5.591146236559072e-06,1317902729.62647,7368.586886901967,42.0
2026-09-28 14:45:00+00:00,5.59e-06,5.59e-06,5.59e-06,5.59e-06,17729521.0,99.10802239,1.0
2026-09-28 14:46:00+00:00,5.598800013237551e-06,5.598800013237551e-06,5.598800013237551e-06,5.598800013237551e-06,2205846.0,12.350090613999999,2.0
2026-09-28 14:47:00+00:00,5.593126199095421e-06,5.5989119374820425e-06,5.588139255560841e-06,5.5900659688641865e-06,1275991348.92235,7132.875816175936,31.0
2026-09-28 14:48:00+00:00,5.580308978841457e-06,5.5880895246081345e-06,5.580308978841457e-06,5.5880895246081345e-06,399954141.177033,2234.979546635021,15.0
2026-09-28 14:49:00+00:00,5.590011421941846e-06,5.590011421941846e-06,5.590009137553477e-06,5.590009137553477e-06,60137377.124863,336.16848763648363,5.0
2026-09-28 14:50:00+00:00,5.6e-06,5.6e-06,5.590045191675748e-06,5.590045191675748e-06,44255938.0,247.39269342,4.0
2026-09-28 14:51:00+00:00,5.599281557014913e-06,5.609281288038181e-06,5.571436079039981e-06,5.572153984071605e-06,1881203614.0,10482.356212600002,22.0
2026-09-28 14:52:00+00:00,5.572603975092499e-06,5.583423883610991e-06,5.5693176017221015e-06,5.581641501861092e-06,404920606.95793,2260.1216647551655,16.0
2026-09-28 14:53:00+00:00,5.5825035949992046e-06,5.587203377208824e-06,5.5605593245582345e-06,5.574140457651383e-06,3599336955.66905,20063.209745314616,50.0
2026-09-28 14:54:00+00:00,5.599363535158039e-06,5.599363535158039e-06,5.590619485423611e-06,5.590619485423611e-06,1877218014.44453,10494.811609941811,9.0
2026-09-28 14:55:00+00:00,5.58220284657707e-06,5.590000000000001e-06,5.577797153422931e-06,5.58220284657707e-06,232244195.0,1296.4342064300001,12.0
2026-09-28 14:56:00+00:00,5.5899560801362e-06,5.5899560801362e-06,5.585276419738305e-06,5.585276419738305e-06,285301444.2246,1593.4874289449417,4.0
2026-09-28 14:57:00+00:00,5.600000252940982e-06,5.619271259506278e-06,5.600000252940982e-06,5.60072418755605e-06,13649469723.27336,76446.91522645109,62.0
2026-09-28 14:58:00+00:00,5.61e-06,5.61e-06,5.59e-06,5.59e-06,93712656.0,523.85374704,3.0
2026-09-28 14:59:00+00:00,5.595029979217757e-06,5.595029979217757e-06,5.595029979217757e-06,5.595029979217757e-06,356028469.0,1991.9899575099998,6.0
2026-09-28 15:00:00+00:00,5.611759648342652e-06,5.612932747237752e-06,5.6111730988951006e-06,5.6111730988951006e-06,586128349.7248499,3288.8676284758576,10.0
2026-09-28 15:01:00+00:00,5.624730297535242e-06,5.628831004611986e-06,5.62e-06,5.623711041947407e-06,1972713498.56514,11093.970684479478,25.0
2026-09-28 15:02:00+00:00,5.6198728748608885e-06,5.619951710167404e-06,5.6198728748608885e-06,5.619951710167404e-06,637313181.36795,3581.6693035410394,9.0
2026-09-28 15:03:00+00:00,5.619172637166858e-06,5.619172637166858e-06,5.6190160946022125e-06,5.6190160946022125e-06,172137463.44966,967.2431776076396,4.0
2026-09-28 15:04:00+00:00,5.6154877816607995e-06,5.616343829262279e-06,5.603663221846156e-06,5.603663221846156e-06,2499768676.7670803,14007.86179712272,34.0
2026-09-28 15:05:00+00:00,5.6001040575937885e-06,5.609937667250948e-06,5.6001040575937885e-06,5.609937667250948e-06,138346654.73115999,776.116109514496,6.0
2026-09-28 15:06:00+00:00,5.602990901975282e-06,5.602990901975282e-06,5.602990901975282e-06,5.602990901975282e-06,10030419.0,56.2003464,5.0
2026-09-28 15:07:00+00:00,5.600896529767727e-06,5.600896529767727e-06,5.599820694046454e-06,5.600358611907091e-06,970622891.004711,5435.836266552391,17.0
2026-09-28 15:08:00+00:00,5.59730367543896e-06,5.59730367543896e-06,5.59730367543896e-06,5.59730367543896e-06,96999731.360821,542.9369528625151,5.0
2026-09-28 15:09:00+00:00,5.61290776422378e-06,5.6235219445526445e-06,5.61290776422378e-06,5.6235219445526445e-06,37616716.009532,211.53842796160797,17.0
2026-09-28 15:10:00+00:00,5.630199919024255e-06,5.63039983804851e-06,5.620866315771773e-06,5.621066234796028e-06,389623215.346422,2190.0979000764346,9.0
2026-09-28 15:11:00+00:00,5.610012143361338e-06,5.610012143361338e-06,5.5900728601680245e-06,5.5900728601680245e-06,476553485.29212,2663.968704549962,15.0
2026-09-28 15:12:00+00:00,5.590093233661309e-06,5.599942651798181e-06,5.590080204415476e-06,5.599929622552349e-06,3430805422.251015,19212.26891327668,34.0
2026-09-28 15:13:00+00:00,5.590182924837172e-06,5.590182924837172e-06,5.590182924837172e-06,5.590182924837172e-06,54667262.0,305.59999458,3.0
2026-09-28 15:14:00+00:00,5.595148800126053e-06,5.595148800126053e-06,5.595148800126053e-06,5.595148800126053e-06,20613457.0,115.33535919999998,3.0
2026-09-28 15:15:00+00:00,5.5891009982052064e-06,5.589107529236495e-06,5.5791227683095025e-06,5.589107529236495e-06,1546309266.400212,8642.488763365587,23.0
2026-09-28 15:16:00+00:00,5.58999077390394e-06,5.58999077390394e-06,5.58999077390394e-06,5.58999077390394e-06,187435742.04027,1047.7640687049482,5.0
2026-09-28 15:17:00+00:00,5.576628411751419e-06,5.576628411751419e-06,5.570064231782529e-06,5.570064231782529e-06,56047020.0,312.1855014,12.0
2026-09-28 15:18:00+00:00,5.579586487883963e-06,5.588612632150088e-06,5.569962407989451e-06,5.569962407989451e-06,185169665.0,1031.38807315,10.0
2026-09-28 15:19:00+00:00,5.579738843158322e-06,5.580821909297472e-06,5.579738843158322e-06,5.580821909297472e-06,11617046.74593,64.83266900101904,4.0
2026-09-28 15:20:00+00:00,5.57805697162477e-06,5.580836531346861e-06,5.57805697162477e-06,5.580836531346861e-06,414424972.0,2312.83802324,5.0
2026-09-28 15:21:00+00:00,5.579644891626794e-06,5.581419356956946e-06,5.577160640164581e-06,5.581419356956946e-06,2877284493.87179,16059.331369568077,35.0
2026-09-28 15:22:00+00:00,5.580716857856538e-06,5.581342007979108e-06,5.580716857856538e-06,5.581342007979108e-06,27490037.0,153.43129830899997,4.0
2026-09-28 15:23:00+00:00,5.57e-06,5.59e-06,5.57e-06,5.59e-06,9993323.0,55.86267557,5.0
2026-09-28 15:24:00+00:00,5.602456265796638e-06,5.6040215266104e-06,5.601621619968399e-06,5.603186880782161e-06,226549560.8668,1269.3995272958134,9.0
2026-09-28 15:25:00+00:00,5.604115594758572e-06,5.615042552013202e-06,5.602157595825555e-06,5.615042552013202e-06,525650217.62632,2951.548339446787,24.0
2026-09-28 15:26:00+00:00,5.609846177550646e-06,5.620515836774183e-06,5.609330340776463e-06,5.619484163225818e-06,574526775.61472,3228.5441169161118,14.0
2026-09-28 15:27:00+00:00,5.63e-06,5.63e-06,5.61e-06,5.62e-06,1066209979.0,5992.10008198,8.0
2026-09-28 15:28:00+00:00,5.62e-06,5.62e-06,5.62e-06,5.62e-06,19102.0,0.10735324,1.0
2026-09-28 15:29:00+00:00,5.627530022008034e-06,5.627530022008034e-06,5.627530022008034e-06,5.627530022008034e-06,19327488.0,108.76601897,3.0
2026-09-28 15:30:00+00:00,5.608606185755046e-06,5.608606185755046e-06,5.608606185755046e-06,5.608606185755046e-06,307028.0,1.7219991400000003,2.0
2026-09-28 15:31:00+00:00,5.61916819134017e-06,5.61916819134017e-06,5.61916819134017e-06,5.61916819134017e-06,66938375.0,376.1379875800001,3.0
2026-09-28 15:32:00+00:00,5.61e-06,5.62e-06,5.61e-06,5.62e-06,2768582.0,15.559430840000001,2.0
2026-09-28 15:33:00+00:00,5.610448167411303e-06,5.610448167411303e-06,5.610448167411303e-06,5.610448167411303e-06,79490881.66441,445.9794713599978,3.0
2026-09-28 15:34:00+00:00,5.612791522121218e-06,5.612791522121218e-06,5.612791522121218e-06,5.612791522121218e-06,367444697.0,2062.39048017,4.0
2026-09-28 15:35:00+00:00,5.618998047529381e-06,5.618998047529381e-06,5.61200065082354e-06,5.61499869835292e-06,543926238.72585,3054.1451224456473,15.0
2026-09-28 15:36:00+00:00,5.625665423443343e-06,5.637368975383756e-06,5.625665423443343e-06,5.634737950767512e-06,593601315.0,3344.7878572560003,14.0
2026-09-28 15:37:00+00:00,5.640033118755124e-06,5.640033118755124e-06,5.640033118755124e-06,5.640033118755124e-06,182457065.62573,1029.0638928799945,6.0
2026-09-28 15:38:00+00:00,5.65010902265364e-06,5.66e-06,5.65010902265364e-06,5.66e-06,32163132.0,182.04332712,7.0
2026-09-28 15:39:00+00:00,5.64e-06,5.64e-06,5.64e-06,5.64e-06,88833804.0,501.02265456000003,2.0
2026-09-28 15:40:00+00:00,5.64988900774465e-06,5.64988900774465e-06,5.629994450387232e-06,5.629994450387232e-06,2665704816.484,15007.903323175437,15.0
2026-09-28 15:41:00+00:00,5.629949835572707e-06,5.630050164427293e-06,5.629949835572707e-06,5.630050164427293e-06,987404789.89602,5559.138499710384,46.0
2026-09-28 15:42:00+00:00,5.639997887038436e-06,5.639997887038436e-06,5.6352210288812585e-06,5.639997887038436e-06,536008013.16503,3023.0840616864393,24.0
2026-09-28 15:43:00+00:00,5.634e-06,5.634e-06,5.634e-06,5.634e-06,34964100.0,196.98773939999998,2.0
2026-09-28 15:44:00+00:00,5.63320307066545e-06,5.63320307066545e-06,5.629029010095065e-06,5.629029010095065e-06,553102944.48979,3113.432520102028,7.0
2026-09-28 15:45:00+00:00,5.63345681057319e-06,5.6424464471975366e-06,5.63345681057319e-06,5.640811967811292e-06,4638419597.1374,26164.452775263075,60.0
2026-09-28 15:46:00+00:00,5.6404130500889104e-06,5.645272385136113e-06,5.6404130500889104e-06,5.645272385136113e-06,297484891.64837,1679.3832438177521,9.0
2026-09-28 15:47:00+00:00,5.641e-06,5.641e-06,5.641e-06,5.641e-06,3750000.0,21.15375,1.0
2026-09-28 15:48:00+00:00,5.64e-06,5.65e-06,5.64e-06,5.65e-06,597384160.0,3375.220504,8.0
2026-09-28 15:49:00+00:00,5.640998315769464e-06,5.642994947308392e-06,5.64e-06,5.642994947308392e-06,562554816.4295499,3174.4939866959503,5.0
2026-09-28 15:50:00+00:00,5.6498668740234745e-06,5.650137001858546e-06,5.6498668740234745e-06,5.650137001858546e-06,2943203985.877501,16629.505744624024,27.0
2026-09-28 15:51:00+00:00,5.65e-06,5.65e-06,5.65e-06,5.65e-06,54929247.0,310.35024555,1.0
2026-09-28 15:52:00+00:00,5.6377458184150515e-06,5.638690178487379e-06,5.6377458184150515e-06,5.638690178487379e-06,7744133.0,43.666766688,4.0
2026-09-28 15:53:00+00:00,5.644395197586465e-06,5.64827544541122e-06,5.644395197586465e-06,5.64827544541122e-06,529213945.56961,2989.146134130018,10.0
2026-09-28 15:54:00+00:00,5.6499197014648975e-06,5.6580574674815705e-06,5.6499197014648975e-06,5.6580574674815705e-06,67726441.0,383.200095246,4.0
2026-09-28 15:55:00+00:00,5.66e-06,5.66e-06,5.66e-06,5.66e-06,2783778.0,15.75618348,4.0
2026-09-28 15:56:00+00:00,5.650033159527646e-06,5.650606963485406e-06,5.640905399234223e-06,5.65057380395776e-06,1970356817.358017,11133.646616612796,29.0
2026-09-28 15:57:00+00:00,5.650078984370847e-06,5.650078984370847e-06,5.650078984370847e-06,5.650078984370847e-06,144073060.0,814.02416852,7.0
2026-09-28 15:58:00+00:00,5.6500265430021645e-06,5.6500265430021645e-06,5.6500265430021645e-06,5.6500265430021645e-06,65897218.0,372.32103081,4.0
2026-09-28 15:59:00+00:00,5.65e-06,5.65e-06,5.65e-06,5.65e-06,101701978.0,574.6161757,5.0
2026-09-28 16:00:00+00:00,5.642991478766184e-06,5.642991478766184e-06,5.642991478766184e-06,5.642991478766184e-06,426100266.48983,2404.480172902111,11.0
2026-09-28 16:01:00+00:00,5.656342384302254e-06,5.656342384302254e-06,5.6433351870472175e-06,5.643657615697746e-06,307681497.40235,1736.4490260240589,6.0
2026-09-28 16:02:00+00:00,5.640784766191735e-06,5.640784766191735e-06,5.640784766191735e-06,5.640784766191735e-06,62090213.0,350.23752762,4.0
2026-09-28 16:03:00+00:00,5.629994706711758e-06,5.629994706711758e-06,5.62999117785293e-06,5.62999117785293e-06,150473574.0,847.16489412,9.0
2026-09-28 16:04:00+00:00,5.63e-06,5.63e-06,5.63e-06,5.63e-06,39200000.0,220.696,3.0
2026-09-28 16:05:00+00:00,5.630225696782937e-06,5.630902787131747e-06,5.630225696782937e-06,5.6306770903488105e-06,50278714.0,283.103203052,4.0
2026-09-28 16:06:00+00:00,5.639919453743684e-06,5.639919453743684e-06,5.639919453743684e-06,5.639919453743684e-06,52098155.70136,293.8294018442677,2.0
2026-09-28 16:07:00+00:00,5.64e-06,5.650695327115195e-06,5.64e-06,5.650695327115195e-06,3382366024.0,19112.719886410003,39.0
2026-09-28 16:08:00+00:00,5.659745859715625e-06,5.66016942685625e-06,5.650592993996876e-06,5.650677707425001e-06,333054378.12284,1881.9829498190288,17.0
2026-09-28 16:09:00+00:00,5.6540570467789425e-06,5.6540570467789425e-06,5.653066554575432e-06,5.653066554575432e-06,45477835.0,257.089228013,4.0
2026-09-28 16:10:00+00:00,5.659606832769641e-06,5.659606832769641e-06,5.659606832769641e-06,5.659606832769641e-06,88523400.0,501.0076395,2.0
2026-09-28 16:11:00+00:00,5.659855470187164e-06,5.659855470187164e-06,5.65979765826203e-06,5.65979765826203e-06,92310696.538699,522.4598641022654,11.0
2026-09-28 16:12:00+00:00,5.651e-06,5.651e-06,5.651e-06,5.651e-06,202400.0,1.1437624,1.0
2026-09-28 16:14:00+00:00,5.652089453089952e-06,5.652089453089952e-06,5.651977636727512e-06,5.651977636727512e-06,429229488.0,2425.9954672000003,5.0
2026-09-28 16:15:00+00:00,5.6572873811820595e-06,5.6572873811820595e-06,5.6572873811820595e-06,5.6572873811820595e-06,15971599.0,90.35592548,2.0
2026-09-28 16:16:00+00:00,5.654496783920311e-06,5.665079944421672e-06,5.654073512262294e-06,5.662963586131585e-06,263088135.184,1489.858529490256,14.0
2026-09-28 16:17:00+00:00,5.669751888459163e-06,5.6983168781447916e-06,5.669751888459163e-06,5.6983168781447916e-06,601689017.63501,3428.6146845839367,22.0
2026-09-28 16:18:00+00:00,5.680463143961932e-06,5.680463143961932e-06,5.680463143961932e-06,5.680463143961932e-06,189517142.0,1076.54514028,3.0
2026-09-28 16:19:00+00:00,5.67e-06,5.673198634364805e-06,5.67e-06,5.673198634364805e-06,120214828.0,682.00259804,4.0
2026-09-28 16:20:00+00:00,5.719549845080796e-06,5.719699735075483e-06,5.719549845080796e-06,5.719699735075483e-06,35226367.250346,201.4842434294757,5.0
2026-09-28 16:21:00+00:00,5.701972881153571e-06,5.7090135594232146e-06,5.701972881153571e-06,5.7090135594232146e-06,166366442.31572998,949.7882750135025,12.0
2026-09-28 16:22:00+00:00,5.72e-06,5.72e-06,5.72e-06,5.72e-06,9720000.0,55.598400000000005,1.0
2026-09-28 16:23:00+00:00,5.712934675225149e-06,5.72832760759075e-06,5.712801803349791e-06,5.728128299777714e-06,314328370.0,1800.5132316200002,20.0
2026-09-28 16:24:00+00:00,5.729826072858518e-06,5.730000000000001e-06,5.720689195068973e-06,5.721713217426991e-06,2074093889.7056808,11867.370422913553,25.0
2026-09-28 16:25:00+00:00,5.724337201374518e-06,5.724337201374518e-06,5.724337201374518e-06,5.724337201374518e-06,5349230.86412,30.620801234222878,2.0
2026-09-28 16:26:00+00:00,5.732427013233068e-06,5.732427013233068e-06,5.732427013233068e-06,5.732427013233068e-06,198662336.67037,1138.8173452412314,3.0
2026-09-28 16:27:00+00:00,5.733499818015885e-06,5.74e-06,5.733499818015885e-06,5.74e-06,233619290.0,1340.9747246,5.0
2026-09-28 16:29:00+00:00,5.739060240362506e-06,5.739060240362506e-06,5.7299217185061015e-06,5.7299217185061015e-06,2668435910.44318,15289.92887768998,14.0
2026-09-28 16:30:00+00:00,5.730141287296862e-06,5.730440058976635e-06,5.730141287296862e-06,5.730440058976635e-06,119737587.0,686.14906511,5.0
2026-09-28 16:31:00+00:00,5.72e-06,5.72e-06,5.72e-06,5.72e-06,1886939332.0,10793.292979040001,35.0
2026-09-28 16:32:00+00:00,5.720135563150848e-06,5.720180750867797e-06,5.7106516341921705e-06,5.7106516341921705e-06,1747113942.3026,9977.159089730269,42.0
2026-09-28 16:33:00+00:00,5.714969247617271e-06,5.714969247617271e-06,5.714969247617271e-06,5.714969247617271e-06,422106154.0,2412.32368934,2.0
2026-09-28 16:34:00+00:00,5.714e-06,5.714e-06,5.714e-06,5.714e-06,255792.78963,1.46159999994582,1.0
2026-09-28 16:35:00+00:00,5.716e-06,5.716e-06,5.716e-06,5.716e-06,20306570.72,116.07235823552,1.0
2026-09-28 16:36:00+00:00,5.71e-06,5.71e-06,5.71e-06,5.71e-06,2393016.0,13.664121360000001,3.0
2026-09-28 16:37:00+00:00,5.70983265174702e-06,5.71e-06,5.70983265174702e-06,5.70983265174702e-06,519171957.0,2964.38499195,8.0
2026-09-28 16:38:00+00:00,5.69883134120302e-06,5.69883134120302e-06,5.698497438498796e-06,5.698497438498796e-06,14974422.0,85.33170541000001,9.0
2026-09-28 16:40:00+00:00,5.692301762630604e-06,5.692301762630604e-06,5.692301762630604e-06,5.692301762630604e-06,547836681.0,3118.45170489,5.0
2026-09-28 16:41:00+00:00,5.6821887965871675e-06,5.689756800379203e-06,5.6821887965871675e-06,5.6821887965871675e-06,36767582.0,208.920342518,9.0
2026-09-28 16:42:00+00:00,5.68e-06,5.69e-06,5.68e-06,5.68e-06,175393529.0,996.23524472,4.0
2026-09-28 16:43:00+00:00,5.6733179020537446e-06,5.6733179020537446e-06,5.6733179020537446e-06,5.6733179020537446e-06,3036072.32552,17.22460347630256,3.0
2026-09-28 16:44:00+00:00,5.68e-06,5.68e-06,5.67e-06,5.68e-06,19827192.0,112.61845056,4.0
2026-09-28 16:45:00+00:00,5.68e-06,5.68e-06,5.68e-06,5.68e-06,33578944.0,190.72840191999998,4.0
2026-09-28 16:46:00+00:00,5.677227978473621e-06,5.677227978473621e-06,5.6754209838552165e-06,5.6754209838552165e-06,3685772.8739099996,20.91831271031316,3.0
2026-09-28 16:47:00+00:00,5.66997590080618e-06,5.66997590080618e-06,5.66997590080618e-06,5.66997590080618e-06,374812870.0,2125.1799402119996,8.0
2026-09-28 16:48:00+00:00,5.669466622362871e-06,5.671600132911388e-06,5.667866489451482e-06,5.667866489451482e-06,374039724.38491,2120.0072195649,7.0
2026-09-28 16:49:00+00:00,5.668496646624494e-06,5.671002235583671e-06,5.668496646624494e-06,5.67e-06,125665549.85128999,712.5236676568143,9.0
2026-09-28 16:50:00+00:00,5.6717698468870076e-06,5.6717698468870076e-06,5.6717698468870076e-06,5.6717698468870076e-06,439236075.0,2491.2459258500003,2.0
2026-09-28 16:51:00+00:00,5.68e-06,5.68e-06,5.68e-06,5.68e-06,101952913.0,579.09254584,1.0
2026-09-28 16:52:00+00:00,5.670085132149107e-06,5.680042566074553e-06,5.670085132149107e-06,5.680042566074553e-06,40875040.0,232.17196708999998,5.0
2026-09-28 16:53:00+00:00,5.68e-06,5.68e-06,5.670171114566677e-06,5.68e-06,344283781.0,1955.5318760799998,5.0
2026-09-28 16:54:00+00:00,5.68022380560738e-06,5.68033570841107e-06,5.68022380560738e-06,5.68033570841107e-06,54984191.14809,312.3286643765955,4.0
2026-09-28 16:55:00+00:00,5.68e-06,5.68e-06,5.68e-06,5.68e-06,270689025.0,1537.5136619999998,13.0
2026-09-28 16:56:00+00:00,5.679999999999999e-06,5.679999999999999e-06,5.679999999999999e-06,5.679999999999999e-06,114222862.0,648.7858561599999,3.0
2026-09-28 16:57:00+00:00,5.661988894814076e-06,5.661988894814076e-06,5.661988894814076e-06,5.661988894814076e-06,5983871.0,33.88061115,2.0
2026-09-28 16:58:00+00:00,5.669988360626624e-06,5.674441087010425e-06,5.669988360626624e-06,5.674441087010425e-06,598047659.0,3393.58620822,11.0
2026-09-28 16:59:00+00:00,5.671402662874375e-06,5.6799568646648515e-06,5.671402662874375e-06,5.6799568646648515e-06,40721675.561567,231.2973606465774,5.0
2026-09-28 17:00:00+00:00,5.67e-06,5.67e-06,5.67e-06,5.67e-06,256371930.0,1453.6288431,19.0
2026-09-28 17:01:00+00:00,5.665053547566893e-06,5.67e-06,5.6601070951337866e-06,5.6601070951337866e-06,197880793.0,1120.0264804500002,9.0
2026-09-28 17:02:00+00:00,5.659819382872647e-06,5.669728221944982e-06,5.659640470473272e-06,5.669728221944982e-06,1553456056.167,8807.67364320139,18.0
2026-09-28 17:03:00+00:00,5.674865883903345e-06,5.674865883903345e-06,5.662217083589702e-06,5.662217083589702e-06,1254345665.25925,7102.377454557614,22.0
2026-09-28 17:04:00+00:00,5.650193306165491e-06,5.659961338766901e-06,5.650193306165491e-06,5.659961338766901e-06,133261716.27602,754.2561620599971,11.0
2026-09-28 17:05:00+00:00,5.66e-06,5.66e-06,5.66e-06,5.66e-06,59281300.0,335.532158,3.0
2026-09-28 17:06:00+00:00,5.65e-06,5.652564754585231e-06,5.64e-06,5.645129509170462e-06,386471667.0,2181.68261184,15.0
2026-09-28 17:07:00+00:00,5.65e-06,5.650391079779538e-06,5.65e-06,5.650391079779538e-06,225018026.0,1271.4398469,7.0
2026-09-28 17:08:00+00:00,5.64e-06,5.64e-06,5.64e-06,5.64e-06,70642762.0,398.42517768,5.0
2026-09-28 17:10:00+00:00,5.64099539374707e-06,5.641990787494141e-06,5.64e-06,5.64e-06,51666941.363189995,291.4015492883916,6.0
2026-09-28 17:11:00+00:00,5.642995960814497e-06,5.6774872006938e-06,5.64097777642375e-06,5.6774872006938e-06,5809799572.20801,32985.06270980729,94.0
2026-09-28 17:12:00+00:00,5.687616797949783e-06,5.707163525408767e-06,5.687616797949783e-06,5.7050552627960944e-06,2327640276.8679495,13279.316411441654,57.0
2026-09-28 17:13:00+00:00,5.704780275154057e-06,5.7201116815663e-06,5.704780275154057e-06,5.7201116815663e-06,249312406.0,1426.09480592,11.0
2026-09-28 17:14:00+00:00,5.723880758446657e-06,5.738275598530393e-06,5.72215635697705e-06,5.735516556179021e-06,2584178790.97816,14821.600239781923,21.0
2026-09-28 17:15:00+00:00,5.733043319269366e-06,5.733043319269366e-06,5.729199663044545e-06,5.729199663044545e-06,51362970.165,294.268711362285,5.0
2026-09-28 17:16:00+00:00,5.729999999999999e-06,5.730054893140231e-06,5.729999999999999e-06,5.730054893140231e-06,539558857.0,3091.70186869,15.0
2026-09-28 17:17:00+00:00,5.736464593775915e-06,5.736464593775915e-06,5.721631725949578e-06,5.721631725949578e-06,63057292.381503,360.7906046424862,5.0
2026-09-28 17:18:00+00:00,5.72e-06,5.72e-06,5.7e-06,5.709682213844091e-06,126414286.0,721.78540035,11.0
2026-09-28 17:19:00+00:00,5.7e-06,5.71e-06,5.7e-06,5.7e-06,1065872079.0,6075.470850299999,27.0
2026-09-28 17:20:00+00:00,5.703e-06,5.704e-06,5.703e-06,5.704e-06,18506668.0,105.562034272,3.0
2026-09-28 17:21:00+00:00,5.7e-06,5.71e-06,5.7e-06,5.71e-06,3416925.0,19.51064175,2.0
2026-09-28 17:22:00+00:00,5.71e-06,5.71e-06,5.700126181112547e-06,5.71e-06,207671255.0,1185.8028660500001,6.0
2026-09-28 17:23:00+00:00,5.719958693813883e-06,5.729752162883296e-06,5.710165224744471e-06,5.710165224744471e-06,337039105.0,1924.5489767500003,20.0
2026-09-28 17:24:00+00:00,5.710000000000001e-06,5.710000000000001e-06,5.710000000000001e-06,5.710000000000001e-06,17952976.0,102.51149296000003,4.0
2026-09-28 17:25:00+00:00,5.71e-06,5.71e-06,5.71e-06,5.71e-06,69332797.0,395.89027087000005,2.0
2026-09-28 17:26:00+00:00,5.700078711054642e-06,5.700104948072856e-06,5.700078711054642e-06,5.700104948072856e-06,195460746.584142,1114.1467687582824,14.0
2026-09-28 17:27:00+00:00,5.698972766344695e-06,5.698972766344695e-06,5.698972766344695e-06,5.698972766344695e-06,24658460.0,140.527892,4.0
2026-09-28 17:28:00+00:00,5.69e-06,5.69e-06,5.69e-06,5.69e-06,3000000.0,17.07,1.0
2026-09-28 17:29:00+00:00,5.699904643478629e-06,5.700095356521372e-06,5.699904643478629e-06,5.700095356521372e-06,85904686.01389,489.66490185120085,5.0
2026-09-28 17:30:00+00:00,5.709962713734105e-06,5.709975142489403e-06,5.709962713734105e-06,5.709975142489403e-06,619246767.848984,3535.883651484605,27.0
2026-09-28 17:31:00+00:00,5.701456123326066e-06,5.701456123326066e-06,5.701456123326066e-06,5.701456123326066e-06,23902165.0,136.27714499999996,3.0
2026-09-28 17:32:00+00:00,5.71e-06,5.71e-06,5.71e-06,5.71e-06,1653713292.0,9442.702897320001,12.0
2026-09-28 17:34:00+00:00,5.7e-06,5.7e-06,5.7e-06,5.7e-06,66609713.0,379.67536409999997,2.0
2026-09-28 17:35:00+00:00,5.699e-06,5.699e-06,5.699e-06,5.699e-06,4850412.20838,27.642499175557617,1.0
2026-09-28 17:36:00+00:00,5.705001862292495e-06,5.707037878079236e-06,5.705001862292495e-06,5.707037878079236e-06,651961613.680551,3720.7696243285664,15.0
2026-09-28 17:37:00+00:00,5.7000117336110646e-06,5.7000117336110646e-06,5.7000117336110646e-06,5.7000117336110646e-06,90255250.0,514.4559840200001,6.0
2026-09-28 17:38:00+00:00,5.704010991303742e-06,5.705007775555361e-06,5.702017422800505e-06,5.705007775555361e-06,351732432.35347,2006.6362614915465,10.0
2026-09-28 17:39:00+00:00,5.709996722394225e-06,5.709996722394225e-06,5.709996722394225e-06,5.709996722394225e-06,100642366.0,574.667579994,5.0
2026-09-28 17:40:00+00:00,5.710678627255605e-06,5.710678627255605e-06,5.710678627255605e-06,5.710678627255605e-06,20115063.0,114.87066036,2.0
2026-09-28 17:41:00+00:00,5.71e-06,5.71e-06,5.7e-06,5.71e-06,1893955.0,10.814483050000002,3.0
2026-09-28 17:42:00+00:00,5.71010074866663e-06,5.71010074866663e-06,5.71010074866663e-06,5.71010074866663e-06,276366933.0,1578.0830310300003,8.0
2026-09-28 17:43:00+00:00,5.71e-06,5.71e-06,5.71e-06,5.71e-06,53497766.0,305.47224386000005,3.0
2026-09-28 17:44:00+00:00,5.714e-06,5.714e-06,5.714e-06,5.714e-06,6960900.0,39.7745826,1.0
2026-09-28 17:45:00+00:00,5.71e-06,5.71e-06,5.71e-06,5.71e-06,3166270.0,18.079401700000002,1.0
2026-09-28 17:46:00+00:00,5.710105638322827e-06,5.710105638322827e-06,5.710105638322827e-06,5.710105638322827e-06,54851275.77814,313.20657908995753,3.0
2026-09-28 17:47:00+00:00,5.705040007554504e-06,5.705040007554504e-06,5.704961078853675e-06,5.705040007554504e-06,191428971.22596,1092.1099394491016,5.0
2026-09-28 17:48:00+00:00,5.7099999999999995e-06,5.7099999999999995e-06,5.7099999999999995e-06,5.7099999999999995e-06,2232370.0,12.746832699999999,5.0
2026-09-28 17:49:00+00:00,5.71e-06,5.71e-06,5.7e-06,5.7e-06,3209572.0,18.294560399999998,2.0
2026-09-28 17:50:00+00:00,5.700004931941246e-06,5.700004931941246e-06,5.700004931941246e-06,5.700004931941246e-06,181350134.06875,1033.696658600081,6.0
2026-09-28 17:51:00+00:00,5.699999999999999e-06,5.699999999999999e-06,5.694946619744037e-06,5.694946619744037e-06,1242149375.81218,7073.97438899874,20.0
2026-09-28 17:52:00+00:00,5.70403351120953e-06,5.70403351120953e-06,5.70403351120953e-06,5.70403351120953e-06,97848393.0,558.1305126899999,2.0
2026-09-28 17:53:00+00:00,5.7e-06,5.7e-06,5.7e-06,5.7e-06,401103.0,2.2862871,3.0
2026-09-28 17:54:00+00:00,5.71e-06,5.71e-06,5.71e-06,5.71e-06,1483952704.0,8473.36993984,7.0
2026-09-28 17:55:00+00:00,5.71e-06,5.71e-06,5.7e-06,5.7e-06,180489806.0,1028.7918942,6.0
2026-09-28 17:56:00+00:00,5.71e-06,5.71e-06,5.71e-06,5.71e-06,262763749.0,1500.3810067900001,3.0
2026-09-28 17:58:00+00:00,5.71e-06,5.71e-06,5.71e-06,5.71e-06,30686797.0,175.22161087,1.0
2026-09-28 17:59:00+00:00,5.72e-06,5.72e-06,5.71e-06,5.71e-06,12639661.0,72.17246431000001,2.0
2026-09-28 18:00:00+00:00,5.71e-06,5.71e-06,5.71e-06,5.71e-06,69175416.0,394.99162536,4.0
2026-09-28 18:01:00+00:00,5.7e-06,5.7e-06,5.7e-06,5.7e-06,125556858.0,715.6740906,4.0
2026-09-28 18:03:00+00:00,5.72e-06,5.72e-06,5.72e-06,5.72e-06,61206.0,0.35009832,1.0
2026-09-28 18:04:00+00:00,5.72e-06,5.72e-06,5.72e-06,5.72e-06,81562500.0,466.5375,1.0
2026-09-28 18:05:00+00:00,5.73e-06,5.73e-06,5.73e-06,5.73e-06,4271595.0,24.47623935,3.0
2026-09-28 18:07:00+00:00,5.7205226128054106e-06,5.7205226128054106e-06,5.7205226128054106e-06,5.7205226128054106e-06,37030934.20625,211.8362965001625,3.0
2026-09-28 18:08:00+00:00,5.728e-06,5.728e-06,5.728e-06,5.728e-06,42435405.02793,243.06999999998303,1.0
2026-09-28 18:09:00+00:00,5.73e-06,5.73e-06,5.73e-06,5.73e-06,49973.0,0.28634529000000003,1.0
2026-09-28 18:10:00+00:00,5.7270924286070954e-06,5.73e-06,5.7270924286070954e-06,5.73e-06,94174942.559,539.62242086307,5.0
2026-09-28 18:11:00+00:00,5.729989664330402e-06,5.729989664330402e-06,5.729989664330402e-06,5.729989664330402e-06,6968102.0,39.92715244,2.0
2026-09-28 18:12:00+00:00,5.738e-06,5.738e-06,5.738e-06,5.738e-06,9204052.438,52.81285288924399,1.0
2026-09-28 18:14:00+00:00,5.739510457432797e-06,5.739510457432797e-06,5.739510457432797e-06,5.739510457432797e-06,28438385.0,163.2224081,3.0
2026-09-28 18:15:00+00:00,5.73e-06,5.73e-06,5.73e-06,5.73e-06,9424083.0,53.999995590000005,1.0
2026-09-28 18:16:00+00:00,5.739413666150943e-06,5.74e-06,5.739413666150943e-06,5.74e-06,175808695.59209,1009.1419126985967,12.0
2026-09-28 18:17:00+00:00,5.740677687289164e-06,5.7417257571628766e-06,5.739814808707726e-06,5.740862878581438e-06,26800255.12088,153.85658975997208,6.0
2026-09-28 18:18:00+00:00,5.732736417032731e-06,5.735460260645457e-06,5.732736417032731e-06,5.735460260645457e-06,1873644.876035,10.746215729060726,10.0
2026-09-28 18:19:00+00:00,5.7306112262325305e-06,5.7306112262325305e-06,5.73e-06,5.7306112262325305e-06,460058741.01035,2636.417785960316,9.0
2026-09-28 18:20:00+00:00,5.72324171998056e-06,5.72324171998056e-06,5.72324171998056e-06,5.72324171998056e-06,7510550.0,42.984693099999994,3.0
2026-09-28 18:21:00+00:00,5.72e-06,5.72e-06,5.72e-06,5.72e-06,9354100.0,53.505452000000005,2.0
2026-09-28 18:22:00+00:00,5.720884281348755e-06,5.720884281348755e-06,5.720110535168594e-06,5.720110535168594e-06,22679881.528447002,129.7314292672453,18.0
2026-09-28 18:23:00+00:00,5.724921746195698e-06,5.724921746195698e-06,5.724921746195698e-06,5.724921746195698e-06,335111695.0,1918.4882301100004,9.0
2026-09-28 18:24:00+00:00,5.727225254972021e-06,5.727225254972021e-06,5.727225254972021e-06,5.727225254972021e-06,19604504.0,112.27941042,3.0
2026-09-28 18:25:00+00:00,5.729999999999999e-06,5.729999999999999e-06,5.724100130722601e-06,5.724100130722601e-06,42444076.0,242.95414098,4.0
2026-09-28 18:26:00+00:00,5.73e-06,5.73e-06,5.73e-06,5.73e-06,34543117.0,197.93206041000002,2.0
2026-09-28 18:27:00+00:00,5.73e-06,5.73e-06,5.73e-06,5.73e-06,17270407.0,98.95943211000001,1.0
2026-09-28 18:28:00+00:00,5.72e-06,5.72e-06,5.72e-06,5.72e-06,148391918.0,848.80177096,2.0
2026-09-28 18:29:00+00:00,5.72e-06,5.73e-06,5.72e-06,5.73e-06,54241083.0,310.80140559,7.0
2026-09-28 18:30:00+00:00,5.721092150170649e-06,5.721092150170649e-06,5.72e-06,5.72e-06,91562500.0,523.7375000000001,3.0
2026-09-28 18:31:00+00:00,5.719996496334525e-06,5.719996496334525e-06,5.700003503665475e-06,5.700003503665475e-06,49987649.0,284.92977443999996,7.0
2026-09-28 18:32:00+00:00,5.71e-06,5.71e-06,5.71e-06,5.71e-06,52029047.0,297.08585837000004,4.0
2026-09-28 18:33:00+00:00,5.701205869454431e-06,5.709120586945443e-06,5.699447043345318e-06,5.706482347781772e-06,448530376.16338,2559.5306740202464,14.0
2026-09-28 18:34:00+00:00,5.710944394948241e-06,5.711849955453417e-06,5.704566636968945e-06,5.705511031917186e-06,733138451.5445601,4182.92952321017,19.0
2026-09-28 18:35:00+00:00,5.718789540519953e-06,5.718789540519953e-06,5.71e-06,5.718789540519953e-06,57506262.0,328.86620964,6.0
2026-09-28 18:36:00+00:00,5.71e-06,5.711737228405107e-06,5.708262771594894e-06,5.711737228405107e-06,105790879.0,604.2497020100001,15.0
2026-09-28 18:37:00+00:00,5.72e-06,5.72e-06,5.72e-06,5.72e-06,51959807.0,297.21009604,13.0
2026-09-28 18:38:00+00:00,5.72e-06,5.72e-06,5.71e-06,5.72e-06,72079705.0,412.2959126,4.0
2026-09-28 18:39:00+00:00,5.71e-06,5.71e-06,5.71e-06,5.71e-06,233802727.0,1335.01357117,7.0
2026-09-28 18:40:00+00:00,5.700004960010974e-06,5.709956328032857e-06,5.690063512011039e-06,5.700014880032922e-06,563009578.68881,3209.162976127283,13.0
2026-09-28 18:41:00+00:00,5.709572562722063e-06,5.709572562722063e-06,5.709572562722063e-06,5.709572562722063e-06,73879705.0,421.82153661,7.0
2026-09-28 18:42:00+00:00,5.70988880674552e-06,5.70988880674552e-06,5.70016678988172e-06,5.70988880674552e-06,73985819.0,422.450799766,6.0
2026-09-28 18:43:00+00:00,5.700232152553732e-06,5.7096517711694e-06,5.700232152553732e-06,5.7096517711694e-06,63943601.60168,365.0956981399827,7.0
2026-09-28 18:44:00+00:00,5.7098255423792095e-06,5.719476627137628e-06,5.7098255423792095e-06,5.719476627137628e-06,53811970.6748,307.776308534734,6.0
2026-09-28 18:45:00+00:00,5.71e-06,5.72e-06,5.71e-06,5.71e-06,53616884.0,306.15240764000004,4.0
2026-09-28 18:46:00+00:00,5.71e-06,5.71e-06,5.71e-06,5.71e-06,150926379.0,861.7896240900001,6.0
2026-09-28 18:47:00+00:00,5.708515750197092e-06,5.717031500394184e-06,5.708515750197092e-06,5.717031500394184e-06,214233618.08332,1224.7803430257575,14.0
2026-09-28 18:48:00+00:00,5.712315193001628e-06,5.712315193001628e-06,5.712315193001628e-06,5.712315193001628e-06,34358559.927,196.26692388065902,2.0
2026-09-28 18:49:00+00:00,5.715568398025975e-06,5.715568398025975e-06,5.715568398025975e-06,5.715568398025975e-06,39248333.0,224.32653177,3.0
2026-09-28 18:50:00+00:00,5.710456343382245e-06,5.720076057230375e-06,5.710456343382245e-06,5.720076057230375e-06,112264029.58025,642.1587876901906,6.0
2026-09-28 18:51:00+00:00,5.714945820283385e-06,5.716924148396738e-06,5.714945820283385e-06,5.716924148396738e-06,21457938.0,122.673403927,3.0
2026-09-28 18:52:00+00:00,5.719977429828203e-06,5.719977429828203e-06,5.719977429828203e-06,5.719977429828203e-06,444460507.0,2542.30406849,5.0
2026-09-28 18:53:00+00:00,5.721085639553649e-06,5.721085639553649e-06,5.721085639553649e-06,5.721085639553649e-06,98523400.0,563.6608089,3.0
2026-09-28 18:54:00+00:00,5.72e-06,5.72e-06,5.72e-06,5.72e-06,22806196.0,130.45144112,4.0
2026-09-28 18:55:00+00:00,5.72e-06,5.72e-06,5.72e-06,5.72e-06,874125.87413,5.000000000023601,1.0
2026-09-28 18:57:00+00:00,5.7157645401240294e-06,5.716725296811367e-06,5.7157645401240294e-06,5.716725296811367e-06,54619751.86636,312.2461171999801,6.0
2026-09-28 18:58:00+00:00,5.719337665178909e-06,5.720000000000001e-06,5.719337665178909e-06,5.720000000000001e-06,131976433.41258,754.9051991199577,7.0
2026-09-28 18:59:00+00:00,5.72e-06,5.72e-06,5.716204410270542e-06,5.716204410270542e-06,70954468.0,405.59024291000003,5.0
2026-09-28 19:00:00+00:00,5.710379018849124e-06,5.710379018849124e-06,5.710379018849124e-06,5.710379018849124e-06,20014299.45775,114.28923570049899,2.0
2026-09-28 19:02:00+00:00,5.697956020512546e-06,5.697956020512546e-06,5.69e-06,5.697956020512546e-06,182978167.0,1042.60154828,6.0
2026-09-28 19:03:00+00:00,5.7e-06,5.7e-06,5.7e-06,5.7e-06,12081474.0,68.8644018,1.0
2026-09-28 19:05:00+00:00,5.692933332472309e-06,5.692933332472309e-06,5.69196192603616e-06,5.69196192603616e-06,180856504.17146,1029.4283358199502,6.0
2026-09-28 19:06:00+00:00,5.694033789774816e-06,5.694610045456933e-06,5.694033789774816e-06,5.694610045456933e-06,15229749.94033,86.72748700000035,7.0
2026-09-28 19:07:00+00:00,5.685e-06,5.69e-06,5.685e-06,5.69e-06,26333626.080560002,149.8383323983864,3.0
2026-09-28 19:09:00+00:00,5.680000000000001e-06,5.680000000000001e-06,5.680000000000001e-06,5.680000000000001e-06,66318304.0,376.68796672,5.0
2026-09-28 19:10:00+00:00,5.670137239379559e-06,5.670137239379559e-06,5.670137239379559e-06,5.670137239379559e-06,43719230.0,247.8940341,4.0
2026-09-28 19:12:00+00:00,5.67e-06,5.67e-06,5.67e-06,5.67e-06,2972.0,0.01685124,1.0
2026-09-28 19:13:00+00:00,5.680419001626579e-06,5.68058660227721e-06,5.680419001626579e-06,5.68058660227721e-06,746212048.41132,4238.922164663177,11.0
2026-09-28 19:14:00+00:00,5.680788969537287e-06,5.68236690861186e-06,5.680788969537287e-06,5.68236690861186e-06,13694231.45287,77.81564764666021,6.0
2026-09-28 19:15:00+00:00,5.6800027541463955e-06,5.680098577681798e-06,5.6800027541463955e-06,5.680098577681798e-06,91861493.0294,521.7823359000214,5.0
2026-09-28 19:16:00+00:00,5.680000454358097e-06,5.680000454358097e-06,5.670007588324141e-06,5.680000454358097e-06,1726031643.1133,9803.860517119996,10.0
2026-09-28 19:17:00+00:00,5.670245069703502e-06,5.670245069703502e-06,5.670245069703502e-06,5.670245069703502e-06,227230046.0,1288.45004802,3.0
2026-09-28 19:18:00+00:00,5.67e-06,5.67e-06,5.67e-06,5.67e-06,2518447.0,14.27959449,1.0
2026-09-28 19:19:00+00:00,5.68e-06,5.68e-06,5.67e-06,5.67e-06,12574295.0,71.29625265,3.0
2026-09-28 19:20:00+00:00,5.675909147884133e-06,5.676727318307307e-06,5.67263646619144e-06,5.67509097746096e-06,43997242.58076,249.68835440323227,8.0
2026-09-28 19:21:00+00:00,5.67e-06,5.670056924618413e-06,5.67e-06,5.670056924618413e-06,6042654.9125500005,34.2621973299836,10.0
2026-09-28 19:22:00+00:00,5.669e-06,5.669e-06,5.669e-06,5.669e-06,498045.0,2.8234171050000003,1.0
2026-09-28 19:23:00+00:00,5.67e-06,5.67e-06,5.67e-06,5.67e-06,7212340.0,40.8939678,1.0
2026-09-28 19:24:00+00:00,5.67e-06,5.67e-06,5.67e-06,5.67e-06,986372.0,5.59272924,2.0
2026-09-28 19:25:00+00:00,5.669990347061067e-06,5.679795399155631e-06,5.669990347061067e-06,5.679795399155631e-06,105996418.98652,602.0379728866088,6.0
2026-09-28 19:26:00+00:00,5.67e-06,5.67e-06,5.67e-06,5.67e-06,86234704.0,488.95077168,2.0
2026-09-28 19:27:00+00:00,5.660350225780359e-06,5.67e-06,5.660350225780359e-06,5.67e-06,95521152.0,541.60493184,4.0
2026-09-28 19:28:00+00:00,5.670000000000001e-06,5.670000000000001e-06,5.670000000000001e-06,5.670000000000001e-06,25423810.0,144.15300270000003,2.0
2026-09-28 19:29:00+00:00,5.66443446004191e-06,5.665321352050292e-06,5.663547568033528e-06,5.663547568033528e-06,7847853.960649999,44.44669421312159,9.0
2026-09-28 19:30:00+00:00,5.66e-06,5.66e-06,5.66e-06,5.66e-06,545368.0,3.08678288,1.0
2026-09-28 19:31:00+00:00,5.661847066880611e-06,5.6627706003209165e-06,5.661847066880611e-06,5.6627706003209165e-06,191207019.88504,1082.7614907799814,5.0
2026-09-28 19:32:00+00:00,5.660536197727803e-06,5.660536197727803e-06,5.660536197727803e-06,5.660536197727803e-06,6516514.0,36.88696338,4.0
2026-09-28 19:33:00+00:00,5.65992274423718e-06,5.65992274423718e-06,5.651200905392489e-06,5.651200905392489e-06,58580782.0,331.051768277,5.0
2026-09-28 19:34:00+00:00,5.66e-06,5.66e-06,5.66e-06,5.66e-06,319774.0,1.80992084,1.0
2026-09-28 19:35:00+00:00,5.65e-06,5.65e-06,5.64e-06,5.64e-06,634790472.0,3580.21826208,9.0
2026-09-28 19:36:00+00:00,5.65e-06,5.650997207613327e-06,5.644016754320039e-06,5.644016754320039e-06,258083168.39343998,1456.6257264205751,7.0
2026-09-28 19:37:00+00:00,5.64e-06,5.64e-06,5.64e-06,5.64e-06,6353211.0,35.83211004,6.0
2026-09-28 19:38:00+00:00,5.631334023471567e-06,5.631334023471567e-06,5.62e-06,5.62e-06,803861163.19421,4517.699737151461,23.0
2026-09-28 19:39:00+00:00,5.6196029755605095e-06,5.620264682959662e-06,5.6007940488789816e-06,5.601323414798303e-06,3695849135.87082,20701.646302315297,62.0
2026-09-28 19:40:00+00:00,5.612e-06,5.612e-06,5.608e-06,5.608e-06,476539420.89313996,2672.433072368729,2.0
2026-09-28 19:41:00+00:00,5.600021133037695e-06,5.609760941865629e-06,5.590281324209761e-06,5.609760941865629e-06,988154202.0,5543.308846919999,11.0
2026-09-28 19:42:00+00:00,5.609844069824807e-06,5.609844069824807e-06,5.609844069824807e-06,5.609844069824807e-06,1333738.0,7.482062209999999,2.0
2026-09-28 19:43:00+00:00,5.62e-06,5.62e-06,5.62e-06,5.62e-06,602799500.0,3387.7331900000004,8.0
2026-09-28 19:44:00+00:00,5.608e-06,5.61e-06,5.608e-06,5.61e-06,4973304.67022,27.900239199934198,2.0
2026-09-28 19:45:00+00:00,5.618610587349202e-06,5.618610587349202e-06,5.618610587349202e-06,5.618610587349202e-06,1232112.0,6.922757528,3.0
2026-09-28 19:46:00+00:00,5.618178699055722e-06,5.622727078485293e-06,5.616359347283893e-06,5.622727078485293e-06,1946322691.7386649,10943.641302309374,24.0
2026-09-28 19:47:00+00:00,5.62e-06,5.62e-06,5.62e-06,5.62e-06,832154.0,4.676705480000001,1.0
2026-09-28 19:48:00+00:00,5.615927347174213e-06,5.615927347174213e-06,5.610166847402835e-06,5.613047097288524e-06,31887101.085184,178.9838001871378,24.0
2026-09-28 19:49:00+00:00,5.610745176885448e-06,5.610745176885448e-06,5.610745176885448e-06,5.610745176885448e-06,3876889.953359,21.75224160712466,3.0
2026-09-28 19:50:00+00:00,5.619999950833241e-06,5.628383345155593e-06,5.619999950833241e-06,5.628383345155593e-06,371207817.542683,2089.2998978487935,15.0
2026-09-28 19:51:00+00:00,5.620001054749539e-06,5.629999736312616e-06,5.620001054749539e-06,5.629999736312616e-06,41454384.49911,233.3881737989911,6.0
2026-09-28 19:52:00+00:00,5.632973383180231e-06,5.64e-06,5.632973383180231e-06,5.64e-06,1180682.0,6.659046480000001,5.0
2026-09-28 19:53:00+00:00,5.635e-06,5.637e-06,5.635e-06,5.637e-06,1219326.4339100001,6.873343107950672,2.0
2026-09-28 19:54:00+00:00,5.63884321124014e-06,5.63884321124014e-06,5.63e-06,5.630385596253287e-06,111187441.41013,626.0281685998522,8.0
2026-09-28 19:55:00+00:00,5.632441311301643e-06,5.633348196518583e-06,5.632441311301643e-06,5.633348196518583e-06,19077905.644432,107.4724853554127,6.0
2026-09-28 19:56:00+00:00,5.627e-06,5.627e-06,5.627e-06,5.627e-06,1247877.0,7.021803878999999,1.0
2026-09-28 19:57:00+00:00,5.625e-06,5.625e-06,5.625e-06,5.625e-06,356622.22223,2.00600000004375,1.0
2026-09-28 19:58:00+00:00,5.63e-06,5.63e-06,5.63e-06,5.63e-06,527530.0,2.9699939,3.0
2026-09-28 19:59:00+00:00,5.63e-06,5.63e-06,5.63e-06,5.63e-06,879218.0,4.94999734,2.0
2026-09-28 20:00:00+00:00,5.62e-06,5.62e-06,5.62e-06,5.62e-06,7333925.0,41.2166585,1.0
2026-09-28 20:01:00+00:00,5.619647108572691e-06,5.621764457136542e-06,5.613176022845775e-06,5.614234697127699e-06,649854044.1997,3648.433123014713,14.0
2026-09-28 20:02:00+00:00,5.6135559780009835e-06,5.6171119560019665e-06,5.6135559780009835e-06,5.6171119560019665e-06,2637027.0,14.812475889999998,4.0
2026-09-28 20:03:00+00:00,5.630050702313685e-06,5.630171017433648e-06,5.630050702313685e-06,5.630171017433648e-06,65720932.928254,370.02009181135634,25.0
2026-09-28 20:04:00+00:00,5.64e-06,5.64e-06,5.64e-06,5.64e-06,200000.0,1.1280000000000001,1.0
2026-09-28 20:05:00+00:00,5.65029060361586e-06,5.652229222520969e-06,5.65029060361586e-06,5.652229222520969e-06,182936026.81038,1033.9963565895093,16.0
2026-09-28 20:06:00+00:00,5.657025236365964e-06,5.657025236365964e-06,5.657025236365964e-06,5.657025236365964e-06,44567946.17765,252.12199625996604,3.0
2026-09-28 20:07:00+00:00,5.67e-06,5.67e-06,5.67e-06,5.67e-06,57931.0,0.32846877,1.0
2026-09-28 20:08:00+00:00,5.661248803329682e-06,5.661248803329682e-06,5.661248803329682e-06,5.661248803329682e-06,4242097.4902,24.0155693400026,2.0
2026-09-28 20:09:00+00:00,5.66e-06,5.66e-06,5.66e-06,5.66e-06,5174912.0,29.29000192,2.0
2026-09-28 20:10:00+00:00,5.668009484726691e-06,5.668009484726691e-06,5.6670142270900355e-06,5.6670142270900355e-06,53787316.87791,304.81348998411596,5.0
2026-09-28 20:11:00+00:00,5.666957493602008e-06,5.668258851035303e-06,5.666957493602008e-06,5.668258851035303e-06,50716273.87791,287.4729682999939,5.0
2026-09-28 20:12:00+00:00,5.6568980503625025e-06,5.6568980503625025e-06,5.6568980503625025e-06,5.6568980503625025e-06,57315937.0,324.23041227000004,5.0
2026-09-28 20:13:00+00:00,5.661e-06,5.661e-06,5.661e-06,5.661e-06,6960900.0,39.405654899999995,1.0
2026-09-28 20:14:00+00:00,5.6599652850104585e-06,5.6599652850104585e-06,5.6599652850104585e-06,5.6599652850104585e-06,39054023.0,221.04441442,3.0
2026-09-28 20:16:00+00:00,5.650005397395576e-06,5.650005397395576e-06,5.650005397395576e-06,5.650005397395576e-06,72719684.4516,410.86660964844316,3.0
2026-09-28 20:17:00+00:00,5.65e-06,5.65e-06,5.65e-06,5.65e-06,339845.0,1.92012425,1.0
2026-09-28 20:18:00+00:00,5.65e-06,5.65e-06,5.65e-06,5.65e-06,6462018.0,36.5104017,2.0
2026-09-28 20:19:00+00:00,5.659385023289117e-06,5.659385023289117e-06,5.659385023289117e-06,5.659385023289117e-06,143697228.46094,813.2379426399984,4.0
2026-09-28 20:20:00+00:00,5.666435115561582e-06,5.6740341963639524e-06,5.666435115561582e-06,5.666435115561582e-06,183580370.61071,1040.2462585563367,11.0
2026-09-28 20:21:00+00:00,5.667e-06,5.667e-06,5.667e-06,5.667e-06,6960900.0,39.4474203,1.0
2026-09-28 20:22:00+00:00,5.670000000000001e-06,5.670000000000001e-06,5.6600814443499816e-06,5.670000000000001e-06,107255445.0,608.1383731500001,5.0
2026-09-28 20:23:00+00:00,5.68e-06,5.68e-06,5.67e-06,5.67e-06,114579974.0,649.66845258,5.0
2026-09-28 20:24:00+00:00,5.670145793576652e-06,5.670145793576652e-06,5.670145793576652e-06,5.670145793576652e-06,169048106.0,958.527407148,5.0
2026-09-28 20:25:00+00:00,5.671904286914628e-06,5.675712860743885e-06,5.671904286914628e-06,5.675712860743885e-06,21859309.95613,124.06716664499389,3.0
2026-09-28 20:27:00+00:00,5.67e-06,5.67e-06,5.67e-06,5.67e-06,5903016.0,33.47010072,1.0
2026-09-28 20:28:00+00:00,5.670731650230029e-06,5.674100759251334e-06,5.670731650230029e-06,5.674100759251334e-06,1373425369.57722,7792.953932293147,19.0
2026-09-28 20:29:00+00:00,5.680002682186089e-06,5.680002682186089e-06,5.680002682186089e-06,5.680002682186089e-06,391294493.64788,2222.553773444606,10.0
2026-09-28 20:30:00+00:00,5.67e-06,5.67e-06,5.67e-06,5.67e-06,2487676.0,14.10512292,1.0
2026-09-28 20:31:00+00:00,5.67e-06,5.67e-06,5.67e-06,5.67e-06,94993762.0,538.61463054,3.0
2026-09-28 20:32:00+00:00,5.670975164296885e-06,5.670975164296885e-06,5.670975164296885e-06,5.670975164296885e-06,1446103.61272,8.200817672735122,2.0
2026-09-28 20:33:00+00:00,5.673862088785987e-06,5.675793133178981e-06,5.673862088785987e-06,5.675793133178981e-06,439837996.01762,2496.4294775080116,3.0
2026-09-28 20:35:00+00:00,5.672418867763351e-06,5.674008433336666e-06,5.672418867763351e-06,5.674008433336666e-06,217269108.53927,1232.7867541553574,9.0
2026-09-28 20:36:00+00:00,5.670055992241118e-06,5.670055992241118e-06,5.670055992241118e-06,5.670055992241118e-06,26789426.0,151.89754542,3.0
2026-09-28 20:37:00+00:00,5.669787132971115e-06,5.669787132971115e-06,5.660851468115541e-06,5.660851468115541e-06,65401392.0,370.22756592,4.0
2026-09-28 20:38:00+00:00,5.67e-06,5.67e-06,5.67e-06,5.67e-06,4714286.0,26.73000162,1.0
2026-09-28 20:39:00+00:00,5.67e-06,5.67e-06,5.67e-06,5.67e-06,10000000.0,56.699999999999996,1.0
2026-09-28 20:41:00+00:00,5.670256391031703e-06,5.670256391031703e-06,5.670256391031703e-06,5.670256391031703e-06,89754860.6629,508.9330722999687,6.0
2026-09-28 20:42:00+00:00,5.669838062578069e-06,5.669838062578069e-06,5.660040484355483e-06,5.660040484355483e-06,343880984.0,1946.38029124,5.0
2026-09-28 20:43:00+00:00,5.65e-06,5.65e-06,5.65e-06,5.65e-06,1000000.0,5.65,1.0
2026-09-28 20:44:00+00:00,5.66e-06,5.66e-06,5.6508237460428e-06,5.6508237460428e-06,510318494.0,2883.7198639400003,6.0
2026-09-28 20:45:00+00:00,5.6572648287892356e-06,5.6572648287892356e-06,5.6572648287892356e-06,5.6572648287892356e-06,49542767.0,280.27655326999997,8.0
2026-09-28 20:46:00+00:00,5.65e-06,5.66e-06,5.65e-06,5.65e-06,30294360.0,171.163134,3.0
2026-09-28 20:47:00+00:00,5.66e-06,5.66e-06,5.66e-06,5.66e-06,659500.0,3.73277,1.0
2026-09-28 20:48:00+00:00,5.66e-06,5.66e-06,5.66e-06,5.66e-06,238975779.0,1352.60290914,1.0
2026-09-28 20:49:00+00:00,5.657237613389281e-06,5.657237613389281e-06,5.6568846136426735e-06,5.6568846136426735e-06,32627047.8036,184.56744470876882,7.0
2026-09-28 20:50:00+00:00,5.64414822189166e-06,5.644563044080825e-06,5.64414822189166e-06,5.644563044080825e-06,24561426.85847,138.63852235521395,4.0
2026-09-28 20:52:00+00:00,5.65e-06,5.65e-06,5.65e-06,5.65e-06,242031234.39916,1367.476474355254,7.0
2026-09-28 20:54:00+00:00,5.650010045802046e-06,5.650010045802046e-06,5.650010045802046e-06,5.650010045802046e-06,35238600.0,199.09844399999997,3.0
2026-09-28 20:56:00+00:00,5.66e-06,5.66e-06,5.66e-06,5.66e-06,31937114.0,180.76406524,3.0
2026-09-28 20:57:00+00:00,5.67e-06,5.67e-06,5.67e-06,5.67e-06,51780809.0,293.59718703,2.0
2026-09-28 20:58:00+00:00,5.664e-06,5.665e-06,5.664e-06,5.665e-06,53608401.64853001,303.69159533892247,2.0
2026-09-28 20:59:00+00:00,5.6651633302683216e-06,5.6651633302683216e-06,5.665e-06,5.665e-06,1083693.80531,6.13912540708115,5.0
2026-09-28 21:00:00+00:00,5.67e-06,5.68e-06,5.67e-06,5.68e-06,176830313.0,1004.39617784,4.0
2026-09-28 21:01:00+00:00,5.688e-06,5.692e-06,5.688e-06,5.692e-06,16573809.61558,94.33812433188136,2.0
2026-09-28 21:02:00+00:00,5.690069162569464e-06,5.697216594764203e-06,5.682921730374725e-06,5.690069162569464e-06,2539284827.82367,14448.706293779975,71.0
2026-09-28 21:03:00+00:00,5.69e-06,5.69e-06,5.69e-06,5.69e-06,15186916.0,86.41355204,5.0
2026-09-28 21:04:00+00:00,5.69e-06,5.69e-06,5.69e-06,5.69e-06,5149913.0,29.30300497,2.0
2026-09-28 21:05:00+00:00,5.69e-06,5.69e-06,5.69e-06,5.69e-06,101845164.0,579.49898316,5.0
2026-09-28 21:06:00+00:00,5.689999648359404e-06,5.689999648359404e-06,5.689999648359404e-06,5.689999648359404e-06,1757293242.64269,9998.997932701262,14.0
2026-09-28 21:07:00+00:00,5.675513174786724e-06,5.675513174786724e-06,5.674828941737759e-06,5.674828941737759e-06,144128232.55045,817.9030653988038,3.0
2026-09-28 21:08:00+00:00,5.679792081989063e-06,5.679792081989063e-06,5.679792081989063e-06,5.679792081989063e-06,84825167.0,481.78931187999996,2.0
2026-09-28 21:09:00+00:00,5.684e-06,5.684e-06,5.684e-06,5.684e-06,1733931.71418,9.85566786339912,1.0
2026-09-28 21:10:00+00:00,5.677e-06,5.677e-06,5.677e-06,5.677e-06,6960900.0,39.5170293,1.0
2026-09-28 21:11:00+00:00,5.67e-06,5.67e-06,5.67e-06,5.67e-06,8812980.0,49.9695966,1.0
2026-09-28 21:13:00+00:00,5.68e-06,5.68e-06,5.67e-06,5.68e-06,30060425.0,170.743214,3.0
2026-09-28 21:14:00+00:00,5.678e-06,5.678e-06,5.678e-06,5.678e-06,48283656.216970004,274.1545999999557,3.0
2026-09-28 21:15:00+00:00,5.670070100031705e-06,5.670070100031705e-06,5.670070100031705e-06,5.670070100031705e-06,62725657.18581,355.65887331410016,5.0
2026-09-28 21:16:00+00:00,5.669155596035354e-06,5.669155596035354e-06,5.669155596035354e-06,5.669155596035354e-06,4737068.0,26.855175561,2.0
2026-09-28 21:17:00+00:00,5.669660933661186e-06,5.6696793071990245e-06,5.660159358276843e-06,5.6696793071990245e-06,93720825.650387,531.3670258436067,13.0
2026-09-28 21:18:00+00:00,5.66e-06,5.66e-06,5.66e-06,5.66e-06,100341047.0,567.93032602,5.0
2026-09-28 21:19:00+00:00,5.66e-06,5.67e-06,5.66e-06,5.67e-06,64755354.0,367.16285718,2.0
2026-09-28 21:21:00+00:00,5.660282307714309e-06,5.660282307714309e-06,5.660000000000001e-06,5.660000000000001e-06,136358300.0,771.7879780000001,3.0
2026-09-28 21:22:00+00:00,5.662837261484967e-06,5.662837261484967e-06,5.662837261484967e-06,5.662837261484967e-06,36438313.32002,206.34423841427324,2.0
2026-09-28 21:23:00+00:00,5.660878135787571e-06,5.660878135787571e-06,5.655947528130093e-06,5.655947528130093e-06,26286618.0,148.6757321,6.0
2026-09-28 21:24:00+00:00,5.655e-06,5.655e-06,5.655e-06,5.655e-06,903010.06889,5.10652193957295,1.0
2026-09-28 21:25:00+00:00,5.657e-06,5.657e-06,5.657e-06,5.657e-06,3453118.0,19.534288526,1.0
2026-09-28 21:26:00+00:00,5.650749594633845e-06,5.650749594633845e-06,5.649782425863287e-06,5.649782425863287e-06,823620827.527533,4653.278476940034,13.0
2026-09-28 21:27:00+00:00,5.648e-06,5.648e-06,5.648e-06,5.648e-06,6960900.0,39.3151632,1.0
2026-09-28 21:30:00+00:00,5.66e-06,5.66e-06,5.66e-06,5.66e-06,208025.0,1.1774215,1.0
2026-09-28 21:31:00+00:00,5.65e-06,5.65e-06,5.65e-06,5.65e-06,795756.0,4.4960214,3.0
2026-09-28 21:32:00+00:00,5.649e-06,5.649e-06,5.647e-06,5.647e-06,452455924.77971,2555.0186072310225,5.0
2026-09-28 21:33:00+00:00,5.644e-06,5.653e-06,5.644e-06,5.653e-06,10314736.63926,58.30920622173678,2.0
2026-09-28 21:34:00+00:00,5.658269211475675e-06,5.658269211475675e-06,5.658269211475675e-06,5.658269211475675e-06,4692779.69339,26.553010855346894,3.0
2026-09-28 21:35:00+00:00,5.659767785048383e-06,5.659767785048383e-06,5.659767785048383e-06,5.659767785048383e-06,6984757.01148,39.53210271996532,2.0
2026-09-28 21:36:00+00:00,5.65e-06,5.652943410190164e-06,5.65e-06,5.652943410190164e-06,48189471.0,272.41235253,3.0
2026-09-28 21:37:00+00:00,5.6506752707364725e-06,5.6506752707364725e-06,5.6506752707364725e-06,5.6506752707364725e-06,983798.0,5.55912303,2.0
2026-09-28 21:38:00+00:00,5.651659628987441e-06,5.651659628987441e-06,5.651659628987441e-06,5.651659628987441e-06,7049572.118240001,39.84178214229249,4.0
2026-09-28 21:39:00+00:00,5.64e-06,5.64e-06,5.64e-06,5.64e-06,214599.0,1.21033836,3.0
2026-09-28 21:40:00+00:00,5.634343665264192e-06,5.634343665264192e-06,5.634343665264192e-06,5.634343665264192e-06,7530022.0,42.426731755,2.0
2026-09-28 21:42:00+00:00,5.64e-06,5.64e-06,5.64e-06,5.64e-06,4993351.0,28.16249964,3.0
2026-09-28 21:43:00+00:00,5.64e-06,5.64e-06,5.6386063599566665e-06,5.6386063599566665e-06,39932886.73515,225.16582911624602,5.0
2026-09-28 21:45:00+00:00,5.64e-06,5.64e-06,5.64e-06,5.64e-06,4198168.0,23.67766752,1.0
2026-09-28 21:46:00+00:00,5.635107897288796e-06,5.635107897288796e-06,5.630978420542241e-06,5.630978420542241e-06,65566985.77905,369.20628202183053,4.0
2026-09-28 21:47:00+00:00,5.62e-06,5.62e-06,5.62e-06,5.62e-06,80183766.0,450.63276492000006,1.0
2026-09-28 21:49:00+00:00,5.630463803189427e-06,5.631902509670804e-06,5.628561293518622e-06,5.629048745164597e-06,448990585.64514,2527.389892716493,8.0
2026-09-28 21:51:00+00:00,5.628e-06,5.628e-06,5.628e-06,5.628e-06,588841.50675,3.313999999989,1.0
2026-09-28 21:53:00+00:00,5.64e-06,5.64e-06,5.633489030690111e-06,5.633489030690111e-06,231837055.0,1306.05150625,3.0
2026-09-28 21:54:00+00:00,5.622987080564722e-06,5.625974161129443e-06,5.622987080564722e-06,5.625974161129443e-06,46441658.40647,261.2795701948002,4.0
2026-09-28 21:55:00+00:00,5.630737402523356e-06,5.630737402523356e-06,5.6214748050467125e-06,5.6214748050467125e-06,565969501.68602,3181.5832941528042,8.0
2026-09-28 21:56:00+00:00,5.621152289331111e-06,5.621152289331111e-06,5.621152289331111e-06,5.621152289331111e-06,92618739.95624,520.6240421399813,3.0
2026-09-28 21:57:00+00:00,5.628456719192321e-06,5.628456719192321e-06,5.6215432808076795e-06,5.6215432808076795e-06,144052777.299992,809.798922312455,4.0
2026-09-28 21:59:00+00:00,5.630359872043344e-06,5.630359872043344e-06,5.630359872043344e-06,5.630359872043344e-06,2642315.18182,14.87718536901024,2.0
2026-09-28 22:00:00+00:00,5.62560085552017e-06,5.62560085552017e-06,5.62560085552017e-06,5.62560085552017e-06,1981017.0,11.144410930000001,2.0
2026-09-28 22:01:00+00:00,5.610094260192747e-06,5.610094260192747e-06,5.610094260192747e-06,5.610094260192747e-06,37047028.0,207.83731914,4.0
2026-09-28 22:02:00+00:00,5.60016472388801e-06,5.60423271918586e-06,5.60016472388801e-06,5.60423271918586e-06,161362083.8252,904.3106698091972,12.0
2026-09-28 22:03:00+00:00,5.6256128725674935e-06,5.6293763474925e-06,5.6256128725674935e-06,5.6293763474925e-06,2818105.66334,15.864177365940858,7.0
2026-09-28 22:04:00+00:00,5.619468899252566e-06,5.619468899252566e-06,5.619468899252566e-06,5.619468899252566e-06,252588415.0,1419.4127424040003,12.0
2026-09-28 22:05:00+00:00,5.6141473765574375e-06,5.6141473765574375e-06,5.6141473765574375e-06,5.6141473765574375e-06,30100011.0,168.98589779000002,9.0
2026-09-28 22:06:00+00:00,5.602861079376086e-06,5.602861079376086e-06,5.600000000000001e-06,5.600000000000001e-06,35878690.0,200.92066400000002,7.0
2026-09-28 22:07:00+00:00,5.603578082729096e-06,5.603578082729096e-06,5.603578082729096e-06,5.603578082729096e-06,48650545.301674,272.6171293652794,6.0
2026-09-28 22:08:00+00:00,5.61e-06,5.610704908007091e-06,5.61e-06,5.610704908007091e-06,46335039.0,259.97223073,9.0
2026-09-28 22:09:00+00:00,5.61e-06,5.62e-06,5.61e-06,5.62e-06,1397749.0,7.855349380000001,3.0
2026-09-28 22:10:00+00:00,5.613476531099758e-06,5.613476531099758e-06,5.599999999999999e-06,5.61e-06,75072819.0,421.15851459,13.0
2026-09-28 22:11:00+00:00,5.61e-06,5.617342483507191e-06,5.602657516492808e-06,5.617342483507191e-06,188497912.0,1058.85732913,8.0
2026-09-28 22:12:00+00:00,5.62e-06,5.62e-06,5.62e-06,5.62e-06,1400140.0,7.8687868000000005,6.0
2026-09-28 22:13:00+00:00,5.614293516011381e-06,5.614293516011381e-06,5.614293516011381e-06,5.614293516011381e-06,116561934.18211,654.4129112923655,5.0
2026-09-28 22:14:00+00:00,5.62e-06,5.62e-06,5.62e-06,5.62e-06,4111107.0,23.104421340000002,7.0
2026-09-28 22:15:00+00:00,5.610131974187169e-06,5.610131974187169e-06,5.610131974187169e-06,5.610131974187169e-06,79380523.0,445.33521020999996,6.0
2026-09-28 22:16:00+00:00,5.61e-06,5.61369530038617e-06,5.6036953003861705e-06,5.61369530038617e-06,247585066.0,1389.8671214499998,15.0
2026-09-28 22:17:00+00:00,5.619921523417672e-06,5.6273711574071475e-06,5.619905828101207e-06,5.627355462090682e-06,21152807.0,119.03436401,11.0
2026-09-28 22:18:00+00:00,5.621558523005817e-06,5.629156627544008e-06,5.621558523005817e-06,5.629156627544008e-06,74063007.515482,416.91226961161715,13.0
2026-09-28 22:19:00+00:00,5.63e-06,5.63e-06,5.63e-06,5.63e-06,1047534.0,5.89761642,2.0
2026-09-28 22:20:00+00:00,5.613847159762699e-06,5.620347704341714e-06,5.61280404673756e-06,5.619304591316575e-06,155812038.15906,875.5553014095992,9.0
2026-09-28 22:21:00+00:00,5.62020480658321e-06,5.62020480658321e-06,5.62e-06,5.62e-06,115411671.0,648.6135910200001,14.0
2026-09-28 22:22:00+00:00,5.619995206453586e-06,5.619995206453586e-06,5.610322336338255e-06,5.610322336338255e-06,255157642.0,1431.5166182,16.0
2026-09-28 22:23:00+00:00,5.619895044299269e-06,5.619895044299269e-06,5.619895044299269e-06,5.619895044299269e-06,2712573.0,15.244375560000002,5.0
2026-09-28 22:24:00+00:00,5.618816035968528e-06,5.618816035968528e-06,5.618816035968528e-06,5.618816035968528e-06,240210.0,1.3496958000000001,2.0
2026-09-28 22:25:00+00:00,5.617487921845268e-06,5.617487921845268e-06,5.617487921845268e-06,5.617487921845268e-06,2147102.06186,12.061319899467621,3.0
2026-09-28 22:26:00+00:00,5.62e-06,5.62e-06,5.62e-06,5.62e-06,9246058.0,51.96284596,3.0
2026-09-28 22:27:00+00:00,5.61e-06,5.63e-06,5.61e-06,5.63e-06,92047332.0,518.22647916,4.0
2026-09-28 22:28:00+00:00,5.6200119265760635e-06,5.63e-06,5.6200119265760635e-06,5.63e-06,876842603.0,4936.62385489,9.0
2026-09-28 22:29:00+00:00,5.619488242568701e-06,5.619488242568701e-06,5.613921109663228e-06,5.613921109663228e-06,76149617.262277,427.4979438414722,12.0
2026-09-28 22:30:00+00:00,5.6180928811317835e-06,5.62e-06,5.6180928811317835e-06,5.62e-06,18666826.80028,104.90756661757361,5.0
2026-09-28 22:31:00+00:00,5.61977686679206e-06,5.61977686679206e-06,5.61014875547196e-06,5.61977686679206e-06,187176980.0,1051.8928622,6.0
2026-09-28 22:32:00+00:00,5.610310655405223e-06,5.610310655405223e-06,5.610310655405223e-06,5.610310655405223e-06,115768821.0,649.4990500199999,15.0
2026-09-28 22:33:00+00:00,5.620797235811907e-06,5.620797235811907e-06,5.620797235811907e-06,5.620797235811907e-06,8744991.0,49.153821240000006,4.0
2026-09-28 22:34:00+00:00,5.62e-06,5.62e-06,5.62e-06,5.62e-06,362605267.0,2037.8416005400002,11.0
2026-09-28 22:35:00+00:00,5.63078801206661e-06,5.63078801206661e-06,5.63078801206661e-06,5.63078801206661e-06,8357876.65677,47.06143168527188,2.0
2026-09-28 22:36:00+00:00,5.630033417033335e-06,5.630033417033335e-06,5.630033417033335e-06,5.630033417033335e-06,1449443853.71516,8160.417332529927,30.0
2026-09-28 22:37:00+00:00,5.644804486207159e-06,5.644804486207159e-06,5.64e-06,5.644804486207159e-06,1464648815.0,8267.65620163,34.0
2026-09-28 22:38:00+00:00,5.65e-06,5.65e-06,5.65e-06,5.65e-06,173684.0,0.9813146,1.0
2026-09-28 22:39:00+00:00,5.640078699140759e-06,5.640090368965288e-06,5.640055359491698e-06,5.640067029316229e-06,85348327.0,481.37028512000006,14.0
2026-09-28 22:40:00+00:00,5.65e-06,5.65e-06,5.65e-06,5.65e-06,6599015.0,37.28443475,5.0
2026-09-28 22:41:00+00:00,5.649169394193281e-06,5.6495846970966405e-06,5.648961742741602e-06,5.648961742741602e-06,5480044.115945,30.95655955950953,14.0
2026-09-28 22:42:00+00:00,5.65e-06,5.65e-06,5.64e-06,5.64e-06,1347621.0,7.60058244,3.0
2026-09-28 22:43:00+00:00,5.647924580736469e-06,5.647924580736469e-06,5.647924580736469e-06,5.647924580736469e-06,9632128.0,54.40153249600001,5.0
2026-09-28 22:44:00+00:00,5.648736768261437e-06,5.648736768261437e-06,5.642928371717054e-06,5.64871759925518e-06,17319625.0,97.83367055000001,10.0
2026-09-28 22:45:00+00:00,5.650186665300782e-06,5.650186665300782e-06,5.642053318308602e-06,5.650186665300782e-06,23716938.44926,134.00512936776826,5.0
2026-09-28 22:46:00+00:00,5.646278652692327e-06,5.646278652692327e-06,5.645382308364499e-06,5.645382308364499e-06,27954476.0,157.81370425,8.0
2026-09-28 22:47:00+00:00,5.64502730745095e-06,5.64502730745095e-06,5.64502730745095e-06,5.64502730745095e-06,8986009.0,50.726266190000004,5.0
2026-09-28 22:48:00+00:00,5.647878632655212e-06,5.647878632655212e-06,5.647525071431082e-06,5.647525071431082e-06,939017.0,5.30312205,5.0
2026-09-28 22:49:00+00:00,5.6490181784231e-06,5.6490181784231e-06,5.6490181784231e-06,5.6490181784231e-06,58480320.0,330.35639075999995,3.0
2026-09-28 22:50:00+00:00,5.642366886919292e-06,5.642366886919292e-06,5.642366886919292e-06,5.642366886919292e-06,71581586.893374,403.88957560030946,7.0
2026-09-28 22:51:00+00:00,5.640225204687119e-06,5.640225204687119e-06,5.640225204687119e-06,5.640225204687119e-06,117895548.0,664.9574413500001,9.0
2026-09-28 22:52:00+00:00,5.648023419221956e-06,5.648023419221956e-06,5.647035128832935e-06,5.647035128832935e-06,51839211.49265,292.7378483499946,5.0
2026-09-28 22:53:00+00:00,5.641759533457083e-06,5.645175341325944e-06,5.640000000000001e-06,5.645175341325944e-06,561638631.1428499,3170.5485512636737,14.0
2026-09-28 22:54:00+00:00,5.65e-06,5.65e-06,5.65e-06,5.65e-06,1042105.0,5.88789325,2.0
2026-09-28 22:55:00+00:00,5.65e-06,5.652479114934378e-06,5.65e-06,5.652479114934378e-06,23219702.0,131.24888061000001,6.0
2026-09-28 22:56:00+00:00,5.65e-06,5.65e-06,5.65e-06,5.65e-06,59942322.0,338.67411930000003,6.0
2026-09-28 22:57:00+00:00,5.65e-06,5.6510418862350155e-06,5.65e-06,5.6510418862350155e-06,73032152.636349,412.70775358991716,15.0
2026-09-28 22:58:00+00:00,5.65e-06,5.65e-06,5.65e-06,5.65e-06,13966620.0,78.911403,2.0
2026-09-28 22:59:00+00:00,5.648034625750855e-06,5.648034625750855e-06,5.64797943625788e-06,5.64797943625788e-06,7735168.0,43.688069799999994,7.0
2026-09-28 23:00:00+00:00,5.64370589864855e-06,5.64370589864855e-06,5.64370589864855e-06,5.64370589864855e-06,2812017.0,15.87019693,3.0
2026-09-28 23:01:00+00:00,5.65e-06,5.65e-06,5.65e-06,5.65e-06,1554161.0,8.78100965,2.0
2026-09-28 23:02:00+00:00,5.66e-06,5.66e-06,5.66e-06,5.66e-06,866900.0,4.906654,4.0
2026-09-28 23:03:00+00:00,5.66e-06,5.66e-06,5.66e-06,5.66e-06,17732575.0,100.3663745,2.0
2026-09-28 23:04:00+00:00,5.660066276713431e-06,5.6600994150701465e-06,5.660066276713431e-06,5.660082845891789e-06,67056619.08163,379.546019367434,14.0
2026-09-28 23:05:00+00:00,5.66e-06,5.66e-06,5.65e-06,5.65e-06,6557330.0,37.0489145,3.0
2026-09-28 23:06:00+00:00,5.65e-06,5.65e-06,5.65e-06,5.65e-06,1415929.0,7.99999885,1.0
2026-09-28 23:07:00+00:00,5.6539781329567985e-06,5.656961732674397e-06,5.6539781329567985e-06,5.656961732674397e-06,32375844.94049,183.14891589135192,4.0
2026-09-28 23:08:00+00:00,5.66e-06,5.66e-06,5.66e-06,5.66e-06,185627.0,1.05064882,1.0
2026-09-28 23:09:00+00:00,5.65e-06,5.65e-06,5.65e-06,5.65e-06,3900.0,0.022035,1.0
2026-09-28 23:10:00+00:00,5.655e-06,5.656e-06,5.655e-06,5.656e-06,85383308.74867,482.92799428247747,2.0
2026-09-28 23:11:00+00:00,5.650293644582882e-06,5.650293644582882e-06,5.650293644582882e-06,5.650293644582882e-06,103371024.08296,584.0766404099728,12.0
2026-09-28 23:12:00+00:00,5.659527542282212e-06,5.659527542282212e-06,5.659527542282212e-06,5.659527542282212e-06,18693440.0,105.79603853999998,4.0
2026-09-28 23:13:00+00:00,5.65e-06,5.65e-06,5.65e-06,5.65e-06,61167717.0,345.59760105,2.0
2026-09-28 23:14:00+00:00,5.648e-06,5.648e-06,5.648e-06,5.648e-06,85533250.70821,483.09179999997014,1.0
2026-09-28 23:15:00+00:00,5.65e-06,5.65e-06,5.65e-06,5.65e-06,46093921.0,260.43065365,2.0
2026-09-28 23:16:00+00:00,5.66e-06,5.66e-06,5.66e-06,5.66e-06,2056500.0,11.63979,1.0
2026-09-28 23:17:00+00:00,5.66e-06,5.66e-06,5.66e-06,5.66e-06,683436800.0,3868.252288,9.0
2026-09-28 23:18:00+00:00,5.666045099484454e-06,5.666045099484454e-06,5.6655676492266816e-06,5.6655676492266816e-06,695360.39534,3.93961136039178,5.0
2026-09-28 23:19:00+00:00,5.660109641366856e-06,5.660109641366856e-06,5.660109641366856e-06,5.660109641366856e-06,43113472.0,244.02697854,3.0
2026-09-28 23:20:00+00:00,5.67e-06,5.67e-06,5.67e-06,5.67e-06,15715679.0,89.10789993,4.0
2026-09-28 23:22:00+00:00,5.667917045718336e-06,5.667917045718336e-06,5.667396307147921e-06,5.667396307147921e-06,637556.0,3.61328252,5.0
2026-09-28 23:23:00+00:00,5.67e-06,5.67e-06,5.67e-06,5.67e-06,34278095.0,194.35679865,1.0
2026-09-28 23:24:00+00:00,5.670000000000001e-06,5.670000000000001e-06,5.670000000000001e-06,5.670000000000001e-06,36092086.0,204.64212762000002,3.0
2026-09-28 23:25:00+00:00,5.67e-06,5.67e-06,5.67e-06,5.67e-06,27188508.0,154.15884036,4.0
2026-09-28 23:26:00+00:00,5.674e-06,5.674e-06,5.674e-06,5.674e-06,881834.21517,5.00352733687458,1.0
2026-09-28 23:27:00+00:00,5.679636205938564e-06,5.679636205938564e-06,5.679636205938564e-06,5.679636205938564e-06,484286104.18463,2750.5688913599597,5.0
2026-09-28 23:28:00+00:00,5.67e-06,5.67e-06,5.67e-06,5.67e-06,13940082.0,79.04026494,2.0
2026-09-28 23:29:00+00:00,5.68e-06,5.68e-06,5.67e-06,5.67e-06,251465756.0,1425.81083652,9.0
2026-09-28 23:30:00+00:00,5.670002079737752e-06,5.679997920262247e-06,5.670001663790202e-06,5.679997504314697e-06,798177558.0,4533.6465374399995,36.0
2026-09-28 23:31:00+00:00,5.676754663547905e-06,5.676754663547905e-06,5.676754663547905e-06,5.676754663547905e-06,4059731.0,23.046096887,5.0
2026-09-28 23:33:00+00:00,5.671627838063553e-06,5.671627838063553e-06,5.671220878547665e-06,5.671627838063553e-06,223739364.43612,1268.9664078065448,11.0
2026-09-28 23:34:00+00:00,5.669999999999999e-06,5.670038930655651e-06,5.669999999999999e-06,5.670038930655651e-06,656478177.88608,3722.25682573996,8.0
2026-09-28 23:35:00+00:00,5.66021848450951e-06,5.6700364140849185e-06,5.66021848450951e-06,5.6700364140849185e-06,93558320.31029,530.4790829999649,8.0
2026-09-28 23:36:00+00:00,5.67e-06,5.67e-06,5.67e-06,5.67e-06,20716269.0,117.46124523,3.0
2026-09-28 23:37:00+00:00,5.67e-06,5.67e-06,5.67e-06,5.67e-06,13627344.0,77.26704048,11.0
2026-09-28 23:38:00+00:00,5.67e-06,5.67e-06,5.67e-06,5.67e-06,69996694.0,396.88125498,4.0
2026-09-28 23:39:00+00:00,5.67e-06,5.67e-06,5.67e-06,5.67e-06,67004751.0,379.91693817,2.0
2026-09-28 23:40:00+00:00,5.678900318241855e-06,5.679889140542713e-06,5.678900318241855e-06,5.679889140542713e-06,171176194.29535002,972.2618070975881,5.0
2026-09-28 23:41:00+00:00,5.677e-06,5.677e-06,5.677e-06,5.677e-06,4284046.48705,24.320531906982847,1.0
2026-09-28 23:42:00+00:00,5.671261636004854e-06,5.671261636004854e-06,5.671261636004854e-06,5.671261636004854e-06,16710525.0,94.76975935000002,6.0
2026-09-28 23:43:00+00:00,5.670007488482916e-06,5.670007488482916e-06,5.670007488482916e-06,5.670007488482916e-06,90990690.11424,515.9178943299693,5.0
2026-09-28 23:44:00+00:00,5.67e-06,5.67e-06,5.67e-06,5.67e-06,16874999.0,95.68124433,1.0
2026-09-28 23:45:00+00:00,5.67e-06,5.67e-06,5.67e-06,5.67e-06,66032593.0,374.40480231,6.0
2026-09-28 23:46:00+00:00,5.67e-06,5.67e-06,5.67e-06,5.67e-06,250997101.0,1423.15356267,15.0
2026-09-28 23:47:00+00:00,5.67e-06,5.67e-06,5.67e-06,5.67e-06,4360.0,0.0247212,1.0
2026-09-28 23:48:00+00:00,5.67e-06,5.67e-06,5.67e-06,5.67e-06,122352798.0,693.74036466,6.0
2026-09-28 23:49:00+00:00,5.670658928197727e-06,5.670658928197727e-06,5.670658928197727e-06,5.670658928197727e-06,19193536.6239,108.8399998200086,2.0
2026-09-28 23:50:00+00:00,5.67e-06,5.67e-06,5.67e-06,5.67e-06,51246914.0,290.57000238,2.0
2026-09-28 23:51:00+00:00,5.679987629574217e-06,5.679987629574217e-06,5.679987629574217e-06,5.679987629574217e-06,524886541.0,2981.34905981,3.0
2026-09-28 23:53:00+00:00,5.68e-06,5.68e-06,5.68e-06,5.68e-06,1699384.0,9.65250112,2.0
2026-09-28 23:54:00+00:00,5.68e-06,5.68e-06,5.68e-06,5.68e-06,245058693.0,1391.93337624,10.0
2026-09-28 23:55:00+00:00,5.68e-06,5.68e-06,5.68e-06,5.68e-06,30400964.0,172.67747552,6.0
2026-09-28 23:56:00+00:00,5.680002536125329e-06,5.680002536125329e-06,5.680002536125329e-06,5.680002536125329e-06,335299222.85196,1904.5004361599847,4.0
2026-09-28 23:57:00+00:00,5.679892044677709e-06,5.679892044677709e-06,5.679892044677709e-06,5.679892044677709e-06,103816583.758761,589.6669881970037,6.0
2026-09-28 23:58:00+00:00,5.68e-06,5.68e-06,5.68e-06,5.68e-06,18419617.0,104.62342456,2.0
2026-09-28 23:59:00+00:00,5.6829667347298556e-06,5.683208728089214e-06,5.677869416334581e-06,5.683208728089214e-06,70260303.99278,399.30397288996875,6.0
2026-09-29 00:00:00+00:00,5.679996212935322e-06,5.679996212935322e-06,5.679996212935322e-06,5.679996212935322e-06,101421294.0,576.0725658309999,4.0
2026-09-29 00:01:00+00:00,5.68e-06,5.68e-06,5.68e-06,5.68e-06,1127646.0,6.40502928,3.0
2026-09-29 00:03:00+00:00,5.6800221989881724e-06,5.6800221989881724e-06,5.680017759190538e-06,5.680017759190538e-06,74778183.0,424.74140744,7.0
2026-09-29 00:04:00+00:00,5.686415091260113e-06,5.69e-06,5.686415091260113e-06,5.69e-06,13417965.0,76.34822084999999,5.0
2026-09-29 00:05:00+00:00,5.680561669331131e-06,5.680561669331131e-06,5.680561669331131e-06,5.680561669331131e-06,42591430.0,241.9432447,8.0
2026-09-29 00:06:00+00:00,5.6806888227913185e-06,5.6806888227913185e-06,5.6806888227913185e-06,5.6806888227913185e-06,139021721.73674,789.7391407951038,6.0
2026-09-29 00:08:00+00:00,5.6802330261936525e-06,5.6802330261936525e-06,5.680187457083237e-06,5.680187457083237e-06,197979127.931895,1124.5585592430275,10.0
2026-09-29 00:09:00+00:00,5.69e-06,5.69e-06,5.69e-06,5.69e-06,893827783.0,5085.88008527,14.0
2026-09-29 00:10:00+00:00,5.68e-06,5.68e-06,5.68e-06,5.68e-06,81256391.0,461.53630088,1.0
2026-09-29 00:11:00+00:00,5.68e-06,5.68e-06,5.68e-06,5.68e-06,170696670.0,969.5570855999999,6.0
2026-09-29 00:12:00+00:00,5.68e-06,5.680047644795643e-06,5.68e-06,5.680047644795643e-06,54857948.921938,311.59576357237364,12.0
2026-09-29 00:13:00+00:00,5.689991550495045e-06,5.689991550495045e-06,5.689991550495045e-06,5.689991550495045e-06,615520084.0,3502.3040771200003,3.0
2026-09-29 00:14:00+00:00,5.691598982459463e-06,5.692041220470377e-06,5.689285493562364e-06,5.689506612567821e-06,261522819.82367,1487.9358127241535,11.0
2026-09-29 00:15:00+00:00,5.690486982673375e-06,5.690486982673375e-06,5.690486982673375e-06,5.690486982673375e-06,63712698.0,362.5562785999999,2.0
2026-09-29 00:16:00+00:00,5.686651918647742e-06,5.686651918647742e-06,5.686597236565068e-06,5.686597236565068e-06,3239987.686538,18.42450502477184,5.0
2026-09-29 00:17:00+00:00,5.67e-06,5.67e-06,5.67e-06,5.67e-06,667732304.0,3786.04216368,7.0
2026-09-29 00:18:00+00:00,5.67e-06,5.67e-06,5.669998903852897e-06,5.669998903852897e-06,161909687.835353,918.0277525496161,6.0
2026-09-29 00:19:00+00:00,5.67e-06,5.670066729215489e-06,5.66999046725493e-06,5.670066729215489e-06,107428319.785796,609.1257417929639,15.0
2026-09-29 00:20:00+00:00,5.672e-06,5.672e-06,5.672e-06,5.672e-06,13205334.0,74.900654448,1.0
2026-09-29 00:21:00+00:00,5.673712031393217e-06,5.673712031393217e-06,5.673520052322029e-06,5.673520052322029e-06,2017797.439103,11.44801423227491,5.0
2026-09-29 00:22:00+00:00,5.67e-06,5.67e-06,5.67e-06,5.67e-06,833352.0,4.72510584,1.0
2026-09-29 00:23:00+00:00,5.67e-06,5.67e-06,5.67e-06,5.67e-06,2531746.0,14.35499982,2.0
2026-09-29 00:25:00+00:00,5.67e-06,5.67e-06,5.67e-06,5.67e-06,179846966.0,1019.73229722,4.0
2026-09-29 00:26:00+00:00,5.678971770557204e-06,5.678971770557204e-06,5.678629027409605e-06,5.678629027409605e-06,38998356.436075,221.45719887916172,6.0
2026-09-29 00:28:00+00:00,5.685e-06,5.685e-06,5.685e-06,5.685e-06,348284.96042,1.9799999999877,1.0
2026-09-29 00:29:00+00:00,5.684924456135754e-06,5.684947173364439e-06,5.679069630121693e-06,5.6790923473503776e-06,75523582.244471,428.9053979690621,14.0
2026-09-29 00:30:00+00:00,5.680343928156779e-06,5.680343928156779e-06,5.680343928156779e-06,5.680343928156779e-06,222614430.5957,1264.526529154363,6.0
2026-09-29 00:31:00+00:00,5.67e-06,5.67e-06,5.67e-06,5.67e-06,8000000.0,45.36,1.0
2026-09-29 00:33:00+00:00,5.69e-06,5.69e-06,5.69e-06,5.69e-06,156896397.0,892.74049893,3.0
2026-09-29 00:35:00+00:00,5.697e-06,5.697e-06,5.696e-06,5.696e-06,426900.0,2.4316224,5.0
2026-09-29 00:36:00+00:00,5.7e-06,5.7e-06,5.7e-06,5.7e-06,38861547.0,221.51081789999998,4.0
2026-09-29 00:37:00+00:00,5.689999999999999e-06,5.6998997089049146e-06,5.689999999999999e-06,5.6998997089049146e-06,19058721.0,108.63279827999999,4.0
2026-09-29 00:39:00+00:00,5.69e-06,5.69e-06,5.69e-06,5.69e-06,47643676.0,271.09251644,1.0
2026-09-29 00:40:00+00:00,5.69e-06,5.69e-06,5.69e-06,5.69e-06,268849804.0,1529.75538476,6.0
2026-09-29 00:41:00+00:00,5.689992323225425e-06,5.689992323225425e-06,5.6800690909711745e-06,5.689992323225425e-06,906748001.0,5159.38916479,15.0
2026-09-29 00:42:00+00:00,5.69184168739587e-06,5.69184168739587e-06,5.69184168739587e-06,5.69184168739587e-06,94363251.0,537.1006858,5.0
2026-09-29 00:43:00+00:00,5.69e-06,5.69e-06,5.69e-06,5.69e-06,84375000.0,480.09375,1.0
2026-09-29 00:44:00+00:00,5.69e-06,5.69e-06,5.69e-06,5.69e-06,131206103.0,746.5627260699999,4.0
2026-09-29 00:45:00+00:00,5.679384409189916e-06,5.679384409189916e-06,5.671440893662427e-06,5.671440893662427e-06,85761328.3044,486.3903044403831,9.0
2026-09-29 00:46:00+00:00,5.6727138693526e-06,5.673260257544848e-06,5.6727138693526e-06,5.673260257544848e-06,162599181.964055,922.4674769459763,14.0
2026-09-29 00:47:00+00:00,5.674e-06,5.674e-06,5.672e-06,5.672e-06,11284647.3842,64.0065199631824,3.0
2026-09-29 00:48:00+00:00,5.670002086201723e-06,5.670002086201723e-06,5.670002086201723e-06,5.670002086201723e-06,84392606.0,478.50625208,2.0
2026-09-29 00:49:00+00:00,5.66e-06,5.66e-06,5.651705492980801e-06,5.651705492980801e-06,11338616.0,64.08251833,7.0
2026-09-29 00:51:00+00:00,5.66e-06,5.66e-06,5.66e-06,5.66e-06,248101.0,1.40425166,1.0
2026-09-29 00:52:00+00:00,5.650242473074113e-06,5.650242473074113e-06,5.649854516155533e-06,5.649854516155533e-06,417033847.81786,2356.1805684834553,17.0
2026-09-29 00:53:00+00:00,5.648028325001062e-06,5.648028325001062e-06,5.648028325001062e-06,5.648028325001062e-06,7060900.0,39.8801632,2.0
2026-09-29 00:54:00+00:00,5.647481656283088e-06,5.6502952144284095e-06,5.647481656283088e-06,5.6502952144284095e-06,60409649.0,341.33235064999997,9.0
2026-09-29 00:55:00+00:00,5.652e-06,5.662e-06,5.652e-06,5.662e-06,35449139.179,200.713026031498,7.0
2026-09-29 00:56:00+00:00,5.65e-06,5.65e-06,5.65e-06,5.65e-06,84375000.0,476.71875,1.0
2026-09-29 00:57:00+00:00,5.649924236884896e-06,5.649924236884896e-06,5.649924236884896e-06,5.649924236884896e-06,91877162.0,519.0990044,7.0
2026-09-29 00:58:00+00:00,5.65e-06,5.66e-06,5.65e-06,5.66e-06,67028235.0,379.3798101,3.0
2026-09-29 00:59:00+00:00,5.65e-06,5.65e-06,5.65e-06,5.65e-06,48472328.0,273.8686532,4.0
2026-09-29 01:00:00+00:00,5.64e-06,5.64e-06,5.64e-06,5.64e-06,206757.0,1.16610948,3.0
2026-09-29 01:01:00+00:00,5.639293529745155e-06,5.64e-06,5.635576117847093e-06,5.6362825881019375e-06,269384675.00211,1518.328153215892,10.0
2026-09-29 01:02:00+00:00,5.659505362142739e-06,5.659505362142739e-06,5.659505362142739e-06,5.659505362142739e-06,4448302337.03691,25175.19092889247,29.0
2026-09-29 01:03:00+00:00,5.657196331043847e-06,5.66e-06,5.656261774725129e-06,5.66e-06,39731948.89183,224.88283072775778,6.0
2026-09-29 01:04:00+00:00,5.651e-06,5.651e-06,5.647e-06,5.647e-06,39879887.0,225.20172188900003,3.0
2026-09-29 01:05:00+00:00,5.64e-06,5.640179695673779e-06,5.64e-06,5.640179695673779e-06,3964042122.0,22357.9098893,15.0
2026-09-29 01:07:00+00:00,5.632888477915046e-06,5.632888477915046e-06,5.605776955830092e-06,5.612888477915047e-06,5501874353.0,30881.407162890002,34.0
2026-09-29 01:08:00+00:00,5.607143291557414e-06,5.607143291557414e-06,5.577620270069618e-06,5.581904971040571e-06,8261151338.64936,46112.96172372533,97.0
2026-09-29 01:09:00+00:00,5.587e-06,5.587e-06,5.583e-06,5.585e-06,1077184221.81792,6016.0738788530825,7.0
2026-09-29 01:10:00+00:00,5.584796331464022e-06,5.584796331464022e-06,5.57808146741439e-06,5.57808146741439e-06,2097944107.81044,11702.503147448633,18.0
2026-09-29 01:11:00+00:00,5.58e-06,5.58e-06,5.58e-06,5.58e-06,1854839.0,10.35000162,1.0
2026-09-29 01:12:00+00:00,5.580038884506964e-06,5.599261194367676e-06,5.580038884506964e-06,5.599261194367676e-06,391264298.33345,2190.7910023999843,11.0
2026-09-29 01:13:00+00:00,5.582e-06,5.582e-06,5.582e-06,5.582e-06,6960900.0,38.8557438,1.0
2026-09-29 01:14:00+00:00,5.58e-06,5.59e-06,5.58e-06,5.58e-06,30233852.0,168.70489416,3.0
2026-09-29 01:15:00+00:00,5.5800970665508885e-06,5.589975733362278e-06,5.5800970665508885e-06,5.589975733362278e-06,13681335.0,76.47833065,7.0
2026-09-29 01:16:00+00:00,5.589855188221997e-06,5.59e-06,5.589855188221997e-06,5.59e-06,89571996.0,500.70745764,4.0
2026-09-29 01:17:00+00:00,5.58e-06,5.58e-06,5.58e-06,5.58e-06,68160534.0,380.33577972,6.0
2026-09-29 01:18:00+00:00,5.583263265830469e-06,5.585050022829971e-06,5.579997357929688e-06,5.581784114929189e-06,851604891.10992,4753.474653393353,8.0
2026-09-29 01:19:00+00:00,5.568457629623532e-06,5.568457629623532e-06,5.563410560094065e-06,5.5658816000587905e-06,1055983283.70954,5877.477928768591,18.0
2026-09-29 01:20:00+00:00,5.569321343276381e-06,5.577445148797883e-06,5.561894315355456e-06,5.577445148797883e-06,1101555176.18977,6143.86357357283,16.0
2026-09-29 01:21:00+00:00,5.57851336107447e-06,5.583716597313825e-06,5.57851336107447e-06,5.583716597313825e-06,950233284.64004,5305.833362764624,14.0
2026-09-29 01:22:00+00:00,5.58999685217446e-06,5.58999685217446e-06,5.58999685217446e-06,5.58999685217446e-06,1966534570.6781,10992.922059782832,5.0
2026-09-29 01:23:00+00:00,5.600000000000001e-06,5.600000000000001e-06,5.600000000000001e-06,5.600000000000001e-06,325000.0,1.8200000000000003,2.0
2026-09-29 01:24:00+00:00,5.58098503362675e-06,5.58098503362675e-06,5.5805260335404935e-06,5.5805260335404935e-06,76203994.39419,425.2583745765511,5.0
2026-09-29 01:25:00+00:00,5.58e-06,5.59e-06,5.58e-06,5.59e-06,300909.0,1.68208131,2.0
2026-09-29 01:26:00+00:00,5.579971300862089e-06,5.579971519878365e-06,5.579970862829538e-06,5.579970862829538e-06,1231533570.896202,6871.921442197223,9.0
2026-09-29 01:27:00+00:00,5.569939459191449e-06,5.569939459191449e-06,5.569939459191449e-06,5.569939459191449e-06,4263653.0,23.748289085,5.0
2026-09-29 01:28:00+00:00,5.559509415353616e-06,5.559509415353616e-06,5.5593478051672805e-06,5.5593478051672805e-06,891122644.8734291,4954.0607199119595,25.0
2026-09-29 01:29:00+00:00,5.557343259086723e-06,5.557821480906925e-06,5.549998875211262e-06,5.549998875211262e-06,885499619.86525,4914.521894252138,45.0
2026-09-29 01:30:00+00:00,5.539998192585094e-06,5.549787365815648e-06,5.539996385170188e-06,5.549787365815648e-06,1271225694.0340312,7055.032295850295,25.0
2026-09-29 01:31:00+00:00,5.544660804682251e-06,5.544660804682251e-06,5.53e-06,5.53e-06,174757999.0,966.41173447,21.0
2026-09-29 01:32:00+00:00,5.526745661515898e-06,5.529636503028351e-06,5.5200000000000005e-06,5.529636503028351e-06,336548907.756291,1860.993125383508,32.0
2026-09-29 01:33:00+00:00,5.535167355903601e-06,5.535167355903601e-06,5.535045822755618e-06,5.535045822755618e-06,2731765.0,15.120444452,7.0
2026-09-29 01:34:00+00:00,5.5414345510545875e-06,5.5414345510545875e-06,5.539713089789082e-06,5.539713089789082e-06,119172777.81994,660.1829972356477,7.0
2026-09-29 01:35:00+00:00,5.539985113087501e-06,5.539985113087501e-06,5.529985113087501e-06,5.529985113087501e-06,2565085871.93001,14184.886685564026,11.0
2026-09-29 01:36:00+00:00,5.52e-06,5.52e-06,5.51e-06,5.51e-06,298902787.0,1646.95435637,12.0
2026-09-29 01:37:00+00:00,5.520257013720535e-06,5.529970906217696e-06,5.520257013720535e-06,5.5299458511205105e-06,306030088.61163,1692.3298188359256,12.0
2026-09-29 01:38:00+00:00,5.529999945898617e-06,5.529999945898617e-06,5.529999945898617e-06,5.529999945898617e-06,3942597847.0,21802.565880610004,24.0
2026-09-29 01:39:00+00:00,5.529999428669158e-06,5.529999428669158e-06,5.527923596125132e-06,5.527923596125132e-06,166103408.0,918.2069484799999,18.0
2026-09-29 01:40:00+00:00,5.5205861536549566e-06,5.5205861536549566e-06,5.5205861536549566e-06,5.5205861536549566e-06,10546857.55088,58.224835759959355,6.0
2026-09-29 01:41:00+00:00,5.528776250285037e-06,5.537902143345777e-06,5.519650357224296e-06,5.528776250285037e-06,79634421.0,440.28089553,5.0
2026-09-29 01:42:00+00:00,5.549063166344131e-06,5.550936833655869e-06,5.549063166344131e-06,5.55e-06,200278458.0,1111.5454419,11.0
2026-09-29 01:43:00+00:00,5.55e-06,5.55e-06,5.55e-06,5.55e-06,3129708559.0,17369.88250245,9.0
2026-09-29 01:44:00+00:00,5.541366251918715e-06,5.549995190052237e-06,5.541366251918715e-06,5.549995190052237e-06,256489272.0,1423.5142259,7.0
2026-09-29 01:45:00+00:00,5.551135732768029e-06,5.552106035545786e-06,5.551135732768029e-06,5.552106035545786e-06,547009039.0,3037.0521869300005,9.0
2026-09-29 01:46:00+00:00,5.57e-06,5.57e-06,5.57e-06,5.57e-06,1439519.0,8.01812083,4.0
2026-09-29 01:47:00+00:00,5.56e-06,5.56e-06,5.56e-06,5.56e-06,1116358.0,6.20695048,2.0
2026-09-29 01:48:00+00:00,5.567379354750681e-06,5.567379354750681e-06,5.5509359447319e-06,5.5509359447319e-06,1773609.0,9.84518995,6.0
2026-09-29 01:49:00+00:00,5.559910092154187e-06,5.559910092154187e-06,5.559910092154187e-06,5.559910092154187e-06,20855967.07177,115.95730180396943,3.0
2026-09-29 01:50:00+00:00,5.543109020539195e-06,5.543109020539195e-06,5.542010717619079e-06,5.542010717619079e-06,247079130.21416,1369.3151877468747,12.0
2026-09-29 01:51:00+00:00,5.542203578698515e-06,5.5430750968044626e-06,5.542203578698515e-06,5.5430750968044626e-06,110001381.10369,609.745916209961,7.0
2026-09-29 01:52:00+00:00,5.540441837565267e-06,5.550073639594211e-06,5.540441837565267e-06,5.550073639594211e-06,2450810998.41121,13602.181517909627,16.0
2026-09-29 01:53:00+00:00,5.569841997312049e-06,5.5699398961851204e-06,5.569841997312049e-06,5.5699398961851204e-06,115814612.0,645.08042794,5.0
2026-09-29 01:54:00+00:00,5.57e-06,5.57e-06,5.56e-06,5.56e-06,20177738.0,112.18822328,2.0
2026-09-29 01:55:00+00:00,5.565e-06,5.565e-06,5.565e-06,5.565e-06,332000.0,1.84758,4.0
2026-09-29 01:57:00+00:00,5.554484237015099e-06,5.554484237015099e-06,5.5514947456717e-06,5.5514947456717e-06,2822879.33049,15.67119977088048,3.0
2026-09-29 01:58:00+00:00,5.55e-06,5.555162036927524e-06,5.55e-06,5.555162036927524e-06,52884642.5994,293.782758904667,7.0
2026-09-29 01:59:00+00:00,5.559971449050946e-06,5.562804201651674e-06,5.552875579024307e-06,5.555708331625035e-06,125876389.596586,699.3325064366317,7.0
2026-09-29 02:00:00+00:00,5.553396249960236e-06,5.570308749996385e-06,5.553396249960236e-06,5.570308749996385e-06,76365026.88777,425.37677746665446,6.0
2026-09-29 02:01:00+00:00,5.57e-06,5.57e-06,5.57e-06,5.57e-06,1020352.0,5.68336064,1.0
2026-09-29 02:02:00+00:00,5.553e-06,5.553e-06,5.553e-06,5.553e-06,1800828.38106,10.00000000002618,1.0
2026-09-29 02:03:00+00:00,5.55e-06,5.55e-06,5.55e-06,5.55e-06,18048457.0,100.16893635000001,2.0
2026-09-29 02:04:00+00:00,5.56e-06,5.56e-06,5.56e-06,5.56e-06,890983.0,4.95386548,1.0
2026-09-29 02:05:00+00:00,5.55e-06,5.56e-06,5.55e-06,5.56e-06,98137391.0,545.64389396,2.0
2026-09-29 02:06:00+00:00,5.549277555932757e-06,5.549277555932757e-06,5.53931920739024e-06,5.540012495437246e-06,540197183.0,2992.6991438200002,8.0
2026-09-29 02:07:00+00:00,5.547158960406666e-06,5.5532556209264205e-06,5.546849803487471e-06,5.552946464007226e-06,121493089.1428,674.6446197568259,8.0
2026-09-29 02:08:00+00:00,5.540073052421488e-06,5.540073052421488e-06,5.540073052421488e-06,5.540073052421488e-06,110487112.78298,612.1066761688411,3.0
2026-09-29 02:09:00+00:00,5.529402577585916e-06,5.529402577585916e-06,5.522999455448869e-06,5.523298166655911e-06,198059125.41983,1093.93960432082,11.0
2026-09-29 02:10:00+00:00,5.522993861505698e-06,5.522993861505698e-06,5.522993861505698e-06,5.522993861505698e-06,2051806.0914,11.3321124478022,3.0
2026-09-29 02:12:00+00:00,5.53e-06,5.54e-06,5.53e-06,5.54e-06,618378.0,3.42581412,2.0
2026-09-29 02:13:00+00:00,5.539850958263308e-06,5.5494783539215775e-06,5.539850958263308e-06,5.5494783539215775e-06,11703823.54684,64.95011543130624,4.0
2026-09-29 02:14:00+00:00,5.544426999838408e-06,5.544426999838408e-06,5.53636914304182e-06,5.53636914304182e-06,13551697.40004,75.02719932142152,5.0
2026-09-29 02:15:00+00:00,5.5403708405307505e-06,5.5403708405307505e-06,5.530748974955684e-06,5.5403708405307505e-06,1734681343.21596,9610.77793156642,9.0
2026-09-29 02:16:00+00:00,5.550026274268963e-06,5.550026274268963e-06,5.550026274268963e-06,5.550026274268963e-06,170123593.611122,944.1904144147827,6.0
2026-09-29 02:17:00+00:00,5.549173634754941e-06,5.549173634754941e-06,5.540550910163372e-06,5.540550910163372e-06,10495267.36462,58.14956314945328,3.0
2026-09-29 02:18:00+00:00,5.54e-06,5.54e-06,5.54e-06,5.54e-06,1025675.0,5.6822395000000006,2.0
2026-09-29 02:19:00+00:00,5.55e-06,5.55e-06,5.54e-06,5.55e-06,104849544.0,581.9149692,8.0
2026-09-29 02:20:00+00:00,5.5507724560310254e-06,5.5515449120620515e-06,5.5507724560310254e-06,5.5515449120620515e-06,10949141.0,60.784648010000005,4.0
2026-09-29 02:21:00+00:00,5.55e-06,5.55e-06,5.549978774955541e-06,5.549978774955541e-06,1585847326.0,8801.41899962,9.0
2026-09-29 02:22:00+00:00,5.52440597482612e-06,5.52440597482612e-06,5.516772788582213e-06,5.5183863942911065e-06,518268961.54815996,2860.008385990747,19.0
2026-09-29 02:23:00+00:00,5.5235590130760324e-06,5.526862280929336e-06,5.5235590130760324e-06,5.526862280929336e-06,311267828.0,1720.3344178400002,9.0
2026-09-29 02:24:00+00:00,5.5299999999999996e-06,5.5299999999999996e-06,5.5299999999999996e-06,5.5299999999999996e-06,192296207.0,1063.3980247099998,6.0
2026-09-29 02:25:00+00:00,5.524173785368146e-06,5.524173785368146e-06,5.524173785368146e-06,5.524173785368146e-06,3351251.62432,18.51289637124096,2.0
2026-09-29 02:26:00+00:00,5.53e-06,5.53e-06,5.523608749358349e-06,5.523608749358349e-06,132535159.0,732.07236385,9.0
2026-09-29 02:27:00+00:00,5.513308457044814e-06,5.52e-06,5.513308457044814e-06,5.52e-06,60451140.0,333.69029279999995,4.0
2026-09-29 02:28:00+00:00,5.51e-06,5.51e-06,5.507715376727152e-06,5.507715376727152e-06,172788063.0,951.6674714999999,15.0
2026-09-29 02:29:00+00:00,5.51e-06,5.51e-06,5.51e-06,5.51e-06,26186905.0,144.28984655,3.0
2026-09-29 02:30:00+00:00,5.519651741730204e-06,5.519651741730204e-06,5.515681740515327e-06,5.515681740515327e-06,473424817.50022,2611.2606213927647,28.0
2026-09-29 02:31:00+00:00,5.51e-06,5.51e-06,5.5e-06,5.5e-06,17464425.0,96.0543375,5.0
2026-09-29 02:32:00+00:00,5.519025891550594e-06,5.519025891550594e-06,5.518701188734126e-06,5.518701188734126e-06,64466174.15802,355.76955195900615,7.0
2026-09-29 02:33:00+00:00,5.507333418423303e-06,5.508000063817476e-06,5.507333418423303e-06,5.508000063817476e-06,544481983.53357,2999.0068000503697,9.0
2026-09-29 02:34:00+00:00,5.500532079110167e-06,5.500532079110167e-06,5.500532079110167e-06,5.500532079110167e-06,404550528.61161,2225.243160249136,13.0
2026-09-29 02:35:00+00:00,5.50902735563188e-06,5.50902735563188e-06,5.50902735563188e-06,5.50902735563188e-06,93465909.0,514.9062495,3.0
2026-09-29 02:36:00+00:00,5.52e-06,5.52e-06,5.5e-06,5.5e-06,556845709.0,3062.6513995,7.0
2026-09-29 02:37:00+00:00,5.518319691173063e-06,5.52e-06,5.518319691173063e-06,5.52e-06,7812790.0,43.1266008,5.0
2026-09-29 02:38:00+00:00,5.521118770110585e-06,5.528706832198151e-06,5.521118770110585e-06,5.528706832198151e-06,20877053.896739997,115.42311051507545,9.0
2026-09-29 02:39:00+00:00,5.537809725888574e-06,5.537809725888574e-06,5.530313555894934e-06,5.530313555894934e-06,1658840986.82347,9173.910796503966,13.0
2026-09-29 02:40:00+00:00,5.53e-06,5.53e-06,5.53e-06,5.53e-06,84375000.0,466.59375000000006,1.0
2026-09-29 02:41:00+00:00,5.53e-06,5.53e-06,5.53e-06,5.53e-06,44714103.0,247.26898959000002,2.0
2026-09-29 02:42:00+00:00,5.54e-06,5.54e-06,5.54e-06,5.54e-06,17880675.0,99.05893950000001,1.0
2026-09-29 02:43:00+00:00,5.530000000000001e-06,5.530000000000001e-06,5.530000000000001e-06,5.530000000000001e-06,5319432.0,29.416458960000007,2.0
2026-09-29 02:44:00+00:00,5.53e-06,5.53e-06,5.53e-06,5.53e-06,66172186.0,365.93218858,2.0
2026-09-29 02:45:00+00:00,5.54e-06,5.54e-06,5.54e-06,5.54e-06,19405019.0,107.50380526000001,2.0
2026-09-29 02:46:00+00:00,5.54e-06,5.54e-06,5.54e-06,5.54e-06,7905502.0,43.79648108,2.0
2026-09-29 02:47:00+00:00,5.543805008998745e-06,5.543805008998745e-06,5.543805008998745e-06,5.543805008998745e-06,4032268.13,22.35410825672,2.0
2026-09-29 02:48:00+00:00,5.55e-06,5.55e-06,5.55e-06,5.55e-06,34772434.0,192.98700870000002,4.0
2026-09-29 02:49:00+00:00,5.539e-06,5.539e-06,5.538e-06,5.538e-06,9334844.0,51.696366072000004,2.0
2026-09-29 02:50:00+00:00,5.54e-06,5.54e-06,5.54e-06,5.54e-06,319362400.0,1769.2676960000001,2.0
2026-09-29 02:51:00+00:00,5.538117986893285e-06,5.538117986893285e-06,5.538117986893285e-06,5.538117986893285e-06,2040786.0,11.302113654000001,2.0
2026-09-29 02:52:00+00:00,5.530014611232164e-06,5.530029222464329e-06,5.530014611232164e-06,5.530029222464329e-06,24140220.364238,133.49612405096462,8.0
2026-09-29 02:53:00+00:00,5.53000168784242e-06,5.539972644630181e-06,5.53000168784242e-06,5.539972644630181e-06,4308106674.64988,23866.793127709036,30.0
2026-09-29 02:54:00+00:00,5.53e-06,5.53e-06,5.53e-06,5.53e-06,4659404.0,25.76650412,2.0
2026-09-29 02:55:00+00:00,5.54e-06,5.55e-06,5.54e-06,5.55e-06,31829144.0,176.6517492,4.0
2026-09-29 02:56:00+00:00,5.5492706339555455e-06,5.5492706339555455e-06,5.549237778764882e-06,5.549237778764882e-06,1945606812.79,10796.634828156602,9.0
2026-09-29 02:57:00+00:00,5.54e-06,5.54e-06,5.54e-06,5.54e-06,25270.0,0.1399958,1.0
2026-09-29 02:58:00+00:00,5.55e-06,5.55e-06,5.55e-06,5.55e-06,55429378.0,307.6330479,3.0
2026-09-29 02:59:00+00:00,5.55e-06,5.55e-06,5.55e-06,5.55e-06,84375000.0,468.28125,2.0
2026-09-29 03:00:00+00:00,5.56e-06,5.56e-06,5.56e-06,5.56e-06,249526881.0,1387.36945836,16.0
2026-09-29 03:01:00+00:00,5.56e-06,5.56e-06,5.56e-06,5.56e-06,103417265.0,574.9999934,3.0
2026-09-29 03:02:00+00:00,5.559806786054309e-06,5.559806786054309e-06,5.559806786054309e-06,5.559806786054309e-06,96848223.71896,538.4574114499796,4.0
2026-09-29 03:03:00+00:00,5.562015897035249e-06,5.566397327301402e-06,5.557984102964751e-06,5.557984102964751e-06,24492579.701426998,136.1293686211284,25.0
2026-09-29 03:04:00+00:00,5.55e-06,5.55e-06,5.55e-06,5.55e-06,993763305.0,5515.38634275,4.0
2026-09-29 03:05:00+00:00,5.5494636025190456e-06,5.5494636025190456e-06,5.5494636025190456e-06,5.5494636025190456e-06,13050024.0,72.42063320000001,2.0
2026-09-29 03:06:00+00:00,5.54e-06,5.55e-06,5.54e-06,5.55e-06,7854.0,0.0435897,2.0
2026-09-29 03:07:00+00:00,5.559999372032878e-06,5.559999372032878e-06,5.559999372032878e-06,5.559999372032878e-06,1739024167.0,9668.97327647,5.0
2026-09-29 03:09:00+00:00,5.55e-06,5.55e-06,5.55e-06,5.55e-06,9630649.0,53.450101950000004,1.0
2026-09-29 03:10:00+00:00,5.549395187584927e-06,5.549395187584927e-06,5.549395187584927e-06,5.549395187584927e-06,22355397.68866,124.05893634999701,2.0
2026-09-29 03:11:00+00:00,5.55e-06,5.55e-06,5.54e-06,5.54e-06,30323751.0,167.99358054,7.0
2026-09-29 03:12:00+00:00,5.55e-06,5.55e-06,5.55e-06,5.55e-06,563980.0,3.1300890000000003,1.0
2026-09-29 03:13:00+00:00,5.54e-06,5.54e-06,5.54e-06,5.54e-06,445313465.0,2467.0365961,6.0
2026-09-29 03:14:00+00:00,5.540060352475602e-06,5.540060352475602e-06,5.540060352475602e-06,5.540060352475602e-06,40906296.24616,226.62334999997256,2.0
2026-09-29 03:15:00+00:00,5.55e-06,5.55e-06,5.55e-06,5.55e-06,178378.0,0.9899979,1.0
2026-09-29 03:16:00+00:00,5.55e-06,5.55e-06,5.55e-06,5.55e-06,39229523.0,217.72385265,1.0
2026-09-29 03:17:00+00:00,5.55e-06,5.56e-06,5.55e-06,5.56e-06,2558543.0,14.22549908,3.0
2026-09-29 03:18:00+00:00,5.553141310731804e-06,5.5554438816278975e-06,5.553037412248068e-06,5.5553399831441615e-06,8141986.0,45.231500368,5.0
2026-09-29 03:19:00+00:00,5.560133782533787e-06,5.570133782533787e-06,5.560133782533787e-06,5.570133782533787e-06,85924520.0,478.6110716,5.0
2026-09-29 03:20:00+00:00,5.5793209267244e-06,5.579547284482934e-06,5.5793209267244e-06,5.579547284482934e-06,165336009.51971,922.5000829429424,10.0
2026-09-29 03:21:00+00:00,5.590000000000001e-06,5.590000000000001e-06,5.590000000000001e-06,5.590000000000001e-06,349192553.0,1951.9863712700003,9.0
2026-09-29 03:22:00+00:00,5.580256787127897e-06,5.580288885518883e-06,5.580256787127897e-06,5.580288885518883e-06,557420103.42368,3110.5652076999477,9.0
2026-09-29 03:23:00+00:00,5.5899638209710745e-06,5.5899638209710745e-06,5.5899638209710745e-06,5.5899638209710745e-06,4810798.0,26.892186770000002,3.0
2026-09-29 03:24:00+00:00,5.589387606090353e-06,5.589387606090353e-06,5.589387606090353e-06,5.589387606090353e-06,1588151.0,8.876791516,3.0
2026-09-29 03:25:00+00:00,5.6e-06,5.6e-06,5.590000596815089e-06,5.590000596815089e-06,889672546.0,4973.27006311,9.0
2026-09-29 03:26:00+00:00,5.6e-06,5.6e-06,5.6e-06,5.6e-06,383329366.0,2146.6444496,5.0
2026-09-29 03:27:00+00:00,5.59e-06,5.59e-06,5.59e-06,5.59e-06,110766355.0,619.18392445,2.0
2026-09-29 03:28:00+00:00,5.6e-06,5.6e-06,5.6e-06,5.6e-06,124843945.0,699.126092,2.0
2026-09-29 03:29:00+00:00,5.599986179517726e-06,5.599986179517726e-06,5.599986179517726e-06,5.599986179517726e-06,123599160.0,692.1535878000001,5.0
2026-09-29 03:30:00+00:00,5.590018166992317e-06,5.590020033296021e-06,5.5899685208593895e-06,5.589970387163094e-06,936251086.749871,5233.615849881044,16.0
2026-09-29 03:31:00+00:00,5.581998289441655e-06,5.581998289441655e-06,5.581998289441655e-06,5.581998289441655e-06,4399733.0,24.559302080000002,3.0
2026-09-29 03:32:00+00:00,5.599956910025477e-06,5.599956910025477e-06,5.599956910025477e-06,5.599956910025477e-06,200600722.0,1123.3553993199998,4.0
2026-09-29 03:33:00+00:00,5.6e-06,5.6e-06,5.6e-06,5.6e-06,115955553.0,649.3510967999999,1.0
2026-09-29 03:34:00+00:00,5.61e-06,5.61e-06,5.6e-06,5.6e-06,47266282.0,264.69117919999997,2.0
2026-09-29 03:35:00+00:00,5.59e-06,5.59e-06,5.59e-06,5.59e-06,180000000.0,1006.1999999999999,3.0
2026-09-29 03:36:00+00:00,5.6e-06,5.6e-06,5.6e-06,5.6e-06,174508114.0,977.2454384,5.0
2026-09-29 03:37:00+00:00,5.599170103878273e-06,5.599170103878273e-06,5.599170103878273e-06,5.599170103878273e-06,109603862.0,613.6906673799999,2.0
2026-09-29 03:38:00+00:00,5.596187243275016e-06,5.597138678836925e-06,5.596187243275016e-06,5.597138678836925e-06,94661365.0,529.832787433,7.0
2026-09-29 03:39:00+00:00,5.59e-06,5.59e-06,5.59e-06,5.59e-06,309666312.0,1731.03468408,4.0
2026-09-29 03:40:00+00:00,5.59e-06,5.59e-06,5.59e-06,5.59e-06,1022813268.0,5717.52616812,18.0
2026-09-29 03:41:00+00:00,5.59e-06,5.59e-06,5.59e-06,5.59e-06,170547920.0,953.3628728,4.0
2026-09-29 03:42:00+00:00,5.59e-06,5.59e-06,5.59e-06,5.59e-06,1275036820.0,7127.4558238,16.0
2026-09-29 03:43:00+00:00,5.590261874563261e-06,5.590261874563261e-06,5.5901401517373885e-06,5.5901401517373885e-06,439998477.0,2459.653152981,12.0
2026-09-29 03:44:00+00:00,5.590032321752241e-06,5.590032321752241e-06,5.590032321752241e-06,5.590032321752241e-06,164184168.0,917.79480584,4.0
2026-09-29 03:45:00+00:00,5.589979663677668e-06,5.599911875936564e-06,5.589979663677668e-06,5.589979663677668e-06,146183216.0,817.1612046109999,5.0
2026-09-29 03:46:00+00:00,5.59e-06,5.59e-06,5.59e-06,5.59e-06,1242500.0,6.945575,1.0
2026-09-29 03:47:00+00:00,5.58e-06,5.58e-06,5.58e-06,5.58e-06,268817.0,1.49999886,1.0
2026-09-29 03:48:00+00:00,5.59e-06,5.59e-06,5.59e-06,5.59e-06,51063467.0,285.44478053,2.0
2026-09-29 03:50:00+00:00,5.58e-06,5.59e-06,5.58e-06,5.59e-06,1444392.0,8.07415128,2.0
2026-09-29 03:51:00+00:00,5.587e-06,5.587e-06,5.587e-06,5.587e-06,349123.12097,1.95055087685939,1.0
2026-09-29 03:52:00+00:00,5.5800015711928624e-06,5.5800015711928624e-06,5.58000125695429e-06,5.58000125695429e-06,830260900.0,4632.8568656,18.0
2026-09-29 03:53:00+00:00,5.590002748152113e-06,5.590002748152113e-06,5.589995669901519e-06,5.589995669901519e-06,46904245.0,262.19452645,6.0
2026-09-29 03:54:00+00:00,5.59e-06,5.59e-06,5.59e-06,5.59e-06,1039285.0,5.80960315,2.0
2026-09-29 03:55:00+00:00,5.580085366630173e-06,5.580085366630173e-06,5.580084560012518e-06,5.580084560012518e-06,411595256.0,2296.73633298,10.0
2026-09-29 03:56:00+00:00,5.58e-06,5.581396059983395e-06,5.58e-06,5.581396059983395e-06,260879865.0,1456.07385064,5.0
2026-09-29 03:57:00+00:00,5.58e-06,5.58e-06,5.58e-06,5.58e-06,8616088.0,48.07777104,2.0
2026-09-29 03:58:00+00:00,5.576e-06,5.576e-06,5.575e-06,5.575e-06,44861953.473367,250.10539061402102,5.0
2026-09-29 03:59:00+00:00,5.578e-06,5.578e-06,5.577e-06,5.578e-06,426900.0,2.3812482,5.0
2026-09-29 04:00:00+00:00,5.580000000000001e-06,5.580000000000001e-06,5.57730905162444e-06,5.57730905162444e-06,740619622.47225,4130.664524225155,13.0
2026-09-29 04:01:00+00:00,5.5748672136083985e-06,5.5774336068042e-06,5.5748672136083985e-06,5.5774336068042e-06,180500763.0,1006.7310216100001,4.0
2026-09-29 04:02:00+00:00,5.58e-06,5.58e-06,5.58e-06,5.58e-06,192984314.0,1076.85247212,3.0
2026-09-29 04:03:00+00:00,5.563e-06,5.563e-06,5.563e-06,5.563e-06,1473413.70554,8.196600443919019,1.0
2026-09-29 04:04:00+00:00,5.57e-06,5.57e-06,5.57e-06,5.57e-06,781772.0,4.35447004,1.0
2026-09-29 04:06:00+00:00,5.5655351372838935e-06,5.5655351372838935e-06,5.5655351372838935e-06,5.5655351372838935e-06,5524246.0,30.74538522,4.0
2026-09-29 04:07:00+00:00,5.560113100749123e-06,5.560135720898947e-06,5.560113100749123e-06,5.560135720898947e-06,98306157.0,546.59557512,5.0
2026-09-29 04:08:00+00:00,5.56045727789844e-06,5.56261589728024e-06,5.56045727789844e-06,5.56045727789844e-06,797594140.27117,4434.988142079977,9.0
2026-09-29 04:11:00+00:00,5.58e-06,5.58e-06,5.58e-06,5.58e-06,64745199.0,361.27821042,3.0
2026-09-29 04:12:00+00:00,5.576667442924941e-06,5.576667442924941e-06,5.576667442924941e-06,5.576667442924941e-06,498116.0,2.77782728,5.0
2026-09-29 04:13:00+00:00,5.58e-06,5.58e-06,5.58e-06,5.58e-06,185152009.0,1033.14821022,4.0
2026-09-29 04:14:00+00:00,5.58e-06,5.58e-06,5.58e-06,5.58e-06,258910300.0,1444.719474,4.0
2026-09-29 04:15:00+00:00,5.58e-06,5.58e-06,5.58e-06,5.58e-06,186844661.0,1042.59320838,14.0
2026-09-29 04:16:00+00:00,5.570986554268868e-06,5.5799510567563744e-06,5.570986554268868e-06,5.5799510567563744e-06,10175051.0,56.776286580000004,5.0
2026-09-29 04:17:00+00:00,5.581318571617289e-06,5.59e-06,5.580000000000001e-06,5.588681428382711e-06,448259808.0,2505.1812640599996,6.0
2026-09-29 04:18:00+00:00,5.59e-06,5.59e-06,5.58e-06,5.59e-06,14852114449.0,83023.31976991,45.0
2026-09-29 04:19:00+00:00,5.596e-06,5.596e-06,5.594e-06,5.594e-06,426900.0,2.3880786,5.0
2026-09-29 04:20:00+00:00,5.609395621052036e-06,5.609395621052036e-06,5.609395621052036e-06,5.609395621052036e-06,95448725.0,535.40966005,3.0
2026-09-29 04:21:00+00:00,5.6e-06,5.6e-06,5.6e-06,5.6e-06,84375000.0,472.5,1.0
2026-09-29 04:23:00+00:00,5.605933711137702e-06,5.605933711137702e-06,5.605933711137702e-06,5.605933711137702e-06,2303132.0,12.911205319999999,4.0
2026-09-29 04:24:00+00:00,5.597767131394977e-06,5.597767131394977e-06,5.5972089142437205e-06,5.5972089142437205e-06,80080501.31542501,448.22729581980286,6.0
2026-09-29 04:25:00+00:00,5.599e-06,5.599e-06,5.598e-06,5.598e-06,10445843.73995,58.475833256240094,2.0
2026-09-29 04:26:00+00:00,5.59e-06,5.59e-06,5.58e-06,5.58e-06,120083786.0,670.06752588,4.0
2026-09-29 04:27:00+00:00,5.592988998741585e-06,5.592988998741585e-06,5.5899762700068e-06,5.5899762700068e-06,407771714.0,2279.43420484,8.0
2026-09-29 04:31:00+00:00,5.586e-06,5.586e-06,5.583e-06,5.583e-06,89710604.69813299,500.8543060296765,4.0
2026-09-29 04:32:00+00:00,5.582e-06,5.582e-06,5.582e-06,5.582e-06,5000000.0,27.91,1.0
2026-09-29 04:33:00+00:00,5.579293193710322e-06,5.579293193710322e-06,5.57478245314378e-06,5.57478245314378e-06,99367384.0,553.9515487379999,6.0
2026-09-29 04:34:00+00:00,5.575162589936983e-06,5.575162589936983e-06,5.573441726624655e-06,5.574302158280819e-06,104649339.51752499,583.3470391352017,11.0
2026-09-29 04:35:00+00:00,5.57e-06,5.57e-06,5.57e-06,5.57e-06,23196858.0,129.20649906,3.0
2026-09-29 04:36:00+00:00,5.569960384358626e-06,5.569960384358626e-06,5.569960384358626e-06,5.569960384358626e-06,175710900.0,978.7027521,3.0
2026-09-29 04:39:00+00:00,5.589815926552153e-06,5.589815926552153e-06,5.580828522066006e-06,5.580828522066006e-06,729659246.768843,4072.103135756757,18.0
2026-09-29 04:40:00+00:00,5.580946306059116e-06,5.580946306059116e-06,5.580946306059116e-06,5.580946306059116e-06,93330270.0,520.8712256,3.0
2026-09-29 04:42:00+00:00,5.572489590819717e-06,5.572489590819717e-06,5.571659727213145e-06,5.571659727213145e-06,41498605.07648,231.21610664014662,6.0
2026-09-29 04:44:00+00:00,5.570795807584769e-06,5.570795807584769e-06,5.570795807584769e-06,5.570795807584769e-06,176734218.84599,984.5502454040102,5.0
2026-09-29 04:46:00+00:00,5.560647908253157e-06,5.560647908253157e-06,5.560647908253157e-06,5.560647908253157e-06,26280403.0,146.13606797,2.0
2026-09-29 04:47:00+00:00,5.569978266526714e-06,5.569978266526714e-06,5.56e-06,5.56e-06,1661760618.0,9239.38903608,15.0
2026-09-29 04:50:00+00:00,5.560326166300316e-06,5.560326166300316e-06,5.551257982262347e-06,5.551257982262347e-06,103439503.0,574.21936671,5.0
2026-09-29 04:51:00+00:00,5.565284070605677e-06,5.565284070605677e-06,5.564340884726812e-06,5.564340884726812e-06,9481164.0,52.75642848,3.0
2026-09-29 04:52:00+00:00,5.578453451922237e-06,5.578453451922237e-06,5.578453451922237e-06,5.578453451922237e-06,9001854.0,50.21642351999999,4.0
2026-09-29 04:53:00+00:00,5.58e-06,5.58e-06,5.58e-06,5.58e-06,108478495.0,605.3100021,3.0
2026-09-29 04:54:00+00:00,5.59e-06,5.59e-06,5.59e-06,5.59e-06,19563327.0,109.35899793,1.0
2026-09-29 04:55:00+00:00,5.58e-06,5.58e-06,5.58e-06,5.58e-06,866079.0,4.83272082,2.0
2026-09-29 04:56:00+00:00,5.583003803576228e-06,5.583003803576228e-06,5.580750950894057e-06,5.580750950894057e-06,26134352.0,145.849309775,4.0
2026-09-29 04:59:00+00:00,5.58e-06,5.58e-06,5.58e-06,5.58e-06,10199839.0,56.91510162,1.0
2026-09-29 05:00:00+00:00,5.59e-06,5.59e-06,5.59e-06,5.59e-06,279977.0,1.56507143,1.0
2026-09-29 05:01:00+00:00,5.580553915667958e-06,5.580553915667958e-06,5.580553915667958e-06,5.580553915667958e-06,28826076.57695,160.8654745148427,2.0
2026-09-29 05:02:00+00:00,5.58e-06,5.58e-06,5.58e-06,5.58e-06,138439461.0,772.49219238,2.0
2026-09-29 05:03:00+00:00,5.59e-06,5.59e-06,5.59e-06,5.59e-06,138427829.0,773.81156411,3.0
2026-09-29 05:04:00+00:00,5.577356393837089e-06,5.577356393837089e-06,5.573965409244366e-06,5.573965409244366e-06,6613698.58422,36.864527135610714,3.0
2026-09-29 05:05:00+00:00,5.580898763891068e-06,5.583595055564275e-06,5.580898763891068e-06,5.583595055564275e-06,53089278.6847,296.4290339673648,6.0
2026-09-29 05:06:00+00:00,5.569183682448743e-06,5.569183682448743e-06,5.568367364897486e-06,5.568367364897486e-06,11395754.0,63.45574467199999,5.0
2026-09-29 05:07:00+00:00,5.57e-06,5.57e-06,5.57e-06,5.57e-06,136584727.0,760.77692939,3.0
2026-09-29 05:08:00+00:00,5.570280698728599e-06,5.570280698728599e-06,5.570280698728599e-06,5.570280698728599e-06,117301335.83067,653.4013669126625,2.0
2026-09-29 05:09:00+00:00,5.57e-06,5.58e-06,5.57e-06,5.57e-06,218587354.0,1217.53156178,12.0
2026-09-29 05:10:00+00:00,5.56e-06,5.56e-06,5.56e-06,5.56e-06,1769120.0,9.8363072,1.0
2026-09-29 05:11:00+00:00,5.57e-06,5.57e-06,5.57e-06,5.57e-06,89141904.0,496.52040528,3.0
2026-09-29 05:12:00+00:00,5.58e-06,5.58e-06,5.58e-06,5.58e-06,893585.0,4.9862043,1.0
2026-09-29 05:13:00+00:00,5.58e-06,5.58e-06,5.58e-06,5.58e-06,238875864.0,1332.92732112,4.0
2026-09-29 05:14:00+00:00,5.58e-06,5.58e-06,5.58e-06,5.58e-06,84375000.0,470.8125,1.0
2026-09-29 05:15:00+00:00,5.59e-06,5.59e-06,5.59e-06,5.59e-06,8860370.0,49.5294683,1.0
2026-09-29 05:16:00+00:00,5.580000000000001e-06,5.580000000000001e-06,5.580000000000001e-06,5.580000000000001e-06,54793885.86021,305.74988309997184,2.0
2026-09-29 05:17:00+00:00,5.570025558248801e-06,5.570025558248801e-06,5.560662666680452e-06,5.560662666680452e-06,1283832091.0,7138.95717871,22.0
2026-09-29 05:19:00+00:00,5.58e-06,5.58e-06,5.58e-06,5.58e-06,1194499700.0,6665.308326,5.0
2026-09-29 05:20:00+00:00,5.58e-06,5.58e-06,5.58e-06,5.58e-06,23983634.0,133.82867772,3.0
2026-09-29 05:21:00+00:00,5.584e-06,5.584e-06,5.584e-06,5.584e-06,3000000.0,16.752000000000002,1.0
2026-09-29 05:23:00+00:00,5.584001010586046e-06,5.584001010586046e-06,5.584001010586046e-06,5.584001010586046e-06,286764300.0,1601.2921410000001,4.0
2026-09-29 05:24:00+00:00,5.59e-06,5.59e-06,5.59e-06,5.59e-06,200000.0,1.1179999999999999,1.0
2026-09-29 05:25:00+00:00,5.5973034762627616e-06,5.5973034762627616e-06,5.5966069525255235e-06,5.5966069525255235e-06,1263199.7914800001,7.069632735425761,7.0
2026-09-29 05:27:00+00:00,5.597998091934829e-06,5.597998091934829e-06,5.597998091934829e-06,5.597998091934829e-06,22116645.0,123.80893650999998,3.0
2026-09-29 05:28:00+00:00,5.587359258150573e-06,5.587359258150573e-06,5.587359258150573e-06,5.587359258150573e-06,67818243.32716,378.92488972551575,2.0
2026-09-29 05:29:00+00:00,5.6e-06,5.6e-06,5.6e-06,5.6e-06,438689.0,2.4566584,1.0
2026-09-29 05:30:00+00:00,5.586e-06,5.587e-06,5.586e-06,5.587e-06,11789502.488359999,65.86795040246732,2.0
2026-09-29 05:31:00+00:00,5.58e-06,5.58e-06,5.58e-06,5.58e-06,177612.0,0.99107496,1.0
2026-09-29 05:32:00+00:00,5.57e-06,5.57e-06,5.57e-06,5.57e-06,84799147.0,472.33124879,3.0
2026-09-29 05:34:00+00:00,5.558937164113082e-06,5.558937164113082e-06,5.541062835886918e-06,5.541062835886918e-06,388868785.0,2154.7463726,14.0
2026-09-29 05:35:00+00:00,5.5399999999999995e-06,5.5399999999999995e-06,5.5399999999999995e-06,5.5399999999999995e-06,100383714.0,556.12577556,3.0
2026-09-29 05:37:00+00:00,5.540132944006968e-06,5.540132944006968e-06,5.540132944006968e-06,5.540132944006968e-06,13443134.11552,74.47675018409633,2.0
2026-09-29 05:38:00+00:00,5.53995475801689e-06,5.53995475801689e-06,5.53995475801689e-06,5.53995475801689e-06,10488046.0,58.10330034000001,3.0
2026-09-29 05:39:00+00:00,5.55e-06,5.55e-06,5.55e-06,5.55e-06,2654778900.0,14734.022895,4.0
2026-09-29 05:40:00+00:00,5.56e-06,5.57e-06,5.56e-06,5.57e-06,424550.0,2.3647435,2.0
2026-09-29 05:41:00+00:00,5.559993907662884e-06,5.559993907662884e-06,5.559993907662884e-06,5.559993907662884e-06,116753224.0,649.14721414,6.0
2026-09-29 05:42:00+00:00,5.568614404994079e-06,5.568614404994079e-06,5.568614404994079e-06,5.568614404994079e-06,15071287.0,83.92618589,5.0
2026-09-29 05:43:00+00:00,5.5831409234504516e-06,5.5831409234504516e-06,5.5831409234504516e-06,5.5831409234504516e-06,16959264.0,94.68596087,4.0
2026-09-29 05:44:00+00:00,5.589948114747258e-06,5.589948114747258e-06,5.5899308196630105e-06,5.5899308196630105e-06,19196206.0,107.30546354,5.0
2026-09-29 05:47:00+00:00,5.573893299336607e-06,5.574671959203928e-06,5.573893299336607e-06,5.574671959203928e-06,298638774.63196,1664.8132028718087,6.0
2026-09-29 05:48:00+00:00,5.58e-06,5.58e-06,5.58e-06,5.58e-06,4642822.0,25.90694676,2.0
2026-09-29 05:49:00+00:00,5.584378766079874e-06,5.597590899748518e-06,5.584378766079874e-06,5.595984832914195e-06,944529281.65955,5285.571534410182,24.0
2026-09-29 05:50:00+00:00,5.5982783322427105e-06,5.5982783322427105e-06,5.5982783322427105e-06,5.5982783322427105e-06,217564289.39817,1217.9854472075576,3.0
2026-09-29 05:53:00+00:00,5.6e-06,5.6e-06,5.6e-06,5.6e-06,87718693.0,491.2246808,3.0
2026-09-29 05:54:00+00:00,5.603e-06,5.603e-06,5.602e-06,5.602e-06,517073597.0,2896.646290394,8.0
2026-09-29 05:55:00+00:00,5.601999668728414e-06,5.601999668728414e-06,5.601999668728414e-06,5.601999668728414e-06,161661918.43086,905.6300134956778,2.0
2026-09-29 05:56:00+00:00,5.602592588651313e-06,5.602592588651313e-06,5.602592588651313e-06,5.602592588651313e-06,7517768.0,42.11899128,2.0
2026-09-29 05:59:00+00:00,5.61e-06,5.61e-06,5.61e-06,5.61e-06,278434.0,1.56201474,1.0
2026-09-29 06:00:00+00:00,5.61e-06,5.61e-06,5.61e-06,5.61e-06,96303861.0,540.26466021,7.0
2026-09-29 06:02:00+00:00,5.61e-06,5.61e-06,5.61e-06,5.61e-06,379600.0,2.129556,1.0
2026-09-29 06:03:00+00:00,5.61e-06,5.61e-06,5.61e-06,5.61e-06,2160428.0,12.12000108,1.0
2026-09-29 06:04:00+00:00,5.61e-06,5.61e-06,5.61e-06,5.61e-06,36008705.0,202.00883505,1.0
2026-09-29 06:05:00+00:00,5.61e-06,5.62e-06,5.6e-06,5.61e-06,67443473.0,378.35788353,6.0
2026-09-29 06:06:00+00:00,5.6102373212563675e-06,5.619050714974531e-06,5.6102373212563675e-06,5.6102373212563675e-06,10455827.0,58.65967086,5.0
2026-09-29 06:07:00+00:00,5.619277837638257e-06,5.619277837638257e-06,5.619277837638257e-06,5.619277837638257e-06,14059046.353026,79.00168758988796,5.0
2026-09-29 06:08:00+00:00,5.62e-06,5.62e-06,5.62e-06,5.62e-06,355871.0,1.99999502,1.0
2026-09-29 06:09:00+00:00,5.620729162749464e-06,5.629817709312634e-06,5.620729162749464e-06,5.629817709312634e-06,9440197.0,53.14658825,3.0
2026-09-29 06:11:00+00:00,5.631859568504581e-06,5.6409297842522906e-06,5.631859568504581e-06,5.6409297842522906e-06,2358773386.3722095,13305.675049488633,27.0
2026-09-29 06:12:00+00:00,5.6419279705405025e-06,5.642981870499395e-06,5.639940005448668e-06,5.639999922861644e-06,11060645429.724468,62382.03937044599,21.0
2026-09-29 06:13:00+00:00,5.640033690343169e-06,5.6496967869114755e-06,5.640033690343169e-06,5.6496967869114755e-06,206614102.0,1167.3070281999999,8.0
2026-09-29 06:14:00+00:00,5.639e-06,5.639e-06,5.639e-06,5.639e-06,1692152.353026,9.542047118713613,1.0
2026-09-29 06:15:00+00:00,5.65e-06,5.65e-06,5.65e-06,5.65e-06,193411152.0,1092.7730088,17.0
2026-09-29 06:16:00+00:00,5.64e-06,5.64e-06,5.64e-06,5.64e-06,46044765.0,259.6924746,1.0
2026-09-29 06:17:00+00:00,5.639478680029226e-06,5.639478680029226e-06,5.639478680029226e-06,5.639478680029226e-06,1430323873.6319299,8066.2809908840845,22.0
2026-09-29 06:18:00+00:00,5.64e-06,5.64e-06,5.64e-06,5.64e-06,5266383916.990729,29702.405291827716,38.0
2026-09-29 06:20:00+00:00,5.642e-06,5.642e-06,5.641e-06,5.641e-06,32392654.596,182.726964576036,3.0
2026-09-29 06:21:00+00:00,5.64e-06,5.64e-06,5.64e-06,5.64e-06,71124664.0,401.14310496,1.0
2026-09-29 06:22:00+00:00,5.64515015414686e-06,5.645582209613472e-06,5.6395679445333884e-06,5.643721473075648e-06,5865394621.372781,33102.65357270397,52.0
2026-09-29 06:23:00+00:00,5.64026832820332e-06,5.64026832820332e-06,5.64026832820332e-06,5.64026832820332e-06,141034746.0,795.47381104,10.0
2026-09-29 06:25:00+00:00,5.64e-06,5.64e-06,5.64e-06,5.64e-06,503984.0,2.84246976,1.0
2026-09-29 06:26:00+00:00,5.64e-06,5.64e-06,5.64e-06,5.64e-06,825155305.6999999,4653.875924148,5.0
2026-09-29 06:27:00+00:00,5.63e-06,5.63e-06,5.63e-06,5.63e-06,85413900.0,480.88025700000003,5.0
2026-09-29 06:28:00+00:00,5.6392644521339165e-06,5.6392644521339165e-06,5.6392644521339165e-06,5.6392644521339165e-06,18958100.0,106.90973941,2.0
2026-09-29 06:29:00+00:00,5.641e-06,5.641e-06,5.641e-06,5.641e-06,213354662.66801,1203.5336521102442,3.0
2026-09-29 06:30:00+00:00,5.638910760258387e-06,5.640810069114399e-06,5.638910760258387e-06,5.640810069114399e-06,237575531.0,1340.11844744,5.0
2026-09-29 06:31:00+00:00,5.65e-06,5.65e-06,5.65e-06,5.65e-06,233816521.78443,1321.0633480820295,4.0
2026-09-29 06:32:00+00:00,5.65e-06,5.65e-06,5.65e-06,5.65e-06,43420716.0,245.3270454,1.0
2026-09-29 06:33:00+00:00,5.6499955537302444e-06,5.6499955537302444e-06,5.6499955537302444e-06,5.6499955537302444e-06,85464900.0,482.87630499999995,8.0
2026-09-29 06:34:00+00:00,5.651940736038889e-06,5.656792576136113e-06,5.651940736038889e-06,5.655822208116668e-06,182226597.70962,1030.6412382356107,7.0
2026-09-29 06:35:00+00:00,5.6529829492425045e-06,5.6529829492425045e-06,5.646960214899177e-06,5.646960214899177e-06,210543666.51699,1188.9317083204426,8.0
2026-09-29 06:36:00+00:00,5.650993116488404e-06,5.650993116488404e-06,5.650993116488404e-06,5.650993116488404e-06,44546594.52964,251.73249904999562,2.0
2026-09-29 06:37:00+00:00,5.655997094450401e-06,5.655997094450401e-06,5.654997578708668e-06,5.654997578708668e-06,51166911.78092,289.3487622311026,3.0
2026-09-29 06:38:00+00:00,5.65e-06,5.65e-06,5.65e-06,5.65e-06,25394840.0,143.480846,2.0
2026-09-29 06:39:00+00:00,5.648970215948144e-06,5.648970215948144e-06,5.648962769935181e-06,5.648962769935181e-06,44587620.46379,251.8738079999497,5.0
2026-09-29 06:40:00+00:00,5.65e-06,5.65e-06,5.65e-06,5.65e-06,2654365.0,14.99716225,1.0
2026-09-29 06:41:00+00:00,5.65e-06,5.65e-06,5.65e-06,5.65e-06,84375000.0,476.71875,4.0
2026-09-29 06:43:00+00:00,5.650518317346777e-06,5.650518317346777e-06,5.650518317346777e-06,5.650518317346777e-06,13456862.68016,76.03824906826432,5.0
2026-09-29 06:45:00+00:00,5.653999925246964e-06,5.653999925246964e-06,5.653999925246964e-06,5.653999925246964e-06,385054596.0,2177.098657,6.0
2026-09-29 06:46:00+00:00,5.659935274875397e-06,5.659935274875397e-06,5.659935274875397e-06,5.659935274875397e-06,44449508.86769,251.5813431911254,3.0
2026-09-29 06:47:00+00:00,5.661e-06,5.661e-06,5.661e-06,5.661e-06,6960900.0,39.405654899999995,1.0
2026-09-29 06:48:00+00:00,5.66e-06,5.67e-06,5.66e-06,5.66e-06,531040453.0,3005.68896398,18.0
2026-09-29 06:50:00+00:00,5.66e-06,5.66e-06,5.66e-06,5.66e-06,97593231.0,552.37768746,2.0
2026-09-29 06:51:00+00:00,5.661846162652494e-06,5.661846162652494e-06,5.661846162652494e-06,5.661846162652494e-06,1857121.67202,10.51473721230522,2.0
2026-09-29 06:52:00+00:00,5.67e-06,5.67e-06,5.67e-06,5.67e-06,44886062.75837,254.5039758399579,4.0
2026-09-29 06:53:00+00:00,5.675813489408069e-06,5.677751319210758e-06,5.675813489408069e-06,5.677751319210758e-06,90892328.55047,516.0640383335686,5.0
2026-09-29 06:54:00+00:00,5.681649033528939e-06,5.681649033528939e-06,5.6808245167644696e-06,5.681649033528939e-06,70257075.91251001,399.1760474568818,8.0
2026-09-29 06:55:00+00:00,5.688765746998606e-06,5.688765746998606e-06,5.688765746998606e-06,5.688765746998606e-06,24028523.97677,136.6926441499839,3.0
2026-09-29 06:56:00+00:00,5.69e-06,5.69e-06,5.69e-06,5.69e-06,205385530.0,1168.6436657,9.0
2026-09-29 06:58:00+00:00,5.68e-06,5.69e-06,5.68e-06,5.69e-06,6543966.0,37.23516654,2.0
2026-09-29 06:59:00+00:00,5.69e-06,5.69e-06,5.68e-06,5.68e-06,52094228.0,295.89521504,2.0
2026-09-29 07:00:00+00:00,5.6803597452171266e-06,5.6803597452171266e-06,5.6803597452171266e-06,5.6803597452171266e-06,2444806585.1627,13887.380911199949,13.0
2026-09-29 07:01:00+00:00,5.678768768647794e-06,5.679766976198353e-06,5.6786522567469695e-06,5.679650464297529e-06,153199555.979616,870.1199292498012,8.0
2026-09-29 07:02:00+00:00,5.68e-06,5.68e-06,5.68e-06,5.68e-06,6960900.0,39.537912,1.0
2026-09-29 07:03:00+00:00,5.68e-06,5.68e-06,5.68e-06,5.68e-06,84375000.0,479.25,1.0
2026-09-29 07:04:00+00:00,5.690000000000001e-06,5.690000000000001e-06,5.690000000000001e-06,5.690000000000001e-06,246629601.0,1403.32242969,5.0
2026-09-29 07:05:00+00:00,5.7e-06,5.7e-06,5.7e-06,5.7e-06,179419300.0,1022.6900099999999,2.0
2026-09-29 07:06:00+00:00,5.7e-06,5.700001851204048e-06,5.7e-06,5.700001851204048e-06,131492798.0,749.50919202,12.0
2026-09-29 07:07:00+00:00,5.7e-06,5.7e-06,5.7e-06,5.7e-06,91289406.0,520.3496142,1.0
2026-09-29 07:08:00+00:00,5.703888854055984e-06,5.703888854055984e-06,5.7e-06,5.7e-06,8995326.0,51.2733582,3.0
2026-09-29 07:09:00+00:00,5.711612576462733e-06,5.719193711768633e-06,5.711612576462733e-06,5.719193711768633e-06,1424676548.80727,8148.001159242777,32.0
2026-09-29 07:10:00+00:00,5.714871861181563e-06,5.714871861181563e-06,5.709025627763687e-06,5.709025627763687e-06,520357420.28011,2970.733847976148,14.0
2026-09-29 07:11:00+00:00,5.703879351049077e-06,5.703879351049077e-06,5.703879351049077e-06,5.703879351049077e-06,22129768.656850003,126.2255304852998,2.0
2026-09-29 07:13:00+00:00,5.7e-06,5.7e-06,5.7e-06,5.7e-06,19751.0,0.11258069999999999,1.0
2026-09-29 07:14:00+00:00,5.704e-06,5.704e-06,5.704e-06,5.704e-06,7204560.6034,41.0948136817936,2.0
2026-09-29 07:15:00+00:00,5.707845391917089e-06,5.7098067398963615e-06,5.707845391917089e-06,5.7098067398963615e-06,51743737.12784,295.44673899996644,3.0
2026-09-29 07:16:00+00:00,5.708e-06,5.711e-06,5.708e-06,5.711e-06,69147570.72316,394.90177639996676,3.0
2026-09-29 07:17:00+00:00,5.710000000000001e-06,5.7181386164750684e-06,5.710000000000001e-06,5.7181386164750684e-06,235216636.12783998,1345.0013302799666,10.0
2026-09-29 07:19:00+00:00,5.710998276370317e-06,5.710998276370317e-06,5.710998276370317e-06,5.710998276370317e-06,43835401.96534,250.34390506805676,2.0
2026-09-29 07:20:00+00:00,5.71e-06,5.71e-06,5.71e-06,5.71e-06,84375000.0,481.78125000000006,2.0
2026-09-29 07:22:00+00:00,5.707011449123345e-06,5.707011449123345e-06,5.707011449123345e-06,5.707011449123345e-06,43973672.46188,250.9582521999491,2.0
2026-09-29 07:23:00+00:00,5.71e-06,5.71e-06,5.71e-06,5.71e-06,12140599.0,69.32282029000001,2.0
2026-09-29 07:24:00+00:00,5.712999902494712e-06,5.712999902494712e-06,5.710999967498237e-06,5.710999967498237e-06,231556673.17778003,1322.4201529923016,6.0
2026-09-29 07:28:00+00:00,5.71e-06,5.71e-06,5.71e-06,5.71e-06,84375000.0,481.78125000000006,1.0
2026-09-29 07:30:00+00:00,5.71e-06,5.71e-06,5.71e-06,5.71e-06,118592631.0,677.1639230100001,5.0
2026-09-29 07:31:00+00:00,5.71e-06,5.711e-06,5.71e-06,5.711e-06,16960900.0,96.8636999,3.0
2026-09-29 07:32:00+00:00,5.72e-06,5.72e-06,5.72e-06,5.72e-06,170316345.0,974.2094934,3.0
2026-09-29 07:33:00+00:00,5.72037214655158e-06,5.72037214655158e-06,5.72037214655158e-06,5.72037214655158e-06,26202958.93646,149.8906764573606,2.0
2026-09-29 07:34:00+00:00,5.718e-06,5.72e-06,5.718e-06,5.72e-06,341058.757528,1.95085609306016,5.0
2026-09-29 07:35:00+00:00,5.722721703267141e-06,5.722721703267141e-06,5.722721703267141e-06,5.722721703267141e-06,3865888.0,22.123401160000004,3.0
2026-09-29 07:36:00+00:00,5.72e-06,5.72e-06,5.72e-06,5.72e-06,540600.0,3.092232,1.0
2026-09-29 07:37:00+00:00,5.728905448460478e-06,5.73e-06,5.728905448460478e-06,5.73e-06,54816971.0,314.10124383,10.0
2026-09-29 07:39:00+00:00,5.733737853702807e-06,5.733737853702807e-06,5.7330824879598254e-06,5.7330824879598254e-06,132428939.0,759.22603108,5.0
2026-09-29 07:40:00+00:00,5.731999967869865e-06,5.733999935739728e-06,5.731999967869865e-06,5.733999935739728e-06,326235781.99999994,1870.6359530239997,7.0
2026-09-29 07:42:00+00:00,5.72e-06,5.72e-06,5.72e-06,5.72e-06,4000000.0,22.880000000000003,1.0
2026-09-29 07:43:00+00:00,5.729e-06,5.729e-06,5.729e-06,5.729e-06,19054486.73184,109.16315448671135,2.0
2026-09-29 07:44:00+00:00,5.729857435202028e-06,5.729857435202028e-06,5.729857435202028e-06,5.729857435202028e-06,146478656.0,839.3018161800002,3.0
2026-09-29 07:45:00+00:00,5.73e-06,5.73e-06,5.73e-06,5.73e-06,204324084.0,1170.77700132,3.0
2026-09-29 07:46:00+00:00,5.73e-06,5.73e-06,5.73e-06,5.73e-06,40387683.0,231.42142359000002,3.0
2026-09-29 07:47:00+00:00,5.739145404089499e-06,5.7408545959105e-06,5.739145404089499e-06,5.7408545959105e-06,254760097.37834,1462.54067588905,11.0
2026-09-29 07:48:00+00:00,5.743e-06,5.743e-06,5.743e-06,5.743e-06,26433673.06907,151.80858443566902,3.0
2026-09-29 07:49:00+00:00,5.7430161174459694e-06,5.747006907476845e-06,5.7430161174459694e-06,5.747006907476845e-06,2569389.72084,14.766300473667483,3.0
2026-09-29 07:50:00+00:00,5.74e-06,5.74e-06,5.74e-06,5.74e-06,232590.0,1.3350666,1.0
2026-09-29 07:51:00+00:00,5.749986221876127e-06,5.749986221876127e-06,5.749986221876127e-06,5.749986221876127e-06,505213922.0,2904.9730906,12.0
2026-09-29 07:52:00+00:00,5.756455322428433e-06,5.756455322428433e-06,5.756455322428433e-06,5.756455322428433e-06,44730531.0,257.48930325000003,3.0
2026-09-29 07:53:00+00:00,5.754418170787293e-06,5.76e-06,5.754418170787293e-06,5.76e-06,86998674.0,501.11236224,10.0
2026-09-29 07:54:00+00:00,5.77e-06,5.77e-06,5.77e-06,5.77e-06,27055082.0,156.10782314,2.0
2026-09-29 07:55:00+00:00,5.759999999999999e-06,5.759999999999999e-06,5.759999999999999e-06,5.759999999999999e-06,1050550362.0,6051.170085119999,15.0
2026-09-29 07:56:00+00:00,5.760000000000001e-06,5.763556310212417e-06,5.760000000000001e-06,5.763556310212417e-06,14098661.21568,81.25842781517952,9.0
2026-09-29 07:57:00+00:00,5.76e-06,5.76e-06,5.76e-06,5.76e-06,48296077.0,278.18540352,3.0
2026-09-29 07:58:00+00:00,5.7506965930636855e-06,5.7506965930636855e-06,5.7506965930636855e-06,5.7506965930636855e-06,194183016.10277,1116.6876091330303,28.0
2026-09-29 07:59:00+00:00,5.75e-06,5.75e-06,5.75e-06,5.75e-06,781929.0,4.49609175,3.0
2026-09-29 08:00:00+00:00,5.750430081963249e-06,5.769563381817935e-06,5.750430081963249e-06,5.759996731890592e-06,10649735263.0,61342.44031037999,55.0
2026-09-29 08:01:00+00:00,5.76e-06,5.76e-06,5.76e-06,5.76e-06,8756497.0,50.43742272,1.0
2026-09-29 08:03:00+00:00,5.7499913347689155e-06,5.7499913347689155e-06,5.7499913347689155e-06,5.7499913347689155e-06,95785097.0,550.76347775,4.0
2026-09-29 08:04:00+00:00,5.745446211504451e-06,5.745446211504451e-06,5.745223105752225e-06,5.745223105752225e-06,1488083.55091,8.54937199997795,5.0
2026-09-29 08:06:00+00:00,5.749900821644818e-06,5.749900821644818e-06,5.740099178355182e-06,5.740099178355182e-06,87741001.64503,503.6420514506974,3.0
2026-09-29 08:07:00+00:00,5.740000000000001e-06,5.740000000000001e-06,5.7370330198265575e-06,5.7370330198265575e-06,144509714.3243,829.0570027642119,8.0
2026-09-29 08:08:00+00:00,5.7301004140763655e-06,5.7301004140763655e-06,5.7301004140763655e-06,5.7301004140763655e-06,93369134.07177,535.0145138066009,5.0
2026-09-29 08:09:00+00:00,5.73e-06,5.73e-06,5.73e-06,5.73e-06,8074028.0,46.264180440000004,1.0
2026-09-29 08:10:00+00:00,5.73040160323863e-06,5.74e-06,5.720803206477259e-06,5.74e-06,7599473576.0,43620.97832624,37.0
2026-09-29 08:11:00+00:00,5.729999999999999e-06,5.729999999999999e-06,5.729999999999999e-06,5.729999999999999e-06,261212593.0,1496.74815789,5.0
2026-09-29 08:12:00+00:00,5.74e-06,5.74e-06,5.74e-06,5.74e-06,350033600.0,2009.192864,2.0
2026-09-29 08:13:00+00:00,5.74e-06,5.741633118021497e-06,5.74e-06,5.741633118021497e-06,410708339.0,2358.13660105,6.0
2026-09-29 08:15:00+00:00,5.743039881479125e-06,5.743039881479125e-06,5.742045578833286e-06,5.742045578833286e-06,35104013.9616,201.5688481675072,4.0
2026-09-29 08:16:00+00:00,5.76e-06,5.761501496686573e-06,5.76e-06,5.761501496686573e-06,256110402.0,1475.5804644399998,7.0
2026-09-29 08:17:00+00:00,5.761241177814135e-06,5.761241177814135e-06,5.761241177814135e-06,5.761241177814135e-06,222429954.13678,1281.4726109521264,4.0
2026-09-29 08:18:00+00:00,5.75e-06,5.75e-06,5.75e-06,5.75e-06,185690272.0,1067.719064,2.0
2026-09-29 08:19:00+00:00,5.75876133751261e-06,5.75876133751261e-06,5.750530855351737e-06,5.750530855351737e-06,113069924.92179,650.2120920750577,8.0
2026-09-29 08:20:00+00:00,5.75e-06,5.75e-06,5.75e-06,5.75e-06,22812732.0,131.173209,2.0
2026-09-29 08:21:00+00:00,5.76e-06,5.77e-06,5.76e-06,5.77e-06,55446796.0,319.92801292,5.0
2026-09-29 08:22:00+00:00,5.774282740828394e-06,5.780219133387668e-06,5.774282740828394e-06,5.779123466449324e-06,2085184898.78688,12050.540980465017,27.0
2026-09-29 08:23:00+00:00,5.779330272580054e-06,5.779330272580054e-06,5.760539528299095e-06,5.760539528299095e-06,426250190.0,2455.4310684399998,10.0
2026-09-29 08:24:00+00:00,5.750608364587009e-06,5.750608364587009e-06,5.750608364587009e-06,5.750608364587009e-06,91535900.0,526.3871122,4.0
2026-09-29 08:26:00+00:00,5.76e-06,5.76e-06,5.76e-06,5.76e-06,671136.0,3.8657433599999997,1.0
2026-09-29 08:27:00+00:00,5.77e-06,5.77e-06,5.77e-06,5.77e-06,534259536.0,3082.67752272,11.0
2026-09-29 08:28:00+00:00,5.772e-06,5.772e-06,5.772e-06,5.772e-06,334730.64264,1.9320652693180798,1.0
2026-09-29 08:29:00+00:00,5.765e-06,5.765e-06,5.765e-06,5.765e-06,6960900.0,40.1295885,1.0
2026-09-29 08:30:00+00:00,5.76720776383894e-06,5.76720776383894e-06,5.759441552767788e-06,5.766649316606728e-06,99343204.91074,572.877424708041,5.0
2026-09-29 08:31:00+00:00,5.75e-06,5.76e-06,5.75e-06,5.76e-06,470961.0,2.71273536,2.0
2026-09-29 08:33:00+00:00,5.74e-06,5.74e-06,5.74e-06,5.74e-06,77699656.0,445.99602544,3.0
2026-09-29 08:34:00+00:00,5.74e-06,5.74e-06,5.74e-06,5.74e-06,3221983.0,18.49418242,3.0
2026-09-29 08:35:00+00:00,5.74e-06,5.74e-06,5.74e-06,5.74e-06,24253977.0,139.21782798,1.0
2026-09-29 08:36:00+00:00,5.730142096679303e-06,5.730142096679303e-06,5.730142096679303e-06,5.730142096679303e-06,8177531.0,46.85841463,5.0
2026-09-29 08:37:00+00:00,5.73e-06,5.73e-06,5.73e-06,5.73e-06,185933677.0,1065.39996921,7.0
2026-09-29 08:38:00+00:00,5.729882625828604e-06,5.730000000000001e-06,5.729765251657207e-06,5.730000000000001e-06,296592388.88841,1699.4743883305894,9.0
2026-09-29 08:39:00+00:00,5.7363305236643935e-06,5.7363305236643935e-06,5.7363305236643935e-06,5.7363305236643935e-06,45930486.572225,263.4724520910118,3.0
2026-09-29 08:40:00+00:00,5.740232910566066e-06,5.740232910566066e-06,5.730698731698198e-06,5.740232910566066e-06,100903824.37047,579.2114534533501,5.0
2026-09-29 08:42:00+00:00,5.74e-06,5.74e-06,5.74e-06,5.74e-06,11121032.0,63.83472368,1.0
2026-09-29 08:43:00+00:00,5.74e-06,5.74e-06,5.74e-06,5.74e-06,8710801.0,49.99999774,1.0
2026-09-29 08:44:00+00:00,5.741000000000001e-06,5.741000000000001e-06,5.741000000000001e-06,5.741000000000001e-06,1116543.0,6.410073363,2.0
2026-09-29 08:47:00+00:00,5.743e-06,5.743e-06,5.743e-06,5.743e-06,6079451.01844,34.914287198900915,1.0
2026-09-29 08:48:00+00:00,5.747213980495736e-06,5.747213980495736e-06,5.747213980495736e-06,5.747213980495736e-06,129766500.0,745.795843,4.0
2026-09-29 08:49:00+00:00,5.751e-06,5.751e-06,5.751e-06,5.751e-06,133200.0,0.7660332,1.0
2026-09-29 08:50:00+00:00,5.74e-06,5.74e-06,5.74e-06,5.74e-06,10369141.0,59.51886934,1.0
2026-09-29 08:53:00+00:00,5.736489608051379e-06,5.736489608051379e-06,5.73577319204551e-06,5.73577319204551e-06,23791325.108740002,136.4616447619501,7.0
2026-09-29 08:54:00+00:00,5.739655875287274e-06,5.739655875287274e-06,5.7393117505745474e-06,5.7393117505745474e-06,44845271.0,257.380990808,4.0
2026-09-29 08:57:00+00:00,5.740087836178371e-06,5.740087836178371e-06,5.740087836178371e-06,5.740087836178371e-06,102084970.73977,585.9766987999787,2.0
2026-09-29 08:58:00+00:00,5.749030545600371e-06,5.749030545600371e-06,5.749030545600371e-06,5.749030545600371e-06,1027382.0,5.9064505,3.0
2026-09-29 09:00:00+00:00,5.74e-06,5.75e-06,5.74e-06,5.74e-06,2170975923.0,12461.40179802,12.0
2026-09-29 09:02:00+00:00,5.750879151718415e-06,5.751172202291221e-06,5.750879151718415e-06,5.751172202291221e-06,118608977.91901,682.1406567499835,6.0
2026-09-29 09:04:00+00:00,5.745e-06,5.745e-06,5.745e-06,5.745e-06,166000.0,0.95367,2.0
2026-09-29 09:05:00+00:00,5.75e-06,5.75e-06,5.75e-06,5.75e-06,644261.0,3.70450075,1.0
2026-09-29 09:09:00+00:00,5.74e-06,5.74e-06,5.74e-06,5.74e-06,2732504.0,15.68457296,1.0
2026-09-29 09:10:00+00:00,5.7419348727411135e-06,5.743869745482226e-06,5.7419348727411135e-06,5.742579830321484e-06,19518208.577,112.084870898288,4.0
2026-09-29 09:11:00+00:00,5.7400684894090405e-06,5.7400684894090405e-06,5.7400684894090405e-06,5.7400684894090405e-06,107140936.72,614.99631479224,5.0
2026-09-29 09:12:00+00:00,5.748316121492762e-06,5.748316121492762e-06,5.748316121492762e-06,5.748316121492762e-06,13029169.798,74.89578679951,5.0
2026-09-29 09:13:00+00:00,5.75e-06,5.75e-06,5.75e-06,5.75e-06,52474215.0,301.72673625,5.0
2026-09-29 09:14:00+00:00,5.75e-06,5.75e-06,5.75e-06,5.75e-06,5659644.0,32.542953,3.0
2026-09-29 09:15:00+00:00,5.75e-06,5.75e-06,5.75e-06,5.75e-06,860870.0,4.9500025,1.0
2026-09-29 09:16:00+00:00,5.7510676520307344e-06,5.751384737800596e-06,5.7510676520307344e-06,5.751306573678697e-06,37272588.381749004,214.3660825779733,9.0
2026-09-29 09:18:00+00:00,5.750011972101345e-06,5.7599920185991026e-06,5.750011972101345e-06,5.7599920185991026e-06,47560573.0,273.94852088,5.0
2026-09-29 09:19:00+00:00,5.760652552945088e-06,5.763915317670522e-06,5.760652552945088e-06,5.763915317670522e-06,144338230.21623,831.9533360687823,9.0
2026-09-29 09:20:00+00:00,5.77068899680344e-06,5.77068899680344e-06,5.7703444984017205e-06,5.7703444984017205e-06,28058251.952820003,161.90577979072424,7.0
2026-09-29 09:21:00+00:00,5.78e-06,5.78e-06,5.78e-06,5.78e-06,1078273.0,6.2324179399999995,1.0
2026-09-29 09:22:00+00:00,5.772e-06,5.772e-06,5.772e-06,5.772e-06,3036355.0,17.52584106,1.0
2026-09-29 09:23:00+00:00,5.762e-06,5.762e-06,5.762e-06,5.762e-06,288000.0,1.659456,1.0
2026-09-29 09:24:00+00:00,5.77e-06,5.77e-06,5.77e-06,5.77e-06,1426168.0,8.22898936,2.0
2026-09-29 09:25:00+00:00,5.769721635356143e-06,5.769721635356143e-06,5.769721635356143e-06,5.769721635356143e-06,56627988.46,326.72773018436004,6.0
2026-09-29 09:26:00+00:00,5.775e-06,5.775e-06,5.775e-06,5.775e-06,6960900.0,40.1991975,1.0
2026-09-29 09:27:00+00:00,5.779845150565427e-06,5.779845150565427e-06,5.779845150565427e-06,5.779845150565427e-06,343041072.012,1982.724276513324,12.0
2026-09-29 09:28:00+00:00,5.778034393107784e-06,5.786067132171115e-06,5.778034393107784e-06,5.785084210578974e-06,716803408.018644,4146.768077817856,24.0
2026-09-29 09:29:00+00:00,5.779006196829801e-06,5.779006196829801e-06,5.7780123936596014e-06,5.7780123936596014e-06,161033953.18836,930.4561773223442,3.0
2026-09-29 09:30:00+00:00,5.770668948340872e-06,5.770668948340872e-06,5.770668948340872e-06,5.770668948340872e-06,41622945.0,240.19223624999998,2.0
2026-09-29 09:31:00+00:00,5.778376259591044e-06,5.788376259591043e-06,5.778376259591044e-06,5.78e-06,106642847.0,616.39565566,9.0
2026-09-29 09:32:00+00:00,5.79e-06,5.798626305298277e-06,5.79e-06,5.798626305298277e-06,16992189.0,98.53135412000002,11.0
2026-09-29 09:33:00+00:00,5.7950292747169944e-06,5.7950292747169944e-06,5.792046839547191e-06,5.7950292747169944e-06,1321835323.2076502,7660.074394343333,16.0
2026-09-29 09:34:00+00:00,5.7952821667521645e-06,5.796225733401731e-06,5.7952821667521645e-06,5.796225733401731e-06,158571180.54036,919.1143572239265,6.0
2026-09-29 09:35:00+00:00,5.799520280816097e-06,5.799520280816097e-06,5.79e-06,5.79e-06,138715695.0,803.16387405,17.0
2026-09-29 09:36:00+00:00,5.790213644016688e-06,5.790213644016688e-06,5.790213644016688e-06,5.790213644016688e-06,32581769.0,188.65540340999996,10.0
2026-09-29 09:37:00+00:00,5.780714043259709e-06,5.79e-06,5.780714043259709e-06,5.79e-06,55344541.69597,320.4448964196663,10.0
2026-09-29 09:38:00+00:00,5.8e-06,5.8e-06,5.79e-06,5.79e-06,12172451.0,70.47849129,2.0
2026-09-29 09:39:00+00:00,5.798697523098196e-06,5.798697523098196e-06,5.798697523098196e-06,5.798697523098196e-06,8917471.0,51.709717,4.0
2026-09-29 09:40:00+00:00,5.797534420094596e-06,5.798356280063064e-06,5.797534420094596e-06,5.798356280063064e-06,105193699.803757,609.9505498801831,11.0
2026-09-29 09:41:00+00:00,5.799e-06,5.799e-06,5.798e-06,5.798e-06,43310718.897599,251.115548168279,5.0
2026-09-29 09:42:00+00:00,5.799754703904754e-06,5.799754703904754e-06,5.799754703904754e-06,5.799754703904754e-06,28377541.0,164.5827769,4.0
2026-09-29 09:43:00+00:00,5.800054413693154e-06,5.800054413693154e-06,5.800054413693154e-06,5.800054413693154e-06,104354376.75905,605.2610635095261,10.0
2026-09-29 09:44:00+00:00,5.8098068840840035e-06,5.8098068840840035e-06,5.8098068840840035e-06,5.8098068840840035e-06,180225953.0,1047.07798243,8.0
2026-09-29 09:45:00+00:00,5.806437548026077e-06,5.8073279855050295e-06,5.804656673068172e-06,5.804656673068172e-06,236447662.50632,1372.4975019986814,18.0
2026-09-29 09:46:00+00:00,5.804008920102442e-06,5.804008920102442e-06,5.804008920102442e-06,5.804008920102442e-06,7407091.67217,42.990826137291194,2.0
2026-09-29 09:47:00+00:00,5.809004392462563e-06,5.809004392462563e-06,5.809004392462563e-06,5.809004392462563e-06,43255917.893654,251.273817044236,4.0
2026-09-29 09:48:00+00:00,5.81e-06,5.82e-06,5.81e-06,5.82e-06,117246339.0,682.37369298,7.0
2026-09-29 09:49:00+00:00,5.818e-06,5.818e-06,5.817e-06,5.817e-06,293249126.49944997,1705.8301688473007,4.0
2026-09-29 09:50:00+00:00,5.820963024450186e-06,5.823852097800743e-06,5.820963024450186e-06,5.823852097800743e-06,7789634.0,45.36567631199999,4.0
2026-09-29 09:51:00+00:00,5.820341171236695e-06,5.820341171236695e-06,5.811830795377827e-06,5.811830795377827e-06,566418049.15909,3291.925861160631,7.0
2026-09-29 09:52:00+00:00,5.81e-06,5.81e-06,5.8005245996794565e-06,5.8005245996794565e-06,49213812.0,285.46592715,5.0
2026-09-29 09:53:00+00:00,5.808945789911472e-06,5.808945789911472e-06,5.806957836597812e-06,5.806957836597812e-06,43668772.07418,253.58271821076323,8.0
2026-09-29 09:54:00+00:00,5.81128674132745e-06,5.81128674132745e-06,5.81128674132745e-06,5.81128674132745e-06,10819424.0,62.874775240000005,2.0
2026-09-29 09:55:00+00:00,5.81e-06,5.81e-06,5.81e-06,5.81e-06,36714840.0,213.3132204,1.0
2026-09-29 09:56:00+00:00,5.80045398541712e-06,5.80045398541712e-06,5.80045398541712e-06,5.80045398541712e-06,81085490.0,470.33265363,5.0
2026-09-29 09:57:00+00:00,5.800679299812722e-06,5.80530654646122e-06,5.800679299812722e-06,5.8039479468357756e-06,650562541.82762,3775.8311289286785,12.0
2026-09-29 09:58:00+00:00,5.801688338418811e-06,5.809882070443127e-06,5.801688338418811e-06,5.809882070443127e-06,59025915.0,342.93360525,4.0
2026-09-29 09:59:00+00:00,5.807818713807202e-06,5.807818713807202e-06,5.807130965401048e-06,5.807130965401048e-06,62637419.265302,363.7436970083434,8.0
2026-09-29 10:00:00+00:00,5.800829754152596e-06,5.809792561461851e-06,5.800726034883522e-06,5.809792561461851e-06,201338673.0,1169.73592473,10.0
2026-09-29 10:01:00+00:00,5.809e-06,5.809e-06,5.809e-06,5.809e-06,6960899.99974,40.43586809848966,2.0
2026-09-29 10:02:00+00:00,5.81e-06,5.81e-06,5.81e-06,5.81e-06,193431150.0,1123.8349815000001,4.0
2026-09-29 10:03:00+00:00,5.809909434561567e-06,5.809909434561567e-06,5.809906511474083e-06,5.809906511474083e-06,113578537.0,659.8806816800001,10.0
2026-09-29 10:04:00+00:00,5.805557994164286e-06,5.805557994164286e-06,5.801269144524489e-06,5.801269144524489e-06,67947732.026396,394.1830812451496,8.0
2026-09-29 10:05:00+00:00,5.81e-06,5.81e-06,5.81e-06,5.81e-06,168654.0,0.97987974,1.0
2026-09-29 10:06:00+00:00,5.802014492232799e-06,5.802014492232799e-06,5.800910784992177e-06,5.800910784992177e-06,188409648.24192,1092.9475604831362,7.0
2026-09-29 10:07:00+00:00,5.800697732377529e-06,5.802779491103408e-06,5.800690106773056e-06,5.802771865498935e-06,316428822.969007,1836.1642713574972,12.0
2026-09-29 10:08:00+00:00,5.8e-06,5.8e-06,5.8e-06,5.8e-06,3965.0,0.022997,1.0
2026-09-29 10:09:00+00:00,5.81e-06,5.81e-06,5.81e-06,5.81e-06,91775836.0,533.2176071600001,10.0
2026-09-29 10:10:00+00:00,5.81e-06,5.82e-06,5.81e-06,5.81179782168064e-06,115043829.0,668.61147478,11.0
2026-09-29 10:11:00+00:00,5.81e-06,5.81e-06,5.81e-06,5.81e-06,14438810.0,83.8894861,2.0
2026-09-29 10:12:00+00:00,5.81e-06,5.81e-06,5.81e-06,5.81e-06,87370770.0,507.62417370000003,6.0
2026-09-29 10:13:00+00:00,5.810538159090402e-06,5.810538159090402e-06,5.810538159090402e-06,5.810538159090402e-06,25458525.44942,147.92773359802905,3.0
2026-09-29 10:14:00+00:00,5.8100737425011414e-06,5.8100737425011414e-06,5.8100737425011414e-06,5.8100737425011414e-06,48418374.0,281.314323432,4.0
2026-09-29 10:15:00+00:00,5.808651540408917e-06,5.808651540408917e-06,5.805270963985363e-06,5.805270963985363e-06,99296562.236411,576.4434495746023,13.0
2026-09-29 10:16:00+00:00,5.809e-06,5.813e-06,5.809e-06,5.813e-06,10314077.90822,59.955734880482865,3.0
2026-09-29 10:17:00+00:00,5.809e-06,5.809e-06,5.809e-06,5.809e-06,1747961.0,10.153905449,1.0
2026-09-29 10:18:00+00:00,5.807788162875772e-06,5.807788162875772e-06,5.807311366550704e-06,5.807311366550704e-06,13563024.0,78.76470343999999,8.0
2026-09-29 10:20:00+00:00,5.7999999999999995e-06,5.7999999999999995e-06,5.7999999999999995e-06,5.7999999999999995e-06,6625074.0,38.425429199999996,2.0
2026-09-29 10:21:00+00:00,5.799236592435963e-06,5.799236592435963e-06,5.799236592435963e-06,5.799236592435963e-06,400359358.18641,2321.7786401188055,9.0
2026-09-29 10:22:00+00:00,5.798794310427905e-06,5.798794310427905e-06,5.798794310427905e-06,5.798794310427905e-06,330170042.82793,1914.5881658243381,10.0
2026-09-29 10:23:00+00:00,5.795e-06,5.795e-06,5.795e-06,5.795e-06,2221487.74594,12.8735214877223,1.0
2026-09-29 10:24:00+00:00,5.793e-06,5.794e-06,5.793e-06,5.794e-06,168179331.9115,974.4310490952311,4.0
2026-09-29 10:25:00+00:00,5.794403436046787e-06,5.794403436046787e-06,5.794403436046787e-06,5.794403436046787e-06,2538528.74119,14.70925966045486,4.0
2026-09-29 10:26:00+00:00,5.792172312322998e-06,5.792172312322998e-06,5.792172312322998e-06,5.792172312322998e-06,79450977.22506,460.1937504699976,3.0
2026-09-29 10:27:00+00:00,5.790010572409854e-06,5.795496381857702e-06,5.790010572409854e-06,5.795496381857702e-06,157781246.0,914.4206403180001,11.0
2026-09-29 10:28:00+00:00,5.79e-06,5.79e-06,5.79e-06,5.79e-06,4587643.0,26.56245297,3.0
2026-09-29 10:29:00+00:00,5.7900000000000005e-06,5.7900000000000005e-06,5.780021152383056e-06,5.780021152383056e-06,162485711.0,939.1708465400002,7.0
2026-09-29 10:30:00+00:00,5.787581382012526e-06,5.789783706895319e-06,5.7872569423555035e-06,5.789459267238297e-06,143180737.07639,828.9390451569161,9.0
2026-09-29 10:31:00+00:00,5.780128227881028e-06,5.789807658178457e-06,5.780128227881028e-06,5.789807658178457e-06,5178281.0,29.981250989999996,4.0
2026-09-29 10:32:00+00:00,5.7798580304112116e-06,5.779998327724065e-06,5.773457560436001e-06,5.77999665544813e-06,198531829.067,1147.5133080072599,20.0
2026-09-29 10:33:00+00:00,5.774800724037559e-06,5.774800724037559e-06,5.770540615261634e-06,5.770540615261634e-06,660601351.45,3812.02692903895,14.0
2026-09-29 10:34:00+00:00,5.769949854395921e-06,5.769949854395921e-06,5.767731607347897e-06,5.767731607347897e-06,138813763.0,800.64052839,7.0
2026-09-29 10:36:00+00:00,5.770000000000001e-06,5.770000000000001e-06,5.762313643316483e-06,5.770000000000001e-06,266055215.0,1535.1385905500001,8.0
2026-09-29 10:37:00+00:00,5.77e-06,5.77e-06,5.76e-06,5.76e-06,394094.0,2.26998144,3.0
2026-09-29 10:38:00+00:00,5.78e-06,5.78e-06,5.78e-06,5.78e-06,189006.0,1.09245468,1.0
2026-09-29 10:39:00+00:00,5.765697140711027e-06,5.765697140711027e-06,5.763691015607682e-06,5.763691015607682e-06,93993922.48910001,541.7519265721506,7.0
2026-09-29 10:40:00+00:00,5.78e-06,5.78e-06,5.78e-06,5.78e-06,1713822.0,9.90589116,1.0
2026-09-29 10:41:00+00:00,5.78e-06,5.78e-06,5.78e-06,5.78e-06,1980565.0,11.4476657,1.0
2026-09-29 10:42:00+00:00,5.769001902466627e-06,5.769001902466627e-06,5.769001902466627e-06,5.769001902466627e-06,65333603.37233,376.9096821499718,2.0
2026-09-29 10:43:00+00:00,5.7660396983156275e-06,5.7660396983156275e-06,5.7660318043046135e-06,5.7660318043046135e-06,42057200.0,242.50315279999998,7.0
2026-09-29 10:44:00+00:00,5.766664137555619e-06,5.77e-06,5.766664137555619e-06,5.77e-06,89168353.0,514.50139681,3.0
2026-09-29 10:45:00+00:00,5.773826573810251e-06,5.774708491837358e-06,5.773036590614235e-06,5.7739185086413425e-06,49306086.757863,284.68932691990096,7.0
2026-09-29 10:47:00+00:00,5.769054972799956e-06,5.769054972799956e-06,5.769054972799956e-06,5.769054972799956e-06,88579715.85946,511.0212502682248,4.0
2026-09-29 10:48:00+00:00,5.78e-06,5.78e-06,5.78e-06,5.78e-06,15570.0,0.0899946,1.0
2026-09-29 10:49:00+00:00,5.773051764663473e-06,5.773051764663473e-06,5.770000000000001e-06,5.770000000000001e-06,107578387.0,620.72729299,14.0
2026-09-29 10:50:00+00:00,5.774743418862424e-06,5.779829191858144e-06,5.774743418862424e-06,5.779829191858144e-06,47330993.7747,273.56505949866715,14.0
2026-09-29 10:51:00+00:00,5.78e-06,5.78e-06,5.770398503852675e-06,5.770398503852675e-06,7608609.0,43.90470599,4.0
2026-09-29 10:52:00+00:00,5.781364865245575e-06,5.791364865245575e-06,5.781364865245575e-06,5.791364865245575e-06,142052998.0,822.6807416199999,11.0
2026-09-29 10:53:00+00:00,5.79e-06,5.79e-06,5.79e-06,5.79e-06,12164503.0,70.43247237,2.0
2026-09-29 10:54:00+00:00,5.784735960018649e-06,5.784735960018649e-06,5.782367980009324e-06,5.782367980009324e-06,62207855.0996,359.70870943298684,3.0
2026-09-29 10:55:00+00:00,5.783188749674208e-06,5.783188749674208e-06,5.782337343383484e-06,5.782337343383484e-06,10409263.0,60.189870162,5.0
2026-09-29 10:56:00+00:00,5.786020179090976e-06,5.786020179090976e-06,5.786020179090976e-06,5.786020179090976e-06,41459152.0,239.88349008,2.0
2026-09-29 10:58:00+00:00,5.783427769217502e-06,5.783427769217502e-06,5.783427769217502e-06,5.783427769217502e-06,50438265.26417,291.7060639599593,3.0
2026-09-29 10:59:00+00:00,5.783160788299156e-06,5.783160788299156e-06,5.782305886836551e-06,5.782305886836551e-06,11791035.462662,68.17937376764903,4.0
2026-09-29 11:00:00+00:00,5.79e-06,5.79e-06,5.79e-06,5.79e-06,857129.0,4.96277691,1.0
2026-09-29 11:01:00+00:00,5.788740602009729e-06,5.788740602009729e-06,5.788740602009729e-06,5.788740602009729e-06,154917430.0,896.776817,4.0
2026-09-29 11:02:00+00:00,5.78e-06,5.782221667533536e-06,5.772221667533536e-06,5.774443335067073e-06,354509164.0,2047.0930792799998,13.0
2026-09-29 11:03:00+00:00,5.786139850217858e-06,5.7871048876633925e-06,5.783244737881251e-06,5.7871048876633925e-06,29514805.6487,170.80527602802687,5.0
2026-09-29 11:04:00+00:00,5.784323545522474e-06,5.789053924253746e-06,5.78337746977622e-06,5.785269621268728e-06,1038008263.6678401,6005.157674423455,19.0
2026-09-29 11:05:00+00:00,5.783116424997047e-06,5.783116424997047e-06,5.783116424997047e-06,5.783116424997047e-06,171192891.100878,990.0284203682183,6.0
2026-09-29 11:06:00+00:00,5.799e-06,5.799e-06,5.799e-06,5.799e-06,6960900.0,40.3662591,1.0
2026-09-29 11:07:00+00:00,5.790263430166851e-06,5.796908896691543e-06,5.7894356012544714e-06,5.796081067779163e-06,30906996.40678,179.13945673525618,7.0
2026-09-29 11:08:00+00:00,5.7998222832793375e-06,5.7998222832793375e-06,5.790076164308856e-06,5.790076164308856e-06,22355522.30174,129.44017681997983,4.0
2026-09-29 11:10:00+00:00,5.789941027427715e-06,5.789941027427715e-06,5.780014743143072e-06,5.780014743143072e-06,234507999.49394,1355.4596944599612,8.0
2026-09-29 11:11:00+00:00,5.779925828899521e-06,5.780222513301436e-06,5.779925828899521e-06,5.780222513301436e-06,136033070.54374,786.3014169104484,8.0
2026-09-29 11:12:00+00:00,5.7831935933774335e-06,5.784165937180657e-06,5.7831935933774335e-06,5.784165937180657e-06,92005420.0,532.1746164,6.0
2026-09-29 11:13:00+00:00,5.783e-06,5.783e-06,5.783e-06,5.783e-06,6960900.0,40.254884700000005,1.0
2026-09-29 11:14:00+00:00,5.784454076634455e-06,5.784454076634455e-06,5.7776667865318335e-06,5.7776667865318335e-06,260917488.12279,1507.494305152358,12.0
2026-09-29 11:15:00+00:00,5.779999999999999e-06,5.7897949138994724e-06,5.779999999999999e-06,5.779999999999999e-06,339413543.0,1961.8102785399997,16.0
2026-09-29 11:16:00+00:00,5.78e-06,5.78e-06,5.78e-06,5.78e-06,4774519.0,27.596719819999997,1.0
2026-09-29 11:17:00+00:00,5.79e-06,5.79e-06,5.77e-06,5.77e-06,132594819.0,765.07210563,3.0
2026-09-29 11:18:00+00:00,5.79e-06,5.79e-06,5.79e-06,5.79e-06,12667654.0,73.34571666,2.0
2026-09-29 11:19:00+00:00,5.787e-06,5.787e-06,5.786e-06,5.786e-06,24187143.59771,139.94681285635005,2.0
2026-09-29 11:20:00+00:00,5.779999999999999e-06,5.783628582500478e-06,5.779999999999999e-06,5.783628582500478e-06,2833426.0,16.3874836,3.0
