date,Close,High,Low,Open
2026-10-05 13:30:00+00:00,629.98,631.7,629.935,631.05
2026-10-05 13:31:00+00:00,630.655,631.3,629.815,629.97
2026-10-05 13:32:00+00:00,630.745,631.655,630.025,630.815
2026-10-05 13:33:00+00:00,631.86,631.86,630.15,630.53
2026-10-05 13:34:00+00:00,631.995,632.16,631.3,631.86
2026-10-05 13:35:00+00:00,631.665,632.465,631.0,632.01
2026-10-05 13:36:00+00:00,631.155,631.725,630.325,631.675
2026-10-05 13:37:00+00:00,630.845,631.6,630.485,631.165
2026-10-05 13:38:00+00:00,630.41,630.935,630.04,630.855
2026-10-05 13:39:00+00:00,631.43,631.44,630.145,630.4
2026-10-05 13:40:00+00:00,630.85,631.6,630.58,631.42
2026-10-05 13:41:00+00:00,631.375,631.545,630.61,630.84
2026-10-05 13:42:00+00:00,631.105,631.63,631.035,631.39
2026-10-05 13:43:00+00:00,630.47,631.37,630.035,631.285
2026-10-05 13:44:00+00:00,629.81,630.49,629.54,630.48
2026-10-05 13:45:00+00:00,629.02,630.31,628.995,629.825
2026-10-05 13:46:00+00:00,627.49,629.105,627.27,629.105
2026-10-05 13:47:00+00:00,628.125,628.56,627.49,627.5
2026-10-05 13:48:00+00:00,627.595,628.47,627.43,628.135
2026-10-05 13:49:00+00:00,628.085,628.23,627.45,627.585
2026-10-05 13:50:00+00:00,628.85,628.95,627.705,628.075
2026-10-05 13:51:00+00:00,629.355,629.48,628.7,628.87
2026-10-05 13:52:00+00:00,628.275,629.365,628.265,629.345
2026-10-05 13:53:00+00:00,628.505,628.765,628.07,628.26
2026-10-05 13:54:00+00:00,628.74,629.375,628.465,628.6
2026-10-05 13:55:00+00:00,628.575,629.04,628.56,628.725
2026-10-05 13:56:00+00:00,628.915,628.98,628.11,628.61
2026-10-05 13:57:00+00:00,628.915,629.07,628.5,628.96
2026-10-05 13:58:00+00:00,628.965,629.38,628.835,628.905
2026-10-05 13:59:00+00:00,628.65,628.96,628.54,628.96
2026-10-05 14:00:00+00:00,627.28,628.64,626.97,628.64
2026-10-05 14:01:00+00:00,628.185,628.555,627.145,627.255
2026-10-05 14:02:00+00:00,627.61,628.195,627.505,628.195
2026-10-05 14:03:00+00:00,627.725,627.755,627.215,627.62
2026-10-05 14:04:00+00:00,627.845,628.365,627.695,627.86
2026-10-05 14:05:00+00:00,627.905,628.05,627.575,627.85
2026-10-05 14:06:00+00:00,627.635,628.225,627.43,627.915
2026-10-05 14:07:00+00:00,627.535,627.82,627.37,627.625
2026-10-05 14:08:00+00:00,627.905,628.19,627.225,627.525
2026-10-05 14:09:00+00:00,628.09,628.09,627.3,627.905
2026-10-05 14:10:00+00:00,627.9,628.125,627.555,628.085
2026-10-05 14:11:00+00:00,628.305,628.42,627.81,627.89
2026-10-05 14:12:00+00:00,628.685,628.87,628.19,628.315
2026-10-05 14:13:00+00:00,628.82,628.895,628.5,628.685
2026-10-05 14:14:00+00:00,628.51,628.86,628.37,628.84
2026-10-05 14:15:00+00:00,629.185,629.3,628.32,628.47
2026-10-05 14:16:00+00:00,629.565,629.66,629.09,629.185
2026-10-05 14:17:00+00:00,629.685,629.935,629.385,629.605
2026-10-05 14:18:00+00:00,629.805,629.875,629.425,629.675
2026-10-05 14:19:00+00:00,630.07,630.395,629.735,629.805
2026-10-05 14:20:00+00:00,629.975,630.165,629.8,630.075
2026-10-05 14:21:00+00:00,630.025,630.17,629.76,629.915
2026-10-05 14:22:00+00:00,630.23,630.735,630.02,630.095
2026-10-05 14:23:00+00:00,630.645,630.655,630.195,630.23
2026-10-05 14:24:00+00:00,630.93,630.965,630.465,630.655
2026-10-05 14:25:00+00:00,630.885,631.045,630.7,630.935
2026-10-05 14:26:00+00:00,630.79,631.13,630.75,630.845
2026-10-05 14:27:00+00:00,630.825,630.88,630.605,630.87
2026-10-05 14:28:00+00:00,630.67,631.16,630.61,630.825
2026-10-05 14:29:00+00:00,630.955,631.045,630.62,630.675
2026-10-05 14:30:00+00:00,630.475,631.04,630.36,630.96
2026-10-05 14:31:00+00:00,630.505,630.545,629.95,630.385
2026-10-05 14:32:00+00:00,630.535,630.665,630.305,630.505
2026-10-05 14:33:00+00:00,630.195,630.85,630.12,630.595
2026-10-05 14:34:00+00:00,630.52,630.64,630.15,630.205
2026-10-05 14:35:00+00:00,630.58,630.725,630.355,630.59
2026-10-05 14:36:00+00:00,630.095,630.695,630.09,630.57
2026-10-05 14:37:00+00:00,630.15,630.505,630.0,630.085
2026-10-05 14:38:00+00:00,630.245,630.32,629.93,630.235
2026-10-05 14:39:00+00:00,630.13,630.345,630.01,630.23
2026-10-05 14:40:00+00:00,630.055,630.145,629.815,630.05
2026-10-05 14:41:00+00:00,630.315,630.38,630.0,630.055
2026-10-05 14:42:00+00:00,630.83,630.845,630.33,630.42
2026-10-05 14:43:00+00:00,630.535,630.99,630.485,630.84
2026-10-05 14:44:00+00:00,630.645,630.865,630.53,630.57
2026-10-05 14:45:00+00:00,630.675,630.73,630.39,630.63
2026-10-05 14:46:00+00:00,630.79,630.91,630.525,630.64
2026-10-05 14:47:00+00:00,631.035,631.075,630.68,630.8
2026-10-05 14:48:00+00:00,630.94,631.17,630.78,631.045
2026-10-05 14:49:00+00:00,631.165,631.175,630.83,630.95
2026-10-05 14:50:00+00:00,631.395,631.475,631.09,631.16
2026-10-05 14:51:00+00:00,631.59,631.74,631.245,631.395
2026-10-05 14:52:00+00:00,631.51,631.67,631.435,631.585
2026-10-05 14:53:00+00:00,631.66,631.715,631.425,631.5
2026-10-05 14:54:00+00:00,631.71,631.745,631.545,631.66
2026-10-05 14:55:00+00:00,631.35,631.825,631.205,631.72
2026-10-05 14:56:00+00:00,631.56,631.645,631.33,631.36
2026-10-05 14:57:00+00:00,631.83,631.905,631.43,631.57
2026-10-05 14:58:00+00:00,631.985,632.09,631.81,631.895
2026-10-05 14:59:00+00:00,632.11,632.14,631.88,631.975
2026-10-05 15:00:00+00:00,632.155,632.29,631.885,632.12
2026-10-05 15:01:00+00:00,632.26,632.28,631.94,632.145
2026-10-05 15:02:00+00:00,631.9,632.33,631.705,632.27
2026-10-05 15:03:00+00:00,631.895,632.155,631.8,631.885
2026-10-05 15:04:00+00:00,632.065,632.09,631.83,631.905
2026-10-05 15:05:00+00:00,631.655,632.11,631.655,632.075
2026-10-05 15:06:00+00:00,631.505,631.8,631.46,631.665
2026-10-05 15:07:00+00:00,631.425,631.535,631.12,631.44
2026-10-05 15:08:00+00:00,631.165,631.515,631.125,631.43
2026-10-05 15:09:00+00:00,630.725,631.215,630.715,631.19
2026-10-05 15:10:00+00:00,631.26,631.26,630.685,630.77
2026-10-05 15:11:00+00:00,631.15,631.335,630.975,631.245
2026-10-05 15:12:00+00:00,630.96,631.16,630.85,631.085
2026-10-05 15:13:00+00:00,630.785,631.05,630.6,630.85
2026-10-05 15:14:00+00:00,631.15,631.285,630.74,630.78
2026-10-05 15:15:00+00:00,630.75,631.255,630.705,631.16
2026-10-05 15:16:00+00:00,630.93,630.93,630.615,630.755
2026-10-05 15:17:00+00:00,631.185,631.24,630.825,630.905
2026-10-05 15:18:00+00:00,631.155,631.35,631.06,631.165
2026-10-05 15:19:00+00:00,631.085,631.29,630.77,631.165
2026-10-05 15:20:00+00:00,630.77,631.15,630.77,631.025
2026-10-05 15:21:00+00:00,630.785,630.88,630.66,630.76
2026-10-05 15:22:00+00:00,630.955,631.0,630.705,630.765
2026-10-05 15:23:00+00:00,631.325,631.385,630.915,630.965
2026-10-05 15:24:00+00:00,631.52,631.725,631.21,631.335
2026-10-05 15:25:00+00:00,631.25,631.585,631.19,631.44
2026-10-05 15:26:00+00:00,631.24,631.43,631.13,631.23
2026-10-05 15:27:00+00:00,631.1,631.24,630.93,631.23
2026-10-05 15:28:00+00:00,631.135,631.17,630.905,631.1
2026-10-05 15:29:00+00:00,631.42,631.545,631.09,631.1
2026-10-05 15:30:00+00:00,631.475,631.645,631.4,631.46
2026-10-05 15:31:00+00:00,631.58,631.625,631.41,631.48
2026-10-05 15:32:00+00:00,631.385,631.56,631.275,631.485
2026-10-05 15:33:00+00:00,631.44,631.47,631.195,631.385
2026-10-05 15:34:00+00:00,631.075,631.425,631.005,631.37
2026-10-05 15:35:00+00:00,630.835,631.21,630.835,631.065
2026-10-05 15:36:00+00:00,630.83,630.97,630.71,630.835
2026-10-05 15:37:00+00:00,630.995,631.005,630.57,630.835
2026-10-05 15:38:00+00:00,631.045,631.12,630.86,631.005
2026-10-05 15:39:00+00:00,630.99,631.135,630.92,630.995
2026-10-05 15:40:00+00:00,631.175,631.215,630.89,631.0
2026-10-05 15:41:00+00:00,631.6,631.64,631.09,631.1
2026-10-05 15:42:00+00:00,631.67,631.73,631.395,631.61
2026-10-05 15:43:00+00:00,631.8,631.905,631.6,631.665
2026-10-05 15:44:00+00:00,631.87,631.94,631.665,631.73
2026-10-05 15:45:00+00:00,631.37,631.885,631.345,631.785
2026-10-05 15:46:00+00:00,631.275,631.53,631.12,631.38
2026-10-05 15:47:00+00:00,631.465,631.465,631.19,631.315
2026-10-05 15:48:00+00:00,631.615,631.73,631.41,631.425
2026-10-05 15:49:00+00:00,631.75,631.75,631.54,631.605
2026-10-05 15:50:00+00:00,631.81,631.83,631.67,631.755
2026-10-05 15:51:00+00:00,631.82,631.82,631.57,631.805
2026-10-05 15:52:00+00:00,631.805,631.96,631.62,631.815
2026-10-05 15:53:00+00:00,631.705,631.805,631.595,631.8
2026-10-05 15:54:00+00:00,631.895,632.015,631.655,631.7
2026-10-05 15:55:00+00:00,631.745,631.935,631.625,631.91
2026-10-05 15:56:00+00:00,631.805,631.805,631.575,631.745
2026-10-05 15:57:00+00:00,631.805,631.915,631.715,631.775
2026-10-05 15:58:00+00:00,631.78,631.885,631.63,631.815
2026-10-05 15:59:00+00:00,631.555,631.86,631.53,631.815
2026-10-05 16:00:00+00:00,631.32,631.665,631.315,631.55
2026-10-05 16:01:00+00:00,631.4,631.475,631.2,631.34
2026-10-05 16:02:00+00:00,631.1,631.43,631.1,631.41
2026-10-05 16:03:00+00:00,631.075,631.165,630.99,631.1
2026-10-05 16:04:00+00:00,631.13,631.255,631.025,631.03
2026-10-05 16:05:00+00:00,631.43,631.49,631.095,631.105
2026-10-05 16:06:00+00:00,631.435,631.51,631.215,631.38
2026-10-05 16:07:00+00:00,631.345,631.495,631.29,631.345
2026-10-05 16:08:00+00:00,631.425,631.5,631.315,631.325
2026-10-05 16:09:00+00:00,631.615,631.675,631.37,631.49
2026-10-05 16:10:00+00:00,631.605,631.74,631.54,631.615
2026-10-05 16:11:00+00:00,631.425,631.67,631.39,631.655
2026-10-05 16:12:00+00:00,631.485,631.495,631.305,631.43
2026-10-05 16:13:00+00:00,631.44,631.5,631.31,631.485
2026-10-05 16:14:00+00:00,631.325,631.44,631.19,631.4
2026-10-05 16:15:00+00:00,631.11,631.38,631.025,631.33
2026-10-05 16:16:00+00:00,631.225,631.365,631.04,631.105
2026-10-05 16:17:00+00:00,631.05,631.295,630.96,631.26
2026-10-05 16:18:00+00:00,630.8,631.07,630.69,631.05
2026-10-05 16:19:00+00:00,630.815,630.94,630.65,630.795
2026-10-05 16:20:00+00:00,630.4,630.845,630.395,630.78
2026-10-05 16:21:00+00:00,630.5,630.56,630.37,630.43
2026-10-05 16:22:00+00:00,630.605,630.685,630.455,630.51
2026-10-05 16:23:00+00:00,630.88,631.02,630.555,630.575
2026-10-05 16:24:00+00:00,631.06,631.22,630.875,630.875
2026-10-05 16:25:00+00:00,630.85,631.14,630.81,631.07
2026-10-05 16:26:00+00:00,630.82,631.025,630.82,630.85
2026-10-05 16:27:00+00:00,630.745,630.87,630.58,630.84
2026-10-05 16:28:00+00:00,630.63,630.865,630.625,630.695
2026-10-05 16:29:00+00:00,630.545,630.74,630.495,630.685
2026-10-05 16:30:00+00:00,630.575,630.755,630.505,630.505
2026-10-05 16:31:00+00:00,630.625,630.72,630.485,630.615
2026-10-05 16:32:00+00:00,630.81,630.815,630.535,630.605
2026-10-05 16:33:00+00:00,630.955,630.96,630.735,630.805
2026-10-05 16:34:00+00:00,630.88,630.985,630.795,630.905
2026-10-05 16:35:00+00:00,631.065,631.175,630.88,630.88
2026-10-05 16:36:00+00:00,631.07,631.215,630.965,631.065
2026-10-05 16:37:00+00:00,630.99,631.075,630.78,631.015
2026-10-05 16:38:00+00:00,630.98,631.11,630.905,631.0
2026-10-05 16:39:00+00:00,630.87,630.98,630.81,630.97
2026-10-05 16:40:00+00:00,630.89,630.94,630.815,630.9
2026-10-05 16:41:00+00:00,631.135,631.245,630.885,630.9
2026-10-05 16:42:00+00:00,631.25,631.255,631.125,631.13
2026-10-05 16:43:00+00:00,631.515,631.58,631.22,631.26
2026-10-05 16:44:00+00:00,631.59,631.61,631.495,631.52
2026-10-05 16:45:00+00:00,631.6,631.645,631.505,631.59
2026-10-05 16:46:00+00:00,631.315,631.65,631.315,631.6
2026-10-05 16:47:00+00:00,631.09,631.305,631.09,631.305
2026-10-05 16:48:00+00:00,631.035,631.095,630.935,631.075
2026-10-05 16:49:00+00:00,631.265,631.33,631.02,631.035
2026-10-05 16:50:00+00:00,631.505,631.51,631.235,631.265
2026-10-05 16:51:00+00:00,631.525,631.61,631.355,631.5
2026-10-05 16:52:00+00:00,631.355,631.53,631.305,631.455
2026-10-05 16:53:00+00:00,631.295,631.4,631.185,631.31
2026-10-05 16:54:00+00:00,631.22,631.475,631.22,631.315
2026-10-05 16:55:00+00:00,631.175,631.41,631.11,631.25
2026-10-05 16:56:00+00:00,631.235,631.46,631.165,631.165
2026-10-05 16:57:00+00:00,631.085,631.345,631.04,631.2
2026-10-05 16:58:00+00:00,630.995,631.115,630.97,631.04
2026-10-05 16:59:00+00:00,631.115,631.215,630.995,630.995
2026-10-05 17:00:00+00:00,631.19,631.265,631.01,631.135
2026-10-05 17:01:00+00:00,631.305,631.46,631.19,631.2
2026-10-05 17:02:00+00:00,631.195,631.425,631.16,631.34
2026-10-05 17:03:00+00:00,631.485,631.495,631.135,631.16
2026-10-05 17:04:00+00:00,631.205,631.53,631.205,631.495
2026-10-05 17:05:00+00:00,631.255,631.36,631.105,631.195
2026-10-05 17:06:00+00:00,631.135,631.33,631.13,631.25
2026-10-05 17:07:00+00:00,631.26,631.355,631.125,631.21
2026-10-05 17:08:00+00:00,631.415,631.415,631.125,631.27
2026-10-05 17:09:00+00:00,631.445,631.62,631.355,631.375
2026-10-05 17:10:00+00:00,631.845,631.88,631.44,631.525
2026-10-05 17:11:00+00:00,631.785,631.845,631.65,631.8
2026-10-05 17:12:00+00:00,631.615,631.8,631.59,631.735
2026-10-05 17:13:00+00:00,631.77,631.83,631.6,631.665
2026-10-05 17:14:00+00:00,631.815,631.845,631.695,631.815
2026-10-05 17:15:00+00:00,631.915,631.955,631.735,631.8
2026-10-05 17:16:00+00:00,631.91,632.0,631.805,631.955
2026-10-05 17:17:00+00:00,631.785,631.97,631.75,631.91
2026-10-05 17:18:00+00:00,631.765,631.905,631.725,631.79
2026-10-05 17:19:00+00:00,631.685,631.815,631.63,631.74
2026-10-05 17:20:00+00:00,631.66,631.74,631.535,631.635
2026-10-05 17:21:00+00:00,631.76,631.78,631.615,631.675
2026-10-05 17:22:00+00:00,631.955,632.02,631.695,631.74
2026-10-05 17:23:00+00:00,631.81,632.04,631.81,631.92
2026-10-05 17:24:00+00:00,631.92,631.975,631.795,631.835
2026-10-05 17:25:00+00:00,631.895,632.055,631.865,631.92
2026-10-05 17:26:00+00:00,631.725,631.92,631.69,631.88
2026-10-05 17:27:00+00:00,631.745,631.85,631.665,631.765
2026-10-05 17:28:00+00:00,631.655,631.815,631.61,631.735
2026-10-05 17:29:00+00:00,631.82,631.825,631.635,631.645
2026-10-05 17:30:00+00:00,631.8,631.87,631.72,631.815
2026-10-05 17:31:00+00:00,631.885,631.95,631.76,631.805
2026-10-05 17:32:00+00:00,632.085,632.15,631.825,631.935
2026-10-05 17:33:00+00:00,632.075,632.135,631.965,632.065
2026-10-05 17:34:00+00:00,632.255,632.26,632.055,632.085
2026-10-05 17:35:00+00:00,632.325,632.38,632.12,632.235
2026-10-05 17:36:00+00:00,632.165,632.4,632.14,632.355
2026-10-05 17:37:00+00:00,632.315,632.385,632.14,632.155
2026-10-05 17:38:00+00:00,632.155,632.35,632.105,632.315
2026-10-05 17:39:00+00:00,632.045,632.24,631.995,632.12
2026-10-05 17:40:00+00:00,632.06,632.09,631.84,632.045
2026-10-05 17:41:00+00:00,632.085,632.185,631.97,632.025
2026-10-05 17:42:00+00:00,632.085,632.145,631.99,632.105
2026-10-05 17:43:00+00:00,632.135,632.205,632.05,632.095
2026-10-05 17:44:00+00:00,632.555,632.605,632.105,632.17
2026-10-05 17:45:00+00:00,632.675,632.86,632.56,632.6
2026-10-05 17:46:00+00:00,632.785,632.8,632.6,632.665
2026-10-05 17:47:00+00:00,632.845,632.88,632.68,632.795
2026-10-05 17:48:00+00:00,632.925,632.965,632.715,632.83
2026-10-05 17:49:00+00:00,632.96,633.005,632.89,632.905
2026-10-05 17:50:00+00:00,632.685,633.05,632.675,632.97
2026-10-05 17:51:00+00:00,632.705,632.865,632.6,632.695
2026-10-05 17:52:00+00:00,632.725,632.935,632.65,632.715
2026-10-05 17:53:00+00:00,633.12,633.205,632.725,632.73
2026-10-05 17:54:00+00:00,633.075,633.205,633.005,633.1
2026-10-05 17:55:00+00:00,632.92,633.115,632.91,633.07
2026-10-05 17:56:00+00:00,632.93,633.015,632.855,632.91
2026-10-05 17:57:00+00:00,632.92,633.03,632.85,632.93
2026-10-05 17:58:00+00:00,632.9,632.985,632.82,632.91
2026-10-05 17:59:00+00:00,632.865,632.98,632.77,632.975
2026-10-05 18:00:00+00:00,632.79,633.015,632.725,632.88
2026-10-05 18:01:00+00:00,632.86,632.885,632.75,632.8
2026-10-05 18:02:00+00:00,632.94,632.995,632.75,632.825
2026-10-05 18:03:00+00:00,632.89,633.0,632.86,632.94
2026-10-05 18:04:00+00:00,632.89,633.0,632.785,632.9
2026-10-05 18:05:00+00:00,632.54,632.915,632.415,632.89
2026-10-05 18:06:00+00:00,632.51,632.65,632.485,632.565
2026-10-05 18:07:00+00:00,632.625,632.64,632.46,632.505
2026-10-05 18:08:00+00:00,632.74,632.855,632.555,632.665
2026-10-05 18:09:00+00:00,632.77,632.845,632.685,632.77
2026-10-05 18:10:00+00:00,632.65,632.855,632.65,632.78
2026-10-05 18:11:00+00:00,632.7,632.78,632.585,632.66
2026-10-05 18:12:00+00:00,632.66,632.715,632.57,632.715
2026-10-05 18:13:00+00:00,632.705,632.71,632.61,632.61
2026-10-05 18:14:00+00:00,632.745,632.745,632.605,632.715
2026-10-05 18:15:00+00:00,632.88,632.925,632.72,632.72
2026-10-05 18:16:00+00:00,633.13,633.185,632.805,632.92
2026-10-05 18:17:00+00:00,633.28,633.28,633.13,633.15
2026-10-05 18:18:00+00:00,633.16,633.28,633.045,633.23
2026-10-05 18:19:00+00:00,633.22,633.295,633.12,633.13
2026-10-05 18:20:00+00:00,633.37,633.39,633.19,633.19
2026-10-05 18:21:00+00:00,633.56,633.63,633.365,633.365
2026-10-05 18:22:00+00:00,633.45,633.63,633.41,633.605
2026-10-05 18:23:00+00:00,633.385,633.56,633.375,633.42
2026-10-05 18:24:00+00:00,633.42,633.48,633.345,633.39
2026-10-05 18:25:00+00:00,633.33,633.505,633.29,633.39
2026-10-05 18:26:00+00:00,633.42,633.47,633.28,633.3
2026-10-05 18:27:00+00:00,633.55,633.62,633.32,633.43
2026-10-05 18:28:00+00:00,633.68,633.79,633.55,633.56
2026-10-05 18:29:00+00:00,633.815,633.83,633.645,633.68
2026-10-05 18:30:00+00:00,633.93,633.95,633.655,633.81
2026-10-05 18:31:00+00:00,633.785,633.995,633.715,633.915
2026-10-05 18:32:00+00:00,633.88,633.915,633.65,633.785
2026-10-05 18:33:00+00:00,633.85,633.96,633.765,633.87
2026-10-05 18:34:00+00:00,634.035,634.115,633.83,633.86
2026-10-05 18:35:00+00:00,634.18,634.245,634.0,634.025
2026-10-05 18:36:00+00:00,634.075,634.27,634.04,634.19
2026-10-05 18:37:00+00:00,633.925,634.1,633.82,634.035
2026-10-05 18:38:00+00:00,633.735,633.955,633.72,633.955
2026-10-05 18:39:00+00:00,633.92,633.94,633.715,633.785
2026-10-05 18:40:00+00:00,633.745,633.935,633.665,633.92
2026-10-05 18:41:00+00:00,633.545,633.865,633.495,633.79
2026-10-05 18:42:00+00:00,633.635,633.7,633.485,633.58
2026-10-05 18:43:00+00:00,633.56,633.705,633.455,633.685
2026-10-05 18:44:00+00:00,633.655,633.73,633.485,633.515
2026-10-05 18:45:00+00:00,633.37,633.735,633.37,633.73
2026-10-05 18:46:00+00:00,633.345,633.51,633.33,633.375
2026-10-05 18:47:00+00:00,633.38,633.415,633.145,633.365
2026-10-05 18:48:00+00:00,633.315,633.38,633.15,633.38
2026-10-05 18:49:00+00:00,633.225,633.335,633.175,633.32
2026-10-05 18:50:00+00:00,632.94,633.305,632.93,633.215
2026-10-05 18:51:00+00:00,632.97,633.085,632.89,632.93
2026-10-05 18:52:00+00:00,632.93,633.095,632.855,632.965
2026-10-05 18:53:00+00:00,632.755,632.955,632.72,632.885
2026-10-05 18:54:00+00:00,632.71,632.81,632.66,632.73
2026-10-05 18:55:00+00:00,632.475,632.825,632.45,632.71
2026-10-05 18:56:00+00:00,632.7,632.76,632.425,632.455
2026-10-05 18:57:00+00:00,632.9,632.955,632.7,632.77
2026-10-05 18:58:00+00:00,632.965,633.065,632.87,632.9
2026-10-05 18:59:00+00:00,632.925,633.09,632.78,632.935
2026-10-05 19:00:00+00:00,633.18,633.22,632.79,632.93
2026-10-05 19:01:00+00:00,633.55,633.55,633.115,633.14
2026-10-05 19:02:00+00:00,633.895,633.93,633.49,633.52
2026-10-05 19:03:00+00:00,633.775,633.905,633.675,633.895
2026-10-05 19:04:00+00:00,633.675,633.845,633.625,633.79
2026-10-05 19:05:00+00:00,633.825,633.865,633.64,633.675
2026-10-05 19:06:00+00:00,633.835,634.05,633.775,633.825
2026-10-05 19:07:00+00:00,633.76,633.835,633.59,633.78
2026-10-05 19:08:00+00:00,633.775,633.81,633.575,633.78
2026-10-05 19:09:00+00:00,633.915,634.035,633.735,633.785
2026-10-05 19:10:00+00:00,634.055,634.08,633.805,633.925
2026-10-05 19:11:00+00:00,634.005,634.075,633.91,634.065
2026-10-05 19:12:00+00:00,634.045,634.1,633.95,634.02
2026-10-05 19:13:00+00:00,634.285,634.305,634.045,634.07
2026-10-05 19:14:00+00:00,634.275,634.45,634.19,634.285
2026-10-05 19:15:00+00:00,634.235,634.335,634.115,634.235
2026-10-05 19:16:00+00:00,634.06,634.39,634.025,634.225
2026-10-05 19:17:00+00:00,634.055,634.14,633.91,634.07
2026-10-05 19:18:00+00:00,634.09,634.27,633.91,634.02
2026-10-05 19:19:00+00:00,634.09,634.295,634.035,634.155
2026-10-05 19:20:00+00:00,634.06,634.165,634.01,634.06
2026-10-05 19:21:00+00:00,633.8,634.17,633.725,634.065
2026-10-05 19:22:00+00:00,633.835,633.995,633.67,633.8
2026-10-05 19:23:00+00:00,633.82,633.915,633.71,633.835
2026-10-05 19:24:00+00:00,633.975,634.04,633.725,633.82
2026-10-05 19:25:00+00:00,634.075,634.165,633.96,633.985
2026-10-05 19:26:00+00:00,634.105,634.155,633.9,634.045
2026-10-05 19:27:00+00:00,634.045,634.155,634.025,634.1
2026-10-05 19:28:00+00:00,633.985,634.075,633.9,634.045
2026-10-05 19:29:00+00:00,633.865,634.06,633.865,633.925
2026-10-05 19:30:00+00:00,633.99,634.1,633.815,633.86
2026-10-05 19:31:00+00:00,634.145,634.175,633.97,633.975
2026-10-05 19:32:00+00:00,634.31,634.34,634.125,634.145
2026-10-05 19:33:00+00:00,634.345,634.46,634.24,634.32
2026-10-05 19:34:00+00:00,634.255,634.385,634.22,634.345
2026-10-05 19:35:00+00:00,634.32,634.395,634.19,634.29
2026-10-05 19:36:00+00:00,634.465,634.52,634.24,634.32
2026-10-05 19:37:00+00:00,634.745,634.76,634.45,634.46
2026-10-05 19:38:00+00:00,634.52,634.795,634.505,634.74
2026-10-05 19:39:00+00:00,634.395,634.55,634.35,634.515
2026-10-05 19:40:00+00:00,634.29,634.45,634.165,634.39
2026-10-05 19:41:00+00:00,634.175,634.3,634.04,634.3
2026-10-05 19:42:00+00:00,634.25,634.26,633.99,634.17
2026-10-05 19:43:00+00:00,634.135,634.39,634.12,634.205
2026-10-05 19:44:00+00:00,634.08,634.2,633.95,634.115
2026-10-05 19:45:00+00:00,633.855,634.075,633.8,634.075
2026-10-05 19:46:00+00:00,633.8,633.955,633.78,633.85
2026-10-05 19:47:00+00:00,633.895,633.94,633.765,633.805
2026-10-05 19:48:00+00:00,633.865,634.085,633.815,633.93
2026-10-05 19:49:00+00:00,633.855,633.96,633.79,633.845
2026-10-05 19:50:00+00:00,633.69,633.87,633.535,633.835
2026-10-05 19:51:00+00:00,633.82,633.875,633.59,633.685
2026-10-05 19:52:00+00:00,633.815,633.975,633.695,633.82
2026-10-05 19:53:00+00:00,633.765,633.85,633.52,633.81
2026-10-05 19:54:00+00:00,633.565,633.79,633.45,633.735
2026-10-05 19:55:00+00:00,633.365,633.62,633.165,633.62
2026-10-05 19:56:00+00:00,633.45,633.625,633.335,633.335
2026-10-05 19:57:00+00:00,633.69,633.835,633.37,633.42
2026-10-05 19:58:00+00:00,633.785,633.995,633.43,633.67
2026-10-05 19:59:00+00:00,634.225,634.3,633.59,633.805
2026-10-06 13:30:00+00:00,639.305,639.32,636.565,638.11
2026-10-06 13:31:00+00:00,637.315,639.68,636.975,639.06
2026-10-06 13:32:00+00:00,636.245,638.18,635.845,637.335
2026-10-06 13:33:00+00:00,635.635,636.455,635.11,635.88
2026-10-06 13:34:00+00:00,636.32,636.35,635.31,635.62
2026-10-06 13:35:00+00:00,636.7,637.275,635.845,636.32
2026-10-06 13:36:00+00:00,637.195,637.245,635.59,636.695
2026-10-06 13:37:00+00:00,636.975,637.345,636.405,637.205
2026-10-06 13:38:00+00:00,637.41,637.54,636.325,636.98
2026-10-06 13:39:00+00:00,637.71,637.97,637.105,637.4
2026-10-06 13:40:00+00:00,637.495,638.1,636.96,637.67
2026-10-06 13:41:00+00:00,637.64,638.025,637.4,637.505
2026-10-06 13:42:00+00:00,637.75,638.115,637.26,637.65
2026-10-06 13:43:00+00:00,638.33,638.375,637.535,637.74
2026-10-06 13:44:00+00:00,637.49,638.375,637.295,638.33
2026-10-06 13:45:00+00:00,636.915,637.795,636.79,637.49
2026-10-06 13:46:00+00:00,637.245,637.425,636.58,636.905
2026-10-06 13:47:00+00:00,637.295,637.33,636.675,637.255
2026-10-06 13:48:00+00:00,636.47,637.305,636.445,637.285
2026-10-06 13:49:00+00:00,635.54,636.655,635.54,636.49
2026-10-06 13:50:00+00:00,635.935,636.15,635.44,635.535
2026-10-06 13:51:00+00:00,636.63,636.755,635.84,635.925
2026-10-06 13:52:00+00:00,637.075,637.075,636.24,636.64
2026-10-06 13:53:00+00:00,637.04,637.295,636.735,637.065
2026-10-06 13:54:00+00:00,637.37,637.415,636.795,637.03
2026-10-06 13:55:00+00:00,638.06,638.065,637.255,637.325
2026-10-06 13:56:00+00:00,638.095,638.165,637.545,638.07
2026-10-06 13:57:00+00:00,638.42,638.54,637.965,638.085
2026-10-06 13:58:00+00:00,637.98,638.44,637.79,638.43
2026-10-06 13:59:00+00:00,637.535,637.99,637.285,637.99
2026-10-06 14:00:00+00:00,637.305,637.86,637.11,637.545
2026-10-06 14:01:00+00:00,637.78,637.81,637.305,637.315
2026-10-06 14:02:00+00:00,637.875,637.94,637.445,637.77
2026-10-06 14:03:00+00:00,637.885,637.9,637.14,637.885
2026-10-06 14:04:00+00:00,638.61,638.7,637.755,637.875
2026-10-06 14:05:00+00:00,638.46,638.985,638.295,638.62
2026-10-06 14:06:00+00:00,638.525,638.76,638.385,638.47
2026-10-06 14:07:00+00:00,638.855,639.07,638.285,638.515
2026-10-06 14:08:00+00:00,638.615,639.045,638.605,638.85
2026-10-06 14:09:00+00:00,638.455,638.66,638.33,638.635
2026-10-06 14:10:00+00:00,638.25,638.445,637.95,638.445
2026-10-06 14:11:00+00:00,638.025,638.4,637.955,638.26
2026-10-06 14:12:00+00:00,637.42,638.085,637.295,638.04
2026-10-06 14:13:00+00:00,637.265,637.63,637.14,637.43
2026-10-06 14:14:00+00:00,637.325,637.44,636.895,637.275
2026-10-06 14:15:00+00:00,637.665,637.77,637.285,637.315
2026-10-06 14:16:00+00:00,637.67,637.945,637.54,637.665
2026-10-06 14:17:00+00:00,637.645,637.855,637.545,637.68
2026-10-06 14:18:00+00:00,637.09,637.745,637.045,637.655
2026-10-06 14:19:00+00:00,637.445,637.55,636.995,637.105
2026-10-06 14:20:00+00:00,637.175,637.595,637.025,637.455
2026-10-06 14:21:00+00:00,637.415,637.415,637.025,637.19
2026-10-06 14:22:00+00:00,637.43,637.735,637.355,637.375
2026-10-06 14:23:00+00:00,636.605,637.455,636.54,637.42
2026-10-06 14:24:00+00:00,637.01,637.105,636.38,636.595
2026-10-06 14:25:00+00:00,636.505,637.06,636.42,636.985
2026-10-06 14:26:00+00:00,636.285,636.495,636.1,636.495
2026-10-06 14:27:00+00:00,636.325,636.69,636.035,636.285
2026-10-06 14:28:00+00:00,635.945,636.44,635.9,636.36
2026-10-06 14:29:00+00:00,636.025,636.285,635.915,635.955
2026-10-06 14:30:00+00:00,635.355,636.055,635.13,636.035
2026-10-06 14:31:00+00:00,635.4,635.715,635.215,635.365
2026-10-06 14:32:00+00:00,635.27,635.525,635.095,635.41
2026-10-06 14:33:00+00:00,635.62,635.755,635.02,635.22
2026-10-06 14:34:00+00:00,636.245,636.305,635.605,635.625
2026-10-06 14:35:00+00:00,636.085,636.36,635.77,636.245
2026-10-06 14:36:00+00:00,636.19,636.31,635.86,636.095
2026-10-06 14:37:00+00:00,635.81,636.57,635.81,636.18
2026-10-06 14:38:00+00:00,635.825,635.885,635.245,635.815
2026-10-06 14:39:00+00:00,636.205,636.215,635.735,635.825
2026-10-06 14:40:00+00:00,636.2,636.215,635.885,636.195
2026-10-06 14:41:00+00:00,636.6,636.68,635.965,636.2
2026-10-06 14:42:00+00:00,636.79,636.925,636.315,636.61
2026-10-06 14:43:00+00:00,636.955,637.05,636.69,636.8
2026-10-06 14:44:00+00:00,637.01,637.075,636.76,636.965
2026-10-06 14:45:00+00:00,636.83,637.01,636.725,637.0
2026-10-06 14:46:00+00:00,636.665,636.875,636.35,636.86
2026-10-06 14:47:00+00:00,636.73,636.925,636.665,636.675
2026-10-06 14:48:00+00:00,636.695,636.82,636.355,636.71
2026-10-06 14:49:00+00:00,636.69,636.865,636.555,636.685
2026-10-06 14:50:00+00:00,636.935,637.09,636.675,636.735
2026-10-06 14:51:00+00:00,636.94,636.985,636.615,636.925
2026-10-06 14:52:00+00:00,636.965,637.035,636.805,636.93
2026-10-06 14:53:00+00:00,637.29,637.415,636.915,637.01
2026-10-06 14:54:00+00:00,637.315,637.485,637.16,637.25
2026-10-06 14:55:00+00:00,637.14,637.44,637.13,637.305
2026-10-06 14:56:00+00:00,637.425,637.5,636.95,637.1
2026-10-06 14:57:00+00:00,637.28,637.45,637.215,637.415
2026-10-06 14:58:00+00:00,637.2,637.535,637.08,637.315
2026-10-06 14:59:00+00:00,637.18,637.37,637.045,637.25
2026-10-06 15:00:00+00:00,637.41,637.435,636.995,637.18
2026-10-06 15:01:00+00:00,637.215,637.42,637.045,637.42
2026-10-06 15:02:00+00:00,637.19,637.235,636.885,637.16
2026-10-06 15:03:00+00:00,637.335,637.335,637.08,637.19
2026-10-06 15:04:00+00:00,637.47,637.51,637.255,637.335
2026-10-06 15:05:00+00:00,637.82,637.915,637.405,637.47
2026-10-06 15:06:00+00:00,638.245,638.245,637.845,637.9
2026-10-06 15:07:00+00:00,638.615,638.62,638.235,638.255
2026-10-06 15:08:00+00:00,638.86,638.92,638.53,638.675
2026-10-06 15:09:00+00:00,638.94,639.03,638.735,638.865
2026-10-06 15:10:00+00:00,638.66,638.995,638.65,638.94
2026-10-06 15:11:00+00:00,638.86,638.875,638.64,638.655
2026-10-06 15:12:00+00:00,638.525,638.87,638.37,638.86
2026-10-06 15:13:00+00:00,638.265,638.58,638.195,638.575
2026-10-06 15:14:00+00:00,638.26,638.435,638.15,638.255
2026-10-06 15:15:00+00:00,638.175,638.375,638.015,638.265
2026-10-06 15:16:00+00:00,638.115,638.245,637.98,638.245
2026-10-06 15:17:00+00:00,637.895,638.25,637.87,638.115
2026-10-06 15:18:00+00:00,637.735,637.97,637.565,637.965
2026-10-06 15:19:00+00:00,638.035,638.07,637.65,637.82
2026-10-06 15:20:00+00:00,637.91,638.075,637.81,638.045
2026-10-06 15:21:00+00:00,637.795,637.995,637.705,637.83
2026-10-06 15:22:00+00:00,637.475,637.88,637.465,637.79
2026-10-06 15:23:00+00:00,637.37,637.58,637.24,637.465
2026-10-06 15:24:00+00:00,637.055,637.38,637.015,637.35
2026-10-06 15:25:00+00:00,636.785,637.09,636.785,637.015
2026-10-06 15:26:00+00:00,636.98,637.07,636.765,636.785
2026-10-06 15:27:00+00:00,637.525,637.53,636.855,637.02
2026-10-06 15:28:00+00:00,637.015,637.605,636.985,637.52
2026-10-06 15:29:00+00:00,636.835,637.13,636.58,637.015
2026-10-06 15:30:00+00:00,636.335,636.845,636.28,636.77
2026-10-06 15:31:00+00:00,636.405,636.46,636.13,636.325
2026-10-06 15:32:00+00:00,636.455,636.59,636.305,636.36
2026-10-06 15:33:00+00:00,636.245,636.58,636.225,636.575
2026-10-06 15:34:00+00:00,636.055,636.47,635.92,636.24
2026-10-06 15:35:00+00:00,636.005,636.13,635.725,636.065
2026-10-06 15:36:00+00:00,635.955,636.295,635.83,635.995
2026-10-06 15:37:00+00:00,635.8,636.07,635.74,635.965
2026-10-06 15:38:00+00:00,635.96,636.05,635.795,635.805
2026-10-06 15:39:00+00:00,635.9,636.08,635.76,635.96
2026-10-06 15:40:00+00:00,636.265,636.295,635.84,635.91
2026-10-06 15:41:00+00:00,636.56,636.695,636.215,636.275
2026-10-06 15:42:00+00:00,636.74,636.86,636.435,636.495
2026-10-06 15:43:00+00:00,636.945,637.12,636.625,636.72
2026-10-06 15:44:00+00:00,636.7,636.965,636.61,636.95
2026-10-06 15:45:00+00:00,636.48,636.85,636.335,636.79
2026-10-06 15:46:00+00:00,636.78,636.91,636.35,636.46
2026-10-06 15:47:00+00:00,636.875,636.99,636.615,636.775
2026-10-06 15:48:00+00:00,636.825,637.08,636.73,636.87
2026-10-06 15:49:00+00:00,636.885,637.01,636.725,636.73
2026-10-06 15:50:00+00:00,636.86,637.01,636.76,636.795
2026-10-06 15:51:00+00:00,637.015,637.17,636.86,636.915
2026-10-06 15:52:00+00:00,637.105,637.145,636.9,637.03
2026-10-06 15:53:00+00:00,636.91,637.135,636.84,637.125
2026-10-06 15:54:00+00:00,636.685,636.895,636.68,636.865
2026-10-06 15:55:00+00:00,636.675,636.745,636.56,636.69
2026-10-06 15:56:00+00:00,636.985,637.03,636.645,636.645
2026-10-06 15:57:00+00:00,636.51,636.985,636.44,636.945
2026-10-06 15:58:00+00:00,636.555,636.66,636.39,636.51
2026-10-06 15:59:00+00:00,636.8,636.8,636.545,636.555
2026-10-06 16:00:00+00:00,636.65,636.94,636.645,636.8
2026-10-06 16:01:00+00:00,636.61,636.965,636.605,636.695
2026-10-06 16:02:00+00:00,636.695,637.25,636.61,636.61
2026-10-06 16:03:00+00:00,636.37,636.96,636.225,636.695
2026-10-06 16:04:00+00:00,636.33,636.39,635.9,636.33
2026-10-06 16:05:00+00:00,636.15,636.585,636.09,636.255
2026-10-06 16:06:00+00:00,636.055,636.24,635.935,636.16
2026-10-06 16:07:00+00:00,636.0,636.19,635.86,636.06
2026-10-06 16:08:00+00:00,635.195,636.06,635.07,635.98
2026-10-06 16:09:00+00:00,635.25,635.695,635.11,635.2
2026-10-06 16:10:00+00:00,635.265,635.38,635.125,635.24
2026-10-06 16:11:00+00:00,635.36,635.52,635.165,635.255
2026-10-06 16:12:00+00:00,635.095,635.435,635.085,635.37
2026-10-06 16:13:00+00:00,635.1,635.24,634.92,635.095
2026-10-06 16:14:00+00:00,634.77,635.235,634.7,635.1
2026-10-06 16:15:00+00:00,634.85,634.88,634.47,634.77
2026-10-06 16:16:00+00:00,634.85,635.06,634.68,634.84
2026-10-06 16:17:00+00:00,635.03,635.14,634.775,634.79
2026-10-06 16:18:00+00:00,635.095,635.135,634.925,635.02
2026-10-06 16:19:00+00:00,635.04,635.3,635.04,635.055
2026-10-06 16:20:00+00:00,635.16,635.315,635.01,635.13
2026-10-06 16:21:00+00:00,635.47,635.5,635.105,635.15
2026-10-06 16:22:00+00:00,635.54,635.67,635.46,635.46
2026-10-06 16:23:00+00:00,635.535,635.635,635.355,635.535
2026-10-06 16:24:00+00:00,635.745,635.82,635.5,635.57
2026-10-06 16:25:00+00:00,635.8,635.895,635.7,635.71
2026-10-06 16:26:00+00:00,635.715,635.88,635.555,635.75
2026-10-06 16:27:00+00:00,635.71,635.76,635.565,635.705
2026-10-06 16:28:00+00:00,635.485,635.75,635.43,635.695
2026-10-06 16:29:00+00:00,635.395,635.59,635.21,635.485
2026-10-06 16:30:00+00:00,635.495,635.585,635.245,635.445
2026-10-06 16:31:00+00:00,635.8,635.835,635.41,635.505
2026-10-06 16:32:00+00:00,635.895,635.945,635.715,635.745
2026-10-06 16:33:00+00:00,635.695,636.025,635.695,635.905
2026-10-06 16:34:00+00:00,635.89,635.89,635.585,635.685
2026-10-06 16:35:00+00:00,635.84,636.07,635.75,635.835
2026-10-06 16:36:00+00:00,635.855,635.87,635.625,635.85
2026-10-06 16:37:00+00:00,635.655,635.885,635.55,635.85
2026-10-06 16:38:00+00:00,635.41,635.695,635.38,635.65
2026-10-06 16:39:00+00:00,635.375,635.46,635.27,635.445
2026-10-06 16:40:00+00:00,635.37,635.47,635.13,635.34
2026-10-06 16:41:00+00:00,635.165,635.395,635.065,635.365
2026-10-06 16:42:00+00:00,634.875,635.265,634.85,635.165
2026-10-06 16:43:00+00:00,635.045,635.16,634.825,634.875
2026-10-06 16:44:00+00:00,635.22,635.37,634.96,635.035
2026-10-06 16:45:00+00:00,635.345,635.54,635.1,635.215
2026-10-06 16:46:00+00:00,635.515,635.53,635.31,635.41
2026-10-06 16:47:00+00:00,635.505,635.54,635.355,635.51
2026-10-06 16:48:00+00:00,635.34,635.585,635.26,635.495
2026-10-06 16:49:00+00:00,635.53,635.55,635.335,635.34
2026-10-06 16:50:00+00:00,635.63,635.7,635.49,635.54
2026-10-06 16:51:00+00:00,635.53,635.64,635.455,635.63
2026-10-06 16:52:00+00:00,635.715,635.765,635.515,635.53
2026-10-06 16:53:00+00:00,635.76,635.865,635.7,635.74
2026-10-06 16:54:00+00:00,635.7,635.78,635.525,635.77
2026-10-06 16:55:00+00:00,635.57,635.8,635.365,635.69
2026-10-06 16:56:00+00:00,635.61,635.66,635.445,635.56
2026-10-06 16:57:00+00:00,635.33,635.62,635.32,635.61
2026-10-06 16:58:00+00:00,635.485,635.57,635.295,635.335
2026-10-06 16:59:00+00:00,635.425,635.63,635.355,635.495
2026-10-06 17:00:00+00:00,635.045,635.56,634.99,635.43
2026-10-06 17:01:00+00:00,635.06,635.2,635.05,635.05
2026-10-06 17:02:00+00:00,634.32,635.055,634.19,635.05
2026-10-06 17:03:00+00:00,634.595,634.665,634.29,634.31
2026-10-06 17:04:00+00:00,634.66,634.715,634.45,634.605
2026-10-06 17:05:00+00:00,634.73,634.84,634.585,634.67
2026-10-06 17:06:00+00:00,634.57,634.8,634.425,634.72
2026-10-06 17:07:00+00:00,634.58,634.645,634.47,634.58
2026-10-06 17:08:00+00:00,634.59,634.705,634.495,634.57
2026-10-06 17:09:00+00:00,634.71,634.835,634.55,634.56
2026-10-06 17:10:00+00:00,634.5,634.795,634.385,634.68
2026-10-06 17:11:00+00:00,634.52,634.655,634.47,634.49
2026-10-06 17:12:00+00:00,634.17,634.605,633.965,634.53
2026-10-06 17:13:00+00:00,634.105,634.18,633.93,634.18
2026-10-06 17:14:00+00:00,634.58,634.615,634.065,634.09
2026-10-06 17:15:00+00:00,634.41,634.655,634.345,634.585
2026-10-06 17:16:00+00:00,634.51,634.525,634.195,634.455
2026-10-06 17:17:00+00:00,634.375,634.68,634.375,634.475
2026-10-06 17:18:00+00:00,634.315,634.51,634.315,634.375
2026-10-06 17:19:00+00:00,634.28,634.45,634.255,634.36
2026-10-06 17:20:00+00:00,634.535,634.62,634.225,634.27
2026-10-06 17:21:00+00:00,634.36,634.72,634.145,634.545
2026-10-06 17:22:00+00:00,634.34,634.54,634.22,634.35
2026-10-06 17:23:00+00:00,634.61,634.625,634.315,634.33
2026-10-06 17:24:00+00:00,634.9,635.02,634.61,634.62
2026-10-06 17:25:00+00:00,635.185,635.31,634.87,634.9
2026-10-06 17:26:00+00:00,635.27,635.3,635.05,635.15
2026-10-06 17:27:00+00:00,635.25,635.4,635.18,635.25
2026-10-06 17:28:00+00:00,635.53,635.585,635.26,635.26
2026-10-06 17:29:00+00:00,635.5,635.625,635.34,635.53
2026-10-06 17:30:00+00:00,635.46,635.52,635.27,635.51
2026-10-06 17:31:00+00:00,635.695,635.7,635.44,635.45
2026-10-06 17:32:00+00:00,635.59,635.745,635.555,635.635
2026-10-06 17:33:00+00:00,635.665,635.7,635.54,635.63
2026-10-06 17:34:00+00:00,635.93,635.93,635.645,635.655
2026-10-06 17:35:00+00:00,636.01,636.1,635.83,635.925
2026-10-06 17:36:00+00:00,636.01,636.055,635.72,636.01
2026-10-06 17:37:00+00:00,635.945,636.15,635.825,636.055
2026-10-06 17:38:00+00:00,635.975,636.095,635.87,635.935
2026-10-06 17:39:00+00:00,636.04,636.095,635.87,635.985
2026-10-06 17:40:00+00:00,635.95,636.08,635.85,635.99
2026-10-06 17:41:00+00:00,635.71,635.98,635.58,635.945
2026-10-06 17:42:00+00:00,635.82,635.935,635.645,635.71
2026-10-06 17:43:00+00:00,636.03,636.105,635.8,635.81
2026-10-06 17:44:00+00:00,636.18,636.305,635.98,636.085
2026-10-06 17:45:00+00:00,636.135,636.275,635.95,636.225
2026-10-06 17:46:00+00:00,636.165,636.235,636.02,636.135
2026-10-06 17:47:00+00:00,636.01,636.24,635.955,636.19
2026-10-06 17:48:00+00:00,636.035,636.105,635.945,635.965
2026-10-06 17:49:00+00:00,636.06,636.12,635.955,636.0
2026-10-06 17:50:00+00:00,636.395,636.395,636.07,636.07
2026-10-06 17:51:00+00:00,636.39,636.555,636.36,636.39
2026-10-06 17:52:00+00:00,636.36,636.54,636.28,636.39
2026-10-06 17:53:00+00:00,636.4,636.455,636.305,636.35
2026-10-06 17:54:00+00:00,636.26,636.42,636.17,636.41
2026-10-06 17:55:00+00:00,635.84,636.27,635.825,636.27
2026-10-06 17:56:00+00:00,635.815,635.925,635.63,635.84
2026-10-06 17:57:00+00:00,635.855,635.94,635.7,635.805
2026-10-06 17:58:00+00:00,635.9,635.905,635.55,635.865
2026-10-06 17:59:00+00:00,635.99,636.025,635.835,635.89
2026-10-06 18:00:00+00:00,636.2,636.235,635.885,635.99
2026-10-06 18:01:00+00:00,636.36,636.435,636.12,636.2
2026-10-06 18:02:00+00:00,636.41,636.545,636.33,636.35
2026-10-06 18:03:00+00:00,636.605,636.62,636.39,636.42
2026-10-06 18:04:00+00:00,636.695,636.78,636.595,636.615
2026-10-06 18:05:00+00:00,636.745,636.755,636.61,636.705
2026-10-06 18:06:00+00:00,636.705,636.795,636.605,636.735
2026-10-06 18:07:00+00:00,636.745,636.86,636.685,636.715
2026-10-06 18:08:00+00:00,636.675,636.795,636.63,636.735
2026-10-06 18:09:00+00:00,636.42,636.715,636.385,636.675
2026-10-06 18:10:00+00:00,636.57,636.645,636.41,636.445
2026-10-06 18:11:00+00:00,636.635,636.71,636.55,636.555
2026-10-06 18:12:00+00:00,636.585,636.66,636.495,636.625
2026-10-06 18:13:00+00:00,636.46,636.63,636.355,636.595
2026-10-06 18:14:00+00:00,636.265,636.46,636.23,636.45
2026-10-06 18:15:00+00:00,636.265,636.415,636.18,636.275
2026-10-06 18:16:00+00:00,636.2,636.32,636.12,636.235
2026-10-06 18:17:00+00:00,635.91,636.21,635.91,636.155
2026-10-06 18:18:00+00:00,635.925,636.035,635.825,635.945
2026-10-06 18:19:00+00:00,635.79,635.905,635.745,635.875
2026-10-06 18:20:00+00:00,635.515,635.86,635.495,635.785
2026-10-06 18:21:00+00:00,635.505,635.56,635.395,635.505
2026-10-06 18:22:00+00:00,635.375,635.605,635.35,635.505
2026-10-06 18:23:00+00:00,635.19,635.475,635.175,635.435
2026-10-06 18:24:00+00:00,635.14,635.345,635.055,635.175
2026-10-06 18:25:00+00:00,634.835,635.195,634.73,635.13
2026-10-06 18:26:00+00:00,634.99,634.99,634.745,634.765
2026-10-06 18:27:00+00:00,635.055,635.18,634.96,635.0
2026-10-06 18:28:00+00:00,635.15,635.195,635.005,635.03
2026-10-06 18:29:00+00:00,635.05,635.155,634.9,635.15
2026-10-06 18:30:00+00:00,634.785,635.205,634.78,635.04
2026-10-06 18:31:00+00:00,634.62,634.83,634.525,634.825
2026-10-06 18:32:00+00:00,634.725,634.855,634.605,634.61
2026-10-06 18:33:00+00:00,634.865,635.07,634.635,634.665
2026-10-06 18:34:00+00:00,634.475,634.845,634.445,634.825
2026-10-06 18:35:00+00:00,634.545,634.635,634.375,634.52
2026-10-06 18:36:00+00:00,634.44,634.635,634.285,634.615
2026-10-06 18:37:00+00:00,634.505,634.59,634.235,634.44
2026-10-06 18:38:00+00:00,634.715,634.77,634.5,634.515
2026-10-06 18:39:00+00:00,634.685,634.755,634.505,634.685
2026-10-06 18:40:00+00:00,634.595,634.7,634.515,634.645
2026-10-06 18:41:00+00:00,634.45,634.66,634.255,634.575
2026-10-06 18:42:00+00:00,634.435,634.61,634.35,634.45
2026-10-06 18:43:00+00:00,634.6,634.685,634.33,634.475
2026-10-06 18:44:00+00:00,634.675,634.745,634.525,634.61
2026-10-06 18:45:00+00:00,634.765,634.84,634.625,634.625
2026-10-06 18:46:00+00:00,634.645,634.82,634.56,634.77
2026-10-06 18:47:00+00:00,634.88,634.895,634.595,634.695
2026-10-06 18:48:00+00:00,635.03,635.075,634.82,634.82
2026-10-06 18:49:00+00:00,635.055,635.145,634.955,634.995
2026-10-06 18:50:00+00:00,635.045,635.15,634.96,635.055
2026-10-06 18:51:00+00:00,635.06,635.155,634.905,635.07
2026-10-06 18:52:00+00:00,635.035,635.18,634.945,635.105
2026-10-06 18:53:00+00:00,634.97,635.135,634.95,635.08
2026-10-06 18:54:00+00:00,634.88,635.015,634.79,634.97
2026-10-06 18:55:00+00:00,635.07,635.165,634.84,634.875
2026-10-06 18:56:00+00:00,635.18,635.19,635.0,635.07
2026-10-06 18:57:00+00:00,635.275,635.335,635.115,635.135
2026-10-06 18:58:00+00:00,635.42,635.445,635.105,635.28
2026-10-06 18:59:00+00:00,635.355,635.465,635.245,635.42
2026-10-06 19:00:00+00:00,635.435,635.69,635.31,635.355
2026-10-06 19:01:00+00:00,635.17,635.425,635.09,635.41
2026-10-06 19:02:00+00:00,635.06,635.18,634.965,635.16
2026-10-06 19:03:00+00:00,635.135,635.205,634.96,635.005
2026-10-06 19:04:00+00:00,635.155,635.295,635.09,635.145
2026-10-06 19:05:00+00:00,635.2,635.225,634.995,635.155
2026-10-06 19:06:00+00:00,634.745,635.285,634.675,635.23
2026-10-06 19:07:00+00:00,634.655,634.77,634.58,634.765
2026-10-06 19:08:00+00:00,634.435,634.7,634.34,634.655
2026-10-06 19:09:00+00:00,634.16,634.425,634.03,634.425
2026-10-06 19:10:00+00:00,634.435,634.46,634.02,634.11
2026-10-06 19:11:00+00:00,634.46,634.5,634.295,634.41
2026-10-06 19:12:00+00:00,634.73,634.815,634.44,634.46
2026-10-06 19:13:00+00:00,634.905,634.965,634.67,634.8
2026-10-06 19:14:00+00:00,634.93,635.035,634.82,634.885
2026-10-06 19:15:00+00:00,635.235,635.27,634.9,634.95
2026-10-06 19:16:00+00:00,635.17,635.32,635.035,635.255
2026-10-06 19:17:00+00:00,634.945,635.19,634.87,635.165
2026-10-06 19:18:00+00:00,634.815,635.01,634.72,634.955
2026-10-06 19:19:00+00:00,634.88,634.96,634.725,634.805
2026-10-06 19:20:00+00:00,634.575,634.885,634.54,634.83
2026-10-06 19:21:00+00:00,634.605,634.67,634.485,634.54
2026-10-06 19:22:00+00:00,634.315,634.605,634.205,634.605
2026-10-06 19:23:00+00:00,634.16,634.35,634.11,634.28
2026-10-06 19:24:00+00:00,634.22,634.315,634.08,634.11
2026-10-06 19:25:00+00:00,633.98,634.295,633.9,634.25
2026-10-06 19:26:00+00:00,633.98,634.08,633.9,633.955
2026-10-06 19:27:00+00:00,634.09,634.145,633.935,633.96
2026-10-06 19:28:00+00:00,634.1,634.28,634.025,634.08
2026-10-06 19:29:00+00:00,633.975,634.265,633.895,634.085
2026-10-06 19:30:00+00:00,633.03,634.035,632.94,634.02
2026-10-06 19:31:00+00:00,632.865,633.095,632.625,633.075
2026-10-06 19:32:00+00:00,632.425,632.97,632.41,632.855
2026-10-06 19:33:00+00:00,632.67,632.85,632.405,632.43
2026-10-06 19:34:00+00:00,632.64,632.875,632.515,632.68
2026-10-06 19:35:00+00:00,632.355,632.63,632.24,632.63
2026-10-06 19:36:00+00:00,631.835,632.345,631.76,632.345
2026-10-06 19:37:00+00:00,631.835,631.91,631.655,631.79
2026-10-06 19:38:00+00:00,631.855,631.975,631.76,631.855
2026-10-06 19:39:00+00:00,631.725,631.855,631.645,631.83
2026-10-06 19:40:00+00:00,631.86,631.9,631.475,631.715
2026-10-06 19:41:00+00:00,631.965,632.06,631.78,631.85
2026-10-06 19:42:00+00:00,631.82,632.035,631.775,631.965
2026-10-06 19:43:00+00:00,631.74,631.865,631.575,631.775
2026-10-06 19:44:00+00:00,631.93,632.055,631.75,631.75
2026-10-06 19:45:00+00:00,632.275,632.29,631.875,631.925
2026-10-06 19:46:00+00:00,631.935,632.3,631.92,632.275
2026-10-06 19:47:00+00:00,632.29,632.29,631.865,631.935
2026-10-06 19:48:00+00:00,631.99,632.36,631.94,632.27
2026-10-06 19:49:00+00:00,632.06,632.11,631.93,632.03
2026-10-06 19:50:00+00:00,632.03,632.155,631.59,632.025
2026-10-06 19:51:00+00:00,632.14,632.255,631.93,632.055
2026-10-06 19:52:00+00:00,632.14,632.205,632.05,632.165
2026-10-06 19:53:00+00:00,631.98,632.14,631.81,632.14
2026-10-06 19:54:00+00:00,631.94,632.07,631.815,631.99
2026-10-06 19:55:00+00:00,632.205,632.395,631.925,631.99
2026-10-06 19:56:00+00:00,632.04,632.215,631.93,632.165
2026-10-06 19:57:00+00:00,632.03,632.12,631.87,632.055
2026-10-06 19:58:00+00:00,632.55,632.725,631.9,631.995
2026-10-06 19:59:00+00:00,632.42,632.57,632.305,632.54
2026-10-07 13:30:00+00:00,621.685,621.935,620.07,620.94
2026-10-07 13:31:00+00:00,622.885,623.155,621.62,621.685
2026-10-07 13:32:00+00:00,621.725,622.975,621.585,622.89
2026-10-07 13:33:00+00:00,622.225,622.825,621.565,621.875
2026-10-07 13:34:00+00:00,621.98,622.455,621.62,622.22
2026-10-07 13:35:00+00:00,622.565,623.055,621.74,621.98
2026-10-07 13:36:00+00:00,622.64,623.175,622.265,622.555
2026-10-07 13:37:00+00:00,620.93,622.745,620.93,622.645
2026-10-07 13:38:00+00:00,619.885,621.365,619.855,620.88
2026-10-07 13:39:00+00:00,620.625,620.71,619.395,619.89
2026-10-07 13:40:00+00:00,621.0,621.245,620.26,620.64
2026-10-07 13:41:00+00:00,620.555,621.705,620.335,620.99
2026-10-07 13:42:00+00:00,621.245,621.305,620.07,620.55
2026-10-07 13:43:00+00:00,621.105,621.365,620.715,621.255
2026-10-07 13:44:00+00:00,621.615,622.03,620.975,621.12
2026-10-07 13:45:00+00:00,620.92,621.82,620.845,621.625
2026-10-07 13:46:00+00:00,620.095,621.07,619.835,620.96
2026-10-07 13:47:00+00:00,618.87,620.21,618.855,620.115
2026-10-07 13:48:00+00:00,619.68,620.105,618.77,618.865
2026-10-07 13:49:00+00:00,620.265,620.47,619.52,619.64
2026-10-07 13:50:00+00:00,620.725,620.775,620.07,620.265
2026-10-07 13:51:00+00:00,620.825,620.89,620.195,620.675
2026-10-07 13:52:00+00:00,621.045,621.165,620.545,620.82
2026-10-07 13:53:00+00:00,621.15,621.515,620.95,621.045
2026-10-07 13:54:00+00:00,621.765,622.145,621.13,621.165
2026-10-07 13:55:00+00:00,621.44,621.865,621.28,621.78
2026-10-07 13:56:00+00:00,621.655,621.8,621.34,621.44
2026-10-07 13:57:00+00:00,621.82,621.86,621.355,621.645
2026-10-07 13:58:00+00:00,622.84,622.945,621.74,621.86
2026-10-07 13:59:00+00:00,622.655,622.94,622.305,622.85
2026-10-07 14:00:00+00:00,622.22,622.645,621.83,622.645
2026-10-07 14:01:00+00:00,622.24,622.62,621.94,622.22
2026-10-07 14:02:00+00:00,621.32,622.28,621.06,622.28
2026-10-07 14:03:00+00:00,621.39,621.635,621.065,621.33
2026-10-07 14:04:00+00:00,620.96,621.45,620.705,621.38
2026-10-07 14:05:00+00:00,621.38,621.5,620.885,620.96
2026-10-07 14:06:00+00:00,621.525,621.685,621.07,621.38
2026-10-07 14:07:00+00:00,621.82,621.985,621.435,621.525
2026-10-07 14:08:00+00:00,621.91,622.07,621.48,621.82
2026-10-07 14:09:00+00:00,622.29,622.36,621.6,621.905
2026-10-07 14:10:00+00:00,622.22,622.44,621.955,622.245
2026-10-07 14:11:00+00:00,622.225,622.405,621.765,622.235
2026-10-07 14:12:00+00:00,622.06,622.49,621.895,622.16
2026-10-07 14:13:00+00:00,622.455,622.575,621.99,622.06
2026-10-07 14:14:00+00:00,622.72,622.94,622.455,622.5
2026-10-07 14:15:00+00:00,622.585,622.92,622.535,622.72
2026-10-07 14:16:00+00:00,622.975,623.125,622.24,622.585
2026-10-07 14:17:00+00:00,623.05,623.14,622.745,622.98
2026-10-07 14:18:00+00:00,622.76,623.075,622.6,623.04
2026-10-07 14:19:00+00:00,623.34,623.41,622.565,622.76
2026-10-07 14:20:00+00:00,623.745,623.91,623.24,623.34
2026-10-07 14:21:00+00:00,624.225,624.27,623.64,623.735
2026-10-07 14:22:00+00:00,623.94,624.315,623.675,624.225
2026-10-07 14:23:00+00:00,624.045,624.265,623.805,623.95
2026-10-07 14:24:00+00:00,624.68,624.725,623.96,624.085
2026-10-07 14:25:00+00:00,624.775,625.195,624.62,624.68
2026-10-07 14:26:00+00:00,624.5,624.86,624.3,624.775
2026-10-07 14:27:00+00:00,624.105,624.615,624.06,624.49
2026-10-07 14:28:00+00:00,624.285,624.315,623.605,624.095
2026-10-07 14:29:00+00:00,624.225,624.34,623.98,624.225
2026-10-07 14:30:00+00:00,623.715,624.315,623.59,624.245
2026-10-07 14:31:00+00:00,624.13,624.195,623.6,623.725
2026-10-07 14:32:00+00:00,624.15,624.345,623.88,624.13
2026-10-07 14:33:00+00:00,623.54,624.375,623.48,624.12
2026-10-07 14:34:00+00:00,623.43,623.64,623.085,623.5
2026-10-07 14:35:00+00:00,623.29,623.48,622.975,623.44
2026-10-07 14:36:00+00:00,623.45,623.79,623.29,623.38
2026-10-07 14:37:00+00:00,623.485,623.58,623.195,623.54
2026-10-07 14:38:00+00:00,623.19,623.605,622.97,623.485
2026-10-07 14:39:00+00:00,623.77,623.795,623.125,623.195
2026-10-07 14:40:00+00:00,624.26,624.375,623.73,623.76
2026-10-07 14:41:00+00:00,624.535,624.755,624.175,624.175
2026-10-07 14:42:00+00:00,624.83,624.94,624.485,624.535
2026-10-07 14:43:00+00:00,623.995,624.745,623.95,624.715
2026-10-07 14:44:00+00:00,623.74,624.15,623.73,624.025
2026-10-07 14:45:00+00:00,623.4,623.98,623.37,623.75
2026-10-07 14:46:00+00:00,623.25,623.64,623.125,623.385
2026-10-07 14:47:00+00:00,623.345,623.64,623.145,623.215
2026-10-07 14:48:00+00:00,623.01,623.59,622.96,623.355
2026-10-07 14:49:00+00:00,622.995,623.09,622.81,623.025
2026-10-07 14:50:00+00:00,622.97,623.1,622.74,622.995
2026-10-07 14:51:00+00:00,622.605,623.02,622.325,622.96
2026-10-07 14:52:00+00:00,622.56,622.71,622.385,622.645
2026-10-07 14:53:00+00:00,622.085,622.695,621.99,622.47
2026-10-07 14:54:00+00:00,622.735,622.77,622.04,622.08
2026-10-07 14:55:00+00:00,622.51,622.815,622.33,622.735
2026-10-07 14:56:00+00:00,622.49,622.72,622.335,622.505
2026-10-07 14:57:00+00:00,622.49,622.535,622.24,622.51
2026-10-07 14:58:00+00:00,622.8,622.9,622.29,622.44
2026-10-07 14:59:00+00:00,622.99,623.055,622.635,622.86
2026-10-07 15:00:00+00:00,622.4,623.025,622.38,622.975
2026-10-07 15:01:00+00:00,622.02,622.57,621.965,622.395
2026-10-07 15:02:00+00:00,622.005,622.14,621.785,622.02
2026-10-07 15:03:00+00:00,621.785,622.075,621.63,622.005
2026-10-07 15:04:00+00:00,622.26,622.33,621.665,621.775
2026-10-07 15:05:00+00:00,622.255,622.59,622.255,622.26
2026-10-07 15:06:00+00:00,622.29,622.39,622.155,622.26
2026-10-07 15:07:00+00:00,622.715,622.8,622.18,622.3
2026-10-07 15:08:00+00:00,622.83,622.975,622.67,622.705
2026-10-07 15:09:00+00:00,622.84,622.905,622.665,622.82
2026-10-07 15:10:00+00:00,622.74,622.9,622.635,622.84
2026-10-07 15:11:00+00:00,622.72,622.905,622.57,622.81
2026-10-07 15:12:00+00:00,622.635,622.85,622.58,622.78
2026-10-07 15:13:00+00:00,623.835,624.055,622.635,622.655
2026-10-07 15:14:00+00:00,623.23,624.0,623.225,623.82
2026-10-07 15:15:00+00:00,623.68,623.745,623.195,623.22
2026-10-07 15:16:00+00:00,624.015,624.06,623.45,623.68
2026-10-07 15:17:00+00:00,623.65,624.07,623.54,624.005
2026-10-07 15:18:00+00:00,623.055,623.67,623.035,623.66
2026-10-07 15:19:00+00:00,622.82,623.115,622.77,623.06
2026-10-07 15:20:00+00:00,622.98,623.09,622.78,622.805
2026-10-07 15:21:00+00:00,622.54,623.09,622.54,622.975
2026-10-07 15:22:00+00:00,622.675,622.705,622.245,622.58
2026-10-07 15:23:00+00:00,622.33,622.675,622.305,622.62
2026-10-07 15:24:00+00:00,622.04,622.42,621.985,622.39
2026-10-07 15:25:00+00:00,622.02,622.16,621.93,622.11
2026-10-07 15:26:00+00:00,622.29,622.3,621.92,622.01
2026-10-07 15:27:00+00:00,622.245,622.45,622.215,622.225
2026-10-07 15:28:00+00:00,621.98,622.245,621.86,622.19
2026-10-07 15:29:00+00:00,622.165,622.285,621.965,621.99
2026-10-07 15:30:00+00:00,622.085,622.23,621.91,622.205
2026-10-07 15:31:00+00:00,622.335,622.335,622.04,622.095
2026-10-07 15:32:00+00:00,622.2,622.635,622.17,622.335
2026-10-07 15:33:00+00:00,622.365,622.525,622.15,622.255
2026-10-07 15:34:00+00:00,622.575,622.625,622.34,622.355
2026-10-07 15:35:00+00:00,622.905,622.92,622.545,622.575
2026-10-07 15:36:00+00:00,623.155,623.205,622.87,622.91
2026-10-07 15:37:00+00:00,623.225,623.3,623.07,623.195
2026-10-07 15:38:00+00:00,623.49,623.53,623.175,623.225
2026-10-07 15:39:00+00:00,623.345,623.65,623.265,623.495
2026-10-07 15:40:00+00:00,623.445,623.545,623.22,623.265
2026-10-07 15:41:00+00:00,623.795,623.815,623.355,623.435
2026-10-07 15:42:00+00:00,623.375,623.805,623.355,623.805
2026-10-07 15:43:00+00:00,623.325,623.445,623.25,623.375
2026-10-07 15:44:00+00:00,623.62,623.68,623.265,623.265
2026-10-07 15:45:00+00:00,623.475,623.625,623.39,623.61
2026-10-07 15:46:00+00:00,623.52,623.655,623.35,623.505
2026-10-07 15:47:00+00:00,623.52,623.565,623.33,623.51
2026-10-07 15:48:00+00:00,623.74,623.78,623.43,623.52
2026-10-07 15:49:00+00:00,623.565,623.83,623.435,623.74
2026-10-07 15:50:00+00:00,623.78,623.84,623.54,623.595
2026-10-07 15:51:00+00:00,623.715,623.985,623.635,623.77
2026-10-07 15:52:00+00:00,623.78,623.92,623.59,623.75
2026-10-07 15:53:00+00:00,623.555,623.805,623.455,623.735
2026-10-07 15:54:00+00:00,623.53,623.615,623.385,623.55
2026-10-07 15:55:00+00:00,623.385,623.615,623.22,623.53
2026-10-07 15:56:00+00:00,623.13,623.39,623.015,623.34
2026-10-07 15:57:00+00:00,622.925,623.19,622.915,623.065
2026-10-07 15:58:00+00:00,622.695,622.98,622.61,622.97
2026-10-07 15:59:00+00:00,622.7,622.825,622.53,622.65
2026-10-07 16:00:00+00:00,623.22,623.23,622.615,622.72
2026-10-07 16:01:00+00:00,622.76,623.395,622.62,623.225
2026-10-07 16:02:00+00:00,623.29,623.355,622.46,622.695
2026-10-07 16:03:00+00:00,623.53,623.575,623.165,623.28
2026-10-07 16:04:00+00:00,623.61,623.63,623.41,623.48
2026-10-07 16:05:00+00:00,623.68,623.76,623.51,623.61
2026-10-07 16:06:00+00:00,623.755,623.84,623.535,623.585
2026-10-07 16:07:00+00:00,623.795,623.93,623.52,623.835
2026-10-07 16:08:00+00:00,623.445,623.885,623.32,623.765
2026-10-07 16:09:00+00:00,623.445,623.735,623.375,623.445
2026-10-07 16:10:00+00:00,623.475,623.54,623.325,623.425
2026-10-07 16:11:00+00:00,623.39,623.52,623.32,623.47
2026-10-07 16:12:00+00:00,623.485,623.545,623.36,623.38
2026-10-07 16:13:00+00:00,623.4,623.51,623.28,623.485
2026-10-07 16:14:00+00:00,623.41,623.445,623.18,623.39
2026-10-07 16:15:00+00:00,623.29,623.455,623.29,623.38
2026-10-07 16:16:00+00:00,623.03,623.285,622.955,623.285
2026-10-07 16:17:00+00:00,623.09,623.16,622.98,623.03
2026-10-07 16:18:00+00:00,622.985,623.205,622.94,623.105
2026-10-07 16:19:00+00:00,622.905,623.015,622.79,623.015
2026-10-07 16:20:00+00:00,622.935,623.09,622.845,622.935
2026-10-07 16:21:00+00:00,622.715,622.945,622.65,622.9
2026-10-07 16:22:00+00:00,622.905,623.015,622.66,622.705
2026-10-07 16:23:00+00:00,623.1,623.1,622.855,622.9
2026-10-07 16:24:00+00:00,622.87,623.165,622.755,623.095
2026-10-07 16:25:00+00:00,622.59,622.855,622.58,622.835
2026-10-07 16:26:00+00:00,622.725,622.725,622.5,622.58
2026-10-07 16:27:00+00:00,622.63,622.735,622.56,622.735
2026-10-07 16:28:00+00:00,622.705,622.765,622.525,622.635
2026-10-07 16:29:00+00:00,622.49,622.73,622.385,622.69
2026-10-07 16:30:00+00:00,622.49,622.58,622.315,622.45
2026-10-07 16:31:00+00:00,622.76,622.8,622.43,622.515
2026-10-07 16:32:00+00:00,622.915,622.985,622.655,622.725
2026-10-07 16:33:00+00:00,622.785,622.985,622.77,622.955
2026-10-07 16:34:00+00:00,622.675,622.915,622.675,622.8
2026-10-07 16:35:00+00:00,622.715,622.81,622.56,622.74
2026-10-07 16:36:00+00:00,622.65,622.83,622.625,622.725
2026-10-07 16:37:00+00:00,622.37,622.77,622.305,622.68
2026-10-07 16:38:00+00:00,622.365,622.775,622.33,622.42
2026-10-07 16:39:00+00:00,622.305,622.48,622.225,622.43
2026-10-07 16:40:00+00:00,622.385,622.4,622.215,622.265
2026-10-07 16:41:00+00:00,622.495,622.495,622.29,622.38
2026-10-07 16:42:00+00:00,622.315,622.495,622.28,622.47
2026-10-07 16:43:00+00:00,622.295,622.505,622.235,622.34
2026-10-07 16:44:00+00:00,622.655,622.665,622.295,622.335
2026-10-07 16:45:00+00:00,622.895,622.95,622.6,622.605
2026-10-07 16:46:00+00:00,623.01,623.385,622.895,622.905
2026-10-07 16:47:00+00:00,623.04,623.07,622.82,623.005
2026-10-07 16:48:00+00:00,622.96,623.05,622.84,623.04
2026-10-07 16:49:00+00:00,623.11,623.19,622.79,622.96
2026-10-07 16:50:00+00:00,623.35,623.445,623.12,623.12
2026-10-07 16:51:00+00:00,623.2,623.465,623.15,623.36
2026-10-07 16:52:00+00:00,623.095,623.255,623.07,623.21
2026-10-07 16:53:00+00:00,623.105,623.19,622.955,623.095
2026-10-07 16:54:00+00:00,622.78,623.165,622.78,623.04
2026-10-07 16:55:00+00:00,623.065,623.07,622.755,622.83
2026-10-07 16:56:00+00:00,623.105,623.115,622.935,623.06
2026-10-07 16:57:00+00:00,622.95,623.195,622.91,623.05
2026-10-07 16:58:00+00:00,622.95,623.07,622.825,622.995
2026-10-07 16:59:00+00:00,622.99,623.095,622.91,623.045
2026-10-07 17:00:00+00:00,623.2,623.285,622.875,622.98
2026-10-07 17:01:00+00:00,622.895,623.32,622.895,623.18
2026-10-07 17:02:00+00:00,624.175,624.18,622.84,622.9
2026-10-07 17:03:00+00:00,623.68,624.43,623.62,624.17
2026-10-07 17:04:00+00:00,623.85,623.93,623.645,623.72
2026-10-07 17:05:00+00:00,624.065,624.17,623.77,623.925
2026-10-07 17:06:00+00:00,624.44,624.58,624.02,624.025
2026-10-07 17:07:00+00:00,624.205,624.45,624.11,624.415
2026-10-07 17:08:00+00:00,624.65,624.815,624.17,624.17
2026-10-07 17:09:00+00:00,624.565,624.8,624.54,624.675
2026-10-07 17:10:00+00:00,624.515,624.645,624.155,624.585
2026-10-07 17:11:00+00:00,624.425,624.675,624.265,624.59
2026-10-07 17:12:00+00:00,624.225,624.475,624.03,624.375
2026-10-07 17:13:00+00:00,624.11,624.275,623.97,624.24
2026-10-07 17:14:00+00:00,624.13,624.25,624.02,624.12
2026-10-07 17:15:00+00:00,623.945,624.245,623.745,624.17
2026-10-07 17:16:00+00:00,623.97,624.06,623.81,623.9
2026-10-07 17:17:00+00:00,623.895,624.035,623.745,623.995
2026-10-07 17:18:00+00:00,624.195,624.3,623.86,623.96
2026-10-07 17:19:00+00:00,624.28,624.4,624.105,624.19
2026-10-07 17:20:00+00:00,624.38,624.59,624.27,624.28
2026-10-07 17:21:00+00:00,624.44,624.58,624.235,624.41
2026-10-07 17:22:00+00:00,624.645,624.715,624.325,624.515
2026-10-07 17:23:00+00:00,624.47,624.665,624.385,624.635
2026-10-07 17:24:00+00:00,624.505,624.555,624.36,624.5
2026-10-07 17:25:00+00:00,624.295,624.6,624.26,624.47
2026-10-07 17:26:00+00:00,624.225,624.495,624.125,624.285
2026-10-07 17:27:00+00:00,624.07,624.38,624.045,624.235
2026-10-07 17:28:00+00:00,624.265,624.365,624.02,624.115
2026-10-07 17:29:00+00:00,624.045,624.305,623.995,624.265
2026-10-07 17:30:00+00:00,624.275,624.28,623.925,624.105
2026-10-07 17:31:00+00:00,624.31,624.44,624.235,624.285
2026-10-07 17:32:00+00:00,624.38,624.51,624.275,624.31
2026-10-07 17:33:00+00:00,624.425,624.495,624.35,624.425
2026-10-07 17:34:00+00:00,624.715,624.715,624.34,624.43
2026-10-07 17:35:00+00:00,624.605,624.83,624.43,624.68
2026-10-07 17:36:00+00:00,624.36,624.65,624.27,624.6
2026-10-07 17:37:00+00:00,624.285,624.455,624.255,624.35
2026-10-07 17:38:00+00:00,624.165,624.32,624.07,624.32
2026-10-07 17:39:00+00:00,624.23,624.28,624.085,624.12
2026-10-07 17:40:00+00:00,624.245,624.35,624.175,624.23
2026-10-07 17:41:00+00:00,624.185,624.36,624.185,624.245
2026-10-07 17:42:00+00:00,624.075,624.265,624.015,624.185
2026-10-07 17:43:00+00:00,624.285,624.36,624.055,624.115
2026-10-07 17:44:00+00:00,624.165,624.395,624.135,624.255
2026-10-07 17:45:00+00:00,624.02,624.24,623.925,624.135
2026-10-07 17:46:00+00:00,623.805,624.02,623.73,624.01
2026-10-07 17:47:00+00:00,623.875,624.005,623.765,623.9
2026-10-07 17:48:00+00:00,623.74,623.975,623.685,623.87
2026-10-07 17:49:00+00:00,623.555,623.77,623.505,623.765
2026-10-07 17:50:00+00:00,623.26,623.6,623.2,623.505
2026-10-07 17:51:00+00:00,623.08,623.28,623.025,623.275
2026-10-07 17:52:00+00:00,622.99,623.16,622.925,623.075
2026-10-07 17:53:00+00:00,623.06,623.13,622.965,623.05
2026-10-07 17:54:00+00:00,622.945,623.175,622.895,623.055
2026-10-07 17:55:00+00:00,622.805,622.965,622.74,622.905
2026-10-07 17:56:00+00:00,622.86,622.91,622.725,622.805
2026-10-07 17:57:00+00:00,623.01,623.015,622.775,622.855
2026-10-07 17:58:00+00:00,622.92,623.035,622.875,623.02
2026-10-07 17:59:00+00:00,622.975,623.08,622.89,622.97
2026-10-07 18:00:00+00:00,622.935,623.07,622.835,622.965
2026-10-07 18:01:00+00:00,622.795,623.005,622.59,622.895
2026-10-07 18:02:00+00:00,622.9,623.06,622.63,622.765
2026-10-07 18:03:00+00:00,623.055,623.07,622.89,622.89
2026-10-07 18:04:00+00:00,623.35,623.48,622.99,623.07
2026-10-07 18:05:00+00:00,623.91,624.0,623.36,623.36
2026-10-07 18:06:00+00:00,623.78,623.975,623.72,623.91
2026-10-07 18:07:00+00:00,623.745,623.855,623.63,623.78
2026-10-07 18:08:00+00:00,623.62,623.765,623.53,623.74
2026-10-07 18:09:00+00:00,623.745,623.865,623.52,623.69
2026-10-07 18:10:00+00:00,623.685,623.825,623.515,623.755
2026-10-07 18:11:00+00:00,623.65,623.78,623.605,623.695
2026-10-07 18:12:00+00:00,623.695,623.75,623.58,623.705
2026-10-07 18:13:00+00:00,623.535,623.82,623.515,623.74
2026-10-07 18:14:00+00:00,623.39,623.615,623.33,623.565
2026-10-07 18:15:00+00:00,623.51,623.63,623.375,623.45
2026-10-07 18:16:00+00:00,623.59,623.61,623.45,623.545
2026-10-07 18:17:00+00:00,623.58,623.6,623.44,623.555
2026-10-07 18:18:00+00:00,623.545,623.67,623.48,623.595
2026-10-07 18:19:00+00:00,623.67,623.745,623.475,623.51
2026-10-07 18:20:00+00:00,623.385,623.705,623.365,623.63
2026-10-07 18:21:00+00:00,623.335,623.38,623.18,623.375
2026-10-07 18:22:00+00:00,623.26,623.455,623.24,623.31
2026-10-07 18:23:00+00:00,623.245,623.385,623.185,623.295
2026-10-07 18:24:00+00:00,623.21,623.375,623.11,623.29
2026-10-07 18:25:00+00:00,623.115,623.255,623.0,623.21
2026-10-07 18:26:00+00:00,623.245,623.29,623.035,623.075
2026-10-07 18:27:00+00:00,623.445,623.52,623.255,623.29
2026-10-07 18:28:00+00:00,623.56,623.64,623.42,623.49
2026-10-07 18:29:00+00:00,623.715,623.75,623.43,623.555
2026-10-07 18:30:00+00:00,623.84,623.865,623.665,623.78
2026-10-07 18:31:00+00:00,623.725,623.825,623.585,623.805
2026-10-07 18:32:00+00:00,623.615,623.86,623.605,623.735
2026-10-07 18:33:00+00:00,623.485,623.825,623.435,623.635
2026-10-07 18:34:00+00:00,623.245,623.5,623.17,623.475
2026-10-07 18:35:00+00:00,623.125,623.265,622.96,623.205
2026-10-07 18:36:00+00:00,623.05,623.25,622.97,623.17
2026-10-07 18:37:00+00:00,622.92,623.05,622.785,623.02
2026-10-07 18:38:00+00:00,622.625,622.955,622.57,622.93
2026-10-07 18:39:00+00:00,622.735,622.8,622.56,622.57
2026-10-07 18:40:00+00:00,622.78,622.82,622.625,622.78
2026-10-07 18:41:00+00:00,622.78,622.81,622.69,622.74
2026-10-07 18:42:00+00:00,622.765,622.805,622.6,622.77
2026-10-07 18:43:00+00:00,622.88,622.91,622.655,622.715
2026-10-07 18:44:00+00:00,623.145,623.17,622.865,622.89
2026-10-07 18:45:00+00:00,622.98,623.155,622.945,623.12
2026-10-07 18:46:00+00:00,623.015,623.135,622.92,622.95
2026-10-07 18:47:00+00:00,623.19,623.23,622.94,623.1
2026-10-07 18:48:00+00:00,623.21,623.275,623.12,623.215
2026-10-07 18:49:00+00:00,623.23,623.325,623.135,623.245
2026-10-07 18:50:00+00:00,623.21,623.305,623.16,623.19
2026-10-07 18:51:00+00:00,623.11,623.275,623.06,623.205
2026-10-07 18:52:00+00:00,622.94,623.13,622.895,623.07
2026-10-07 18:53:00+00:00,622.77,622.975,622.755,622.935
2026-10-07 18:54:00+00:00,622.785,622.825,622.615,622.76
2026-10-07 18:55:00+00:00,622.74,622.975,622.665,622.74
2026-10-07 18:56:00+00:00,622.78,622.84,622.615,622.74
2026-10-07 18:57:00+00:00,622.775,622.84,622.73,622.75
2026-10-07 18:58:00+00:00,622.49,622.8,622.485,622.795
2026-10-07 18:59:00+00:00,622.325,622.56,622.31,622.49
2026-10-07 19:00:00+00:00,622.64,622.705,622.325,622.325
2026-10-07 19:01:00+00:00,622.655,622.785,622.56,622.66
2026-10-07 19:02:00+00:00,622.33,622.655,622.19,622.65
2026-10-07 19:03:00+00:00,621.75,622.385,621.705,622.28
2026-10-07 19:04:00+00:00,621.715,621.87,621.59,621.76
2026-10-07 19:05:00+00:00,621.96,622.075,621.6,621.715
2026-10-07 19:06:00+00:00,621.66,622.045,621.635,621.93
2026-10-07 19:07:00+00:00,621.92,621.965,621.61,621.68
2026-10-07 19:08:00+00:00,622.4,622.4,621.895,621.96
2026-10-07 19:09:00+00:00,622.025,622.4,622.025,622.375
2026-10-07 19:10:00+00:00,621.99,622.195,621.925,622.035
2026-10-07 19:11:00+00:00,622.26,622.33,621.96,622.005
2026-10-07 19:12:00+00:00,622.43,622.485,622.205,622.27
2026-10-07 19:13:00+00:00,622.545,622.6,622.385,622.42
2026-10-07 19:14:00+00:00,622.45,622.655,622.375,622.59
2026-10-07 19:15:00+00:00,622.405,622.57,622.26,622.41
2026-10-07 19:16:00+00:00,622.345,622.455,622.26,622.41
2026-10-07 19:17:00+00:00,622.61,622.65,622.335,622.335
2026-10-07 19:18:00+00:00,622.725,622.78,622.605,622.615
2026-10-07 19:19:00+00:00,622.705,622.805,622.61,622.745
2026-10-07 19:20:00+00:00,622.65,622.865,622.57,622.745
2026-10-07 19:21:00+00:00,622.36,622.675,622.345,622.66
2026-10-07 19:22:00+00:00,622.605,622.745,622.215,622.36
2026-10-07 19:23:00+00:00,622.795,622.835,622.535,622.67
2026-10-07 19:24:00+00:00,622.865,622.99,622.795,622.805
2026-10-07 19:25:00+00:00,623.2,623.25,622.85,622.85
2026-10-07 19:26:00+00:00,623.145,623.24,623.0,623.2
2026-10-07 19:27:00+00:00,623.085,623.215,622.975,623.155
2026-10-07 19:28:00+00:00,623.22,623.365,623.085,623.12
2026-10-07 19:29:00+00:00,623.365,623.4,623.125,623.21
2026-10-07 19:30:00+00:00,624.375,624.375,623.315,623.32
2026-10-07 19:31:00+00:00,624.485,624.6,624.16,624.37
2026-10-07 19:32:00+00:00,624.66,624.85,624.375,624.465
2026-10-07 19:33:00+00:00,625.025,625.045,624.64,624.685
2026-10-07 19:34:00+00:00,625.04,625.15,624.925,625.035
2026-10-07 19:35:00+00:00,625.125,625.28,624.72,625.05
2026-10-07 19:36:00+00:00,624.935,625.205,624.82,625.13
2026-10-07 19:37:00+00:00,625.105,625.165,624.85,624.945
2026-10-07 19:38:00+00:00,625.395,625.43,624.98,625.115
2026-10-07 19:39:00+00:00,625.125,625.58,625.09,625.395
2026-10-07 19:40:00+00:00,624.895,625.185,624.8,625.12
2026-10-07 19:41:00+00:00,625.005,625.11,624.86,624.895
2026-10-07 19:42:00+00:00,625.48,625.495,624.99,625.055
2026-10-07 19:43:00+00:00,625.31,625.55,625.19,625.48
2026-10-07 19:44:00+00:00,625.235,625.41,625.2,625.31
2026-10-07 19:45:00+00:00,625.26,625.385,625.095,625.23
2026-10-07 19:46:00+00:00,625.105,625.33,624.915,625.27
2026-10-07 19:47:00+00:00,625.025,625.15,624.96,625.095
2026-10-07 19:48:00+00:00,624.81,625.03,624.76,625.03
2026-10-07 19:49:00+00:00,624.64,624.87,624.56,624.805
2026-10-07 19:50:00+00:00,624.825,625.28,624.53,624.71
2026-10-07 19:51:00+00:00,624.62,624.95,624.52,624.825
2026-10-07 19:52:00+00:00,624.88,624.9,624.555,624.605
2026-10-07 19:53:00+00:00,624.73,624.9,624.55,624.88
2026-10-07 19:54:00+00:00,624.9,624.935,624.405,624.715
2026-10-07 19:55:00+00:00,625.445,625.815,624.635,624.91
2026-10-07 19:56:00+00:00,625.66,625.675,625.335,625.445
2026-10-07 19:57:00+00:00,625.625,625.93,625.515,625.67
2026-10-07 19:58:00+00:00,625.225,625.61,625.225,625.61
2026-10-07 19:59:00+00:00,625.14,625.45,625.04,625.22
2026-10-08 13:30:00+00:00,614.71,616.27,613.74,615.97
2026-10-08 13:31:00+00:00,614.825,615.335,614.16,614.7
2026-10-08 13:32:00+00:00,615.345,616.11,614.51,615.205
2026-10-08 13:33:00+00:00,615.735,616.555,614.865,615.625
2026-10-08 13:34:00+00:00,616.63,617.1,615.72,615.735
2026-10-08 13:35:00+00:00,615.58,616.8,615.475,616.8
2026-10-08 13:36:00+00:00,616.48,616.52,615.47,615.56
2026-10-08 13:37:00+00:00,615.88,616.59,615.83,616.47
2026-10-08 13:38:00+00:00,616.115,616.595,615.755,615.905
2026-10-08 13:39:00+00:00,616.445,616.6,615.865,616.125
2026-10-08 13:40:00+00:00,615.245,616.455,614.935,616.455
2026-10-08 13:41:00+00:00,615.345,616.28,615.235,615.235
2026-10-08 13:42:00+00:00,614.54,615.365,614.405,615.35
2026-10-08 13:43:00+00:00,615.05,615.27,614.21,614.54
2026-10-08 13:44:00+00:00,615.36,615.55,614.855,615.055
2026-10-08 13:45:00+00:00,615.645,615.8,615.14,615.37
2026-10-08 13:46:00+00:00,615.86,616.07,615.56,615.665
2026-10-08 13:47:00+00:00,615.625,616.055,615.34,615.85
2026-10-08 13:48:00+00:00,614.985,615.66,614.885,615.615
2026-10-08 13:49:00+00:00,615.215,615.36,614.86,614.995
2026-10-08 13:50:00+00:00,615.13,615.34,614.895,615.225
2026-10-08 13:51:00+00:00,615.085,615.565,615.065,615.14
2026-10-08 13:52:00+00:00,614.255,615.16,614.075,615.095
2026-10-08 13:53:00+00:00,614.18,614.665,614.085,614.265
2026-10-08 13:54:00+00:00,612.575,614.17,612.56,614.17
2026-10-08 13:55:00+00:00,612.795,612.8,612.165,612.565
2026-10-08 13:56:00+00:00,612.93,613.045,612.645,612.79
2026-10-08 13:57:00+00:00,613.43,613.59,612.54,612.93
2026-10-08 13:58:00+00:00,613.77,613.88,613.3,613.42
2026-10-08 13:59:00+00:00,613.315,614.085,613.23,613.78
2026-10-08 14:00:00+00:00,614.105,614.355,613.21,613.315
2026-10-08 14:01:00+00:00,614.495,614.795,613.815,614.01
2026-10-08 14:02:00+00:00,615.23,615.425,614.44,614.505
2026-10-08 14:03:00+00:00,615.905,615.945,615.04,615.135
2026-10-08 14:04:00+00:00,616.335,616.485,615.895,615.895
2026-10-08 14:05:00+00:00,616.61,616.775,616.06,616.315
2026-10-08 14:06:00+00:00,617.445,617.49,616.61,616.61
2026-10-08 14:07:00+00:00,617.375,617.665,617.285,617.455
2026-10-08 14:08:00+00:00,617.07,617.47,617.05,617.365
2026-10-08 14:09:00+00:00,617.82,618.065,617.08,617.08
2026-10-08 14:10:00+00:00,617.395,617.965,617.18,617.82
2026-10-08 14:11:00+00:00,617.545,617.575,617.125,617.405
2026-10-08 14:12:00+00:00,617.82,617.855,617.39,617.535
2026-10-08 14:13:00+00:00,617.325,618.055,617.27,617.83
2026-10-08 14:14:00+00:00,617.47,617.575,616.92,617.31
2026-10-08 14:15:00+00:00,617.545,617.91,617.38,617.46
2026-10-08 14:16:00+00:00,618.06,618.14,617.5,617.545
2026-10-08 14:17:00+00:00,618.16,618.33,617.94,618.05
2026-10-08 14:18:00+00:00,618.795,618.83,618.105,618.17
2026-10-08 14:19:00+00:00,619.195,619.205,618.58,618.785
2026-10-08 14:20:00+00:00,619.94,619.955,619.155,619.155
2026-10-08 14:21:00+00:00,619.52,619.95,619.42,619.94
2026-10-08 14:22:00+00:00,620.865,620.87,619.445,619.53
2026-10-08 14:23:00+00:00,620.495,620.895,620.485,620.77
2026-10-08 14:24:00+00:00,621.13,621.155,620.54,620.54
2026-10-08 14:25:00+00:00,621.765,621.825,621.0,621.07
2026-10-08 14:26:00+00:00,621.395,621.905,621.39,621.755
2026-10-08 14:27:00+00:00,621.955,622.055,621.27,621.435
2026-10-08 14:28:00+00:00,622.775,622.925,621.955,622.055
2026-10-08 14:29:00+00:00,622.595,623.12,622.52,622.785
2026-10-08 14:30:00+00:00,622.13,622.645,621.915,622.605
2026-10-08 14:31:00+00:00,621.935,622.155,621.605,622.13
2026-10-08 14:32:00+00:00,621.595,622.015,621.375,621.945
2026-10-08 14:33:00+00:00,621.185,621.755,621.045,621.55
2026-10-08 14:34:00+00:00,621.1,621.285,620.99,621.135
2026-10-08 14:35:00+00:00,620.845,621.335,620.735,621.11
2026-10-08 14:36:00+00:00,620.875,620.955,620.66,620.835
2026-10-08 14:37:00+00:00,621.215,621.585,620.825,620.885
2026-10-08 14:38:00+00:00,620.98,621.405,620.885,621.205
2026-10-08 14:39:00+00:00,620.47,621.045,620.39,620.99
2026-10-08 14:40:00+00:00,620.305,620.755,620.25,620.48
2026-10-08 14:41:00+00:00,620.27,620.34,620.04,620.295
2026-10-08 14:42:00+00:00,620.13,620.36,620.055,620.28
2026-10-08 14:43:00+00:00,619.785,620.14,619.585,620.14
2026-10-08 14:44:00+00:00,619.735,619.85,619.615,619.775
2026-10-08 14:45:00+00:00,619.51,619.77,619.35,619.745
2026-10-08 14:46:00+00:00,619.15,619.52,619.145,619.47
2026-10-08 14:47:00+00:00,618.97,619.715,618.96,619.155
2026-10-08 14:48:00+00:00,619.16,619.29,618.93,618.96
2026-10-08 14:49:00+00:00,619.29,619.345,619.055,619.15
2026-10-08 14:50:00+00:00,619.835,619.87,619.25,619.29
2026-10-08 14:51:00+00:00,619.755,619.825,619.385,619.825
2026-10-08 14:52:00+00:00,619.75,620.105,619.71,619.755
2026-10-08 14:53:00+00:00,619.12,619.845,618.96,619.74
2026-10-08 14:54:00+00:00,618.725,619.14,618.565,619.12
2026-10-08 14:55:00+00:00,619.12,619.17,618.68,618.715
2026-10-08 14:56:00+00:00,619.18,619.35,619.04,619.155
2026-10-08 14:57:00+00:00,618.98,619.24,618.97,619.185
2026-10-08 14:58:00+00:00,619.63,619.715,618.985,618.985
2026-10-08 14:59:00+00:00,619.535,619.8,619.495,619.64
2026-10-08 15:00:00+00:00,619.53,619.86,619.425,619.54
2026-10-08 15:01:00+00:00,619.335,619.82,619.28,619.54
2026-10-08 15:02:00+00:00,618.86,619.37,618.665,619.35
2026-10-08 15:03:00+00:00,618.115,618.91,618.105,618.84
2026-10-08 15:04:00+00:00,618.455,618.465,618.13,618.16
2026-10-08 15:05:00+00:00,617.89,618.515,617.83,618.455
2026-10-08 15:06:00+00:00,617.695,618.115,617.695,617.88
2026-10-08 15:07:00+00:00,617.725,617.905,617.48,617.81
2026-10-08 15:08:00+00:00,617.655,617.715,617.4,617.715
2026-10-08 15:09:00+00:00,617.66,618.215,617.52,617.665
2026-10-08 15:10:00+00:00,617.75,617.845,617.525,617.565
2026-10-08 15:11:00+00:00,618.42,618.46,617.665,617.76
2026-10-08 15:12:00+00:00,618.725,618.755,618.11,618.34
2026-10-08 15:13:00+00:00,618.8,618.865,618.575,618.735
2026-10-08 15:14:00+00:00,618.025,618.8,617.945,618.79
2026-10-08 15:15:00+00:00,618.195,618.285,617.8,618.015
2026-10-08 15:16:00+00:00,618.67,618.715,618.17,618.17
2026-10-08 15:17:00+00:00,618.81,618.875,618.54,618.68
2026-10-08 15:18:00+00:00,618.73,618.975,618.645,618.76
2026-10-08 15:19:00+00:00,618.74,618.765,618.475,618.695
2026-10-08 15:20:00+00:00,618.94,618.945,618.65,618.71
2026-10-08 15:21:00+00:00,618.935,619.26,618.88,618.945
2026-10-08 15:22:00+00:00,618.88,618.965,618.775,618.93
2026-10-08 15:23:00+00:00,618.445,618.91,618.405,618.9
2026-10-08 15:24:00+00:00,618.635,618.685,618.4,618.455
2026-10-08 15:25:00+00:00,618.125,618.66,617.94,618.62
2026-10-08 15:26:00+00:00,618.26,618.285,617.88,618.1
2026-10-08 15:27:00+00:00,618.655,618.68,618.245,618.245
2026-10-08 15:28:00+00:00,619.145,619.145,618.58,618.65
2026-10-08 15:29:00+00:00,618.815,619.155,618.67,619.145
2026-10-08 15:30:00+00:00,618.69,619.02,618.485,618.81
2026-10-08 15:31:00+00:00,618.58,618.83,618.465,618.7
2026-10-08 15:32:00+00:00,618.52,618.63,618.375,618.57
2026-10-08 15:33:00+00:00,618.28,618.56,618.205,618.56
2026-10-08 15:34:00+00:00,618.115,618.32,617.975,618.265
2026-10-08 15:35:00+00:00,617.595,618.105,617.595,618.105
2026-10-08 15:36:00+00:00,617.715,617.785,617.51,617.595
2026-10-08 15:37:00+00:00,617.535,617.795,617.465,617.67
2026-10-08 15:38:00+00:00,617.515,617.66,617.36,617.54
2026-10-08 15:39:00+00:00,617.295,617.535,617.065,617.53
2026-10-08 15:40:00+00:00,617.405,617.48,617.15,617.305
2026-10-08 15:41:00+00:00,617.26,617.665,617.18,617.405
2026-10-08 15:42:00+00:00,617.185,617.46,617.185,617.27
2026-10-08 15:43:00+00:00,617.49,617.59,617.14,617.185
2026-10-08 15:44:00+00:00,617.585,617.71,617.48,617.525
2026-10-08 15:45:00+00:00,617.555,617.68,617.385,617.595
2026-10-08 15:46:00+00:00,617.39,617.645,617.2,617.58
2026-10-08 15:47:00+00:00,617.28,617.405,617.135,617.38
2026-10-08 15:48:00+00:00,617.45,617.485,617.21,617.25
2026-10-08 15:49:00+00:00,617.33,617.46,617.22,617.46
2026-10-08 15:50:00+00:00,617.72,617.76,617.295,617.32
2026-10-08 15:51:00+00:00,617.85,617.86,617.71,617.73
2026-10-08 15:52:00+00:00,617.37,617.85,617.35,617.805
2026-10-08 15:53:00+00:00,617.0,617.4,616.93,617.36
2026-10-08 15:54:00+00:00,616.77,617.0,616.765,616.98
2026-10-08 15:55:00+00:00,616.05,616.825,615.94,616.795
2026-10-08 15:56:00+00:00,615.96,616.205,615.87,616.035
2026-10-08 15:57:00+00:00,616.12,616.16,615.77,615.975
2026-10-08 15:58:00+00:00,615.97,616.12,615.805,616.12
2026-10-08 15:59:00+00:00,616.45,616.5,615.84,615.96
2026-10-08 16:00:00+00:00,616.78,616.88,616.45,616.46
2026-10-08 16:01:00+00:00,616.64,616.79,616.455,616.78
2026-10-08 16:02:00+00:00,616.51,616.7,616.45,616.65
2026-10-08 16:03:00+00:00,616.125,616.5,616.05,616.5
2026-10-08 16:04:00+00:00,616.28,616.305,615.935,616.07
2026-10-08 16:05:00+00:00,616.25,616.33,616.095,616.27
2026-10-08 16:06:00+00:00,616.57,616.57,616.185,616.24
2026-10-08 16:07:00+00:00,616.51,616.66,616.445,616.54
2026-10-08 16:08:00+00:00,617.18,617.21,616.51,616.51
2026-10-08 16:09:00+00:00,617.29,617.355,617.14,617.16
2026-10-08 16:10:00+00:00,616.925,617.39,616.895,617.29
2026-10-08 16:11:00+00:00,616.91,617.03,616.705,616.925
2026-10-08 16:12:00+00:00,616.985,617.075,616.79,616.875
2026-10-08 16:13:00+00:00,616.74,616.985,616.66,616.975
2026-10-08 16:14:00+00:00,616.82,616.905,616.7,616.74
2026-10-08 16:15:00+00:00,616.93,616.97,616.815,616.83
2026-10-08 16:16:00+00:00,616.84,616.99,616.74,616.93
2026-10-08 16:17:00+00:00,619.19,619.715,616.71,616.855
2026-10-08 16:18:00+00:00,618.715,619.31,618.275,619.2
2026-10-08 16:19:00+00:00,617.9,618.735,617.88,618.705
2026-10-08 16:20:00+00:00,618.39,618.725,617.81,617.915
2026-10-08 16:21:00+00:00,619.095,619.29,618.37,618.4
2026-10-08 16:22:00+00:00,618.64,619.105,618.53,619.105
2026-10-08 16:23:00+00:00,619.395,619.4,618.465,618.635
2026-10-08 16:24:00+00:00,619.27,619.395,619.175,619.395
2026-10-08 16:25:00+00:00,618.78,619.34,618.76,619.27
2026-10-08 16:26:00+00:00,619.215,619.245,618.695,618.78
2026-10-08 16:27:00+00:00,619.07,619.26,618.975,619.26
2026-10-08 16:28:00+00:00,619.14,619.345,618.965,618.965
2026-10-08 16:29:00+00:00,618.77,619.135,618.62,619.13
2026-10-08 16:30:00+00:00,618.845,619.065,618.69,618.78
2026-10-08 16:31:00+00:00,618.93,618.945,618.7,618.87
2026-10-08 16:32:00+00:00,619.18,619.3,618.9,618.92
2026-10-08 16:33:00+00:00,618.77,619.195,618.67,619.195
2026-10-08 16:34:00+00:00,618.99,619.02,618.7,618.76
2026-10-08 16:35:00+00:00,619.12,619.275,618.96,618.99
2026-10-08 16:36:00+00:00,618.625,619.14,618.625,619.11
2026-10-08 16:37:00+00:00,618.195,618.86,618.175,618.615
2026-10-08 16:38:00+00:00,617.755,618.2,617.715,618.175
2026-10-08 16:39:00+00:00,618.1,618.13,617.715,617.85
2026-10-08 16:40:00+00:00,618.705,618.87,618.065,618.065
2026-10-08 16:41:00+00:00,618.715,618.765,618.55,618.705
2026-10-08 16:42:00+00:00,617.285,618.795,617.255,618.715
2026-10-08 16:43:00+00:00,616.51,617.35,616.225,617.265
2026-10-08 16:44:00+00:00,616.785,616.87,616.18,616.5
2026-10-08 16:45:00+00:00,616.68,616.865,616.215,616.785
2026-10-08 16:46:00+00:00,616.595,617.03,616.485,616.77
2026-10-08 16:47:00+00:00,615.435,616.74,615.335,616.68
2026-10-08 16:48:00+00:00,613.955,615.45,613.86,615.425
2026-10-08 16:49:00+00:00,613.2,614.015,613.2,613.945
2026-10-08 16:50:00+00:00,612.015,613.4,611.695,613.2
2026-10-08 16:51:00+00:00,612.505,612.75,611.58,612.005
2026-10-08 16:52:00+00:00,610.025,612.58,610.025,612.505
2026-10-08 16:53:00+00:00,609.67,610.095,608.96,610.0
2026-10-08 16:54:00+00:00,608.595,609.67,608.195,609.67
2026-10-08 16:55:00+00:00,609.275,609.82,608.325,608.675
2026-10-08 16:56:00+00:00,608.03,609.65,607.975,609.275
2026-10-08 16:57:00+00:00,607.37,608.48,607.16,608.025
2026-10-08 16:58:00+00:00,607.37,607.54,606.8,607.37
2026-10-08 16:59:00+00:00,607.54,607.935,607.07,607.38
2026-10-08 17:00:00+00:00,605.665,607.535,605.63,607.535
2026-10-08 17:01:00+00:00,604.575,605.835,604.465,605.65
2026-10-08 17:02:00+00:00,607.075,607.12,604.15,604.53
2026-10-08 17:03:00+00:00,605.455,607.11,605.04,607.085
2026-10-08 17:04:00+00:00,605.08,605.47,604.47,605.445
2026-10-08 17:05:00+00:00,603.79,606.07,603.585,605.08
2026-10-08 17:06:00+00:00,604.11,604.12,603.25,603.78
2026-10-08 17:07:00+00:00,605.485,605.71,604.045,604.12
2026-10-08 17:08:00+00:00,606.055,606.645,605.44,605.44
2026-10-08 17:09:00+00:00,605.59,606.525,605.5,606.075
2026-10-08 17:10:00+00:00,605.07,606.12,604.5,605.59
2026-10-08 17:11:00+00:00,605.375,605.435,604.11,605.04
2026-10-08 17:12:00+00:00,606.685,606.72,605.2,605.375
2026-10-08 17:13:00+00:00,607.175,607.52,606.525,606.695
2026-10-08 17:14:00+00:00,607.545,607.69,607.005,607.165
2026-10-08 17:15:00+00:00,606.58,607.805,606.33,607.545
2026-10-08 17:16:00+00:00,604.285,606.68,604.135,606.68
2026-10-08 17:17:00+00:00,603.39,604.305,602.985,604.305
2026-10-08 17:18:00+00:00,604.43,604.59,603.12,603.37
2026-10-08 17:19:00+00:00,603.85,604.985,603.705,604.44
2026-10-08 17:20:00+00:00,603.685,603.92,602.605,603.84
2026-10-08 17:21:00+00:00,602.645,603.705,602.605,603.705
2026-10-08 17:22:00+00:00,602.28,602.635,601.8,602.635
2026-10-08 17:23:00+00:00,602.855,602.995,602.125,602.305
2026-10-08 17:24:00+00:00,603.17,603.345,602.655,602.865
2026-10-08 17:25:00+00:00,602.72,603.72,602.59,603.12
2026-10-08 17:26:00+00:00,600.895,602.775,600.475,602.71
2026-10-08 17:27:00+00:00,601.36,601.365,600.335,600.885
2026-10-08 17:28:00+00:00,601.675,601.765,601.025,601.35
2026-10-08 17:29:00+00:00,602.355,602.54,601.585,601.665
2026-10-08 17:30:00+00:00,602.855,602.88,602.285,602.365
2026-10-08 17:31:00+00:00,602.955,603.275,602.34,602.845
2026-10-08 17:32:00+00:00,603.7,604.23,602.96,602.96
2026-10-08 17:33:00+00:00,604.865,604.99,603.625,603.74
2026-10-08 17:34:00+00:00,605.265,605.455,604.56,604.855
2026-10-08 17:35:00+00:00,604.45,605.36,604.175,605.225
2026-10-08 17:36:00+00:00,604.125,604.76,604.045,604.45
2026-10-08 17:37:00+00:00,604.725,604.76,603.975,604.135
2026-10-08 17:38:00+00:00,604.61,605.145,604.51,604.625
2026-10-08 17:39:00+00:00,605.675,605.78,604.605,604.665
2026-10-08 17:40:00+00:00,605.455,605.775,605.13,605.7
2026-10-08 17:41:00+00:00,605.635,606.065,605.44,605.455
2026-10-08 17:42:00+00:00,605.61,606.095,605.335,605.57
2026-10-08 17:43:00+00:00,605.285,605.8,605.175,605.615
2026-10-08 17:44:00+00:00,605.015,605.395,604.69,605.295
2026-10-08 17:45:00+00:00,605.02,605.57,604.485,605.085
2026-10-08 17:46:00+00:00,604.19,605.02,604.055,605.01
2026-10-08 17:47:00+00:00,604.22,604.405,603.91,604.18
2026-10-08 17:48:00+00:00,603.62,604.485,603.585,604.21
2026-10-08 17:49:00+00:00,603.45,603.97,603.43,603.62
2026-10-08 17:50:00+00:00,603.475,603.99,603.365,603.425
2026-10-08 17:51:00+00:00,604.24,604.28,603.485,603.485
2026-10-08 17:52:00+00:00,604.47,604.6,603.955,604.24
2026-10-08 17:53:00+00:00,604.285,604.465,603.645,604.465
2026-10-08 17:54:00+00:00,604.86,604.95,604.285,604.295
2026-10-08 17:55:00+00:00,604.165,604.875,604.06,604.87
2026-10-08 17:56:00+00:00,604.545,604.55,603.87,604.2
2026-10-08 17:57:00+00:00,604.975,605.16,604.5,604.555
2026-10-08 17:58:00+00:00,605.005,605.445,604.91,604.985
2026-10-08 17:59:00+00:00,604.855,605.11,604.7,604.995
2026-10-08 18:00:00+00:00,603.78,605.33,603.745,604.76
2026-10-08 18:01:00+00:00,604.02,604.02,603.27,603.77
2026-10-08 18:02:00+00:00,604.655,604.765,603.92,604.01
2026-10-08 18:03:00+00:00,604.685,604.705,604.46,604.645
2026-10-08 18:04:00+00:00,604.715,605.15,604.58,604.685
2026-10-08 18:05:00+00:00,604.84,604.87,604.46,604.67
2026-10-08 18:06:00+00:00,605.06,605.07,604.7,604.85
2026-10-08 18:07:00+00:00,604.6,605.245,604.56,605.07
2026-10-08 18:08:00+00:00,604.83,605.05,604.48,604.585
2026-10-08 18:09:00+00:00,604.915,605.4,604.82,604.82
2026-10-08 18:10:00+00:00,605.11,605.295,604.825,604.925
2026-10-08 18:11:00+00:00,605.435,605.645,605.08,605.11
2026-10-08 18:12:00+00:00,605.715,605.82,605.405,605.435
2026-10-08 18:13:00+00:00,606.135,606.2,605.605,605.715
2026-10-08 18:14:00+00:00,606.765,606.94,606.145,606.145
2026-10-08 18:15:00+00:00,607.18,607.195,606.735,606.775
2026-10-08 18:16:00+00:00,607.995,607.995,607.18,607.205
2026-10-08 18:17:00+00:00,607.72,608.04,607.54,607.985
2026-10-08 18:18:00+00:00,607.815,607.815,607.39,607.73
2026-10-08 18:19:00+00:00,608.43,608.435,607.825,607.825
2026-10-08 18:20:00+00:00,607.74,608.54,607.68,608.435
2026-10-08 18:21:00+00:00,607.905,608.165,607.67,607.735
2026-10-08 18:22:00+00:00,608.16,608.2,607.545,607.905
2026-10-08 18:23:00+00:00,608.685,608.735,608.14,608.14
2026-10-08 18:24:00+00:00,609.025,609.045,608.54,608.68
2026-10-08 18:25:00+00:00,609.07,609.23,608.855,609.02
2026-10-08 18:26:00+00:00,608.915,609.165,608.7,609.08
2026-10-08 18:27:00+00:00,608.685,609.03,608.685,608.875
2026-10-08 18:28:00+00:00,609.12,609.39,608.675,608.785
2026-10-08 18:29:00+00:00,608.95,609.255,608.6,609.12
2026-10-08 18:30:00+00:00,607.92,608.95,607.855,608.87
2026-10-08 18:31:00+00:00,607.64,607.91,607.49,607.91
2026-10-08 18:32:00+00:00,607.69,607.83,607.48,607.63
2026-10-08 18:33:00+00:00,606.86,607.78,606.835,607.69
2026-10-08 18:34:00+00:00,606.81,607.195,606.745,606.865
2026-10-08 18:35:00+00:00,605.965,606.92,605.93,606.82
2026-10-08 18:36:00+00:00,605.96,606.095,605.74,605.955
2026-10-08 18:37:00+00:00,605.925,606.25,605.84,605.92
2026-10-08 18:38:00+00:00,606.455,606.455,605.8,605.925
2026-10-08 18:39:00+00:00,605.995,606.45,605.895,606.45
2026-10-08 18:40:00+00:00,605.695,606.2,605.59,606.04
2026-10-08 18:41:00+00:00,605.735,605.865,605.605,605.685
2026-10-08 18:42:00+00:00,605.045,605.735,604.99,605.725
2026-10-08 18:43:00+00:00,604.76,605.275,604.62,605.05
2026-10-08 18:44:00+00:00,605.24,605.28,604.63,604.78
2026-10-08 18:45:00+00:00,604.905,605.29,604.895,605.25
2026-10-08 18:46:00+00:00,604.845,605.035,604.695,604.915
2026-10-08 18:47:00+00:00,604.56,605.05,604.43,604.855
2026-10-08 18:48:00+00:00,604.85,604.925,604.54,604.57
2026-10-08 18:49:00+00:00,605.58,605.58,604.815,604.925
2026-10-08 18:50:00+00:00,605.485,605.99,605.475,605.6
2026-10-08 18:51:00+00:00,604.93,605.515,604.885,605.475
2026-10-08 18:52:00+00:00,604.965,605.11,604.835,604.93
2026-10-08 18:53:00+00:00,605.42,605.435,604.875,604.96
2026-10-08 18:54:00+00:00,605.73,605.795,605.415,605.415
2026-10-08 18:55:00+00:00,605.3,605.87,605.155,605.74
2026-10-08 18:56:00+00:00,605.275,605.315,605.02,605.31
2026-10-08 18:57:00+00:00,605.285,605.305,605.025,605.265
2026-10-08 18:58:00+00:00,605.18,605.335,605.015,605.295
2026-10-08 18:59:00+00:00,604.875,605.21,604.79,605.17
2026-10-08 19:00:00+00:00,604.285,604.865,604.24,604.865
2026-10-08 19:01:00+00:00,604.7,604.87,604.1,604.32
2026-10-08 19:02:00+00:00,604.91,605.18,604.62,604.71
2026-10-08 19:03:00+00:00,604.615,604.935,604.475,604.92
2026-10-08 19:04:00+00:00,604.61,604.905,604.455,604.615
2026-10-08 19:05:00+00:00,604.7,604.845,604.485,604.69
2026-10-08 19:06:00+00:00,604.21,604.8,604.185,604.7
2026-10-08 19:07:00+00:00,603.545,604.28,603.46,604.195
2026-10-08 19:08:00+00:00,603.78,604.165,603.48,603.655
2026-10-08 19:09:00+00:00,603.69,604.27,603.68,603.78
2026-10-08 19:10:00+00:00,603.755,603.99,603.585,603.775
2026-10-08 19:11:00+00:00,603.53,603.915,603.26,603.765
2026-10-08 19:12:00+00:00,603.135,603.53,603.06,603.52
2026-10-08 19:13:00+00:00,603.525,603.6,603.065,603.135
2026-10-08 19:14:00+00:00,603.71,604.11,603.515,603.585
2026-10-08 19:15:00+00:00,603.325,603.83,603.2,603.71
2026-10-08 19:16:00+00:00,603.835,603.92,603.22,603.325
2026-10-08 19:17:00+00:00,603.845,604.205,603.68,603.835
2026-10-08 19:18:00+00:00,603.435,603.865,603.135,603.835
2026-10-08 19:19:00+00:00,603.915,603.915,603.435,603.435
2026-10-08 19:20:00+00:00,603.925,604.16,603.53,603.91
2026-10-08 19:21:00+00:00,604.395,604.475,603.84,603.935
2026-10-08 19:22:00+00:00,605.11,605.23,604.375,604.385
2026-10-08 19:23:00+00:00,605.62,605.685,605.04,605.11
2026-10-08 19:24:00+00:00,605.435,605.91,605.435,605.63
2026-10-08 19:25:00+00:00,605.43,605.59,605.315,605.425
2026-10-08 19:26:00+00:00,605.905,606.025,605.265,605.43
2026-10-08 19:27:00+00:00,605.765,605.97,605.475,605.905
2026-10-08 19:28:00+00:00,604.695,605.82,604.695,605.775
2026-10-08 19:29:00+00:00,604.665,604.79,604.06,604.7
2026-10-08 19:30:00+00:00,604.52,605.34,604.37,604.675
2026-10-08 19:31:00+00:00,604.035,604.65,603.985,604.47
2026-10-08 19:32:00+00:00,604.36,604.4,603.78,604.035
2026-10-08 19:33:00+00:00,604.34,604.65,604.25,604.37
2026-10-08 19:34:00+00:00,604.975,605.09,604.295,604.38
2026-10-08 19:35:00+00:00,604.665,605.01,604.62,605.01
2026-10-08 19:36:00+00:00,604.45,604.8,604.44,604.655
2026-10-08 19:37:00+00:00,604.78,604.91,604.335,604.45
2026-10-08 19:38:00+00:00,604.515,604.8,604.515,604.78
2026-10-08 19:39:00+00:00,603.92,604.59,603.89,604.525
2026-10-08 19:40:00+00:00,603.755,604.01,603.64,603.975
2026-10-08 19:41:00+00:00,604.05,604.245,603.7,603.765
2026-10-08 19:42:00+00:00,604.31,604.35,604.01,604.06
2026-10-08 19:43:00+00:00,604.095,604.325,603.88,604.32
2026-10-08 19:44:00+00:00,604.295,604.445,603.795,604.1
2026-10-08 19:45:00+00:00,604.195,604.435,604.095,604.305
2026-10-08 19:46:00+00:00,604.35,604.38,603.975,604.195
2026-10-08 19:47:00+00:00,604.24,604.485,604.155,604.345
2026-10-08 19:48:00+00:00,604.51,604.545,603.935,604.24
2026-10-08 19:49:00+00:00,604.6,604.88,604.42,604.51
2026-10-08 19:50:00+00:00,605.245,605.62,604.61,604.61
2026-10-08 19:51:00+00:00,605.275,605.385,605.005,605.22
2026-10-08 19:52:00+00:00,605.43,605.495,605.05,605.305
2026-10-08 19:53:00+00:00,605.4,605.78,605.29,605.415
2026-10-08 19:54:00+00:00,605.18,605.43,604.665,605.37
2026-10-08 19:55:00+00:00,605.46,605.78,605.16,605.165
2026-10-08 19:56:00+00:00,606.515,606.525,605.415,605.49
2026-10-08 19:57:00+00:00,606.575,606.92,606.36,606.49
2026-10-08 19:58:00+00:00,607.235,607.335,606.51,606.575
2026-10-08 19:59:00+00:00,606.865,607.315,606.655,607.265
2026-10-09 13:30:00+00:00,613.375,615.595,613.215,615.595
2026-10-09 13:31:00+00:00,613.725,614.37,612.965,613.365
2026-10-09 13:32:00+00:00,612.21,614.43,612.21,613.94
2026-10-09 13:33:00+00:00,612.56,612.94,612.14,612.21
2026-10-09 13:34:00+00:00,611.94,613.56,611.935,612.555
2026-10-09 13:35:00+00:00,610.78,612.22,610.745,611.985
2026-10-09 13:36:00+00:00,609.935,610.94,609.38,610.89
2026-10-09 13:37:00+00:00,611.12,611.42,609.815,609.815
2026-10-09 13:38:00+00:00,611.345,611.705,610.34,611.115
2026-10-09 13:39:00+00:00,612.18,612.41,611.14,611.215
2026-10-09 13:40:00+00:00,611.225,612.66,611.15,612.19
2026-10-09 13:41:00+00:00,611.275,611.605,610.71,611.3
2026-10-09 13:42:00+00:00,608.75,611.385,608.75,611.27
2026-10-09 13:43:00+00:00,608.575,608.9,607.82,608.84
2026-10-09 13:44:00+00:00,607.085,608.8,606.63,608.66
2026-10-09 13:45:00+00:00,605.615,607.325,605.39,607.085
2026-10-09 13:46:00+00:00,605.1,606.355,604.965,605.615
2026-10-09 13:47:00+00:00,606.955,606.965,604.74,605.11
2026-10-09 13:48:00+00:00,605.91,607.1,605.635,606.965
2026-10-09 13:49:00+00:00,605.83,606.095,605.495,605.91
2026-10-09 13:50:00+00:00,605.34,606.505,605.1,605.84
2026-10-09 13:51:00+00:00,604.325,605.335,604.24,605.21
2026-10-09 13:52:00+00:00,605.935,606.19,604.325,604.325
2026-10-09 13:53:00+00:00,605.72,606.105,605.525,605.93
2026-10-09 13:54:00+00:00,604.815,605.77,604.72,605.71
2026-10-09 13:55:00+00:00,605.595,605.625,604.275,604.805
2026-10-09 13:56:00+00:00,605.645,605.86,605.115,605.61
2026-10-09 13:57:00+00:00,605.97,606.1,605.615,605.655
2026-10-09 13:58:00+00:00,606.305,606.4,605.935,605.98
2026-10-09 13:59:00+00:00,606.16,606.315,605.53,606.315
2026-10-09 14:00:00+00:00,606.73,606.92,605.91,606.17
2026-10-09 14:01:00+00:00,605.245,606.79,605.2,606.73
2026-10-09 14:02:00+00:00,605.845,606.235,605.075,605.255
2026-10-09 14:03:00+00:00,605.155,605.89,604.99,605.87
2026-10-09 14:04:00+00:00,605.955,606.095,604.94,605.165
2026-10-09 14:05:00+00:00,605.62,606.32,605.485,605.955
2026-10-09 14:06:00+00:00,606.34,606.475,605.57,605.63
2026-10-09 14:07:00+00:00,606.185,606.53,606.045,606.48
2026-10-09 14:08:00+00:00,606.005,606.435,605.85,606.185
2026-10-09 14:09:00+00:00,605.075,606.095,605.055,606.015
2026-10-09 14:10:00+00:00,604.235,605.075,604.045,605.075
2026-10-09 14:11:00+00:00,603.32,604.235,602.59,604.235
2026-10-09 14:12:00+00:00,604.505,604.59,603.185,603.33
2026-10-09 14:13:00+00:00,603.81,604.865,603.795,604.425
2026-10-09 14:14:00+00:00,604.185,604.355,603.62,603.81
2026-10-09 14:15:00+00:00,603.495,604.265,603.495,604.185
2026-10-09 14:16:00+00:00,603.525,604.11,603.45,603.61
2026-10-09 14:17:00+00:00,603.89,604.015,603.305,603.45
2026-10-09 14:18:00+00:00,604.29,604.345,603.9,603.9
2026-10-09 14:19:00+00:00,604.525,604.745,604.14,604.28
2026-10-09 14:20:00+00:00,604.275,604.54,604.015,604.525
2026-10-09 14:21:00+00:00,604.235,605.155,604.21,604.285
2026-10-09 14:22:00+00:00,604.39,604.445,603.9,604.235
2026-10-09 14:23:00+00:00,604.9,605.025,604.38,604.38
2026-10-09 14:24:00+00:00,604.755,605.02,604.61,604.89
2026-10-09 14:25:00+00:00,604.425,604.955,604.115,604.755
2026-10-09 14:26:00+00:00,604.47,604.72,604.105,604.43
2026-10-09 14:27:00+00:00,604.76,604.91,604.445,604.48
2026-10-09 14:28:00+00:00,604.34,604.99,604.21,604.675
2026-10-09 14:29:00+00:00,604.775,604.775,604.06,604.365
2026-10-09 14:30:00+00:00,605.34,605.475,604.67,604.785
2026-10-09 14:31:00+00:00,605.825,605.875,605.335,605.35
2026-10-09 14:32:00+00:00,605.605,605.91,605.42,605.87
2026-10-09 14:33:00+00:00,605.995,606.115,605.405,605.605
2026-10-09 14:34:00+00:00,606.575,606.575,605.985,605.985
2026-10-09 14:35:00+00:00,605.885,606.58,605.68,606.57
2026-10-09 14:36:00+00:00,605.565,606.15,605.425,605.895
2026-10-09 14:37:00+00:00,604.78,605.56,604.745,605.56
2026-10-09 14:38:00+00:00,605.01,605.15,604.73,604.91
2026-10-09 14:39:00+00:00,604.29,605.16,604.2,605.0
2026-10-09 14:40:00+00:00,603.62,604.345,603.385,604.29
2026-10-09 14:41:00+00:00,603.345,603.87,603.21,603.62
2026-10-09 14:42:00+00:00,603.265,603.495,602.98,603.34
2026-10-09 14:43:00+00:00,604.0,604.02,603.28,603.28
2026-10-09 14:44:00+00:00,604.22,604.295,603.83,604.03
2026-10-09 14:45:00+00:00,604.31,604.425,603.865,604.215
2026-10-09 14:46:00+00:00,604.635,605.015,604.235,604.32
2026-10-09 14:47:00+00:00,604.455,604.76,604.24,604.645
2026-10-09 14:48:00+00:00,604.035,604.455,603.51,604.445
2026-10-09 14:49:00+00:00,604.235,604.32,603.64,604.095
2026-10-09 14:50:00+00:00,605.0,605.12,604.055,604.285
2026-10-09 14:51:00+00:00,605.67,605.805,604.835,605.0
2026-10-09 14:52:00+00:00,605.7,605.7,605.245,605.68
2026-10-09 14:53:00+00:00,605.64,605.81,605.49,605.71
2026-10-09 14:54:00+00:00,605.9,605.94,605.585,605.65
2026-10-09 14:55:00+00:00,606.015,606.26,605.895,605.94
2026-10-09 14:56:00+00:00,606.37,606.43,605.695,606.05
2026-10-09 14:57:00+00:00,606.225,606.54,606.055,606.37
2026-10-09 14:58:00+00:00,605.8,606.255,605.8,606.225
2026-10-09 14:59:00+00:00,605.79,605.905,605.56,605.815
2026-10-09 15:00:00+00:00,605.505,605.93,605.41,605.775
2026-10-09 15:01:00+00:00,605.535,605.76,605.275,605.505
2026-10-09 15:02:00+00:00,605.645,605.645,605.06,605.585
2026-10-09 15:03:00+00:00,605.265,606.035,605.015,605.655
2026-10-09 15:04:00+00:00,606.02,606.075,605.125,605.19
2026-10-09 15:05:00+00:00,605.22,606.08,605.14,606.025
2026-10-09 15:06:00+00:00,604.845,605.345,604.845,605.245
2026-10-09 15:07:00+00:00,604.455,604.95,604.22,604.925
2026-10-09 15:08:00+00:00,603.82,604.465,603.78,604.465
2026-10-09 15:09:00+00:00,604.03,604.2,603.695,603.81
2026-10-09 15:10:00+00:00,604.31,604.49,604.005,604.03
2026-10-09 15:11:00+00:00,604.28,604.41,604.11,604.245
2026-10-09 15:12:00+00:00,604.415,604.525,604.25,604.27
2026-10-09 15:13:00+00:00,604.4,604.445,604.0,604.375
2026-10-09 15:14:00+00:00,603.86,604.44,603.86,604.44
2026-10-09 15:15:00+00:00,604.065,604.065,603.76,603.85
2026-10-09 15:16:00+00:00,604.295,604.295,603.82,604.055
2026-10-09 15:17:00+00:00,604.565,604.565,604.025,604.305
2026-10-09 15:18:00+00:00,604.415,604.61,604.3,604.555
2026-10-09 15:19:00+00:00,604.515,604.88,604.415,604.415
2026-10-09 15:20:00+00:00,604.26,604.515,604.205,604.505
2026-10-09 15:21:00+00:00,604.465,604.47,604.0,604.29
2026-10-09 15:22:00+00:00,604.255,604.505,604.155,604.455
2026-10-09 15:23:00+00:00,603.755,604.285,603.705,604.28
2026-10-09 15:24:00+00:00,604.535,604.58,603.735,603.765
2026-10-09 15:25:00+00:00,604.1,604.615,604.06,604.525
2026-10-09 15:26:00+00:00,604.27,604.28,604.01,604.13
2026-10-09 15:27:00+00:00,604.03,604.27,603.945,604.235
2026-10-09 15:28:00+00:00,603.625,604.065,603.47,603.985
2026-10-09 15:29:00+00:00,602.915,603.63,602.89,603.58
2026-10-09 15:30:00+00:00,603.34,603.475,602.655,602.905
2026-10-09 15:31:00+00:00,603.33,603.54,603.21,603.39
2026-10-09 15:32:00+00:00,603.27,603.405,603.16,603.36
2026-10-09 15:33:00+00:00,603.435,603.605,603.265,603.265
2026-10-09 15:34:00+00:00,603.685,603.725,603.245,603.445
2026-10-09 15:35:00+00:00,603.39,603.685,603.255,603.615
2026-10-09 15:36:00+00:00,603.635,603.685,603.25,603.4
2026-10-09 15:37:00+00:00,603.53,603.665,603.325,603.63
2026-10-09 15:38:00+00:00,604.12,604.335,603.535,603.535
2026-10-09 15:39:00+00:00,604.28,604.325,604.08,604.13
2026-10-09 15:40:00+00:00,603.935,604.39,603.835,604.29
2026-10-09 15:41:00+00:00,603.765,603.97,603.675,603.92
2026-10-09 15:42:00+00:00,603.855,604.095,603.645,603.76
2026-10-09 15:43:00+00:00,603.38,603.9,603.29,603.85
2026-10-09 15:44:00+00:00,603.55,603.59,603.12,603.39
2026-10-09 15:45:00+00:00,603.455,603.75,603.39,603.595
2026-10-09 15:46:00+00:00,603.46,603.51,603.21,603.465
2026-10-09 15:47:00+00:00,603.55,603.59,603.37,603.45
2026-10-09 15:48:00+00:00,603.775,603.805,603.5,603.54
2026-10-09 15:49:00+00:00,603.445,603.815,603.395,603.74
2026-10-09 15:50:00+00:00,603.51,603.79,603.365,603.41
2026-10-09 15:51:00+00:00,603.545,603.74,603.48,603.535
2026-10-09 15:52:00+00:00,603.515,603.57,603.28,603.535
2026-10-09 15:53:00+00:00,603.515,603.57,603.37,603.505
2026-10-09 15:54:00+00:00,603.305,603.595,603.265,603.555
2026-10-09 15:55:00+00:00,603.275,603.395,603.14,603.335
2026-10-09 15:56:00+00:00,603.25,603.295,603.11,603.275
2026-10-09 15:57:00+00:00,603.1,603.25,603.05,603.23
2026-10-09 15:58:00+00:00,602.55,603.095,602.5,603.065
2026-10-09 15:59:00+00:00,602.265,602.655,602.2,602.595
2026-10-09 16:00:00+00:00,601.7,602.405,601.57,602.26
2026-10-09 16:01:00+00:00,601.86,601.91,601.4,601.7
2026-10-09 16:02:00+00:00,601.77,601.98,601.625,601.865
2026-10-09 16:03:00+00:00,601.665,601.885,601.57,601.77
2026-10-09 16:04:00+00:00,602.06,602.115,601.515,601.62
2026-10-09 16:05:00+00:00,602.75,602.87,602.05,602.05
2026-10-09 16:06:00+00:00,603.32,603.39,602.75,602.75
2026-10-09 16:07:00+00:00,602.825,603.345,602.785,603.29
2026-10-09 16:08:00+00:00,602.965,603.125,602.81,602.825
2026-10-09 16:09:00+00:00,603.21,603.465,602.94,602.96
2026-10-09 16:10:00+00:00,602.95,603.23,602.645,603.21
2026-10-09 16:11:00+00:00,603.0,603.03,602.74,602.94
2026-10-09 16:12:00+00:00,603.07,603.225,602.785,603.0
2026-10-09 16:13:00+00:00,603.15,603.17,602.93,603.065
2026-10-09 16:14:00+00:00,603.325,603.33,603.03,603.145
2026-10-09 16:15:00+00:00,603.14,603.36,603.095,603.325
2026-10-09 16:16:00+00:00,603.37,603.505,603.145,603.15
2026-10-09 16:17:00+00:00,603.33,603.52,603.285,603.365
2026-10-09 16:18:00+00:00,602.85,603.38,602.85,603.285
2026-10-09 16:19:00+00:00,602.625,602.88,602.54,602.85
2026-10-09 16:20:00+00:00,602.67,602.85,602.555,602.615
2026-10-09 16:21:00+00:00,602.53,602.75,602.415,602.68
2026-10-09 16:22:00+00:00,602.47,602.68,602.405,602.54
2026-10-09 16:23:00+00:00,602.37,602.58,602.235,602.46
2026-10-09 16:24:00+00:00,602.24,602.37,602.095,602.36
2026-10-09 16:25:00+00:00,602.095,602.26,602.07,602.23
2026-10-09 16:26:00+00:00,602.375,602.46,602.075,602.085
2026-10-09 16:27:00+00:00,602.375,602.435,602.3,602.38
2026-10-09 16:28:00+00:00,602.54,602.555,602.23,602.365
2026-10-09 16:29:00+00:00,602.76,602.835,602.54,602.54
2026-10-09 16:30:00+00:00,603.01,603.05,602.715,602.725
2026-10-09 16:31:00+00:00,603.06,603.12,602.855,603.02
2026-10-09 16:32:00+00:00,603.2,603.23,603.01,603.05
2026-10-09 16:33:00+00:00,603.0,603.265,602.98,603.21
2026-10-09 16:34:00+00:00,602.6,603.115,602.6,602.99
2026-10-09 16:35:00+00:00,602.27,602.645,602.255,602.59
2026-10-09 16:36:00+00:00,602.175,602.415,602.115,602.27
2026-10-09 16:37:00+00:00,602.54,602.57,602.12,602.165
2026-10-09 16:38:00+00:00,602.61,602.83,602.54,602.55
2026-10-09 16:39:00+00:00,602.315,602.62,602.315,602.565
2026-10-09 16:40:00+00:00,602.085,602.375,602.075,602.29
2026-10-09 16:41:00+00:00,601.955,602.2,601.935,602.09
2026-10-09 16:42:00+00:00,601.56,602.04,601.525,601.945
2026-10-09 16:43:00+00:00,601.745,601.765,601.51,601.56
2026-10-09 16:44:00+00:00,601.695,601.835,601.5,601.755
2026-10-09 16:45:00+00:00,601.855,601.925,601.695,601.705
2026-10-09 16:46:00+00:00,602.15,602.275,601.845,601.855
2026-10-09 16:47:00+00:00,602.265,602.325,602.065,602.15
2026-10-09 16:48:00+00:00,602.23,602.49,602.195,602.29
2026-10-09 16:49:00+00:00,602.23,602.305,602.08,602.22
2026-10-09 16:50:00+00:00,602.42,602.505,602.125,602.215
2026-10-09 16:51:00+00:00,603.015,603.16,602.42,602.42
2026-10-09 16:52:00+00:00,602.83,603.075,602.775,602.975
2026-10-09 16:53:00+00:00,602.61,602.84,602.525,602.82
2026-10-09 16:54:00+00:00,602.2,602.635,602.2,602.6
2026-10-09 16:55:00+00:00,601.985,602.3,601.905,602.205
2026-10-09 16:56:00+00:00,601.965,602.09,601.9,601.985
2026-10-09 16:57:00+00:00,601.99,601.99,601.765,601.955
2026-10-09 16:58:00+00:00,601.785,602.02,601.685,601.98
2026-10-09 16:59:00+00:00,601.785,601.89,601.66,601.795
2026-10-09 17:00:00+00:00,602.0,602.13,601.735,601.795
2026-10-09 17:01:00+00:00,602.14,602.245,601.925,602.015
2026-10-09 17:02:00+00:00,602.075,602.275,601.98,602.145
2026-10-09 17:03:00+00:00,601.89,602.17,601.89,602.08
2026-10-09 17:04:00+00:00,602.175,602.24,601.885,601.885
2026-10-09 17:05:00+00:00,602.045,602.26,602.045,602.19
2026-10-09 17:06:00+00:00,601.685,602.035,601.645,602.035
2026-10-09 17:07:00+00:00,601.995,602.115,601.65,601.715
2026-10-09 17:08:00+00:00,602.115,602.115,601.96,602.005
2026-10-09 17:09:00+00:00,601.955,602.075,601.855,602.045
2026-10-09 17:10:00+00:00,601.83,601.985,601.775,601.95
2026-10-09 17:11:00+00:00,602.275,602.275,601.825,601.835
2026-10-09 17:12:00+00:00,602.545,602.66,602.175,602.185
2026-10-09 17:13:00+00:00,602.455,602.72,602.45,602.555
2026-10-09 17:14:00+00:00,602.485,602.555,602.36,602.455
2026-10-09 17:15:00+00:00,602.735,602.745,602.47,602.485
2026-10-09 17:16:00+00:00,602.795,602.86,602.715,602.745
2026-10-09 17:17:00+00:00,602.715,603.025,602.69,602.785
2026-10-09 17:18:00+00:00,602.555,602.73,602.53,602.715
2026-10-09 17:19:00+00:00,602.76,602.82,602.485,602.53
2026-10-09 17:20:00+00:00,602.805,602.805,602.64,602.74
2026-10-09 17:21:00+00:00,603.085,603.145,602.795,602.795
2026-10-09 17:22:00+00:00,602.94,603.19,602.79,603.075
2026-10-09 17:23:00+00:00,603.305,603.39,602.925,602.925
2026-10-09 17:24:00+00:00,603.13,603.385,603.05,603.385
2026-10-09 17:25:00+00:00,603.275,603.275,603.06,603.155
2026-10-09 17:26:00+00:00,603.265,603.525,603.185,603.275
2026-10-09 17:27:00+00:00,603.52,603.58,603.19,603.275
2026-10-09 17:28:00+00:00,603.545,603.61,603.415,603.59
2026-10-09 17:29:00+00:00,603.44,603.49,603.365,603.49
2026-10-09 17:30:00+00:00,603.205,603.485,603.19,603.39
2026-10-09 17:31:00+00:00,603.31,603.35,603.135,603.205
2026-10-09 17:32:00+00:00,603.255,603.665,603.205,603.27
2026-10-09 17:33:00+00:00,603.315,603.47,603.19,603.28
2026-10-09 17:34:00+00:00,603.265,603.345,603.135,603.325
2026-10-09 17:35:00+00:00,603.36,603.395,603.26,603.275
2026-10-09 17:36:00+00:00,603.235,603.335,603.175,603.335
2026-10-09 17:37:00+00:00,603.365,603.38,603.175,603.225
2026-10-09 17:38:00+00:00,603.395,603.495,603.355,603.375
2026-10-09 17:39:00+00:00,603.545,603.58,603.295,603.36
2026-10-09 17:40:00+00:00,603.48,603.585,603.41,603.535
2026-10-09 17:41:00+00:00,603.71,603.77,603.425,603.425
2026-10-09 17:42:00+00:00,603.51,603.695,603.49,603.68
2026-10-09 17:43:00+00:00,603.145,603.555,603.065,603.5
2026-10-09 17:44:00+00:00,603.025,603.195,602.92,603.14
2026-10-09 17:45:00+00:00,602.97,603.12,602.89,603.035
2026-10-09 17:46:00+00:00,603.38,603.495,602.94,602.98
2026-10-09 17:47:00+00:00,603.28,603.395,603.185,603.3
2026-10-09 17:48:00+00:00,603.3,603.31,603.135,603.285
2026-10-09 17:49:00+00:00,603.37,603.55,603.295,603.31
2026-10-09 17:50:00+00:00,603.39,603.52,603.36,603.37
2026-10-09 17:51:00+00:00,603.605,603.625,603.355,603.395
2026-10-09 17:52:00+00:00,603.365,603.61,603.355,603.605
2026-10-09 17:53:00+00:00,603.49,603.505,603.34,603.375
2026-10-09 17:54:00+00:00,603.355,603.5,603.265,603.5
2026-10-09 17:55:00+00:00,603.1,603.41,603.065,603.385
2026-10-09 17:56:00+00:00,603.24,603.255,602.975,603.14
2026-10-09 17:57:00+00:00,603.06,603.25,603.005,603.18
2026-10-09 17:58:00+00:00,603.32,603.335,603.055,603.13
2026-10-09 17:59:00+00:00,603.165,603.34,603.145,603.235
2026-10-09 18:00:00+00:00,603.065,603.26,603.04,603.17
2026-10-09 18:01:00+00:00,603.06,603.145,602.885,603.09
2026-10-09 18:02:00+00:00,602.995,603.21,602.94,603.015
2026-10-09 18:03:00+00:00,602.805,603.06,602.735,603.035
2026-10-09 18:04:00+00:00,602.85,602.99,602.77,602.805
2026-10-09 18:05:00+00:00,603.06,603.08,602.78,602.865
2026-10-09 18:06:00+00:00,603.045,603.135,602.98,603.06
2026-10-09 18:07:00+00:00,603.33,603.44,603.035,603.045
2026-10-09 18:08:00+00:00,603.33,603.405,603.215,603.395
2026-10-09 18:09:00+00:00,603.325,603.425,603.24,603.345
2026-10-09 18:10:00+00:00,603.495,603.675,603.315,603.325
2026-10-09 18:11:00+00:00,603.505,603.67,603.485,603.51
2026-10-09 18:12:00+00:00,603.525,603.66,603.47,603.53
2026-10-09 18:13:00+00:00,603.425,603.6,603.415,603.56
2026-10-09 18:14:00+00:00,603.59,603.645,603.425,603.425
2026-10-09 18:15:00+00:00,603.485,603.635,603.4,603.575
2026-10-09 18:16:00+00:00,603.5,603.58,603.38,603.51
2026-10-09 18:17:00+00:00,603.295,603.575,603.245,603.52
2026-10-09 18:18:00+00:00,603.235,603.335,603.145,603.3
2026-10-09 18:19:00+00:00,603.37,603.455,603.21,603.24
2026-10-09 18:20:00+00:00,603.55,603.625,603.34,603.415
2026-10-09 18:21:00+00:00,603.75,603.8,603.51,603.54
2026-10-09 18:22:00+00:00,603.85,603.935,603.675,603.74
2026-10-09 18:23:00+00:00,604.145,604.255,603.84,603.84
2026-10-09 18:24:00+00:00,604.28,604.54,604.075,604.145
2026-10-09 18:25:00+00:00,604.175,604.385,604.16,604.32
2026-10-09 18:26:00+00:00,604.25,604.275,604.09,604.175
2026-10-09 18:27:00+00:00,603.96,604.26,603.91,604.26
2026-10-09 18:28:00+00:00,603.93,604.055,603.865,603.96
2026-10-09 18:29:00+00:00,603.975,604.02,603.785,603.99
2026-10-09 18:30:00+00:00,603.89,604.11,603.85,604.01
2026-10-09 18:31:00+00:00,603.915,603.99,603.76,603.935
2026-10-09 18:32:00+00:00,603.9,604.035,603.83,603.96
2026-10-09 18:33:00+00:00,603.665,603.91,603.585,603.895
2026-10-09 18:34:00+00:00,603.495,603.81,603.445,603.63
2026-10-09 18:35:00+00:00,603.595,603.78,603.445,603.515
2026-10-09 18:36:00+00:00,603.44,603.69,603.4,603.625
2026-10-09 18:37:00+00:00,603.42,603.525,603.37,603.485
2026-10-09 18:38:00+00:00,603.41,603.485,603.325,603.44
2026-10-09 18:39:00+00:00,603.31,603.445,603.205,603.445
2026-10-09 18:40:00+00:00,603.21,603.34,603.125,603.34
2026-10-09 18:41:00+00:00,603.27,603.375,603.11,603.185
2026-10-09 18:42:00+00:00,602.765,603.29,602.66,603.29
2026-10-09 18:43:00+00:00,602.915,602.985,602.66,602.765
2026-10-09 18:44:00+00:00,603.155,603.325,602.9,602.925
2026-10-09 18:45:00+00:00,603.325,603.375,603.16,603.16
2026-10-09 18:46:00+00:00,603.655,603.88,603.255,603.375
2026-10-09 18:47:00+00:00,603.765,603.885,603.645,603.655
2026-10-09 18:48:00+00:00,603.665,603.84,603.625,603.755
2026-10-09 18:49:00+00:00,603.925,603.95,603.63,603.65
2026-10-09 18:50:00+00:00,604.33,604.355,603.9,603.9
2026-10-09 18:51:00+00:00,604.065,604.465,604.02,604.325
2026-10-09 18:52:00+00:00,603.645,604.085,603.645,604.075
2026-10-09 18:53:00+00:00,603.365,603.715,603.295,603.715
2026-10-09 18:54:00+00:00,603.285,603.385,603.185,603.385
2026-10-09 18:55:00+00:00,603.035,603.335,602.945,603.305
2026-10-09 18:56:00+00:00,603.055,603.115,602.89,603.035
2026-10-09 18:57:00+00:00,603.015,603.095,602.895,603.095
2026-10-09 18:58:00+00:00,603.105,603.145,602.935,603.025
2026-10-09 18:59:00+00:00,603.295,603.34,603.09,603.095
2026-10-09 19:00:00+00:00,603.18,603.375,603.11,603.31
2026-10-09 19:01:00+00:00,603.345,603.38,603.06,603.1
2026-10-09 19:02:00+00:00,603.445,603.56,603.29,603.345
2026-10-09 19:03:00+00:00,603.225,603.47,603.14,603.455
2026-10-09 19:04:00+00:00,603.03,603.26,602.995,603.22
2026-10-09 19:05:00+00:00,603.1,603.13,602.97,603.03
2026-10-09 19:06:00+00:00,603.385,603.395,603.045,603.095
2026-10-09 19:07:00+00:00,603.28,603.445,603.195,603.38
2026-10-09 19:08:00+00:00,603.22,603.33,603.18,603.28
2026-10-09 19:09:00+00:00,603.27,603.3,603.04,603.22
2026-10-09 19:10:00+00:00,603.35,603.45,603.15,603.265
2026-10-09 19:11:00+00:00,603.545,603.685,603.35,603.395
2026-10-09 19:12:00+00:00,603.765,603.79,603.545,603.56
2026-10-09 19:13:00+00:00,603.775,603.9,603.695,603.8
2026-10-09 19:14:00+00:00,603.77,603.875,603.705,603.81
2026-10-09 19:15:00+00:00,604.0,604.01,603.74,603.8
2026-10-09 19:16:00+00:00,603.805,604.0,603.725,603.955
2026-10-09 19:17:00+00:00,603.915,603.99,603.745,603.815
2026-10-09 19:18:00+00:00,604.015,604.055,603.84,603.915
2026-10-09 19:19:00+00:00,604.0,604.15,603.95,603.995
2026-10-09 19:20:00+00:00,604.175,604.19,603.95,604.03
2026-10-09 19:21:00+00:00,604.185,604.405,604.155,604.18
2026-10-09 19:22:00+00:00,604.24,604.38,604.135,604.19
2026-10-09 19:23:00+00:00,604.12,604.31,604.06,604.275
2026-10-09 19:24:00+00:00,604.115,604.235,604.02,604.105
2026-10-09 19:25:00+00:00,604.08,604.21,603.955,604.12
2026-10-09 19:26:00+00:00,604.27,604.365,604.025,604.055
2026-10-09 19:27:00+00:00,604.075,604.285,603.935,604.285
2026-10-09 19:28:00+00:00,603.69,604.1,603.55,604.075
2026-10-09 19:29:00+00:00,603.71,603.87,603.58,603.68
2026-10-09 19:30:00+00:00,603.785,604.13,603.655,603.7
2026-10-09 19:31:00+00:00,603.71,603.9,603.675,603.81
2026-10-09 19:32:00+00:00,603.46,603.77,603.455,603.745
2026-10-09 19:33:00+00:00,603.58,603.625,603.395,603.475
2026-10-09 19:34:00+00:00,603.41,603.58,603.385,603.55
2026-10-09 19:35:00+00:00,602.72,603.44,602.67,603.41
2026-10-09 19:36:00+00:00,602.92,602.985,602.66,602.68
2026-10-09 19:37:00+00:00,602.8,603.055,602.71,602.875
2026-10-09 19:38:00+00:00,602.705,602.92,602.68,602.755
2026-10-09 19:39:00+00:00,602.37,602.82,602.335,602.715
2026-10-09 19:40:00+00:00,602.565,602.635,602.24,602.335
2026-10-09 19:41:00+00:00,602.615,602.81,602.455,602.555
2026-10-09 19:42:00+00:00,602.285,602.625,602.235,602.595
2026-10-09 19:43:00+00:00,602.455,602.525,602.245,602.285
2026-10-09 19:44:00+00:00,602.445,602.515,602.32,602.43
2026-10-09 19:45:00+00:00,602.48,602.555,602.2,602.485
2026-10-09 19:46:00+00:00,602.515,602.64,602.43,602.495
2026-10-09 19:47:00+00:00,602.59,602.68,602.48,602.52
2026-10-09 19:48:00+00:00,602.81,602.9,602.55,602.595
2026-10-09 19:49:00+00:00,602.8,602.97,602.715,602.81
2026-10-09 19:50:00+00:00,602.885,603.21,602.655,602.81
2026-10-09 19:51:00+00:00,602.5,603.01,602.455,602.915
2026-10-09 19:52:00+00:00,602.625,602.82,602.455,602.455
2026-10-09 19:53:00+00:00,602.85,603.11,602.605,602.605
2026-10-09 19:54:00+00:00,602.81,603.205,602.665,602.87
2026-10-09 19:55:00+00:00,603.405,603.45,602.81,602.81
2026-10-09 19:56:00+00:00,603.58,603.62,603.045,603.41
2026-10-09 19:57:00+00:00,603.46,603.8,603.44,603.57
2026-10-09 19:58:00+00:00,603.35,603.51,603.33,603.48
2026-10-09 19:59:00+00:00,603.355,603.49,603.085,603.325
