date,Close,High,Low,Open
2026-09-28 13:30:00+00:00,33.37,33.44,32.975,33.18
2026-09-28 13:31:00+00:00,32.89,33.435,32.87,33.37
2026-09-28 13:32:00+00:00,32.855,32.96,32.755,32.89
2026-09-28 13:33:00+00:00,32.995,33.1,32.86,32.86
2026-09-28 13:34:00+00:00,33.38,33.39,32.95,32.995
2026-09-28 13:35:00+00:00,33.685,33.73,33.355,33.375
2026-09-28 13:36:00+00:00,33.495,33.775,33.45,33.69
2026-09-28 13:37:00+00:00,33.64,33.67,33.455,33.495
2026-09-28 13:38:00+00:00,33.77,33.875,33.63,33.64
2026-09-28 13:39:00+00:00,33.805,33.83,33.665,33.77
2026-09-28 13:40:00+00:00,33.78,33.885,33.705,33.8
2026-09-28 13:41:00+00:00,33.965,33.99,33.715,33.78
2026-09-28 13:42:00+00:00,33.875,33.985,33.78,33.965
2026-09-28 13:43:00+00:00,33.8,33.945,33.78,33.875
2026-09-28 13:44:00+00:00,34.17,34.19,33.8,33.8
2026-09-28 13:45:00+00:00,34.205,34.26,34.055,34.17
2026-09-28 13:46:00+00:00,34.185,34.295,34.155,34.205
2026-09-28 13:47:00+00:00,34.18,34.22,34.08,34.185
2026-09-28 13:48:00+00:00,34.155,34.235,34.095,34.18
2026-09-28 13:49:00+00:00,34.115,34.17,34.03,34.155
2026-09-28 13:50:00+00:00,34.245,34.245,34.07,34.115
2026-09-28 13:51:00+00:00,34.395,34.46,34.245,34.245
2026-09-28 13:52:00+00:00,34.335,34.465,34.325,34.395
2026-09-28 13:53:00+00:00,34.125,34.35,34.115,34.33
2026-09-28 13:54:00+00:00,33.995,34.145,33.925,34.125
2026-09-28 13:55:00+00:00,34.025,34.07,33.89,33.995
2026-09-28 13:56:00+00:00,34.105,34.145,34.025,34.025
2026-09-28 13:57:00+00:00,33.965,34.115,33.965,34.105
2026-09-28 13:58:00+00:00,34.005,34.035,33.915,33.965
2026-09-28 13:59:00+00:00,34.025,34.11,33.995,34.005
2026-09-28 14:00:00+00:00,34.005,34.15,34.005,34.025
2026-09-28 14:01:00+00:00,34.145,34.22,34.005,34.005
2026-09-28 14:02:00+00:00,34.175,34.225,34.125,34.145
2026-09-28 14:03:00+00:00,34.185,34.21,34.12,34.175
2026-09-28 14:04:00+00:00,34.325,34.335,34.185,34.225
2026-09-28 14:05:00+00:00,34.385,34.405,34.285,34.325
2026-09-28 14:06:00+00:00,34.345,34.425,34.345,34.385
2026-09-28 14:07:00+00:00,34.345,34.4,34.285,34.345
2026-09-28 14:08:00+00:00,34.465,34.48,34.345,34.345
2026-09-28 14:09:00+00:00,34.475,34.48,34.35,34.465
2026-09-28 14:10:00+00:00,34.705,34.725,34.475,34.475
2026-09-28 14:11:00+00:00,34.805,34.82,34.675,34.705
2026-09-28 14:12:00+00:00,34.955,34.98,34.795,34.805
2026-09-28 14:13:00+00:00,34.965,35.025,34.885,34.955
2026-09-28 14:14:00+00:00,35.035,35.09,34.965,34.965
2026-09-28 14:15:00+00:00,34.85,35.04,34.785,35.035
2026-09-28 14:16:00+00:00,34.69,34.875,34.69,34.85
2026-09-28 14:17:00+00:00,34.675,34.79,34.675,34.69
2026-09-28 14:18:00+00:00,34.68,34.71,34.63,34.675
2026-09-28 14:19:00+00:00,34.63,34.68,34.59,34.68
2026-09-28 14:20:00+00:00,34.535,34.75,34.51,34.63
2026-09-28 14:21:00+00:00,34.58,34.645,34.475,34.535
2026-09-28 14:22:00+00:00,34.425,34.585,34.42,34.58
2026-09-28 14:23:00+00:00,34.49,34.54,34.42,34.425
2026-09-28 14:24:00+00:00,34.54,34.575,34.485,34.49
2026-09-28 14:25:00+00:00,34.655,34.665,34.535,34.54
2026-09-28 14:26:00+00:00,34.695,34.745,34.63,34.655
2026-09-28 14:27:00+00:00,34.735,34.765,34.675,34.695
2026-09-28 14:28:00+00:00,34.675,34.765,34.665,34.735
2026-09-28 14:29:00+00:00,34.755,34.79,34.67,34.675
2026-09-28 14:30:00+00:00,34.75,34.775,34.69,34.755
2026-09-28 14:31:00+00:00,34.735,34.8,34.71,34.745
2026-09-28 14:32:00+00:00,34.615,34.755,34.615,34.735
2026-09-28 14:33:00+00:00,34.655,34.68,34.575,34.615
2026-09-28 14:34:00+00:00,34.68,34.685,34.62,34.655
2026-09-28 14:35:00+00:00,34.765,34.795,34.66,34.685
2026-09-28 14:36:00+00:00,34.845,34.87,34.735,34.765
2026-09-28 14:37:00+00:00,34.935,34.95,34.8,34.845
2026-09-28 14:38:00+00:00,35.035,35.105,34.93,34.935
2026-09-28 14:39:00+00:00,34.985,35.06,34.965,35.035
2026-09-28 14:40:00+00:00,34.985,34.995,34.9,34.985
2026-09-28 14:41:00+00:00,35.03,35.09,34.98,34.985
2026-09-28 14:42:00+00:00,35.155,35.16,35.015,35.025
2026-09-28 14:43:00+00:00,35.335,35.345,35.155,35.155
2026-09-28 14:44:00+00:00,35.475,35.51,35.36,35.375
2026-09-28 14:45:00+00:00,35.6,35.68,35.435,35.475
2026-09-28 14:46:00+00:00,35.655,35.675,35.545,35.6
2026-09-28 14:47:00+00:00,35.845,35.855,35.655,35.655
2026-09-28 14:48:00+00:00,35.825,35.945,35.795,35.845
2026-09-28 14:49:00+00:00,35.775,35.825,35.745,35.825
2026-09-28 14:50:00+00:00,35.715,35.785,35.665,35.775
2026-09-28 14:51:00+00:00,35.805,35.815,35.645,35.715
2026-09-28 14:52:00+00:00,35.895,35.895,35.755,35.805
2026-09-28 14:53:00+00:00,35.895,35.915,35.785,35.895
2026-09-28 14:54:00+00:00,35.835,35.935,35.79,35.895
2026-09-28 14:55:00+00:00,35.825,35.865,35.735,35.835
2026-09-28 14:56:00+00:00,35.595,35.825,35.59,35.825
2026-09-28 14:57:00+00:00,35.57,35.64,35.545,35.595
2026-09-28 14:58:00+00:00,35.625,35.65,35.52,35.57
2026-09-28 14:59:00+00:00,35.595,35.695,35.59,35.625
2026-09-28 15:00:00+00:00,35.635,35.655,35.58,35.595
2026-09-28 15:01:00+00:00,35.59,35.655,35.51,35.635
2026-09-28 15:02:00+00:00,35.54,35.59,35.515,35.59
2026-09-28 15:03:00+00:00,35.525,35.575,35.475,35.54
2026-09-28 15:04:00+00:00,35.535,35.58,35.515,35.525
2026-09-28 15:05:00+00:00,35.555,35.575,35.52,35.535
2026-09-28 15:06:00+00:00,35.545,35.67,35.485,35.55
2026-09-28 15:07:00+00:00,35.455,35.56,35.455,35.545
2026-09-28 15:08:00+00:00,35.54,35.555,35.425,35.455
2026-09-28 15:09:00+00:00,35.475,35.55,35.475,35.535
2026-09-28 15:10:00+00:00,35.595,35.595,35.46,35.475
2026-09-28 15:11:00+00:00,35.51,35.625,35.445,35.595
2026-09-28 15:12:00+00:00,35.495,35.545,35.475,35.51
2026-09-28 15:13:00+00:00,35.555,35.575,35.495,35.495
2026-09-28 15:14:00+00:00,35.64,35.675,35.555,35.555
2026-09-28 15:15:00+00:00,35.765,35.775,35.64,35.645
2026-09-28 15:16:00+00:00,35.805,35.83,35.755,35.765
2026-09-28 15:17:00+00:00,35.835,35.895,35.805,35.805
2026-09-28 15:18:00+00:00,35.825,35.875,35.785,35.835
2026-09-28 15:19:00+00:00,35.765,35.84,35.735,35.825
2026-09-28 15:20:00+00:00,35.685,35.81,35.685,35.765
2026-09-28 15:21:00+00:00,35.765,35.795,35.685,35.685
2026-09-28 15:22:00+00:00,35.865,35.87,35.765,35.765
2026-09-28 15:23:00+00:00,35.765,35.875,35.755,35.865
2026-09-28 15:24:00+00:00,35.665,35.785,35.645,35.765
2026-09-28 15:25:00+00:00,35.545,35.715,35.525,35.665
2026-09-28 15:26:00+00:00,35.435,35.57,35.435,35.545
2026-09-28 15:27:00+00:00,35.505,35.525,35.43,35.44
2026-09-28 15:28:00+00:00,35.515,35.555,35.495,35.505
2026-09-28 15:29:00+00:00,35.465,35.52,35.465,35.515
2026-09-28 15:30:00+00:00,35.445,35.535,35.435,35.465
2026-09-28 15:31:00+00:00,35.525,35.535,35.425,35.445
2026-09-28 15:32:00+00:00,35.435,35.525,35.415,35.52
2026-09-28 15:33:00+00:00,35.455,35.48,35.39,35.435
2026-09-28 15:34:00+00:00,35.445,35.495,35.43,35.455
2026-09-28 15:35:00+00:00,35.455,35.485,35.435,35.445
2026-09-28 15:36:00+00:00,35.325,35.455,35.325,35.455
2026-09-28 15:37:00+00:00,35.305,35.325,35.275,35.325
2026-09-28 15:38:00+00:00,35.3,35.345,35.285,35.305
2026-09-28 15:39:00+00:00,35.265,35.315,35.23,35.3
2026-09-28 15:40:00+00:00,35.385,35.405,35.245,35.26
2026-09-28 15:41:00+00:00,35.51,35.52,35.365,35.385
2026-09-28 15:42:00+00:00,35.545,35.545,35.465,35.51
2026-09-28 15:43:00+00:00,35.585,35.595,35.535,35.545
2026-09-28 15:44:00+00:00,35.495,35.595,35.495,35.58
2026-09-28 15:45:00+00:00,35.495,35.535,35.49,35.495
2026-09-28 15:46:00+00:00,35.495,35.53,35.475,35.495
2026-09-28 15:47:00+00:00,35.455,35.525,35.45,35.495
2026-09-28 15:48:00+00:00,35.455,35.475,35.425,35.455
2026-09-28 15:49:00+00:00,35.415,35.455,35.39,35.455
2026-09-28 15:50:00+00:00,35.385,35.425,35.34,35.415
2026-09-28 15:51:00+00:00,35.415,35.445,35.385,35.385
2026-09-28 15:52:00+00:00,35.405,35.455,35.39,35.415
2026-09-28 15:53:00+00:00,35.305,35.435,35.295,35.405
2026-09-28 15:54:00+00:00,35.205,35.325,35.205,35.305
2026-09-28 15:55:00+00:00,35.135,35.215,35.12,35.205
2026-09-28 15:56:00+00:00,35.075,35.15,35.055,35.135
2026-09-28 15:57:00+00:00,35.095,35.11,35.05,35.075
2026-09-28 15:58:00+00:00,35.085,35.105,35.075,35.095
2026-09-28 15:59:00+00:00,35.075,35.095,35.05,35.085
2026-09-28 16:00:00+00:00,35.185,35.215,35.07,35.075
2026-09-28 16:01:00+00:00,35.155,35.205,35.155,35.185
2026-09-28 16:02:00+00:00,35.135,35.175,35.135,35.155
2026-09-28 16:03:00+00:00,35.185,35.215,35.135,35.135
2026-09-28 16:04:00+00:00,35.165,35.195,35.145,35.18
2026-09-28 16:05:00+00:00,35.165,35.185,35.105,35.165
2026-09-28 16:06:00+00:00,35.075,35.185,35.075,35.165
2026-09-28 16:07:00+00:00,35.065,35.115,35.03,35.075
2026-09-28 16:08:00+00:00,35.015,35.08,34.975,35.065
2026-09-28 16:09:00+00:00,35.005,35.045,34.995,35.015
2026-09-28 16:10:00+00:00,34.935,35.015,34.935,35.005
2026-09-28 16:11:00+00:00,34.955,34.965,34.9,34.935
2026-09-28 16:12:00+00:00,35.025,35.06,34.945,34.955
2026-09-28 16:13:00+00:00,35.035,35.055,35.015,35.025
2026-09-28 16:14:00+00:00,34.995,35.045,34.985,35.035
2026-09-28 16:15:00+00:00,34.965,35.005,34.945,34.995
2026-09-28 16:16:00+00:00,34.675,34.965,34.655,34.965
2026-09-28 16:17:00+00:00,34.705,34.76,34.59,34.675
2026-09-28 16:18:00+00:00,34.795,34.8,34.675,34.7
2026-09-28 16:19:00+00:00,34.705,34.825,34.705,34.795
2026-09-28 16:20:00+00:00,34.535,34.755,34.495,34.705
2026-09-28 16:21:00+00:00,34.455,34.545,34.43,34.535
2026-09-28 16:22:00+00:00,34.45,34.495,34.405,34.46
2026-09-28 16:23:00+00:00,34.455,34.56,34.42,34.45
2026-09-28 16:24:00+00:00,34.435,34.475,34.345,34.455
2026-09-28 16:25:00+00:00,34.305,34.445,34.275,34.435
2026-09-28 16:26:00+00:00,34.075,34.325,34.01,34.3
2026-09-28 16:27:00+00:00,34.005,34.115,33.955,34.075
2026-09-28 16:28:00+00:00,34.115,34.155,34.0,34.005
2026-09-28 16:29:00+00:00,34.105,34.185,34.045,34.115
2026-09-28 16:30:00+00:00,34.215,34.265,34.085,34.11
2026-09-28 16:31:00+00:00,34.255,34.275,34.155,34.215
2026-09-28 16:32:00+00:00,34.41,34.44,34.225,34.255
2026-09-28 16:33:00+00:00,34.295,34.42,34.245,34.41
2026-09-28 16:34:00+00:00,34.205,34.315,34.195,34.295
2026-09-28 16:35:00+00:00,34.165,34.215,34.115,34.205
2026-09-28 16:36:00+00:00,34.095,34.185,34.065,34.165
2026-09-28 16:37:00+00:00,34.145,34.185,34.075,34.095
2026-09-28 16:38:00+00:00,34.285,34.315,34.125,34.145
2026-09-28 16:39:00+00:00,34.345,34.375,34.285,34.285
2026-09-28 16:40:00+00:00,34.34,34.35,34.275,34.34
2026-09-28 16:41:00+00:00,34.435,34.435,34.325,34.34
2026-09-28 16:42:00+00:00,34.505,34.53,34.435,34.435
2026-09-28 16:43:00+00:00,34.505,34.51,34.455,34.505
2026-09-28 16:44:00+00:00,34.445,34.51,34.435,34.505
2026-09-28 16:45:00+00:00,34.395,34.45,34.305,34.445
2026-09-28 16:46:00+00:00,34.37,34.425,34.305,34.395
2026-09-28 16:47:00+00:00,34.435,34.445,34.365,34.365
2026-09-28 16:48:00+00:00,34.545,34.56,34.435,34.435
2026-09-28 16:49:00+00:00,34.575,34.575,34.495,34.55
2026-09-28 16:50:00+00:00,34.645,34.65,34.535,34.575
2026-09-28 16:51:00+00:00,34.655,34.705,34.605,34.64
2026-09-28 16:52:00+00:00,34.635,34.695,34.605,34.655
2026-09-28 16:53:00+00:00,34.645,34.705,34.625,34.635
2026-09-28 16:54:00+00:00,34.585,34.655,34.585,34.645
2026-09-28 16:55:00+00:00,34.615,34.63,34.55,34.585
2026-09-28 16:56:00+00:00,34.605,34.635,34.575,34.615
2026-09-28 16:57:00+00:00,34.655,34.685,34.585,34.605
2026-09-28 16:58:00+00:00,34.665,34.675,34.645,34.655
2026-09-28 16:59:00+00:00,34.685,34.715,34.645,34.665
2026-09-28 17:00:00+00:00,34.82,34.845,34.675,34.685
2026-09-28 17:01:00+00:00,34.715,34.835,34.705,34.82
2026-09-28 17:02:00+00:00,34.755,34.79,34.705,34.715
2026-09-28 17:03:00+00:00,34.765,34.805,34.745,34.755
2026-09-28 17:04:00+00:00,34.725,34.765,34.705,34.765
2026-09-28 17:05:00+00:00,34.765,34.765,34.695,34.725
2026-09-28 17:06:00+00:00,34.715,34.81,34.715,34.765
2026-09-28 17:07:00+00:00,34.795,34.795,34.705,34.715
2026-09-28 17:08:00+00:00,34.815,34.83,34.775,34.79
2026-09-28 17:09:00+00:00,34.865,34.865,34.805,34.815
2026-09-28 17:10:00+00:00,34.835,34.865,34.815,34.865
2026-09-28 17:11:00+00:00,34.305,34.835,34.26,34.835
2026-09-28 17:12:00+00:00,34.375,34.425,34.185,34.305
2026-09-28 17:13:00+00:00,34.305,34.395,34.24,34.375
2026-09-28 17:14:00+00:00,34.14,34.335,34.135,34.305
2026-09-28 17:15:00+00:00,34.195,34.325,34.14,34.14
2026-09-28 17:16:00+00:00,34.245,34.305,34.165,34.195
2026-09-28 17:17:00+00:00,34.325,34.41,34.21,34.245
2026-09-28 17:18:00+00:00,34.475,34.485,34.315,34.325
2026-09-28 17:19:00+00:00,34.485,34.535,34.445,34.48
2026-09-28 17:20:00+00:00,34.495,34.52,34.455,34.485
2026-09-28 17:21:00+00:00,34.515,34.525,34.485,34.495
2026-09-28 17:22:00+00:00,34.485,34.52,34.44,34.515
2026-09-28 17:23:00+00:00,34.475,34.505,34.405,34.485
2026-09-28 17:24:00+00:00,34.425,34.48,34.415,34.475
2026-09-28 17:25:00+00:00,34.415,34.455,34.385,34.425
2026-09-28 17:26:00+00:00,34.555,34.555,34.415,34.415
2026-09-28 17:27:00+00:00,34.555,34.59,34.53,34.555
2026-09-28 17:28:00+00:00,34.495,34.555,34.475,34.555
2026-09-28 17:29:00+00:00,34.485,34.505,34.45,34.495
2026-09-28 17:30:00+00:00,34.445,34.495,34.425,34.485
2026-09-28 17:31:00+00:00,34.365,34.45,34.36,34.445
2026-09-28 17:32:00+00:00,34.315,34.365,34.305,34.365
2026-09-28 17:33:00+00:00,34.385,34.39,34.305,34.315
2026-09-28 17:34:00+00:00,34.395,34.415,34.365,34.385
2026-09-28 17:35:00+00:00,34.355,34.405,34.335,34.395
2026-09-28 17:36:00+00:00,34.36,34.395,34.34,34.355
2026-09-28 17:37:00+00:00,34.485,34.495,34.35,34.365
2026-09-28 17:38:00+00:00,34.435,34.495,34.425,34.485
2026-09-28 17:39:00+00:00,34.475,34.48,34.43,34.435
2026-09-28 17:40:00+00:00,34.465,34.475,34.43,34.475
2026-09-28 17:41:00+00:00,34.445,34.475,34.43,34.465
2026-09-28 17:42:00+00:00,34.52,34.545,34.435,34.445
2026-09-28 17:43:00+00:00,34.515,34.535,34.505,34.52
2026-09-28 17:44:00+00:00,34.475,34.53,34.475,34.515
2026-09-28 17:45:00+00:00,34.475,34.49,34.415,34.475
2026-09-28 17:46:00+00:00,34.475,34.515,34.465,34.475
2026-09-28 17:47:00+00:00,34.495,34.515,34.475,34.475
2026-09-28 17:48:00+00:00,34.385,34.505,34.385,34.495
2026-09-28 17:49:00+00:00,34.415,34.46,34.385,34.385
2026-09-28 17:50:00+00:00,34.445,34.455,34.405,34.415
2026-09-28 17:51:00+00:00,34.445,34.48,34.435,34.445
2026-09-28 17:52:00+00:00,34.485,34.485,34.425,34.445
2026-09-28 17:53:00+00:00,34.505,34.515,34.465,34.485
2026-09-28 17:54:00+00:00,34.475,34.505,34.465,34.505
2026-09-28 17:55:00+00:00,34.495,34.575,34.465,34.47
2026-09-28 17:56:00+00:00,34.485,34.505,34.465,34.495
2026-09-28 17:57:00+00:00,34.455,34.485,34.425,34.485
2026-09-28 17:58:00+00:00,34.445,34.455,34.405,34.455
2026-09-28 17:59:00+00:00,34.435,34.465,34.43,34.445
2026-09-28 18:00:00+00:00,34.505,34.51,34.425,34.435
2026-09-28 18:01:00+00:00,34.525,34.595,34.5,34.505
2026-09-28 18:02:00+00:00,34.465,34.535,34.465,34.525
2026-09-28 18:03:00+00:00,34.455,34.49,34.435,34.47
2026-09-28 18:04:00+00:00,34.425,34.475,34.405,34.455
2026-09-28 18:05:00+00:00,34.405,34.445,34.405,34.425
2026-09-28 18:06:00+00:00,34.435,34.445,34.395,34.405
2026-09-28 18:07:00+00:00,34.445,34.495,34.435,34.435
2026-09-28 18:08:00+00:00,34.435,34.465,34.415,34.445
2026-09-28 18:09:00+00:00,34.44,34.44,34.405,34.435
2026-09-28 18:10:00+00:00,34.445,34.445,34.415,34.44
2026-09-28 18:11:00+00:00,34.435,34.465,34.425,34.445
2026-09-28 18:12:00+00:00,34.435,34.45,34.405,34.435
2026-09-28 18:13:00+00:00,34.495,34.5,34.435,34.435
2026-09-28 18:14:00+00:00,34.435,34.505,34.435,34.495
2026-09-28 18:15:00+00:00,34.445,34.455,34.41,34.435
2026-09-28 18:16:00+00:00,34.445,34.475,34.435,34.445
2026-09-28 18:17:00+00:00,34.495,34.505,34.44,34.445
2026-09-28 18:18:00+00:00,34.495,34.525,34.475,34.495
2026-09-28 18:19:00+00:00,34.525,34.525,34.485,34.495
2026-09-28 18:20:00+00:00,34.555,34.555,34.505,34.525
2026-09-28 18:21:00+00:00,34.485,34.555,34.485,34.555
2026-09-28 18:22:00+00:00,34.475,34.515,34.475,34.485
2026-09-28 18:23:00+00:00,34.545,34.565,34.475,34.475
2026-09-28 18:24:00+00:00,34.555,34.59,34.545,34.545
2026-09-28 18:25:00+00:00,34.545,34.575,34.535,34.555
2026-09-28 18:26:00+00:00,34.525,34.555,34.515,34.545
2026-09-28 18:27:00+00:00,34.535,34.535,34.495,34.525
2026-09-28 18:28:00+00:00,34.535,34.535,34.5,34.535
2026-09-28 18:29:00+00:00,34.515,34.545,34.505,34.535
2026-09-28 18:30:00+00:00,34.535,34.545,34.465,34.51
2026-09-28 18:31:00+00:00,34.55,34.59,34.515,34.515
2026-09-28 18:32:00+00:00,34.605,34.615,34.535,34.555
2026-09-28 18:33:00+00:00,34.58,34.615,34.565,34.605
2026-09-28 18:34:00+00:00,34.535,34.595,34.52,34.58
2026-09-28 18:35:00+00:00,34.545,34.565,34.525,34.535
2026-09-28 18:36:00+00:00,34.555,34.575,34.525,34.545
2026-09-28 18:37:00+00:00,34.555,34.565,34.535,34.555
2026-09-28 18:38:00+00:00,34.665,34.665,34.55,34.56
2026-09-28 18:39:00+00:00,34.745,34.775,34.66,34.665
2026-09-28 18:40:00+00:00,34.685,34.76,34.68,34.745
2026-09-28 18:41:00+00:00,34.655,34.7,34.645,34.685
2026-09-28 18:42:00+00:00,34.7,34.715,34.645,34.655
2026-09-28 18:43:00+00:00,34.645,34.705,34.635,34.7
2026-09-28 18:44:00+00:00,34.585,34.645,34.58,34.645
2026-09-28 18:45:00+00:00,34.575,34.595,34.55,34.585
2026-09-28 18:46:00+00:00,34.585,34.595,34.555,34.575
2026-09-28 18:47:00+00:00,34.555,34.625,34.55,34.585
2026-09-28 18:48:00+00:00,34.545,34.6,34.505,34.555
2026-09-28 18:49:00+00:00,34.475,34.575,34.465,34.545
2026-09-28 18:50:00+00:00,34.485,34.5,34.455,34.475
2026-09-28 18:51:00+00:00,34.445,34.52,34.44,34.485
2026-09-28 18:52:00+00:00,34.425,34.445,34.39,34.445
2026-09-28 18:53:00+00:00,34.425,34.445,34.36,34.425
2026-09-28 18:54:00+00:00,34.36,34.465,34.355,34.425
2026-09-28 18:55:00+00:00,34.325,34.385,34.325,34.365
2026-09-28 18:56:00+00:00,34.275,34.325,34.25,34.325
2026-09-28 18:57:00+00:00,34.295,34.3,34.26,34.275
2026-09-28 18:58:00+00:00,34.245,34.295,34.225,34.295
2026-09-28 18:59:00+00:00,34.265,34.28,34.23,34.245
2026-09-28 19:00:00+00:00,34.405,34.415,34.255,34.265
2026-09-28 19:01:00+00:00,34.445,34.45,34.375,34.405
2026-09-28 19:02:00+00:00,34.455,34.515,34.435,34.445
2026-09-28 19:03:00+00:00,34.375,34.485,34.365,34.455
2026-09-28 19:04:00+00:00,34.355,34.385,34.345,34.375
2026-09-28 19:05:00+00:00,34.355,34.37,34.325,34.355
2026-09-28 19:06:00+00:00,34.535,34.6,34.345,34.355
2026-09-28 19:07:00+00:00,34.485,34.545,34.485,34.535
2026-09-28 19:08:00+00:00,34.455,34.495,34.425,34.485
2026-09-28 19:09:00+00:00,34.445,34.465,34.405,34.455
2026-09-28 19:10:00+00:00,34.465,34.495,34.445,34.445
2026-09-28 19:11:00+00:00,34.465,34.465,34.415,34.465
2026-09-28 19:12:00+00:00,34.445,34.475,34.435,34.465
2026-09-28 19:13:00+00:00,34.505,34.515,34.425,34.445
2026-09-28 19:14:00+00:00,34.525,34.535,34.495,34.505
2026-09-28 19:15:00+00:00,34.505,34.565,34.505,34.525
2026-09-28 19:16:00+00:00,34.505,34.55,34.465,34.505
2026-09-28 19:17:00+00:00,34.465,34.525,34.455,34.51
2026-09-28 19:18:00+00:00,34.44,34.465,34.425,34.465
2026-09-28 19:19:00+00:00,34.44,34.46,34.425,34.44
2026-09-28 19:20:00+00:00,34.435,34.445,34.415,34.445
2026-09-28 19:21:00+00:00,34.395,34.47,34.38,34.435
2026-09-28 19:22:00+00:00,34.415,34.455,34.385,34.395
2026-09-28 19:23:00+00:00,34.425,34.445,34.405,34.415
2026-09-28 19:24:00+00:00,34.395,34.45,34.395,34.425
2026-09-28 19:25:00+00:00,34.335,34.405,34.315,34.395
2026-09-28 19:26:00+00:00,34.315,34.345,34.295,34.335
2026-09-28 19:27:00+00:00,34.365,34.385,34.305,34.315
2026-09-28 19:28:00+00:00,34.345,34.415,34.335,34.365
2026-09-28 19:29:00+00:00,34.355,34.395,34.345,34.345
2026-09-28 19:30:00+00:00,34.445,34.45,34.31,34.355
2026-09-28 19:31:00+00:00,34.435,34.485,34.42,34.445
2026-09-28 19:32:00+00:00,34.425,34.46,34.365,34.435
2026-09-28 19:33:00+00:00,34.405,34.43,34.355,34.375
2026-09-28 19:34:00+00:00,34.385,34.445,34.365,34.405
2026-09-28 19:35:00+00:00,34.425,34.445,34.365,34.385
2026-09-28 19:36:00+00:00,34.515,34.525,34.415,34.425
2026-09-28 19:37:00+00:00,34.565,34.57,34.515,34.515
2026-09-28 19:38:00+00:00,34.605,34.61,34.56,34.565
2026-09-28 19:39:00+00:00,34.675,34.695,34.605,34.605
2026-09-28 19:40:00+00:00,34.655,34.685,34.625,34.675
2026-09-28 19:41:00+00:00,34.605,34.665,34.585,34.655
2026-09-28 19:42:00+00:00,34.59,34.645,34.585,34.605
2026-09-28 19:43:00+00:00,34.625,34.64,34.575,34.585
2026-09-28 19:44:00+00:00,34.615,34.635,34.595,34.625
2026-09-28 19:45:00+00:00,34.585,34.68,34.58,34.615
2026-09-28 19:46:00+00:00,34.555,34.585,34.535,34.585
2026-09-28 19:47:00+00:00,34.555,34.58,34.545,34.555
2026-09-28 19:48:00+00:00,34.585,34.615,34.555,34.555
2026-09-28 19:49:00+00:00,34.605,34.625,34.575,34.585
2026-09-28 19:50:00+00:00,34.585,34.645,34.535,34.605
2026-09-28 19:51:00+00:00,34.535,34.59,34.515,34.585
2026-09-28 19:52:00+00:00,34.635,34.635,34.525,34.535
2026-09-28 19:53:00+00:00,34.585,34.63,34.565,34.63
2026-09-28 19:54:00+00:00,34.645,34.675,34.57,34.585
2026-09-28 19:55:00+00:00,34.555,34.645,34.495,34.645
2026-09-28 19:56:00+00:00,34.505,34.575,34.49,34.555
2026-09-28 19:57:00+00:00,34.405,34.51,34.4,34.505
2026-09-28 19:58:00+00:00,34.375,34.425,34.375,34.405
2026-09-28 19:59:00+00:00,34.46,34.475,34.375,34.375
2026-09-29 13:30:00+00:00,32.92,33.045,32.675,32.795
2026-09-29 13:31:00+00:00,33.055,33.095,32.9,32.92
2026-09-29 13:32:00+00:00,32.84,33.11,32.81,33.06
2026-09-29 13:33:00+00:00,33.06,33.08,32.82,32.835
2026-09-29 13:34:00+00:00,33.4,33.455,33.045,33.06
2026-09-29 13:35:00+00:00,33.6,33.64,33.345,33.4
2026-09-29 13:36:00+00:00,33.435,33.635,33.39,33.6
2026-09-29 13:37:00+00:00,33.205,33.46,33.1,33.44
2026-09-29 13:38:00+00:00,33.25,33.31,33.2,33.2
2026-09-29 13:39:00+00:00,32.98,33.335,32.965,33.245
2026-09-29 13:40:00+00:00,33.265,33.28,32.94,32.98
2026-09-29 13:41:00+00:00,33.175,33.315,33.09,33.265
2026-09-29 13:42:00+00:00,33.3,33.33,33.085,33.18
2026-09-29 13:43:00+00:00,33.02,33.35,32.955,33.3
2026-09-29 13:44:00+00:00,33.005,33.07,32.915,33.02
2026-09-29 13:45:00+00:00,32.895,33.04,32.885,33.005
2026-09-29 13:46:00+00:00,32.915,32.94,32.79,32.895
2026-09-29 13:47:00+00:00,32.89,32.93,32.735,32.915
2026-09-29 13:48:00+00:00,32.975,33.005,32.805,32.89
2026-09-29 13:49:00+00:00,32.965,33.03,32.865,32.975
2026-09-29 13:50:00+00:00,32.845,32.965,32.815,32.965
2026-09-29 13:51:00+00:00,32.705,32.85,32.655,32.85
2026-09-29 13:52:00+00:00,32.615,32.77,32.6,32.705
2026-09-29 13:53:00+00:00,32.6,32.665,32.57,32.615
2026-09-29 13:54:00+00:00,32.605,32.675,32.585,32.595
2026-09-29 13:55:00+00:00,32.445,32.615,32.435,32.605
2026-09-29 13:56:00+00:00,32.42,32.465,32.34,32.445
2026-09-29 13:57:00+00:00,32.51,32.58,32.405,32.42
2026-09-29 13:58:00+00:00,32.405,32.52,32.385,32.51
2026-09-29 13:59:00+00:00,32.55,32.595,32.4,32.405
2026-09-29 14:00:00+00:00,32.395,32.565,32.27,32.56
2026-09-29 14:01:00+00:00,32.57,32.57,32.345,32.395
2026-09-29 14:02:00+00:00,32.635,32.725,32.565,32.57
2026-09-29 14:03:00+00:00,32.475,32.67,32.425,32.63
2026-09-29 14:04:00+00:00,32.485,32.585,32.445,32.475
2026-09-29 14:05:00+00:00,32.535,32.555,32.43,32.485
2026-09-29 14:06:00+00:00,32.585,32.665,32.535,32.54
2026-09-29 14:07:00+00:00,32.56,32.6,32.465,32.585
2026-09-29 14:08:00+00:00,32.575,32.615,32.52,32.555
2026-09-29 14:09:00+00:00,32.65,32.71,32.575,32.575
2026-09-29 14:10:00+00:00,32.665,32.695,32.545,32.65
2026-09-29 14:11:00+00:00,32.85,32.87,32.595,32.665
2026-09-29 14:12:00+00:00,32.795,32.92,32.775,32.85
2026-09-29 14:13:00+00:00,32.755,32.81,32.67,32.795
2026-09-29 14:14:00+00:00,32.685,32.765,32.635,32.755
2026-09-29 14:15:00+00:00,32.785,32.8,32.665,32.68
2026-09-29 14:16:00+00:00,32.49,32.855,32.48,32.785
2026-09-29 14:17:00+00:00,32.465,32.57,32.405,32.49
2026-09-29 14:18:00+00:00,32.38,32.485,32.36,32.465
2026-09-29 14:19:00+00:00,32.355,32.42,32.285,32.38
2026-09-29 14:20:00+00:00,32.54,32.59,32.325,32.355
2026-09-29 14:21:00+00:00,32.365,32.545,32.335,32.54
2026-09-29 14:22:00+00:00,32.295,32.415,32.275,32.365
2026-09-29 14:23:00+00:00,32.315,32.37,32.285,32.295
2026-09-29 14:24:00+00:00,32.325,32.445,32.295,32.315
2026-09-29 14:25:00+00:00,32.245,32.36,32.2,32.325
2026-09-29 14:26:00+00:00,32.165,32.245,32.145,32.245
2026-09-29 14:27:00+00:00,32.175,32.205,32.155,32.165
2026-09-29 14:28:00+00:00,32.305,32.315,32.165,32.175
2026-09-29 14:29:00+00:00,32.255,32.34,32.245,32.305
2026-09-29 14:30:00+00:00,32.125,32.255,32.105,32.255
2026-09-29 14:31:00+00:00,32.135,32.195,32.115,32.125
2026-09-29 14:32:00+00:00,32.155,32.185,32.035,32.135
2026-09-29 14:33:00+00:00,32.105,32.185,32.085,32.155
2026-09-29 14:34:00+00:00,32.145,32.18,32.105,32.105
2026-09-29 14:35:00+00:00,32.165,32.255,32.125,32.145
2026-09-29 14:36:00+00:00,32.205,32.21,32.145,32.165
2026-09-29 14:37:00+00:00,32.295,32.32,32.195,32.205
2026-09-29 14:38:00+00:00,32.215,32.32,32.21,32.295
2026-09-29 14:39:00+00:00,32.205,32.245,32.195,32.215
2026-09-29 14:40:00+00:00,32.235,32.265,32.125,32.205
2026-09-29 14:41:00+00:00,32.235,32.27,32.205,32.235
2026-09-29 14:42:00+00:00,32.215,32.265,32.15,32.23
2026-09-29 14:43:00+00:00,32.285,32.29,32.19,32.215
2026-09-29 14:44:00+00:00,32.275,32.335,32.255,32.285
2026-09-29 14:45:00+00:00,32.235,32.3,32.22,32.275
2026-09-29 14:46:00+00:00,32.305,32.345,32.24,32.24
2026-09-29 14:47:00+00:00,32.325,32.345,32.295,32.305
2026-09-29 14:48:00+00:00,32.345,32.355,32.24,32.325
2026-09-29 14:49:00+00:00,32.435,32.455,32.345,32.345
2026-09-29 14:50:00+00:00,32.415,32.515,32.4,32.435
2026-09-29 14:51:00+00:00,32.195,32.415,32.195,32.415
2026-09-29 14:52:00+00:00,32.185,32.215,32.14,32.195
2026-09-29 14:53:00+00:00,32.235,32.315,32.17,32.185
2026-09-29 14:54:00+00:00,32.17,32.25,32.155,32.235
2026-09-29 14:55:00+00:00,32.1,32.185,32.08,32.17
2026-09-29 14:56:00+00:00,32.035,32.145,32.03,32.1
2026-09-29 14:57:00+00:00,32.015,32.065,31.955,32.035
2026-09-29 14:58:00+00:00,32.085,32.105,32.015,32.015
2026-09-29 14:59:00+00:00,32.105,32.165,32.035,32.085
2026-09-29 15:00:00+00:00,32.245,32.25,32.09,32.105
2026-09-29 15:01:00+00:00,32.16,32.25,32.155,32.245
2026-09-29 15:02:00+00:00,32.205,32.265,32.14,32.16
2026-09-29 15:03:00+00:00,32.265,32.27,32.185,32.205
2026-09-29 15:04:00+00:00,32.285,32.295,32.215,32.265
2026-09-29 15:05:00+00:00,32.275,32.335,32.25,32.285
2026-09-29 15:06:00+00:00,32.27,32.275,32.205,32.275
2026-09-29 15:07:00+00:00,32.355,32.385,32.265,32.27
2026-09-29 15:08:00+00:00,32.455,32.485,32.35,32.355
2026-09-29 15:09:00+00:00,32.445,32.495,32.405,32.455
2026-09-29 15:10:00+00:00,32.395,32.445,32.365,32.445
2026-09-29 15:11:00+00:00,32.5,32.515,32.39,32.395
2026-09-29 15:12:00+00:00,32.545,32.565,32.5,32.5
2026-09-29 15:13:00+00:00,32.435,32.555,32.435,32.545
2026-09-29 15:14:00+00:00,32.335,32.455,32.33,32.435
2026-09-29 15:15:00+00:00,32.385,32.4,32.28,32.335
2026-09-29 15:16:00+00:00,32.415,32.425,32.34,32.38
2026-09-29 15:17:00+00:00,32.495,32.55,32.415,32.415
2026-09-29 15:18:00+00:00,32.635,32.645,32.495,32.495
2026-09-29 15:19:00+00:00,32.69,32.69,32.58,32.64
2026-09-29 15:20:00+00:00,32.715,32.725,32.655,32.69
2026-09-29 15:21:00+00:00,32.735,32.815,32.705,32.715
2026-09-29 15:22:00+00:00,32.765,32.78,32.665,32.735
2026-09-29 15:23:00+00:00,32.875,32.885,32.745,32.765
2026-09-29 15:24:00+00:00,32.905,32.935,32.865,32.875
2026-09-29 15:25:00+00:00,32.935,32.995,32.865,32.905
2026-09-29 15:26:00+00:00,33.01,33.025,32.875,32.935
2026-09-29 15:27:00+00:00,32.925,33.045,32.895,33.01
2026-09-29 15:28:00+00:00,32.895,32.94,32.845,32.92
2026-09-29 15:29:00+00:00,32.885,32.915,32.835,32.895
2026-09-29 15:30:00+00:00,32.845,32.895,32.79,32.885
2026-09-29 15:31:00+00:00,32.925,32.96,32.825,32.845
2026-09-29 15:32:00+00:00,32.835,32.94,32.835,32.925
2026-09-29 15:33:00+00:00,32.705,32.845,32.695,32.835
2026-09-29 15:34:00+00:00,32.63,32.705,32.605,32.705
2026-09-29 15:35:00+00:00,32.685,32.705,32.615,32.63
2026-09-29 15:36:00+00:00,32.655,32.705,32.65,32.685
2026-09-29 15:37:00+00:00,32.715,32.725,32.655,32.66
2026-09-29 15:38:00+00:00,32.595,32.73,32.585,32.71
2026-09-29 15:39:00+00:00,32.605,32.665,32.575,32.595
2026-09-29 15:40:00+00:00,32.605,32.64,32.585,32.605
2026-09-29 15:41:00+00:00,32.735,32.765,32.585,32.605
2026-09-29 15:42:00+00:00,32.74,32.785,32.69,32.735
2026-09-29 15:43:00+00:00,32.74,32.805,32.73,32.74
2026-09-29 15:44:00+00:00,32.71,32.755,32.655,32.745
2026-09-29 15:45:00+00:00,32.73,32.745,32.655,32.705
2026-09-29 15:46:00+00:00,32.825,32.845,32.725,32.735
2026-09-29 15:47:00+00:00,32.695,32.875,32.55,32.825
2026-09-29 15:48:00+00:00,32.755,32.83,32.69,32.69
2026-09-29 15:49:00+00:00,32.675,32.77,32.65,32.755
2026-09-29 15:50:00+00:00,32.675,32.695,32.585,32.675
2026-09-29 15:51:00+00:00,32.795,32.83,32.675,32.675
2026-09-29 15:52:00+00:00,32.87,32.92,32.785,32.795
2026-09-29 15:53:00+00:00,32.825,32.875,32.815,32.87
2026-09-29 15:54:00+00:00,32.795,32.845,32.725,32.825
2026-09-29 15:55:00+00:00,32.825,32.845,32.77,32.795
2026-09-29 15:56:00+00:00,32.765,32.835,32.75,32.83
2026-09-29 15:57:00+00:00,32.775,32.805,32.75,32.765
2026-09-29 15:58:00+00:00,32.745,32.775,32.705,32.775
2026-09-29 15:59:00+00:00,32.685,32.765,32.685,32.745
2026-09-29 16:00:00+00:00,32.695,32.745,32.675,32.685
2026-09-29 16:01:00+00:00,32.715,32.745,32.68,32.695
2026-09-29 16:02:00+00:00,32.735,32.795,32.705,32.715
2026-09-29 16:03:00+00:00,32.75,32.775,32.73,32.735
2026-09-29 16:04:00+00:00,32.835,32.845,32.735,32.75
2026-09-29 16:05:00+00:00,32.835,32.865,32.795,32.835
2026-09-29 16:06:00+00:00,32.775,32.855,32.755,32.835
2026-09-29 16:07:00+00:00,32.735,32.805,32.705,32.775
2026-09-29 16:08:00+00:00,32.725,32.785,32.715,32.735
2026-09-29 16:09:00+00:00,32.715,32.735,32.685,32.725
2026-09-29 16:10:00+00:00,32.715,32.73,32.685,32.715
2026-09-29 16:11:00+00:00,32.735,32.795,32.715,32.715
2026-09-29 16:12:00+00:00,32.835,32.845,32.73,32.735
2026-09-29 16:13:00+00:00,32.885,32.895,32.785,32.835
2026-09-29 16:14:00+00:00,32.915,32.915,32.875,32.885
2026-09-29 16:15:00+00:00,32.935,32.97,32.905,32.915
2026-09-29 16:16:00+00:00,32.895,32.945,32.89,32.935
2026-09-29 16:17:00+00:00,32.955,32.96,32.875,32.895
2026-09-29 16:18:00+00:00,32.935,33.02,32.925,32.955
2026-09-29 16:19:00+00:00,32.925,32.985,32.925,32.935
2026-09-29 16:20:00+00:00,32.915,32.925,32.885,32.925
2026-09-29 16:21:00+00:00,33.005,33.01,32.865,32.915
2026-09-29 16:22:00+00:00,32.965,33.025,32.945,33.005
2026-09-29 16:23:00+00:00,32.965,33.015,32.965,32.965
2026-09-29 16:24:00+00:00,32.985,32.985,32.935,32.965
2026-09-29 16:25:00+00:00,32.915,32.985,32.915,32.985
2026-09-29 16:26:00+00:00,32.895,32.94,32.89,32.915
2026-09-29 16:27:00+00:00,32.895,32.935,32.88,32.895
2026-09-29 16:28:00+00:00,32.855,32.905,32.835,32.895
2026-09-29 16:29:00+00:00,32.835,32.885,32.825,32.855
2026-09-29 16:30:00+00:00,32.935,32.935,32.835,32.835
2026-09-29 16:31:00+00:00,32.915,32.935,32.855,32.935
2026-09-29 16:32:00+00:00,32.915,32.935,32.88,32.91
2026-09-29 16:33:00+00:00,32.945,32.945,32.895,32.915
2026-09-29 16:34:00+00:00,32.945,32.985,32.935,32.945
2026-09-29 16:35:00+00:00,32.915,32.955,32.875,32.945
2026-09-29 16:36:00+00:00,32.925,32.945,32.905,32.915
2026-09-29 16:37:00+00:00,32.925,32.955,32.905,32.925
2026-09-29 16:38:00+00:00,32.885,32.955,32.885,32.925
2026-09-29 16:39:00+00:00,32.945,32.965,32.885,32.885
2026-09-29 16:40:00+00:00,33.095,33.115,32.935,32.945
2026-09-29 16:41:00+00:00,33.185,33.185,33.055,33.095
2026-09-29 16:42:00+00:00,33.145,33.21,33.115,33.185
2026-09-29 16:43:00+00:00,33.255,33.26,33.135,33.145
2026-09-29 16:44:00+00:00,33.275,33.29,33.235,33.255
2026-09-29 16:45:00+00:00,33.325,33.365,33.25,33.275
2026-09-29 16:46:00+00:00,33.205,33.35,33.185,33.325
2026-09-29 16:47:00+00:00,33.145,33.225,33.115,33.205
2026-09-29 16:48:00+00:00,33.115,33.195,33.11,33.145
2026-09-29 16:49:00+00:00,33.15,33.215,33.115,33.115
2026-09-29 16:50:00+00:00,33.085,33.165,33.085,33.145
2026-09-29 16:51:00+00:00,33.185,33.19,33.06,33.085
2026-09-29 16:52:00+00:00,33.215,33.23,33.18,33.185
2026-09-29 16:53:00+00:00,33.255,33.275,33.205,33.215
2026-09-29 16:54:00+00:00,33.3,33.32,33.255,33.255
2026-09-29 16:55:00+00:00,33.325,33.345,33.285,33.3
2026-09-29 16:56:00+00:00,33.365,33.395,33.325,33.325
2026-09-29 16:57:00+00:00,33.325,33.375,33.315,33.365
2026-09-29 16:58:00+00:00,33.295,33.33,33.285,33.325
2026-09-29 16:59:00+00:00,33.255,33.295,33.24,33.295
2026-09-29 17:00:00+00:00,33.345,33.345,33.255,33.255
2026-09-29 17:01:00+00:00,33.345,33.365,33.285,33.345
2026-09-29 17:02:00+00:00,33.375,33.38,33.315,33.34
2026-09-29 17:03:00+00:00,33.345,33.445,33.34,33.375
2026-09-29 17:04:00+00:00,33.335,33.355,33.315,33.345
2026-09-29 17:05:00+00:00,33.285,33.36,33.27,33.335
2026-09-29 17:06:00+00:00,33.255,33.29,33.245,33.28
2026-09-29 17:07:00+00:00,33.265,33.305,33.255,33.255
2026-09-29 17:08:00+00:00,33.245,33.275,33.225,33.265
2026-09-29 17:09:00+00:00,33.255,33.27,33.225,33.245
2026-09-29 17:10:00+00:00,33.205,33.265,33.205,33.255
2026-09-29 17:11:00+00:00,33.155,33.205,33.125,33.205
2026-09-29 17:12:00+00:00,33.165,33.185,33.14,33.155
2026-09-29 17:13:00+00:00,33.175,33.195,33.165,33.165
2026-09-29 17:14:00+00:00,33.115,33.2,33.115,33.175
2026-09-29 17:15:00+00:00,33.125,33.135,33.09,33.115
2026-09-29 17:16:00+00:00,33.195,33.265,33.105,33.125
2026-09-29 17:17:00+00:00,33.225,33.23,33.145,33.195
2026-09-29 17:18:00+00:00,33.225,33.23,33.205,33.225
2026-09-29 17:19:00+00:00,33.185,33.235,33.165,33.225
2026-09-29 17:20:00+00:00,33.175,33.215,33.165,33.185
2026-09-29 17:21:00+00:00,33.185,33.215,33.165,33.175
2026-09-29 17:22:00+00:00,33.145,33.185,33.135,33.185
2026-09-29 17:23:00+00:00,33.085,33.17,33.085,33.145
2026-09-29 17:24:00+00:00,33.045,33.095,33.045,33.085
2026-09-29 17:25:00+00:00,33.055,33.065,32.995,33.045
2026-09-29 17:26:00+00:00,33.005,33.065,33.005,33.055
2026-09-29 17:27:00+00:00,32.955,33.015,32.955,33.005
2026-09-29 17:28:00+00:00,32.985,33.02,32.945,32.955
2026-09-29 17:29:00+00:00,33.005,33.005,32.975,32.985
2026-09-29 17:30:00+00:00,33.045,33.055,32.995,33.005
2026-09-29 17:31:00+00:00,33.035,33.075,33.005,33.045
2026-09-29 17:32:00+00:00,32.995,33.035,32.985,33.035
2026-09-29 17:33:00+00:00,32.995,33.025,32.955,32.995
2026-09-29 17:34:00+00:00,33.015,33.04,32.995,32.995
2026-09-29 17:35:00+00:00,32.975,33.035,32.965,33.015
2026-09-29 17:36:00+00:00,33.035,33.035,32.975,32.975
2026-09-29 17:37:00+00:00,33.075,33.08,33.02,33.035
2026-09-29 17:38:00+00:00,33.095,33.12,33.065,33.075
2026-09-29 17:39:00+00:00,33.055,33.115,33.055,33.095
2026-09-29 17:40:00+00:00,33.085,33.085,33.05,33.055
2026-09-29 17:41:00+00:00,33.095,33.105,33.045,33.085
2026-09-29 17:42:00+00:00,33.125,33.145,33.065,33.095
2026-09-29 17:43:00+00:00,33.095,33.135,33.095,33.125
2026-09-29 17:44:00+00:00,33.095,33.115,33.08,33.095
2026-09-29 17:45:00+00:00,33.085,33.095,33.055,33.095
2026-09-29 17:46:00+00:00,33.085,33.095,33.035,33.085
2026-09-29 17:47:00+00:00,33.075,33.105,33.055,33.085
2026-09-29 17:48:00+00:00,33.125,33.145,33.075,33.075
2026-09-29 17:49:00+00:00,33.145,33.165,33.115,33.125
2026-09-29 17:50:00+00:00,33.175,33.185,33.125,33.145
2026-09-29 17:51:00+00:00,33.245,33.255,33.175,33.175
2026-09-29 17:52:00+00:00,33.275,33.305,33.235,33.245
2026-09-29 17:53:00+00:00,33.325,33.365,33.27,33.275
2026-09-29 17:54:00+00:00,33.325,33.335,33.29,33.325
2026-09-29 17:55:00+00:00,33.375,33.375,33.325,33.325
2026-09-29 17:56:00+00:00,33.405,33.415,33.365,33.375
2026-09-29 17:57:00+00:00,33.435,33.445,33.365,33.405
2026-09-29 17:58:00+00:00,33.435,33.47,33.405,33.435
2026-09-29 17:59:00+00:00,33.37,33.445,33.36,33.435
2026-09-29 18:00:00+00:00,33.075,33.37,33.015,33.37
2026-09-29 18:01:00+00:00,33.165,33.165,32.995,33.075
2026-09-29 18:02:00+00:00,33.145,33.18,33.1,33.16
2026-09-29 18:03:00+00:00,33.155,33.255,33.145,33.145
2026-09-29 18:04:00+00:00,33.055,33.155,33.025,33.155
2026-09-29 18:05:00+00:00,33.015,33.095,32.955,33.055
2026-09-29 18:06:00+00:00,33.005,33.025,32.985,33.015
2026-09-29 18:07:00+00:00,33.025,33.095,32.965,33.005
2026-09-29 18:08:00+00:00,33.015,33.03,32.975,33.025
2026-09-29 18:09:00+00:00,33.105,33.105,32.995,33.015
2026-09-29 18:10:00+00:00,33.085,33.105,33.035,33.105
2026-09-29 18:11:00+00:00,33.145,33.15,33.075,33.085
2026-09-29 18:12:00+00:00,33.115,33.15,33.1,33.14
2026-09-29 18:13:00+00:00,33.035,33.125,33.015,33.115
2026-09-29 18:14:00+00:00,33.005,33.035,32.975,33.035
2026-09-29 18:15:00+00:00,32.975,33.015,32.975,33.005
2026-09-29 18:16:00+00:00,32.965,32.975,32.925,32.975
2026-09-29 18:17:00+00:00,32.975,32.975,32.925,32.965
2026-09-29 18:18:00+00:00,32.965,32.985,32.945,32.975
2026-09-29 18:19:00+00:00,33.005,33.015,32.94,32.965
2026-09-29 18:20:00+00:00,33.04,33.055,32.995,33.005
2026-09-29 18:21:00+00:00,33.065,33.065,33.02,33.04
2026-09-29 18:22:00+00:00,32.995,33.07,32.985,33.065
2026-09-29 18:23:00+00:00,33.02,33.035,32.955,32.995
2026-09-29 18:24:00+00:00,33.075,33.105,33.0,33.015
2026-09-29 18:25:00+00:00,33.055,33.085,33.01,33.075
2026-09-29 18:26:00+00:00,33.065,33.075,32.995,33.055
2026-09-29 18:27:00+00:00,33.035,33.085,33.015,33.065
2026-09-29 18:28:00+00:00,32.995,33.035,32.955,33.035
2026-09-29 18:29:00+00:00,33.035,33.045,32.975,32.995
2026-09-29 18:30:00+00:00,33.045,33.085,32.88,33.035
2026-09-29 18:31:00+00:00,33.085,33.125,33.015,33.045
2026-09-29 18:32:00+00:00,33.085,33.1,33.045,33.085
2026-09-29 18:33:00+00:00,33.135,33.135,33.06,33.085
2026-09-29 18:34:00+00:00,33.115,33.14,33.095,33.135
2026-09-29 18:35:00+00:00,33.105,33.135,33.095,33.115
2026-09-29 18:36:00+00:00,33.035,33.115,33.03,33.105
2026-09-29 18:37:00+00:00,33.025,33.035,33.015,33.035
2026-09-29 18:38:00+00:00,32.965,33.05,32.965,33.025
2026-09-29 18:39:00+00:00,32.925,32.985,32.915,32.965
2026-09-29 18:40:00+00:00,32.885,32.945,32.875,32.925
2026-09-29 18:41:00+00:00,32.875,32.905,32.835,32.885
2026-09-29 18:42:00+00:00,32.915,32.945,32.865,32.875
2026-09-29 18:43:00+00:00,32.945,32.97,32.915,32.915
2026-09-29 18:44:00+00:00,32.945,32.985,32.915,32.945
2026-09-29 18:45:00+00:00,32.915,32.965,32.905,32.945
2026-09-29 18:46:00+00:00,32.935,32.95,32.915,32.915
2026-09-29 18:47:00+00:00,32.985,33.015,32.935,32.935
2026-09-29 18:48:00+00:00,32.945,32.985,32.94,32.985
2026-09-29 18:49:00+00:00,32.975,32.985,32.94,32.945
2026-09-29 18:50:00+00:00,32.955,32.995,32.955,32.975
2026-09-29 18:51:00+00:00,32.935,32.965,32.93,32.955
2026-09-29 18:52:00+00:00,32.935,32.95,32.92,32.935
2026-09-29 18:53:00+00:00,32.915,32.945,32.905,32.935
2026-09-29 18:54:00+00:00,32.985,32.99,32.905,32.915
2026-09-29 18:55:00+00:00,32.945,32.995,32.935,32.985
2026-09-29 18:56:00+00:00,32.935,32.955,32.925,32.94
2026-09-29 18:57:00+00:00,32.945,32.975,32.94,32.94
2026-09-29 18:58:00+00:00,32.905,32.95,32.88,32.945
2026-09-29 18:59:00+00:00,32.895,32.915,32.865,32.9
2026-09-29 19:00:00+00:00,32.935,32.945,32.885,32.895
2026-09-29 19:01:00+00:00,32.985,32.995,32.925,32.935
2026-09-29 19:02:00+00:00,33.03,33.035,32.975,32.985
2026-09-29 19:03:00+00:00,33.025,33.035,33.015,33.03
2026-09-29 19:04:00+00:00,33.005,33.055,32.995,33.025
2026-09-29 19:05:00+00:00,32.985,33.025,32.975,33.005
2026-09-29 19:06:00+00:00,32.965,32.985,32.925,32.985
2026-09-29 19:07:00+00:00,33.005,33.015,32.955,32.96
2026-09-29 19:08:00+00:00,33.025,33.045,32.99,33.005
2026-09-29 19:09:00+00:00,33.065,33.07,33.01,33.025
2026-09-29 19:10:00+00:00,33.115,33.12,33.065,33.065
2026-09-29 19:11:00+00:00,33.095,33.125,33.085,33.115
2026-09-29 19:12:00+00:00,33.145,33.155,33.095,33.095
2026-09-29 19:13:00+00:00,33.165,33.165,33.125,33.145
2026-09-29 19:14:00+00:00,33.225,33.235,33.16,33.165
2026-09-29 19:15:00+00:00,33.175,33.235,33.175,33.225
2026-09-29 19:16:00+00:00,33.125,33.195,33.12,33.175
2026-09-29 19:17:00+00:00,33.155,33.175,33.125,33.125
2026-09-29 19:18:00+00:00,33.125,33.165,33.115,33.165
2026-09-29 19:19:00+00:00,33.155,33.195,33.125,33.125
2026-09-29 19:20:00+00:00,33.185,33.185,33.155,33.155
2026-09-29 19:21:00+00:00,33.135,33.185,33.135,33.185
2026-09-29 19:22:00+00:00,33.115,33.16,33.105,33.135
2026-09-29 19:23:00+00:00,33.135,33.14,33.105,33.115
2026-09-29 19:24:00+00:00,33.155,33.19,33.125,33.135
2026-09-29 19:25:00+00:00,33.16,33.185,33.135,33.155
2026-09-29 19:26:00+00:00,33.145,33.165,33.13,33.16
2026-09-29 19:27:00+00:00,33.155,33.175,33.145,33.145
2026-09-29 19:28:00+00:00,33.195,33.205,33.155,33.155
2026-09-29 19:29:00+00:00,33.235,33.245,33.175,33.195
2026-09-29 19:30:00+00:00,33.32,33.35,33.21,33.235
2026-09-29 19:31:00+00:00,33.265,33.32,33.235,33.32
2026-09-29 19:32:00+00:00,33.215,33.265,33.185,33.265
2026-09-29 19:33:00+00:00,33.255,33.265,33.205,33.215
2026-09-29 19:34:00+00:00,33.185,33.275,33.175,33.255
2026-09-29 19:35:00+00:00,33.185,33.195,33.135,33.185
2026-09-29 19:36:00+00:00,33.195,33.2,33.155,33.185
2026-09-29 19:37:00+00:00,33.185,33.205,33.155,33.195
2026-09-29 19:38:00+00:00,33.23,33.235,33.155,33.185
2026-09-29 19:39:00+00:00,33.265,33.265,33.215,33.235
2026-09-29 19:40:00+00:00,33.295,33.305,33.265,33.265
2026-09-29 19:41:00+00:00,33.255,33.305,33.255,33.295
2026-09-29 19:42:00+00:00,33.275,33.295,33.255,33.255
2026-09-29 19:43:00+00:00,33.345,33.345,33.275,33.275
2026-09-29 19:44:00+00:00,33.385,33.4,33.34,33.345
2026-09-29 19:45:00+00:00,33.415,33.415,33.365,33.385
2026-09-29 19:46:00+00:00,33.395,33.425,33.38,33.415
2026-09-29 19:47:00+00:00,33.385,33.4,33.365,33.395
2026-09-29 19:48:00+00:00,33.415,33.425,33.365,33.385
2026-09-29 19:49:00+00:00,33.365,33.415,33.355,33.415
2026-09-29 19:50:00+00:00,33.385,33.435,33.36,33.37
2026-09-29 19:51:00+00:00,33.365,33.385,33.315,33.385
2026-09-29 19:52:00+00:00,33.255,33.375,33.245,33.365
2026-09-29 19:53:00+00:00,33.315,33.335,33.255,33.255
2026-09-29 19:54:00+00:00,33.265,33.315,33.175,33.315
2026-09-29 19:55:00+00:00,33.335,33.435,33.265,33.265
2026-09-29 19:56:00+00:00,33.325,33.395,33.315,33.335
2026-09-29 19:57:00+00:00,33.235,33.335,33.235,33.325
2026-09-29 19:58:00+00:00,33.295,33.305,33.235,33.235
2026-09-29 19:59:00+00:00,33.24,33.34,33.22,33.295
2026-09-30 13:30:00+00:00,32.765,33.195,32.735,33.045
2026-09-30 13:31:00+00:00,32.5,32.82,32.44,32.765
2026-09-30 13:32:00+00:00,32.63,32.715,32.415,32.485
2026-09-30 13:33:00+00:00,32.67,32.805,32.54,32.63
2026-09-30 13:34:00+00:00,32.61,32.695,32.59,32.675
2026-09-30 13:35:00+00:00,32.925,32.96,32.585,32.61
2026-09-30 13:36:00+00:00,32.72,32.985,32.705,32.93
2026-09-30 13:37:00+00:00,32.84,32.865,32.66,32.715
2026-09-30 13:38:00+00:00,33.115,33.14,32.815,32.84
2026-09-30 13:39:00+00:00,32.84,33.15,32.81,33.115
2026-09-30 13:40:00+00:00,33.1,33.145,32.825,32.835
2026-09-30 13:41:00+00:00,33.07,33.13,33.035,33.1
2026-09-30 13:42:00+00:00,32.93,33.115,32.91,33.07
2026-09-30 13:43:00+00:00,32.965,32.99,32.85,32.93
2026-09-30 13:44:00+00:00,32.855,32.995,32.77,32.965
2026-09-30 13:45:00+00:00,32.925,32.93,32.725,32.85
2026-09-30 13:46:00+00:00,33.1,33.165,32.92,32.925
2026-09-30 13:47:00+00:00,33.115,33.185,33.03,33.1
2026-09-30 13:48:00+00:00,33.18,33.195,33.065,33.13
2026-09-30 13:49:00+00:00,33.11,33.18,32.995,33.18
2026-09-30 13:50:00+00:00,33.165,33.235,33.09,33.105
2026-09-30 13:51:00+00:00,33.16,33.215,33.105,33.16
2026-09-30 13:52:00+00:00,33.21,33.29,33.155,33.16
2026-09-30 13:53:00+00:00,33.33,33.445,33.2,33.21
2026-09-30 13:54:00+00:00,33.32,33.375,33.28,33.33
2026-09-30 13:55:00+00:00,33.23,33.325,33.135,33.32
2026-09-30 13:56:00+00:00,33.22,33.3,33.205,33.23
2026-09-30 13:57:00+00:00,33.165,33.3,33.12,33.22
2026-09-30 13:58:00+00:00,33.155,33.26,33.15,33.165
2026-09-30 13:59:00+00:00,32.985,33.195,32.97,33.155
2026-09-30 14:00:00+00:00,32.99,33.085,32.92,32.985
2026-09-30 14:01:00+00:00,33.045,33.095,32.955,32.99
2026-09-30 14:02:00+00:00,33.09,33.11,32.98,33.045
2026-09-30 14:03:00+00:00,33.065,33.145,33.05,33.09
2026-09-30 14:04:00+00:00,33.09,33.095,32.965,33.065
2026-09-30 14:05:00+00:00,33.08,33.115,33.02,33.09
2026-09-30 14:06:00+00:00,33.1,33.15,32.965,33.08
2026-09-30 14:07:00+00:00,33.225,33.29,33.095,33.1
2026-09-30 14:08:00+00:00,33.25,33.27,33.195,33.225
2026-09-30 14:09:00+00:00,33.34,33.415,33.245,33.25
2026-09-30 14:10:00+00:00,33.435,33.445,33.29,33.34
2026-09-30 14:11:00+00:00,33.535,33.575,33.425,33.435
2026-09-30 14:12:00+00:00,33.425,33.56,33.385,33.535
2026-09-30 14:13:00+00:00,33.485,33.51,33.405,33.42
2026-09-30 14:14:00+00:00,33.375,33.555,33.375,33.485
2026-09-30 14:15:00+00:00,33.325,33.405,33.28,33.375
2026-09-30 14:16:00+00:00,33.335,33.38,33.27,33.325
2026-09-30 14:17:00+00:00,33.455,33.55,33.335,33.34
2026-09-30 14:18:00+00:00,33.42,33.455,33.325,33.45
2026-09-30 14:19:00+00:00,33.295,33.425,33.29,33.415
2026-09-30 14:20:00+00:00,33.295,33.315,33.21,33.295
2026-09-30 14:21:00+00:00,33.295,33.365,33.255,33.29
2026-09-30 14:22:00+00:00,33.445,33.475,33.285,33.295
2026-09-30 14:23:00+00:00,33.325,33.515,33.31,33.445
2026-09-30 14:24:00+00:00,33.395,33.41,33.305,33.325
2026-09-30 14:25:00+00:00,33.355,33.435,33.35,33.395
2026-09-30 14:26:00+00:00,33.415,33.425,33.315,33.355
2026-09-30 14:27:00+00:00,33.41,33.455,33.4,33.415
2026-09-30 14:28:00+00:00,33.515,33.585,33.395,33.405
2026-09-30 14:29:00+00:00,33.455,33.535,33.435,33.515
2026-09-30 14:30:00+00:00,33.525,33.56,33.45,33.455
2026-09-30 14:31:00+00:00,33.495,33.565,33.475,33.53
2026-09-30 14:32:00+00:00,33.565,33.57,33.42,33.495
2026-09-30 14:33:00+00:00,33.57,33.655,33.545,33.565
2026-09-30 14:34:00+00:00,33.675,33.755,33.57,33.57
2026-09-30 14:35:00+00:00,33.775,33.79,33.645,33.675
2026-09-30 14:36:00+00:00,33.79,33.81,33.67,33.775
2026-09-30 14:37:00+00:00,33.7,33.795,33.67,33.79
2026-09-30 14:38:00+00:00,33.605,33.72,33.575,33.695
2026-09-30 14:39:00+00:00,33.695,33.71,33.575,33.605
2026-09-30 14:40:00+00:00,33.745,33.865,33.665,33.695
2026-09-30 14:41:00+00:00,33.74,33.86,33.7,33.745
2026-09-30 14:42:00+00:00,33.595,33.745,33.575,33.74
2026-09-30 14:43:00+00:00,33.61,33.675,33.56,33.595
2026-09-30 14:44:00+00:00,33.645,33.665,33.565,33.61
2026-09-30 14:45:00+00:00,33.59,33.65,33.535,33.64
2026-09-30 14:46:00+00:00,33.615,33.675,33.555,33.59
2026-09-30 14:47:00+00:00,33.555,33.67,33.555,33.615
2026-09-30 14:48:00+00:00,33.465,33.585,33.46,33.56
2026-09-30 14:49:00+00:00,33.435,33.505,33.415,33.465
2026-09-30 14:50:00+00:00,33.515,33.525,33.415,33.435
2026-09-30 14:51:00+00:00,33.485,33.515,33.44,33.515
2026-09-30 14:52:00+00:00,33.465,33.525,33.45,33.485
2026-09-30 14:53:00+00:00,33.465,33.485,33.41,33.465
2026-09-30 14:54:00+00:00,33.405,33.465,33.345,33.465
2026-09-30 14:55:00+00:00,33.385,33.46,33.355,33.405
2026-09-30 14:56:00+00:00,33.315,33.415,33.28,33.385
2026-09-30 14:57:00+00:00,33.325,33.355,33.275,33.315
2026-09-30 14:58:00+00:00,33.335,33.37,33.31,33.325
2026-09-30 14:59:00+00:00,33.365,33.375,33.3,33.33
2026-09-30 15:00:00+00:00,33.365,33.41,33.345,33.365
2026-09-30 15:01:00+00:00,33.445,33.535,33.365,33.365
2026-09-30 15:02:00+00:00,33.56,33.575,33.415,33.445
2026-09-30 15:03:00+00:00,33.515,33.59,33.505,33.565
2026-09-30 15:04:00+00:00,33.48,33.575,33.475,33.515
2026-09-30 15:05:00+00:00,33.535,33.555,33.48,33.485
2026-09-30 15:06:00+00:00,33.44,33.535,33.435,33.525
2026-09-30 15:07:00+00:00,33.435,33.475,33.395,33.44
2026-09-30 15:08:00+00:00,33.425,33.455,33.4,33.435
2026-09-30 15:09:00+00:00,33.335,33.445,33.325,33.425
2026-09-30 15:10:00+00:00,33.325,33.37,33.325,33.335
2026-09-30 15:11:00+00:00,33.365,33.38,33.29,33.325
2026-09-30 15:12:00+00:00,33.415,33.505,33.345,33.365
2026-09-30 15:13:00+00:00,33.46,33.47,33.365,33.415
2026-09-30 15:14:00+00:00,33.535,33.59,33.46,33.465
2026-09-30 15:15:00+00:00,33.5,33.565,33.475,33.53
2026-09-30 15:16:00+00:00,33.485,33.525,33.455,33.5
2026-09-30 15:17:00+00:00,33.515,33.545,33.475,33.48
2026-09-30 15:18:00+00:00,33.61,33.625,33.515,33.515
2026-09-30 15:19:00+00:00,33.545,33.61,33.52,33.61
2026-09-30 15:20:00+00:00,33.59,33.595,33.505,33.545
2026-09-30 15:21:00+00:00,33.595,33.64,33.575,33.595
2026-09-30 15:22:00+00:00,33.63,33.65,33.585,33.595
2026-09-30 15:23:00+00:00,33.57,33.655,33.565,33.635
2026-09-30 15:24:00+00:00,33.545,33.595,33.515,33.565
2026-09-30 15:25:00+00:00,33.555,33.565,33.505,33.545
2026-09-30 15:26:00+00:00,33.465,33.57,33.45,33.555
2026-09-30 15:27:00+00:00,33.375,33.48,33.365,33.47
2026-09-30 15:28:00+00:00,33.375,33.4,33.335,33.375
2026-09-30 15:29:00+00:00,33.355,33.425,33.35,33.37
2026-09-30 15:30:00+00:00,33.325,33.385,33.32,33.355
2026-09-30 15:31:00+00:00,33.285,33.365,33.285,33.325
2026-09-30 15:32:00+00:00,33.28,33.305,33.235,33.285
2026-09-30 15:33:00+00:00,33.31,33.33,33.275,33.28
2026-09-30 15:34:00+00:00,33.42,33.43,33.285,33.31
2026-09-30 15:35:00+00:00,33.425,33.445,33.395,33.425
2026-09-30 15:36:00+00:00,33.47,33.495,33.425,33.425
2026-09-30 15:37:00+00:00,33.435,33.51,33.435,33.465
2026-09-30 15:38:00+00:00,33.415,33.45,33.385,33.435
2026-09-30 15:39:00+00:00,33.355,33.42,33.335,33.415
2026-09-30 15:40:00+00:00,33.385,33.4,33.35,33.355
2026-09-30 15:41:00+00:00,33.385,33.405,33.355,33.385
2026-09-30 15:42:00+00:00,33.385,33.39,33.355,33.38
2026-09-30 15:43:00+00:00,33.505,33.515,33.375,33.385
2026-09-30 15:44:00+00:00,33.535,33.565,33.495,33.505
2026-09-30 15:45:00+00:00,33.515,33.575,33.495,33.535
2026-09-30 15:46:00+00:00,33.555,33.585,33.505,33.515
2026-09-30 15:47:00+00:00,33.505,33.56,33.505,33.555
2026-09-30 15:48:00+00:00,33.435,33.505,33.38,33.505
2026-09-30 15:49:00+00:00,33.275,33.44,33.27,33.435
2026-09-30 15:50:00+00:00,33.335,33.345,33.265,33.275
2026-09-30 15:51:00+00:00,33.38,33.4,33.32,33.335
2026-09-30 15:52:00+00:00,33.43,33.46,33.38,33.38
2026-09-30 15:53:00+00:00,33.345,33.43,33.335,33.425
2026-09-30 15:54:00+00:00,33.435,33.44,33.29,33.345
2026-09-30 15:55:00+00:00,33.465,33.505,33.415,33.435
2026-09-30 15:56:00+00:00,33.425,33.475,33.425,33.465
2026-09-30 15:57:00+00:00,33.355,33.425,33.355,33.425
2026-09-30 15:58:00+00:00,33.355,33.395,33.35,33.355
2026-09-30 15:59:00+00:00,33.37,33.395,33.35,33.355
2026-09-30 16:00:00+00:00,33.395,33.44,33.365,33.37
2026-09-30 16:01:00+00:00,33.415,33.425,33.355,33.4
2026-09-30 16:02:00+00:00,33.385,33.415,33.355,33.415
2026-09-30 16:03:00+00:00,33.395,33.41,33.37,33.385
2026-09-30 16:04:00+00:00,33.385,33.41,33.37,33.395
2026-09-30 16:05:00+00:00,33.385,33.4,33.355,33.385
2026-09-30 16:06:00+00:00,33.37,33.395,33.345,33.385
2026-09-30 16:07:00+00:00,33.385,33.395,33.355,33.37
2026-09-30 16:08:00+00:00,33.385,33.395,33.365,33.385
2026-09-30 16:09:00+00:00,33.335,33.385,33.335,33.385
2026-09-30 16:10:00+00:00,33.355,33.355,33.325,33.335
2026-09-30 16:11:00+00:00,33.355,33.375,33.295,33.355
2026-09-30 16:12:00+00:00,33.405,33.445,33.345,33.35
2026-09-30 16:13:00+00:00,33.375,33.415,33.35,33.405
2026-09-30 16:14:00+00:00,33.315,33.375,33.305,33.375
2026-09-30 16:15:00+00:00,33.365,33.385,33.295,33.31
2026-09-30 16:16:00+00:00,33.405,33.415,33.36,33.365
2026-09-30 16:17:00+00:00,33.5,33.51,33.395,33.4
2026-09-30 16:18:00+00:00,33.475,33.525,33.475,33.495
2026-09-30 16:19:00+00:00,33.485,33.5,33.465,33.475
2026-09-30 16:20:00+00:00,33.525,33.535,33.475,33.485
2026-09-30 16:21:00+00:00,33.545,33.555,33.515,33.525
2026-09-30 16:22:00+00:00,33.485,33.545,33.475,33.545
2026-09-30 16:23:00+00:00,33.505,33.52,33.475,33.485
2026-09-30 16:24:00+00:00,33.545,33.55,33.495,33.505
2026-09-30 16:25:00+00:00,33.545,33.545,33.505,33.545
2026-09-30 16:26:00+00:00,33.515,33.565,33.515,33.545
2026-09-30 16:27:00+00:00,33.535,33.555,33.515,33.515
2026-09-30 16:28:00+00:00,33.55,33.565,33.52,33.535
2026-09-30 16:29:00+00:00,33.575,33.58,33.535,33.55
2026-09-30 16:30:00+00:00,33.625,33.625,33.525,33.575
2026-09-30 16:31:00+00:00,33.625,33.64,33.595,33.625
2026-09-30 16:32:00+00:00,33.665,33.67,33.625,33.625
2026-09-30 16:33:00+00:00,33.665,33.69,33.65,33.665
2026-09-30 16:34:00+00:00,33.665,33.715,33.655,33.665
2026-09-30 16:35:00+00:00,33.645,33.685,33.64,33.665
2026-09-30 16:36:00+00:00,33.645,33.67,33.615,33.645
2026-09-30 16:37:00+00:00,33.595,33.645,33.575,33.645
2026-09-30 16:38:00+00:00,33.525,33.61,33.52,33.595
2026-09-30 16:39:00+00:00,33.535,33.55,33.515,33.52
2026-09-30 16:40:00+00:00,33.525,33.555,33.515,33.535
2026-09-30 16:41:00+00:00,33.475,33.53,33.425,33.525
2026-09-30 16:42:00+00:00,33.505,33.51,33.455,33.47
2026-09-30 16:43:00+00:00,33.455,33.505,33.435,33.505
2026-09-30 16:44:00+00:00,33.445,33.455,33.425,33.455
2026-09-30 16:45:00+00:00,33.485,33.49,33.44,33.445
2026-09-30 16:46:00+00:00,33.465,33.505,33.465,33.485
2026-09-30 16:47:00+00:00,33.44,33.465,33.405,33.465
2026-09-30 16:48:00+00:00,33.455,33.5,33.435,33.44
2026-09-30 16:49:00+00:00,33.44,33.465,33.435,33.455
2026-09-30 16:50:00+00:00,33.405,33.445,33.405,33.435
2026-09-30 16:51:00+00:00,33.435,33.435,33.39,33.405
2026-09-30 16:52:00+00:00,33.435,33.45,33.405,33.435
2026-09-30 16:53:00+00:00,33.455,33.46,33.425,33.435
2026-09-30 16:54:00+00:00,33.455,33.465,33.44,33.455
2026-09-30 16:55:00+00:00,33.455,33.475,33.435,33.455
2026-09-30 16:56:00+00:00,33.435,33.475,33.43,33.455
2026-09-30 16:57:00+00:00,33.395,33.435,33.385,33.43
2026-09-30 16:58:00+00:00,33.37,33.395,33.365,33.395
2026-09-30 16:59:00+00:00,33.365,33.385,33.345,33.37
2026-09-30 17:00:00+00:00,33.375,33.39,33.35,33.365
2026-09-30 17:01:00+00:00,33.335,33.395,33.325,33.37
2026-09-30 17:02:00+00:00,33.375,33.375,33.335,33.335
2026-09-30 17:03:00+00:00,33.365,33.405,33.36,33.375
2026-09-30 17:04:00+00:00,33.375,33.375,33.35,33.365
2026-09-30 17:05:00+00:00,33.375,33.405,33.355,33.375
2026-09-30 17:06:00+00:00,33.375,33.385,33.35,33.375
2026-09-30 17:07:00+00:00,33.345,33.375,33.335,33.375
2026-09-30 17:08:00+00:00,33.335,33.365,33.32,33.345
2026-09-30 17:09:00+00:00,33.325,33.345,33.305,33.335
2026-09-30 17:10:00+00:00,33.305,33.335,33.295,33.325
2026-09-30 17:11:00+00:00,33.295,33.325,33.28,33.305
2026-09-30 17:12:00+00:00,33.365,33.365,33.295,33.295
2026-09-30 17:13:00+00:00,33.425,33.44,33.355,33.365
2026-09-30 17:14:00+00:00,33.395,33.435,33.375,33.425
2026-09-30 17:15:00+00:00,33.52,33.52,33.395,33.395
2026-09-30 17:16:00+00:00,33.505,33.56,33.505,33.52
2026-09-30 17:17:00+00:00,33.455,33.52,33.44,33.505
2026-09-30 17:18:00+00:00,33.465,33.485,33.445,33.45
2026-09-30 17:19:00+00:00,33.515,33.52,33.425,33.465
2026-09-30 17:20:00+00:00,33.535,33.555,33.51,33.515
2026-09-30 17:21:00+00:00,33.445,33.535,33.435,33.53
2026-09-30 17:22:00+00:00,33.485,33.5,33.435,33.445
2026-09-30 17:23:00+00:00,33.495,33.515,33.475,33.485
2026-09-30 17:24:00+00:00,33.505,33.515,33.495,33.495
2026-09-30 17:25:00+00:00,33.545,33.56,33.505,33.505
2026-09-30 17:26:00+00:00,33.615,33.64,33.525,33.545
2026-09-30 17:27:00+00:00,33.575,33.63,33.565,33.615
2026-09-30 17:28:00+00:00,33.525,33.585,33.51,33.575
2026-09-30 17:29:00+00:00,33.505,33.525,33.47,33.52
2026-09-30 17:30:00+00:00,33.475,33.525,33.465,33.505
2026-09-30 17:31:00+00:00,33.455,33.535,33.45,33.475
2026-09-30 17:32:00+00:00,33.425,33.465,33.425,33.455
2026-09-30 17:33:00+00:00,33.455,33.46,33.425,33.425
2026-09-30 17:34:00+00:00,33.485,33.505,33.455,33.455
2026-09-30 17:35:00+00:00,33.465,33.485,33.445,33.485
2026-09-30 17:36:00+00:00,33.475,33.485,33.44,33.465
2026-09-30 17:37:00+00:00,33.505,33.51,33.475,33.475
2026-09-30 17:38:00+00:00,33.455,33.515,33.455,33.5
2026-09-30 17:39:00+00:00,33.385,33.455,33.385,33.455
2026-09-30 17:40:00+00:00,33.385,33.405,33.38,33.385
2026-09-30 17:41:00+00:00,33.385,33.4,33.365,33.385
2026-09-30 17:42:00+00:00,33.375,33.42,33.375,33.385
2026-09-30 17:43:00+00:00,33.375,33.395,33.365,33.375
2026-09-30 17:44:00+00:00,33.38,33.425,33.375,33.375
2026-09-30 17:45:00+00:00,33.395,33.43,33.375,33.375
2026-09-30 17:46:00+00:00,33.395,33.415,33.39,33.395
2026-09-30 17:47:00+00:00,33.34,33.415,33.27,33.395
2026-09-30 17:48:00+00:00,33.275,33.355,33.265,33.335
2026-09-30 17:49:00+00:00,33.245,33.3,33.24,33.275
2026-09-30 17:50:00+00:00,33.265,33.265,33.215,33.245
2026-09-30 17:51:00+00:00,33.245,33.285,33.24,33.26
2026-09-30 17:52:00+00:00,33.245,33.255,33.185,33.245
2026-09-30 17:53:00+00:00,33.25,33.275,33.245,33.245
2026-09-30 17:54:00+00:00,33.24,33.275,33.235,33.25
2026-09-30 17:55:00+00:00,33.225,33.26,33.22,33.245
2026-09-30 17:56:00+00:00,33.175,33.225,33.16,33.225
2026-09-30 17:57:00+00:00,33.215,33.235,33.17,33.175
2026-09-30 17:58:00+00:00,33.205,33.215,33.195,33.215
2026-09-30 17:59:00+00:00,33.185,33.205,33.175,33.205
2026-09-30 18:00:00+00:00,33.235,33.235,33.175,33.185
2026-09-30 18:01:00+00:00,33.25,33.29,33.225,33.235
2026-09-30 18:02:00+00:00,33.235,33.26,33.22,33.25
2026-09-30 18:03:00+00:00,33.225,33.24,33.205,33.235
2026-09-30 18:04:00+00:00,33.215,33.24,33.205,33.225
2026-09-30 18:05:00+00:00,33.235,33.24,33.185,33.215
2026-09-30 18:06:00+00:00,33.275,33.275,33.225,33.235
2026-09-30 18:07:00+00:00,33.235,33.275,33.225,33.275
2026-09-30 18:08:00+00:00,33.215,33.275,33.205,33.235
2026-09-30 18:09:00+00:00,33.185,33.245,33.175,33.215
2026-09-30 18:10:00+00:00,33.185,33.215,33.175,33.19
2026-09-30 18:11:00+00:00,33.13,33.205,33.115,33.185
2026-09-30 18:12:00+00:00,33.095,33.135,33.08,33.125
2026-09-30 18:13:00+00:00,33.125,33.145,33.085,33.095
2026-09-30 18:14:00+00:00,33.115,33.14,33.095,33.125
2026-09-30 18:15:00+00:00,33.115,33.145,33.105,33.115
2026-09-30 18:16:00+00:00,33.145,33.145,33.105,33.115
2026-09-30 18:17:00+00:00,33.18,33.185,33.135,33.145
2026-09-30 18:18:00+00:00,33.135,33.215,33.135,33.185
2026-09-30 18:19:00+00:00,33.135,33.16,33.115,33.135
2026-09-30 18:20:00+00:00,33.145,33.19,33.12,33.135
2026-09-30 18:21:00+00:00,33.185,33.215,33.145,33.145
2026-09-30 18:22:00+00:00,33.185,33.205,33.165,33.185
2026-09-30 18:23:00+00:00,33.175,33.215,33.175,33.185
2026-09-30 18:24:00+00:00,33.205,33.215,33.17,33.175
2026-09-30 18:25:00+00:00,33.235,33.245,33.195,33.205
2026-09-30 18:26:00+00:00,33.195,33.265,33.175,33.24
2026-09-30 18:27:00+00:00,33.205,33.215,33.18,33.195
2026-09-30 18:28:00+00:00,33.14,33.205,33.135,33.205
2026-09-30 18:29:00+00:00,33.125,33.15,33.105,33.14
2026-09-30 18:30:00+00:00,33.125,33.145,33.105,33.125
2026-09-30 18:31:00+00:00,33.195,33.195,33.12,33.125
2026-09-30 18:32:00+00:00,33.185,33.21,33.175,33.195
2026-09-30 18:33:00+00:00,33.205,33.225,33.155,33.18
2026-09-30 18:34:00+00:00,33.205,33.235,33.195,33.205
2026-09-30 18:35:00+00:00,33.175,33.215,33.165,33.205
2026-09-30 18:36:00+00:00,33.165,33.205,33.125,33.175
2026-09-30 18:37:00+00:00,33.165,33.185,33.145,33.165
2026-09-30 18:38:00+00:00,33.155,33.175,33.12,33.165
2026-09-30 18:39:00+00:00,33.095,33.165,33.085,33.155
2026-09-30 18:40:00+00:00,33.125,33.135,33.08,33.095
2026-09-30 18:41:00+00:00,33.145,33.145,33.115,33.125
2026-09-30 18:42:00+00:00,33.125,33.17,33.125,33.14
2026-09-30 18:43:00+00:00,33.135,33.165,33.105,33.125
2026-09-30 18:44:00+00:00,33.175,33.185,33.135,33.135
2026-09-30 18:45:00+00:00,33.185,33.195,33.165,33.18
2026-09-30 18:46:00+00:00,33.185,33.185,33.165,33.185
2026-09-30 18:47:00+00:00,33.195,33.21,33.145,33.185
2026-09-30 18:48:00+00:00,33.275,33.285,33.195,33.195
2026-09-30 18:49:00+00:00,33.315,33.335,33.255,33.275
2026-09-30 18:50:00+00:00,33.315,33.325,33.28,33.315
2026-09-30 18:51:00+00:00,33.325,33.37,33.315,33.315
2026-09-30 18:52:00+00:00,33.325,33.345,33.315,33.325
2026-09-30 18:53:00+00:00,33.375,33.375,33.295,33.33
2026-09-30 18:54:00+00:00,33.325,33.375,33.315,33.375
2026-09-30 18:55:00+00:00,33.305,33.335,33.295,33.33
2026-09-30 18:56:00+00:00,33.295,33.33,33.26,33.31
2026-09-30 18:57:00+00:00,33.215,33.295,33.205,33.295
2026-09-30 18:58:00+00:00,33.2,33.23,33.155,33.215
2026-09-30 18:59:00+00:00,33.235,33.245,33.185,33.2
2026-09-30 19:00:00+00:00,33.215,33.255,33.2,33.235
2026-09-30 19:01:00+00:00,33.145,33.235,33.135,33.215
2026-09-30 19:02:00+00:00,33.125,33.165,33.125,33.145
2026-09-30 19:03:00+00:00,33.085,33.14,33.075,33.125
2026-09-30 19:04:00+00:00,33.045,33.095,33.035,33.085
2026-09-30 19:05:00+00:00,33.035,33.055,33.025,33.04
2026-09-30 19:06:00+00:00,33.085,33.095,33.025,33.035
2026-09-30 19:07:00+00:00,33.045,33.085,33.03,33.085
2026-09-30 19:08:00+00:00,32.985,33.05,32.965,33.045
2026-09-30 19:09:00+00:00,32.965,33.005,32.965,32.985
2026-09-30 19:10:00+00:00,32.95,32.995,32.945,32.965
2026-09-30 19:11:00+00:00,32.975,32.985,32.905,32.95
2026-09-30 19:12:00+00:00,32.965,32.99,32.96,32.975
2026-09-30 19:13:00+00:00,32.935,32.975,32.925,32.965
2026-09-30 19:14:00+00:00,32.895,32.935,32.875,32.935
2026-09-30 19:15:00+00:00,32.935,32.935,32.895,32.895
2026-09-30 19:16:00+00:00,32.955,32.965,32.925,32.935
2026-09-30 19:17:00+00:00,32.975,33.005,32.955,32.955
2026-09-30 19:18:00+00:00,32.965,33.005,32.965,32.975
2026-09-30 19:19:00+00:00,32.945,32.985,32.935,32.97
2026-09-30 19:20:00+00:00,32.965,32.985,32.94,32.945
2026-09-30 19:21:00+00:00,32.985,32.995,32.935,32.965
2026-09-30 19:22:00+00:00,32.995,33.02,32.985,32.985
2026-09-30 19:23:00+00:00,33.015,33.055,32.995,32.995
2026-09-30 19:24:00+00:00,33.0,33.035,32.995,33.015
2026-09-30 19:25:00+00:00,32.935,33.005,32.915,33.0
2026-09-30 19:26:00+00:00,32.915,32.945,32.905,32.935
2026-09-30 19:27:00+00:00,32.935,32.945,32.905,32.915
2026-09-30 19:28:00+00:00,32.885,32.935,32.875,32.935
2026-09-30 19:29:00+00:00,32.925,32.925,32.875,32.885
2026-09-30 19:30:00+00:00,32.825,32.965,32.775,32.925
2026-09-30 19:31:00+00:00,32.785,32.835,32.775,32.82
2026-09-30 19:32:00+00:00,32.745,32.785,32.73,32.785
2026-09-30 19:33:00+00:00,32.755,32.775,32.74,32.745
2026-09-30 19:34:00+00:00,32.735,32.775,32.715,32.755
2026-09-30 19:35:00+00:00,32.645,32.745,32.63,32.735
2026-09-30 19:36:00+00:00,32.715,32.725,32.645,32.645
2026-09-30 19:37:00+00:00,32.785,32.8,32.705,32.715
2026-09-30 19:38:00+00:00,32.825,32.845,32.735,32.785
2026-09-30 19:39:00+00:00,32.76,32.845,32.735,32.825
2026-09-30 19:40:00+00:00,32.745,32.795,32.71,32.76
2026-09-30 19:41:00+00:00,32.805,32.805,32.72,32.745
2026-09-30 19:42:00+00:00,32.865,32.88,32.8,32.805
2026-09-30 19:43:00+00:00,32.815,32.9,32.81,32.865
2026-09-30 19:44:00+00:00,32.795,32.815,32.775,32.815
2026-09-30 19:45:00+00:00,32.745,32.81,32.745,32.795
2026-09-30 19:46:00+00:00,32.765,32.775,32.745,32.745
2026-09-30 19:47:00+00:00,32.705,32.765,32.705,32.765
2026-09-30 19:48:00+00:00,32.685,32.715,32.635,32.705
2026-09-30 19:49:00+00:00,32.675,32.69,32.655,32.685
2026-09-30 19:50:00+00:00,32.865,32.88,32.675,32.675
2026-09-30 19:51:00+00:00,32.905,32.97,32.865,32.865
2026-09-30 19:52:00+00:00,32.835,32.91,32.83,32.905
2026-09-30 19:53:00+00:00,32.795,32.865,32.74,32.835
2026-09-30 19:54:00+00:00,32.935,32.945,32.765,32.8
2026-09-30 19:55:00+00:00,32.945,33.085,32.905,32.935
2026-09-30 19:56:00+00:00,32.985,33.02,32.935,32.945
2026-09-30 19:57:00+00:00,32.945,33.0,32.905,32.985
2026-09-30 19:58:00+00:00,33.005,33.095,32.945,32.945
2026-09-30 19:59:00+00:00,33.125,33.165,32.935,33.005
2026-10-01 13:30:00+00:00,33.06,33.185,32.73,32.88
2026-10-01 13:31:00+00:00,33.005,33.13,32.805,33.06
2026-10-01 13:32:00+00:00,32.775,33.035,32.71,33.005
2026-10-01 13:33:00+00:00,32.45,32.775,32.36,32.775
2026-10-01 13:34:00+00:00,32.605,32.675,32.425,32.445
2026-10-01 13:35:00+00:00,33.25,33.28,32.555,32.61
2026-10-01 13:36:00+00:00,33.035,33.505,32.975,33.25
2026-10-01 13:37:00+00:00,32.67,33.1,32.64,33.035
2026-10-01 13:38:00+00:00,32.605,32.82,32.565,32.67
2026-10-01 13:39:00+00:00,32.54,32.63,32.435,32.605
2026-10-01 13:40:00+00:00,32.53,32.57,32.42,32.535
2026-10-01 13:41:00+00:00,32.75,32.775,32.425,32.52
2026-10-01 13:42:00+00:00,32.95,33.015,32.6,32.75
2026-10-01 13:43:00+00:00,32.92,33.07,32.915,32.95
2026-10-01 13:44:00+00:00,32.86,32.975,32.8,32.92
2026-10-01 13:45:00+00:00,32.99,33.09,32.595,32.865
2026-10-01 13:46:00+00:00,32.94,33.02,32.8,32.99
2026-10-01 13:47:00+00:00,33.015,33.025,32.89,32.94
2026-10-01 13:48:00+00:00,32.885,33.11,32.85,33.015
2026-10-01 13:49:00+00:00,32.92,33.015,32.79,32.885
2026-10-01 13:50:00+00:00,32.785,32.95,32.755,32.92
2026-10-01 13:51:00+00:00,33.03,33.105,32.775,32.785
2026-10-01 13:52:00+00:00,33.03,33.19,33.02,33.03
2026-10-01 13:53:00+00:00,32.835,33.055,32.81,33.03
2026-10-01 13:54:00+00:00,32.825,32.895,32.785,32.835
2026-10-01 13:55:00+00:00,32.77,32.83,32.69,32.825
2026-10-01 13:56:00+00:00,32.86,33.07,32.77,32.77
2026-10-01 13:57:00+00:00,32.81,32.94,32.805,32.865
2026-10-01 13:58:00+00:00,32.88,32.93,32.81,32.81
2026-10-01 13:59:00+00:00,32.94,32.95,32.845,32.875
2026-10-01 14:00:00+00:00,33.25,33.26,32.88,32.935
2026-10-01 14:01:00+00:00,33.44,33.445,33.18,33.25
2026-10-01 14:02:00+00:00,33.34,33.49,33.285,33.44
2026-10-01 14:03:00+00:00,33.405,33.535,33.26,33.31
2026-10-01 14:04:00+00:00,33.475,33.48,33.265,33.405
2026-10-01 14:05:00+00:00,33.605,33.77,33.415,33.475
2026-10-01 14:06:00+00:00,33.68,33.77,33.52,33.605
2026-10-01 14:07:00+00:00,33.565,33.69,33.505,33.68
2026-10-01 14:08:00+00:00,33.36,33.575,33.255,33.565
2026-10-01 14:09:00+00:00,33.245,33.45,33.245,33.355
2026-10-01 14:10:00+00:00,33.215,33.305,33.15,33.25
2026-10-01 14:11:00+00:00,33.375,33.395,33.205,33.22
2026-10-01 14:12:00+00:00,33.4,33.415,33.24,33.375
2026-10-01 14:13:00+00:00,33.44,33.55,33.34,33.4
2026-10-01 14:14:00+00:00,33.31,33.455,33.31,33.445
2026-10-01 14:15:00+00:00,33.415,33.445,33.25,33.315
2026-10-01 14:16:00+00:00,33.385,33.47,33.32,33.415
2026-10-01 14:17:00+00:00,33.375,33.455,33.3,33.385
2026-10-01 14:18:00+00:00,33.4,33.49,33.38,33.38
2026-10-01 14:19:00+00:00,33.545,33.635,33.395,33.4
2026-10-01 14:20:00+00:00,33.535,33.64,33.47,33.545
2026-10-01 14:21:00+00:00,33.555,33.6,33.385,33.535
2026-10-01 14:22:00+00:00,33.79,33.815,33.525,33.555
2026-10-01 14:23:00+00:00,33.675,33.885,33.635,33.785
2026-10-01 14:24:00+00:00,33.615,33.685,33.565,33.68
2026-10-01 14:25:00+00:00,33.545,33.64,33.44,33.61
2026-10-01 14:26:00+00:00,33.41,33.57,33.36,33.545
2026-10-01 14:27:00+00:00,33.29,33.465,33.255,33.415
2026-10-01 14:28:00+00:00,33.375,33.5,33.255,33.29
2026-10-01 14:29:00+00:00,33.315,33.375,33.275,33.375
2026-10-01 14:30:00+00:00,33.25,33.375,33.21,33.31
2026-10-01 14:31:00+00:00,33.225,33.395,33.175,33.25
2026-10-01 14:32:00+00:00,33.155,33.25,33.11,33.225
2026-10-01 14:33:00+00:00,33.025,33.16,33.015,33.155
2026-10-01 14:34:00+00:00,32.895,33.08,32.895,33.02
2026-10-01 14:35:00+00:00,32.965,33.005,32.885,32.895
2026-10-01 14:36:00+00:00,32.875,33.025,32.855,32.965
2026-10-01 14:37:00+00:00,32.81,32.875,32.765,32.875
2026-10-01 14:38:00+00:00,32.695,32.865,32.675,32.81
2026-10-01 14:39:00+00:00,32.545,32.695,32.525,32.695
2026-10-01 14:40:00+00:00,32.71,32.735,32.535,32.545
2026-10-01 14:41:00+00:00,32.805,32.865,32.69,32.715
2026-10-01 14:42:00+00:00,32.755,32.83,32.69,32.805
2026-10-01 14:43:00+00:00,32.765,32.805,32.695,32.755
2026-10-01 14:44:00+00:00,32.835,32.93,32.75,32.765
2026-10-01 14:45:00+00:00,32.595,32.855,32.585,32.835
2026-10-01 14:46:00+00:00,32.625,32.675,32.535,32.6
2026-10-01 14:47:00+00:00,32.755,32.765,32.625,32.625
2026-10-01 14:48:00+00:00,32.73,32.77,32.68,32.755
2026-10-01 14:49:00+00:00,32.605,32.76,32.575,32.73
2026-10-01 14:50:00+00:00,32.75,32.815,32.545,32.6
2026-10-01 14:51:00+00:00,32.8,32.815,32.655,32.75
2026-10-01 14:52:00+00:00,32.865,32.945,32.755,32.8
2026-10-01 14:53:00+00:00,32.86,32.905,32.75,32.865
2026-10-01 14:54:00+00:00,32.805,32.95,32.77,32.86
2026-10-01 14:55:00+00:00,32.835,32.84,32.735,32.805
2026-10-01 14:56:00+00:00,32.83,32.885,32.805,32.835
2026-10-01 14:57:00+00:00,32.825,32.895,32.785,32.83
2026-10-01 14:58:00+00:00,32.775,32.845,32.565,32.825
2026-10-01 14:59:00+00:00,32.835,32.93,32.765,32.775
2026-10-01 15:00:00+00:00,32.985,32.985,32.825,32.835
2026-10-01 15:01:00+00:00,33.06,33.115,32.975,32.985
2026-10-01 15:02:00+00:00,33.115,33.115,33.005,33.06
2026-10-01 15:03:00+00:00,33.125,33.165,33.05,33.115
2026-10-01 15:04:00+00:00,33.03,33.155,33.015,33.125
2026-10-01 15:05:00+00:00,33.015,33.06,32.935,33.035
2026-10-01 15:06:00+00:00,33.095,33.105,33.005,33.015
2026-10-01 15:07:00+00:00,33.205,33.21,33.04,33.095
2026-10-01 15:08:00+00:00,33.295,33.365,33.195,33.205
2026-10-01 15:09:00+00:00,33.295,33.305,33.215,33.295
2026-10-01 15:10:00+00:00,33.355,33.385,33.295,33.3
2026-10-01 15:11:00+00:00,33.345,33.44,33.285,33.355
2026-10-01 15:12:00+00:00,33.32,33.395,33.31,33.345
2026-10-01 15:13:00+00:00,33.22,33.325,33.185,33.32
2026-10-01 15:14:00+00:00,33.095,33.25,33.09,33.22
2026-10-01 15:15:00+00:00,33.035,33.175,33.005,33.095
2026-10-01 15:16:00+00:00,32.955,33.035,32.905,33.035
2026-10-01 15:17:00+00:00,32.775,32.985,32.775,32.955
2026-10-01 15:18:00+00:00,32.825,32.855,32.755,32.775
2026-10-01 15:19:00+00:00,32.775,32.835,32.72,32.825
2026-10-01 15:20:00+00:00,32.85,32.88,32.715,32.775
2026-10-01 15:21:00+00:00,32.855,32.945,32.815,32.85
2026-10-01 15:22:00+00:00,32.87,32.895,32.815,32.855
2026-10-01 15:23:00+00:00,32.855,32.89,32.805,32.865
2026-10-01 15:24:00+00:00,32.845,32.87,32.805,32.855
2026-10-01 15:25:00+00:00,32.805,32.875,32.795,32.845
2026-10-01 15:26:00+00:00,32.705,32.855,32.705,32.805
2026-10-01 15:27:00+00:00,32.68,32.71,32.635,32.705
2026-10-01 15:28:00+00:00,32.755,32.755,32.615,32.675
2026-10-01 15:29:00+00:00,32.795,32.805,32.72,32.755
2026-10-01 15:30:00+00:00,32.825,32.835,32.765,32.795
2026-10-01 15:31:00+00:00,32.915,32.93,32.82,32.825
2026-10-01 15:32:00+00:00,32.96,32.99,32.895,32.915
2026-10-01 15:33:00+00:00,32.975,33.02,32.91,32.96
2026-10-01 15:34:00+00:00,33.115,33.115,32.96,32.975
2026-10-01 15:35:00+00:00,33.21,33.21,33.115,33.115
2026-10-01 15:36:00+00:00,33.105,33.215,33.085,33.21
2026-10-01 15:37:00+00:00,33.075,33.135,33.065,33.105
2026-10-01 15:38:00+00:00,32.975,33.1,32.965,33.075
2026-10-01 15:39:00+00:00,33.015,33.015,32.89,32.975
2026-10-01 15:40:00+00:00,33.105,33.11,32.975,33.01
2026-10-01 15:41:00+00:00,33.17,33.195,33.055,33.105
2026-10-01 15:42:00+00:00,33.095,33.205,33.085,33.17
2026-10-01 15:43:00+00:00,33.18,33.195,33.095,33.095
2026-10-01 15:44:00+00:00,33.125,33.245,33.115,33.18
2026-10-01 15:45:00+00:00,33.095,33.165,33.085,33.125
2026-10-01 15:46:00+00:00,33.17,33.175,33.06,33.095
2026-10-01 15:47:00+00:00,33.135,33.205,33.12,33.17
2026-10-01 15:48:00+00:00,33.065,33.185,33.035,33.135
2026-10-01 15:49:00+00:00,32.965,33.11,32.935,33.065
2026-10-01 15:50:00+00:00,33.045,33.05,32.92,32.965
2026-10-01 15:51:00+00:00,33.105,33.115,33.04,33.045
2026-10-01 15:52:00+00:00,33.065,33.125,33.055,33.105
2026-10-01 15:53:00+00:00,33.075,33.13,33.055,33.075
2026-10-01 15:54:00+00:00,32.965,33.095,32.925,33.075
2026-10-01 15:55:00+00:00,32.835,32.975,32.815,32.965
2026-10-01 15:56:00+00:00,32.745,32.865,32.64,32.835
2026-10-01 15:57:00+00:00,32.745,32.775,32.68,32.745
2026-10-01 15:58:00+00:00,32.845,32.915,32.735,32.745
2026-10-01 15:59:00+00:00,32.765,32.855,32.745,32.845
2026-10-01 16:00:00+00:00,32.795,32.91,32.745,32.76
2026-10-01 16:01:00+00:00,32.795,32.81,32.73,32.795
2026-10-01 16:02:00+00:00,32.775,32.845,32.76,32.795
2026-10-01 16:03:00+00:00,32.77,32.785,32.72,32.775
2026-10-01 16:04:00+00:00,32.805,32.825,32.725,32.765
2026-10-01 16:05:00+00:00,32.895,32.92,32.805,32.805
2026-10-01 16:06:00+00:00,32.725,32.92,32.715,32.895
2026-10-01 16:07:00+00:00,32.835,32.845,32.705,32.72
2026-10-01 16:08:00+00:00,32.795,32.835,32.725,32.835
2026-10-01 16:09:00+00:00,32.835,32.875,32.79,32.795
2026-10-01 16:10:00+00:00,32.795,32.84,32.745,32.835
2026-10-01 16:11:00+00:00,32.8,32.805,32.74,32.795
2026-10-01 16:12:00+00:00,32.835,32.875,32.765,32.795
2026-10-01 16:13:00+00:00,32.905,32.91,32.835,32.835
2026-10-01 16:14:00+00:00,32.895,32.945,32.885,32.905
2026-10-01 16:15:00+00:00,32.835,32.91,32.805,32.895
2026-10-01 16:16:00+00:00,32.795,32.865,32.785,32.835
2026-10-01 16:17:00+00:00,32.705,32.825,32.685,32.795
2026-10-01 16:18:00+00:00,32.715,32.715,32.645,32.7
2026-10-01 16:19:00+00:00,32.69,32.765,32.66,32.715
2026-10-01 16:20:00+00:00,32.725,32.785,32.685,32.69
2026-10-01 16:21:00+00:00,32.75,32.765,32.715,32.725
2026-10-01 16:22:00+00:00,32.745,32.785,32.715,32.75
2026-10-01 16:23:00+00:00,32.765,32.835,32.745,32.745
2026-10-01 16:24:00+00:00,32.715,32.8,32.705,32.77
2026-10-01 16:25:00+00:00,32.735,32.755,32.7,32.715
2026-10-01 16:26:00+00:00,32.755,32.755,32.715,32.73
2026-10-01 16:27:00+00:00,32.695,32.77,32.675,32.755
2026-10-01 16:28:00+00:00,32.755,32.765,32.685,32.695
2026-10-01 16:29:00+00:00,32.805,32.815,32.745,32.755
2026-10-01 16:30:00+00:00,32.715,32.82,32.685,32.805
2026-10-01 16:31:00+00:00,32.665,32.715,32.63,32.715
2026-10-01 16:32:00+00:00,32.595,32.685,32.595,32.665
2026-10-01 16:33:00+00:00,32.565,32.605,32.545,32.595
2026-10-01 16:34:00+00:00,32.555,32.62,32.545,32.565
2026-10-01 16:35:00+00:00,32.575,32.6,32.55,32.56
2026-10-01 16:36:00+00:00,32.535,32.595,32.535,32.575
2026-10-01 16:37:00+00:00,32.6,32.6,32.485,32.535
2026-10-01 16:38:00+00:00,32.655,32.685,32.6,32.6
2026-10-01 16:39:00+00:00,32.715,32.73,32.635,32.66
2026-10-01 16:40:00+00:00,32.625,32.715,32.625,32.715
2026-10-01 16:41:00+00:00,32.675,32.695,32.625,32.625
2026-10-01 16:42:00+00:00,32.655,32.705,32.625,32.675
2026-10-01 16:43:00+00:00,32.575,32.655,32.555,32.655
2026-10-01 16:44:00+00:00,32.615,32.655,32.57,32.575
2026-10-01 16:45:00+00:00,32.575,32.62,32.565,32.615
2026-10-01 16:46:00+00:00,32.565,32.595,32.525,32.575
2026-10-01 16:47:00+00:00,32.545,32.585,32.525,32.565
2026-10-01 16:48:00+00:00,32.555,32.575,32.515,32.545
2026-10-01 16:49:00+00:00,32.56,32.595,32.55,32.555
2026-10-01 16:50:00+00:00,32.585,32.625,32.535,32.565
2026-10-01 16:51:00+00:00,32.685,32.69,32.585,32.585
2026-10-01 16:52:00+00:00,32.665,32.695,32.645,32.685
2026-10-01 16:53:00+00:00,32.745,32.755,32.645,32.665
2026-10-01 16:54:00+00:00,32.835,32.845,32.745,32.75
2026-10-01 16:55:00+00:00,32.945,32.95,32.805,32.835
2026-10-01 16:56:00+00:00,32.935,32.995,32.91,32.945
2026-10-01 16:57:00+00:00,32.88,32.955,32.865,32.935
2026-10-01 16:58:00+00:00,32.875,32.93,32.875,32.88
2026-10-01 16:59:00+00:00,32.805,32.885,32.785,32.875
2026-10-01 17:00:00+00:00,32.845,32.865,32.78,32.805
2026-10-01 17:01:00+00:00,32.785,32.855,32.775,32.845
2026-10-01 17:02:00+00:00,32.665,32.785,32.645,32.775
2026-10-01 17:03:00+00:00,32.715,32.73,32.64,32.665
2026-10-01 17:04:00+00:00,32.665,32.745,32.655,32.715
2026-10-01 17:05:00+00:00,32.625,32.675,32.595,32.665
2026-10-01 17:06:00+00:00,32.61,32.635,32.555,32.62
2026-10-01 17:07:00+00:00,32.625,32.635,32.59,32.61
2026-10-01 17:08:00+00:00,32.635,32.64,32.595,32.625
2026-10-01 17:09:00+00:00,32.665,32.695,32.63,32.635
2026-10-01 17:10:00+00:00,32.565,32.665,32.56,32.665
2026-10-01 17:11:00+00:00,32.475,32.565,32.475,32.565
2026-10-01 17:12:00+00:00,32.455,32.495,32.445,32.475
2026-10-01 17:13:00+00:00,32.415,32.475,32.4,32.46
2026-10-01 17:14:00+00:00,32.465,32.475,32.36,32.415
2026-10-01 17:15:00+00:00,32.415,32.485,32.405,32.475
2026-10-01 17:16:00+00:00,32.355,32.44,32.34,32.415
2026-10-01 17:17:00+00:00,32.265,32.355,32.265,32.355
2026-10-01 17:18:00+00:00,32.265,32.295,32.225,32.265
2026-10-01 17:19:00+00:00,32.205,32.265,32.18,32.265
2026-10-01 17:20:00+00:00,32.085,32.205,32.065,32.205
2026-10-01 17:21:00+00:00,32.035,32.135,32.03,32.085
2026-10-01 17:22:00+00:00,31.965,32.055,31.965,32.035
2026-10-01 17:23:00+00:00,31.915,31.985,31.905,31.965
2026-10-01 17:24:00+00:00,31.805,31.925,31.8,31.91
2026-10-01 17:25:00+00:00,31.745,31.82,31.675,31.805
2026-10-01 17:26:00+00:00,31.725,31.855,31.725,31.745
2026-10-01 17:27:00+00:00,31.615,31.755,31.6,31.725
2026-10-01 17:28:00+00:00,31.63,31.655,31.59,31.615
2026-10-01 17:29:00+00:00,31.645,31.695,31.615,31.63
2026-10-01 17:30:00+00:00,31.43,31.645,31.29,31.645
2026-10-01 17:31:00+00:00,31.36,31.475,31.335,31.43
2026-10-01 17:32:00+00:00,31.505,31.545,31.285,31.36
2026-10-01 17:33:00+00:00,31.435,31.515,31.39,31.505
2026-10-01 17:34:00+00:00,31.415,31.475,31.375,31.435
2026-10-01 17:35:00+00:00,31.625,31.625,31.415,31.415
2026-10-01 17:36:00+00:00,31.545,31.665,31.52,31.625
2026-10-01 17:37:00+00:00,31.585,31.62,31.525,31.545
2026-10-01 17:38:00+00:00,31.575,31.625,31.525,31.585
2026-10-01 17:39:00+00:00,31.595,31.635,31.545,31.575
2026-10-01 17:40:00+00:00,31.56,31.62,31.54,31.595
2026-10-01 17:41:00+00:00,31.485,31.625,31.47,31.56
2026-10-01 17:42:00+00:00,31.455,31.53,31.455,31.485
2026-10-01 17:43:00+00:00,31.44,31.48,31.41,31.455
2026-10-01 17:44:00+00:00,31.395,31.445,31.38,31.44
2026-10-01 17:45:00+00:00,31.245,31.4,31.24,31.395
2026-10-01 17:46:00+00:00,31.155,31.33,31.145,31.245
2026-10-01 17:47:00+00:00,31.245,31.245,31.105,31.155
2026-10-01 17:48:00+00:00,31.285,31.335,31.245,31.245
2026-10-01 17:49:00+00:00,31.32,31.32,31.21,31.285
2026-10-01 17:50:00+00:00,31.435,31.445,31.305,31.32
2026-10-01 17:51:00+00:00,31.395,31.46,31.385,31.435
2026-10-01 17:52:00+00:00,31.295,31.405,31.285,31.395
2026-10-01 17:53:00+00:00,31.365,31.385,31.29,31.295
2026-10-01 17:54:00+00:00,31.545,31.585,31.355,31.365
2026-10-01 17:55:00+00:00,31.535,31.62,31.465,31.545
2026-10-01 17:56:00+00:00,31.605,31.67,31.47,31.535
2026-10-01 17:57:00+00:00,31.745,31.76,31.595,31.605
2026-10-01 17:58:00+00:00,31.705,31.745,31.635,31.745
2026-10-01 17:59:00+00:00,31.655,31.775,31.63,31.705
2026-10-01 18:00:00+00:00,31.835,31.86,31.605,31.655
2026-10-01 18:01:00+00:00,31.86,31.935,31.835,31.84
2026-10-01 18:02:00+00:00,31.84,31.905,31.825,31.86
2026-10-01 18:03:00+00:00,31.965,31.965,31.78,31.845
2026-10-01 18:04:00+00:00,31.94,32.01,31.905,31.96
2026-10-01 18:05:00+00:00,32.12,32.135,31.915,31.94
2026-10-01 18:06:00+00:00,32.195,32.205,32.085,32.12
2026-10-01 18:07:00+00:00,32.145,32.215,32.12,32.19
2026-10-01 18:08:00+00:00,32.26,32.265,32.135,32.145
2026-10-01 18:09:00+00:00,32.235,32.28,32.19,32.26
2026-10-01 18:10:00+00:00,32.29,32.34,32.195,32.235
2026-10-01 18:11:00+00:00,32.25,32.285,32.195,32.285
2026-10-01 18:12:00+00:00,32.1,32.255,32.095,32.25
2026-10-01 18:13:00+00:00,32.015,32.105,31.975,32.1
2026-10-01 18:14:00+00:00,32.135,32.17,32.015,32.015
2026-10-01 18:15:00+00:00,32.145,32.155,32.055,32.135
2026-10-01 18:16:00+00:00,32.195,32.215,32.125,32.15
2026-10-01 18:17:00+00:00,32.135,32.2,32.115,32.195
2026-10-01 18:18:00+00:00,31.965,32.15,31.94,32.13
2026-10-01 18:19:00+00:00,32.045,32.07,31.955,31.96
2026-10-01 18:20:00+00:00,32.025,32.085,32.015,32.045
2026-10-01 18:21:00+00:00,31.955,32.035,31.95,32.025
2026-10-01 18:22:00+00:00,31.895,32.025,31.885,31.955
2026-10-01 18:23:00+00:00,31.725,31.92,31.71,31.895
2026-10-01 18:24:00+00:00,31.735,31.785,31.665,31.725
2026-10-01 18:25:00+00:00,31.705,31.775,31.69,31.735
2026-10-01 18:26:00+00:00,31.695,31.735,31.665,31.705
2026-10-01 18:27:00+00:00,31.695,31.735,31.675,31.695
2026-10-01 18:28:00+00:00,31.665,31.7,31.595,31.695
2026-10-01 18:29:00+00:00,31.665,31.685,31.595,31.665
2026-10-01 18:30:00+00:00,31.715,31.745,31.63,31.665
2026-10-01 18:31:00+00:00,31.705,31.725,31.67,31.715
2026-10-01 18:32:00+00:00,31.665,31.73,31.63,31.7
2026-10-01 18:33:00+00:00,31.605,31.665,31.595,31.665
2026-10-01 18:34:00+00:00,31.445,31.645,31.43,31.605
2026-10-01 18:35:00+00:00,31.445,31.495,31.405,31.45
2026-10-01 18:36:00+00:00,31.445,31.525,31.435,31.44
2026-10-01 18:37:00+00:00,31.56,31.565,31.445,31.445
2026-10-01 18:38:00+00:00,31.62,31.64,31.555,31.565
2026-10-01 18:39:00+00:00,31.575,31.625,31.565,31.62
2026-10-01 18:40:00+00:00,31.595,31.605,31.54,31.575
2026-10-01 18:41:00+00:00,31.625,31.63,31.565,31.595
2026-10-01 18:42:00+00:00,31.675,31.685,31.605,31.625
2026-10-01 18:43:00+00:00,31.685,31.705,31.65,31.675
2026-10-01 18:44:00+00:00,31.64,31.695,31.63,31.685
2026-10-01 18:45:00+00:00,31.615,31.655,31.585,31.635
2026-10-01 18:46:00+00:00,31.535,31.625,31.535,31.61
2026-10-01 18:47:00+00:00,31.525,31.565,31.515,31.535
2026-10-01 18:48:00+00:00,31.535,31.545,31.515,31.525
2026-10-01 18:49:00+00:00,31.525,31.545,31.495,31.535
2026-10-01 18:50:00+00:00,31.545,31.565,31.485,31.525
2026-10-01 18:51:00+00:00,31.555,31.595,31.545,31.545
2026-10-01 18:52:00+00:00,31.515,31.555,31.495,31.555
2026-10-01 18:53:00+00:00,31.52,31.545,31.49,31.52
2026-10-01 18:54:00+00:00,31.525,31.565,31.505,31.52
2026-10-01 18:55:00+00:00,31.505,31.555,31.49,31.525
2026-10-01 18:56:00+00:00,31.51,31.525,31.485,31.505
2026-10-01 18:57:00+00:00,31.505,31.535,31.5,31.51
2026-10-01 18:58:00+00:00,31.395,31.51,31.395,31.505
2026-10-01 18:59:00+00:00,31.395,31.455,31.385,31.395
2026-10-01 19:00:00+00:00,31.455,31.455,31.355,31.395
2026-10-01 19:01:00+00:00,31.55,31.575,31.435,31.455
2026-10-01 19:02:00+00:00,31.665,31.67,31.525,31.55
2026-10-01 19:03:00+00:00,31.725,31.745,31.655,31.665
2026-10-01 19:04:00+00:00,31.675,31.77,31.665,31.725
2026-10-01 19:05:00+00:00,31.715,31.73,31.655,31.675
2026-10-01 19:06:00+00:00,31.725,31.755,31.7,31.715
2026-10-01 19:07:00+00:00,31.655,31.725,31.605,31.725
2026-10-01 19:08:00+00:00,31.645,31.665,31.635,31.655
2026-10-01 19:09:00+00:00,31.66,31.695,31.635,31.645
2026-10-01 19:10:00+00:00,31.715,31.715,31.625,31.66
2026-10-01 19:11:00+00:00,31.725,31.765,31.675,31.715
2026-10-01 19:12:00+00:00,31.825,31.825,31.72,31.725
2026-10-01 19:13:00+00:00,31.845,31.87,31.815,31.825
2026-10-01 19:14:00+00:00,31.875,31.895,31.845,31.845
2026-10-01 19:15:00+00:00,31.815,31.9,31.8,31.875
2026-10-01 19:16:00+00:00,31.865,31.875,31.805,31.815
2026-10-01 19:17:00+00:00,31.865,31.915,31.835,31.86
2026-10-01 19:18:00+00:00,31.825,31.895,31.825,31.865
2026-10-01 19:19:00+00:00,31.825,31.835,31.775,31.825
2026-10-01 19:20:00+00:00,31.795,31.865,31.79,31.825
2026-10-01 19:21:00+00:00,31.765,31.795,31.74,31.795
2026-10-01 19:22:00+00:00,31.795,31.82,31.755,31.765
2026-10-01 19:23:00+00:00,31.775,31.8,31.745,31.795
2026-10-01 19:24:00+00:00,31.855,31.875,31.765,31.775
2026-10-01 19:25:00+00:00,31.785,31.865,31.785,31.85
2026-10-01 19:26:00+00:00,31.725,31.795,31.705,31.785
2026-10-01 19:27:00+00:00,31.785,31.795,31.725,31.725
2026-10-01 19:28:00+00:00,31.775,31.795,31.755,31.785
2026-10-01 19:29:00+00:00,31.795,31.82,31.765,31.775
2026-10-01 19:30:00+00:00,31.765,31.81,31.68,31.795
2026-10-01 19:31:00+00:00,31.745,31.765,31.645,31.765
2026-10-01 19:32:00+00:00,31.775,31.805,31.73,31.745
2026-10-01 19:33:00+00:00,31.785,31.81,31.765,31.78
2026-10-01 19:34:00+00:00,31.845,31.88,31.785,31.785
2026-10-01 19:35:00+00:00,31.835,31.88,31.815,31.845
2026-10-01 19:36:00+00:00,31.845,31.865,31.805,31.835
2026-10-01 19:37:00+00:00,31.825,31.855,31.805,31.845
2026-10-01 19:38:00+00:00,31.775,31.825,31.77,31.825
2026-10-01 19:39:00+00:00,31.735,31.795,31.725,31.78
2026-10-01 19:40:00+00:00,31.685,31.755,31.68,31.735
2026-10-01 19:41:00+00:00,31.645,31.695,31.615,31.685
2026-10-01 19:42:00+00:00,31.685,31.685,31.63,31.645
2026-10-01 19:43:00+00:00,31.665,31.7,31.655,31.685
2026-10-01 19:44:00+00:00,31.675,31.68,31.645,31.665
2026-10-01 19:45:00+00:00,31.545,31.7,31.545,31.675
2026-10-01 19:46:00+00:00,31.515,31.565,31.5,31.545
2026-10-01 19:47:00+00:00,31.565,31.585,31.51,31.515
2026-10-01 19:48:00+00:00,31.525,31.585,31.525,31.565
2026-10-01 19:49:00+00:00,31.525,31.55,31.515,31.525
2026-10-01 19:50:00+00:00,31.475,31.545,31.42,31.525
2026-10-01 19:51:00+00:00,31.485,31.505,31.425,31.475
2026-10-01 19:52:00+00:00,31.405,31.485,31.365,31.485
2026-10-01 19:53:00+00:00,31.475,31.475,31.405,31.405
2026-10-01 19:54:00+00:00,31.615,31.62,31.455,31.475
2026-10-01 19:55:00+00:00,31.605,31.715,31.565,31.615
2026-10-01 19:56:00+00:00,31.66,31.695,31.59,31.605
2026-10-01 19:57:00+00:00,31.585,31.675,31.58,31.66
2026-10-01 19:58:00+00:00,31.655,31.68,31.585,31.59
2026-10-01 19:59:00+00:00,31.765,31.81,31.66,31.66
2026-10-02 13:30:00+00:00,29.705,29.705,29.365,29.395
2026-10-02 13:31:00+00:00,29.745,29.855,29.61,29.705
2026-10-02 13:32:00+00:00,29.735,29.88,29.6,29.745
2026-10-02 13:33:00+00:00,29.65,29.82,29.495,29.74
2026-10-02 13:34:00+00:00,29.415,29.655,29.4,29.65
2026-10-02 13:35:00+00:00,29.52,29.555,29.285,29.415
2026-10-02 13:36:00+00:00,29.34,29.73,29.33,29.52
2026-10-02 13:37:00+00:00,29.22,29.345,29.21,29.34
2026-10-02 13:38:00+00:00,29.285,29.295,29.155,29.22
2026-10-02 13:39:00+00:00,29.215,29.405,29.155,29.285
2026-10-02 13:40:00+00:00,29.185,29.285,29.135,29.215
2026-10-02 13:41:00+00:00,29.19,29.345,29.125,29.19
2026-10-02 13:42:00+00:00,29.14,29.275,29.125,29.19
2026-10-02 13:43:00+00:00,29.085,29.165,28.975,29.145
2026-10-02 13:44:00+00:00,29.035,29.165,29.025,29.085
2026-10-02 13:45:00+00:00,28.905,29.085,28.825,29.03
2026-10-02 13:46:00+00:00,28.95,29.06,28.895,28.905
2026-10-02 13:47:00+00:00,28.895,28.965,28.865,28.95
2026-10-02 13:48:00+00:00,29.02,29.13,28.865,28.895
2026-10-02 13:49:00+00:00,28.985,29.16,28.965,29.025
2026-10-02 13:50:00+00:00,29.025,29.09,28.935,28.985
2026-10-02 13:51:00+00:00,29.01,29.085,28.97,29.025
2026-10-02 13:52:00+00:00,28.895,29.015,28.88,29.01
2026-10-02 13:53:00+00:00,28.785,28.95,28.74,28.895
2026-10-02 13:54:00+00:00,28.905,28.935,28.68,28.785
2026-10-02 13:55:00+00:00,29.015,29.155,28.9,28.905
2026-10-02 13:56:00+00:00,29.115,29.185,29.005,29.015
2026-10-02 13:57:00+00:00,28.895,29.19,28.825,29.12
2026-10-02 13:58:00+00:00,28.775,28.91,28.77,28.895
2026-10-02 13:59:00+00:00,28.84,28.895,28.765,28.775
2026-10-02 14:00:00+00:00,28.89,28.985,28.79,28.84
2026-10-02 14:01:00+00:00,28.755,28.915,28.725,28.89
2026-10-02 14:02:00+00:00,28.675,28.765,28.63,28.755
2026-10-02 14:03:00+00:00,28.59,28.685,28.585,28.675
2026-10-02 14:04:00+00:00,28.505,28.625,28.495,28.59
2026-10-02 14:05:00+00:00,28.665,28.67,28.46,28.505
2026-10-02 14:06:00+00:00,28.64,28.685,28.535,28.665
2026-10-02 14:07:00+00:00,28.725,28.74,28.61,28.635
2026-10-02 14:08:00+00:00,28.785,28.84,28.705,28.725
2026-10-02 14:09:00+00:00,28.905,28.915,28.785,28.79
2026-10-02 14:10:00+00:00,28.83,28.94,28.765,28.905
2026-10-02 14:11:00+00:00,28.93,28.97,28.825,28.83
2026-10-02 14:12:00+00:00,28.835,28.94,28.825,28.925
2026-10-02 14:13:00+00:00,28.84,28.89,28.8,28.835
2026-10-02 14:14:00+00:00,28.805,28.91,28.77,28.845
2026-10-02 14:15:00+00:00,28.815,28.83,28.73,28.805
2026-10-02 14:16:00+00:00,28.815,28.915,28.805,28.815
2026-10-02 14:17:00+00:00,28.75,28.835,28.715,28.815
2026-10-02 14:18:00+00:00,28.745,28.755,28.695,28.75
2026-10-02 14:19:00+00:00,28.675,28.775,28.675,28.745
2026-10-02 14:20:00+00:00,28.715,28.715,28.63,28.675
2026-10-02 14:21:00+00:00,28.715,28.75,28.67,28.715
2026-10-02 14:22:00+00:00,28.64,28.74,28.64,28.715
2026-10-02 14:23:00+00:00,28.67,28.675,28.59,28.64
2026-10-02 14:24:00+00:00,28.535,28.695,28.53,28.67
2026-10-02 14:25:00+00:00,28.575,28.585,28.53,28.535
2026-10-02 14:26:00+00:00,28.555,28.59,28.545,28.575
2026-10-02 14:27:00+00:00,28.535,28.555,28.5,28.555
2026-10-02 14:28:00+00:00,28.505,28.545,28.5,28.53
2026-10-02 14:29:00+00:00,28.585,28.615,28.5,28.505
2026-10-02 14:30:00+00:00,28.725,28.75,28.58,28.585
2026-10-02 14:31:00+00:00,28.705,28.805,28.705,28.725
2026-10-02 14:32:00+00:00,28.715,28.755,28.635,28.705
2026-10-02 14:33:00+00:00,28.615,28.74,28.615,28.71
2026-10-02 14:34:00+00:00,28.665,28.695,28.615,28.615
2026-10-02 14:35:00+00:00,28.695,28.74,28.665,28.665
2026-10-02 14:36:00+00:00,28.745,28.775,28.675,28.7
2026-10-02 14:37:00+00:00,28.775,28.79,28.725,28.745
2026-10-02 14:38:00+00:00,28.705,28.775,28.685,28.775
2026-10-02 14:39:00+00:00,28.655,28.715,28.655,28.7
2026-10-02 14:40:00+00:00,28.655,28.715,28.64,28.655
2026-10-02 14:41:00+00:00,28.635,28.71,28.635,28.655
2026-10-02 14:42:00+00:00,28.67,28.695,28.605,28.635
2026-10-02 14:43:00+00:00,28.795,28.815,28.665,28.665
2026-10-02 14:44:00+00:00,28.795,28.875,28.775,28.795
2026-10-02 14:45:00+00:00,28.83,28.875,28.79,28.795
2026-10-02 14:46:00+00:00,28.795,28.875,28.775,28.825
2026-10-02 14:47:00+00:00,28.815,28.845,28.795,28.795
2026-10-02 14:48:00+00:00,28.705,28.82,28.695,28.815
2026-10-02 14:49:00+00:00,28.725,28.745,28.695,28.705
2026-10-02 14:50:00+00:00,28.995,28.995,28.725,28.725
2026-10-02 14:51:00+00:00,28.905,29.005,28.875,28.995
2026-10-02 14:52:00+00:00,29.035,29.055,28.885,28.905
2026-10-02 14:53:00+00:00,29.085,29.105,29.0,29.035
2026-10-02 14:54:00+00:00,29.115,29.195,29.055,29.085
2026-10-02 14:55:00+00:00,28.925,29.135,28.915,29.11
2026-10-02 14:56:00+00:00,28.89,28.985,28.885,28.925
2026-10-02 14:57:00+00:00,28.875,28.93,28.86,28.89
2026-10-02 14:58:00+00:00,28.945,28.965,28.85,28.875
2026-10-02 14:59:00+00:00,28.925,28.975,28.88,28.945
2026-10-02 15:00:00+00:00,28.905,28.975,28.855,28.92
2026-10-02 15:01:00+00:00,28.795,28.925,28.79,28.905
2026-10-02 15:02:00+00:00,28.895,28.905,28.795,28.795
2026-10-02 15:03:00+00:00,28.885,28.98,28.875,28.895
2026-10-02 15:04:00+00:00,28.885,28.945,28.855,28.89
2026-10-02 15:05:00+00:00,28.995,28.995,28.87,28.885
2026-10-02 15:06:00+00:00,28.995,29.08,28.97,28.995
2026-10-02 15:07:00+00:00,29.075,29.105,28.995,28.995
2026-10-02 15:08:00+00:00,29.015,29.135,29.015,29.075
2026-10-02 15:09:00+00:00,29.135,29.165,28.98,29.015
2026-10-02 15:10:00+00:00,29.135,29.205,29.06,29.135
2026-10-02 15:11:00+00:00,29.155,29.295,29.135,29.135
2026-10-02 15:12:00+00:00,29.36,29.405,29.115,29.155
2026-10-02 15:13:00+00:00,29.245,29.36,29.245,29.36
2026-10-02 15:14:00+00:00,29.205,29.285,29.19,29.245
2026-10-02 15:15:00+00:00,29.19,29.25,29.07,29.205
2026-10-02 15:16:00+00:00,29.285,29.325,29.185,29.19
2026-10-02 15:17:00+00:00,29.315,29.345,29.255,29.285
2026-10-02 15:18:00+00:00,29.275,29.355,29.245,29.315
2026-10-02 15:19:00+00:00,29.34,29.36,29.21,29.275
2026-10-02 15:20:00+00:00,29.47,29.5,29.335,29.34
2026-10-02 15:21:00+00:00,29.365,29.495,29.365,29.47
2026-10-02 15:22:00+00:00,29.365,29.395,29.35,29.365
2026-10-02 15:23:00+00:00,29.38,29.44,29.335,29.365
2026-10-02 15:24:00+00:00,29.585,29.59,29.355,29.375
2026-10-02 15:25:00+00:00,29.505,29.625,29.495,29.585
2026-10-02 15:26:00+00:00,29.405,29.545,29.38,29.505
2026-10-02 15:27:00+00:00,29.365,29.425,29.325,29.405
2026-10-02 15:28:00+00:00,29.335,29.37,29.315,29.365
2026-10-02 15:29:00+00:00,29.285,29.375,29.275,29.335
2026-10-02 15:30:00+00:00,29.42,29.44,29.285,29.285
2026-10-02 15:31:00+00:00,29.355,29.425,29.35,29.42
2026-10-02 15:32:00+00:00,29.295,29.355,29.255,29.355
2026-10-02 15:33:00+00:00,29.205,29.315,29.195,29.295
2026-10-02 15:34:00+00:00,29.175,29.21,29.115,29.205
2026-10-02 15:35:00+00:00,29.125,29.185,29.08,29.175
2026-10-02 15:36:00+00:00,29.115,29.165,29.105,29.125
2026-10-02 15:37:00+00:00,29.195,29.225,29.07,29.115
2026-10-02 15:38:00+00:00,29.135,29.235,29.13,29.195
2026-10-02 15:39:00+00:00,29.105,29.14,29.085,29.13
2026-10-02 15:40:00+00:00,29.16,29.18,29.06,29.105
2026-10-02 15:41:00+00:00,29.185,29.23,29.155,29.16
2026-10-02 15:42:00+00:00,29.08,29.19,29.08,29.185
2026-10-02 15:43:00+00:00,29.135,29.15,29.065,29.08
2026-10-02 15:44:00+00:00,29.115,29.135,29.09,29.135
2026-10-02 15:45:00+00:00,29.085,29.125,29.075,29.115
2026-10-02 15:46:00+00:00,28.955,29.085,28.93,29.085
2026-10-02 15:47:00+00:00,28.915,28.965,28.915,28.955
2026-10-02 15:48:00+00:00,28.955,28.965,28.905,28.915
2026-10-02 15:49:00+00:00,28.975,29.005,28.945,28.955
2026-10-02 15:50:00+00:00,28.985,29.025,28.925,28.975
2026-10-02 15:51:00+00:00,28.855,28.985,28.855,28.985
2026-10-02 15:52:00+00:00,28.89,28.93,28.83,28.855
2026-10-02 15:53:00+00:00,28.945,28.955,28.875,28.89
2026-10-02 15:54:00+00:00,29.035,29.07,28.93,28.945
2026-10-02 15:55:00+00:00,28.895,29.065,28.885,29.035
2026-10-02 15:56:00+00:00,28.895,28.935,28.855,28.895
2026-10-02 15:57:00+00:00,28.855,28.935,28.855,28.895
2026-10-02 15:58:00+00:00,28.855,28.89,28.84,28.855
2026-10-02 15:59:00+00:00,28.86,28.9,28.855,28.855
2026-10-02 16:00:00+00:00,28.855,28.895,28.845,28.86
2026-10-02 16:01:00+00:00,28.865,28.895,28.825,28.855
2026-10-02 16:02:00+00:00,28.885,28.92,28.83,28.865
2026-10-02 16:03:00+00:00,28.955,28.955,28.87,28.885
2026-10-02 16:04:00+00:00,28.955,29.0,28.945,28.955
2026-10-02 16:05:00+00:00,28.975,28.985,28.915,28.955
2026-10-02 16:06:00+00:00,28.975,29.01,28.955,28.975
2026-10-02 16:07:00+00:00,28.965,28.975,28.925,28.975
2026-10-02 16:08:00+00:00,28.935,28.995,28.925,28.965
2026-10-02 16:09:00+00:00,28.925,28.955,28.905,28.935
2026-10-02 16:10:00+00:00,28.915,28.935,28.885,28.925
2026-10-02 16:11:00+00:00,28.955,28.96,28.905,28.915
2026-10-02 16:12:00+00:00,28.945,28.965,28.91,28.96
2026-10-02 16:13:00+00:00,28.895,28.96,28.885,28.94
2026-10-02 16:14:00+00:00,28.925,28.93,28.865,28.895
2026-10-02 16:15:00+00:00,28.885,28.97,28.88,28.925
2026-10-02 16:16:00+00:00,28.885,28.925,28.865,28.885
2026-10-02 16:17:00+00:00,28.915,28.935,28.87,28.885
2026-10-02 16:18:00+00:00,28.93,28.955,28.915,28.915
2026-10-02 16:19:00+00:00,28.925,28.95,28.905,28.935
2026-10-02 16:20:00+00:00,28.955,28.965,28.92,28.925
2026-10-02 16:21:00+00:00,28.975,28.985,28.925,28.955
2026-10-02 16:22:00+00:00,28.995,29.03,28.965,28.975
2026-10-02 16:23:00+00:00,29.055,29.09,28.985,28.995
2026-10-02 16:24:00+00:00,29.145,29.155,29.045,29.065
2026-10-02 16:25:00+00:00,29.105,29.145,29.055,29.145
2026-10-02 16:26:00+00:00,29.135,29.135,29.055,29.105
2026-10-02 16:27:00+00:00,29.075,29.17,29.075,29.13
2026-10-02 16:28:00+00:00,29.125,29.13,29.06,29.08
2026-10-02 16:29:00+00:00,29.205,29.21,29.105,29.125
2026-10-02 16:30:00+00:00,29.175,29.225,29.165,29.205
2026-10-02 16:31:00+00:00,29.175,29.185,29.115,29.18
2026-10-02 16:32:00+00:00,29.215,29.245,29.17,29.175
2026-10-02 16:33:00+00:00,29.255,29.255,29.19,29.215
2026-10-02 16:34:00+00:00,29.255,29.265,29.195,29.255
2026-10-02 16:35:00+00:00,29.265,29.305,29.235,29.26
2026-10-02 16:36:00+00:00,29.195,29.295,29.185,29.265
2026-10-02 16:37:00+00:00,29.205,29.225,29.19,29.195
2026-10-02 16:38:00+00:00,29.15,29.205,29.13,29.205
2026-10-02 16:39:00+00:00,29.125,29.165,29.1,29.155
2026-10-02 16:40:00+00:00,29.235,29.24,29.115,29.125
2026-10-02 16:41:00+00:00,29.325,29.33,29.225,29.235
2026-10-02 16:42:00+00:00,29.345,29.405,29.325,29.325
2026-10-02 16:43:00+00:00,29.385,29.42,29.335,29.345
2026-10-02 16:44:00+00:00,29.355,29.385,29.35,29.385
2026-10-02 16:45:00+00:00,29.315,29.385,29.315,29.355
2026-10-02 16:46:00+00:00,29.345,29.385,29.3,29.315
2026-10-02 16:47:00+00:00,29.395,29.41,29.325,29.345
2026-10-02 16:48:00+00:00,29.365,29.415,29.355,29.395
2026-10-02 16:49:00+00:00,29.395,29.415,29.365,29.365
2026-10-02 16:50:00+00:00,29.425,29.47,29.395,29.395
2026-10-02 16:51:00+00:00,29.425,29.465,29.405,29.425
2026-10-02 16:52:00+00:00,29.395,29.435,29.36,29.425
2026-10-02 16:53:00+00:00,29.335,29.405,29.325,29.395
2026-10-02 16:54:00+00:00,29.315,29.34,29.295,29.335
2026-10-02 16:55:00+00:00,29.315,29.325,29.285,29.315
2026-10-02 16:56:00+00:00,29.325,29.345,29.305,29.315
2026-10-02 16:57:00+00:00,29.285,29.325,29.265,29.325
2026-10-02 16:58:00+00:00,29.315,29.315,29.265,29.285
2026-10-02 16:59:00+00:00,29.325,29.355,29.31,29.315
2026-10-02 17:00:00+00:00,29.265,29.355,29.265,29.325
2026-10-02 17:01:00+00:00,29.175,29.265,29.135,29.265
2026-10-02 17:02:00+00:00,29.235,29.235,29.175,29.175
2026-10-02 17:03:00+00:00,29.255,29.255,29.225,29.235
2026-10-02 17:04:00+00:00,29.285,29.29,29.25,29.255
2026-10-02 17:05:00+00:00,29.255,29.285,29.255,29.285
2026-10-02 17:06:00+00:00,29.4,29.4,29.245,29.255
2026-10-02 17:07:00+00:00,29.485,29.495,29.405,29.405
2026-10-02 17:08:00+00:00,29.495,29.51,29.435,29.485
2026-10-02 17:09:00+00:00,29.535,29.535,29.485,29.495
2026-10-02 17:10:00+00:00,29.485,29.535,29.485,29.535
2026-10-02 17:11:00+00:00,29.545,29.56,29.485,29.485
2026-10-02 17:12:00+00:00,29.555,29.565,29.515,29.545
2026-10-02 17:13:00+00:00,29.575,29.585,29.555,29.555
2026-10-02 17:14:00+00:00,29.575,29.645,29.545,29.575
2026-10-02 17:15:00+00:00,29.605,29.61,29.555,29.575
2026-10-02 17:16:00+00:00,29.495,29.61,29.495,29.605
2026-10-02 17:17:00+00:00,29.555,29.565,29.495,29.495
2026-10-02 17:18:00+00:00,29.545,29.615,29.535,29.555
2026-10-02 17:19:00+00:00,29.565,29.59,29.515,29.545
2026-10-02 17:20:00+00:00,29.575,29.6,29.545,29.565
2026-10-02 17:21:00+00:00,29.665,29.725,29.575,29.575
2026-10-02 17:22:00+00:00,29.685,29.695,29.645,29.665
2026-10-02 17:23:00+00:00,29.765,29.775,29.67,29.685
2026-10-02 17:24:00+00:00,29.775,29.82,29.765,29.765
2026-10-02 17:25:00+00:00,29.805,29.805,29.735,29.775
2026-10-02 17:26:00+00:00,29.895,29.895,29.795,29.805
2026-10-02 17:27:00+00:00,29.85,29.93,29.815,29.895
2026-10-02 17:28:00+00:00,29.835,29.875,29.82,29.845
2026-10-02 17:29:00+00:00,29.93,29.935,29.825,29.835
2026-10-02 17:30:00+00:00,29.94,29.975,29.905,29.935
2026-10-02 17:31:00+00:00,29.795,29.945,29.785,29.935
2026-10-02 17:32:00+00:00,29.825,29.845,29.775,29.79
2026-10-02 17:33:00+00:00,29.775,29.835,29.755,29.825
2026-10-02 17:34:00+00:00,29.775,29.805,29.72,29.775
2026-10-02 17:35:00+00:00,29.805,29.835,29.77,29.775
2026-10-02 17:36:00+00:00,29.855,29.875,29.79,29.805
2026-10-02 17:37:00+00:00,29.805,29.855,29.795,29.855
2026-10-02 17:38:00+00:00,29.775,29.815,29.77,29.805
2026-10-02 17:39:00+00:00,29.765,29.79,29.76,29.775
2026-10-02 17:40:00+00:00,29.815,29.825,29.745,29.765
2026-10-02 17:41:00+00:00,29.825,29.855,29.805,29.815
2026-10-02 17:42:00+00:00,29.865,29.865,29.82,29.825
2026-10-02 17:43:00+00:00,29.805,29.865,29.8,29.865
2026-10-02 17:44:00+00:00,29.745,29.815,29.74,29.805
2026-10-02 17:45:00+00:00,29.755,29.805,29.725,29.745
2026-10-02 17:46:00+00:00,29.745,29.78,29.735,29.755
2026-10-02 17:47:00+00:00,29.725,29.745,29.675,29.745
2026-10-02 17:48:00+00:00,29.685,29.735,29.685,29.725
2026-10-02 17:49:00+00:00,29.615,29.685,29.615,29.685
2026-10-02 17:50:00+00:00,29.675,29.765,29.595,29.615
2026-10-02 17:51:00+00:00,29.595,29.675,29.575,29.675
2026-10-02 17:52:00+00:00,29.605,29.615,29.575,29.595
2026-10-02 17:53:00+00:00,29.595,29.645,29.595,29.605
2026-10-02 17:54:00+00:00,29.595,29.615,29.58,29.595
2026-10-02 17:55:00+00:00,29.665,29.68,29.595,29.595
2026-10-02 17:56:00+00:00,29.665,29.685,29.655,29.665
2026-10-02 17:57:00+00:00,29.705,29.715,29.635,29.665
2026-10-02 17:58:00+00:00,29.665,29.72,29.655,29.705
2026-10-02 17:59:00+00:00,29.625,29.665,29.615,29.665
2026-10-02 18:00:00+00:00,29.715,29.715,29.62,29.625
2026-10-02 18:01:00+00:00,29.735,29.755,29.665,29.715
2026-10-02 18:02:00+00:00,29.815,29.84,29.735,29.735
2026-10-02 18:03:00+00:00,29.775,29.835,29.755,29.815
2026-10-02 18:04:00+00:00,29.755,29.785,29.725,29.77
2026-10-02 18:05:00+00:00,29.755,29.765,29.725,29.755
2026-10-02 18:06:00+00:00,29.725,29.77,29.705,29.755
2026-10-02 18:07:00+00:00,29.75,29.77,29.7,29.725
2026-10-02 18:08:00+00:00,29.795,29.8,29.75,29.75
2026-10-02 18:09:00+00:00,29.78,29.795,29.76,29.795
2026-10-02 18:10:00+00:00,29.755,29.81,29.755,29.78
2026-10-02 18:11:00+00:00,29.745,29.77,29.71,29.76
2026-10-02 18:12:00+00:00,29.715,29.745,29.71,29.745
2026-10-02 18:13:00+00:00,29.685,29.725,29.68,29.715
2026-10-02 18:14:00+00:00,29.685,29.695,29.655,29.685
2026-10-02 18:15:00+00:00,29.705,29.715,29.675,29.685
2026-10-02 18:16:00+00:00,29.725,29.745,29.69,29.705
2026-10-02 18:17:00+00:00,29.745,29.745,29.69,29.725
2026-10-02 18:18:00+00:00,29.735,29.75,29.71,29.745
2026-10-02 18:19:00+00:00,29.745,29.775,29.735,29.735
2026-10-02 18:20:00+00:00,29.755,29.765,29.73,29.745
2026-10-02 18:21:00+00:00,29.775,29.775,29.73,29.755
2026-10-02 18:22:00+00:00,29.825,29.835,29.77,29.775
2026-10-02 18:23:00+00:00,29.855,29.875,29.805,29.825
2026-10-02 18:24:00+00:00,29.835,29.885,29.825,29.86
2026-10-02 18:25:00+00:00,29.795,29.835,29.755,29.835
2026-10-02 18:26:00+00:00,29.805,29.815,29.755,29.795
2026-10-02 18:27:00+00:00,29.835,29.865,29.785,29.805
2026-10-02 18:28:00+00:00,29.775,29.835,29.76,29.835
2026-10-02 18:29:00+00:00,29.795,29.815,29.77,29.775
2026-10-02 18:30:00+00:00,29.765,29.805,29.765,29.795
2026-10-02 18:31:00+00:00,29.815,29.825,29.74,29.765
2026-10-02 18:32:00+00:00,29.735,29.815,29.735,29.815
2026-10-02 18:33:00+00:00,29.795,29.805,29.715,29.735
2026-10-02 18:34:00+00:00,29.775,29.805,29.745,29.795
2026-10-02 18:35:00+00:00,29.775,29.805,29.765,29.77
2026-10-02 18:36:00+00:00,29.755,29.775,29.725,29.775
2026-10-02 18:37:00+00:00,29.815,29.815,29.745,29.755
2026-10-02 18:38:00+00:00,29.835,29.88,29.815,29.815
2026-10-02 18:39:00+00:00,29.865,29.88,29.835,29.835
2026-10-02 18:40:00+00:00,29.85,29.905,29.85,29.865
2026-10-02 18:41:00+00:00,29.775,29.86,29.765,29.85
2026-10-02 18:42:00+00:00,29.735,29.785,29.735,29.775
2026-10-02 18:43:00+00:00,29.735,29.745,29.7,29.735
2026-10-02 18:44:00+00:00,29.725,29.755,29.72,29.735
2026-10-02 18:45:00+00:00,29.685,29.725,29.675,29.725
2026-10-02 18:46:00+00:00,29.635,29.705,29.635,29.685
2026-10-02 18:47:00+00:00,29.695,29.695,29.625,29.635
2026-10-02 18:48:00+00:00,29.665,29.725,29.655,29.7
2026-10-02 18:49:00+00:00,29.635,29.675,29.625,29.665
2026-10-02 18:50:00+00:00,29.6,29.655,29.585,29.635
2026-10-02 18:51:00+00:00,29.605,29.625,29.575,29.6
2026-10-02 18:52:00+00:00,29.615,29.62,29.57,29.605
2026-10-02 18:53:00+00:00,29.635,29.645,29.61,29.615
2026-10-02 18:54:00+00:00,29.575,29.645,29.575,29.635
2026-10-02 18:55:00+00:00,29.545,29.585,29.53,29.575
2026-10-02 18:56:00+00:00,29.575,29.585,29.525,29.54
2026-10-02 18:57:00+00:00,29.575,29.585,29.55,29.575
2026-10-02 18:58:00+00:00,29.575,29.585,29.555,29.575
2026-10-02 18:59:00+00:00,29.615,29.63,29.555,29.575
2026-10-02 19:00:00+00:00,29.545,29.645,29.525,29.615
2026-10-02 19:01:00+00:00,29.585,29.595,29.525,29.545
2026-10-02 19:02:00+00:00,29.605,29.625,29.58,29.585
2026-10-02 19:03:00+00:00,29.635,29.65,29.605,29.605
2026-10-02 19:04:00+00:00,29.635,29.645,29.61,29.635
2026-10-02 19:05:00+00:00,29.61,29.635,29.6,29.635
2026-10-02 19:06:00+00:00,29.625,29.63,29.605,29.61
2026-10-02 19:07:00+00:00,29.625,29.635,29.6,29.625
2026-10-02 19:08:00+00:00,29.71,29.715,29.62,29.625
2026-10-02 19:09:00+00:00,29.725,29.755,29.695,29.71
2026-10-02 19:10:00+00:00,29.745,29.76,29.725,29.725
2026-10-02 19:11:00+00:00,29.725,29.755,29.695,29.745
2026-10-02 19:12:00+00:00,29.695,29.745,29.68,29.725
2026-10-02 19:13:00+00:00,29.695,29.715,29.675,29.695
2026-10-02 19:14:00+00:00,29.685,29.745,29.685,29.695
2026-10-02 19:15:00+00:00,29.645,29.695,29.635,29.685
2026-10-02 19:16:00+00:00,29.685,29.715,29.635,29.645
2026-10-02 19:17:00+00:00,29.695,29.695,29.63,29.685
2026-10-02 19:18:00+00:00,29.675,29.735,29.665,29.695
2026-10-02 19:19:00+00:00,29.675,29.705,29.66,29.675
2026-10-02 19:20:00+00:00,29.665,29.685,29.655,29.675
2026-10-02 19:21:00+00:00,29.705,29.705,29.655,29.665
2026-10-02 19:22:00+00:00,29.695,29.72,29.69,29.705
2026-10-02 19:23:00+00:00,29.715,29.73,29.685,29.695
2026-10-02 19:24:00+00:00,29.655,29.715,29.635,29.715
2026-10-02 19:25:00+00:00,29.615,29.655,29.585,29.655
2026-10-02 19:26:00+00:00,29.65,29.65,29.59,29.615
2026-10-02 19:27:00+00:00,29.665,29.685,29.645,29.65
2026-10-02 19:28:00+00:00,29.675,29.685,29.655,29.665
2026-10-02 19:29:00+00:00,29.665,29.72,29.655,29.675
2026-10-02 19:30:00+00:00,29.505,29.665,29.485,29.665
2026-10-02 19:31:00+00:00,29.505,29.515,29.465,29.505
2026-10-02 19:32:00+00:00,29.505,29.525,29.475,29.505
2026-10-02 19:33:00+00:00,29.515,29.535,29.505,29.505
2026-10-02 19:34:00+00:00,29.495,29.515,29.48,29.515
2026-10-02 19:35:00+00:00,29.505,29.525,29.49,29.495
2026-10-02 19:36:00+00:00,29.465,29.51,29.435,29.51
2026-10-02 19:37:00+00:00,29.405,29.465,29.39,29.465
2026-10-02 19:38:00+00:00,29.395,29.405,29.355,29.405
2026-10-02 19:39:00+00:00,29.435,29.445,29.39,29.395
2026-10-02 19:40:00+00:00,29.445,29.455,29.405,29.435
2026-10-02 19:41:00+00:00,29.49,29.51,29.44,29.44
2026-10-02 19:42:00+00:00,29.55,29.56,29.49,29.49
2026-10-02 19:43:00+00:00,29.535,29.555,29.52,29.55
2026-10-02 19:44:00+00:00,29.505,29.535,29.48,29.535
2026-10-02 19:45:00+00:00,29.515,29.535,29.43,29.505
2026-10-02 19:46:00+00:00,29.485,29.525,29.47,29.515
2026-10-02 19:47:00+00:00,29.495,29.505,29.465,29.485
2026-10-02 19:48:00+00:00,29.515,29.52,29.495,29.495
2026-10-02 19:49:00+00:00,29.53,29.565,29.48,29.515
2026-10-02 19:50:00+00:00,29.565,29.6,29.49,29.53
2026-10-02 19:51:00+00:00,29.575,29.585,29.565,29.565
2026-10-02 19:52:00+00:00,29.645,29.655,29.575,29.575
2026-10-02 19:53:00+00:00,29.555,29.695,29.545,29.645
2026-10-02 19:54:00+00:00,29.625,29.645,29.525,29.555
2026-10-02 19:55:00+00:00,29.685,29.735,29.585,29.625
2026-10-02 19:56:00+00:00,29.675,29.72,29.66,29.685
2026-10-02 19:57:00+00:00,29.67,29.685,29.64,29.675
2026-10-02 19:58:00+00:00,29.705,29.725,29.67,29.67
2026-10-02 19:59:00+00:00,29.71,29.77,29.69,29.705
