date,Close,High,Low,Open
2026-10-05 13:30:00+00:00,16.84,16.86,16.79,16.84
2026-10-05 13:31:00+00:00,16.78,16.84,16.77,16.84
2026-10-05 13:32:00+00:00,16.765,16.785,16.765,16.78
2026-10-05 13:33:00+00:00,16.765,16.785,16.755,16.765
2026-10-05 13:34:00+00:00,16.77,16.77,16.76,16.765
2026-10-05 13:35:00+00:00,16.765,16.78,16.755,16.77
2026-10-05 13:36:00+00:00,16.775,16.785,16.76,16.765
2026-10-05 13:37:00+00:00,16.75,16.775,16.735,16.775
2026-10-05 13:38:00+00:00,16.745,16.755,16.73,16.75
2026-10-05 13:39:00+00:00,16.745,16.755,16.735,16.745
2026-10-05 13:40:00+00:00,16.735,16.745,16.735,16.745
2026-10-05 13:41:00+00:00,16.745,16.765,16.735,16.735
2026-10-05 13:42:00+00:00,16.735,16.745,16.735,16.74
2026-10-05 13:43:00+00:00,16.745,16.745,16.735,16.735
2026-10-05 13:44:00+00:00,16.74,16.755,16.735,16.745
2026-10-05 13:45:00+00:00,16.755,16.755,16.725,16.74
2026-10-05 13:46:00+00:00,16.785,16.805,16.755,16.755
2026-10-05 13:47:00+00:00,16.755,16.795,16.75,16.785
2026-10-05 13:48:00+00:00,16.765,16.765,16.75,16.755
2026-10-05 13:49:00+00:00,16.755,16.765,16.75,16.765
2026-10-05 13:50:00+00:00,16.755,16.785,16.75,16.755
2026-10-05 13:51:00+00:00,16.765,16.77,16.735,16.755
2026-10-05 13:52:00+00:00,16.78,16.78,16.765,16.765
2026-10-05 13:53:00+00:00,16.775,16.805,16.77,16.78
2026-10-05 13:54:00+00:00,16.775,16.785,16.75,16.78
2026-10-05 13:55:00+00:00,16.755,16.78,16.745,16.775
2026-10-05 13:56:00+00:00,16.745,16.755,16.735,16.755
2026-10-05 13:57:00+00:00,16.725,16.755,16.72,16.745
2026-10-05 13:58:00+00:00,16.735,16.74,16.72,16.725
2026-10-05 13:59:00+00:00,16.725,16.745,16.72,16.735
2026-10-05 14:00:00+00:00,16.725,16.745,16.69,16.73
2026-10-05 14:01:00+00:00,16.685,16.725,16.66,16.725
2026-10-05 14:02:00+00:00,16.645,16.69,16.64,16.685
2026-10-05 14:03:00+00:00,16.605,16.645,16.605,16.645
2026-10-05 14:04:00+00:00,16.595,16.615,16.585,16.605
2026-10-05 14:05:00+00:00,16.585,16.605,16.58,16.595
2026-10-05 14:06:00+00:00,16.595,16.6,16.575,16.585
2026-10-05 14:07:00+00:00,16.595,16.595,16.59,16.595
2026-10-05 14:08:00+00:00,16.565,16.605,16.555,16.595
2026-10-05 14:09:00+00:00,16.545,16.575,16.545,16.565
2026-10-05 14:10:00+00:00,16.555,16.565,16.535,16.545
2026-10-05 14:11:00+00:00,16.565,16.57,16.55,16.555
2026-10-05 14:12:00+00:00,16.555,16.57,16.545,16.565
2026-10-05 14:13:00+00:00,16.545,16.565,16.54,16.555
2026-10-05 14:14:00+00:00,16.545,16.555,16.54,16.545
2026-10-05 14:15:00+00:00,16.515,16.545,16.505,16.545
2026-10-05 14:16:00+00:00,16.525,16.53,16.51,16.515
2026-10-05 14:17:00+00:00,16.525,16.53,16.52,16.525
2026-10-05 14:18:00+00:00,16.525,16.525,16.515,16.525
2026-10-05 14:19:00+00:00,16.525,16.525,16.505,16.525
2026-10-05 14:20:00+00:00,16.525,16.535,16.515,16.525
2026-10-05 14:21:00+00:00,16.525,16.545,16.52,16.525
2026-10-05 14:22:00+00:00,16.525,16.525,16.52,16.525
2026-10-05 14:23:00+00:00,16.525,16.525,16.525,16.525
2026-10-05 14:24:00+00:00,16.525,16.53,16.525,16.525
2026-10-05 14:25:00+00:00,16.525,16.53,16.525,16.525
2026-10-05 14:26:00+00:00,16.525,16.535,16.525,16.525
2026-10-05 14:27:00+00:00,16.535,16.535,16.525,16.525
2026-10-05 14:28:00+00:00,16.535,16.535,16.525,16.535
2026-10-05 14:29:00+00:00,16.535,16.535,16.525,16.535
2026-10-05 14:30:00+00:00,16.545,16.555,16.52,16.535
2026-10-05 14:31:00+00:00,16.535,16.565,16.525,16.545
2026-10-05 14:32:00+00:00,16.555,16.555,16.535,16.535
2026-10-05 14:33:00+00:00,16.565,16.565,16.55,16.555
2026-10-05 14:34:00+00:00,16.555,16.565,16.55,16.565
2026-10-05 14:35:00+00:00,16.565,16.565,16.555,16.555
2026-10-05 14:36:00+00:00,16.565,16.565,16.555,16.565
2026-10-05 14:37:00+00:00,16.565,16.565,16.55,16.565
2026-10-05 14:38:00+00:00,16.565,16.565,16.56,16.565
2026-10-05 14:39:00+00:00,16.555,16.565,16.555,16.565
2026-10-05 14:40:00+00:00,16.555,16.56,16.555,16.555
2026-10-05 14:41:00+00:00,16.545,16.565,16.545,16.555
2026-10-05 14:42:00+00:00,16.555,16.56,16.545,16.545
2026-10-05 14:43:00+00:00,16.555,16.555,16.545,16.555
2026-10-05 14:44:00+00:00,16.545,16.555,16.545,16.555
2026-10-05 14:45:00+00:00,16.525,16.55,16.515,16.545
2026-10-05 14:46:00+00:00,16.525,16.53,16.52,16.525
2026-10-05 14:47:00+00:00,16.535,16.545,16.525,16.525
2026-10-05 14:48:00+00:00,16.545,16.555,16.535,16.535
2026-10-05 14:49:00+00:00,16.545,16.555,16.545,16.545
2026-10-05 14:50:00+00:00,16.545,16.55,16.545,16.545
2026-10-05 14:51:00+00:00,16.555,16.565,16.545,16.545
2026-10-05 14:52:00+00:00,16.555,16.56,16.555,16.555
2026-10-05 14:53:00+00:00,16.555,16.565,16.555,16.555
2026-10-05 14:54:00+00:00,16.555,16.565,16.555,16.555
2026-10-05 14:55:00+00:00,16.535,16.565,16.535,16.555
2026-10-05 14:56:00+00:00,16.535,16.535,16.53,16.535
2026-10-05 14:57:00+00:00,16.525,16.535,16.52,16.535
2026-10-05 14:58:00+00:00,16.535,16.535,16.525,16.525
2026-10-05 14:59:00+00:00,16.535,16.535,16.535,16.535
2026-10-05 15:00:00+00:00,16.505,16.535,16.5,16.535
2026-10-05 15:01:00+00:00,16.505,16.515,16.505,16.505
2026-10-05 15:02:00+00:00,16.525,16.525,16.505,16.505
2026-10-05 15:03:00+00:00,16.525,16.535,16.52,16.525
2026-10-05 15:04:00+00:00,16.505,16.525,16.505,16.525
2026-10-05 15:05:00+00:00,16.515,16.515,16.505,16.505
2026-10-05 15:06:00+00:00,16.515,16.52,16.51,16.515
2026-10-05 15:07:00+00:00,16.515,16.515,16.505,16.515
2026-10-05 15:08:00+00:00,16.555,16.565,16.515,16.515
2026-10-05 15:09:00+00:00,16.555,16.565,16.555,16.555
2026-10-05 15:10:00+00:00,16.555,16.565,16.555,16.555
2026-10-05 15:11:00+00:00,16.555,16.565,16.55,16.555
2026-10-05 15:12:00+00:00,16.555,16.555,16.55,16.555
2026-10-05 15:13:00+00:00,16.555,16.565,16.555,16.555
2026-10-05 15:14:00+00:00,16.575,16.575,16.555,16.555
2026-10-05 15:15:00+00:00,16.575,16.585,16.565,16.575
2026-10-05 15:16:00+00:00,16.565,16.575,16.565,16.575
2026-10-05 15:17:00+00:00,16.555,16.575,16.555,16.565
2026-10-05 15:18:00+00:00,16.555,16.565,16.555,16.56
2026-10-05 15:19:00+00:00,16.555,16.56,16.555,16.555
2026-10-05 15:20:00+00:00,16.575,16.575,16.555,16.555
2026-10-05 15:21:00+00:00,16.565,16.575,16.565,16.575
2026-10-05 15:22:00+00:00,16.575,16.575,16.555,16.565
2026-10-05 15:23:00+00:00,16.575,16.575,16.565,16.575
2026-10-05 15:24:00+00:00,16.575,16.575,16.57,16.575
2026-10-05 15:25:00+00:00,16.565,16.575,16.565,16.575
2026-10-05 15:26:00+00:00,16.575,16.58,16.565,16.565
2026-10-05 15:27:00+00:00,16.595,16.595,16.57,16.575
2026-10-05 15:28:00+00:00,16.585,16.595,16.575,16.595
2026-10-05 15:29:00+00:00,16.595,16.6,16.585,16.585
2026-10-05 15:30:00+00:00,16.595,16.595,16.585,16.595
2026-10-05 15:31:00+00:00,16.595,16.595,16.59,16.595
2026-10-05 15:32:00+00:00,16.595,16.595,16.595,16.595
2026-10-05 15:33:00+00:00,16.605,16.605,16.595,16.595
2026-10-05 15:34:00+00:00,16.605,16.615,16.605,16.605
2026-10-05 15:35:00+00:00,16.605,16.615,16.605,16.605
2026-10-05 15:36:00+00:00,16.605,16.61,16.605,16.605
2026-10-05 15:37:00+00:00,16.575,16.605,16.565,16.605
2026-10-05 15:38:00+00:00,16.575,16.575,16.575,16.575
2026-10-05 15:39:00+00:00,16.575,16.575,16.575,16.575
2026-10-05 15:40:00+00:00,16.575,16.575,16.575,16.575
2026-10-05 15:41:00+00:00,16.575,16.585,16.575,16.575
2026-10-05 15:42:00+00:00,16.575,16.575,16.57,16.575
2026-10-05 15:43:00+00:00,16.575,16.575,16.575,16.575
2026-10-05 15:44:00+00:00,16.585,16.585,16.575,16.575
2026-10-05 15:45:00+00:00,16.585,16.585,16.585,16.585
2026-10-05 15:46:00+00:00,16.585,16.595,16.585,16.585
2026-10-05 15:47:00+00:00,16.585,16.585,16.575,16.585
2026-10-05 15:48:00+00:00,16.575,16.585,16.575,16.585
2026-10-05 15:49:00+00:00,16.575,16.575,16.57,16.575
2026-10-05 15:50:00+00:00,16.575,16.575,16.575,16.575
2026-10-05 15:51:00+00:00,16.575,16.575,16.575,16.575
2026-10-05 15:52:00+00:00,16.575,16.575,16.575,16.575
2026-10-05 15:53:00+00:00,16.575,16.575,16.575,16.575
2026-10-05 15:54:00+00:00,16.565,16.575,16.56,16.575
2026-10-05 15:55:00+00:00,16.575,16.575,16.565,16.565
2026-10-05 15:56:00+00:00,16.585,16.585,16.575,16.575
2026-10-05 15:57:00+00:00,16.585,16.595,16.58,16.585
2026-10-05 15:58:00+00:00,16.575,16.585,16.575,16.585
2026-10-05 15:59:00+00:00,16.575,16.58,16.575,16.575
2026-10-05 16:00:00+00:00,16.585,16.585,16.575,16.575
2026-10-05 16:01:00+00:00,16.575,16.585,16.575,16.585
2026-10-05 16:02:00+00:00,16.575,16.575,16.565,16.575
2026-10-05 16:03:00+00:00,16.575,16.575,16.575,16.575
2026-10-05 16:04:00+00:00,16.565,16.575,16.56,16.575
2026-10-05 16:05:00+00:00,16.565,16.575,16.565,16.565
2026-10-05 16:06:00+00:00,16.575,16.575,16.565,16.565
2026-10-05 16:07:00+00:00,16.565,16.575,16.565,16.575
2026-10-05 16:08:00+00:00,16.565,16.565,16.565,16.565
2026-10-05 16:09:00+00:00,16.565,16.565,16.565,16.565
2026-10-05 16:10:00+00:00,16.575,16.575,16.565,16.565
2026-10-05 16:11:00+00:00,16.575,16.575,16.575,16.575
2026-10-05 16:12:00+00:00,16.505,16.575,16.505,16.575
2026-10-05 16:13:00+00:00,16.505,16.505,16.505,16.505
2026-10-05 16:14:00+00:00,16.505,16.51,16.495,16.505
2026-10-05 16:15:00+00:00,16.505,16.525,16.5,16.505
2026-10-05 16:16:00+00:00,16.505,16.505,16.505,16.505
2026-10-05 16:17:00+00:00,16.505,16.505,16.505,16.505
2026-10-05 16:18:00+00:00,16.495,16.505,16.495,16.505
2026-10-05 16:19:00+00:00,16.495,16.505,16.495,16.495
2026-10-05 16:20:00+00:00,16.495,16.505,16.495,16.495
2026-10-05 16:21:00+00:00,16.505,16.515,16.495,16.495
2026-10-05 16:22:00+00:00,16.505,16.505,16.505,16.505
2026-10-05 16:23:00+00:00,16.505,16.505,16.485,16.505
2026-10-05 16:24:00+00:00,16.505,16.505,16.5,16.505
2026-10-05 16:25:00+00:00,16.535,16.545,16.505,16.51
2026-10-05 16:26:00+00:00,16.545,16.545,16.535,16.535
2026-10-05 16:27:00+00:00,16.545,16.545,16.545,16.545
2026-10-05 16:28:00+00:00,16.555,16.555,16.545,16.545
2026-10-05 16:29:00+00:00,16.555,16.555,16.545,16.555
2026-10-05 16:30:00+00:00,16.565,16.565,16.555,16.555
2026-10-05 16:31:00+00:00,16.565,16.565,16.565,16.565
2026-10-05 16:32:00+00:00,16.565,16.565,16.555,16.56
2026-10-05 16:33:00+00:00,16.565,16.57,16.565,16.565
2026-10-05 16:34:00+00:00,16.565,16.57,16.565,16.565
2026-10-05 16:35:00+00:00,16.565,16.565,16.56,16.565
2026-10-05 16:36:00+00:00,16.575,16.575,16.565,16.565
2026-10-05 16:37:00+00:00,16.565,16.575,16.565,16.575
2026-10-05 16:38:00+00:00,16.565,16.57,16.565,16.565
2026-10-05 16:39:00+00:00,16.575,16.575,16.565,16.565
2026-10-05 16:40:00+00:00,16.575,16.575,16.565,16.575
2026-10-05 16:41:00+00:00,16.575,16.575,16.57,16.575
2026-10-05 16:42:00+00:00,16.575,16.575,16.575,16.575
2026-10-05 16:43:00+00:00,16.575,16.575,16.575,16.575
2026-10-05 16:44:00+00:00,16.575,16.585,16.575,16.575
2026-10-05 16:45:00+00:00,16.565,16.575,16.565,16.575
2026-10-05 16:46:00+00:00,16.565,16.57,16.565,16.565
2026-10-05 16:47:00+00:00,16.575,16.575,16.565,16.565
2026-10-05 16:48:00+00:00,16.555,16.575,16.555,16.575
2026-10-05 16:49:00+00:00,16.565,16.57,16.555,16.555
2026-10-05 16:50:00+00:00,16.565,16.565,16.565,16.565
2026-10-05 16:51:00+00:00,16.565,16.565,16.565,16.565
2026-10-05 16:52:00+00:00,16.585,16.585,16.565,16.565
2026-10-05 16:53:00+00:00,16.585,16.585,16.575,16.585
2026-10-05 16:54:00+00:00,16.575,16.585,16.575,16.585
2026-10-05 16:55:00+00:00,16.575,16.575,16.56,16.575
2026-10-05 16:56:00+00:00,16.575,16.575,16.565,16.575
2026-10-05 16:57:00+00:00,16.575,16.575,16.575,16.575
2026-10-05 16:58:00+00:00,16.575,16.575,16.575,16.575
2026-10-05 16:59:00+00:00,16.575,16.585,16.575,16.575
2026-10-05 17:00:00+00:00,16.575,16.595,16.57,16.575
2026-10-05 17:01:00+00:00,16.575,16.585,16.575,16.575
2026-10-05 17:02:00+00:00,16.575,16.575,16.575,16.575
2026-10-05 17:03:00+00:00,16.57,16.575,16.57,16.575
2026-10-05 17:04:00+00:00,16.575,16.575,16.565,16.57
2026-10-05 17:05:00+00:00,16.575,16.575,16.57,16.575
2026-10-05 17:06:00+00:00,16.565,16.575,16.565,16.575
2026-10-05 17:07:00+00:00,16.565,16.565,16.565,16.565
2026-10-05 17:08:00+00:00,16.565,16.565,16.565,16.565
2026-10-05 17:09:00+00:00,16.565,16.565,16.565,16.565
2026-10-05 17:10:00+00:00,16.565,16.565,16.565,16.565
2026-10-05 17:11:00+00:00,16.565,16.565,16.565,16.565
2026-10-05 17:12:00+00:00,16.565,16.565,16.565,16.565
2026-10-05 17:13:00+00:00,16.565,16.565,16.565,16.565
2026-10-05 17:14:00+00:00,16.565,16.565,16.565,16.565
2026-10-05 17:15:00+00:00,16.555,16.565,16.545,16.565
2026-10-05 17:16:00+00:00,16.565,16.565,16.555,16.555
2026-10-05 17:17:00+00:00,16.555,16.565,16.555,16.565
2026-10-05 17:18:00+00:00,16.55,16.565,16.55,16.555
2026-10-05 17:19:00+00:00,16.535,16.555,16.535,16.55
2026-10-05 17:20:00+00:00,16.545,16.545,16.535,16.535
2026-10-05 17:21:00+00:00,16.545,16.545,16.545,16.545
2026-10-05 17:22:00+00:00,16.545,16.545,16.54,16.545
2026-10-05 17:23:00+00:00,16.535,16.545,16.535,16.545
2026-10-05 17:24:00+00:00,16.535,16.535,16.535,16.535
2026-10-05 17:25:00+00:00,16.565,16.565,16.535,16.535
2026-10-05 17:26:00+00:00,16.565,16.565,16.555,16.565
2026-10-05 17:27:00+00:00,16.565,16.565,16.565,16.565
2026-10-05 17:28:00+00:00,16.565,16.57,16.565,16.565
2026-10-05 17:29:00+00:00,16.565,16.565,16.565,16.565
2026-10-05 17:30:00+00:00,16.575,16.575,16.565,16.565
2026-10-05 17:31:00+00:00,16.575,16.585,16.575,16.575
2026-10-05 17:32:00+00:00,16.585,16.585,16.575,16.575
2026-10-05 17:33:00+00:00,16.585,16.585,16.585,16.585
2026-10-05 17:34:00+00:00,16.585,16.585,16.58,16.585
2026-10-05 17:35:00+00:00,16.585,16.585,16.585,16.585
2026-10-05 17:36:00+00:00,16.585,16.585,16.585,16.585
2026-10-05 17:37:00+00:00,16.585,16.585,16.585,16.585
2026-10-05 17:38:00+00:00,16.585,16.585,16.585,16.585
2026-10-05 17:39:00+00:00,16.575,16.585,16.575,16.585
2026-10-05 17:40:00+00:00,16.575,16.575,16.575,16.575
2026-10-05 17:41:00+00:00,16.575,16.575,16.575,16.575
2026-10-05 17:42:00+00:00,16.575,16.575,16.575,16.575
2026-10-05 17:43:00+00:00,16.575,16.575,16.575,16.575
2026-10-05 17:44:00+00:00,16.585,16.585,16.575,16.575
2026-10-05 17:45:00+00:00,16.585,16.585,16.585,16.585
2026-10-05 17:46:00+00:00,16.575,16.585,16.575,16.585
2026-10-05 17:47:00+00:00,16.575,16.575,16.575,16.575
2026-10-05 17:48:00+00:00,16.605,16.605,16.575,16.575
2026-10-05 17:49:00+00:00,16.605,16.61,16.605,16.605
2026-10-05 17:50:00+00:00,16.615,16.615,16.605,16.605
2026-10-05 17:51:00+00:00,16.615,16.615,16.61,16.615
2026-10-05 17:52:00+00:00,16.605,16.615,16.605,16.615
2026-10-05 17:53:00+00:00,16.605,16.605,16.6,16.605
2026-10-05 17:54:00+00:00,16.605,16.605,16.605,16.605
2026-10-05 17:55:00+00:00,16.615,16.615,16.605,16.605
2026-10-05 17:56:00+00:00,16.605,16.615,16.605,16.615
2026-10-05 17:57:00+00:00,16.605,16.605,16.605,16.605
2026-10-05 17:58:00+00:00,16.615,16.615,16.605,16.605
2026-10-05 17:59:00+00:00,16.605,16.615,16.605,16.615
2026-10-05 18:00:00+00:00,16.615,16.615,16.605,16.605
2026-10-05 18:01:00+00:00,16.605,16.615,16.605,16.615
2026-10-05 18:02:00+00:00,16.605,16.61,16.595,16.605
2026-10-05 18:03:00+00:00,16.595,16.605,16.595,16.605
2026-10-05 18:04:00+00:00,16.595,16.605,16.595,16.595
2026-10-05 18:05:00+00:00,16.595,16.615,16.595,16.595
2026-10-05 18:06:00+00:00,16.605,16.605,16.595,16.595
2026-10-05 18:07:00+00:00,16.605,16.61,16.605,16.605
2026-10-05 18:08:00+00:00,16.605,16.61,16.605,16.605
2026-10-05 18:09:00+00:00,16.615,16.635,16.605,16.605
2026-10-05 18:10:00+00:00,16.645,16.645,16.605,16.615
2026-10-05 18:11:00+00:00,16.645,16.645,16.645,16.645
2026-10-05 18:12:00+00:00,16.645,16.645,16.645,16.645
2026-10-05 18:13:00+00:00,16.665,16.67,16.645,16.645
2026-10-05 18:14:00+00:00,16.665,16.665,16.64,16.665
2026-10-05 18:15:00+00:00,16.665,16.665,16.66,16.665
2026-10-05 18:16:00+00:00,16.665,16.67,16.665,16.665
2026-10-05 18:17:00+00:00,16.655,16.665,16.655,16.665
2026-10-05 18:18:00+00:00,16.665,16.665,16.655,16.655
2026-10-05 18:19:00+00:00,16.665,16.665,16.665,16.665
2026-10-05 18:20:00+00:00,16.665,16.665,16.665,16.665
2026-10-05 18:21:00+00:00,16.665,16.665,16.665,16.665
2026-10-05 18:22:00+00:00,16.665,16.665,16.665,16.665
2026-10-05 18:23:00+00:00,16.665,16.665,16.665,16.665
2026-10-05 18:24:00+00:00,16.665,16.665,16.665,16.665
2026-10-05 18:25:00+00:00,16.665,16.665,16.645,16.665
2026-10-05 18:26:00+00:00,16.665,16.665,16.665,16.665
2026-10-05 18:27:00+00:00,16.665,16.67,16.665,16.665
2026-10-05 18:28:00+00:00,16.665,16.67,16.655,16.665
2026-10-05 18:29:00+00:00,16.665,16.67,16.665,16.665
2026-10-05 18:30:00+00:00,16.675,16.68,16.66,16.665
2026-10-05 18:31:00+00:00,16.685,16.685,16.675,16.675
2026-10-05 18:32:00+00:00,16.675,16.685,16.675,16.685
2026-10-05 18:33:00+00:00,16.675,16.675,16.675,16.675
2026-10-05 18:34:00+00:00,16.665,16.675,16.665,16.675
2026-10-05 18:35:00+00:00,16.675,16.675,16.665,16.665
2026-10-05 18:36:00+00:00,16.675,16.675,16.675,16.675
2026-10-05 18:37:00+00:00,16.675,16.675,16.675,16.675
2026-10-05 18:38:00+00:00,16.675,16.675,16.675,16.675
2026-10-05 18:39:00+00:00,16.675,16.675,16.675,16.675
2026-10-05 18:40:00+00:00,16.675,16.675,16.675,16.675
2026-10-05 18:41:00+00:00,16.675,16.675,16.675,16.675
2026-10-05 18:42:00+00:00,16.675,16.675,16.675,16.675
2026-10-05 18:43:00+00:00,16.665,16.675,16.665,16.675
2026-10-05 18:44:00+00:00,16.665,16.665,16.66,16.665
2026-10-05 18:45:00+00:00,16.645,16.675,16.645,16.665
2026-10-05 18:46:00+00:00,16.655,16.66,16.645,16.645
2026-10-05 18:47:00+00:00,16.665,16.665,16.655,16.66
2026-10-05 18:48:00+00:00,16.665,16.665,16.665,16.665
2026-10-05 18:49:00+00:00,16.655,16.665,16.655,16.665
2026-10-05 18:50:00+00:00,16.665,16.665,16.655,16.655
2026-10-05 18:51:00+00:00,16.665,16.665,16.645,16.665
2026-10-05 18:52:00+00:00,16.665,16.665,16.665,16.665
2026-10-05 18:53:00+00:00,16.665,16.665,16.66,16.665
2026-10-05 18:54:00+00:00,16.665,16.665,16.665,16.665
2026-10-05 18:55:00+00:00,16.665,16.67,16.66,16.665
2026-10-05 18:56:00+00:00,16.675,16.675,16.665,16.665
2026-10-05 18:57:00+00:00,16.685,16.685,16.675,16.675
2026-10-05 18:58:00+00:00,16.685,16.685,16.685,16.685
2026-10-05 18:59:00+00:00,16.685,16.695,16.685,16.685
2026-10-05 19:00:00+00:00,16.675,16.685,16.675,16.685
2026-10-05 19:01:00+00:00,16.665,16.675,16.66,16.675
2026-10-05 19:02:00+00:00,16.655,16.665,16.655,16.665
2026-10-05 19:03:00+00:00,16.655,16.665,16.645,16.655
2026-10-05 19:04:00+00:00,16.665,16.67,16.655,16.655
2026-10-05 19:05:00+00:00,16.665,16.67,16.66,16.665
2026-10-05 19:06:00+00:00,16.665,16.665,16.655,16.665
2026-10-05 19:07:00+00:00,16.665,16.675,16.665,16.665
2026-10-05 19:08:00+00:00,16.665,16.665,16.665,16.665
2026-10-05 19:09:00+00:00,16.665,16.67,16.665,16.665
2026-10-05 19:10:00+00:00,16.665,16.665,16.665,16.665
2026-10-05 19:11:00+00:00,16.665,16.67,16.665,16.665
2026-10-05 19:12:00+00:00,16.665,16.665,16.665,16.665
2026-10-05 19:13:00+00:00,16.66,16.665,16.645,16.665
2026-10-05 19:14:00+00:00,16.665,16.67,16.655,16.66
2026-10-05 19:15:00+00:00,16.665,16.675,16.665,16.665
2026-10-05 19:16:00+00:00,16.665,16.665,16.66,16.665
2026-10-05 19:17:00+00:00,16.665,16.67,16.655,16.665
2026-10-05 19:18:00+00:00,16.655,16.665,16.655,16.665
2026-10-05 19:19:00+00:00,16.655,16.665,16.655,16.655
2026-10-05 19:20:00+00:00,16.665,16.67,16.655,16.655
2026-10-05 19:21:00+00:00,16.665,16.67,16.655,16.665
2026-10-05 19:22:00+00:00,16.675,16.68,16.665,16.665
2026-10-05 19:23:00+00:00,16.675,16.68,16.665,16.675
2026-10-05 19:24:00+00:00,16.675,16.68,16.67,16.675
2026-10-05 19:25:00+00:00,16.665,16.675,16.66,16.675
2026-10-05 19:26:00+00:00,16.675,16.675,16.665,16.665
2026-10-05 19:27:00+00:00,16.675,16.675,16.675,16.675
2026-10-05 19:28:00+00:00,16.675,16.68,16.675,16.675
2026-10-05 19:29:00+00:00,16.675,16.68,16.675,16.675
2026-10-05 19:30:00+00:00,16.675,16.685,16.67,16.675
2026-10-05 19:31:00+00:00,16.675,16.685,16.675,16.675
2026-10-05 19:32:00+00:00,16.685,16.69,16.675,16.675
2026-10-05 19:33:00+00:00,16.685,16.69,16.685,16.685
2026-10-05 19:34:00+00:00,16.675,16.69,16.655,16.685
2026-10-05 19:35:00+00:00,16.675,16.675,16.665,16.675
2026-10-05 19:36:00+00:00,16.675,16.675,16.675,16.675
2026-10-05 19:37:00+00:00,16.675,16.675,16.67,16.675
2026-10-05 19:38:00+00:00,16.675,16.675,16.675,16.675
2026-10-05 19:39:00+00:00,16.675,16.685,16.675,16.675
2026-10-05 19:40:00+00:00,16.675,16.675,16.67,16.675
2026-10-05 19:41:00+00:00,16.685,16.685,16.675,16.675
2026-10-05 19:42:00+00:00,16.685,16.695,16.685,16.685
2026-10-05 19:43:00+00:00,16.685,16.685,16.685,16.685
2026-10-05 19:44:00+00:00,16.685,16.685,16.685,16.685
2026-10-05 19:45:00+00:00,16.695,16.715,16.685,16.685
2026-10-05 19:46:00+00:00,16.695,16.7,16.69,16.695
2026-10-05 19:47:00+00:00,16.695,16.705,16.695,16.695
2026-10-05 19:48:00+00:00,16.695,16.695,16.695,16.695
2026-10-05 19:49:00+00:00,16.74,16.74,16.695,16.695
2026-10-05 19:50:00+00:00,16.735,16.755,16.725,16.735
2026-10-05 19:51:00+00:00,16.745,16.745,16.735,16.735
2026-10-05 19:52:00+00:00,16.745,16.745,16.735,16.745
2026-10-05 19:53:00+00:00,16.755,16.765,16.745,16.745
2026-10-05 19:54:00+00:00,16.755,16.755,16.755,16.755
2026-10-05 19:55:00+00:00,16.745,16.76,16.745,16.755
2026-10-05 19:56:00+00:00,16.745,16.745,16.73,16.745
2026-10-05 19:57:00+00:00,16.745,16.75,16.745,16.745
2026-10-05 19:58:00+00:00,16.695,16.745,16.69,16.745
2026-10-05 19:59:00+00:00,16.655,16.7,16.655,16.695
2026-10-06 13:30:00+00:00,16.325,16.34,16.32,16.32
2026-10-06 13:31:00+00:00,16.36,16.36,16.325,16.325
2026-10-06 13:32:00+00:00,16.385,16.4,16.36,16.36
2026-10-06 13:33:00+00:00,16.44,16.445,16.375,16.385
2026-10-06 13:34:00+00:00,16.425,16.44,16.42,16.44
2026-10-06 13:35:00+00:00,16.435,16.435,16.415,16.425
2026-10-06 13:36:00+00:00,16.425,16.435,16.425,16.435
2026-10-06 13:37:00+00:00,16.435,16.435,16.415,16.425
2026-10-06 13:38:00+00:00,16.405,16.435,16.405,16.435
2026-10-06 13:39:00+00:00,16.415,16.415,16.405,16.405
2026-10-06 13:40:00+00:00,16.425,16.425,16.395,16.415
2026-10-06 13:41:00+00:00,16.445,16.455,16.42,16.425
2026-10-06 13:42:00+00:00,16.44,16.445,16.435,16.445
2026-10-06 13:43:00+00:00,16.445,16.445,16.435,16.44
2026-10-06 13:44:00+00:00,16.445,16.45,16.435,16.445
2026-10-06 13:45:00+00:00,16.455,16.465,16.42,16.445
2026-10-06 13:46:00+00:00,16.435,16.47,16.435,16.455
2026-10-06 13:47:00+00:00,16.435,16.435,16.43,16.435
2026-10-06 13:48:00+00:00,16.435,16.445,16.435,16.435
2026-10-06 13:49:00+00:00,16.415,16.435,16.41,16.435
2026-10-06 13:50:00+00:00,16.405,16.425,16.4,16.415
2026-10-06 13:51:00+00:00,16.425,16.43,16.37,16.41
2026-10-06 13:52:00+00:00,16.415,16.43,16.415,16.425
2026-10-06 13:53:00+00:00,16.425,16.425,16.415,16.415
2026-10-06 13:54:00+00:00,16.455,16.465,16.42,16.425
2026-10-06 13:55:00+00:00,16.485,16.485,16.445,16.45
2026-10-06 13:56:00+00:00,16.485,16.49,16.485,16.485
2026-10-06 13:57:00+00:00,16.495,16.495,16.475,16.485
2026-10-06 13:58:00+00:00,16.485,16.5,16.48,16.495
2026-10-06 13:59:00+00:00,16.495,16.495,16.485,16.485
2026-10-06 14:00:00+00:00,16.485,16.495,16.475,16.495
2026-10-06 14:01:00+00:00,16.485,16.485,16.48,16.485
2026-10-06 14:02:00+00:00,16.505,16.505,16.485,16.485
2026-10-06 14:03:00+00:00,16.505,16.525,16.5,16.505
2026-10-06 14:04:00+00:00,16.495,16.505,16.485,16.505
2026-10-06 14:05:00+00:00,16.495,16.505,16.49,16.495
2026-10-06 14:06:00+00:00,16.505,16.505,16.495,16.495
2026-10-06 14:07:00+00:00,16.495,16.505,16.485,16.505
2026-10-06 14:08:00+00:00,16.495,16.495,16.485,16.495
2026-10-06 14:09:00+00:00,16.495,16.495,16.485,16.495
2026-10-06 14:10:00+00:00,16.505,16.515,16.495,16.495
2026-10-06 14:11:00+00:00,16.525,16.535,16.505,16.505
2026-10-06 14:12:00+00:00,16.535,16.54,16.525,16.525
2026-10-06 14:13:00+00:00,16.525,16.535,16.52,16.535
2026-10-06 14:14:00+00:00,16.525,16.53,16.515,16.525
2026-10-06 14:15:00+00:00,16.525,16.53,16.515,16.525
2026-10-06 14:16:00+00:00,16.525,16.53,16.52,16.525
2026-10-06 14:17:00+00:00,16.525,16.535,16.515,16.525
2026-10-06 14:18:00+00:00,16.515,16.525,16.505,16.525
2026-10-06 14:19:00+00:00,16.485,16.525,16.485,16.515
2026-10-06 14:20:00+00:00,16.445,16.495,16.445,16.485
2026-10-06 14:21:00+00:00,16.455,16.455,16.445,16.445
2026-10-06 14:22:00+00:00,16.435,16.455,16.435,16.455
2026-10-06 14:23:00+00:00,16.445,16.445,16.435,16.435
2026-10-06 14:24:00+00:00,16.45,16.455,16.445,16.445
2026-10-06 14:25:00+00:00,16.445,16.455,16.44,16.45
2026-10-06 14:26:00+00:00,16.435,16.455,16.435,16.445
2026-10-06 14:27:00+00:00,16.405,16.435,16.395,16.435
2026-10-06 14:28:00+00:00,16.41,16.415,16.4,16.405
2026-10-06 14:29:00+00:00,16.385,16.415,16.385,16.41
2026-10-06 14:30:00+00:00,16.385,16.39,16.38,16.385
2026-10-06 14:31:00+00:00,16.395,16.395,16.37,16.385
2026-10-06 14:32:00+00:00,16.395,16.405,16.395,16.395
2026-10-06 14:33:00+00:00,16.385,16.395,16.385,16.395
2026-10-06 14:34:00+00:00,16.385,16.385,16.385,16.385
2026-10-06 14:35:00+00:00,16.375,16.385,16.37,16.385
2026-10-06 14:36:00+00:00,16.385,16.385,16.365,16.375
2026-10-06 14:37:00+00:00,16.395,16.395,16.38,16.385
2026-10-06 14:38:00+00:00,16.39,16.395,16.39,16.395
2026-10-06 14:39:00+00:00,16.385,16.395,16.385,16.39
2026-10-06 14:40:00+00:00,16.375,16.39,16.37,16.385
2026-10-06 14:41:00+00:00,16.375,16.375,16.37,16.375
2026-10-06 14:42:00+00:00,16.365,16.385,16.36,16.375
2026-10-06 14:43:00+00:00,16.355,16.365,16.335,16.365
2026-10-06 14:44:00+00:00,16.385,16.39,16.36,16.36
2026-10-06 14:45:00+00:00,16.385,16.39,16.38,16.385
2026-10-06 14:46:00+00:00,16.38,16.385,16.375,16.385
2026-10-06 14:47:00+00:00,16.365,16.375,16.35,16.375
2026-10-06 14:48:00+00:00,16.375,16.375,16.365,16.365
2026-10-06 14:49:00+00:00,16.365,16.38,16.365,16.375
2026-10-06 14:50:00+00:00,16.365,16.37,16.365,16.365
2026-10-06 14:51:00+00:00,16.365,16.375,16.36,16.365
2026-10-06 14:52:00+00:00,16.355,16.365,16.355,16.365
2026-10-06 14:53:00+00:00,16.345,16.355,16.345,16.355
2026-10-06 14:54:00+00:00,16.355,16.355,16.345,16.345
2026-10-06 14:55:00+00:00,16.365,16.365,16.355,16.355
2026-10-06 14:56:00+00:00,16.365,16.365,16.365,16.365
2026-10-06 14:57:00+00:00,16.375,16.375,16.365,16.365
2026-10-06 14:58:00+00:00,16.36,16.4,16.36,16.375
2026-10-06 14:59:00+00:00,16.365,16.365,16.36,16.365
2026-10-06 15:00:00+00:00,16.36,16.365,16.36,16.365
2026-10-06 15:01:00+00:00,16.36,16.365,16.355,16.365
2026-10-06 15:02:00+00:00,16.34,16.37,16.34,16.36
2026-10-06 15:03:00+00:00,16.335,16.345,16.325,16.34
2026-10-06 15:04:00+00:00,16.335,16.335,16.335,16.335
2026-10-06 15:05:00+00:00,16.345,16.345,16.335,16.335
2026-10-06 15:06:00+00:00,16.345,16.35,16.345,16.345
2026-10-06 15:07:00+00:00,16.335,16.345,16.335,16.345
2026-10-06 15:08:00+00:00,16.335,16.335,16.335,16.335
2026-10-06 15:09:00+00:00,16.335,16.335,16.335,16.335
2026-10-06 15:10:00+00:00,16.345,16.345,16.335,16.335
2026-10-06 15:11:00+00:00,16.345,16.345,16.34,16.345
2026-10-06 15:12:00+00:00,16.345,16.345,16.34,16.345
2026-10-06 15:13:00+00:00,16.355,16.355,16.34,16.345
2026-10-06 15:14:00+00:00,16.355,16.355,16.35,16.355
2026-10-06 15:15:00+00:00,16.355,16.355,16.345,16.355
2026-10-06 15:16:00+00:00,16.345,16.355,16.345,16.355
2026-10-06 15:17:00+00:00,16.315,16.345,16.315,16.345
2026-10-06 15:18:00+00:00,16.285,16.325,16.285,16.315
2026-10-06 15:19:00+00:00,16.295,16.295,16.285,16.285
2026-10-06 15:20:00+00:00,16.285,16.295,16.285,16.295
2026-10-06 15:21:00+00:00,16.295,16.295,16.285,16.285
2026-10-06 15:22:00+00:00,16.285,16.31,16.28,16.295
2026-10-06 15:23:00+00:00,16.295,16.295,16.28,16.285
2026-10-06 15:24:00+00:00,16.335,16.335,16.295,16.295
2026-10-06 15:25:00+00:00,16.335,16.345,16.33,16.335
2026-10-06 15:26:00+00:00,16.34,16.345,16.335,16.335
2026-10-06 15:27:00+00:00,16.33,16.345,16.33,16.345
2026-10-06 15:28:00+00:00,16.325,16.335,16.305,16.33
2026-10-06 15:29:00+00:00,16.335,16.345,16.325,16.325
2026-10-06 15:30:00+00:00,16.295,16.335,16.29,16.335
2026-10-06 15:31:00+00:00,16.295,16.295,16.295,16.295
2026-10-06 15:32:00+00:00,16.295,16.305,16.295,16.295
2026-10-06 15:33:00+00:00,16.295,16.295,16.295,16.295
2026-10-06 15:34:00+00:00,16.295,16.295,16.295,16.295
2026-10-06 15:35:00+00:00,16.305,16.305,16.295,16.295
2026-10-06 15:36:00+00:00,16.295,16.305,16.285,16.305
2026-10-06 15:37:00+00:00,16.285,16.295,16.285,16.295
2026-10-06 15:38:00+00:00,16.285,16.285,16.285,16.285
2026-10-06 15:39:00+00:00,16.295,16.295,16.285,16.285
2026-10-06 15:40:00+00:00,16.285,16.305,16.285,16.295
2026-10-06 15:41:00+00:00,16.275,16.285,16.275,16.285
2026-10-06 15:42:00+00:00,16.275,16.275,16.275,16.275
2026-10-06 15:43:00+00:00,16.275,16.275,16.275,16.275
2026-10-06 15:44:00+00:00,16.275,16.275,16.275,16.275
2026-10-06 15:45:00+00:00,16.275,16.285,16.275,16.275
2026-10-06 15:46:00+00:00,16.275,16.285,16.275,16.275
2026-10-06 15:47:00+00:00,16.275,16.28,16.275,16.275
2026-10-06 15:48:00+00:00,16.285,16.285,16.275,16.275
2026-10-06 15:49:00+00:00,16.285,16.285,16.285,16.285
2026-10-06 15:50:00+00:00,16.285,16.285,16.275,16.285
2026-10-06 15:51:00+00:00,16.275,16.285,16.275,16.285
2026-10-06 15:52:00+00:00,16.275,16.275,16.27,16.275
2026-10-06 15:53:00+00:00,16.275,16.275,16.27,16.275
2026-10-06 15:54:00+00:00,16.275,16.275,16.275,16.275
2026-10-06 15:55:00+00:00,16.275,16.275,16.275,16.275
2026-10-06 15:56:00+00:00,16.275,16.275,16.265,16.275
2026-10-06 15:57:00+00:00,16.275,16.285,16.275,16.275
2026-10-06 15:58:00+00:00,16.265,16.275,16.26,16.275
2026-10-06 15:59:00+00:00,16.27,16.275,16.265,16.265
2026-10-06 16:00:00+00:00,16.23,16.275,16.225,16.27
2026-10-06 16:01:00+00:00,16.195,16.225,16.175,16.225
2026-10-06 16:02:00+00:00,16.205,16.205,16.195,16.195
2026-10-06 16:03:00+00:00,16.205,16.205,16.2,16.205
2026-10-06 16:04:00+00:00,16.205,16.205,16.195,16.205
2026-10-06 16:05:00+00:00,16.195,16.205,16.195,16.205
2026-10-06 16:06:00+00:00,16.195,16.205,16.195,16.195
2026-10-06 16:07:00+00:00,16.195,16.205,16.19,16.195
2026-10-06 16:08:00+00:00,16.195,16.205,16.195,16.195
2026-10-06 16:09:00+00:00,16.195,16.205,16.195,16.195
2026-10-06 16:10:00+00:00,16.205,16.205,16.195,16.2
2026-10-06 16:11:00+00:00,16.205,16.205,16.205,16.205
2026-10-06 16:12:00+00:00,16.205,16.205,16.2,16.205
2026-10-06 16:13:00+00:00,16.205,16.215,16.205,16.205
2026-10-06 16:14:00+00:00,16.205,16.21,16.195,16.205
2026-10-06 16:15:00+00:00,16.205,16.205,16.205,16.205
2026-10-06 16:16:00+00:00,16.205,16.215,16.2,16.205
2026-10-06 16:17:00+00:00,16.145,16.205,16.135,16.205
2026-10-06 16:18:00+00:00,16.135,16.145,16.13,16.145
2026-10-06 16:19:00+00:00,16.135,16.135,16.13,16.135
2026-10-06 16:20:00+00:00,16.135,16.145,16.135,16.135
2026-10-06 16:21:00+00:00,16.135,16.135,16.135,16.135
2026-10-06 16:22:00+00:00,16.125,16.135,16.12,16.135
2026-10-06 16:23:00+00:00,16.12,16.125,16.115,16.125
2026-10-06 16:24:00+00:00,16.085,16.125,16.07,16.12
2026-10-06 16:25:00+00:00,16.07,16.085,16.065,16.085
2026-10-06 16:26:00+00:00,16.065,16.075,16.065,16.07
2026-10-06 16:27:00+00:00,16.075,16.08,16.065,16.065
2026-10-06 16:28:00+00:00,16.065,16.075,16.055,16.075
2026-10-06 16:29:00+00:00,16.045,16.075,16.045,16.065
2026-10-06 16:30:00+00:00,16.045,16.06,16.045,16.045
2026-10-06 16:31:00+00:00,16.015,16.055,16.015,16.045
2026-10-06 16:32:00+00:00,16.015,16.025,16.005,16.015
2026-10-06 16:33:00+00:00,16.015,16.015,16.015,16.015
2026-10-06 16:34:00+00:00,16.015,16.025,16.015,16.015
2026-10-06 16:35:00+00:00,16.015,16.025,16.005,16.015
2026-10-06 16:36:00+00:00,16.015,16.025,16.015,16.015
2026-10-06 16:37:00+00:00,16.025,16.035,16.015,16.015
2026-10-06 16:38:00+00:00,16.005,16.035,16.005,16.025
2026-10-06 16:39:00+00:00,16.005,16.01,16.0,16.005
2026-10-06 16:40:00+00:00,16.005,16.055,16.005,16.005
2026-10-06 16:41:00+00:00,15.985,16.005,15.985,16.005
2026-10-06 16:42:00+00:00,16.005,16.005,15.985,15.985
2026-10-06 16:43:00+00:00,16.005,16.005,16.005,16.005
2026-10-06 16:44:00+00:00,16.015,16.015,16.0,16.005
2026-10-06 16:45:00+00:00,16.005,16.015,16.005,16.015
2026-10-06 16:46:00+00:00,16.015,16.015,16.005,16.005
2026-10-06 16:47:00+00:00,16.015,16.025,16.005,16.015
2026-10-06 16:48:00+00:00,16.045,16.05,16.01,16.01
2026-10-06 16:49:00+00:00,16.055,16.06,16.045,16.045
2026-10-06 16:50:00+00:00,16.055,16.065,16.055,16.055
2026-10-06 16:51:00+00:00,16.055,16.065,16.055,16.055
2026-10-06 16:52:00+00:00,16.055,16.06,16.055,16.055
2026-10-06 16:53:00+00:00,16.055,16.065,16.055,16.055
2026-10-06 16:54:00+00:00,16.075,16.075,16.055,16.055
2026-10-06 16:55:00+00:00,16.075,16.085,16.075,16.075
2026-10-06 16:56:00+00:00,16.065,16.08,16.055,16.075
2026-10-06 16:57:00+00:00,16.065,16.065,16.055,16.065
2026-10-06 16:58:00+00:00,16.07,16.075,16.065,16.065
2026-10-06 16:59:00+00:00,16.065,16.075,16.06,16.075
2026-10-06 17:00:00+00:00,16.075,16.095,16.065,16.065
2026-10-06 17:01:00+00:00,16.08,16.085,16.07,16.07
2026-10-06 17:02:00+00:00,16.085,16.095,16.08,16.08
2026-10-06 17:03:00+00:00,16.075,16.1,16.065,16.085
2026-10-06 17:04:00+00:00,16.075,16.085,16.075,16.075
2026-10-06 17:05:00+00:00,16.075,16.075,16.065,16.075
2026-10-06 17:06:00+00:00,16.075,16.08,16.07,16.075
2026-10-06 17:07:00+00:00,16.075,16.085,16.07,16.075
2026-10-06 17:08:00+00:00,16.075,16.075,16.075,16.075
2026-10-06 17:09:00+00:00,16.075,16.085,16.07,16.075
2026-10-06 17:10:00+00:00,16.075,16.075,16.075,16.075
2026-10-06 17:11:00+00:00,16.055,16.075,16.055,16.075
2026-10-06 17:12:00+00:00,16.075,16.085,16.06,16.06
2026-10-06 17:13:00+00:00,16.075,16.095,16.075,16.075
2026-10-06 17:14:00+00:00,16.075,16.08,16.075,16.075
2026-10-06 17:15:00+00:00,16.075,16.075,16.07,16.075
2026-10-06 17:16:00+00:00,16.085,16.085,16.075,16.075
2026-10-06 17:17:00+00:00,16.085,16.085,16.085,16.085
2026-10-06 17:18:00+00:00,16.085,16.085,16.085,16.085
2026-10-06 17:19:00+00:00,16.085,16.095,16.085,16.085
2026-10-06 17:20:00+00:00,16.07,16.095,16.065,16.085
2026-10-06 17:21:00+00:00,16.085,16.105,16.065,16.07
2026-10-06 17:22:00+00:00,16.105,16.115,16.085,16.085
2026-10-06 17:23:00+00:00,16.105,16.115,16.095,16.105
2026-10-06 17:24:00+00:00,16.095,16.115,16.095,16.105
2026-10-06 17:25:00+00:00,16.095,16.1,16.09,16.095
2026-10-06 17:26:00+00:00,16.065,16.095,16.065,16.095
2026-10-06 17:27:00+00:00,16.055,16.065,16.055,16.065
2026-10-06 17:28:00+00:00,16.055,16.055,16.055,16.055
2026-10-06 17:29:00+00:00,16.055,16.055,16.055,16.055
2026-10-06 17:30:00+00:00,16.055,16.055,16.05,16.055
2026-10-06 17:31:00+00:00,16.055,16.055,16.035,16.045
2026-10-06 17:32:00+00:00,16.055,16.055,16.055,16.055
2026-10-06 17:33:00+00:00,16.045,16.055,16.045,16.055
2026-10-06 17:34:00+00:00,16.045,16.045,16.04,16.045
2026-10-06 17:35:00+00:00,16.035,16.045,16.035,16.045
2026-10-06 17:36:00+00:00,16.035,16.035,16.035,16.035
2026-10-06 17:37:00+00:00,16.025,16.035,16.0,16.035
2026-10-06 17:38:00+00:00,16.015,16.025,16.015,16.025
2026-10-06 17:39:00+00:00,16.005,16.02,16.005,16.015
2026-10-06 17:40:00+00:00,16.005,16.015,16.005,16.005
2026-10-06 17:41:00+00:00,16.005,16.005,16.005,16.005
2026-10-06 17:42:00+00:00,16.005,16.005,16.005,16.005
2026-10-06 17:43:00+00:00,15.995,16.005,15.995,16.005
2026-10-06 17:44:00+00:00,16.005,16.005,15.995,15.995
2026-10-06 17:45:00+00:00,16.005,16.005,16.005,16.005
2026-10-06 17:46:00+00:00,15.995,16.005,15.995,16.005
2026-10-06 17:47:00+00:00,15.995,15.995,15.995,15.995
2026-10-06 17:48:00+00:00,15.995,15.995,15.995,15.995
2026-10-06 17:49:00+00:00,15.995,15.995,15.985,15.995
2026-10-06 17:50:00+00:00,15.995,15.995,15.995,15.995
2026-10-06 17:51:00+00:00,16.005,16.005,15.995,15.995
2026-10-06 17:52:00+00:00,15.995,16.005,15.985,16.005
2026-10-06 17:53:00+00:00,15.995,15.995,15.995,15.995
2026-10-06 17:54:00+00:00,16.005,16.005,15.995,15.995
2026-10-06 17:55:00+00:00,16.025,16.035,16.005,16.005
2026-10-06 17:56:00+00:00,16.035,16.035,16.015,16.025
2026-10-06 17:57:00+00:00,16.015,16.035,16.015,16.035
2026-10-06 17:58:00+00:00,15.995,16.015,15.995,16.015
2026-10-06 17:59:00+00:00,15.995,15.995,15.995,15.995
2026-10-06 18:00:00+00:00,15.985,15.995,15.985,15.995
2026-10-06 18:01:00+00:00,15.985,15.985,15.985,15.985
2026-10-06 18:02:00+00:00,15.975,15.985,15.975,15.985
2026-10-06 18:03:00+00:00,15.975,15.975,15.975,15.975
2026-10-06 18:04:00+00:00,15.985,15.985,15.975,15.975
2026-10-06 18:05:00+00:00,15.995,15.995,15.985,15.985
2026-10-06 18:06:00+00:00,16.025,16.025,15.995,15.995
2026-10-06 18:07:00+00:00,16.035,16.035,16.025,16.025
2026-10-06 18:08:00+00:00,16.035,16.035,16.025,16.035
2026-10-06 18:09:00+00:00,16.035,16.035,16.03,16.035
2026-10-06 18:10:00+00:00,16.055,16.055,16.03,16.035
2026-10-06 18:11:00+00:00,16.065,16.065,16.055,16.055
2026-10-06 18:12:00+00:00,16.065,16.065,16.065,16.065
2026-10-06 18:13:00+00:00,16.075,16.075,16.065,16.065
2026-10-06 18:14:00+00:00,16.065,16.075,16.065,16.075
2026-10-06 18:15:00+00:00,16.065,16.065,16.065,16.065
2026-10-06 18:16:00+00:00,16.065,16.065,16.065,16.065
2026-10-06 18:17:00+00:00,16.075,16.075,16.065,16.065
2026-10-06 18:18:00+00:00,16.075,16.075,16.075,16.075
2026-10-06 18:19:00+00:00,16.075,16.075,16.075,16.075
2026-10-06 18:20:00+00:00,16.075,16.075,16.075,16.075
2026-10-06 18:21:00+00:00,16.075,16.075,16.075,16.075
2026-10-06 18:22:00+00:00,16.065,16.085,16.065,16.075
2026-10-06 18:23:00+00:00,16.065,16.065,16.065,16.065
2026-10-06 18:24:00+00:00,16.065,16.065,16.065,16.065
2026-10-06 18:25:00+00:00,16.065,16.065,16.055,16.065
2026-10-06 18:26:00+00:00,16.065,16.065,16.065,16.065
2026-10-06 18:27:00+00:00,16.065,16.065,16.065,16.065
2026-10-06 18:28:00+00:00,16.075,16.075,16.065,16.065
2026-10-06 18:29:00+00:00,16.075,16.075,16.075,16.075
2026-10-06 18:30:00+00:00,16.075,16.075,16.075,16.075
2026-10-06 18:31:00+00:00,16.075,16.075,16.075,16.075
2026-10-06 18:32:00+00:00,16.065,16.075,16.065,16.075
2026-10-06 18:33:00+00:00,16.055,16.065,16.055,16.065
2026-10-06 18:34:00+00:00,16.045,16.06,16.04,16.055
2026-10-06 18:35:00+00:00,16.045,16.045,16.04,16.045
2026-10-06 18:36:00+00:00,16.045,16.065,16.04,16.045
2026-10-06 18:37:00+00:00,16.045,16.045,16.045,16.045
2026-10-06 18:38:00+00:00,16.045,16.045,16.045,16.045
2026-10-06 18:39:00+00:00,16.035,16.05,16.035,16.045
2026-10-06 18:40:00+00:00,16.035,16.035,16.035,16.035
2026-10-06 18:41:00+00:00,16.035,16.035,16.035,16.035
2026-10-06 18:42:00+00:00,16.025,16.035,16.025,16.035
2026-10-06 18:43:00+00:00,16.025,16.025,16.025,16.025
2026-10-06 18:44:00+00:00,16.025,16.025,16.025,16.025
2026-10-06 18:45:00+00:00,16.035,16.035,16.025,16.025
2026-10-06 18:46:00+00:00,16.035,16.035,16.035,16.035
2026-10-06 18:47:00+00:00,16.025,16.035,16.025,16.035
2026-10-06 18:48:00+00:00,16.025,16.03,16.025,16.025
2026-10-06 18:49:00+00:00,16.025,16.03,16.025,16.025
2026-10-06 18:50:00+00:00,16.025,16.025,16.025,16.025
2026-10-06 18:51:00+00:00,16.025,16.025,16.025,16.025
2026-10-06 18:52:00+00:00,16.025,16.025,16.025,16.025
2026-10-06 18:53:00+00:00,16.025,16.025,16.025,16.025
2026-10-06 18:54:00+00:00,16.025,16.025,16.02,16.025
2026-10-06 18:55:00+00:00,16.025,16.025,16.02,16.025
2026-10-06 18:56:00+00:00,16.025,16.025,16.025,16.025
2026-10-06 18:57:00+00:00,16.025,16.025,16.01,16.025
2026-10-06 18:58:00+00:00,16.025,16.025,16.025,16.025
2026-10-06 18:59:00+00:00,16.035,16.035,16.025,16.025
2026-10-06 19:00:00+00:00,16.025,16.035,16.025,16.035
2026-10-06 19:01:00+00:00,16.025,16.025,16.025,16.025
2026-10-06 19:02:00+00:00,16.025,16.025,16.025,16.025
2026-10-06 19:03:00+00:00,16.015,16.025,16.015,16.025
2026-10-06 19:04:00+00:00,16.015,16.015,16.015,16.015
2026-10-06 19:05:00+00:00,16.015,16.015,16.015,16.015
2026-10-06 19:06:00+00:00,16.015,16.015,16.015,16.015
2026-10-06 19:07:00+00:00,16.025,16.025,16.015,16.015
2026-10-06 19:08:00+00:00,16.025,16.025,16.025,16.025
2026-10-06 19:09:00+00:00,16.035,16.035,16.025,16.025
2026-10-06 19:10:00+00:00,16.025,16.035,16.025,16.035
2026-10-06 19:11:00+00:00,16.025,16.03,16.025,16.025
2026-10-06 19:12:00+00:00,16.025,16.025,16.025,16.025
2026-10-06 19:13:00+00:00,16.025,16.025,16.025,16.025
2026-10-06 19:14:00+00:00,16.025,16.025,16.025,16.025
2026-10-06 19:15:00+00:00,16.025,16.03,16.025,16.025
2026-10-06 19:16:00+00:00,16.025,16.025,16.015,16.025
2026-10-06 19:17:00+00:00,16.025,16.025,16.025,16.025
2026-10-06 19:18:00+00:00,16.025,16.03,16.025,16.025
2026-10-06 19:19:00+00:00,16.025,16.025,16.025,16.025
2026-10-06 19:20:00+00:00,16.025,16.025,16.015,16.025
2026-10-06 19:21:00+00:00,16.025,16.025,16.025,16.025
2026-10-06 19:22:00+00:00,16.035,16.035,16.025,16.025
2026-10-06 19:23:00+00:00,16.035,16.035,16.03,16.035
2026-10-06 19:24:00+00:00,16.035,16.035,16.035,16.035
2026-10-06 19:25:00+00:00,16.035,16.035,16.025,16.035
2026-10-06 19:26:00+00:00,16.035,16.035,16.035,16.035
2026-10-06 19:27:00+00:00,16.045,16.045,16.035,16.035
2026-10-06 19:28:00+00:00,16.045,16.045,16.04,16.045
2026-10-06 19:29:00+00:00,16.045,16.05,16.045,16.045
2026-10-06 19:30:00+00:00,16.035,16.045,16.02,16.045
2026-10-06 19:31:00+00:00,16.025,16.035,16.02,16.035
2026-10-06 19:32:00+00:00,16.035,16.04,16.025,16.025
2026-10-06 19:33:00+00:00,16.035,16.04,16.035,16.04
2026-10-06 19:34:00+00:00,16.035,16.04,16.01,16.035
2026-10-06 19:35:00+00:00,16.035,16.04,16.035,16.035
2026-10-06 19:36:00+00:00,16.035,16.04,16.035,16.035
2026-10-06 19:37:00+00:00,16.045,16.045,16.035,16.035
2026-10-06 19:38:00+00:00,16.035,16.045,16.035,16.045
2026-10-06 19:39:00+00:00,16.035,16.045,16.035,16.035
2026-10-06 19:40:00+00:00,16.035,16.035,16.035,16.035
2026-10-06 19:41:00+00:00,16.035,16.035,16.035,16.035
2026-10-06 19:42:00+00:00,16.045,16.05,16.035,16.035
2026-10-06 19:43:00+00:00,16.035,16.05,16.035,16.045
2026-10-06 19:44:00+00:00,16.035,16.04,16.035,16.035
2026-10-06 19:45:00+00:00,16.035,16.045,16.035,16.035
2026-10-06 19:46:00+00:00,16.045,16.05,16.035,16.035
2026-10-06 19:47:00+00:00,16.045,16.055,16.045,16.045
2026-10-06 19:48:00+00:00,16.045,16.045,16.045,16.045
2026-10-06 19:49:00+00:00,16.045,16.045,16.045,16.045
2026-10-06 19:50:00+00:00,16.045,16.05,16.025,16.045
2026-10-06 19:51:00+00:00,16.05,16.055,16.045,16.045
2026-10-06 19:52:00+00:00,16.045,16.05,16.045,16.05
2026-10-06 19:53:00+00:00,16.055,16.065,16.045,16.045
2026-10-06 19:54:00+00:00,16.045,16.055,16.04,16.055
2026-10-06 19:55:00+00:00,16.045,16.055,16.04,16.045
2026-10-06 19:56:00+00:00,16.045,16.05,16.045,16.045
2026-10-06 19:57:00+00:00,16.055,16.075,16.045,16.045
2026-10-06 19:58:00+00:00,16.045,16.055,16.045,16.055
2026-10-06 19:59:00+00:00,16.03,16.055,16.03,16.045
2026-10-07 13:30:00+00:00,16.52,16.58,16.515,16.565
2026-10-07 13:31:00+00:00,16.48,16.52,16.46,16.52
2026-10-07 13:32:00+00:00,16.495,16.51,16.47,16.48
2026-10-07 13:33:00+00:00,16.475,16.5,16.465,16.495
2026-10-07 13:34:00+00:00,16.505,16.51,16.465,16.475
2026-10-07 13:35:00+00:00,16.515,16.57,16.505,16.505
2026-10-07 13:36:00+00:00,16.535,16.55,16.515,16.515
2026-10-07 13:37:00+00:00,16.575,16.575,16.53,16.535
2026-10-07 13:38:00+00:00,16.615,16.625,16.565,16.575
2026-10-07 13:39:00+00:00,16.615,16.645,16.605,16.615
2026-10-07 13:40:00+00:00,16.605,16.615,16.595,16.615
2026-10-07 13:41:00+00:00,16.605,16.615,16.6,16.605
2026-10-07 13:42:00+00:00,16.525,16.605,16.525,16.605
2026-10-07 13:43:00+00:00,16.54,16.545,16.525,16.525
2026-10-07 13:44:00+00:00,16.555,16.555,16.505,16.54
2026-10-07 13:45:00+00:00,16.55,16.595,16.545,16.555
2026-10-07 13:46:00+00:00,16.595,16.6,16.535,16.55
2026-10-07 13:47:00+00:00,16.645,16.655,16.595,16.595
2026-10-07 13:48:00+00:00,16.625,16.655,16.61,16.645
2026-10-07 13:49:00+00:00,16.635,16.635,16.595,16.625
2026-10-07 13:50:00+00:00,16.545,16.635,16.54,16.635
2026-10-07 13:51:00+00:00,16.525,16.545,16.495,16.545
2026-10-07 13:52:00+00:00,16.525,16.555,16.52,16.525
2026-10-07 13:53:00+00:00,16.485,16.525,16.475,16.525
2026-10-07 13:54:00+00:00,16.445,16.495,16.43,16.485
2026-10-07 13:55:00+00:00,16.455,16.455,16.415,16.445
2026-10-07 13:56:00+00:00,16.455,16.475,16.44,16.455
2026-10-07 13:57:00+00:00,16.465,16.475,16.455,16.455
2026-10-07 13:58:00+00:00,16.405,16.475,16.4,16.465
2026-10-07 13:59:00+00:00,16.355,16.405,16.345,16.405
2026-10-07 14:00:00+00:00,16.38,16.4,16.345,16.355
2026-10-07 14:01:00+00:00,16.405,16.415,16.36,16.38
2026-10-07 14:02:00+00:00,16.405,16.435,16.395,16.405
2026-10-07 14:03:00+00:00,16.395,16.435,16.385,16.405
2026-10-07 14:04:00+00:00,16.395,16.415,16.395,16.395
2026-10-07 14:05:00+00:00,16.415,16.43,16.395,16.395
2026-10-07 14:06:00+00:00,16.405,16.445,16.395,16.415
2026-10-07 14:07:00+00:00,16.425,16.425,16.405,16.405
2026-10-07 14:08:00+00:00,16.425,16.445,16.415,16.425
2026-10-07 14:09:00+00:00,16.425,16.45,16.415,16.425
2026-10-07 14:10:00+00:00,16.495,16.495,16.425,16.425
2026-10-07 14:11:00+00:00,16.485,16.505,16.485,16.495
2026-10-07 14:12:00+00:00,16.505,16.515,16.475,16.485
2026-10-07 14:13:00+00:00,16.515,16.515,16.49,16.505
2026-10-07 14:14:00+00:00,16.485,16.525,16.485,16.515
2026-10-07 14:15:00+00:00,16.465,16.495,16.445,16.485
2026-10-07 14:16:00+00:00,16.385,16.485,16.385,16.465
2026-10-07 14:17:00+00:00,16.355,16.385,16.345,16.385
2026-10-07 14:18:00+00:00,16.365,16.365,16.335,16.355
2026-10-07 14:19:00+00:00,16.375,16.38,16.355,16.365
2026-10-07 14:20:00+00:00,16.375,16.385,16.36,16.375
2026-10-07 14:21:00+00:00,16.345,16.375,16.345,16.375
2026-10-07 14:22:00+00:00,16.37,16.37,16.345,16.345
2026-10-07 14:23:00+00:00,16.385,16.395,16.36,16.365
2026-10-07 14:24:00+00:00,16.385,16.395,16.365,16.385
2026-10-07 14:25:00+00:00,16.375,16.385,16.355,16.385
2026-10-07 14:26:00+00:00,16.385,16.395,16.375,16.375
2026-10-07 14:27:00+00:00,16.395,16.4,16.385,16.385
2026-10-07 14:28:00+00:00,16.405,16.42,16.395,16.395
2026-10-07 14:29:00+00:00,16.395,16.435,16.39,16.405
2026-10-07 14:30:00+00:00,16.375,16.405,16.32,16.395
2026-10-07 14:31:00+00:00,16.355,16.38,16.35,16.375
2026-10-07 14:32:00+00:00,16.345,16.365,16.335,16.355
2026-10-07 14:33:00+00:00,16.365,16.37,16.33,16.345
2026-10-07 14:34:00+00:00,16.385,16.395,16.365,16.365
2026-10-07 14:35:00+00:00,16.385,16.405,16.38,16.385
2026-10-07 14:36:00+00:00,16.395,16.395,16.375,16.385
2026-10-07 14:37:00+00:00,16.395,16.4,16.39,16.395
2026-10-07 14:38:00+00:00,16.395,16.415,16.39,16.395
2026-10-07 14:39:00+00:00,16.375,16.405,16.375,16.395
2026-10-07 14:40:00+00:00,16.395,16.395,16.375,16.375
2026-10-07 14:41:00+00:00,16.395,16.395,16.38,16.395
2026-10-07 14:42:00+00:00,16.415,16.415,16.395,16.395
2026-10-07 14:43:00+00:00,16.445,16.445,16.405,16.41
2026-10-07 14:44:00+00:00,16.475,16.475,16.435,16.445
2026-10-07 14:45:00+00:00,16.475,16.485,16.465,16.475
2026-10-07 14:46:00+00:00,16.485,16.485,16.47,16.475
2026-10-07 14:47:00+00:00,16.48,16.485,16.445,16.485
2026-10-07 14:48:00+00:00,16.49,16.495,16.475,16.475
2026-10-07 14:49:00+00:00,16.495,16.505,16.485,16.49
2026-10-07 14:50:00+00:00,16.485,16.495,16.48,16.495
2026-10-07 14:51:00+00:00,16.495,16.5,16.47,16.485
2026-10-07 14:52:00+00:00,16.485,16.495,16.475,16.495
2026-10-07 14:53:00+00:00,16.495,16.5,16.475,16.485
2026-10-07 14:54:00+00:00,16.465,16.495,16.455,16.495
2026-10-07 14:55:00+00:00,16.455,16.475,16.45,16.465
2026-10-07 14:56:00+00:00,16.445,16.46,16.415,16.455
2026-10-07 14:57:00+00:00,16.425,16.455,16.42,16.445
2026-10-07 14:58:00+00:00,16.435,16.465,16.425,16.425
2026-10-07 14:59:00+00:00,16.425,16.445,16.41,16.435
2026-10-07 15:00:00+00:00,16.485,16.485,16.415,16.425
2026-10-07 15:01:00+00:00,16.505,16.505,16.485,16.485
2026-10-07 15:02:00+00:00,16.495,16.505,16.485,16.505
2026-10-07 15:03:00+00:00,16.535,16.545,16.495,16.495
2026-10-07 15:04:00+00:00,16.525,16.545,16.525,16.535
2026-10-07 15:05:00+00:00,16.505,16.525,16.49,16.525
2026-10-07 15:06:00+00:00,16.5,16.505,16.495,16.505
2026-10-07 15:07:00+00:00,16.495,16.505,16.495,16.505
2026-10-07 15:08:00+00:00,16.465,16.5,16.465,16.495
2026-10-07 15:09:00+00:00,16.475,16.485,16.465,16.465
2026-10-07 15:10:00+00:00,16.465,16.485,16.455,16.475
2026-10-07 15:11:00+00:00,16.475,16.485,16.46,16.465
2026-10-07 15:12:00+00:00,16.495,16.5,16.46,16.475
2026-10-07 15:13:00+00:00,16.405,16.495,16.385,16.495
2026-10-07 15:14:00+00:00,16.415,16.425,16.395,16.405
2026-10-07 15:15:00+00:00,16.395,16.415,16.38,16.415
2026-10-07 15:16:00+00:00,16.365,16.4,16.355,16.395
2026-10-07 15:17:00+00:00,16.435,16.435,16.35,16.365
2026-10-07 15:18:00+00:00,16.465,16.47,16.435,16.435
2026-10-07 15:19:00+00:00,16.475,16.485,16.465,16.465
2026-10-07 15:20:00+00:00,16.485,16.495,16.47,16.475
2026-10-07 15:21:00+00:00,16.545,16.545,16.485,16.485
2026-10-07 15:22:00+00:00,16.515,16.555,16.495,16.545
2026-10-07 15:23:00+00:00,16.535,16.535,16.51,16.515
2026-10-07 15:24:00+00:00,16.525,16.535,16.52,16.535
2026-10-07 15:25:00+00:00,16.505,16.525,16.495,16.525
2026-10-07 15:26:00+00:00,16.525,16.545,16.505,16.505
2026-10-07 15:27:00+00:00,16.535,16.535,16.505,16.52
2026-10-07 15:28:00+00:00,16.535,16.545,16.525,16.535
2026-10-07 15:29:00+00:00,16.535,16.545,16.515,16.535
2026-10-07 15:30:00+00:00,16.505,16.535,16.495,16.535
2026-10-07 15:31:00+00:00,16.495,16.52,16.49,16.505
2026-10-07 15:32:00+00:00,16.495,16.495,16.475,16.495
2026-10-07 15:33:00+00:00,16.485,16.495,16.475,16.495
2026-10-07 15:34:00+00:00,16.485,16.495,16.485,16.485
2026-10-07 15:35:00+00:00,16.425,16.485,16.425,16.485
2026-10-07 15:36:00+00:00,16.425,16.435,16.415,16.425
2026-10-07 15:37:00+00:00,16.415,16.425,16.415,16.425
2026-10-07 15:38:00+00:00,16.405,16.425,16.405,16.415
2026-10-07 15:39:00+00:00,16.425,16.425,16.405,16.405
2026-10-07 15:40:00+00:00,16.425,16.425,16.405,16.425
2026-10-07 15:41:00+00:00,16.415,16.435,16.415,16.425
2026-10-07 15:42:00+00:00,16.415,16.42,16.405,16.415
2026-10-07 15:43:00+00:00,16.425,16.43,16.415,16.415
2026-10-07 15:44:00+00:00,16.405,16.425,16.4,16.425
2026-10-07 15:45:00+00:00,16.395,16.415,16.395,16.405
2026-10-07 15:46:00+00:00,16.415,16.435,16.38,16.4
2026-10-07 15:47:00+00:00,16.395,16.425,16.385,16.415
2026-10-07 15:48:00+00:00,16.365,16.395,16.365,16.395
2026-10-07 15:49:00+00:00,16.375,16.395,16.36,16.365
2026-10-07 15:50:00+00:00,16.355,16.375,16.355,16.375
2026-10-07 15:51:00+00:00,16.395,16.395,16.355,16.355
2026-10-07 15:52:00+00:00,16.405,16.425,16.385,16.395
2026-10-07 15:53:00+00:00,16.415,16.415,16.405,16.405
2026-10-07 15:54:00+00:00,16.425,16.43,16.415,16.415
2026-10-07 15:55:00+00:00,16.425,16.425,16.415,16.425
2026-10-07 15:56:00+00:00,16.425,16.425,16.415,16.425
2026-10-07 15:57:00+00:00,16.405,16.425,16.4,16.425
2026-10-07 15:58:00+00:00,16.385,16.405,16.385,16.405
2026-10-07 15:59:00+00:00,16.395,16.395,16.385,16.385
2026-10-07 16:00:00+00:00,16.365,16.405,16.365,16.395
2026-10-07 16:01:00+00:00,16.445,16.47,16.35,16.365
2026-10-07 16:02:00+00:00,16.415,16.445,16.415,16.445
2026-10-07 16:03:00+00:00,16.405,16.415,16.395,16.415
2026-10-07 16:04:00+00:00,16.415,16.415,16.395,16.405
2026-10-07 16:05:00+00:00,16.415,16.415,16.395,16.415
2026-10-07 16:06:00+00:00,16.405,16.425,16.405,16.415
2026-10-07 16:07:00+00:00,16.425,16.425,16.405,16.405
2026-10-07 16:08:00+00:00,16.435,16.435,16.415,16.42
2026-10-07 16:09:00+00:00,16.435,16.435,16.42,16.435
2026-10-07 16:10:00+00:00,16.425,16.435,16.425,16.435
2026-10-07 16:11:00+00:00,16.425,16.435,16.425,16.425
2026-10-07 16:12:00+00:00,16.435,16.44,16.425,16.425
2026-10-07 16:13:00+00:00,16.445,16.455,16.435,16.435
2026-10-07 16:14:00+00:00,16.455,16.465,16.42,16.445
2026-10-07 16:15:00+00:00,16.455,16.455,16.445,16.455
2026-10-07 16:16:00+00:00,16.465,16.475,16.455,16.455
2026-10-07 16:17:00+00:00,16.455,16.465,16.45,16.465
2026-10-07 16:18:00+00:00,16.455,16.455,16.445,16.455
2026-10-07 16:19:00+00:00,16.465,16.465,16.455,16.455
2026-10-07 16:20:00+00:00,16.465,16.47,16.46,16.465
2026-10-07 16:21:00+00:00,16.465,16.465,16.465,16.465
2026-10-07 16:22:00+00:00,16.435,16.465,16.435,16.465
2026-10-07 16:23:00+00:00,16.435,16.445,16.425,16.435
2026-10-07 16:24:00+00:00,16.435,16.445,16.425,16.435
2026-10-07 16:25:00+00:00,16.445,16.455,16.435,16.435
2026-10-07 16:26:00+00:00,16.465,16.465,16.445,16.445
2026-10-07 16:27:00+00:00,16.47,16.47,16.455,16.465
2026-10-07 16:28:00+00:00,16.465,16.47,16.465,16.47
2026-10-07 16:29:00+00:00,16.465,16.465,16.465,16.465
2026-10-07 16:30:00+00:00,16.455,16.465,16.455,16.465
2026-10-07 16:31:00+00:00,16.455,16.455,16.45,16.455
2026-10-07 16:32:00+00:00,16.445,16.455,16.445,16.455
2026-10-07 16:33:00+00:00,16.455,16.455,16.445,16.445
2026-10-07 16:34:00+00:00,16.465,16.465,16.445,16.455
2026-10-07 16:35:00+00:00,16.465,16.465,16.455,16.465
2026-10-07 16:36:00+00:00,16.465,16.475,16.465,16.465
2026-10-07 16:37:00+00:00,16.465,16.475,16.465,16.465
2026-10-07 16:38:00+00:00,16.415,16.47,16.405,16.465
2026-10-07 16:39:00+00:00,16.445,16.445,16.415,16.415
2026-10-07 16:40:00+00:00,16.445,16.445,16.435,16.445
2026-10-07 16:41:00+00:00,16.435,16.445,16.435,16.445
2026-10-07 16:42:00+00:00,16.445,16.445,16.435,16.435
2026-10-07 16:43:00+00:00,16.455,16.455,16.445,16.445
2026-10-07 16:44:00+00:00,16.445,16.455,16.445,16.455
2026-10-07 16:45:00+00:00,16.425,16.445,16.425,16.445
2026-10-07 16:46:00+00:00,16.425,16.43,16.385,16.425
2026-10-07 16:47:00+00:00,16.445,16.445,16.415,16.425
2026-10-07 16:48:00+00:00,16.435,16.445,16.43,16.445
2026-10-07 16:49:00+00:00,16.435,16.445,16.42,16.435
2026-10-07 16:50:00+00:00,16.425,16.435,16.425,16.435
2026-10-07 16:51:00+00:00,16.455,16.455,16.425,16.425
2026-10-07 16:52:00+00:00,16.465,16.47,16.455,16.455
2026-10-07 16:53:00+00:00,16.465,16.475,16.455,16.465
2026-10-07 16:54:00+00:00,16.455,16.465,16.455,16.465
2026-10-07 16:55:00+00:00,16.435,16.455,16.435,16.455
2026-10-07 16:56:00+00:00,16.435,16.435,16.435,16.435
2026-10-07 16:57:00+00:00,16.445,16.445,16.435,16.435
2026-10-07 16:58:00+00:00,16.455,16.465,16.445,16.445
2026-10-07 16:59:00+00:00,16.445,16.455,16.445,16.455
2026-10-07 17:00:00+00:00,16.395,16.455,16.39,16.445
2026-10-07 17:01:00+00:00,16.405,16.415,16.395,16.395
2026-10-07 17:02:00+00:00,16.305,16.41,16.3,16.405
2026-10-07 17:03:00+00:00,16.325,16.335,16.28,16.305
2026-10-07 17:04:00+00:00,16.335,16.345,16.325,16.325
2026-10-07 17:05:00+00:00,16.315,16.335,16.315,16.335
2026-10-07 17:06:00+00:00,16.295,16.315,16.285,16.315
2026-10-07 17:07:00+00:00,16.255,16.315,16.255,16.295
2026-10-07 17:08:00+00:00,16.245,16.265,16.235,16.255
2026-10-07 17:09:00+00:00,16.245,16.25,16.245,16.245
2026-10-07 17:10:00+00:00,16.245,16.265,16.245,16.245
2026-10-07 17:11:00+00:00,16.23,16.25,16.215,16.245
2026-10-07 17:12:00+00:00,16.225,16.245,16.225,16.235
2026-10-07 17:13:00+00:00,16.23,16.235,16.225,16.225
2026-10-07 17:14:00+00:00,16.225,16.235,16.225,16.23
2026-10-07 17:15:00+00:00,16.225,16.235,16.22,16.225
2026-10-07 17:16:00+00:00,16.225,16.225,16.215,16.225
2026-10-07 17:17:00+00:00,16.215,16.225,16.215,16.225
2026-10-07 17:18:00+00:00,16.215,16.215,16.205,16.215
2026-10-07 17:19:00+00:00,16.215,16.225,16.215,16.215
2026-10-07 17:20:00+00:00,16.215,16.215,16.205,16.215
2026-10-07 17:21:00+00:00,16.215,16.23,16.215,16.215
2026-10-07 17:22:00+00:00,16.215,16.225,16.215,16.215
2026-10-07 17:23:00+00:00,16.225,16.225,16.215,16.215
2026-10-07 17:24:00+00:00,16.225,16.23,16.215,16.225
2026-10-07 17:25:00+00:00,16.215,16.225,16.215,16.225
2026-10-07 17:26:00+00:00,16.225,16.225,16.215,16.215
2026-10-07 17:27:00+00:00,16.225,16.235,16.225,16.225
2026-10-07 17:28:00+00:00,16.235,16.235,16.225,16.225
2026-10-07 17:29:00+00:00,16.225,16.245,16.225,16.23
2026-10-07 17:30:00+00:00,16.215,16.235,16.215,16.225
2026-10-07 17:31:00+00:00,16.225,16.225,16.215,16.215
2026-10-07 17:32:00+00:00,16.225,16.23,16.225,16.225
2026-10-07 17:33:00+00:00,16.205,16.225,16.175,16.225
2026-10-07 17:34:00+00:00,16.155,16.21,16.155,16.205
2026-10-07 17:35:00+00:00,16.165,16.17,16.155,16.155
2026-10-07 17:36:00+00:00,16.175,16.175,16.165,16.165
2026-10-07 17:37:00+00:00,16.175,16.175,16.165,16.175
2026-10-07 17:38:00+00:00,16.175,16.175,16.17,16.175
2026-10-07 17:39:00+00:00,16.175,16.175,16.17,16.175
2026-10-07 17:40:00+00:00,16.165,16.175,16.165,16.175
2026-10-07 17:41:00+00:00,16.155,16.165,16.15,16.165
2026-10-07 17:42:00+00:00,16.155,16.16,16.155,16.155
2026-10-07 17:43:00+00:00,16.155,16.155,16.155,16.155
2026-10-07 17:44:00+00:00,16.185,16.185,16.155,16.155
2026-10-07 17:45:00+00:00,16.185,16.185,16.175,16.185
2026-10-07 17:46:00+00:00,16.165,16.19,16.16,16.185
2026-10-07 17:47:00+00:00,16.155,16.165,16.15,16.165
2026-10-07 17:48:00+00:00,16.195,16.205,16.155,16.155
2026-10-07 17:49:00+00:00,16.205,16.205,16.19,16.195
2026-10-07 17:50:00+00:00,16.195,16.22,16.195,16.205
2026-10-07 17:51:00+00:00,16.195,16.205,16.195,16.195
2026-10-07 17:52:00+00:00,16.195,16.205,16.195,16.195
2026-10-07 17:53:00+00:00,16.195,16.195,16.195,16.195
2026-10-07 17:54:00+00:00,16.205,16.215,16.195,16.195
2026-10-07 17:55:00+00:00,16.195,16.215,16.195,16.205
2026-10-07 17:56:00+00:00,16.185,16.205,16.185,16.195
2026-10-07 17:57:00+00:00,16.185,16.185,16.185,16.185
2026-10-07 17:58:00+00:00,16.185,16.185,16.175,16.185
2026-10-07 17:59:00+00:00,16.18,16.195,16.175,16.185
2026-10-07 18:00:00+00:00,16.19,16.19,16.17,16.18
2026-10-07 18:01:00+00:00,16.21,16.21,16.19,16.19
2026-10-07 18:02:00+00:00,16.195,16.215,16.195,16.21
2026-10-07 18:03:00+00:00,16.195,16.2,16.195,16.195
2026-10-07 18:04:00+00:00,16.175,16.195,16.175,16.195
2026-10-07 18:05:00+00:00,16.175,16.175,16.155,16.175
2026-10-07 18:06:00+00:00,16.185,16.185,16.175,16.175
2026-10-07 18:07:00+00:00,16.185,16.185,16.175,16.185
2026-10-07 18:08:00+00:00,16.175,16.185,16.175,16.185
2026-10-07 18:09:00+00:00,16.185,16.195,16.175,16.175
2026-10-07 18:10:00+00:00,16.185,16.195,16.185,16.185
2026-10-07 18:11:00+00:00,16.175,16.19,16.175,16.185
2026-10-07 18:12:00+00:00,16.195,16.195,16.175,16.175
2026-10-07 18:13:00+00:00,16.195,16.195,16.19,16.195
2026-10-07 18:14:00+00:00,16.195,16.195,16.195,16.195
2026-10-07 18:15:00+00:00,16.185,16.195,16.185,16.195
2026-10-07 18:16:00+00:00,16.185,16.185,16.185,16.185
2026-10-07 18:17:00+00:00,16.185,16.185,16.175,16.185
2026-10-07 18:18:00+00:00,16.195,16.195,16.185,16.185
2026-10-07 18:19:00+00:00,16.195,16.195,16.195,16.195
2026-10-07 18:20:00+00:00,16.195,16.205,16.195,16.195
2026-10-07 18:21:00+00:00,16.195,16.195,16.19,16.195
2026-10-07 18:22:00+00:00,16.195,16.195,16.195,16.195
2026-10-07 18:23:00+00:00,16.185,16.195,16.185,16.195
2026-10-07 18:24:00+00:00,16.195,16.21,16.185,16.185
2026-10-07 18:25:00+00:00,16.205,16.205,16.195,16.195
2026-10-07 18:26:00+00:00,16.195,16.205,16.195,16.205
2026-10-07 18:27:00+00:00,16.195,16.195,16.185,16.195
2026-10-07 18:28:00+00:00,16.195,16.195,16.185,16.195
2026-10-07 18:29:00+00:00,16.195,16.2,16.195,16.195
2026-10-07 18:30:00+00:00,16.195,16.2,16.195,16.195
2026-10-07 18:31:00+00:00,16.195,16.195,16.195,16.195
2026-10-07 18:32:00+00:00,16.195,16.195,16.195,16.195
2026-10-07 18:33:00+00:00,16.185,16.195,16.185,16.195
2026-10-07 18:34:00+00:00,16.185,16.185,16.18,16.185
2026-10-07 18:35:00+00:00,16.185,16.195,16.185,16.185
2026-10-07 18:36:00+00:00,16.185,16.185,16.185,16.185
2026-10-07 18:37:00+00:00,16.195,16.195,16.185,16.185
2026-10-07 18:38:00+00:00,16.195,16.2,16.195,16.195
2026-10-07 18:39:00+00:00,16.185,16.2,16.185,16.195
2026-10-07 18:40:00+00:00,16.185,16.195,16.185,16.185
2026-10-07 18:41:00+00:00,16.185,16.185,16.185,16.185
2026-10-07 18:42:00+00:00,16.185,16.185,16.185,16.185
2026-10-07 18:43:00+00:00,16.18,16.185,16.165,16.185
2026-10-07 18:44:00+00:00,16.175,16.175,16.175,16.175
2026-10-07 18:45:00+00:00,16.185,16.185,16.165,16.175
2026-10-07 18:46:00+00:00,16.185,16.185,16.185,16.185
2026-10-07 18:47:00+00:00,16.185,16.185,16.175,16.185
2026-10-07 18:48:00+00:00,16.175,16.185,16.175,16.185
2026-10-07 18:49:00+00:00,16.175,16.175,16.175,16.175
2026-10-07 18:50:00+00:00,16.185,16.185,16.175,16.175
2026-10-07 18:51:00+00:00,16.185,16.185,16.185,16.185
2026-10-07 18:52:00+00:00,16.185,16.185,16.185,16.185
2026-10-07 18:53:00+00:00,16.185,16.185,16.185,16.185
2026-10-07 18:54:00+00:00,16.195,16.2,16.175,16.185
2026-10-07 18:55:00+00:00,16.185,16.195,16.185,16.195
2026-10-07 18:56:00+00:00,16.185,16.185,16.18,16.185
2026-10-07 18:57:00+00:00,16.185,16.185,16.185,16.185
2026-10-07 18:58:00+00:00,16.185,16.185,16.175,16.185
2026-10-07 18:59:00+00:00,16.185,16.19,16.185,16.185
2026-10-07 19:00:00+00:00,16.165,16.185,16.165,16.185
2026-10-07 19:01:00+00:00,16.175,16.18,16.165,16.165
2026-10-07 19:02:00+00:00,16.185,16.205,16.175,16.175
2026-10-07 19:03:00+00:00,16.225,16.235,16.185,16.185
2026-10-07 19:04:00+00:00,16.245,16.255,16.225,16.225
2026-10-07 19:05:00+00:00,16.245,16.25,16.235,16.245
2026-10-07 19:06:00+00:00,16.255,16.275,16.235,16.245
2026-10-07 19:07:00+00:00,16.235,16.255,16.235,16.255
2026-10-07 19:08:00+00:00,16.235,16.245,16.23,16.235
2026-10-07 19:09:00+00:00,16.245,16.245,16.235,16.235
2026-10-07 19:10:00+00:00,16.245,16.25,16.24,16.245
2026-10-07 19:11:00+00:00,16.255,16.255,16.245,16.245
2026-10-07 19:12:00+00:00,16.255,16.255,16.245,16.255
2026-10-07 19:13:00+00:00,16.245,16.255,16.245,16.255
2026-10-07 19:14:00+00:00,16.255,16.26,16.245,16.245
2026-10-07 19:15:00+00:00,16.245,16.265,16.245,16.255
2026-10-07 19:16:00+00:00,16.245,16.265,16.24,16.245
2026-10-07 19:17:00+00:00,16.235,16.245,16.23,16.245
2026-10-07 19:18:00+00:00,16.225,16.235,16.225,16.235
2026-10-07 19:19:00+00:00,16.235,16.235,16.225,16.225
2026-10-07 19:20:00+00:00,16.235,16.24,16.235,16.235
2026-10-07 19:21:00+00:00,16.235,16.24,16.235,16.235
2026-10-07 19:22:00+00:00,16.225,16.245,16.225,16.235
2026-10-07 19:23:00+00:00,16.225,16.23,16.225,16.225
2026-10-07 19:24:00+00:00,16.215,16.225,16.185,16.225
2026-10-07 19:25:00+00:00,16.195,16.215,16.195,16.215
2026-10-07 19:26:00+00:00,16.175,16.205,16.175,16.195
2026-10-07 19:27:00+00:00,16.18,16.185,16.175,16.175
2026-10-07 19:28:00+00:00,16.185,16.185,16.185,16.185
2026-10-07 19:29:00+00:00,16.185,16.185,16.185,16.185
2026-10-07 19:30:00+00:00,16.185,16.185,16.165,16.185
2026-10-07 19:31:00+00:00,16.175,16.195,16.175,16.185
2026-10-07 19:32:00+00:00,16.155,16.185,16.155,16.175
2026-10-07 19:33:00+00:00,16.155,16.165,16.135,16.155
2026-10-07 19:34:00+00:00,16.155,16.165,16.145,16.155
2026-10-07 19:35:00+00:00,16.145,16.155,16.135,16.155
2026-10-07 19:36:00+00:00,16.155,16.155,16.145,16.145
2026-10-07 19:37:00+00:00,16.155,16.165,16.155,16.155
2026-10-07 19:38:00+00:00,16.155,16.155,16.155,16.155
2026-10-07 19:39:00+00:00,16.155,16.155,16.14,16.155
2026-10-07 19:40:00+00:00,16.145,16.155,16.145,16.155
2026-10-07 19:41:00+00:00,16.155,16.155,16.145,16.145
2026-10-07 19:42:00+00:00,16.135,16.155,16.135,16.155
2026-10-07 19:43:00+00:00,16.135,16.135,16.135,16.135
2026-10-07 19:44:00+00:00,16.135,16.135,16.135,16.135
2026-10-07 19:45:00+00:00,16.155,16.16,16.135,16.135
2026-10-07 19:46:00+00:00,16.155,16.155,16.155,16.155
2026-10-07 19:47:00+00:00,16.155,16.155,16.155,16.155
2026-10-07 19:48:00+00:00,16.165,16.17,16.155,16.155
2026-10-07 19:49:00+00:00,16.17,16.17,16.165,16.165
2026-10-07 19:50:00+00:00,16.145,16.17,16.135,16.17
2026-10-07 19:51:00+00:00,16.16,16.16,16.145,16.145
2026-10-07 19:52:00+00:00,16.155,16.165,16.155,16.16
2026-10-07 19:53:00+00:00,16.145,16.155,16.135,16.155
2026-10-07 19:54:00+00:00,16.145,16.16,16.145,16.145
2026-10-07 19:55:00+00:00,16.155,16.16,16.125,16.145
2026-10-07 19:56:00+00:00,16.175,16.175,16.155,16.155
2026-10-07 19:57:00+00:00,16.195,16.205,16.175,16.175
2026-10-07 19:58:00+00:00,16.21,16.21,16.195,16.195
2026-10-07 19:59:00+00:00,16.18,16.215,16.18,16.21
2026-10-08 13:30:00+00:00,16.345,16.37,16.335,16.345
2026-10-08 13:31:00+00:00,16.325,16.35,16.295,16.345
2026-10-08 13:32:00+00:00,16.325,16.345,16.325,16.325
2026-10-08 13:33:00+00:00,16.34,16.35,16.325,16.325
2026-10-08 13:34:00+00:00,16.34,16.37,16.33,16.34
2026-10-08 13:35:00+00:00,16.365,16.365,16.335,16.335
2026-10-08 13:36:00+00:00,16.345,16.365,16.335,16.365
2026-10-08 13:37:00+00:00,16.375,16.385,16.345,16.345
2026-10-08 13:38:00+00:00,16.415,16.42,16.37,16.375
2026-10-08 13:39:00+00:00,16.405,16.425,16.395,16.415
2026-10-08 13:40:00+00:00,16.435,16.475,16.405,16.405
2026-10-08 13:41:00+00:00,16.485,16.485,16.435,16.435
2026-10-08 13:42:00+00:00,16.515,16.515,16.485,16.485
2026-10-08 13:43:00+00:00,16.495,16.515,16.49,16.515
2026-10-08 13:44:00+00:00,16.505,16.505,16.475,16.495
2026-10-08 13:45:00+00:00,16.515,16.525,16.505,16.505
2026-10-08 13:46:00+00:00,16.495,16.515,16.485,16.515
2026-10-08 13:47:00+00:00,16.485,16.505,16.485,16.495
2026-10-08 13:48:00+00:00,16.495,16.505,16.485,16.485
2026-10-08 13:49:00+00:00,16.475,16.5,16.455,16.495
2026-10-08 13:50:00+00:00,16.435,16.485,16.435,16.475
2026-10-08 13:51:00+00:00,16.425,16.435,16.415,16.435
2026-10-08 13:52:00+00:00,16.45,16.455,16.425,16.425
2026-10-08 13:53:00+00:00,16.445,16.445,16.415,16.445
2026-10-08 13:54:00+00:00,16.475,16.485,16.43,16.445
2026-10-08 13:55:00+00:00,16.445,16.495,16.435,16.475
2026-10-08 13:56:00+00:00,16.435,16.455,16.43,16.445
2026-10-08 13:57:00+00:00,16.425,16.445,16.405,16.435
2026-10-08 13:58:00+00:00,16.405,16.425,16.4,16.425
2026-10-08 13:59:00+00:00,16.405,16.415,16.395,16.405
2026-10-08 14:00:00+00:00,16.395,16.41,16.37,16.405
2026-10-08 14:01:00+00:00,16.415,16.415,16.39,16.395
2026-10-08 14:02:00+00:00,16.415,16.425,16.405,16.415
2026-10-08 14:03:00+00:00,16.425,16.43,16.41,16.415
2026-10-08 14:04:00+00:00,16.395,16.425,16.395,16.425
2026-10-08 14:05:00+00:00,16.385,16.4,16.385,16.395
2026-10-08 14:06:00+00:00,16.395,16.395,16.375,16.385
2026-10-08 14:07:00+00:00,16.385,16.395,16.385,16.395
2026-10-08 14:08:00+00:00,16.415,16.415,16.38,16.385
2026-10-08 14:09:00+00:00,16.405,16.415,16.395,16.415
2026-10-08 14:10:00+00:00,16.395,16.405,16.385,16.405
2026-10-08 14:11:00+00:00,16.395,16.395,16.395,16.395
2026-10-08 14:12:00+00:00,16.365,16.395,16.355,16.395
2026-10-08 14:13:00+00:00,16.365,16.365,16.355,16.365
2026-10-08 14:14:00+00:00,16.385,16.385,16.365,16.365
2026-10-08 14:15:00+00:00,16.375,16.385,16.375,16.385
2026-10-08 14:16:00+00:00,16.385,16.39,16.375,16.375
2026-10-08 14:17:00+00:00,16.395,16.395,16.385,16.385
2026-10-08 14:18:00+00:00,16.385,16.395,16.375,16.395
2026-10-08 14:19:00+00:00,16.395,16.395,16.385,16.385
2026-10-08 14:20:00+00:00,16.365,16.395,16.365,16.395
2026-10-08 14:21:00+00:00,16.355,16.365,16.345,16.365
2026-10-08 14:22:00+00:00,16.355,16.375,16.355,16.355
2026-10-08 14:23:00+00:00,16.365,16.37,16.355,16.355
2026-10-08 14:24:00+00:00,16.365,16.37,16.365,16.365
2026-10-08 14:25:00+00:00,16.365,16.365,16.365,16.365
2026-10-08 14:26:00+00:00,16.365,16.375,16.365,16.365
2026-10-08 14:27:00+00:00,16.375,16.38,16.365,16.365
2026-10-08 14:28:00+00:00,16.345,16.375,16.335,16.375
2026-10-08 14:29:00+00:00,16.305,16.345,16.305,16.345
2026-10-08 14:30:00+00:00,16.315,16.335,16.305,16.305
2026-10-08 14:31:00+00:00,16.315,16.325,16.31,16.315
2026-10-08 14:32:00+00:00,16.305,16.325,16.305,16.315
2026-10-08 14:33:00+00:00,16.315,16.325,16.3,16.305
2026-10-08 14:34:00+00:00,16.315,16.325,16.315,16.315
2026-10-08 14:35:00+00:00,16.355,16.36,16.315,16.315
2026-10-08 14:36:00+00:00,16.365,16.375,16.355,16.355
2026-10-08 14:37:00+00:00,16.375,16.385,16.365,16.365
2026-10-08 14:38:00+00:00,16.375,16.38,16.37,16.375
2026-10-08 14:39:00+00:00,16.385,16.385,16.375,16.375
2026-10-08 14:40:00+00:00,16.385,16.385,16.38,16.385
2026-10-08 14:41:00+00:00,16.385,16.395,16.385,16.385
2026-10-08 14:42:00+00:00,16.385,16.385,16.385,16.385
2026-10-08 14:43:00+00:00,16.395,16.4,16.385,16.385
2026-10-08 14:44:00+00:00,16.395,16.405,16.395,16.395
2026-10-08 14:45:00+00:00,16.395,16.415,16.395,16.395
2026-10-08 14:46:00+00:00,16.395,16.41,16.395,16.395
2026-10-08 14:47:00+00:00,16.425,16.425,16.395,16.395
2026-10-08 14:48:00+00:00,16.425,16.43,16.425,16.425
2026-10-08 14:49:00+00:00,16.445,16.455,16.425,16.425
2026-10-08 14:50:00+00:00,16.465,16.465,16.435,16.445
2026-10-08 14:51:00+00:00,16.485,16.495,16.465,16.465
2026-10-08 14:52:00+00:00,16.495,16.495,16.465,16.485
2026-10-08 14:53:00+00:00,16.515,16.515,16.495,16.495
2026-10-08 14:54:00+00:00,16.525,16.54,16.51,16.515
2026-10-08 14:55:00+00:00,16.495,16.53,16.495,16.525
2026-10-08 14:56:00+00:00,16.475,16.495,16.47,16.495
2026-10-08 14:57:00+00:00,16.475,16.485,16.465,16.475
2026-10-08 14:58:00+00:00,16.465,16.475,16.465,16.475
2026-10-08 14:59:00+00:00,16.475,16.475,16.465,16.465
2026-10-08 15:00:00+00:00,16.485,16.49,16.465,16.475
2026-10-08 15:01:00+00:00,16.485,16.485,16.465,16.485
2026-10-08 15:02:00+00:00,16.475,16.5,16.465,16.485
2026-10-08 15:03:00+00:00,16.485,16.49,16.465,16.475
2026-10-08 15:04:00+00:00,16.465,16.485,16.465,16.485
2026-10-08 15:05:00+00:00,16.495,16.505,16.465,16.465
2026-10-08 15:06:00+00:00,16.505,16.515,16.495,16.495
2026-10-08 15:07:00+00:00,16.505,16.515,16.5,16.505
2026-10-08 15:08:00+00:00,16.515,16.515,16.505,16.505
2026-10-08 15:09:00+00:00,16.535,16.535,16.495,16.515
2026-10-08 15:10:00+00:00,16.525,16.535,16.515,16.535
2026-10-08 15:11:00+00:00,16.515,16.525,16.51,16.525
2026-10-08 15:12:00+00:00,16.515,16.515,16.51,16.515
2026-10-08 15:13:00+00:00,16.525,16.525,16.515,16.515
2026-10-08 15:14:00+00:00,16.575,16.575,16.525,16.525
2026-10-08 15:15:00+00:00,16.585,16.605,16.565,16.575
2026-10-08 15:16:00+00:00,16.565,16.585,16.565,16.585
2026-10-08 15:17:00+00:00,16.545,16.575,16.545,16.565
2026-10-08 15:18:00+00:00,16.565,16.565,16.535,16.545
2026-10-08 15:19:00+00:00,16.565,16.58,16.565,16.565
2026-10-08 15:20:00+00:00,16.565,16.565,16.555,16.565
2026-10-08 15:21:00+00:00,16.565,16.565,16.555,16.565
2026-10-08 15:22:00+00:00,16.565,16.565,16.54,16.565
2026-10-08 15:23:00+00:00,16.575,16.58,16.565,16.565
2026-10-08 15:24:00+00:00,16.555,16.575,16.555,16.575
2026-10-08 15:25:00+00:00,16.555,16.565,16.54,16.55
2026-10-08 15:26:00+00:00,16.555,16.57,16.555,16.555
2026-10-08 15:27:00+00:00,16.535,16.565,16.53,16.555
2026-10-08 15:28:00+00:00,16.525,16.535,16.525,16.535
2026-10-08 15:29:00+00:00,16.545,16.545,16.525,16.525
2026-10-08 15:30:00+00:00,16.565,16.565,16.535,16.545
2026-10-08 15:31:00+00:00,16.575,16.575,16.56,16.565
2026-10-08 15:32:00+00:00,16.575,16.58,16.565,16.575
2026-10-08 15:33:00+00:00,16.585,16.6,16.575,16.575
2026-10-08 15:34:00+00:00,16.605,16.615,16.585,16.585
2026-10-08 15:35:00+00:00,16.575,16.605,16.565,16.605
2026-10-08 15:36:00+00:00,16.555,16.575,16.555,16.575
2026-10-08 15:37:00+00:00,16.565,16.575,16.555,16.555
2026-10-08 15:38:00+00:00,16.595,16.6,16.565,16.565
2026-10-08 15:39:00+00:00,16.605,16.615,16.585,16.595
2026-10-08 15:40:00+00:00,16.605,16.62,16.605,16.605
2026-10-08 15:41:00+00:00,16.615,16.615,16.595,16.605
2026-10-08 15:42:00+00:00,16.605,16.615,16.595,16.615
2026-10-08 15:43:00+00:00,16.585,16.605,16.585,16.605
2026-10-08 15:44:00+00:00,16.595,16.6,16.58,16.585
2026-10-08 15:45:00+00:00,16.595,16.605,16.585,16.595
2026-10-08 15:46:00+00:00,16.575,16.605,16.575,16.595
2026-10-08 15:47:00+00:00,16.545,16.575,16.545,16.575
2026-10-08 15:48:00+00:00,16.545,16.56,16.545,16.545
2026-10-08 15:49:00+00:00,16.56,16.565,16.545,16.545
2026-10-08 15:50:00+00:00,16.545,16.565,16.545,16.565
2026-10-08 15:51:00+00:00,16.535,16.545,16.535,16.545
2026-10-08 15:52:00+00:00,16.565,16.565,16.535,16.535
2026-10-08 15:53:00+00:00,16.565,16.565,16.555,16.565
2026-10-08 15:54:00+00:00,16.565,16.57,16.55,16.565
2026-10-08 15:55:00+00:00,16.575,16.58,16.565,16.565
2026-10-08 15:56:00+00:00,16.585,16.585,16.575,16.575
2026-10-08 15:57:00+00:00,16.585,16.585,16.565,16.585
2026-10-08 15:58:00+00:00,16.605,16.605,16.585,16.585
2026-10-08 15:59:00+00:00,16.595,16.605,16.595,16.605
2026-10-08 16:00:00+00:00,16.595,16.605,16.595,16.595
2026-10-08 16:01:00+00:00,16.605,16.61,16.595,16.6
2026-10-08 16:02:00+00:00,16.605,16.615,16.595,16.605
2026-10-08 16:03:00+00:00,16.615,16.615,16.605,16.605
2026-10-08 16:04:00+00:00,16.615,16.625,16.61,16.615
2026-10-08 16:05:00+00:00,16.615,16.62,16.605,16.615
2026-10-08 16:06:00+00:00,16.605,16.615,16.6,16.615
2026-10-08 16:07:00+00:00,16.605,16.605,16.605,16.605
2026-10-08 16:08:00+00:00,16.605,16.605,16.6,16.605
2026-10-08 16:09:00+00:00,16.595,16.605,16.595,16.605
2026-10-08 16:10:00+00:00,16.595,16.595,16.59,16.595
2026-10-08 16:11:00+00:00,16.585,16.595,16.585,16.595
2026-10-08 16:12:00+00:00,16.585,16.595,16.58,16.585
2026-10-08 16:13:00+00:00,16.615,16.615,16.585,16.585
2026-10-08 16:14:00+00:00,16.605,16.615,16.6,16.615
2026-10-08 16:15:00+00:00,16.605,16.615,16.605,16.605
2026-10-08 16:16:00+00:00,16.605,16.615,16.605,16.605
2026-10-08 16:17:00+00:00,16.465,16.605,16.415,16.605
2026-10-08 16:18:00+00:00,16.505,16.525,16.465,16.475
2026-10-08 16:19:00+00:00,16.535,16.535,16.505,16.505
2026-10-08 16:20:00+00:00,16.515,16.535,16.5,16.535
2026-10-08 16:21:00+00:00,16.5,16.515,16.5,16.515
2026-10-08 16:22:00+00:00,16.52,16.525,16.5,16.5
2026-10-08 16:23:00+00:00,16.505,16.525,16.495,16.525
2026-10-08 16:24:00+00:00,16.505,16.51,16.5,16.505
2026-10-08 16:25:00+00:00,16.515,16.52,16.505,16.505
2026-10-08 16:26:00+00:00,16.515,16.515,16.505,16.515
2026-10-08 16:27:00+00:00,16.525,16.525,16.51,16.515
2026-10-08 16:28:00+00:00,16.525,16.525,16.515,16.525
2026-10-08 16:29:00+00:00,16.555,16.555,16.525,16.525
2026-10-08 16:30:00+00:00,16.515,16.555,16.515,16.555
2026-10-08 16:31:00+00:00,16.515,16.525,16.515,16.515
2026-10-08 16:32:00+00:00,16.505,16.515,16.505,16.515
2026-10-08 16:33:00+00:00,16.515,16.515,16.505,16.505
2026-10-08 16:34:00+00:00,16.515,16.52,16.51,16.515
2026-10-08 16:35:00+00:00,16.495,16.515,16.49,16.515
2026-10-08 16:36:00+00:00,16.565,16.565,16.495,16.495
2026-10-08 16:37:00+00:00,16.565,16.57,16.555,16.565
2026-10-08 16:38:00+00:00,16.625,16.63,16.565,16.565
2026-10-08 16:39:00+00:00,16.615,16.63,16.615,16.625
2026-10-08 16:40:00+00:00,16.565,16.615,16.56,16.615
2026-10-08 16:41:00+00:00,16.565,16.565,16.56,16.565
2026-10-08 16:42:00+00:00,16.605,16.605,16.555,16.565
2026-10-08 16:43:00+00:00,16.635,16.655,16.605,16.605
2026-10-08 16:44:00+00:00,16.625,16.64,16.615,16.635
2026-10-08 16:45:00+00:00,16.625,16.635,16.615,16.625
2026-10-08 16:46:00+00:00,16.63,16.655,16.625,16.625
2026-10-08 16:47:00+00:00,16.695,16.695,16.625,16.625
2026-10-08 16:48:00+00:00,16.735,16.735,16.69,16.695
2026-10-08 16:49:00+00:00,16.785,16.785,16.715,16.735
2026-10-08 16:50:00+00:00,16.825,16.83,16.755,16.785
2026-10-08 16:51:00+00:00,16.785,16.845,16.785,16.825
2026-10-08 16:52:00+00:00,16.905,16.905,16.785,16.785
2026-10-08 16:53:00+00:00,16.875,16.905,16.865,16.905
2026-10-08 16:54:00+00:00,16.875,16.905,16.855,16.875
2026-10-08 16:55:00+00:00,16.845,16.88,16.825,16.875
2026-10-08 16:56:00+00:00,16.875,16.895,16.825,16.845
2026-10-08 16:57:00+00:00,16.855,16.9,16.805,16.875
2026-10-08 16:58:00+00:00,16.845,16.865,16.835,16.855
2026-10-08 16:59:00+00:00,16.815,16.845,16.795,16.845
2026-10-08 17:00:00+00:00,16.89,16.89,16.815,16.815
2026-10-08 17:01:00+00:00,16.875,16.9,16.855,16.89
2026-10-08 17:02:00+00:00,16.825,16.885,16.825,16.875
2026-10-08 17:03:00+00:00,16.93,16.935,16.825,16.825
2026-10-08 17:04:00+00:00,16.965,16.97,16.925,16.93
2026-10-08 17:05:00+00:00,16.955,16.965,16.905,16.965
2026-10-08 17:06:00+00:00,16.915,16.965,16.915,16.955
2026-10-08 17:07:00+00:00,16.885,16.935,16.87,16.915
2026-10-08 17:08:00+00:00,16.845,16.885,16.835,16.885
2026-10-08 17:09:00+00:00,16.855,16.86,16.835,16.845
2026-10-08 17:10:00+00:00,16.865,16.87,16.825,16.855
2026-10-08 17:11:00+00:00,16.855,16.875,16.845,16.865
2026-10-08 17:12:00+00:00,16.775,16.855,16.775,16.855
2026-10-08 17:13:00+00:00,16.755,16.785,16.745,16.775
2026-10-08 17:14:00+00:00,16.695,16.755,16.685,16.755
2026-10-08 17:15:00+00:00,16.735,16.745,16.695,16.695
2026-10-08 17:16:00+00:00,16.795,16.805,16.725,16.735
2026-10-08 17:17:00+00:00,16.805,16.845,16.795,16.795
2026-10-08 17:18:00+00:00,16.795,16.805,16.775,16.805
2026-10-08 17:19:00+00:00,16.805,16.805,16.775,16.795
2026-10-08 17:20:00+00:00,16.805,16.855,16.795,16.805
2026-10-08 17:21:00+00:00,16.855,16.865,16.795,16.805
2026-10-08 17:22:00+00:00,16.885,16.89,16.85,16.855
2026-10-08 17:23:00+00:00,16.885,16.915,16.875,16.885
2026-10-08 17:24:00+00:00,16.885,16.895,16.875,16.885
2026-10-08 17:25:00+00:00,16.925,16.935,16.875,16.885
2026-10-08 17:26:00+00:00,17.005,17.03,16.925,16.925
2026-10-08 17:27:00+00:00,17.015,17.025,16.98,17.005
2026-10-08 17:28:00+00:00,16.995,17.04,16.995,17.015
2026-10-08 17:29:00+00:00,16.985,17.01,16.965,16.995
2026-10-08 17:30:00+00:00,16.995,17.015,16.975,16.985
2026-10-08 17:31:00+00:00,16.955,17.005,16.955,16.995
2026-10-08 17:32:00+00:00,16.905,16.955,16.895,16.955
2026-10-08 17:33:00+00:00,16.855,16.915,16.855,16.905
2026-10-08 17:34:00+00:00,16.845,16.865,16.845,16.85
2026-10-08 17:35:00+00:00,16.865,16.875,16.805,16.845
2026-10-08 17:36:00+00:00,16.875,16.885,16.855,16.865
2026-10-08 17:37:00+00:00,16.865,16.885,16.855,16.875
2026-10-08 17:38:00+00:00,16.845,16.865,16.815,16.865
2026-10-08 17:39:00+00:00,16.805,16.855,16.8,16.845
2026-10-08 17:40:00+00:00,16.785,16.815,16.78,16.805
2026-10-08 17:41:00+00:00,16.805,16.825,16.775,16.785
2026-10-08 17:42:00+00:00,16.805,16.825,16.785,16.805
2026-10-08 17:43:00+00:00,16.795,16.825,16.79,16.805
2026-10-08 17:44:00+00:00,16.795,16.805,16.785,16.795
2026-10-08 17:45:00+00:00,16.765,16.805,16.75,16.795
2026-10-08 17:46:00+00:00,16.805,16.805,16.755,16.765
2026-10-08 17:47:00+00:00,16.83,16.83,16.805,16.805
2026-10-08 17:48:00+00:00,16.875,16.885,16.825,16.83
2026-10-08 17:49:00+00:00,16.895,16.895,16.855,16.875
2026-10-08 17:50:00+00:00,16.875,16.9,16.875,16.895
2026-10-08 17:51:00+00:00,16.865,16.885,16.865,16.875
2026-10-08 17:52:00+00:00,16.885,16.89,16.85,16.865
2026-10-08 17:53:00+00:00,16.875,16.9,16.875,16.885
2026-10-08 17:54:00+00:00,16.845,16.875,16.845,16.875
2026-10-08 17:55:00+00:00,16.845,16.86,16.805,16.845
2026-10-08 17:56:00+00:00,16.825,16.855,16.82,16.845
2026-10-08 17:57:00+00:00,16.785,16.825,16.78,16.825
2026-10-08 17:58:00+00:00,16.785,16.785,16.775,16.785
2026-10-08 17:59:00+00:00,16.785,16.795,16.775,16.785
2026-10-08 18:00:00+00:00,16.835,16.835,16.765,16.785
2026-10-08 18:01:00+00:00,16.825,16.865,16.825,16.835
2026-10-08 18:02:00+00:00,16.795,16.835,16.785,16.825
2026-10-08 18:03:00+00:00,16.795,16.795,16.785,16.795
2026-10-08 18:04:00+00:00,16.795,16.805,16.765,16.795
2026-10-08 18:05:00+00:00,16.785,16.805,16.785,16.795
2026-10-08 18:06:00+00:00,16.775,16.795,16.775,16.785
2026-10-08 18:07:00+00:00,16.805,16.805,16.775,16.775
2026-10-08 18:08:00+00:00,16.775,16.805,16.765,16.805
2026-10-08 18:09:00+00:00,16.795,16.795,16.775,16.775
2026-10-08 18:10:00+00:00,16.765,16.805,16.765,16.795
2026-10-08 18:11:00+00:00,16.775,16.775,16.755,16.765
2026-10-08 18:12:00+00:00,16.775,16.785,16.775,16.775
2026-10-08 18:13:00+00:00,16.755,16.775,16.755,16.775
2026-10-08 18:14:00+00:00,16.725,16.755,16.72,16.755
2026-10-08 18:15:00+00:00,16.675,16.73,16.67,16.725
2026-10-08 18:16:00+00:00,16.655,16.68,16.655,16.675
2026-10-08 18:17:00+00:00,16.665,16.67,16.645,16.655
2026-10-08 18:18:00+00:00,16.675,16.68,16.665,16.665
2026-10-08 18:19:00+00:00,16.655,16.675,16.655,16.675
2026-10-08 18:20:00+00:00,16.675,16.68,16.645,16.655
2026-10-08 18:21:00+00:00,16.705,16.705,16.675,16.675
2026-10-08 18:22:00+00:00,16.7,16.72,16.695,16.705
2026-10-08 18:23:00+00:00,16.685,16.705,16.68,16.705
2026-10-08 18:24:00+00:00,16.645,16.685,16.645,16.685
2026-10-08 18:25:00+00:00,16.635,16.645,16.625,16.645
2026-10-08 18:26:00+00:00,16.615,16.64,16.615,16.635
2026-10-08 18:27:00+00:00,16.635,16.645,16.615,16.615
2026-10-08 18:28:00+00:00,16.635,16.635,16.59,16.635
2026-10-08 18:29:00+00:00,16.655,16.67,16.615,16.635
2026-10-08 18:30:00+00:00,16.695,16.695,16.655,16.655
2026-10-08 18:31:00+00:00,16.685,16.695,16.665,16.695
2026-10-08 18:32:00+00:00,16.685,16.695,16.68,16.685
2026-10-08 18:33:00+00:00,16.705,16.705,16.68,16.685
2026-10-08 18:34:00+00:00,16.695,16.705,16.69,16.705
2026-10-08 18:35:00+00:00,16.705,16.715,16.685,16.695
2026-10-08 18:36:00+00:00,16.705,16.74,16.705,16.705
2026-10-08 18:37:00+00:00,16.685,16.715,16.675,16.705
2026-10-08 18:38:00+00:00,16.675,16.685,16.665,16.685
2026-10-08 18:39:00+00:00,16.675,16.685,16.675,16.675
2026-10-08 18:40:00+00:00,16.685,16.685,16.675,16.675
2026-10-08 18:41:00+00:00,16.675,16.695,16.675,16.685
2026-10-08 18:42:00+00:00,16.725,16.73,16.675,16.675
2026-10-08 18:43:00+00:00,16.745,16.75,16.72,16.725
2026-10-08 18:44:00+00:00,16.715,16.75,16.715,16.745
2026-10-08 18:45:00+00:00,16.725,16.73,16.715,16.715
2026-10-08 18:46:00+00:00,16.715,16.725,16.715,16.725
2026-10-08 18:47:00+00:00,16.725,16.735,16.705,16.715
2026-10-08 18:48:00+00:00,16.715,16.725,16.71,16.725
2026-10-08 18:49:00+00:00,16.685,16.715,16.685,16.715
2026-10-08 18:50:00+00:00,16.685,16.685,16.665,16.685
2026-10-08 18:51:00+00:00,16.705,16.715,16.685,16.685
2026-10-08 18:52:00+00:00,16.695,16.715,16.685,16.705
2026-10-08 18:53:00+00:00,16.665,16.695,16.665,16.695
2026-10-08 18:54:00+00:00,16.665,16.665,16.66,16.665
2026-10-08 18:55:00+00:00,16.675,16.685,16.655,16.665
2026-10-08 18:56:00+00:00,16.675,16.69,16.675,16.675
2026-10-08 18:57:00+00:00,16.675,16.685,16.675,16.675
2026-10-08 18:58:00+00:00,16.665,16.68,16.66,16.675
2026-10-08 18:59:00+00:00,16.685,16.685,16.665,16.665
2026-10-08 19:00:00+00:00,16.695,16.705,16.675,16.685
2026-10-08 19:01:00+00:00,16.675,16.695,16.665,16.695
2026-10-08 19:02:00+00:00,16.665,16.675,16.665,16.675
2026-10-08 19:03:00+00:00,16.685,16.685,16.665,16.665
2026-10-08 19:04:00+00:00,16.685,16.695,16.675,16.685
2026-10-08 19:05:00+00:00,16.675,16.695,16.67,16.685
2026-10-08 19:06:00+00:00,16.705,16.705,16.67,16.675
2026-10-08 19:07:00+00:00,16.715,16.74,16.705,16.705
2026-10-08 19:08:00+00:00,16.665,16.715,16.665,16.715
2026-10-08 19:09:00+00:00,16.685,16.685,16.665,16.665
2026-10-08 19:10:00+00:00,16.665,16.685,16.665,16.685
2026-10-08 19:11:00+00:00,16.665,16.675,16.66,16.665
2026-10-08 19:12:00+00:00,16.675,16.675,16.665,16.665
2026-10-08 19:13:00+00:00,16.655,16.675,16.655,16.675
2026-10-08 19:14:00+00:00,16.665,16.67,16.65,16.655
2026-10-08 19:15:00+00:00,16.675,16.685,16.66,16.665
2026-10-08 19:16:00+00:00,16.665,16.685,16.665,16.675
2026-10-08 19:17:00+00:00,16.665,16.665,16.65,16.665
2026-10-08 19:18:00+00:00,16.675,16.685,16.665,16.665
2026-10-08 19:19:00+00:00,16.675,16.69,16.665,16.675
2026-10-08 19:20:00+00:00,16.655,16.685,16.655,16.675
2026-10-08 19:21:00+00:00,16.66,16.665,16.655,16.655
2026-10-08 19:22:00+00:00,16.625,16.665,16.625,16.66
2026-10-08 19:23:00+00:00,16.615,16.625,16.61,16.625
2026-10-08 19:24:00+00:00,16.635,16.635,16.595,16.61
2026-10-08 19:25:00+00:00,16.625,16.635,16.615,16.635
2026-10-08 19:26:00+00:00,16.605,16.625,16.605,16.625
2026-10-08 19:27:00+00:00,16.615,16.625,16.605,16.605
2026-10-08 19:28:00+00:00,16.675,16.675,16.615,16.615
2026-10-08 19:29:00+00:00,16.655,16.675,16.655,16.675
2026-10-08 19:30:00+00:00,16.695,16.695,16.65,16.655
2026-10-08 19:31:00+00:00,16.735,16.735,16.695,16.695
2026-10-08 19:32:00+00:00,16.715,16.745,16.715,16.735
2026-10-08 19:33:00+00:00,16.715,16.725,16.705,16.715
2026-10-08 19:34:00+00:00,16.725,16.725,16.695,16.715
2026-10-08 19:35:00+00:00,16.715,16.725,16.705,16.725
2026-10-08 19:36:00+00:00,16.725,16.725,16.715,16.715
2026-10-08 19:37:00+00:00,16.715,16.725,16.715,16.725
2026-10-08 19:38:00+00:00,16.705,16.715,16.705,16.715
2026-10-08 19:39:00+00:00,16.725,16.725,16.705,16.705
2026-10-08 19:40:00+00:00,16.725,16.735,16.725,16.725
2026-10-08 19:41:00+00:00,16.725,16.725,16.715,16.725
2026-10-08 19:42:00+00:00,16.685,16.735,16.68,16.725
2026-10-08 19:43:00+00:00,16.715,16.725,16.68,16.685
2026-10-08 19:44:00+00:00,16.715,16.735,16.71,16.715
2026-10-08 19:45:00+00:00,16.715,16.725,16.705,16.715
2026-10-08 19:46:00+00:00,16.715,16.715,16.705,16.715
2026-10-08 19:47:00+00:00,16.705,16.715,16.695,16.715
2026-10-08 19:48:00+00:00,16.695,16.715,16.695,16.705
2026-10-08 19:49:00+00:00,16.69,16.705,16.68,16.695
2026-10-08 19:50:00+00:00,16.675,16.69,16.66,16.69
2026-10-08 19:51:00+00:00,16.675,16.685,16.67,16.675
2026-10-08 19:52:00+00:00,16.685,16.685,16.675,16.675
2026-10-08 19:53:00+00:00,16.735,16.735,16.685,16.685
2026-10-08 19:54:00+00:00,16.715,16.74,16.715,16.735
2026-10-08 19:55:00+00:00,16.715,16.725,16.71,16.715
2026-10-08 19:56:00+00:00,16.71,16.72,16.705,16.715
2026-10-08 19:57:00+00:00,16.685,16.72,16.675,16.71
2026-10-08 19:58:00+00:00,16.665,16.685,16.665,16.685
2026-10-08 19:59:00+00:00,16.665,16.675,16.655,16.665
2026-10-09 13:30:00+00:00,16.345,16.415,16.345,16.39
2026-10-09 13:31:00+00:00,16.355,16.37,16.345,16.345
2026-10-09 13:32:00+00:00,16.32,16.36,16.315,16.355
2026-10-09 13:33:00+00:00,16.365,16.37,16.32,16.32
2026-10-09 13:34:00+00:00,16.33,16.365,16.33,16.365
2026-10-09 13:35:00+00:00,16.335,16.345,16.325,16.335
2026-10-09 13:36:00+00:00,16.335,16.345,16.335,16.335
2026-10-09 13:37:00+00:00,16.365,16.38,16.335,16.335
2026-10-09 13:38:00+00:00,16.335,16.395,16.325,16.365
2026-10-09 13:39:00+00:00,16.325,16.345,16.325,16.335
2026-10-09 13:40:00+00:00,16.345,16.355,16.315,16.325
2026-10-09 13:41:00+00:00,16.335,16.355,16.32,16.345
2026-10-09 13:42:00+00:00,16.365,16.365,16.335,16.335
2026-10-09 13:43:00+00:00,16.365,16.375,16.355,16.365
2026-10-09 13:44:00+00:00,16.395,16.405,16.365,16.365
2026-10-09 13:45:00+00:00,16.355,16.415,16.35,16.395
2026-10-09 13:46:00+00:00,16.355,16.365,16.35,16.355
2026-10-09 13:47:00+00:00,16.355,16.36,16.35,16.355
2026-10-09 13:48:00+00:00,16.365,16.39,16.355,16.355
2026-10-09 13:49:00+00:00,16.335,16.365,16.335,16.365
2026-10-09 13:50:00+00:00,16.325,16.34,16.325,16.335
2026-10-09 13:51:00+00:00,16.335,16.345,16.325,16.325
2026-10-09 13:52:00+00:00,16.335,16.345,16.325,16.335
2026-10-09 13:53:00+00:00,16.335,16.345,16.33,16.335
2026-10-09 13:54:00+00:00,16.335,16.335,16.335,16.335
2026-10-09 13:55:00+00:00,16.325,16.345,16.325,16.335
2026-10-09 13:56:00+00:00,16.325,16.325,16.315,16.325
2026-10-09 13:57:00+00:00,16.315,16.325,16.305,16.325
2026-10-09 13:58:00+00:00,16.345,16.35,16.315,16.315
2026-10-09 13:59:00+00:00,16.33,16.37,16.32,16.345
2026-10-09 14:00:00+00:00,16.31,16.35,16.305,16.35
2026-10-09 14:01:00+00:00,16.335,16.335,16.305,16.31
2026-10-09 14:02:00+00:00,16.315,16.335,16.315,16.335
2026-10-09 14:03:00+00:00,16.345,16.365,16.315,16.315
2026-10-09 14:04:00+00:00,16.375,16.385,16.345,16.345
2026-10-09 14:05:00+00:00,16.375,16.375,16.365,16.375
2026-10-09 14:06:00+00:00,16.325,16.375,16.325,16.375
2026-10-09 14:07:00+00:00,16.31,16.33,16.31,16.325
2026-10-09 14:08:00+00:00,16.315,16.325,16.31,16.31
2026-10-09 14:09:00+00:00,16.315,16.325,16.315,16.315
2026-10-09 14:10:00+00:00,16.335,16.335,16.315,16.315
2026-10-09 14:11:00+00:00,16.335,16.355,16.335,16.335
2026-10-09 14:12:00+00:00,16.315,16.335,16.315,16.335
2026-10-09 14:13:00+00:00,16.335,16.335,16.305,16.315
2026-10-09 14:14:00+00:00,16.315,16.335,16.305,16.335
2026-10-09 14:15:00+00:00,16.305,16.315,16.3,16.315
2026-10-09 14:16:00+00:00,16.315,16.32,16.28,16.305
2026-10-09 14:17:00+00:00,16.315,16.33,16.305,16.315
2026-10-09 14:18:00+00:00,16.315,16.315,16.31,16.315
2026-10-09 14:19:00+00:00,16.31,16.315,16.305,16.315
2026-10-09 14:20:00+00:00,16.305,16.315,16.305,16.305
2026-10-09 14:21:00+00:00,16.305,16.305,16.285,16.305
2026-10-09 14:22:00+00:00,16.295,16.305,16.285,16.305
2026-10-09 14:23:00+00:00,16.285,16.295,16.285,16.295
2026-10-09 14:24:00+00:00,16.285,16.285,16.285,16.285
2026-10-09 14:25:00+00:00,16.285,16.285,16.27,16.285
2026-10-09 14:26:00+00:00,16.295,16.3,16.285,16.285
2026-10-09 14:27:00+00:00,16.305,16.305,16.295,16.295
2026-10-09 14:28:00+00:00,16.315,16.315,16.305,16.305
2026-10-09 14:29:00+00:00,16.315,16.34,16.305,16.315
2026-10-09 14:30:00+00:00,16.315,16.32,16.315,16.315
2026-10-09 14:31:00+00:00,16.325,16.325,16.315,16.315
2026-10-09 14:32:00+00:00,16.335,16.335,16.325,16.325
2026-10-09 14:33:00+00:00,16.325,16.34,16.32,16.335
2026-10-09 14:34:00+00:00,16.315,16.325,16.315,16.325
2026-10-09 14:35:00+00:00,16.315,16.325,16.315,16.315
2026-10-09 14:36:00+00:00,16.315,16.315,16.31,16.315
2026-10-09 14:37:00+00:00,16.315,16.32,16.31,16.315
2026-10-09 14:38:00+00:00,16.325,16.325,16.315,16.315
2026-10-09 14:39:00+00:00,16.325,16.33,16.315,16.325
2026-10-09 14:40:00+00:00,16.335,16.335,16.325,16.325
2026-10-09 14:41:00+00:00,16.345,16.345,16.325,16.335
2026-10-09 14:42:00+00:00,16.375,16.375,16.335,16.345
2026-10-09 14:43:00+00:00,16.365,16.375,16.365,16.375
2026-10-09 14:44:00+00:00,16.375,16.375,16.365,16.365
2026-10-09 14:45:00+00:00,16.365,16.375,16.35,16.375
2026-10-09 14:46:00+00:00,16.365,16.365,16.35,16.365
2026-10-09 14:47:00+00:00,16.385,16.385,16.365,16.365
2026-10-09 14:48:00+00:00,16.375,16.385,16.37,16.385
2026-10-09 14:49:00+00:00,16.375,16.38,16.375,16.375
2026-10-09 14:50:00+00:00,16.365,16.375,16.36,16.375
2026-10-09 14:51:00+00:00,16.365,16.365,16.35,16.365
2026-10-09 14:52:00+00:00,16.36,16.37,16.355,16.365
2026-10-09 14:53:00+00:00,16.365,16.365,16.345,16.355
2026-10-09 14:54:00+00:00,16.365,16.37,16.365,16.365
2026-10-09 14:55:00+00:00,16.365,16.365,16.36,16.365
2026-10-09 14:56:00+00:00,16.365,16.365,16.36,16.365
2026-10-09 14:57:00+00:00,16.395,16.395,16.365,16.365
2026-10-09 14:58:00+00:00,16.385,16.395,16.385,16.395
2026-10-09 14:59:00+00:00,16.34,16.4,16.34,16.385
2026-10-09 15:00:00+00:00,16.315,16.345,16.315,16.34
2026-10-09 15:01:00+00:00,16.325,16.335,16.3,16.315
2026-10-09 15:02:00+00:00,16.305,16.335,16.305,16.325
2026-10-09 15:03:00+00:00,16.325,16.335,16.3,16.305
2026-10-09 15:04:00+00:00,16.325,16.33,16.31,16.325
2026-10-09 15:05:00+00:00,16.345,16.345,16.325,16.325
2026-10-09 15:06:00+00:00,16.335,16.345,16.335,16.345
2026-10-09 15:07:00+00:00,16.335,16.335,16.325,16.335
2026-10-09 15:08:00+00:00,16.345,16.355,16.335,16.335
2026-10-09 15:09:00+00:00,16.335,16.345,16.325,16.345
2026-10-09 15:10:00+00:00,16.335,16.34,16.325,16.335
2026-10-09 15:11:00+00:00,16.335,16.34,16.335,16.335
2026-10-09 15:12:00+00:00,16.345,16.345,16.335,16.335
2026-10-09 15:13:00+00:00,16.325,16.345,16.32,16.345
2026-10-09 15:14:00+00:00,16.305,16.325,16.305,16.325
2026-10-09 15:15:00+00:00,16.295,16.305,16.295,16.305
2026-10-09 15:16:00+00:00,16.295,16.305,16.295,16.295
2026-10-09 15:17:00+00:00,16.295,16.295,16.295,16.295
2026-10-09 15:18:00+00:00,16.295,16.295,16.29,16.295
2026-10-09 15:19:00+00:00,16.305,16.305,16.285,16.295
2026-10-09 15:20:00+00:00,16.315,16.325,16.295,16.305
2026-10-09 15:21:00+00:00,16.285,16.315,16.285,16.315
2026-10-09 15:22:00+00:00,16.285,16.29,16.285,16.285
2026-10-09 15:23:00+00:00,16.285,16.295,16.285,16.285
2026-10-09 15:24:00+00:00,16.285,16.29,16.285,16.29
2026-10-09 15:25:00+00:00,16.305,16.315,16.285,16.285
2026-10-09 15:26:00+00:00,16.295,16.305,16.295,16.305
2026-10-09 15:27:00+00:00,16.295,16.295,16.29,16.295
2026-10-09 15:28:00+00:00,16.335,16.335,16.295,16.295
2026-10-09 15:29:00+00:00,16.34,16.345,16.335,16.335
2026-10-09 15:30:00+00:00,16.325,16.345,16.325,16.34
2026-10-09 15:31:00+00:00,16.335,16.335,16.325,16.325
2026-10-09 15:32:00+00:00,16.335,16.34,16.33,16.335
2026-10-09 15:33:00+00:00,16.335,16.335,16.335,16.335
2026-10-09 15:34:00+00:00,16.335,16.335,16.33,16.335
2026-10-09 15:35:00+00:00,16.335,16.335,16.325,16.335
2026-10-09 15:36:00+00:00,16.335,16.35,16.335,16.335
2026-10-09 15:37:00+00:00,16.345,16.35,16.335,16.335
2026-10-09 15:38:00+00:00,16.325,16.345,16.32,16.345
2026-10-09 15:39:00+00:00,16.315,16.325,16.315,16.325
2026-10-09 15:40:00+00:00,16.325,16.335,16.315,16.315
2026-10-09 15:41:00+00:00,16.325,16.33,16.325,16.325
2026-10-09 15:42:00+00:00,16.345,16.345,16.325,16.325
2026-10-09 15:43:00+00:00,16.345,16.345,16.345,16.345
2026-10-09 15:44:00+00:00,16.345,16.345,16.34,16.345
2026-10-09 15:45:00+00:00,16.345,16.355,16.335,16.345
2026-10-09 15:46:00+00:00,16.345,16.355,16.34,16.345
2026-10-09 15:47:00+00:00,16.345,16.345,16.345,16.345
2026-10-09 15:48:00+00:00,16.335,16.345,16.325,16.345
2026-10-09 15:49:00+00:00,16.325,16.34,16.325,16.335
2026-10-09 15:50:00+00:00,16.325,16.325,16.32,16.325
2026-10-09 15:51:00+00:00,16.315,16.325,16.315,16.325
2026-10-09 15:52:00+00:00,16.315,16.325,16.315,16.315
2026-10-09 15:53:00+00:00,16.315,16.315,16.31,16.315
2026-10-09 15:54:00+00:00,16.315,16.32,16.315,16.315
2026-10-09 15:55:00+00:00,16.315,16.315,16.315,16.315
2026-10-09 15:56:00+00:00,16.315,16.315,16.315,16.315
2026-10-09 15:57:00+00:00,16.315,16.315,16.315,16.315
2026-10-09 15:58:00+00:00,16.315,16.325,16.315,16.315
2026-10-09 15:59:00+00:00,16.315,16.32,16.315,16.315
2026-10-09 16:00:00+00:00,16.315,16.325,16.315,16.315
2026-10-09 16:01:00+00:00,16.315,16.315,16.315,16.315
2026-10-09 16:02:00+00:00,16.305,16.315,16.305,16.315
2026-10-09 16:03:00+00:00,16.305,16.305,16.305,16.305
2026-10-09 16:04:00+00:00,16.285,16.305,16.285,16.305
2026-10-09 16:05:00+00:00,16.265,16.285,16.265,16.285
2026-10-09 16:06:00+00:00,16.255,16.27,16.25,16.265
2026-10-09 16:07:00+00:00,16.255,16.255,16.25,16.255
2026-10-09 16:08:00+00:00,16.245,16.255,16.245,16.255
2026-10-09 16:09:00+00:00,16.265,16.265,16.245,16.245
2026-10-09 16:10:00+00:00,16.255,16.285,16.255,16.265
2026-10-09 16:11:00+00:00,16.255,16.255,16.255,16.255
2026-10-09 16:12:00+00:00,16.255,16.255,16.245,16.255
2026-10-09 16:13:00+00:00,16.255,16.265,16.255,16.255
2026-10-09 16:14:00+00:00,16.255,16.255,16.255,16.255
2026-10-09 16:15:00+00:00,16.255,16.255,16.255,16.255
2026-10-09 16:16:00+00:00,16.245,16.255,16.235,16.255
2026-10-09 16:17:00+00:00,16.245,16.245,16.235,16.245
2026-10-09 16:18:00+00:00,16.235,16.245,16.235,16.245
2026-10-09 16:19:00+00:00,16.235,16.245,16.235,16.235
2026-10-09 16:20:00+00:00,16.245,16.245,16.235,16.235
2026-10-09 16:21:00+00:00,16.25,16.265,16.245,16.245
2026-10-09 16:22:00+00:00,16.245,16.245,16.245,16.245
2026-10-09 16:23:00+00:00,16.245,16.245,16.245,16.245
2026-10-09 16:24:00+00:00,16.245,16.255,16.245,16.245
2026-10-09 16:25:00+00:00,16.255,16.255,16.245,16.245
2026-10-09 16:26:00+00:00,16.255,16.255,16.255,16.255
2026-10-09 16:27:00+00:00,16.255,16.255,16.25,16.255
2026-10-09 16:28:00+00:00,16.255,16.255,16.25,16.255
2026-10-09 16:29:00+00:00,16.255,16.255,16.25,16.255
2026-10-09 16:30:00+00:00,16.265,16.265,16.255,16.255
2026-10-09 16:31:00+00:00,16.265,16.265,16.26,16.265
2026-10-09 16:32:00+00:00,16.295,16.295,16.265,16.265
2026-10-09 16:33:00+00:00,16.295,16.3,16.295,16.295
2026-10-09 16:34:00+00:00,16.305,16.305,16.295,16.295
2026-10-09 16:35:00+00:00,16.305,16.315,16.305,16.305
2026-10-09 16:36:00+00:00,16.305,16.305,16.3,16.305
2026-10-09 16:37:00+00:00,16.305,16.305,16.3,16.305
2026-10-09 16:38:00+00:00,16.305,16.305,16.3,16.305
2026-10-09 16:39:00+00:00,16.305,16.305,16.305,16.305
2026-10-09 16:40:00+00:00,16.305,16.305,16.295,16.305
2026-10-09 16:41:00+00:00,16.305,16.305,16.305,16.305
2026-10-09 16:42:00+00:00,16.305,16.305,16.295,16.305
2026-10-09 16:43:00+00:00,16.305,16.305,16.305,16.305
2026-10-09 16:44:00+00:00,16.315,16.315,16.305,16.305
2026-10-09 16:45:00+00:00,16.315,16.315,16.315,16.315
2026-10-09 16:46:00+00:00,16.315,16.325,16.315,16.315
2026-10-09 16:47:00+00:00,16.305,16.315,16.305,16.315
2026-10-09 16:48:00+00:00,16.315,16.315,16.305,16.305
2026-10-09 16:49:00+00:00,16.315,16.315,16.31,16.315
2026-10-09 16:50:00+00:00,16.305,16.315,16.3,16.315
2026-10-09 16:51:00+00:00,16.315,16.315,16.305,16.305
2026-10-09 16:52:00+00:00,16.315,16.315,16.315,16.315
2026-10-09 16:53:00+00:00,16.315,16.315,16.315,16.315
2026-10-09 16:54:00+00:00,16.315,16.315,16.315,16.315
2026-10-09 16:55:00+00:00,16.325,16.325,16.315,16.315
2026-10-09 16:56:00+00:00,16.335,16.335,16.325,16.325
2026-10-09 16:57:00+00:00,16.335,16.335,16.33,16.335
2026-10-09 16:58:00+00:00,16.335,16.335,16.325,16.335
2026-10-09 16:59:00+00:00,16.345,16.345,16.33,16.335
2026-10-09 17:00:00+00:00,16.355,16.365,16.335,16.345
2026-10-09 17:01:00+00:00,16.365,16.365,16.355,16.355
2026-10-09 17:02:00+00:00,16.365,16.365,16.36,16.365
2026-10-09 17:03:00+00:00,16.365,16.365,16.365,16.365
2026-10-09 17:04:00+00:00,16.365,16.365,16.365,16.365
2026-10-09 17:05:00+00:00,16.365,16.365,16.365,16.365
2026-10-09 17:06:00+00:00,16.375,16.375,16.365,16.365
2026-10-09 17:07:00+00:00,16.375,16.375,16.375,16.375
2026-10-09 17:08:00+00:00,16.375,16.375,16.375,16.375
2026-10-09 17:09:00+00:00,16.375,16.375,16.375,16.375
2026-10-09 17:10:00+00:00,16.375,16.385,16.375,16.375
2026-10-09 17:11:00+00:00,16.375,16.375,16.35,16.375
2026-10-09 17:12:00+00:00,16.375,16.375,16.375,16.375
2026-10-09 17:13:00+00:00,16.345,16.375,16.345,16.375
2026-10-09 17:14:00+00:00,16.375,16.375,16.345,16.345
2026-10-09 17:15:00+00:00,16.375,16.38,16.35,16.375
2026-10-09 17:16:00+00:00,16.375,16.375,16.375,16.375
2026-10-09 17:17:00+00:00,16.375,16.375,16.375,16.375
2026-10-09 17:18:00+00:00,16.365,16.375,16.365,16.375
2026-10-09 17:19:00+00:00,16.365,16.365,16.365,16.365
2026-10-09 17:20:00+00:00,16.375,16.375,16.365,16.365
2026-10-09 17:21:00+00:00,16.375,16.375,16.375,16.375
2026-10-09 17:22:00+00:00,16.385,16.385,16.375,16.375
2026-10-09 17:23:00+00:00,16.385,16.385,16.385,16.385
2026-10-09 17:24:00+00:00,16.385,16.385,16.385,16.385
2026-10-09 17:25:00+00:00,16.385,16.385,16.385,16.385
2026-10-09 17:26:00+00:00,16.385,16.385,16.385,16.385
2026-10-09 17:27:00+00:00,16.375,16.385,16.375,16.385
2026-10-09 17:28:00+00:00,16.375,16.375,16.375,16.375
2026-10-09 17:29:00+00:00,16.375,16.38,16.37,16.375
2026-10-09 17:30:00+00:00,16.375,16.38,16.375,16.375
2026-10-09 17:31:00+00:00,16.375,16.38,16.375,16.375
2026-10-09 17:32:00+00:00,16.385,16.385,16.375,16.375
2026-10-09 17:33:00+00:00,16.385,16.385,16.385,16.385
2026-10-09 17:34:00+00:00,16.385,16.385,16.385,16.385
2026-10-09 17:35:00+00:00,16.395,16.395,16.385,16.385
2026-10-09 17:36:00+00:00,16.385,16.395,16.385,16.395
2026-10-09 17:37:00+00:00,16.385,16.385,16.385,16.385
2026-10-09 17:38:00+00:00,16.385,16.385,16.385,16.385
2026-10-09 17:39:00+00:00,16.385,16.385,16.385,16.385
2026-10-09 17:40:00+00:00,16.385,16.385,16.385,16.385
2026-10-09 17:41:00+00:00,16.385,16.385,16.385,16.385
2026-10-09 17:42:00+00:00,16.385,16.385,16.385,16.385
2026-10-09 17:43:00+00:00,16.385,16.385,16.385,16.385
2026-10-09 17:44:00+00:00,16.385,16.385,16.385,16.385
2026-10-09 17:45:00+00:00,16.385,16.385,16.385,16.385
2026-10-09 17:46:00+00:00,16.365,16.385,16.365,16.385
2026-10-09 17:47:00+00:00,16.375,16.375,16.375,16.375
2026-10-09 17:48:00+00:00,16.38,16.38,16.375,16.375
2026-10-09 17:49:00+00:00,16.375,16.375,16.375,16.375
2026-10-09 17:50:00+00:00,16.385,16.385,16.375,16.375
2026-10-09 17:51:00+00:00,16.385,16.385,16.385,16.385
2026-10-09 17:52:00+00:00,16.365,16.385,16.365,16.385
2026-10-09 17:53:00+00:00,16.375,16.375,16.37,16.37
2026-10-09 17:54:00+00:00,16.375,16.375,16.375,16.375
2026-10-09 17:55:00+00:00,16.375,16.375,16.375,16.375
2026-10-09 17:56:00+00:00,16.375,16.375,16.375,16.375
2026-10-09 17:57:00+00:00,16.375,16.375,16.375,16.375
2026-10-09 17:58:00+00:00,16.375,16.375,16.375,16.375
2026-10-09 17:59:00+00:00,16.375,16.375,16.37,16.375
2026-10-09 18:00:00+00:00,16.375,16.375,16.375,16.375
2026-10-09 18:01:00+00:00,16.375,16.375,16.375,16.375
2026-10-09 18:02:00+00:00,16.375,16.375,16.375,16.375
2026-10-09 18:03:00+00:00,16.375,16.375,16.375,16.375
2026-10-09 18:04:00+00:00,16.375,16.375,16.375,16.375
2026-10-09 18:05:00+00:00,16.375,16.375,16.375,16.375
2026-10-09 18:06:00+00:00,16.375,16.375,16.375,16.375
2026-10-09 18:07:00+00:00,16.385,16.39,16.375,16.375
2026-10-09 18:08:00+00:00,16.385,16.385,16.385,16.385
2026-10-09 18:09:00+00:00,16.385,16.39,16.385,16.385
2026-10-09 18:10:00+00:00,16.395,16.395,16.385,16.385
2026-10-09 18:11:00+00:00,16.395,16.4,16.395,16.395
2026-10-09 18:12:00+00:00,16.385,16.39,16.375,16.39
2026-10-09 18:13:00+00:00,16.385,16.385,16.385,16.385
2026-10-09 18:14:00+00:00,16.385,16.385,16.385,16.385
2026-10-09 18:15:00+00:00,16.385,16.385,16.385,16.385
2026-10-09 18:16:00+00:00,16.385,16.385,16.385,16.385
2026-10-09 18:17:00+00:00,16.385,16.385,16.385,16.385
2026-10-09 18:18:00+00:00,16.385,16.385,16.385,16.385
2026-10-09 18:19:00+00:00,16.385,16.385,16.385,16.385
2026-10-09 18:20:00+00:00,16.375,16.385,16.375,16.385
2026-10-09 18:21:00+00:00,16.385,16.385,16.375,16.375
2026-10-09 18:22:00+00:00,16.385,16.385,16.385,16.385
2026-10-09 18:23:00+00:00,16.385,16.385,16.385,16.385
2026-10-09 18:24:00+00:00,16.375,16.385,16.375,16.385
2026-10-09 18:25:00+00:00,16.365,16.375,16.365,16.375
2026-10-09 18:26:00+00:00,16.365,16.365,16.365,16.365
2026-10-09 18:27:00+00:00,16.375,16.385,16.365,16.365
2026-10-09 18:28:00+00:00,16.375,16.375,16.375,16.375
2026-10-09 18:29:00+00:00,16.365,16.375,16.365,16.375
2026-10-09 18:30:00+00:00,16.385,16.385,16.365,16.365
2026-10-09 18:31:00+00:00,16.385,16.385,16.385,16.385
2026-10-09 18:32:00+00:00,16.395,16.395,16.385,16.385
2026-10-09 18:33:00+00:00,16.395,16.395,16.395,16.395
2026-10-09 18:34:00+00:00,16.395,16.395,16.395,16.395
2026-10-09 18:35:00+00:00,16.405,16.415,16.395,16.395
2026-10-09 18:36:00+00:00,16.405,16.405,16.395,16.405
2026-10-09 18:37:00+00:00,16.395,16.405,16.39,16.405
2026-10-09 18:38:00+00:00,16.395,16.395,16.395,16.395
2026-10-09 18:39:00+00:00,16.395,16.395,16.395,16.395
2026-10-09 18:40:00+00:00,16.405,16.405,16.395,16.395
2026-10-09 18:41:00+00:00,16.395,16.405,16.395,16.405
2026-10-09 18:42:00+00:00,16.405,16.41,16.395,16.395
2026-10-09 18:43:00+00:00,16.405,16.41,16.405,16.405
2026-10-09 18:44:00+00:00,16.405,16.405,16.405,16.405
2026-10-09 18:45:00+00:00,16.425,16.435,16.405,16.405
2026-10-09 18:46:00+00:00,16.415,16.425,16.405,16.425
2026-10-09 18:47:00+00:00,16.415,16.42,16.405,16.415
2026-10-09 18:48:00+00:00,16.425,16.425,16.42,16.42
2026-10-09 18:49:00+00:00,16.405,16.425,16.405,16.425
2026-10-09 18:50:00+00:00,16.365,16.405,16.365,16.405
2026-10-09 18:51:00+00:00,16.365,16.375,16.355,16.365
2026-10-09 18:52:00+00:00,16.365,16.37,16.365,16.365
2026-10-09 18:53:00+00:00,16.365,16.37,16.365,16.365
2026-10-09 18:54:00+00:00,16.375,16.375,16.365,16.365
2026-10-09 18:55:00+00:00,16.375,16.375,16.37,16.375
2026-10-09 18:56:00+00:00,16.375,16.375,16.375,16.375
2026-10-09 18:57:00+00:00,16.375,16.375,16.375,16.375
2026-10-09 18:58:00+00:00,16.385,16.385,16.375,16.375
2026-10-09 18:59:00+00:00,16.375,16.385,16.375,16.385
2026-10-09 19:00:00+00:00,16.365,16.375,16.355,16.375
2026-10-09 19:01:00+00:00,16.355,16.365,16.355,16.365
2026-10-09 19:02:00+00:00,16.355,16.355,16.355,16.355
2026-10-09 19:03:00+00:00,16.355,16.355,16.355,16.355
2026-10-09 19:04:00+00:00,16.345,16.355,16.345,16.355
2026-10-09 19:05:00+00:00,16.345,16.355,16.345,16.345
2026-10-09 19:06:00+00:00,16.345,16.345,16.345,16.345
2026-10-09 19:07:00+00:00,16.345,16.345,16.345,16.345
2026-10-09 19:08:00+00:00,16.355,16.36,16.335,16.345
2026-10-09 19:09:00+00:00,16.325,16.355,16.325,16.355
2026-10-09 19:10:00+00:00,16.325,16.325,16.325,16.325
2026-10-09 19:11:00+00:00,16.335,16.335,16.325,16.325
2026-10-09 19:12:00+00:00,16.335,16.335,16.335,16.335
2026-10-09 19:13:00+00:00,16.335,16.335,16.335,16.335
2026-10-09 19:14:00+00:00,16.325,16.335,16.32,16.335
2026-10-09 19:15:00+00:00,16.315,16.325,16.31,16.325
2026-10-09 19:16:00+00:00,16.315,16.315,16.315,16.315
2026-10-09 19:17:00+00:00,16.315,16.315,16.31,16.315
2026-10-09 19:18:00+00:00,16.305,16.315,16.305,16.315
2026-10-09 19:19:00+00:00,16.305,16.305,16.305,16.305
2026-10-09 19:20:00+00:00,16.305,16.305,16.305,16.305
2026-10-09 19:21:00+00:00,16.305,16.305,16.295,16.305
2026-10-09 19:22:00+00:00,16.295,16.305,16.295,16.305
2026-10-09 19:23:00+00:00,16.305,16.305,16.295,16.295
2026-10-09 19:24:00+00:00,16.305,16.305,16.295,16.305
2026-10-09 19:25:00+00:00,16.295,16.305,16.295,16.305
2026-10-09 19:26:00+00:00,16.305,16.315,16.295,16.295
2026-10-09 19:27:00+00:00,16.305,16.31,16.305,16.305
2026-10-09 19:28:00+00:00,16.305,16.305,16.305,16.305
2026-10-09 19:29:00+00:00,16.305,16.305,16.305,16.305
2026-10-09 19:30:00+00:00,16.315,16.32,16.305,16.305
2026-10-09 19:31:00+00:00,16.315,16.315,16.31,16.315
2026-10-09 19:32:00+00:00,16.315,16.315,16.315,16.315
2026-10-09 19:33:00+00:00,16.315,16.325,16.31,16.315
2026-10-09 19:34:00+00:00,16.315,16.315,16.315,16.315
2026-10-09 19:35:00+00:00,16.315,16.315,16.315,16.315
2026-10-09 19:36:00+00:00,16.315,16.315,16.315,16.315
2026-10-09 19:37:00+00:00,16.315,16.315,16.315,16.315
2026-10-09 19:38:00+00:00,16.315,16.315,16.305,16.315
2026-10-09 19:39:00+00:00,16.315,16.315,16.31,16.315
2026-10-09 19:40:00+00:00,16.335,16.335,16.315,16.315
2026-10-09 19:41:00+00:00,16.325,16.335,16.325,16.335
2026-10-09 19:42:00+00:00,16.345,16.35,16.325,16.325
2026-10-09 19:43:00+00:00,16.345,16.35,16.335,16.345
2026-10-09 19:44:00+00:00,16.365,16.375,16.345,16.345
2026-10-09 19:45:00+00:00,16.365,16.365,16.365,16.365
2026-10-09 19:46:00+00:00,16.365,16.365,16.365,16.365
2026-10-09 19:47:00+00:00,16.365,16.365,16.355,16.365
2026-10-09 19:48:00+00:00,16.365,16.365,16.365,16.365
2026-10-09 19:49:00+00:00,16.37,16.37,16.36,16.365
2026-10-09 19:50:00+00:00,16.325,16.37,16.315,16.37
2026-10-09 19:51:00+00:00,16.325,16.335,16.325,16.325
2026-10-09 19:52:00+00:00,16.325,16.325,16.325,16.325
2026-10-09 19:53:00+00:00,16.315,16.325,16.315,16.325
2026-10-09 19:54:00+00:00,16.335,16.335,16.315,16.315
2026-10-09 19:55:00+00:00,16.315,16.335,16.315,16.335
2026-10-09 19:56:00+00:00,16.315,16.32,16.3,16.315
2026-10-09 19:57:00+00:00,16.315,16.315,16.315,16.315
2026-10-09 19:58:00+00:00,16.315,16.315,16.315,16.315
2026-10-09 19:59:00+00:00,16.29,16.325,16.285,16.315
