date,Open,High,Low,Close,Volume,volumenotional,tradesdone
2026-09-26 00:00:00+00:00,1.5682320125874405,1.5682320125874405,1.5666562462479294,1.5678207781698843,356460.50880436,558866.1923004846,365.0
2026-09-26 00:01:00+00:00,1.5675765758360056,1.567772764156233,1.5666301630515989,1.5675974260543184,49120.64274249001,77001.39312926108,169.0
2026-09-26 00:02:00+00:00,1.5675950874323679,1.567600276028451,1.5655479618262866,1.565946299615411,26330.864023430004,41232.71908316677,156.0
2026-09-26 00:03:00+00:00,1.5658745045947158,1.5661832238130768,1.5652221907828923,1.5652262344421277,66219.83917304002,103649.02951418073,151.0
2026-09-26 00:04:00+00:00,1.565197342938561,1.5653763096500242,1.5631806781743742,1.563430499926265,132778.21955359005,207589.51817598866,204.0
2026-09-26 00:05:00+00:00,1.5637303944904486,1.5642944419453864,1.5635078718500495,1.5642910871910785,93028.86844003998,145524.22975222595,200.0
2026-09-26 00:06:00+00:00,1.5642056235533117,1.5658365700518968,1.563732346559314,1.5637818954532825,16528.08253646,25846.316237073715,198.0
2026-09-26 00:07:00+00:00,1.5637831080014741,1.5650751900284134,1.5631932828370407,1.5649822569088239,35523.84917223998,55594.193651660775,180.0
2026-09-26 00:08:00+00:00,1.5649031938622382,1.5683482305765692,1.564884728000081,1.567210415925159,60974.74622574001,95560.25739337302,268.0
2026-09-26 00:09:00+00:00,1.567072795301702,1.5677768311583624,1.5658818940840966,1.56597207703964,54819.81426701002,85846.29841063697,163.0
2026-09-26 00:10:00+00:00,1.5659883471730034,1.5664877758460805,1.5654059454282718,1.5654633491873176,10072.54868688,15768.205802215482,104.0
2026-09-26 00:11:00+00:00,1.565673938660674,1.5688393807872292,1.5655277600771673,1.5668987100808138,281638.1508544102,441298.455283321,461.0
2026-09-26 00:12:00+00:00,1.5668506105433482,1.5669553159732252,1.5652229107868245,1.5652397001417255,55774.64596309004,87300.69012277796,199.0
2026-09-26 00:13:00+00:00,1.5653867570080013,1.566891919943354,1.5648365401250481,1.5667986294124887,129925.18097895001,203566.59548398844,254.0
2026-09-26 00:14:00+00:00,1.5667052977970812,1.5667341529005852,1.565233175193821,1.565446618371433,18019.535356449996,28208.620688379124,138.0
2026-09-26 00:15:00+00:00,1.5653080596588842,1.566952867062814,1.565025085261305,1.5658273895755523,15392.250941879991,24101.608112015783,152.0
2026-09-26 00:16:00+00:00,1.565854282323023,1.5663921695859504,1.5639010772737623,1.5639010772737623,50873.977637460004,79561.86843242499,138.0
2026-09-26 00:17:00+00:00,1.5638752268475549,1.5652639568711386,1.5638752268475549,1.5645631493149161,23075.13727255,36102.50944201483,150.0
2026-09-26 00:18:00+00:00,1.5644069084242889,1.5653560093163101,1.5644043376006318,1.5647937712984308,9304.411033519998,14559.484430852488,107.0
2026-09-26 00:19:00+00:00,1.56469641915311,1.564808735872647,1.5634565631516344,1.5637263878762262,49609.61929649,77575.87078641503,154.0
2026-09-26 00:20:00+00:00,1.5638749815849238,1.5654448698894106,1.5638688636919764,1.5653437985820537,22237.621245109993,34809.52251124946,190.0
2026-09-26 00:21:00+00:00,1.565507771100461,1.5678490338946647,1.565507771100461,1.5677919728050553,42039.85358702,65909.74499162976,197.0
2026-09-26 00:22:00+00:00,1.5675593390031697,1.5675593390031697,1.5652820299583108,1.5656859593064274,74808.28326482004,117126.27874754672,136.0
2026-09-26 00:23:00+00:00,1.5656227495249653,1.5662477948634554,1.5645733400861181,1.5653938289213924,30417.302988560008,47615.058390724065,169.0
2026-09-26 00:24:00+00:00,1.565670865614569,1.5674981141284081,1.5656238265279467,1.5674953810970442,13678.5351439,21441.040658236845,171.0
2026-09-26 00:25:00+00:00,1.5677391480620742,1.568949113508502,1.5668153745587057,1.5685949802233208,30169.54137065998,47323.791149657045,209.0
2026-09-26 00:26:00+00:00,1.5686774684297884,1.5688596623159505,1.566599184790324,1.566775107108247,231765.95879353004,363125.13491277857,331.0
2026-09-26 00:27:00+00:00,1.5667030152085684,1.5672517961663266,1.5660248507955756,1.5660877759025253,38817.894263869995,60792.22969292356,140.0
2026-09-26 00:28:00+00:00,1.566088021944362,1.5667285252984846,1.5648378210796574,1.5650080137291456,59534.05138988002,93171.26751492501,155.0
2026-09-26 00:29:00+00:00,1.5649274527013102,1.5649864860871476,1.5637465516957527,1.5639251453828606,38914.54893309,60859.44159769123,150.0
2026-09-26 00:30:00+00:00,1.5635988148958047,1.5639803748676397,1.5630942368630483,1.563965874452351,9728.04029817,15214.323051635154,113.0
2026-09-26 00:31:00+00:00,1.5638282603618507,1.5638952205414958,1.5593253929373847,1.5595261372860993,108307.31419090003,168908.08733996624,244.0
2026-09-26 00:32:00+00:00,1.5590815179979285,1.559825835072822,1.557108546008688,1.5586119107729295,151516.59133668998,236155.56393707945,318.0
2026-09-26 00:33:00+00:00,1.5582329309963145,1.5591599901290358,1.5572397990590354,1.557629921342194,33810.16374205,52663.72269009604,165.0
2026-09-26 00:34:00+00:00,1.5573748514523948,1.557811609071405,1.5556601807294705,1.555951754486979,55379.19406501002,86167.35416752724,244.0
2026-09-26 00:35:00+00:00,1.5558388236298972,1.5575969354463202,1.5544658875031776,1.555448951064456,112213.32481336998,174542.09837641142,285.0
2026-09-26 00:36:00+00:00,1.5552711324405983,1.5563289692841553,1.5549626532903016,1.5556259874547425,176008.07217128004,273802.7310714531,307.0
2026-09-26 00:37:00+00:00,1.5555900834476362,1.5571251589396966,1.5554048845927941,1.5560147223067775,31066.36908015001,48339.72765732947,232.0
2026-09-26 00:38:00+00:00,1.5557057454931373,1.5573879329833067,1.5552088181971324,1.5568163050416088,10196.301835750002,15873.768949021292,166.0
2026-09-26 00:39:00+00:00,1.556616564297357,1.5573353086062813,1.555634667294911,1.5572040257909983,192730.39612841007,300120.548743454,321.0
2026-09-26 00:40:00+00:00,1.5571694361834312,1.5592937461287635,1.5562342569844898,1.5588931535498864,76404.87390538007,119107.03482893936,310.0
2026-09-26 00:41:00+00:00,1.5586771499585015,1.5593671493550516,1.5580270053385148,1.559168960772618,113632.80420500998,177172.74124200377,297.0
2026-09-26 00:42:00+00:00,1.55939561134651,1.5614789659795214,1.5592055713282362,1.5614737536268763,60918.24158555,95122.23535293764,321.0
2026-09-26 00:43:00+00:00,1.5612619166081376,1.5621634057225446,1.560857744485767,1.5618387819086819,57368.66918665003,89600.61240219962,193.0
2026-09-26 00:44:00+00:00,1.561766648550251,1.5622441707366284,1.5603264429870596,1.5609326342132608,26683.538674320003,41651.20631303774,183.0
2026-09-26 00:45:00+00:00,1.5607252202852786,1.5617364852252082,1.559892899646691,1.561684507522852,25884.49947983,40423.421822633834,162.0
2026-09-26 00:46:00+00:00,1.5619171516400299,1.5638032407748064,1.5618605159249659,1.5638032407748064,47769.33585180999,74701.84221472061,217.0
2026-09-26 00:47:00+00:00,1.5639200908893385,1.5648504678408601,1.5630191317320636,1.56367456339861,66248.23394905002,103590.67829620975,220.0
2026-09-26 00:48:00+00:00,1.5634908584444749,1.5635159941909134,1.5617867082519443,1.5622051325816502,30642.592221640007,47870.01484425257,190.0
2026-09-26 00:49:00+00:00,1.5622299381863973,1.564239311636947,1.5619430996197161,1.5640739347277413,22246.2107991,34794.71845733111,175.0
2026-09-26 00:50:00+00:00,1.5644781028063,1.5663492058823008,1.564390662877009,1.5662124726743485,39131.97739988999,61288.991084118425,207.0
2026-09-26 00:51:00+00:00,1.5661586430493801,1.5666068764002068,1.5658847332132795,1.5665888643504386,27810.618426709996,43567.80513798299,161.0
2026-09-26 00:52:00+00:00,1.5664784383145383,1.566563535900908,1.562303908202728,1.5625284593817372,40060.12808476,62595.0902189151,259.0
2026-09-26 00:53:00+00:00,1.5625629031113255,1.5638031279438989,1.5624433126514243,1.5633776512814097,30733.676069439993,48048.34230868476,132.0
2026-09-26 00:54:00+00:00,1.5636435212928923,1.564766198923097,1.5631744764285043,1.5636588294987341,15942.01892216,24927.878647671376,212.0
2026-09-26 00:55:00+00:00,1.5642578316802278,1.5660120721479227,1.5641064492235301,1.565723215760624,26950.295920520017,42196.70399437703,221.0
2026-09-26 00:56:00+00:00,1.565702983446192,1.5659442825924952,1.5646762192299875,1.565042814002128,18475.415171250002,28914.815749470712,124.0
2026-09-26 00:57:00+00:00,1.564818189270927,1.565288742512352,1.5640207552100738,1.5643568166717248,23327.584388829993,36492.66565515111,139.0
2026-09-26 00:58:00+00:00,1.5646193699920898,1.56536762573734,1.5643024280375721,1.5643920321348352,18938.619414560002,29627.425311771764,141.0
2026-09-26 00:59:00+00:00,1.5641247143772834,1.5642341057002502,1.5628230881430776,1.563598361119734,98346.24187978003,153774.022625509,181.0
2026-09-26 01:00:00+00:00,1.5634175833455553,1.565752932491993,1.5628644977659896,1.5651114426878325,179811.96139161,281425.7583061516,303.0
2026-09-26 01:01:00+00:00,1.5651076132829995,1.5672163594636728,1.565055881449963,1.5671853518454548,134407.42547458003,210641.34838302145,280.0
2026-09-26 01:02:00+00:00,1.567281934791755,1.5683527537979896,1.5665158554951726,1.5683511706774966,62990.84653068004,98791.76789835858,230.0
2026-09-26 01:03:00+00:00,1.5683612564619571,1.569614267029313,1.5682801135384736,1.569614267029313,46772.27941811,73414.43707614695,163.0
2026-09-26 01:04:00+00:00,1.569667823669928,1.5699534427387738,1.565507617737,1.5659769500462073,580277.0939251399,908700.5537265671,302.0
2026-09-26 01:05:00+00:00,1.5653388686309806,1.5681246977781416,1.5643961483970263,1.5679925651127387,219911.69005684002,344819.8949905021,323.0
2026-09-26 01:06:00+00:00,1.5679967366293293,1.570318359309776,1.5679562047859477,1.5694845763018477,191672.78658380994,300827.48224008543,348.0
2026-09-26 01:07:00+00:00,1.5692030363627198,1.5693959179375505,1.5679076026926444,1.569192788975965,163978.25093442987,257313.48891519863,225.0
2026-09-26 01:08:00+00:00,1.5689267957601871,1.5689715873198564,1.5676979532037565,1.568793524734668,87829.07733392,137785.6878048741,195.0
2026-09-26 01:09:00+00:00,1.5685736510818806,1.5687582282621548,1.5666423555696183,1.5670056139151831,180526.42406357997,282885.91996766283,270.0
2026-09-26 01:10:00+00:00,1.5668235516321216,1.5695299180361368,1.5664691991486765,1.5692045941119386,116114.37208862005,182207.20612388564,284.0
2026-09-26 01:11:00+00:00,1.5689722241474828,1.5692487045609398,1.5675275002578333,1.5690498127026067,20645.595486219998,32393.96773078727,164.0
2026-09-26 01:12:00+00:00,1.569197166688079,1.5694918347574283,1.5659353314695137,1.567966657631361,286656.98293034977,449468.5914119906,347.0
2026-09-26 01:13:00+00:00,1.567877046598253,1.5680253103225208,1.5663089640397558,1.568013288545156,34113.34958326999,53490.18546335371,234.0
2026-09-26 01:14:00+00:00,1.5677872907566184,1.5688471683398435,1.5677162397747293,1.5681603930067867,12284.263169820002,19263.69496018373,178.0
2026-09-26 01:15:00+00:00,1.5679315536293825,1.5688716828524387,1.5673737730865422,1.5684698046384906,23445.64417015999,36773.78493119441,202.0
2026-09-26 01:16:00+00:00,1.5685404767217694,1.5726850920974487,1.5685358894258992,1.5725974163653964,153850.22425827995,241944.46517580788,319.0
2026-09-26 01:17:00+00:00,1.572610696932563,1.572960024342639,1.5716608322831287,1.5724304147718795,103902.15486752991,163378.9084740421,256.0
2026-09-26 01:18:00+00:00,1.57237499546934,1.572837543882842,1.5702105527912957,1.5720065086619162,163414.29548501002,256888.33611083732,249.0
2026-09-26 01:19:00+00:00,1.571987537322516,1.5740322044167303,1.5715956467318573,1.5728036222533548,85738.35496221992,134849.5952506234,219.0
2026-09-26 01:20:00+00:00,1.5727283417271933,1.5749691975313775,1.5727255354310496,1.574960638901146,129640.68709539993,204178.97937535463,239.0
2026-09-26 01:21:00+00:00,1.5751181082715493,1.5757830915770716,1.5742078575429153,1.5746392436087926,249516.34205769002,392898.2241257538,307.0
2026-09-26 01:22:00+00:00,1.5747095909285438,1.5747392031614604,1.57349860903187,1.5736778587849398,84169.78833858999,132456.1322870539,173.0
2026-09-26 01:23:00+00:00,1.5733809974567177,1.5733809974567177,1.5705957048551826,1.5724770121659564,78824.20450137004,123949.2495806727,300.0
2026-09-26 01:24:00+00:00,1.5722915966537976,1.572354735335203,1.5707863525894534,1.5711453080787423,14205.180472020002,22318.402649026,124.0
2026-09-26 01:25:00+00:00,1.571184626987438,1.5724650098050668,1.5708668561860981,1.5708948094158932,77030.26807727,121006.44829049821,228.0
2026-09-26 01:26:00+00:00,1.570714341923375,1.5719079231986948,1.568547237319126,1.5715292282063196,343051.97224627004,539116.2011788365,366.0
2026-09-26 01:27:00+00:00,1.5716418606604357,1.5716418606604357,1.5700839084876017,1.570974913216929,29286.16748693999,46007.834426252004,132.0
2026-09-26 01:28:00+00:00,1.5708050136442504,1.5708050136442504,1.5687892552613563,1.5704655035340302,73186.73151849999,114937.23716621097,195.0
2026-09-26 01:29:00+00:00,1.570577581656471,1.5707791827584987,1.5692284293193475,1.5698920362653812,28384.24705087,44560.203400549944,166.0
2026-09-26 01:30:00+00:00,1.569989287921724,1.5712336354492646,1.5696789090415257,1.570378609347101,138123.64534683997,216906.41809772275,202.0
2026-09-26 01:31:00+00:00,1.570377380379312,1.572471822912047,1.569904967990806,1.5713867299914206,65943.86365589999,103623.31227324477,236.0
2026-09-26 01:32:00+00:00,1.5713338637515832,1.5726713640609635,1.5707934682382898,1.5717844180117029,26178.888065829997,41147.56834274412,164.0
2026-09-26 01:33:00+00:00,1.5713334075961773,1.5725205477178619,1.5710359317089178,1.5720211583288535,380025.7290895099,597408.4868380585,223.0
2026-09-26 01:34:00+00:00,1.5724161911633918,1.5732836433913309,1.572210479105082,1.5727432930122822,52910.62180375,83214.82557095724,201.0
2026-09-26 01:35:00+00:00,1.5730853323176823,1.5735025293093696,1.5724838977706586,1.5728433248502116,82820.93689165002,130264.35774787237,170.0
2026-09-26 01:36:00+00:00,1.5729931849312997,1.5773618233067461,1.572614817949459,1.576891010334949,202615.82303054002,319503.06988847547,412.0
2026-09-26 01:37:00+00:00,1.576637541441582,1.5772446897309509,1.5754437268723231,1.5771683064354445,193585.30285841,305316.6042599911,336.0
2026-09-26 01:38:00+00:00,1.577202636008408,1.5779660513888443,1.5764304104030191,1.5775139193156447,214389.54537079998,338202.4919781899,324.0
2026-09-26 01:39:00+00:00,1.5776683663705307,1.577713026772582,1.5759111801650043,1.5763948386789133,121448.24208908994,191450.38199586855,206.0
2026-09-26 01:40:00+00:00,1.5764988967170381,1.5788052232087737,1.5763216864319618,1.5771467448196015,254969.92940908007,402124.99419441423,398.0
2026-09-26 01:41:00+00:00,1.5770816973664932,1.5778299412286119,1.5756827269442357,1.5775102954196805,109109.92943957,172122.03702343657,247.0
2026-09-26 01:42:00+00:00,1.5774607399914657,1.5777528263452514,1.5754721115380306,1.5762636685705091,96857.14423795995,152672.3975037897,216.0
2026-09-26 01:43:00+00:00,1.5764036151013885,1.5775989850882506,1.5760077026429702,1.5768095420119181,160488.7478213101,253060.1889501862,212.0
2026-09-26 01:44:00+00:00,1.576897652004564,1.5773963797604487,1.57629955654663,1.5772014710602995,51097.030538910025,80590.31173278193,147.0
2026-09-26 01:45:00+00:00,1.577097041081768,1.5780994774432575,1.5766020120964925,1.5779128275666545,87284.84240820994,137727.8724880484,230.0
2026-09-26 01:46:00+00:00,1.5778218155855543,1.579387631648983,1.5778218155855543,1.5792256383590892,58008.752858620006,91608.90976356882,230.0
2026-09-26 01:47:00+00:00,1.5793761727604183,1.580535823481164,1.577848477247739,1.5793134446790251,324020.49131717,511729.9182887099,373.0
2026-09-26 01:48:00+00:00,1.579324876461715,1.5793668823140328,1.576896804088714,1.5769331477949422,54468.61891060998,85893.3706747513,207.0
2026-09-26 01:49:00+00:00,1.576775327404997,1.5769326517926636,1.574929694750132,1.5759266634824811,433368.2205796004,682956.5339173496,374.0
2026-09-26 01:50:00+00:00,1.5761747489975617,1.5767742607731356,1.5756966021305874,1.5761162178997201,76170.82571443997,120054.07373934187,180.0
2026-09-26 01:51:00+00:00,1.5760965621601277,1.5761909638103115,1.574339829572695,1.5748116054189911,157468.1552374301,247982.6783518242,259.0
2026-09-26 01:52:00+00:00,1.5749152551902221,1.5771850192046264,1.574799707395367,1.5769854575526845,89117.60374376,140537.1651158522,282.0
2026-09-26 01:53:00+00:00,1.5770839741635492,1.5778199683137737,1.5762918308415288,1.5772952849472746,23759.410035670007,37475.60542239126,166.0
2026-09-26 01:54:00+00:00,1.5769983557878882,1.5782683484308844,1.576681413810024,1.5781913908967773,40053.92560024,63212.7605539188,174.0
2026-09-26 01:55:00+00:00,1.5781786545590075,1.5781871888787358,1.5755389281108705,1.575991614119646,153585.12050699993,242048.86197258715,282.0
2026-09-26 01:56:00+00:00,1.5761051372077832,1.5761980747059487,1.57461332219042,1.5751781768789315,18685.463806089996,29432.9348122141,124.0
2026-09-26 01:57:00+00:00,1.5750500732434694,1.5752575588784279,1.574873019343386,1.5750657957666292,87664.50385898999,138077.3615311468,113.0
2026-09-26 01:58:00+00:00,1.5750651776473634,1.576813718549305,1.5749132821817164,1.5766705183828233,69787.14842689,110031.33948668369,242.0
2026-09-26 01:59:00+00:00,1.5765359144078102,1.5767038028524154,1.575437405479936,1.5757538993165485,50387.66248186001,79398.55563323706,195.0
2026-09-26 02:00:00+00:00,1.5759240237585734,1.5766929678502921,1.5736370263828623,1.5737023112382456,37609.46887442,59186.10809211762,162.0
2026-09-26 02:01:00+00:00,1.5733127611115814,1.573341019456767,1.5721322715040842,1.5726034837998932,56063.844370380015,88166.19697207464,164.0
2026-09-26 02:02:00+00:00,1.5724056704943552,1.5728398877437604,1.569849483977793,1.5720038522466682,488961.0078577003,768648.5879507182,347.0
2026-09-26 02:03:00+00:00,1.572217374642662,1.5746507674311185,1.5718137855637597,1.5738820416051338,109984.41547408997,173102.496371108,294.0
2026-09-26 02:04:00+00:00,1.5737322667383995,1.5740895724449024,1.572982838211873,1.5740742532727365,36919.70217561999,58114.352633140865,227.0
2026-09-26 02:05:00+00:00,1.5744258421209572,1.576329096864473,1.5741812811491012,1.5744751107800476,65640.23062744999,103348.9093887822,285.0
2026-09-26 02:06:00+00:00,1.5743444964708093,1.5749313457164564,1.573708363688047,1.5740079677001009,44068.605103180016,69364.33555783467,169.0
2026-09-26 02:07:00+00:00,1.5741202573241106,1.5745386714921066,1.57325247620806,1.5738379567342338,40126.69114145,63152.90959656535,159.0
2026-09-26 02:08:00+00:00,1.5735862139423151,1.5739885134556482,1.5727845182461966,1.5728853466130528,35142.50361572001,55275.12898046223,158.0
2026-09-26 02:09:00+00:00,1.5729109742909129,1.5730537863113088,1.5720733408019272,1.5725498428613507,7177.43100186,11286.86799412313,88.0
2026-09-26 02:10:00+00:00,1.5724694352669715,1.5735191897519738,1.5719540555145195,1.5721910191446473,103449.62521588999,162642.57169830188,231.0
2026-09-26 02:11:00+00:00,1.5722764239692655,1.5732397246626662,1.5722764128355444,1.572800711160899,33757.75174647001,53094.21595404111,177.0
2026-09-26 02:12:00+00:00,1.5730708440667507,1.5744010304653802,1.5729217709179744,1.5735665215813357,38427.79844597001,60468.69713265369,186.0
2026-09-26 02:13:00+00:00,1.573463884129669,1.5736372056189414,1.5726561938288348,1.5731398120596445,23648.585311450006,37202.53105233093,147.0
2026-09-26 02:14:00+00:00,1.5733814773777501,1.5752158834914136,1.5733814773777501,1.5743120234553476,118996.94012876994,187338.31359911867,209.0
2026-09-26 02:15:00+00:00,1.574163163044413,1.5753599927763893,1.5734274210580539,1.5745542919074103,106008.86102649,166916.70710947603,250.0
2026-09-26 02:16:00+00:00,1.5745854905121255,1.575668792684734,1.5743001629111486,1.574910102629408,115124.15227069995,181310.19046777164,176.0
2026-09-26 02:17:00+00:00,1.574436149962979,1.5745368721850783,1.5728018344112091,1.572837034027954,35105.654952280005,55215.47421275284,143.0
2026-09-26 02:18:00+00:00,1.5727532629730723,1.573002152011676,1.5719504250528653,1.5726812595312172,34800.86051748,54730.66115140066,124.0
2026-09-26 02:19:00+00:00,1.572773910410277,1.5728673109846365,1.5721953607760615,1.5726261400066088,24071.26944843,37855.10755774348,112.0
2026-09-26 02:20:00+00:00,1.57249114156551,1.57249114156551,1.5715071823715667,1.5715851383224284,26299.753741649998,41332.302121916815,107.0
2026-09-26 02:21:00+00:00,1.5713998509211242,1.5714850009524441,1.5692043362201447,1.5699531855335156,102742.07130546,161300.24213431854,211.0
2026-09-26 02:22:00+00:00,1.5703168017017721,1.5713780811736027,1.5700321191507065,1.5713780811736027,16087.118406999998,25278.9452540042,117.0
2026-09-26 02:23:00+00:00,1.571358831395312,1.5713618872582071,1.5695049012152889,1.569703415728855,17869.325335519996,28049.541015935905,125.0
2026-09-26 02:24:00+00:00,1.569604589003026,1.5704983693860464,1.5694053330149147,1.5696042169321112,78725.65226641002,123568.11577808818,130.0
2026-09-26 02:25:00+00:00,1.5696819261989112,1.571094157487396,1.569609408537614,1.570913905099614,14899.353300360002,23405.60127652735,166.0
2026-09-26 02:26:00+00:00,1.5710129360055598,1.5724881854282016,1.5708825862693692,1.5719894822416745,14744.851920089997,23178.752135592433,153.0
2026-09-26 02:27:00+00:00,1.5718938136781115,1.572055325666503,1.5707542713416163,1.5710182494915106,49690.64419749,78064.90886324622,159.0
2026-09-26 02:28:00+00:00,1.5707722527759027,1.5721483878749698,1.5699184906316959,1.5705893621976468,163783.73525650005,257236.99229485463,249.0
2026-09-26 02:29:00+00:00,1.5706858379903321,1.5707735489502042,1.5697321039716159,1.5699275901509524,17857.73919671001,28035.357462635147,102.0
2026-09-26 02:30:00+00:00,1.5696185877437403,1.5697638917286636,1.5682337788606695,1.568840113871496,23625.280403799992,37064.2875989436,124.0
2026-09-26 02:31:00+00:00,1.5690753506174477,1.5696429094113682,1.56819170352877,1.5687802425698916,82944.04224864994,130120.9747185644,230.0
2026-09-26 02:32:00+00:00,1.568456473141642,1.5700646529770892,1.5684535412606198,1.5695655659303773,27324.57110484,42887.70590997303,191.0
2026-09-26 02:33:00+00:00,1.569294650281908,1.5695620578992724,1.5690879638573842,1.5691770643253984,13606.84864614,21351.554813269988,96.0
2026-09-26 02:34:00+00:00,1.5692405842341826,1.5705827395812002,1.5690489794767144,1.5704435958660334,16121.992444369998,25318.67978686144,142.0
2026-09-26 02:35:00+00:00,1.5705274188496636,1.5708580631541404,1.5686977595537446,1.5688245079206544,85729.55213800001,134494.62244715597,117.0
2026-09-26 02:36:00+00:00,1.5685610557523382,1.568948277073195,1.568167050959517,1.5685403389641364,31257.098495690007,49028.019869465,83.0
2026-09-26 02:37:00+00:00,1.5680955539736816,1.568750369014999,1.5673955674862754,1.5678520521073565,156860.33636341,245933.80026162256,223.0
2026-09-26 02:38:00+00:00,1.5680989136426011,1.5683609243132965,1.5672046393642627,1.5680732036660907,174433.05077642,273523.79275623074,171.0
2026-09-26 02:39:00+00:00,1.5679341025889086,1.567935634142579,1.565130565170187,1.5658092826651622,142056.55564813002,222433.47349728216,202.0
2026-09-26 02:40:00+00:00,1.5657051225267098,1.5670868815206929,1.5657041838433727,1.566299768161485,60203.181300100005,94296.22891293048,149.0
2026-09-26 02:41:00+00:00,1.5661137493444068,1.566592841863322,1.5656136856892282,1.566482433827718,18335.62863721001,28722.44017337794,125.0
2026-09-26 02:42:00+00:00,1.5664905054451392,1.5667365946565652,1.5649209731730742,1.5663467405200917,149635.71013455998,234381.40683467727,258.0
2026-09-26 02:43:00+00:00,1.56599286190951,1.5670258714983643,1.5658249205503711,1.5669425669412895,19876.224122,31144.901646827057,91.0
2026-09-26 02:44:00+00:00,1.566997295769905,1.567569681222241,1.5660496820811112,1.5661401648005584,134787.7225799,211096.46605437653,214.0
2026-09-26 02:45:00+00:00,1.5657311440101707,1.5663565752829944,1.5653898151670744,1.5658505910209017,23516.572200500003,36823.43847893864,108.0
2026-09-26 02:46:00+00:00,1.5658498732423853,1.5663621204821268,1.5647147603333715,1.5657502320928571,170860.0293278599,267524.130575489,222.0
2026-09-26 02:47:00+00:00,1.5657780085423498,1.5663390654224756,1.5656055672946612,1.5659878212096259,23257.339549440007,36420.71048816002,134.0
2026-09-26 02:48:00+00:00,1.5660732046214292,1.566469592897575,1.565782715154061,1.5660488324894462,10815.13972246,16937.036935568718,92.0
2026-09-26 02:49:00+00:00,1.5662191119815456,1.5679788032771134,1.5662191119815456,1.5673002155498685,40432.70751801,63370.191208241864,145.0
2026-09-26 02:50:00+00:00,1.5670988361776845,1.5684977763219285,1.5667537719886435,1.5667962646606433,137847.94458721,215979.64467038796,140.0
2026-09-26 02:51:00+00:00,1.5668555221907523,1.5668599691085914,1.5660332497069895,1.5660332497069895,13648.016367900002,21373.247424676625,76.0
2026-09-26 02:52:00+00:00,1.5660776027175323,1.5660806364403044,1.5652158601774981,1.565582074815462,90568.63185346998,141792.62657035328,85.0
2026-09-26 02:53:00+00:00,1.565676426298185,1.565789463699038,1.5651671811857923,1.565305720384687,32999.75654043,51654.707684037065,96.0
2026-09-26 02:54:00+00:00,1.5652644160138713,1.5653559249460858,1.564391352734082,1.5644301087095296,122125.14063795996,191056.2470444103,135.0
2026-09-26 02:55:00+00:00,1.5643892123440961,1.5646652237334107,1.5639953302891463,1.564509902223974,11370.13332765,17788.68618071525,58.0
2026-09-26 02:56:00+00:00,1.5643283795022072,1.5656522980019643,1.564316296056358,1.5655448086647548,41424.12909676,64851.330260891235,108.0
2026-09-26 02:57:00+00:00,1.5658446436994224,1.566003429225316,1.5652669513664819,1.5654257368923752,15145.731072600001,23709.5172250986,73.0
2026-09-26 02:58:00+00:00,1.5651816979681956,1.5651816979681956,1.5645098810340392,1.5651193807195072,33459.636045260006,52368.32484625744,71.0
2026-09-26 02:59:00+00:00,1.5652092423962523,1.565559511084823,1.564503125622437,1.5646896270723503,77678.49269721995,121542.73176995537,146.0
2026-09-26 03:00:00+00:00,1.5645357034201701,1.5647350903305697,1.5633548203771055,1.5647350903305697,35548.89938191999,55624.61028552091,136.0
2026-09-26 03:01:00+00:00,1.5645534857699428,1.5646065738997998,1.5628817981237746,1.5634588745368467,72665.15277611002,113608.97797738499,134.0
2026-09-26 03:02:00+00:00,1.5632371798515852,1.5633970630089922,1.56262636444196,1.5629522725890794,18280.534969500004,28571.60367472417,121.0
2026-09-26 03:03:00+00:00,1.5628780531336584,1.5632337327030592,1.5625130999371595,1.5630822020986153,17691.485839680005,27653.24664468349,108.0
2026-09-26 03:04:00+00:00,1.563143233912286,1.5635042305848752,1.562524707818966,1.5626693984963975,19179.96645677,29971.946646181856,104.0
2026-09-26 03:05:00+00:00,1.5623389173163849,1.5630137250125542,1.5621079346220348,1.5629294538300353,20677.665249329995,32317.73205461563,104.0
2026-09-26 03:06:00+00:00,1.5626887116854347,1.5639139337963726,1.5625354249296664,1.5636840036627198,17694.112694900003,27668.00098002059,122.0
2026-09-26 03:07:00+00:00,1.5638595577637755,1.5641362241712753,1.5626778903708731,1.5627777601051676,23675.93355858,37000.22241507642,123.0
2026-09-26 03:08:00+00:00,1.5629557947040658,1.56302527551817,1.5621773702515163,1.5625454141551298,22956.518360469992,35870.60248912043,114.0
2026-09-26 03:09:00+00:00,1.5624905739528678,1.5635511710357688,1.562321783686603,1.5630907712557252,6053.181560810002,9461.672234437441,82.0
2026-09-26 03:10:00+00:00,1.562833594185023,1.562833594185023,1.5609216040349398,1.5611238218037158,124976.64861508005,195104.02332219383,171.0
2026-09-26 03:11:00+00:00,1.5612595188490035,1.5612595188490035,1.5578990902619398,1.5584339569723544,331776.6362953902,517051.9761328026,364.0
2026-09-26 03:12:00+00:00,1.5586037841000133,1.5589488195510492,1.5573242243809753,1.557488372208307,56390.920998890004,87828.20375388843,159.0
2026-09-26 03:13:00+00:00,1.5574832590207979,1.557778158560024,1.556702796762109,1.5572843885061614,20572.889675300008,32037.839917804293,140.0
2026-09-26 03:14:00+00:00,1.5572708612197002,1.5586446953834527,1.556483058988967,1.5586446953834527,17277.184538550002,26928.992032171966,162.0
2026-09-26 03:15:00+00:00,1.5588034465807623,1.5598572212154325,1.5587124246696074,1.5596610473502275,143704.69408213996,224130.61368129446,257.0
2026-09-26 03:16:00+00:00,1.5599406474862154,1.5608335489546823,1.559814471615257,1.5608264583917772,8769.90203844,13688.295139101132,126.0
2026-09-26 03:17:00+00:00,1.5611153852248942,1.5613785001361036,1.56012634484142,1.5604817474476615,95247.76504634002,148632.39883999698,143.0
2026-09-26 03:18:00+00:00,1.5605287745983638,1.5608389776731437,1.5595851847680917,1.559751562112325,24221.855527109998,37780.076995668875,141.0
2026-09-26 03:19:00+00:00,1.5598106243998737,1.5603634814164589,1.559237629106632,1.5601030656987012,12609.769913769998,19672.540700227823,138.0
2026-09-26 03:20:00+00:00,1.5599365715876492,1.5605191721875618,1.55973490167317,1.5605165585794256,32018.111073720007,49964.79250497535,101.0
2026-09-26 03:21:00+00:00,1.55996391832728,1.5604419709632587,1.5597855523646145,1.5603616135019687,7619.803205230003,11889.64842388016,74.0
2026-09-26 03:22:00+00:00,1.560347936577855,1.5607473769673361,1.559800505388153,1.5599650938632168,23159.461241200002,36127.951128950095,96.0
2026-09-26 03:23:00+00:00,1.5597714578211639,1.5600059414113139,1.5595369403998232,1.5597240064909592,31262.366926640003,48760.6641952094,81.0
2026-09-26 03:24:00+00:00,1.559888292710209,1.560017032395007,1.5595988058928232,1.5597575505042862,29900.73484026,46637.896932722106,79.0
2026-09-26 03:25:00+00:00,1.5599132855255544,1.560924795940356,1.5597702678164063,1.5607675822580513,10709.487831600001,16715.021430148354,79.0
2026-09-26 03:26:00+00:00,1.5607592087001911,1.5626004605146646,1.5604610385446973,1.562264648108268,306379.17681553995,478645.35685543035,332.0
2026-09-26 03:27:00+00:00,1.5620560687806413,1.5632651376464144,1.561922357470269,1.5621276950207175,41961.14990884,65548.67438751501,122.0
2026-09-26 03:28:00+00:00,1.5621906920291477,1.5634614369491624,1.5620019288698772,1.5631808339943336,25702.13408457001,40177.083393752335,107.0
2026-09-26 03:29:00+00:00,1.5630970727880629,1.563592042821591,1.5618036988414508,1.5620014123076518,14003.801376809992,21873.957528253046,102.0
2026-09-26 03:30:00+00:00,1.5617941745470618,1.5623854357333895,1.5601051805170942,1.562190580767062,81795.87319083004,127780.74264433174,172.0
2026-09-26 03:31:00+00:00,1.5621767909015984,1.5628690546549555,1.5619045187597593,1.5628690546549555,26904.357219379992,42047.98733355164,152.0
2026-09-26 03:32:00+00:00,1.5629300439112668,1.5634850448062672,1.562741657389898,1.5634837115008007,18480.38624334,28893.78287370556,94.0
2026-09-26 03:33:00+00:00,1.5631807290697508,1.5631807537439362,1.5618382770340458,1.5623170912229167,11627.68606298,18166.132667568163,94.0
2026-09-26 03:34:00+00:00,1.5626100411955184,1.5632085682979813,1.5607897923879346,1.5618242353874374,338210.42777764995,528225.2427638862,284.0
2026-09-26 03:35:00+00:00,1.5615921860902606,1.5622632707559545,1.5614922693687543,1.5622632106724457,9003.00139209,14065.05786049502,70.0
2026-09-26 03:36:00+00:00,1.5622313498465745,1.5628358748021176,1.5600644862105946,1.5610448924058171,24136.137745480002,37677.59454998481,158.0
2026-09-26 03:37:00+00:00,1.5610234217818038,1.5612804318181392,1.5602030285001953,1.5609636830754183,13319.753883649999,20791.65207988041,92.0
2026-09-26 03:38:00+00:00,1.5609976812151831,1.5614871922034887,1.5606965446993486,1.5611914849643587,21948.206046999996,34265.35239081964,99.0
2026-09-26 03:39:00+00:00,1.5612224018522969,1.5625771229453271,1.5602471756548422,1.5607878119436611,200165.12473906993,312415.28706892295,282.0
2026-09-26 03:40:00+00:00,1.560896849705686,1.5614673478254963,1.5599716917947912,1.5601412840223403,103046.91461399998,160767.7456804264,201.0
2026-09-26 03:41:00+00:00,1.56015982245065,1.5605865535530312,1.5596906424550379,1.5598716490835798,13975.122146250007,21799.396828415454,107.0
2026-09-26 03:42:00+00:00,1.5598197530539841,1.5598218041064313,1.5586081393183973,1.5586995794764205,25762.493687099988,40155.988076346686,112.0
2026-09-26 03:43:00+00:00,1.5586617046738775,1.5586823070686762,1.5578453858259742,1.5580069952828965,24164.970408240002,37649.19293684212,125.0
2026-09-26 03:44:00+00:00,1.5579819085779465,1.55882132569827,1.5578044333566772,1.5580812167004725,27406.448528829995,42701.47266923831,122.0
2026-09-26 03:45:00+00:00,1.557889776990027,1.5585882966300524,1.557790420232029,1.5582030501034705,23276.337158860006,36269.25955617241,138.0
2026-09-26 03:46:00+00:00,1.558207833501704,1.5587005513217382,1.5580288463525687,1.5584348325072503,11603.96125231,18084.017410664357,95.0
2026-09-26 03:47:00+00:00,1.5586557537377215,1.559482677333122,1.5586138139280679,1.559089145416443,31767.06254971,49527.68240301806,158.0
2026-09-26 03:48:00+00:00,1.5590446748879416,1.5597238981968928,1.5589792582898796,1.5591597274283662,14349.504014660004,22373.168768229538,118.0
2026-09-26 03:49:00+00:00,1.5591994312498438,1.5594368489944141,1.5585915626556472,1.5591108842659758,38227.460708880004,59600.85006906475,103.0
2026-09-26 03:50:00+00:00,1.559205384064337,1.560668624076205,1.558898657380255,1.5591904139019916,78197.72243787003,121925.13921409563,148.0
2026-09-26 03:51:00+00:00,1.5590826302449197,1.5595951810984021,1.5588027389705519,1.5590512862273527,82042.82673467002,127908.97454641512,175.0
2026-09-26 03:52:00+00:00,1.5589176932506918,1.558959605120954,1.558151677570236,1.5587186614984723,71083.82684905,110799.68744034039,194.0
2026-09-26 03:53:00+00:00,1.5586909593319818,1.5591629856194875,1.5582062101401704,1.5586771697396,14361.223969540002,22384.511930839115,109.0
2026-09-26 03:54:00+00:00,1.5586761753679803,1.559046249735114,1.5583994784670485,1.5586768358826257,9860.816629000008,15369.826462508512,76.0
2026-09-26 03:55:00+00:00,1.5583816589702142,1.5586750759111299,1.5579072526299813,1.558106133515202,13209.260849929999,20581.43034947816,76.0
2026-09-26 03:56:00+00:00,1.5581711285781012,1.5588471884676538,1.5579490025217255,1.5588471884676538,15186.127739970003,23672.852531162884,95.0
2026-09-26 03:57:00+00:00,1.5587053391440242,1.5592492101676076,1.5586156236837247,1.5588089576463642,23734.405538739997,36997.403958199386,118.0
2026-09-26 03:58:00+00:00,1.558595054543664,1.559052126148827,1.5584642399006083,1.5590477236277347,15388.501870889999,23991.40881185219,107.0
2026-09-26 03:59:00+00:00,1.5590298578052233,1.5592027977040752,1.5584646515480547,1.5586176602504564,10867.191019200001,16937.79583984028,84.0
2026-09-26 04:00:00+00:00,1.5584317316990326,1.5586154151037794,1.5582058630164854,1.5585197856062765,18093.880908389998,28199.671394129477,95.0
2026-09-26 04:01:00+00:00,1.5586228771993094,1.5599977106593415,1.5586228771993094,1.5599977106593415,16637.575826589993,25954.58020040159,110.0
2026-09-26 04:02:00+00:00,1.5598706117659575,1.5608502647822975,1.5598706117659575,1.5606526160223915,14297.073723320003,22312.765507764358,101.0
2026-09-26 04:03:00+00:00,1.5609060730809206,1.561163531400205,1.560498132622303,1.5608564070763324,8657.75836343,13513.51761247842,80.0
2026-09-26 04:04:00+00:00,1.5606018640578678,1.5611777697350415,1.559710044735518,1.5597647223416713,34675.361816009994,54085.40609504582,152.0
2026-09-26 04:05:00+00:00,1.5597931120593884,1.561246050764962,1.559340490172309,1.559700559632393,78698.30038157002,122745.78314725292,191.0
2026-09-26 04:06:00+00:00,1.5595025310894235,1.5601861783516024,1.559297475453576,1.5599849717866414,40284.22972148,62842.79296550956,125.0
2026-09-26 04:07:00+00:00,1.559988638971777,1.5611224796602825,1.559860977858154,1.5605302283262341,15427.266956299996,24074.7164257646,142.0
2026-09-26 04:08:00+00:00,1.5604837570620587,1.5622705871536562,1.5601450454280226,1.5612432289307296,130802.09841885998,204213.89048637604,228.0
2026-09-26 04:09:00+00:00,1.5611771639535994,1.5615160169170876,1.5608854574383833,1.561341218260515,14727.279998760003,22994.30929492766,93.0
2026-09-26 04:10:00+00:00,1.5612040524709905,1.561205820732135,1.5601011268482923,1.5604683512850441,77135.17100407001,120366.99312281108,91.0
2026-09-26 04:11:00+00:00,1.5606012852990305,1.5608974907411453,1.5601131143367941,1.5604044996530413,19060.82206931,29742.592524037318,106.0
2026-09-26 04:12:00+00:00,1.5604714733185634,1.56060913962248,1.55913582439438,1.5602417162759967,309678.9359045201,483173.99445019284,255.0
2026-09-26 04:13:00+00:00,1.560272028331936,1.560513743962819,1.5593032616487377,1.5593487986090557,59074.84814105001,92118.29347675874,184.0
2026-09-26 04:14:00+00:00,1.5593766877338464,1.5597435185311546,1.559372761806533,1.559441447504548,17792.96073587,27747.0804453367,94.0
2026-09-26 04:15:00+00:00,1.5596197088223,1.5613366127263206,1.5596197088223,1.5610950414350944,112675.49020997001,175897.14905805272,232.0
2026-09-26 04:16:00+00:00,1.560729944044108,1.560729944044108,1.559484761006531,1.559484761006531,24143.369476930005,37651.21677862256,92.0
2026-09-26 04:17:00+00:00,1.5593736165471443,1.5593994264712492,1.5584916746434907,1.5591227766017088,27002.02043239,42099.465070403974,105.0
2026-09-26 04:18:00+00:00,1.5595908011819235,1.5611511611428777,1.559197018811103,1.5595924219922113,129730.3001027201,202326.39294297766,186.0
2026-09-26 04:19:00+00:00,1.5597335020290206,1.5609629104777598,1.5596639176026075,1.560568301448387,16122.50555055999,25160.271102129598,142.0
2026-09-26 04:20:00+00:00,1.5604965692518118,1.5621891397098688,1.5604929878466465,1.5616492147412255,16637.645379569996,25982.165842148464,132.0
2026-09-26 04:21:00+00:00,1.5615819782710003,1.5618427722036161,1.5597963447181757,1.5597988499168631,175421.19659911984,273621.7807063471,216.0
2026-09-26 04:22:00+00:00,1.5597730685926607,1.559867615598911,1.5567120147251894,1.5569956557439404,157933.70420498008,245902.09134270248,229.0
2026-09-26 04:23:00+00:00,1.5566945256604345,1.5568693502872015,1.5558900262858664,1.555976850478916,157413.91572020002,244932.40880387035,186.0
2026-09-26 04:24:00+00:00,1.55578338142446,1.5560761713385707,1.5550000411250686,1.5557828075015971,101008.40258132007,157147.13614921772,139.0
2026-09-26 04:25:00+00:00,1.5555174895316815,1.5562119898879305,1.5545671504214897,1.5553130027027333,257408.51448244997,400350.8095809493,331.0
2026-09-26 04:26:00+00:00,1.5552468803362907,1.5554573764574953,1.5539271947901554,1.5539727477062688,59406.318744680015,92315.80037078483,178.0
2026-09-26 04:27:00+00:00,1.5542407915513574,1.554664733991045,1.5537417681589252,1.5541934795893493,127436.70157394999,198061.29064660685,124.0
2026-09-26 04:28:00+00:00,1.5542270133412197,1.5544517719504656,1.5537290657445746,1.5539864209927376,18777.080807200004,29179.328600272158,95.0
2026-09-26 04:29:00+00:00,1.5538484826442305,1.5543509834747584,1.5525277335909722,1.5527124363531004,73534.98597792,114178.68723496725,188.0
2026-09-26 04:30:00+00:00,1.5528300203476415,1.5534466199891952,1.5514870290155507,1.5533634190944623,89984.46372131002,139778.57423151573,253.0
2026-09-26 04:31:00+00:00,1.5533152464934177,1.5551999637630334,1.5530801490133705,1.554440753826642,102551.53522132999,159410.2857155236,276.0
2026-09-26 04:32:00+00:00,1.5542128115427367,1.5545951545653867,1.5541117511163611,1.5545797550022473,27618.326091040002,42934.890608181144,118.0
2026-09-26 04:33:00+00:00,1.5546324304931791,1.5553354043164005,1.5542926211579087,1.5551640282228165,8463.966001569996,13162.85546174256,115.0
2026-09-26 04:34:00+00:00,1.5551139723966219,1.556494575171574,1.5540067285894936,1.5542999035480702,112945.54162827999,175551.24445902012,195.0
2026-09-26 04:35:00+00:00,1.5542335722452916,1.5548444501175467,1.5541403954648605,1.554668252772772,35134.58661495999,54622.62638457347,115.0
2026-09-26 04:36:00+00:00,1.5543375844242968,1.5557960485329223,1.5542602734647954,1.5556515282159242,24043.71107520999,37403.63587813256,146.0
2026-09-26 04:37:00+00:00,1.5552933539268747,1.5552933539268747,1.5539342146348294,1.554111361084166,24832.439461940005,38592.376291235734,121.0
2026-09-26 04:38:00+00:00,1.5540518045549114,1.5543817962978517,1.5536444122622663,1.5542702277671778,21750.625856870003,33806.35020463601,87.0
2026-09-26 04:39:00+00:00,1.554304383404697,1.5555439918933889,1.5542088265573895,1.5554518283285046,11552.236187220002,17968.946898694063,125.0
2026-09-26 04:40:00+00:00,1.555453158107829,1.5554960940100955,1.5548178964448882,1.5553554668418295,41351.68252931,64316.565485070074,110.0
2026-09-26 04:41:00+00:00,1.55548714256695,1.5561940913278154,1.5554135371703715,1.5561915334693464,29246.5407943,45513.21916735551,101.0
2026-09-26 04:42:00+00:00,1.5562693792295486,1.5567637612678797,1.5552959844099845,1.5561029726414244,13527.87400315,21050.76494982036,109.0
2026-09-26 04:43:00+00:00,1.5561088905902098,1.5566848722530806,1.5554268277229264,1.555712976590661,17576.45591581999,27343.92055071485,97.0
2026-09-26 04:44:00+00:00,1.5556451177172983,1.555985770052972,1.5555329253719004,1.5557886323602568,13470.106827120002,20956.639078311586,59.0
2026-09-26 04:45:00+00:00,1.5559553747273354,1.5561281363183441,1.5553062639761372,1.5553100251803376,6232.47990852,9693.43848345619,86.0
2026-09-26 04:46:00+00:00,1.5553070467563996,1.5565069512120973,1.5553057306569764,1.5560889496469503,41932.36461321001,65250.489207182916,117.0
2026-09-26 04:47:00+00:00,1.5559674604194287,1.55631434123138,1.5558743647052036,1.555952450563498,10549.45961233,16414.457535925514,78.0
2026-09-26 04:48:00+00:00,1.5562680514544347,1.5566325454068413,1.5560821466276755,1.5562734941802963,6748.522571920003,10502.546803556543,80.0
2026-09-26 04:49:00+00:00,1.5560783946659027,1.556731395680385,1.5555881745267104,1.5566470119457174,28776.335864139994,44794.5972376599,128.0
2026-09-26 04:50:00+00:00,1.5563985506296598,1.5563985506296598,1.5558375893789902,1.5559721469963668,9773.01738227,15206.542838923464,56.0
2026-09-26 04:51:00+00:00,1.556186904155701,1.5565837458506673,1.5560916015741495,1.5565837458506673,25152.931034749996,39152.64360919465,70.0
2026-09-26 04:52:00+00:00,1.5561262216510623,1.5565500755499997,1.5558592457308538,1.5565410332741791,27168.892531220004,42289.496053460316,82.0
2026-09-26 04:53:00+00:00,1.556343948504774,1.5564054061720056,1.5560502722462286,1.5563997391681061,6819.328182790001,10613.600604996072,45.0
2026-09-26 04:54:00+00:00,1.5564746788093178,1.5564939621775602,1.5559868554726672,1.5562101756477864,7045.2392007299995,10963.872934048703,60.0
2026-09-26 04:55:00+00:00,1.5560976652400575,1.5565812285010288,1.5560550230325694,1.556378083932728,8738.243704290002,13600.010993420095,78.0
2026-09-26 04:56:00+00:00,1.556145399379965,1.5567117645035582,1.5561029677317257,1.556472787701441,14182.693172749998,22074.975979704384,76.0
2026-09-26 04:57:00+00:00,1.5561987368404802,1.556411644949772,1.5561050666561411,1.5561748067783392,10589.188325500003,16478.628096374414,64.0
2026-09-26 04:58:00+00:00,1.5561978624272437,1.5566581210167483,1.5561928027922445,1.556470621339548,3416.3450268399997,5317.440666635929,53.0
2026-09-26 04:59:00+00:00,1.556573629259985,1.5567626846534979,1.556402986393175,1.5566802352138458,11922.079314879998,18558.86523212552,54.0
2026-09-26 05:00:00+00:00,1.5564881853098753,1.557775903278676,1.556124387503489,1.557775903278676,354069.06142767024,551560.251988522,435.0
2026-09-26 05:01:00+00:00,1.5578031417577227,1.5582581147660717,1.5570132564687413,1.5571898243778435,96130.08140969,149692.78458778295,130.0
2026-09-26 05:02:00+00:00,1.5566870454492385,1.5567219652438657,1.5556999099394453,1.5559779007881764,97132.65093376,151136.2582979026,148.0
2026-09-26 05:03:00+00:00,1.5559957653102037,1.5562126850856404,1.5557721437143364,1.556056534549445,67085.9186759,104389.48213188685,119.0
2026-09-26 05:04:00+00:00,1.55594525689011,1.5561121121479156,1.5553316240936745,1.5555218024468864,35859.069088920005,55779.563783264275,126.0
2026-09-26 05:05:00+00:00,1.555480836022174,1.5559242420069,1.5549444470478195,1.554956957736466,31032.903481210004,48254.82918687169,109.0
2026-09-26 05:06:00+00:00,1.5551832213039738,1.5555857076997097,1.5550957847449973,1.5555857076997097,9326.772868809998,14508.594573682252,55.0
2026-09-26 05:07:00+00:00,1.5556785889829092,1.5561560511054822,1.5549981654830232,1.5550828060747532,10046.459324280002,15623.076157117215,84.0
2026-09-26 05:08:00+00:00,1.5552502004860784,1.5560750909145347,1.5550715021436077,1.5560010047587927,19312.92285813,30050.927372079335,93.0
2026-09-26 05:09:00+00:00,1.5560956720180643,1.5561895585876182,1.5548122385792242,1.555000574956402,31166.561154619994,48464.02051484796,101.0
2026-09-26 05:10:00+00:00,1.5548135873874056,1.5548135873874056,1.553882881655757,1.554084624160144,28245.490024640007,43895.88174916176,146.0
2026-09-26 05:11:00+00:00,1.5538080169127455,1.5541240966478118,1.553714312097401,1.5537524004652046,12690.19059564,19717.414100336617,64.0
2026-09-26 05:12:00+00:00,1.5536715325825678,1.5536715325825678,1.5528585979771616,1.5529810390089196,9553.50800237,14836.41678370059,73.0
2026-09-26 05:13:00+00:00,1.5527632638837598,1.553713580658485,1.5522040369388481,1.5531079307732014,202934.50128994003,315179.1833809103,176.0
2026-09-26 05:14:00+00:00,1.5528979683617465,1.5531949761601351,1.5522979545150055,1.5525949623133941,61271.204469819975,95129.3633947164,123.0
2026-09-26 05:15:00+00:00,1.5523293391602233,1.552417201073378,1.551965868177644,1.5523220163986862,47714.16283463,74067.7454622281,109.0
2026-09-26 05:16:00+00:00,1.552043679821904,1.552043679821904,1.5508675148103994,1.551198009548707,88819.41311427004,137776.49683214,133.0
2026-09-26 05:17:00+00:00,1.551006657544647,1.5514564446478392,1.5503923879398716,1.551142500962472,62995.03922736003,97714.28269535626,127.0
2026-09-26 05:18:00+00:00,1.5512102122113949,1.5521883392184015,1.5505178998779874,1.5506115972831394,73057.64782811001,113284.03599249474,142.0
2026-09-26 05:19:00+00:00,1.5503844666699722,1.5524623972177731,1.55018180710098,1.5520953931291332,107976.80613037,167590.3033597448,213.0
2026-09-26 05:20:00+00:00,1.5518706634770145,1.5524534894279032,1.5515975277526726,1.552378127458383,10027.83762066,15566.995788016899,98.0
2026-09-26 05:21:00+00:00,1.5526570136995004,1.553558578922461,1.5526570136995004,1.5534484765930237,88761.57208922997,137886.52894201616,118.0
2026-09-26 05:22:00+00:00,1.5535594294654598,1.5536963131677441,1.5530754971117247,1.5531477965409741,17414.73216036,27047.65288221437,56.0
2026-09-26 05:23:00+00:00,1.5532053940717603,1.5538780968098336,1.5532052852139555,1.5538779879520288,2942.585517000001,4572.4188625327415,59.0
2026-09-26 05:24:00+00:00,1.5540432439100984,1.5543733613342516,1.5539817121988249,1.5541973778856746,17556.00608726,27285.498626964436,94.0
2026-09-26 05:25:00+00:00,1.554099107181105,1.5542683792867287,1.553622023510839,1.5542116845277032,25706.94119192001,39954.028373948604,77.0
2026-09-26 05:26:00+00:00,1.554259365323935,1.5545795877509585,1.554225855635462,1.5543665426497342,9586.280175620004,14900.593173450152,75.0
2026-09-26 05:27:00+00:00,1.5541498308934316,1.5542241387879117,1.5516962559737333,1.5520189351169766,238679.99113964982,370435.8656822887,275.0
2026-09-26 05:28:00+00:00,1.552199540030342,1.5523003441177585,1.551453679961569,1.5517451045972632,15820.233151920002,24548.969347079194,84.0
2026-09-26 05:29:00+00:00,1.5515044124091015,1.551747390310706,1.5513809148198536,1.5515971536788837,3551.43474791,5510.396046333441,46.0
2026-09-26 05:30:00+00:00,1.5515585582466676,1.5516590659697316,1.5504122228142427,1.5511966191246929,18606.15245970999,28861.800790420722,99.0
2026-09-26 05:31:00+00:00,1.5510208163220354,1.5517334756888679,1.550373045199303,1.5504559862414562,23314.639076109994,36148.32172261371,134.0
2026-09-26 05:32:00+00:00,1.5503860602201773,1.5506412569908943,1.549797257288207,1.5500814096552862,123717.68754726998,191772.4875125645,191.0
2026-09-26 05:33:00+00:00,1.5499306699884217,1.5499850365654715,1.5494761085730178,1.5497228541174441,24260.39556404001,37596.889455522265,74.0
2026-09-26 05:34:00+00:00,1.5498083251340335,1.5500723699773644,1.5496351583053285,1.549942549774772,41741.16475903,64696.407337179815,107.0
2026-09-26 05:35:00+00:00,1.5500402003181248,1.5511107140074936,1.543409684880316,1.5481874712447612,3296047.4602375743,5102899.382567928,1155.0
2026-09-26 05:36:00+00:00,1.5481831783012279,1.5486325151199525,1.547913489429263,1.5481918828004595,265201.07882981,410582.15755423665,249.0
2026-09-26 05:37:00+00:00,1.5481211186107604,1.55035931843598,1.5480269085764813,1.5496997335976488,600664.00821368,930848.8535104358,347.0
2026-09-26 05:38:00+00:00,1.5495539880578082,1.555830619202284,1.5495110531925165,1.5527856254769354,2759445.249136031,4284826.91714905,794.0
2026-09-26 05:39:00+00:00,1.5526323968314983,1.552700031814528,1.5519884611811268,1.5524712495055462,64986.69597460003,100889.97710092436,120.0
2026-09-26 05:40:00+00:00,1.5522049695446647,1.552675300709175,1.5520608579718251,1.552675300709175,81058.52907226,125857.5760023147,152.0
2026-09-26 05:41:00+00:00,1.5532483775809047,1.5545505301678393,1.5532483690009253,1.5540922174744227,72066.62617970999,111998.18288552578,111.0
2026-09-26 05:42:00+00:00,1.5541232577399495,1.5542042063052524,1.5534938834550915,1.5536577093034758,1866.5250252999995,2899.940995165209,57.0
2026-09-26 05:43:00+00:00,1.5535488821390109,1.5537924473708504,1.5534527378507341,1.5537924473708504,5320.57746329,8267.07307811156,68.0
2026-09-26 05:44:00+00:00,1.5539022092827632,1.5540499907688332,1.5537800672713225,1.553953294115428,10458.5928219,16252.164767403474,52.0
2026-09-26 05:45:00+00:00,1.5538555044129945,1.5540233624553637,1.5535605611068313,1.553862668043551,12360.05254035,19205.82421750672,72.0
2026-09-26 05:46:00+00:00,1.5538961450700575,1.5543025386159262,1.5538097624348928,1.5542990115776554,48398.725387660015,75226.09103165833,83.0
2026-09-26 05:47:00+00:00,1.554071978012659,1.5540780768033586,1.5529850114403978,1.5533621542282985,6640.79820042,10315.56459839982,57.0
2026-09-26 05:48:00+00:00,1.553014599840548,1.553016653057,1.5526946244095838,1.5528077206584698,13582.396523369998,21090.85018653369,60.0
2026-09-26 05:49:00+00:00,1.5530845753609173,1.553554271607553,1.5526695918954114,1.5529384045675287,10357.100145470002,16083.938575852304,71.0
2026-09-26 05:50:00+00:00,1.5530883795874906,1.5536740791251977,1.552795735597079,1.5536728212691295,7237.65954031,11244.95491737887,75.0
2026-09-26 05:51:00+00:00,1.5538549086498632,1.5539445298910475,1.5507371033323456,1.551099809034856,245458.5051402299,380730.64044899185,261.0
2026-09-26 05:52:00+00:00,1.5511976553489355,1.5515167591778398,1.5510469188381115,1.5512918126212374,7889.816425619999,12239.40762414886,63.0
2026-09-26 05:53:00+00:00,1.5511508642571235,1.551182455634016,1.5501102049179964,1.550301199509764,31807.786296370003,49311.64924901265,123.0
2026-09-26 05:54:00+00:00,1.5501580033587419,1.5501580275572204,1.5495560666774892,1.5499015426468614,15991.992220159998,24786.01341202259,85.0
2026-09-26 05:55:00+00:00,1.5500910415944789,1.5503887687750548,1.5496047359538567,1.5503887687750548,9459.467452640001,14665.852097166236,81.0
2026-09-26 05:56:00+00:00,1.5501525698540883,1.5506981743783679,1.549879182355213,1.550634650872922,85826.31411852999,133085.2566288965,101.0
2026-09-26 05:57:00+00:00,1.5503984550534824,1.55112410571754,1.5503183330353765,1.5505008316793916,55454.23208794001,85981.83297249298,120.0
2026-09-26 05:58:00+00:00,1.5505556944999803,1.5510051521886574,1.5502000224309167,1.5506527562249628,13078.35360565,20279.985065485853,88.0
2026-09-26 05:59:00+00:00,1.5506320290198845,1.5507747168748272,1.550029176037962,1.5500744891347071,15996.117318550001,24795.173380690234,71.0
2026-09-26 06:00:00+00:00,1.5500704967306618,1.5505798892269225,1.5497088483117214,1.549981224126667,42874.81900243999,66455.16444161122,130.0
2026-09-26 06:01:00+00:00,1.5500525872912414,1.550259438407929,1.5488009512902303,1.549192757056318,47486.66840846999,73566.00275513678,137.0
2026-09-26 06:02:00+00:00,1.5487455905442284,1.5488625195230092,1.546589802264962,1.5473817476831209,63355.83083514001,98035.6562435951,184.0
2026-09-26 06:03:00+00:00,1.5475151561405995,1.549210479268678,1.5475121529292164,1.5490718889815611,44698.49084095,69241.17564161542,156.0
2026-09-26 06:04:00+00:00,1.5490852281073089,1.5515245505054227,1.5486308384603107,1.5512065927266827,385818.73766556004,598484.5694643032,355.0
2026-09-26 06:05:00+00:00,1.5512949207380593,1.55157237477016,1.550474425356947,1.5508021516389567,130664.15667386001,202634.25531191184,182.0
2026-09-26 06:06:00+00:00,1.55066264711799,1.551187096812414,1.5496514984288652,1.5498344395575676,24021.387359279994,37229.173415364945,107.0
2026-09-26 06:07:00+00:00,1.5499184048535608,1.5504357969382576,1.549721698190152,1.549847671368913,15887.12088175,24622.61730333667,120.0
2026-09-26 06:08:00+00:00,1.5493710948165047,1.5493764396954206,1.5484686316080545,1.549048596711863,16572.347056479997,25671.370952062312,88.0
2026-09-26 06:09:00+00:00,1.5492672065206783,1.5509757808682436,1.5492022488830524,1.5509075528322822,11156.20490472,17302.2424476748,150.0
2026-09-26 06:10:00+00:00,1.5511337656475122,1.5513578762961675,1.5508325380066632,1.5511264189778964,18815.782045040003,29185.6566237915,87.0
2026-09-26 06:11:00+00:00,1.551283016001397,1.5515024281561969,1.550857548919709,1.551136379059434,45501.24241889999,70578.63240835804,102.0
2026-09-26 06:12:00+00:00,1.5509224956476495,1.5511412489648764,1.5507266847287242,1.5510072108640118,3102.87139826,4812.575913084959,58.0
2026-09-26 06:13:00+00:00,1.55089155275014,1.5511665545306554,1.5503493100213765,1.5507022330845872,84902.86474786,131659.06195978518,125.0
2026-09-26 06:14:00+00:00,1.5508432264967067,1.5509649347854175,1.5498080471817768,1.5498080471817768,21701.64532637,33633.38456389302,74.0
2026-09-26 06:15:00+00:00,1.5496789749360165,1.550472154202424,1.5495530343910684,1.5500051629120057,23947.57789396001,37118.86937487543,127.0
2026-09-26 06:16:00+00:00,1.5499630594423768,1.5499630594423768,1.5488329052050571,1.5490102432093684,7023.424284920001,10879.356159746516,63.0
2026-09-26 06:17:00+00:00,1.5488735551185249,1.5490667565477678,1.5474495480711168,1.5479421602409649,63194.87820616002,97822.01628660802,134.0
2026-09-26 06:18:00+00:00,1.5480846447640526,1.5483010100547303,1.547751611962501,1.548263821031318,9729.07475914,15063.174461685445,70.0
2026-09-26 06:19:00+00:00,1.5483253198332227,1.5496303471528101,1.5483253198332227,1.5496222707379739,20652.723063470003,32003.91961053691,124.0
2026-09-26 06:20:00+00:00,1.5494914208067336,1.549770103237302,1.5489478306033397,1.5492179338406418,18402.969734669998,28510.210748877318,72.0
2026-09-26 06:21:00+00:00,1.5488792280815296,1.5491393879622037,1.5487750811383623,1.5491363316407758,7630.9061330700015,11821.31393407916,74.0
2026-09-26 06:22:00+00:00,1.5494883692827364,1.5500376224369574,1.5494857192942602,1.5496558536863518,162357.01017792994,251597.49120924374,159.0
2026-09-26 06:23:00+00:00,1.5496882678615755,1.5497949562897824,1.5487267140078143,1.5488664304201603,6119.14720524,9477.741688995578,68.0
2026-09-26 06:24:00+00:00,1.5488825936620194,1.549337521143713,1.5487440153641245,1.5493219326273515,16871.478494950003,26139.35166807674,69.0
2026-09-26 06:25:00+00:00,1.54916902527021,1.5493494680914375,1.5482450830269912,1.5485850591500376,31986.191212440004,49533.33781070082,123.0
2026-09-26 06:26:00+00:00,1.5480201275859817,1.5480201275859817,1.5468829108587265,1.547184620515233,38783.166177089995,60004.718244080206,90.0
2026-09-26 06:27:00+00:00,1.5472777430704916,1.5472778785307615,1.5468940873305326,1.5471415193096318,15945.63485708,24670.153739139376,43.0
2026-09-26 06:28:00+00:00,1.5470973372327805,1.5472858728263637,1.5457856943843284,1.5467354213539901,93078.01371449002,143967.0607614742,159.0
2026-09-26 06:29:00+00:00,1.5466222261773783,1.5466798664101271,1.5461352993942037,1.5465558837989843,12392.331990400002,19165.4339537435,94.0
2026-09-26 06:30:00+00:00,1.5467262287842405,1.5484280596681619,1.5467262287842405,1.54803559742312,47917.10766044,74177.38838391719,148.0
2026-09-26 06:31:00+00:00,1.547971220100055,1.5482546634882777,1.5465329054014878,1.546979268943663,22516.965100589998,34833.278210140685,100.0
2026-09-26 06:32:00+00:00,1.5470004794418906,1.5489024438929806,1.5466159612642054,1.5489024438929806,13062.954542970007,20233.242216069157,135.0
2026-09-26 06:33:00+00:00,1.5484973411258685,1.549266483116053,1.5481230352644624,1.549266483116053,76551.37279240997,118598.4761038029,106.0
2026-09-26 06:34:00+00:00,1.5490167115194455,1.5490829894657727,1.5469306323928584,1.547061878734774,10543.223834370001,16311.019673121702,105.0
2026-09-26 06:35:00+00:00,1.5468540756323435,1.5471450281254362,1.5460555362298052,1.546207893004019,40662.28923807999,62872.35256753166,114.0
2026-09-26 06:36:00+00:00,1.5464717971994018,1.5474909857915453,1.5463277528130184,1.54726449170041,64258.244638,99424.50022737565,91.0
2026-09-26 06:37:00+00:00,1.5473202708179519,1.5482561330704514,1.5472683005216428,1.5475456284465834,23325.474316890002,36097.235810546175,105.0
2026-09-26 06:38:00+00:00,1.5478107455961783,1.548791410389255,1.5474188578765535,1.5485957353610578,71796.04547833999,111183.04984354586,119.0
2026-09-26 06:39:00+00:00,1.5481892549654672,1.548493360771584,1.5480975205011163,1.5484914612780551,69256.45240693,107243.02519054111,92.0
2026-09-26 06:40:00+00:00,1.5486002015295495,1.5486774254405817,1.5481771642317028,1.5483954398206408,1823.88084879,2824.0887890426357,51.0
2026-09-26 06:41:00+00:00,1.5485464245023581,1.548818063061432,1.5463049623284089,1.5469603605380828,243690.26239332004,376979.1761715904,212.0
2026-09-26 06:42:00+00:00,1.5469165094600514,1.5483415869349213,1.5469150546598913,1.5480866951441672,17047.01489461,26390.25695027019,89.0
2026-09-26 06:43:00+00:00,1.54797813444554,1.5487081971629084,1.5478546702072693,1.54864195409911,5178.516196710001,8019.667442206868,80.0
2026-09-26 06:44:00+00:00,1.548609301757645,1.5486741099112908,1.548283451233858,1.5485440411651097,8133.695143999999,12595.385147894787,47.0
2026-09-26 06:45:00+00:00,1.5486024270053205,1.5489893414845894,1.5480969431660443,1.5489656155806655,42733.688614700026,66193.0142911013,87.0
2026-09-26 06:46:00+00:00,1.5488349444466183,1.5488714117126874,1.5485114849022337,1.5486138266596932,17264.485284,26736.0206209652,69.0
2026-09-26 06:47:00+00:00,1.5487451031577546,1.5490525714526209,1.5483422719840905,1.5490321343136506,12016.671949030002,18614.21099655292,85.0
2026-09-26 06:48:00+00:00,1.549018629469595,1.5504224831890752,1.549018629469595,1.5501445969304508,257558.9683386901,399253.6431612015,197.0
2026-09-26 06:49:00+00:00,1.5500732605576035,1.5505186358959389,1.5495545755779774,1.5504413644369723,38824.3592059,60194.89246058672,117.0
2026-09-26 06:50:00+00:00,1.5504365531666777,1.5504469808560755,1.5498296439810235,1.5498336123473329,13172.493345339999,20415.172945029495,51.0
2026-09-26 06:51:00+00:00,1.5498035613432983,1.5502835959193728,1.5496048553249142,1.5497025432654312,2246.2481646999995,3481.0164936408964,44.0
2026-09-26 06:52:00+00:00,1.5496976521545756,1.5501569963195663,1.5496976521545756,1.5499736653410199,9599.509403999999,14878.986776393467,57.0
2026-09-26 06:53:00+00:00,1.5498531331163852,1.5498531331163852,1.5481172843142017,1.5487067417606064,196496.53691701006,304315.51145598537,215.0
2026-09-26 06:54:00+00:00,1.548713915885315,1.5495993066380442,1.548616372372783,1.5495017631255124,19111.524936019992,29613.341584380174,76.0
2026-09-26 06:55:00+00:00,1.549417060278178,1.5495672666431433,1.549003638972414,1.5492167782169313,13101.572433659998,20297.175835250502,104.0
2026-09-26 06:56:00+00:00,1.549330538261251,1.5493799697522979,1.5486363370391023,1.5487306689099083,14769.003838220002,22873.209193499468,78.0
2026-09-26 06:57:00+00:00,1.5486668809834723,1.5493601517744353,1.548559412680746,1.5492063118295398,22616.03118324,35036.89825760911,108.0
2026-09-26 06:58:00+00:00,1.5489890707202483,1.5498549026758073,1.5480437861412955,1.5488730531382193,95849.68229558005,148458.9900594834,168.0
2026-09-26 06:59:00+00:00,1.5487024697235001,1.5488866287912206,1.547985995929114,1.5482660386832632,266283.94910246995,412278.3950418168,129.0
2026-09-26 07:00:00+00:00,1.5484580545507476,1.5487682063236445,1.5480825103195215,1.5483024349251122,41239.316367110005,63850.933945843455,95.0
2026-09-26 07:01:00+00:00,1.548579778270058,1.5487370747045401,1.5481592497289953,1.5486591600736153,17836.180015,27622.163560951703,96.0
2026-09-26 07:02:00+00:00,1.5484153545701052,1.5486367920585598,1.547907634471361,1.548073712587702,11117.566130189998,17210.81187410252,78.0
2026-09-26 07:03:00+00:00,1.5480038816790405,1.5509630229742712,1.5480038816790405,1.550485242509156,275034.8354623199,426437.4535602609,319.0
2026-09-26 07:04:00+00:00,1.550385591179383,1.551721278199404,1.5503294385917643,1.5516634313180053,53242.68344939001,82614.72489365887,142.0
2026-09-26 07:05:00+00:00,1.552049431578671,1.55284592091821,1.552049431578671,1.5525566932653103,31054.246256029997,48213.47787910858,126.0
2026-09-26 07:06:00+00:00,1.5523055275570488,1.5528858876992224,1.5522107094181599,1.552652026042645,22259.386979680003,34561.08229246743,107.0
2026-09-26 07:07:00+00:00,1.552820017536845,1.5530839888828996,1.5522066944499686,1.5524168478887512,51332.60043287001,79689.5937579288,123.0
2026-09-26 07:08:00+00:00,1.5523085133816097,1.5527938831125816,1.552210746503345,1.5524962022338296,27268.150576150012,42333.7002114131,85.0
2026-09-26 07:09:00+00:00,1.5522983602935314,1.5524937515207393,1.5502282996634151,1.5516912268426541,174115.19926282,270173.0271560784,199.0
2026-09-26 07:10:00+00:00,1.5515845184451855,1.5518370461773137,1.5509508210939211,1.5518004876031453,9780.507556869998,15177.396395757109,103.0
2026-09-26 07:11:00+00:00,1.551786796913976,1.552551702310513,1.551786796913976,1.552551702310513,21818.07783342,33873.693881419495,126.0
2026-09-26 07:12:00+00:00,1.5523164075332545,1.552779730618853,1.5522000332430717,1.5522096331029662,7501.168189479999,11643.38552323639,94.0
2026-09-26 07:13:00+00:00,1.5522195506377163,1.5528656087765635,1.552218728474961,1.5527242563514398,21035.12946395001,32661.75575416804,145.0
2026-09-26 07:14:00+00:00,1.5525177216804984,1.5530456535790482,1.5525177216804984,1.5529998278203614,7934.142886329999,12321.722536372634,105.0
2026-09-26 07:15:00+00:00,1.5527694378152503,1.55279925758798,1.5521620207250404,1.552320471880934,24130.83740193,37458.79290264607,74.0
2026-09-26 07:16:00+00:00,1.5523338254364398,1.5525769623165155,1.551954822516045,1.5525769623165155,3302.7572673799996,5127.784845457635,44.0
2026-09-26 07:17:00+00:00,1.552595496348184,1.5526946889530058,1.5521003137146763,1.5521003137146763,30093.394844929997,46707.96757955547,87.0
2026-09-26 07:18:00+00:00,1.5521955076535572,1.5534490635675313,1.5519050881438894,1.5528857472823758,94627.12563171997,146945.11469979674,127.0
2026-09-26 07:19:00+00:00,1.5527972942081136,1.552831585917493,1.5520807392312013,1.5524125586172244,8405.71564427,13049.138530330021,64.0
2026-09-26 07:20:00+00:00,1.5525714587997124,1.5527131319809284,1.551458844678746,1.5515868344251464,21285.85354363,33026.85011779816,64.0
2026-09-26 07:21:00+00:00,1.551400602448738,1.5520861235040468,1.5510049883370725,1.5520857760605944,30934.09199977,48012.36418819284,81.0
2026-09-26 07:22:00+00:00,1.551978961025786,1.5521505306169572,1.5514112933703152,1.5521034318464542,9870.980416810002,15320.782580619947,76.0
2026-09-26 07:23:00+00:00,1.5522663964804095,1.5524810894923244,1.5519020202165592,1.552466285514646,24797.95377102,38497.987179259326,80.0
2026-09-26 07:24:00+00:00,1.5524612433468357,1.5528558539308708,1.5519197686425732,1.5524194900901238,40826.94975964999,63380.55252781094,108.0
2026-09-26 07:25:00+00:00,1.551985745511734,1.5520568078438675,1.5514734968859494,1.5516186805938326,20581.59604797,31934.78890446645,92.0
2026-09-26 07:26:00+00:00,1.5515997863563513,1.5516948649193658,1.5511233412634196,1.5512347422742052,10474.06075198,16247.726931162062,43.0
2026-09-26 07:27:00+00:00,1.5512012106494981,1.5515801381958132,1.551111338549797,1.5514772615538923,7184.710670460001,11146.915236062312,53.0
2026-09-26 07:28:00+00:00,1.551300571254497,1.5514001076468715,1.5503207102027505,1.5506863801291555,8599.82035293,13335.62429284606,67.0
2026-09-26 07:29:00+00:00,1.550378778816318,1.550732399706349,1.5502408387192852,1.550603311308699,16131.582032050002,25013.684515544646,62.0
2026-09-26 07:30:00+00:00,1.5507469899238853,1.551844040703008,1.5507200225403737,1.5510865520191985,30674.967956589993,47579.530281086576,114.0
2026-09-26 07:31:00+00:00,1.550994549596033,1.551330421668161,1.5504791948274645,1.5504791948274645,15082.077903599999,23384.44800429882,66.0
2026-09-26 07:32:00+00:00,1.5503072434731782,1.550862479911995,1.5502657206282149,1.5504196899625482,7403.794452740001,11478.988699963587,56.0
2026-09-26 07:33:00+00:00,1.5503061663087059,1.5513802132598793,1.5503027612008522,1.5508871326233629,35328.51822804999,54790.54433453265,113.0
2026-09-26 07:34:00+00:00,1.5509004404621443,1.551690011607688,1.5508006468070787,1.5509059275724297,512938.3806455899,795519.1750226486,243.0
2026-09-26 07:35:00+00:00,1.5510380281246237,1.551205346636244,1.5509163145014884,1.5510694278867625,895.08185685,1388.3341036161505,28.0
2026-09-26 07:36:00+00:00,1.5509691213732406,1.5511264198708925,1.5508555107977928,1.5511135645270397,5350.47312119,8299.191434915136,72.0
2026-09-26 07:37:00+00:00,1.551131087578669,1.5513412854914281,1.5503762539941508,1.550950422572675,18214.780700620006,28250.2218246952,83.0
2026-09-26 07:38:00+00:00,1.550905035475012,1.5523881045469454,1.550905035475012,1.5520878400417146,40422.961222549995,62739.98657199761,128.0
2026-09-26 07:39:00+00:00,1.5520136392495822,1.5526462151987164,1.551867825951044,1.5526462151987164,9760.64696858,15154.831573656562,59.0
2026-09-26 07:40:00+00:00,1.5526055999757251,1.552815104685551,1.5522684463620988,1.552815104685551,11669.35422111,18120.3494964657,88.0
2026-09-26 07:41:00+00:00,1.5527834699849796,1.553564704891024,1.552304313016174,1.552798175237498,134964.0892479,209571.99150672994,183.0
2026-09-26 07:42:00+00:00,1.552553803481986,1.552595243592683,1.5523395571880263,1.552380800099005,13261.2442572,20586.50097030047,65.0
2026-09-26 07:43:00+00:00,1.5521284401465565,1.5521865944918012,1.5516399347991585,1.5516431425107395,4863.280131539999,7546.075266212767,61.0
2026-09-26 07:44:00+00:00,1.5516006024012188,1.5517955384193434,1.551561725375249,1.5517214067634924,4838.57698235,7508.123481785597,41.0
2026-09-26 07:45:00+00:00,1.5521568613496695,1.5524339239929132,1.552073656957095,1.5523726587287119,7811.940931120001,12127.043513074404,60.0
2026-09-26 07:46:00+00:00,1.5525629849186413,1.5533090899705617,1.5524128563939141,1.5533057156060532,6428.43779265,9985.329165741206,75.0
2026-09-26 07:47:00+00:00,1.5534631438425481,1.5546622176443552,1.5534605679070494,1.554437269539986,177995.58006184007,276682.96346151264,194.0
2026-09-26 07:48:00+00:00,1.554262882290752,1.5545913561485183,1.5539929838750945,1.5543316097600894,12221.488840249996,18996.246422730746,84.0
2026-09-26 07:49:00+00:00,1.554432488711686,1.5545489703715187,1.5539067454719926,1.5540814679617418,18201.12806467,28286.03582130201,48.0
2026-09-26 07:50:00+00:00,1.5536048443621406,1.5536666583133076,1.5531299948681891,1.5533737573428361,31769.188076440005,49349.42305003084,75.0
2026-09-26 07:51:00+00:00,1.5530683327818768,1.5533182222930804,1.5527146605521063,1.5529169694065394,24869.96211101,38620.986190685115,72.0
2026-09-26 07:52:00+00:00,1.5526297892362209,1.5528190571307383,1.5522493376398852,1.5522493376398852,7988.7414395000005,12400.518608040178,46.0
2026-09-26 07:53:00+00:00,1.5520963668095935,1.5520963668095935,1.551207104515184,1.5515913135404915,49860.12661702,77362.5393509973,80.0
2026-09-26 07:54:00+00:00,1.5512986579833916,1.5519351669116475,1.5511042406500772,1.55191469250518,40268.11900359,62492.68552121837,67.0
2026-09-26 07:55:00+00:00,1.5519771511315223,1.553641374383467,1.5516920806556274,1.551782171311932,95795.42933210002,148653.6393307249,179.0
2026-09-26 07:56:00+00:00,1.552249633157624,1.5531783045262844,1.552214137332627,1.5523850811001114,39209.996606700006,60869.013762227085,99.0
2026-09-26 07:57:00+00:00,1.552506614372821,1.5528703119931226,1.552506614372821,1.5528703119931226,4362.093154980001,6773.764958516858,56.0
2026-09-26 07:58:00+00:00,1.5527926960583889,1.5530957196423818,1.5524992332165104,1.553095371831862,68198.54443586999,105918.84372901927,85.0
2026-09-26 07:59:00+00:00,1.5528446643405882,1.5528569967273569,1.5522577427276918,1.5524335512949392,19482.9787127,30246.029832760567,84.0
2026-09-26 08:00:00+00:00,1.552707295337294,1.5530016775329922,1.5521722800148248,1.552845997710222,21626.06663858999,33581.95102594902,112.0
2026-09-26 08:01:00+00:00,1.5531408705216234,1.5536668887513587,1.5515083627273696,1.5518175808345465,312522.4566397398,484977.84261915047,357.0
2026-09-26 08:02:00+00:00,1.5517850129461042,1.551935424411508,1.551093009882324,1.551093009882324,40730.555354849996,63176.87969953289,96.0
2026-09-26 08:03:00+00:00,1.5511536414543892,1.55133303159587,1.5509114428785755,1.55133303159587,8756.85457474,13584.797754675568,61.0
2026-09-26 08:04:00+00:00,1.5511770316515379,1.5511770316515379,1.5506730660252328,1.5507397994920125,28308.62264111,43899.30779836996,66.0
2026-09-26 08:05:00+00:00,1.550664678465309,1.5506733017476495,1.5500190489917784,1.5500374900745018,29432.41098919,45621.34045652525,72.0
2026-09-26 08:06:00+00:00,1.5501231838575458,1.5508072212135298,1.5498360384071392,1.549908259629944,8904.084730320003,13800.514467967834,73.0
2026-09-26 08:07:00+00:00,1.5499362541598196,1.5500824616859223,1.5498908422486415,1.5499454148558762,44556.13834823,69059.58233652316,78.0
2026-09-26 08:08:00+00:00,1.5498937997818816,1.5507429418318037,1.549606829711731,1.5501526679906636,25069.83737447,38862.07529212673,102.0
2026-09-26 08:09:00+00:00,1.5502201216315488,1.5505579021369056,1.5502201216315488,1.5503972840270142,31031.618963919995,48111.337760622744,61.0
2026-09-26 08:10:00+00:00,1.5501049000494422,1.55016236338383,1.5498400541411088,1.5500560000039116,3639.40493926,5641.281462543835,40.0
2026-09-26 08:11:00+00:00,1.549991466636351,1.5500176595205346,1.5499645569899139,1.5499820189127032,37510.45143814,58140.52525041515,44.0
2026-09-26 08:12:00+00:00,1.549985485032319,1.5504453669089915,1.5491361344457881,1.5491376626772064,240769.4728618699,372985.05843326024,236.0
2026-09-26 08:13:00+00:00,1.5494839061207122,1.5495961803076366,1.548755802434013,1.5488332138783707,11044.799452199999,17106.552232192993,58.0
2026-09-26 08:14:00+00:00,1.548702290777332,1.5502256508344605,1.548598018824797,1.5493602318029964,128136.40467257,198529.44964589563,164.0
2026-09-26 08:15:00+00:00,1.5490879487790603,1.5497786391295312,1.5487974157594588,1.5496814292965604,6080.16342626,9422.316348763268,58.0
2026-09-26 08:16:00+00:00,1.5491957541010677,1.5492981959325047,1.5483997126472833,1.5485794867575635,19552.808942439995,30279.078836752426,83.0
2026-09-26 08:17:00+00:00,1.5483850623450404,1.548768053054479,1.547906566848773,1.547971810414126,9483.44531988,14680.106020778014,93.0
2026-09-26 08:18:00+00:00,1.5479771226665504,1.54799398475545,1.5462919574340803,1.5474852517078141,142696.56494655996,220820.8297241678,144.0
2026-09-26 08:19:00+00:00,1.5474915330113828,1.5475068398400391,1.5471549752776517,1.5471754578182286,88240.45841429,136523.47164521948,96.0
2026-09-26 08:20:00+00:00,1.5474229218163895,1.5484459672023037,1.54741929395578,1.5484188076264591,9705.99323086,15028.942465358725,89.0
2026-09-26 08:21:00+00:00,1.5481916888756604,1.5486757095325663,1.5477920074906806,1.5484832883992758,5660.713644980001,8765.520479665283,72.0
2026-09-26 08:22:00+00:00,1.5484158736064157,1.5485360538823498,1.5478201019583928,1.5478486401548006,5940.28143719,9194.656544691346,48.0
2026-09-26 08:23:00+00:00,1.5479296045934217,1.547937980096153,1.5476183898607956,1.5479006961097435,3030.04699204,4690.21184822395,37.0
2026-09-26 08:24:00+00:00,1.5479267170900963,1.5482239478921267,1.5475244557181724,1.5477325527920422,43344.574323290006,67085.80866707004,111.0
2026-09-26 08:25:00+00:00,1.5475786089831303,1.5475786089831303,1.5461838824736358,1.5461838824736358,30742.60707533,47533.723565095206,106.0
2026-09-26 08:26:00+00:00,1.5461846886143462,1.547745616558257,1.5442120070268741,1.5474942683369064,569119.3232933996,880708.8907963148,609.0
2026-09-26 08:27:00+00:00,1.5477122381377488,1.5490903735934762,1.5476983734541268,1.5490903735934762,12766.82177717,19776.960716397603,124.0
2026-09-26 08:28:00+00:00,1.5489108211114406,1.5492579577461736,1.5485431523158266,1.549153057129773,16667.5859041,25820.641658309625,90.0
2026-09-26 08:29:00+00:00,1.5490471831066737,1.5494400712500287,1.5490471831066737,1.5493832206186073,8499.659248029999,13169.229419873449,78.0
2026-09-26 08:30:00+00:00,1.54957934873109,1.550552090182778,1.54957934873109,1.5504263969544625,20613.342132429996,31959.469771573054,106.0
2026-09-26 08:31:00+00:00,1.5503504773895513,1.5515934636628037,1.5497891631720166,1.5515934636628037,55747.1577086,86496.92551844324,180.0
2026-09-26 08:32:00+00:00,1.551817759754464,1.5540527972649487,1.5517705493590253,1.553922778329802,139988.13900195004,217530.7578911287,201.0
2026-09-26 08:33:00+00:00,1.5538582132096024,1.5547560656018153,1.5531757948632001,1.554522145456167,284953.68822345,442966.81877276517,284.0
2026-09-26 08:34:00+00:00,1.5541026038888757,1.554770267017139,1.5536353433045278,1.5546955232998354,23058.334488640005,35848.689404238816,145.0
2026-09-26 08:35:00+00:00,1.5546267082884753,1.5547302762674615,1.5537278763830455,1.554640980007181,76503.03650932002,118934.75565237443,147.0
2026-09-26 08:36:00+00:00,1.5544331214384715,1.5561736837427103,1.5537753456549268,1.5549868169910486,433173.66003828,673579.3308272876,335.0
2026-09-26 08:37:00+00:00,1.5551365675643514,1.5563749952352144,1.5549240945142724,1.5550061585972557,43724.94262968,67992.55507346409,147.0
2026-09-26 08:38:00+00:00,1.5550335418593237,1.55605673987977,1.5550252746894213,1.5557748360994479,42501.66235248999,66123.0167803992,128.0
2026-09-26 08:39:00+00:00,1.5556353997801082,1.5557310895466623,1.554637683583258,1.554870842238154,5802.32403024,9021.86445183795,70.0
2026-09-26 08:40:00+00:00,1.5552117209363208,1.5557769452088188,1.5529771342103351,1.5535461500367984,362344.03842346,562918.185881552,297.0
2026-09-26 08:41:00+00:00,1.5535777156457704,1.5535951058354271,1.5530121587851455,1.5532557106157643,6890.06674475,10702.035517806708,51.0
2026-09-26 08:42:00+00:00,1.5531960276613084,1.5538879276853614,1.553039546286499,1.5538657730642091,18204.323541840004,28287.0752734522,92.0
2026-09-26 08:43:00+00:00,1.5536386138385527,1.5541492420935918,1.5534861866069731,1.55409446229423,19993.003599259995,31071.01617823857,92.0
2026-09-26 08:44:00+00:00,1.5541913368840963,1.5551749191145956,1.5541784307201563,1.5551537915329978,64805.73709574,100782.8877575307,185.0
2026-09-26 08:45:00+00:00,1.5551115314500181,1.5551115314500181,1.5537918359550917,1.5539459266866869,53403.182481840005,82985.6578897611,135.0
2026-09-26 08:46:00+00:00,1.5538949888899918,1.5544383988812076,1.5534029037298818,1.5536643756818207,53948.80661989998,83818.33895588618,96.0
2026-09-26 08:47:00+00:00,1.553528827005191,1.5536600134165564,1.5530974928034142,1.553225273674864,20944.976001779996,32532.266082478192,79.0
2026-09-26 08:48:00+00:00,1.5531206214500632,1.5531906918279146,1.5529893678459306,1.5531033963668428,9845.807578430002,15291.557190034036,43.0
2026-09-26 08:49:00+00:00,1.5530789902903155,1.553196085269368,1.5520127383252482,1.5523763520833622,38598.02021029001,59918.65381168989,126.0
2026-09-26 08:50:00+00:00,1.5522904512701257,1.5522904512701257,1.5514576349735618,1.5515764610065892,15547.716500619996,24123.470944765722,83.0
2026-09-26 08:51:00+00:00,1.5515893072845033,1.5517679894750855,1.5510278550652195,1.5511168737167935,19848.42519357,30787.227234451944,84.0
2026-09-26 08:52:00+00:00,1.551136272059997,1.551136272059997,1.550274961877972,1.5504377883715719,20847.433203699995,32322.648229568695,76.0
2026-09-26 08:53:00+00:00,1.5503196290074635,1.550459001190629,1.550196280270228,1.550235958744211,10914.131324439999,16919.478837603467,45.0
2026-09-26 08:54:00+00:00,1.5503170621124374,1.5507887414326034,1.5501311569222558,1.5507887414326034,13246.7152854,20542.856925561493,70.0
2026-09-26 08:55:00+00:00,1.5506063202535338,1.5509555076143464,1.5501877001400615,1.5502851325232652,44336.39827555,68734.05907621529,87.0
2026-09-26 08:56:00+00:00,1.5500140254025654,1.550193571240738,1.5495120533480862,1.5496915991862583,14485.662747039998,22448.309867733224,75.0
2026-09-26 08:57:00+00:00,1.549691806900849,1.549691806900849,1.549004136334211,1.5491094367051192,12043.024597110001,18655.96304985497,75.0
2026-09-26 08:58:00+00:00,1.5492411142370446,1.5495102697115029,1.548903306868599,1.5491526005669045,29425.7672491,45585.00385761971,87.0
2026-09-26 08:59:00+00:00,1.5489097075044331,1.5491968108011933,1.548794942736374,1.5490996555907408,25664.068155060002,39756.19914006075,91.0
2026-09-26 09:00:00+00:00,1.5489321462020196,1.5505830566675063,1.5489321462020196,1.5503410801163378,34838.276806279995,54011.21169324008,167.0
2026-09-26 09:01:00+00:00,1.5504829445848645,1.5507602619699776,1.5496059816705539,1.549790093428864,115108.87706374003,178394.59733910527,175.0
2026-09-26 09:02:00+00:00,1.5496702416879207,1.5496702416879207,1.5477939127815512,1.54797391618402,13983.572715710008,21646.205818981634,116.0
2026-09-26 09:03:00+00:00,1.5477486490592485,1.5480587806214205,1.5469815310404602,1.5473940068944616,62600.74277680999,96868.01419997754,176.0
2026-09-26 09:04:00+00:00,1.547347921498536,1.5478521162415835,1.5467077746210265,1.5476626943511946,112338.23561931006,173861.69641724075,167.0
2026-09-26 09:05:00+00:00,1.54728807864562,1.5491432437006936,1.5470650095930687,1.5486715138487341,49707.007284119994,76979.82621958817,222.0
2026-09-26 09:06:00+00:00,1.5489677560606372,1.5497434339119351,1.5477419411100544,1.5478641219189988,56429.58986252,87345.33756279876,166.0
2026-09-26 09:07:00+00:00,1.5481054370939296,1.5491034411397075,1.548105408122347,1.5490650366478511,38620.2708979,59825.3113538054,118.0
2026-09-26 09:08:00+00:00,1.5488693019708664,1.5490481574525825,1.548477074840899,1.5486889890165862,19111.85868968,29598.32511234838,105.0
2026-09-26 09:09:00+00:00,1.548236317172134,1.548236317172134,1.547307187312134,1.547669331204371,18594.79972663,28778.601256792674,139.0
2026-09-26 09:10:00+00:00,1.5473927235437206,1.547667627171883,1.5442007089410112,1.5457736677868916,182187.51059814994,281620.6564822654,251.0
2026-09-26 09:11:00+00:00,1.5450981991423638,1.5451190728515365,1.5432380121392661,1.5435229091941927,218549.02086396006,337335.42048548197,275.0
2026-09-26 09:12:00+00:00,1.5438912711701105,1.5444192907880827,1.5427817275748597,1.5432346674754183,22794.046572850006,35176.56288327138,172.0
2026-09-26 09:13:00+00:00,1.5427746108863603,1.5438131645378097,1.5393350304283833,1.540166263043894,349805.6205839004,538758.8154464561,584.0
2026-09-26 09:14:00+00:00,1.5402770182111232,1.5420227125693755,1.5386507414047335,1.5415973036091628,322715.0865161299,497496.70720726356,439.0
2026-09-26 09:15:00+00:00,1.5409600669171344,1.5410268388971793,1.5393731501467616,1.5403769639912084,89808.36675063998,138338.7393163598,242.0
2026-09-26 09:16:00+00:00,1.5403505868867828,1.5409604036404414,1.5386757594929459,1.538793692774262,39342.01636180999,60539.24663857503,203.0
2026-09-26 09:17:00+00:00,1.538786219763854,1.538924979603114,1.5364895031324257,1.5387191755214538,160669.87438358998,247225.8166426531,306.0
2026-09-26 09:18:00+00:00,1.5382225985465041,1.5391440672707628,1.53722289344746,1.539088882684977,11432.81807798,17596.123201578845,116.0
2026-09-26 09:19:00+00:00,1.539494694926736,1.5409318129913603,1.539112417269419,1.540729108154275,81087.91192915999,124934.50622870708,228.0
2026-09-26 09:20:00+00:00,1.5408057897141376,1.5413612529878122,1.5393126751929636,1.539454811599743,39428.03163241,60697.67300842045,164.0
2026-09-26 09:21:00+00:00,1.5395554077359561,1.540734289210027,1.5394144177597722,1.5402336277839301,50717.25181333,78116.41675167637,131.0
2026-09-26 09:22:00+00:00,1.5403903030792288,1.5416296350836238,1.5403023959204865,1.5414666102723216,57536.71614336,88690.92679970589,166.0
2026-09-26 09:23:00+00:00,1.5411391737652955,1.5413046877169798,1.5397406394794286,1.53990358382813,31620.060775799997,48691.8449095177,138.0
2026-09-26 09:24:00+00:00,1.5399256331358813,1.5400411425493128,1.5376614280857823,1.5383289741230057,152071.84147142997,233936.51988374122,201.0
2026-09-26 09:25:00+00:00,1.5380771467576828,1.5389443696367442,1.5372765583022656,1.538941560572026,109905.99753809,169138.90736749346,157.0
2026-09-26 09:26:00+00:00,1.5386301823610509,1.5389091977367924,1.5381290337282296,1.5383633535494796,10524.082251000002,16189.86246467892,96.0
2026-09-26 09:27:00+00:00,1.5387893759234312,1.539525511634597,1.538730050261318,1.5395176561955104,8507.698118949998,13097.751467704855,128.0
2026-09-26 09:28:00+00:00,1.539715777587291,1.5399119884976562,1.5386630428970878,1.538666194807169,47006.136616040014,72326.75335958823,164.0
2026-09-26 09:29:00+00:00,1.5384758670345449,1.5395288329569174,1.5379545365470955,1.5390399540654651,46832.326383820015,72076.82144653323,158.0
2026-09-26 09:30:00+00:00,1.5379113024851037,1.5387930277849275,1.5371645106760752,1.5374270777985033,177871.90039641003,273465.0760489191,261.0
2026-09-26 09:31:00+00:00,1.5374342989364818,1.5395257575269181,1.536315761771931,1.5394976975585881,68303.62346480001,105153.27105896837,232.0
2026-09-26 09:32:00+00:00,1.539170898636753,1.540040946487091,1.5382081447510056,1.5398384377087468,49573.53502449,76335.23472381051,189.0
2026-09-26 09:33:00+00:00,1.5395695613560672,1.5402877566706517,1.5386091685384529,1.540020526822627,23330.774986619996,35929.8723860747,182.0
2026-09-26 09:34:00+00:00,1.5402159046538118,1.5408178471650475,1.5402159046538118,1.5405356427627288,85544.58045910999,131784.47524244298,120.0
2026-09-26 09:35:00+00:00,1.5404181602997111,1.5412549096274564,1.540012753471679,1.540482954378162,66399.32045091,102287.02133692015,184.0
2026-09-26 09:36:00+00:00,1.5402775707089387,1.5415268181285093,1.5402775707089387,1.541462793749078,90371.14989908002,139303.7651977526,188.0
2026-09-26 09:37:00+00:00,1.5414839905088455,1.5416851753281646,1.5414067995124285,1.5415050456371078,22507.191509500004,34694.94927501493,94.0
2026-09-26 09:38:00+00:00,1.5412981354950732,1.5419424716557455,1.541012234779972,1.5412230199352017,7691.614539600001,11854.49338889982,90.0
2026-09-26 09:39:00+00:00,1.5406766235818652,1.54115677720375,1.5404796038621105,1.5410776174440926,13792.380725350002,21255.129227104208,87.0
2026-09-26 09:40:00+00:00,1.5413567706025413,1.5414362523955905,1.540602906256602,1.540755720732453,2488.3580503900002,3833.951901369046,57.0
2026-09-26 09:41:00+00:00,1.540734788231568,1.5411770846203265,1.5405595741149416,1.540693884707886,18950.88090761,29197.50632418216,81.0
2026-09-26 09:42:00+00:00,1.5409733930602534,1.541475853082674,1.5407976337818987,1.5412876848979973,8168.073663479998,12589.35134686139,70.0
2026-09-26 09:43:00+00:00,1.5410458682753028,1.5412965733973538,1.5404458562414411,1.5412009839628553,15267.368787630001,23530.083798019143,64.0
2026-09-26 09:44:00+00:00,1.5407941037507804,1.5408319348518522,1.5401692586702431,1.5403603073631211,14672.933791800004,22601.60480545578,83.0
2026-09-26 09:45:00+00:00,1.5403155437192206,1.5416343485936783,1.5402369602203645,1.541560048142556,16009.812484570004,24680.08730446703,109.0
2026-09-26 09:46:00+00:00,1.5415350001112782,1.5415851047344855,1.540770428315915,1.5412990031217575,15324.979444390003,23620.375540499736,100.0
2026-09-26 09:47:00+00:00,1.541218377558078,1.5416584938772733,1.5408754586616082,1.5410277519566247,6630.585283970002,10217.91593431297,98.0
2026-09-26 09:48:00+00:00,1.540909523937473,1.541495708058377,1.5403338524093442,1.5412206573509184,36916.52025127,56896.503608770836,118.0
2026-09-26 09:49:00+00:00,1.5411952936186664,1.5415034587708352,1.5409901408247562,1.5410987705202326,23717.41421463,36550.87788608538,73.0
2026-09-26 09:50:00+00:00,1.5409717923218647,1.5412423829553787,1.5405713757091488,1.540662651058397,13195.66459314,20330.067594544496,48.0
2026-09-26 09:51:00+00:00,1.540258006314908,1.5405561204903855,1.5396910033146036,1.5405185087272706,7095.391319650001,10930.581654583639,73.0
2026-09-26 09:52:00+00:00,1.5403770403832702,1.5410152106555588,1.5403767020915933,1.5407328327981715,18791.625336049998,28952.874136894206,64.0
2026-09-26 09:53:00+00:00,1.5405575418030273,1.5406157648110677,1.5401292935715205,1.5403789082424124,8853.832899590001,13638.2574556312,55.0
2026-09-26 09:54:00+00:00,1.5406725347870964,1.541032227056971,1.5405000549744916,1.540876939594141,5968.207905260001,9196.27393191859,60.0
2026-09-26 09:55:00+00:00,1.5409296377937265,1.5413444076964367,1.5408627200022131,1.5411423638122868,16147.97877835,24886.33418525696,87.0
2026-09-26 09:56:00+00:00,1.5413235255313544,1.5415110613544059,1.5409589509137958,1.5410167758830084,70301.53776946,108335.8490731108,70.0
2026-09-26 09:57:00+00:00,1.541114782350981,1.5418542749704192,1.541114782350981,1.5415386694653683,28821.494914919997,44429.44892314865,100.0
2026-09-26 09:58:00+00:00,1.541363929864007,1.5414905450789091,1.5408748393229386,1.5411880697905695,7816.39524353,12046.535098096188,61.0
2026-09-26 09:59:00+00:00,1.541064241119758,1.541307017975931,1.5405335614898557,1.5410204567187844,21083.82625999,32490.607572549292,73.0
2026-09-26 10:00:00+00:00,1.5411165863586636,1.5415831976994754,1.5404354809199647,1.541172185028024,78849.99430397,121521.4180108967,122.0
2026-09-26 10:01:00+00:00,1.5410894734176188,1.5416039254945477,1.5406813022426626,1.5412768577796925,39028.549426959995,60153.80002448432,124.0
2026-09-26 10:02:00+00:00,1.541215366055766,1.5428497144019633,1.5412006332047994,1.5427099642213014,30932.006882970003,47719.1152317197,166.0
2026-09-26 10:03:00+00:00,1.5428932180914559,1.543825953971595,1.5423836735417633,1.5425434168353684,15155.8558814,23378.56571635917,160.0
2026-09-26 10:04:00+00:00,1.543078774649619,1.5437223543217369,1.5428766203260067,1.5431907029617027,15470.66314356,23874.18353179406,103.0
2026-09-26 10:05:00+00:00,1.5430292386046898,1.543369282327699,1.542542382950409,1.543369282327699,3635.2001911200005,5610.45631008639,90.0
2026-09-26 10:06:00+00:00,1.5435819065872436,1.5450577631046276,1.5435819065872436,1.5448672094670248,36887.02286676999,56985.552081733294,135.0
2026-09-26 10:07:00+00:00,1.5446366696334852,1.5449880228296917,1.5442720420125031,1.54463491714194,20997.79044136,32433.920298553923,108.0
2026-09-26 10:08:00+00:00,1.5445540604461538,1.5446876242061447,1.5442112475078484,1.5443431363930262,32372.849785880004,49994.78837230623,89.0
2026-09-26 10:09:00+00:00,1.544327421031238,1.5454731071031464,1.5442517548377495,1.5449891678852874,19428.77685605,30017.24978785762,169.0
2026-09-26 10:10:00+00:00,1.5450982886199256,1.5456245479362447,1.5450882601569682,1.5456245479362447,26299.768632369996,40649.5680032347,82.0
2026-09-26 10:11:00+00:00,1.5455441499777238,1.5460606679149667,1.5455418840093262,1.5457582875127631,15604.80721537,24121.26007819714,85.0
2026-09-26 10:12:00+00:00,1.545678798412171,1.5461323312778437,1.5456710114697572,1.5459618272979212,5052.44840273,7810.8923650129345,81.0
2026-09-26 10:13:00+00:00,1.545871793506076,1.5460503975947408,1.5456075974778862,1.545954288614244,8807.0013509,13615.221508255296,86.0
2026-09-26 10:14:00+00:00,1.5459476557634753,1.54611569351725,1.5452264551665287,1.5459650594220973,69016.13211031002,106696.52877899875,121.0
2026-09-26 10:15:00+00:00,1.5457511002421391,1.5463711826954634,1.545728756909474,1.5463711669363112,6836.0802456599995,10571.117386751517,79.0
2026-09-26 10:16:00+00:00,1.546345880500115,1.5471058386503427,1.5462738476481106,1.5471003755692467,40723.75948583,63003.74359511927,155.0
2026-09-26 10:17:00+00:00,1.5471672320204721,1.5475834428327506,1.54705751751888,1.547315750006948,20837.91008113,32242.826465761013,104.0
2026-09-26 10:18:00+00:00,1.5475768331898576,1.5486028273239176,1.5475553093297043,1.5486028273239176,61873.129662319996,95816.9035304481,118.0
2026-09-26 10:19:00+00:00,1.5487113438901456,1.5489209176889787,1.5485325561890408,1.5487646694138706,44860.88422348998,69478.95252400739,119.0
2026-09-26 10:20:00+00:00,1.54878497459739,1.5488257787123727,1.548772168466404,1.548789736731731,85066.51891229003,131750.1514308505,155.0
2026-09-26 10:21:00+00:00,1.548348079564134,1.5490313179815491,1.5481242644822926,1.5489865533921474,29670.691059969995,45959.50148174613,108.0
2026-09-26 10:22:00+00:00,1.548971955334252,1.5494938140619094,1.5481200460997684,1.5485506660916373,12665.000206220004,19612.39450539271,114.0
2026-09-26 10:23:00+00:00,1.5484019327034113,1.5494662471907894,1.5479056541231004,1.5493729451927865,11456.761666210004,17750.79656514761,96.0
2026-09-26 10:24:00+00:00,1.5493934006236891,1.5499455834532616,1.5482779673537572,1.5484277119161673,11562.38206781,17903.51280955956,106.0
2026-09-26 10:25:00+00:00,1.548419484448852,1.5488109874241445,1.547763129648221,1.5479543188640894,4363.7904110399995,6754.948213387067,81.0
2026-09-26 10:26:00+00:00,1.5481482856435433,1.5486527127473844,1.5480748362392704,1.5485894849437334,18642.17989138,28869.083756220578,79.0
2026-09-26 10:27:00+00:00,1.548580771982435,1.5487044506882552,1.5485048348186194,1.548576103269949,4638.3491573599995,7182.83666371,46.0
2026-09-26 10:28:00+00:00,1.5482805045171442,1.5484588683467697,1.547978762340766,1.5480549872045977,12097.00569191,18726.82999160368,56.0
2026-09-26 10:29:00+00:00,1.5483805321483755,1.5489868965626032,1.548314840730154,1.5485061357593701,20622.0504317,31933.37162542662,101.0
2026-09-26 10:30:00+00:00,1.5486988400614075,1.5491770950983725,1.5478810452650271,1.5484589964430187,29435.294499329997,45579.34658043723,95.0
2026-09-26 10:31:00+00:00,1.5483426667684859,1.5483863146018106,1.5480131404821436,1.5482496551807448,2135.8637431599996,3306.850303860524,36.0
2026-09-26 10:32:00+00:00,1.5484158426025354,1.5485165395553802,1.5477956521762475,1.5479466976055147,4721.044128639999,7307.9246681781915,54.0
2026-09-26 10:33:00+00:00,1.5478621634160024,1.548421276578585,1.5475576169545628,1.5478103537257888,11916.34000171,18444.23443316352,87.0
2026-09-26 10:34:00+00:00,1.547705944500189,1.5481838702976183,1.5471620439872087,1.5471850563175136,14217.62080428,21997.290444771006,92.0
2026-09-26 10:35:00+00:00,1.547474421767823,1.5476771410757304,1.5472201902635667,1.547432593552597,39821.81543084,61621.57513211756,79.0
2026-09-26 10:36:00+00:00,1.5472322747369356,1.5474323092615079,1.5472322747369356,1.5474148078848795,7201.326300000001,11143.43895303083,46.0
2026-09-26 10:37:00+00:00,1.5476732902201054,1.5478987556706683,1.547630319293291,1.5476861954320973,13210.38141987,20445.524959925468,52.0
2026-09-26 10:38:00+00:00,1.547386593197062,1.5475413584199678,1.5471821019493617,1.5474493491472452,22152.04098236,34279.16140043608,73.0
2026-09-26 10:39:00+00:00,1.5475930748959015,1.5491663548267498,1.5475930748959015,1.5484162614182417,144843.14008106993,224277.47345640897,181.0
2026-09-26 10:40:00+00:00,1.5486911320291568,1.5490833412406477,1.548141105186747,1.548797261917806,18322.8777357,28378.42286750689,83.0
2026-09-26 10:41:00+00:00,1.5489882071704835,1.5496495141910467,1.5488941801368794,1.5496495141910467,12347.374663480005,19134.10314879663,74.0
2026-09-26 10:42:00+00:00,1.5492782976711474,1.5494521865201498,1.5477838952330036,1.5486986823634978,188843.67961344987,292461.95779002435,217.0
2026-09-26 10:43:00+00:00,1.5486521904006172,1.548793476954377,1.5478055431730133,1.5484134883875462,48314.51813601999,74810.85156675808,104.0
2026-09-26 10:44:00+00:00,1.548421602463115,1.548793679582813,1.5483987157983854,1.548793679582813,22379.11378753,34660.62998879105,78.0
2026-09-26 10:45:00+00:00,1.5492947150412464,1.549978060399963,1.548591882831848,1.549586241669957,200921.77023796996,311345.6108127305,219.0
2026-09-26 10:46:00+00:00,1.5491946278223354,1.5493095631497107,1.5489079617718244,1.5491674812373581,14347.5540346,22226.764145698176,55.0
2026-09-26 10:47:00+00:00,1.5491294443928032,1.5499525853654195,1.5491017829291582,1.5495594424575914,33682.58353006,52193.16535537103,88.0
2026-09-26 10:48:00+00:00,1.5495484590808903,1.550297842819925,1.5494593269766046,1.5497475440338588,9240.198523329998,14319.974967915954,85.0
2026-09-26 10:49:00+00:00,1.5497281930365416,1.5498915984664028,1.5490532707868463,1.5496624275233157,36841.33887205999,57091.63862968558,79.0
2026-09-26 10:50:00+00:00,1.5494984359798296,1.5516047710605985,1.54949342248479,1.5507747719579297,88461.04968408,137183.16415098825,123.0
2026-09-26 10:51:00+00:00,1.550645110704978,1.5509309437728833,1.550286713357508,1.550904170577648,12474.78419642,19347.19483728391,60.0
2026-09-26 10:52:00+00:00,1.5503974764174164,1.5507787588759878,1.5502071202838572,1.550396664028617,19150.927395680003,29691.53394731653,57.0
2026-09-26 10:53:00+00:00,1.550282474182695,1.5503548764158857,1.5500667458527546,1.5500811187749246,18760.544085120004,29080.36516428911,80.0
2026-09-26 10:54:00+00:00,1.5500283221267779,1.5500295101581774,1.5494713248998169,1.5495469197431737,12457.58319736,19303.609670913505,57.0
2026-09-26 10:55:00+00:00,1.5493260193493097,1.5497503772964476,1.548730094802179,1.5497484322491104,42597.562165220006,66015.50518318372,118.0
2026-09-26 10:56:00+00:00,1.5498964513457107,1.55154497219002,1.5498964513457107,1.5512540034322957,86373.04473183001,133986.53142888806,159.0
2026-09-26 10:57:00+00:00,1.551351273950773,1.5518478234877018,1.5512574558706254,1.551732572320518,33549.83828599,52060.37686445666,144.0
2026-09-26 10:58:00+00:00,1.551515164301561,1.5517969399727698,1.5513095372248484,1.5513936782254127,13677.8735291,21219.766524612456,69.0
2026-09-26 10:59:00+00:00,1.5514667236066861,1.5515756603215547,1.551253333984775,1.5514938423901938,21840.55410688,33885.48521121418,73.0
2026-09-26 11:00:00+00:00,1.5514040300224012,1.5521891530251328,1.5512438279810716,1.5518830779740278,28028.243826959995,43496.55730038922,122.0
2026-09-26 11:01:00+00:00,1.5521737538476137,1.552453003225936,1.5497059010153698,1.5504836230326602,171022.02305632996,265166.8459267536,297.0
2026-09-26 11:02:00+00:00,1.5503522127789102,1.5504122140067091,1.5497036264961421,1.5499186519523522,17416.01970938,26993.41379033785,98.0
2026-09-26 11:03:00+00:00,1.549888706142862,1.5507425665888812,1.5495302320439621,1.5501631940408482,67673.28235629002,104904.63152865472,156.0
2026-09-26 11:04:00+00:00,1.5499090244487612,1.5500637246416813,1.5493794931773053,1.5500637246416813,24780.854788139997,38411.90407270892,126.0
2026-09-26 11:05:00+00:00,1.5498891222544202,1.5498913114066897,1.5490250295283907,1.5496835332057806,17654.996337520002,27359.657103063113,106.0
2026-09-26 11:06:00+00:00,1.5496844620621333,1.550443887548563,1.549622372804647,1.5501740202418892,13838.22334464,21451.654315165753,92.0
2026-09-26 11:07:00+00:00,1.5499303470598285,1.5500043598714892,1.5491795010337184,1.5495438662389078,41849.66025482,64847.88435203854,98.0
2026-09-26 11:08:00+00:00,1.549690309980533,1.5517969521544375,1.5495035216072015,1.5496897616244352,201948.74759509,312957.90652098827,257.0
2026-09-26 11:09:00+00:00,1.5493948300017537,1.5497171606056097,1.5490428451855582,1.5490428451855582,38947.95374894999,60332.04908942903,120.0
2026-09-26 11:10:00+00:00,1.5488962363044507,1.5492687078946987,1.5473990458916835,1.5487795314887414,188656.1087889901,292186.7197827011,213.0
2026-09-26 11:11:00+00:00,1.5486835783329291,1.5488435550960242,1.548529628786994,1.5486896584737966,4357.92658643,6749.075836792154,40.0
2026-09-26 11:12:00+00:00,1.5486457883383957,1.5488934267007,1.5485285277342025,1.5488623027244137,10482.215812000004,16235.508920228587,68.0
2026-09-26 11:13:00+00:00,1.5487709963692087,1.549672885578013,1.5487082270776507,1.5495375035885148,38047.16554738,58955.50992090615,128.0
2026-09-26 11:14:00+00:00,1.549531628688174,1.54953733433322,1.5486301392941242,1.548670190100871,26089.538084189997,40404.089904486435,92.0
2026-09-26 11:15:00+00:00,1.5487274835684155,1.5489970004292593,1.5486733787600684,1.5489749018760615,16478.48153318,25524.75431592398,67.0
2026-09-26 11:16:00+00:00,1.5488749274492617,1.5496514135669226,1.548789291278098,1.5493179972337592,25018.59246414,38761.755570149006,102.0
2026-09-26 11:17:00+00:00,1.5494767713708821,1.5499560078876706,1.5494145125792664,1.5497612465433566,26486.801350230002,41048.21827747871,125.0
2026-09-26 11:18:00+00:00,1.5495360343057838,1.5503063154591374,1.5494616256600988,1.5501206241503862,165293.39766810997,256224.7047612286,156.0
2026-09-26 11:19:00+00:00,1.5501569788289502,1.5501750129804006,1.549743060507779,1.5499128871471126,6229.577634339998,9655.302656946988,76.0
2026-09-26 11:20:00+00:00,1.5498570016307256,1.5500953266595299,1.5489575873367927,1.5493556843539145,8192.332738590003,12692.837296653091,74.0
2026-09-26 11:21:00+00:00,1.549301212008954,1.5493999878876108,1.5488628967751987,1.5488922345417977,21247.468586420007,32910.039097176734,99.0
2026-09-26 11:22:00+00:00,1.5488999974191036,1.5489700381506346,1.5485588620466155,1.5488985848964476,32960.69605413,51052.77547544388,73.0
2026-09-26 11:23:00+00:00,1.548886402741867,1.5491565607456335,1.548808933449307,1.5489694259307438,14992.453160349998,23222.851565080902,76.0
2026-09-26 11:24:00+00:00,1.549035866187386,1.5490441890810778,1.5486841969853624,1.5490364162393695,3783.3336651499985,5860.521622101713,53.0
2026-09-26 11:25:00+00:00,1.5490860847995458,1.5490930641379976,1.5486096803279632,1.548993900596911,12231.29760706,18946.205389721534,54.0
2026-09-26 11:26:00+00:00,1.5488110537242492,1.5490878444636165,1.5487122210970692,1.5487283467195612,15031.244636930001,23279.314655689872,75.0
2026-09-26 11:27:00+00:00,1.5485287992354226,1.5486445129630375,1.5483918347225432,1.5484864408882706,6368.314766449999,9861.249067156377,63.0
2026-09-26 11:28:00+00:00,1.5483987122032687,1.5489837924392258,1.5483987122032687,1.5489837924392258,7193.084556730002,11141.971396019666,64.0
2026-09-26 11:29:00+00:00,1.5489199873175052,1.549420225812047,1.5488417274196438,1.549420225812047,19618.51639158,30397.32609753923,76.0
2026-09-26 11:30:00+00:00,1.5493846878743904,1.5495264265691686,1.5488147500927383,1.5488176615975449,5124.27734201,7936.571250229211,67.0
2026-09-26 11:31:00+00:00,1.5487840505070931,1.548956320495911,1.5484480676486858,1.5485363856399075,14075.015482629997,21795.673603297593,64.0
2026-09-26 11:32:00+00:00,1.5485577424731976,1.5486422444616956,1.5482986464047026,1.5485568818948166,37728.937236449994,58425.40540408224,80.0
2026-09-26 11:33:00+00:00,1.5484391038210688,1.5486898637532744,1.5482156508735332,1.5484723785604229,40761.48464033001,63118.03307466595,95.0
2026-09-26 11:34:00+00:00,1.5484598324401042,1.5484606288994622,1.5477508529641013,1.5479892941817281,30975.89865553,47950.35949641863,114.0
2026-09-26 11:35:00+00:00,1.547957311000114,1.548617287672635,1.5477533064968072,1.5484368112985538,92950.57512475998,143928.09215455002,130.0
2026-09-26 11:36:00+00:00,1.5483750448193951,1.5490205381406799,1.548237358412111,1.5489193373076373,37560.692712780015,58178.48326549502,125.0
2026-09-26 11:37:00+00:00,1.5489624349295628,1.5495142123952366,1.5489624349295628,1.549471658829202,33600.46182709999,52062.9633246639,120.0
2026-09-26 11:38:00+00:00,1.5493723146168095,1.5496481849725117,1.5493701918169978,1.5495488239032897,6063.91379498,9396.330489262193,74.0
2026-09-26 11:39:00+00:00,1.549547788106794,1.5499958984230195,1.549474820086827,1.5496978260283905,78775.56374197999,122078.31987510729,116.0
2026-09-26 11:40:00+00:00,1.5496175280611786,1.5497609585476657,1.549091797213261,1.5491769500815271,53149.41736521,82337.85229244619,127.0
2026-09-26 11:41:00+00:00,1.5488704838467484,1.5489054078571691,1.548365181418896,1.5484410754796845,40486.21121623,62690.51243775685,123.0
2026-09-26 11:42:00+00:00,1.5482337539856192,1.5485204323610269,1.5482012354527261,1.5484260184552994,12236.4381999,18947.219281945487,56.0
2026-09-26 11:43:00+00:00,1.5483466105687853,1.5491001300761444,1.5482416771386887,1.5483522781839403,20184.544055000002,31252.784771663362,122.0
2026-09-26 11:44:00+00:00,1.548297455751114,1.5483211924174154,1.54794412060315,1.548086083894916,65753.64568411,101792.3038489277,123.0
2026-09-26 11:45:00+00:00,1.5481080348496798,1.548613855075023,1.548084161369768,1.5482948055254389,20778.05451499,32170.55387448341,91.0
2026-09-26 11:46:00+00:00,1.5480679635442063,1.5480734606240842,1.5479020697933805,1.5479918051989425,24859.48323991,38482.27633686114,57.0
2026-09-26 11:47:00+00:00,1.5480235328731555,1.5482978791903965,1.5479298834869664,1.5480501535988427,15545.639805220002,24065.430088263107,63.0
2026-09-26 11:48:00+00:00,1.5480181954473977,1.5480498535643052,1.54774713760151,1.5477911506563833,19957.40762148,30889.898906569004,72.0
2026-09-26 11:49:00+00:00,1.5479618034470226,1.548261616678294,1.5479206275680877,1.5482574188790932,5950.88065531,9213.495123447789,76.0
2026-09-26 11:50:00+00:00,1.5482032224055926,1.5482393333875364,1.5478355521592833,1.5481571169358381,17725.16569349,27441.3414172435,109.0
2026-09-26 11:51:00+00:00,1.548006520766562,1.5483370609768454,1.5475447199972099,1.547635835204378,21964.419968969996,33992.923443456595,98.0
2026-09-26 11:52:00+00:00,1.5476159218934102,1.5477517470213862,1.5475603337674604,1.5477070900509724,32247.133015080002,49909.11640125611,105.0
2026-09-26 11:53:00+00:00,1.5478976297242781,1.548392882107741,1.5477634373344915,1.5479758560571177,30001.143077480003,46441.04513805418,97.0
2026-09-26 11:54:00+00:00,1.54812932329771,1.5481417422929564,1.5472546313474953,1.5479143478121011,21363.80053616999,33069.33337373339,85.0
2026-09-26 11:55:00+00:00,1.5476404770231487,1.5479170196487566,1.547475224380523,1.5478917544753918,10487.89178822,16234.12122081591,62.0
2026-09-26 11:56:00+00:00,1.5475875887245114,1.547591300171116,1.5468185333438111,1.5468685284769126,30792.08355486,47631.30497724443,103.0
2026-09-26 11:57:00+00:00,1.5470119822745536,1.5472899604927497,1.5469009343034763,1.5472899604927497,17950.505048580006,27774.63624744226,71.0
2026-09-26 11:58:00+00:00,1.5471349598186952,1.5476025748862061,1.5467755099056821,1.5468000040078573,23879.201045469996,36936.34827283742,112.0
2026-09-26 11:59:00+00:00,1.5467481226586157,1.5467831140558674,1.5463835040038354,1.5465753333468142,13478.91678609,20846.160221601112,72.0
2026-09-26 12:00:00+00:00,1.5466174639370307,1.5466748975335236,1.5459269262208561,1.5461030398715057,23642.273369860002,36553.390726613696,100.0
2026-09-26 12:01:00+00:00,1.5459608064827286,1.5459608912504734,1.5453904098345588,1.5454147619230814,115469.78241203,178448.70629559737,121.0
2026-09-26 12:02:00+00:00,1.545517083303964,1.5461240204408184,1.5452960495494357,1.5454709057499516,162721.54863733,251481.4191575692,173.0
2026-09-26 12:03:00+00:00,1.5456139060215164,1.5458663499560208,1.5443526863430859,1.544402838927973,38415.021716849995,59328.26859698287,151.0
2026-09-26 12:04:00+00:00,1.5443885179212633,1.5445068117634688,1.5437062512872473,1.5438441958686078,40844.61021369999,63057.71441093639,126.0
2026-09-26 12:05:00+00:00,1.5437761541298114,1.5449478929337437,1.5437761541298114,1.5449101009750794,205785.56736812994,317920.2016619116,199.0
2026-09-26 12:06:00+00:00,1.5448643408807503,1.5451824234649778,1.5444364525765735,1.5451824234649778,107354.46794845999,165882.2369543947,136.0
2026-09-26 12:07:00+00:00,1.5452187263460873,1.546515635387399,1.5446271736849344,1.5453983117234338,291895.11515285005,451094.21815753175,298.0
2026-09-26 12:08:00+00:00,1.5453692183205434,1.5461402028127853,1.5453643190114386,1.5461401696534924,49421.1507533,76412.02641017808,110.0
2026-09-26 12:09:00+00:00,1.5463154420480374,1.5473076510194244,1.5455807374572104,1.5458910666446184,142258.41937749003,219916.01967064553,222.0
2026-09-26 12:10:00+00:00,1.5453525559699546,1.5458194359634765,1.5450964083140657,1.545737173531636,51834.98335431,80123.26066015055,111.0
2026-09-26 12:11:00+00:00,1.545619406400229,1.5456209124281317,1.5439472607431148,1.5440879658391513,41910.90408599999,64714.122636631495,151.0
2026-09-26 12:12:00+00:00,1.544132500098644,1.5444477358606197,1.5438996404067535,1.5442198252147488,17509.652250979998,27038.752138579366,83.0
2026-09-26 12:13:00+00:00,1.5440872776549592,1.5442251289426583,1.5440226475419054,1.5441712765739626,35871.87484689,55392.318775423555,90.0
2026-09-26 12:14:00+00:00,1.5442252332388025,1.5457565835628757,1.54422236944742,1.545430438264983,201702.0461312,311716.48155148426,204.0
2026-09-26 12:15:00+00:00,1.54537797023753,1.5469117204681746,1.54537797023753,1.5467846499756248,33828.83186302,52325.917852325656,134.0
2026-09-26 12:16:00+00:00,1.5468669998095064,1.5479891529872258,1.5468326453070596,1.5479547984847788,57416.13792962001,88877.58621861921,124.0
2026-09-26 12:17:00+00:00,1.5481206562977778,1.5487148042083956,1.5480332293143908,1.548390157548344,39065.911581,60489.27298767427,125.0
2026-09-26 12:18:00+00:00,1.548417170179691,1.5491409295325735,1.5483585864643457,1.5487339800403455,57444.36957409001,88966.04712138894,97.0
2026-09-26 12:19:00+00:00,1.5486369802022095,1.5486408241890954,1.546461330565254,1.5469391915815351,169534.1381208,262259.00257006264,195.0
2026-09-26 12:20:00+00:00,1.5468782954977056,1.5469849694425533,1.5455582260409995,1.54570938605964,37010.23582836,57207.068900176826,144.0
2026-09-26 12:21:00+00:00,1.545418862838884,1.5456994182633217,1.5443424473341096,1.5444517490207765,21758.184212490003,33604.465662496434,132.0
2026-09-26 12:22:00+00:00,1.544549735419012,1.5449585384356144,1.5430408291567728,1.544180093572177,194362.15077135,300130.1641649928,213.0
2026-09-26 12:23:00+00:00,1.544195946129274,1.5443850242119495,1.5431080923887572,1.5433965425294671,61575.14485476,95034.8656745877,145.0
2026-09-26 12:24:00+00:00,1.5432189149999653,1.5432985054678314,1.5425789515618586,1.5432112116146,14822.26843943,22873.890837289615,90.0
2026-09-26 12:25:00+00:00,1.5429618050615943,1.5429885083385921,1.542167128579603,1.5423187111131815,30951.80387596,47737.5462605986,123.0
2026-09-26 12:26:00+00:00,1.5421472123644837,1.5422473739282032,1.5400138317518843,1.5410958071072054,524070.9586664501,807643.5570275198,340.0
2026-09-26 12:27:00+00:00,1.5412458508312785,1.541623949065362,1.5406127362547026,1.5407078633787972,150011.25367709,231123.51813560404,222.0
2026-09-26 12:28:00+00:00,1.5408292156546586,1.5411355510130156,1.54060686416916,1.5408705983251014,69937.0795804,107763.98965816117,167.0
2026-09-26 12:29:00+00:00,1.5408347947941938,1.5409753578545797,1.5403680323737807,1.5405803260847029,84627.03729638,130374.74871363942,141.0
2026-09-26 12:30:00+00:00,1.540490210249412,1.5408870989256422,1.5404033970810418,1.5407403135470294,13350.133570240001,20569.0889829063,90.0
2026-09-26 12:31:00+00:00,1.5409861834541485,1.5415523809808542,1.5407697223641692,1.5413697795275767,309289.9996546201,476730.258577726,318.0
2026-09-26 12:32:00+00:00,1.5413741941897952,1.5425172223352823,1.5413741941897952,1.542506694909255,19214.423669959993,29638.377149736145,104.0
2026-09-26 12:33:00+00:00,1.542583290140708,1.5433369743638596,1.5423205321601356,1.542979465436082,46737.86201056001,72115.56134067925,158.0
2026-09-26 12:34:00+00:00,1.5430051710887565,1.5436690210472948,1.5428837982722623,1.5434296836390673,37869.691546899994,58449.206043740916,109.0
2026-09-26 12:35:00+00:00,1.5435107603005251,1.5442818969230003,1.543399999462923,1.5439602350840589,16937.3434583,26150.584787576317,115.0
2026-09-26 12:36:00+00:00,1.544081916924432,1.544156426944436,1.5434086741026583,1.543660089412916,22789.57968976,35179.3646215777,106.0
2026-09-26 12:37:00+00:00,1.543631417165394,1.5436988103547264,1.5412214902767074,1.541423669844705,62942.09405610003,97020.43360766431,187.0
2026-09-26 12:38:00+00:00,1.5413737101494123,1.5413737101494123,1.5399004469524047,1.540386205619747,130353.90408616,200795.35570300044,156.0
2026-09-26 12:39:00+00:00,1.5403775842582224,1.540809763166827,1.5401351322301895,1.5407900242780515,26143.381335550002,40281.46116271245,116.0
2026-09-26 12:40:00+00:00,1.540825056085252,1.5408294326174425,1.5398430988087095,1.5402236005857637,23447.605440000007,36114.55527591115,109.0
2026-09-26 12:41:00+00:00,1.5401591476545113,1.5401591476545113,1.5386467853587535,1.538955641308845,28951.748875009995,44555.45725695364,108.0
2026-09-26 12:42:00+00:00,1.5391039065559802,1.5398374167621858,1.538827015121981,1.5389584600065027,15059.337486139999,23175.69482638821,140.0
2026-09-26 12:43:00+00:00,1.5391741248336541,1.539905767434624,1.5390934112560617,1.539451099859915,9894.783855700009,15232.535889533508,112.0
2026-09-26 12:44:00+00:00,1.5394567050186145,1.540124539062917,1.539423582097056,1.54006792141989,24043.402833870008,37028.47342621928,87.0
2026-09-26 12:45:00+00:00,1.5399306565198883,1.5410023343957833,1.539709647992,1.5404907619512642,19471.626851209992,29995.861284451177,158.0
2026-09-26 12:46:00+00:00,1.540663557375939,1.5414682011435155,1.540663552159128,1.5411257579656703,73904.75257573,113896.51783053722,177.0
2026-09-26 12:47:00+00:00,1.540975880689569,1.5414934475702347,1.540309577550353,1.541316408437921,23162.39580136,35700.58070736977,119.0
2026-09-26 12:48:00+00:00,1.5414712415467575,1.5419390683113856,1.54117827236185,1.5413340916303129,47444.363075170004,73127.61426344591,140.0
2026-09-26 12:49:00+00:00,1.5414301210618102,1.5415516483577085,1.5408209444351004,1.5413776250227007,19588.394731349996,30193.11334901544,98.0
2026-09-26 12:50:00+00:00,1.5413304362018243,1.5415376742922933,1.541099624696014,1.5414243253121667,28070.04025538,43267.84286213448,94.0
2026-09-26 12:51:00+00:00,1.5413905650806032,1.5414904678600003,1.5407994139626033,1.5411834771988497,131010.009352,201910.46176096916,182.0
2026-09-26 12:52:00+00:00,1.5413068557466516,1.5413180909260071,1.5408495970919764,1.5411918036740446,13429.441992850001,20697.34592729645,76.0
2026-09-26 12:53:00+00:00,1.5412032020694093,1.5416294617952393,1.5410136512660428,1.541528215921051,37373.773127140004,57612.72581091825,84.0
2026-09-26 12:54:00+00:00,1.541372380326794,1.5413724070497221,1.540644543978109,1.5408147747756802,48321.44106759003,74454.39033539503,141.0
2026-09-26 12:55:00+00:00,1.540818702708226,1.5411059541899168,1.5406332037003607,1.541090534947417,16852.228774850006,25970.81025768985,74.0
2026-09-26 12:56:00+00:00,1.540957934432699,1.540957934432699,1.540521270519635,1.5407018431269754,24655.834055420004,37987.28897301845,92.0
2026-09-26 12:57:00+00:00,1.540824545225365,1.5416018701573662,1.540676859088299,1.541528946847127,7332.883048580002,11303.85148323068,98.0
2026-09-26 12:58:00+00:00,1.541667072360691,1.5428319754655138,1.5413122482280526,1.5427408477502218,27129.12390244,41853.20760797109,138.0
2026-09-26 12:59:00+00:00,1.5426947254517431,1.5427572872270918,1.5422522374124061,1.5426202061398784,29580.88996488,45632.078575424246,98.0
2026-09-26 13:00:00+00:00,1.5424419551395032,1.5435172887267388,1.542358188770272,1.5435172887267388,27124.327048329997,41866.86774417566,115.0
2026-09-26 13:01:00+00:00,1.5438095578990214,1.544310022555597,1.5436218320651165,1.5441020609288874,29783.29307125,45988.44421256617,156.0
2026-09-26 13:02:00+00:00,1.5440984692343853,1.5459887475385463,1.5439570668887446,1.5459256992914787,35994.16067455,55644.298011213556,163.0
2026-09-26 13:03:00+00:00,1.5460535113984302,1.54633967295881,1.5447518236100044,1.544886208976251,300668.97987875994,464499.3604816541,291.0
2026-09-26 13:04:00+00:00,1.5450314203882125,1.5451568784981509,1.5448821564566875,1.5449210193316474,88383.41028046,136545.38830249547,130.0
2026-09-26 13:05:00+00:00,1.5446446476646378,1.5457571748735297,1.544461117765359,1.5457514087760489,72176.90907597002,111567.55888528144,179.0
2026-09-26 13:06:00+00:00,1.5459370370711532,1.547639841554496,1.5457159435427505,1.5476361191538364,87598.70687946002,135570.92275782197,189.0
2026-09-26 13:07:00+00:00,1.54776458450573,1.5482615604807282,1.5468355836005052,1.5468355836005052,58593.52197637999,90634.54476154277,178.0
2026-09-26 13:08:00+00:00,1.5467575885442182,1.5470873825442946,1.5450402658545557,1.5452866879316578,100112.30098557002,154702.20601120873,187.0
2026-09-26 13:09:00+00:00,1.5451313733909386,1.5455801062199637,1.544534799059316,1.5446981635559391,21058.83804921,32529.548461236624,110.0
2026-09-26 13:10:00+00:00,1.5446136568772062,1.5446136568772062,1.54199489873348,1.5420673780018241,55865.914051060005,86149.00360039336,197.0
2026-09-26 13:11:00+00:00,1.542068244963779,1.5421396442803081,1.5390383959071858,1.5399528930363702,255587.04720804008,393592.0127706446,361.0
2026-09-26 13:12:00+00:00,1.5399603813741796,1.5423167426958677,1.5392227325167607,1.5416717963012223,283230.7831023501,436648.9101532019,370.0
2026-09-26 13:13:00+00:00,1.5413275793858836,1.5413275793858836,1.5398754373065902,1.5405858672553328,35922.1234135,55341.11565263999,145.0
2026-09-26 13:14:00+00:00,1.540704878699966,1.5415426048448004,1.5405302278121087,1.5406432198143019,63644.26286420997,98053.10206182426,170.0
2026-09-26 13:15:00+00:00,1.5408290895786187,1.541675931107327,1.5386159387185077,1.539078003903858,441676.83424551995,679775.10042117,361.0
2026-09-26 13:16:00+00:00,1.5390374858209857,1.5392818438678768,1.5376447379856444,1.5383645140979558,153041.07191249,235432.954229688,246.0
2026-09-26 13:17:00+00:00,1.5384855629666545,1.5394802581125235,1.5382308501865993,1.5393438073150252,42017.784075330004,64679.815713459124,119.0
2026-09-26 13:18:00+00:00,1.5394597621422643,1.5394597621422643,1.5386785928306457,1.5388892596586892,18816.07494545,28955.85564248596,121.0
2026-09-26 13:19:00+00:00,1.5388216286994483,1.5399300726206788,1.5387574672170778,1.539684862982581,25694.376549780005,39561.24263747087,123.0
2026-09-26 13:20:00+00:00,1.53960247727606,1.5415569729668093,1.5390444956240197,1.5401704202976416,307299.7908397899,473294.0480150966,300.0
2026-09-26 13:21:00+00:00,1.5402878906230097,1.540828268116218,1.5402279785198976,1.5404306285745986,8487.473505400001,13074.364146933574,96.0
2026-09-26 13:22:00+00:00,1.5403325745202316,1.5403325745202316,1.5380007900600066,1.5385344074122362,288565.46023609996,443967.88936398725,367.0
2026-09-26 13:23:00+00:00,1.5384177092297133,1.5388159151101868,1.5377475328225982,1.5388139128205627,16815.3020907,25875.620805449853,111.0
2026-09-26 13:24:00+00:00,1.538876477575251,1.5389982520397134,1.5378549129250358,1.5379090752300169,26773.160847600004,41174.687040117016,123.0
2026-09-26 13:25:00+00:00,1.5380001687744664,1.5385721802052064,1.537454520719027,1.538200112003369,85617.34356275,131696.60745765298,194.0
2026-09-26 13:26:00+00:00,1.5382702855441042,1.5383597096588517,1.5374119471676897,1.5381681857985172,31898.708831440013,49065.57909257123,154.0
2026-09-26 13:27:00+00:00,1.5381771720589748,1.5382173828260124,1.5369821696950605,1.5373100483685573,182559.84804329995,280651.0888256019,205.0
2026-09-26 13:28:00+00:00,1.5375344674213984,1.537540840475271,1.5366243184715227,1.5368485163663723,218375.85618080996,335610.6105817141,221.0
2026-09-26 13:29:00+00:00,1.5369318020083196,1.53947506520626,1.5369318020083196,1.5394462463226457,45491.228128029994,70031.30038230293,163.0
2026-09-26 13:30:00+00:00,1.539258081470721,1.5393527932291773,1.53809215058961,1.5382759145556397,27966.45263697,43020.120507012005,157.0
2026-09-26 13:31:00+00:00,1.5382738804934868,1.5400856821397353,1.5382738804934868,1.5400327845222896,39697.55277681001,61135.53274159127,142.0
2026-09-26 13:32:00+00:00,1.5400440097017996,1.5401281812301393,1.5382869579817,1.5385745761035043,26631.56715482001,40974.65214619921,148.0
2026-09-26 13:33:00+00:00,1.538761207536024,1.539006853722686,1.537760575358361,1.5379424317724089,23116.139741700004,35551.29216754093,130.0
2026-09-26 13:34:00+00:00,1.5379672886444575,1.5384013368021763,1.5376877817287542,1.537935244903976,103753.50788915997,159566.17656516185,167.0
2026-09-26 13:35:00+00:00,1.5379865393794785,1.5382249115028173,1.5375100323025004,1.5378586946282309,15089.863555979999,23206.077870317516,123.0
2026-09-26 13:36:00+00:00,1.5375461933103667,1.5385443040202045,1.5370687429465424,1.5384451897997742,100677.21137368001,154886.37156029313,198.0
2026-09-26 13:37:00+00:00,1.5382260343351257,1.5397038402452456,1.538201933129613,1.5396997083290573,19396.606605070006,29864.949532399754,158.0
2026-09-26 13:38:00+00:00,1.5397298062412028,1.5397736448182457,1.5393480789229168,1.5396910193632023,6542.861396380001,10073.984932944468,77.0
2026-09-26 13:39:00+00:00,1.539514531348678,1.5401491815493613,1.539306202676114,1.539897595917193,7735.384886149999,11911.700589676573,111.0
2026-09-26 13:40:00+00:00,1.5397582549661781,1.5399157770655028,1.5394801451284237,1.5396600398213882,17302.32269507,26639.694849693988,105.0
2026-09-26 13:41:00+00:00,1.5393519634978594,1.5393979076314122,1.5380226175247733,1.5382046097494944,77481.05425095999,119181.71481707731,183.0
2026-09-26 13:42:00+00:00,1.5380549869160136,1.5385837750369298,1.5379710025312638,1.538391565333292,32698.30403828001,50302.79513319349,107.0
2026-09-26 13:43:00+00:00,1.5382007345395101,1.538997838788968,1.538100679271223,1.538499894644355,101212.13202759,155714.85446117778,118.0
2026-09-26 13:44:00+00:00,1.53846840505344,1.5390970934196364,1.5384354690398478,1.5390970934196364,14955.541964110005,23018.03116747711,113.0
2026-09-26 13:45:00+00:00,1.5393831704090426,1.5396662342830727,1.5385530794342213,1.5395674042579106,25298.27904867,38948.405807153154,115.0
2026-09-26 13:46:00+00:00,1.5396710275600383,1.5397524032137964,1.5392989289891221,1.5392989289891221,8410.22384822,12945.848562123818,69.0
2026-09-26 13:47:00+00:00,1.5392403841594369,1.5401025832680877,1.5391698481450338,1.5394547083312882,15347.303294049998,23626.478316213557,156.0
2026-09-26 13:48:00+00:00,1.5392052409168215,1.5403880080146148,1.5391081813169094,1.5403880080146148,21679.046235529997,33394.142846404786,121.0
2026-09-26 13:49:00+00:00,1.5401410780629217,1.5404837735952182,1.5396726728871117,1.5398586897643383,25695.85516057,39567.98585992953,111.0
2026-09-26 13:50:00+00:00,1.5400031771462428,1.5413383922186554,1.5398518211809296,1.5411113582706855,36099.09208725999,55632.7208389358,177.0
2026-09-26 13:51:00+00:00,1.5409608282415248,1.5410139701717818,1.5399069745345306,1.5399601164647878,10504.304516219998,16176.210006179745,94.0
2026-09-26 13:52:00+00:00,1.5398502267648713,1.5399222478798251,1.5393479290763423,1.5398722721048426,19536.401426200006,30083.56285291489,125.0
2026-09-26 13:53:00+00:00,1.5399643564934657,1.5407597249444165,1.5399643564934657,1.5404859412996912,22561.825440640012,34756.17490136365,116.0
2026-09-26 13:54:00+00:00,1.5403042246317245,1.541290693837868,1.5402005798602634,1.5410949895811725,35765.74949015,55118.41733788555,141.0
2026-09-26 13:55:00+00:00,1.5410701683919685,1.5415655109074995,1.5408863930517358,1.5414789906484612,20058.61430595,30919.932534142587,110.0
2026-09-26 13:56:00+00:00,1.5414959932672248,1.5422833878949427,1.5414682167777003,1.5420674454612677,28019.743433860007,43208.334179532634,133.0
2026-09-26 13:57:00+00:00,1.5420162261622865,1.5420801760673202,1.5417447895776988,1.5420232875245194,7811.666087039999,12045.771020581218,79.0
2026-09-26 13:58:00+00:00,1.5419818103032175,1.5421676607442425,1.5402123791594073,1.5408342460576452,134951.00764793006,207937.13412391781,196.0
2026-09-26 13:59:00+00:00,1.5408185420378344,1.5422058066370552,1.5405458566512276,1.5411693674310383,215928.15068702993,332781.85140488384,253.0
2026-09-26 14:00:00+00:00,1.5411007429745704,1.5411454303628496,1.5398137946719055,1.5407196943501,304631.76676161995,469352.162574294,276.0
2026-09-26 14:01:00+00:00,1.5406861974157309,1.5413557095376362,1.5404054482393048,1.5411160761736458,36627.83492603,56447.74523993937,158.0
2026-09-26 14:02:00+00:00,1.5408073913938767,1.5408810788932967,1.5398989999875345,1.5399527145227259,17062.15019517,26274.9045086465,142.0
2026-09-26 14:03:00+00:00,1.53995498064977,1.5406956314118492,1.5399278058113564,1.5404310697458554,45732.08133965,70447.11897974153,159.0
2026-09-26 14:04:00+00:00,1.5405770225796371,1.5422781835119783,1.5402144511614002,1.541338762076922,125356.23307714,193216.42110974508,254.0
2026-09-26 14:05:00+00:00,1.5411388838689275,1.5411388838689275,1.5404028095318003,1.5405686077328222,35206.042708580004,54237.324199339375,122.0
2026-09-26 14:06:00+00:00,1.5406076659517451,1.540689673788889,1.5399616977638644,1.5406834201808421,20573.062929750005,31696.576958202935,134.0
2026-09-26 14:07:00+00:00,1.5406972427503616,1.5409810493349823,1.5404438025063087,1.5407979232170064,13860.22034515,21355.79872313722,105.0
2026-09-26 14:08:00+00:00,1.540608581130865,1.5408974416065617,1.5405049015827494,1.540605070526607,13410.84727367001,20660.81930987394,85.0
2026-09-26 14:09:00+00:00,1.5406194843696033,1.5414753130801846,1.5402790181472132,1.5414751967663047,46163.90248371,71160.51066457738,180.0
2026-09-26 14:10:00+00:00,1.5414051133375581,1.5422073833521088,1.5410927015686202,1.5421266251213788,12414.3007609,19144.42373564848,84.0
2026-09-26 14:11:00+00:00,1.5421032139886026,1.5432026892282935,1.5421005015194518,1.5426427877274165,50484.41069152002,77879.41204594223,121.0
2026-09-26 14:12:00+00:00,1.542602717229276,1.5429987189075363,1.5418051666083121,1.5422969196174487,65492.483803650015,101008.85602846507,129.0
2026-09-26 14:13:00+00:00,1.542304760872959,1.5437677097017364,1.542304760872959,1.5436696246191846,43205.87035000002,66695.58966452969,175.0
2026-09-26 14:14:00+00:00,1.5436374137535307,1.5448407362790515,1.5434614859051492,1.5443534621774597,77773.78636599,120110.21624096678,152.0
2026-09-26 14:15:00+00:00,1.5441543132088569,1.5451173096447706,1.5440864235681089,1.5451103237702666,48556.70736353,75025.46983568191,169.0
2026-09-26 14:16:00+00:00,1.544953938076607,1.5450135290981972,1.5440012192597368,1.5443136370464803,32011.31636608,49435.51240394652,145.0
2026-09-26 14:17:00+00:00,1.5441638000317641,1.5444346410919834,1.5434980049537563,1.5436182252345851,55666.65103560001,85928.05707632586,171.0
2026-09-26 14:18:00+00:00,1.543601648749855,1.5439928632159823,1.5435018658193198,1.54379624037602,15913.252713540005,24566.819711316555,94.0
2026-09-26 14:19:00+00:00,1.5437931225366994,1.5439788524828753,1.543509593811511,1.5439260240283408,66446.40769038002,102588.33803637458,107.0
2026-09-26 14:20:00+00:00,1.543788115854883,1.5445745501714108,1.5435954729048955,1.5445742995895755,27683.898528569996,42759.83817967488,116.0
2026-09-26 14:21:00+00:00,1.5445081470852213,1.5449527307573354,1.544452372570201,1.5446420261651137,23267.629168220003,35940.15786245785,109.0
2026-09-26 14:22:00+00:00,1.5447164145308718,1.5450907054583265,1.544501109842161,1.5447593003277718,8130.934696499999,12560.336992776141,78.0
2026-09-26 14:23:00+00:00,1.5446127330678172,1.5446838569930612,1.544081059595644,1.5442232598330432,23110.73084253,35688.12811877573,94.0
2026-09-26 14:24:00+00:00,1.5441390364275578,1.544538037958492,1.5431452281221096,1.5434661250780939,92720.93748183001,143111.62608868835,174.0
2026-09-26 14:25:00+00:00,1.5432569426643408,1.543797977183773,1.5428602068395398,1.5431040016090625,22732.99983935,35079.38302067916,106.0
2026-09-26 14:26:00+00:00,1.5431794678527848,1.543563717367294,1.5427042293823248,1.542884521471074,25383.391036269993,39163.64113230858,112.0
2026-09-26 14:27:00+00:00,1.5427230911820937,1.543171614566188,1.5427025345094745,1.542789592388412,11395.35128359,17580.629361932584,67.0
2026-09-26 14:28:00+00:00,1.5430071904771425,1.5433964757276721,1.542805438710063,1.5431978437149265,24469.74443254001,37761.65684455107,102.0
2026-09-26 14:29:00+00:00,1.5430283094025667,1.5442727283270599,1.542943676357976,1.544018799197885,37488.259611209985,57882.57758891902,137.0
2026-09-26 14:30:00+00:00,1.5441793171324065,1.5442748071860195,1.5431203888249998,1.5432852745756838,17763.310444200004,27413.855436250313,95.0
2026-09-26 14:31:00+00:00,1.543399935250451,1.5454747587993938,1.5433816109737473,1.5454680597643085,85674.24047228001,132406.80219447537,169.0
2026-09-26 14:32:00+00:00,1.5451759457330325,1.5459275253392764,1.5451124624505665,1.5456323128846348,26059.86879625,40278.975281018014,110.0
2026-09-26 14:33:00+00:00,1.5456908031856693,1.5457575971415602,1.545260768249625,1.545640368145209,37959.29330312001,58671.41607556638,102.0
2026-09-26 14:34:00+00:00,1.545658704309873,1.54580298585312,1.5444573209794819,1.5446085733125745,17593.5189081,27175.100140188144,106.0
2026-09-26 14:35:00+00:00,1.5446127036044421,1.544857045702595,1.5441464597658943,1.5446042575763115,21478.83976118,33176.30734291799,109.0
2026-09-26 14:36:00+00:00,1.5445760308183258,1.5446608574285734,1.5443122028014682,1.5445534496442659,24969.717356219993,38567.06307919189,87.0
2026-09-26 14:37:00+00:00,1.544596322878312,1.5451788349858122,1.5445944566648393,1.5451775659606508,19606.545841640007,30295.594780481224,91.0
2026-09-26 14:38:00+00:00,1.5449998714928332,1.5453626112529535,1.5449156984975907,1.5449498332224936,7138.743591839999,11029.000721631352,90.0
2026-09-26 14:39:00+00:00,1.5449626929418065,1.5451227582877767,1.5435990695202726,1.5439927889258855,43480.57816287,67133.6991417996,144.0
2026-09-26 14:40:00+00:00,1.5438995380206757,1.5452564298140419,1.5437765192305928,1.545151206017854,26684.309912220007,41231.29364262092,130.0
2026-09-26 14:41:00+00:00,1.5451313696552935,1.5458119862348192,1.5451313696552935,1.5458068837677401,7901.88253331,12214.784414714668,78.0
2026-09-26 14:42:00+00:00,1.5456416868777758,1.5458562335605412,1.5454203478720099,1.5458559246761485,10029.320849519998,15503.885055708512,89.0
2026-09-26 14:43:00+00:00,1.5456135783353917,1.5460442774116585,1.5452280318460598,1.5456527009455556,16149.243212680005,24961.121389905533,83.0
2026-09-26 14:44:00+00:00,1.5454670143313838,1.5455582187912056,1.5441546421985013,1.5452950541024277,140654.49578350002,217352.69667151337,195.0
2026-09-26 14:45:00+00:00,1.545110352538913,1.5451577753668742,1.5439493856295212,1.5443640112219297,44049.10683821,68027.85532740132,121.0
2026-09-26 14:46:00+00:00,1.5444569961694583,1.545363232292401,1.5442073685244035,1.5449105966281858,34482.026024440005,53271.647398366236,78.0
2026-09-26 14:47:00+00:00,1.5449885672619386,1.5451298085767673,1.5446897325141118,1.545117959486868,42950.31425681,66363.301923802,108.0
2026-09-26 14:48:00+00:00,1.544899575049223,1.5450844120639478,1.5446161798734455,1.544799551047566,20743.90541395,32045.175770443137,77.0
2026-09-26 14:49:00+00:00,1.544694366910669,1.5451209618168056,1.54445400946703,1.5446917673648253,25178.167887530002,38892.50865319701,108.0
2026-09-26 14:50:00+00:00,1.544992551729793,1.5466758881397458,1.544703459224332,1.5463872480290826,186233.0920914499,287988.4787712439,245.0
2026-09-26 14:51:00+00:00,1.5461448789631054,1.5463779778559097,1.54588977439847,1.5460103614449272,10869.493808799994,16804.35005206628,70.0
2026-09-26 14:52:00+00:00,1.5458040899819967,1.5466941597690684,1.5457075383411902,1.546106800479927,14392.87600493,22252.923469686637,114.0
2026-09-26 14:53:00+00:00,1.5463158065738862,1.546544693875423,1.545526152057548,1.545911803987194,17428.59622664001,26943.07263368946,122.0
2026-09-26 14:54:00+00:00,1.5458589002737742,1.5460058706102648,1.5454254514478842,1.5455804963964228,15060.717768460003,23277.551644662835,123.0
2026-09-26 14:55:00+00:00,1.545324280100543,1.5459498497694795,1.5451159485898385,1.5455761339810028,58583.438410060015,90545.16425313475,137.0
2026-09-26 14:56:00+00:00,1.5455534840794574,1.5460035352839379,1.5454431722189745,1.545965614609917,13868.109484249995,21439.62040229616,107.0
2026-09-26 14:57:00+00:00,1.5459499822952025,1.5461338120501245,1.545372126553196,1.5456805514568357,14515.010381899996,22435.56925149688,98.0
2026-09-26 14:58:00+00:00,1.545692699465142,1.5456927933929145,1.5450996892888709,1.545397175202209,18868.605874999994,29159.4902192288,84.0
2026-09-26 14:59:00+00:00,1.5454862892597079,1.5459496337875516,1.5453995806233032,1.545947170264925,17857.203553,27606.293301605114,69.0
2026-09-26 15:00:00+00:00,1.5458322938638278,1.5459528533029523,1.545093862409003,1.5454830733482818,31393.31366093,48517.8348792807,135.0
2026-09-26 15:01:00+00:00,1.5453745219709611,1.5454981881558219,1.5442260033967459,1.54467956651978,31947.075485920002,49347.99471316559,128.0
2026-09-26 15:02:00+00:00,1.5450054252107073,1.5452691331111401,1.5446503335196122,1.5449240172258525,19840.839699139997,30652.589773129537,105.0
2026-09-26 15:03:00+00:00,1.5450240407180118,1.5450711103852295,1.5445577248379667,1.5447278236277366,26690.862010779994,41230.11718466041,119.0
2026-09-26 15:04:00+00:00,1.5446999390708376,1.5453994593232558,1.5446001394149347,1.5451998858057527,74435.15012226996,115017.1854688656,117.0
2026-09-26 15:05:00+00:00,1.5455337473588768,1.54633424452933,1.5452949240558664,1.5461738782278038,15416.85799614,23837.14311797911,137.0
2026-09-26 15:06:00+00:00,1.5463702783159927,1.5474573495378106,1.546017884741769,1.5466644639958071,106951.05080116,165417.3896611645,172.0
2026-09-26 15:07:00+00:00,1.546697011510239,1.5469596074286156,1.5454010471630526,1.5455536989275578,13016.568294939998,20117.80527558769,100.0
2026-09-26 15:08:00+00:00,1.5458850453525375,1.5466246995877757,1.5458850453525375,1.5463389103484062,12233.463922949999,18917.08127240104,92.0
2026-09-26 15:09:00+00:00,1.5465358870956913,1.5471379284526938,1.5464584630933311,1.5469800238746587,29478.723418159996,45602.99625721961,77.0
2026-09-26 15:10:00+00:00,1.5469274357671963,1.5469274357671963,1.5461067868642695,1.5465472574412171,98214.65936782,151893.61208582536,144.0
2026-09-26 15:11:00+00:00,1.5464817668033006,1.5471091105907906,1.5464817668033006,1.5469685760604734,17939.906856380003,27752.472164271698,90.0
2026-09-26 15:12:00+00:00,1.5470332252399537,1.547099860509261,1.5468312289127337,1.5469282289473116,13113.94471698,20286.331275550827,77.0
2026-09-26 15:13:00+00:00,1.5469466523288078,1.547834032391037,1.5469460008175757,1.5471808137157876,29519.602492500002,45672.162604912744,138.0
2026-09-26 15:14:00+00:00,1.547302519103703,1.5487618203056885,1.547034170652597,1.5486485179371123,94375.13750555002,146153.91682808124,174.0
2026-09-26 15:15:00+00:00,1.548506796501804,1.549117887680018,1.5482461635854585,1.5489715045857384,19633.49079733,30411.7177806105,101.0
2026-09-26 15:16:00+00:00,1.5490490544887539,1.5498590006652897,1.5489166801510934,1.5496713136110103,88161.06965982002,136620.68062908508,126.0
2026-09-26 15:17:00+00:00,1.5496716742615912,1.5499460442416937,1.549406112933062,1.549942902845416,8198.036071220002,12706.487825858158,75.0
2026-09-26 15:18:00+00:00,1.5498278683757547,1.5498947016418396,1.548577336409934,1.5485773686222655,19932.69205358,30867.31580989086,127.0
2026-09-26 15:19:00+00:00,1.5485800312316442,1.5488632118058514,1.5479817691216184,1.5488476369551132,37313.95538703,57793.631626649934,205.0
2026-09-26 15:20:00+00:00,1.5487813717714145,1.5492771028146353,1.5484731173335176,1.548924062843826,67415.20780246003,104421.0375668472,174.0
2026-09-26 15:21:00+00:00,1.5490821635521914,1.5491860652771727,1.5482176477518166,1.5488031234323028,114088.46274138986,176700.5674414545,209.0
2026-09-26 15:22:00+00:00,1.548536665545272,1.548536665545272,1.5475904343611646,1.5480053325913061,17983.605208830006,27838.716762485637,115.0
2026-09-26 15:23:00+00:00,1.5478025752695714,1.5484944594253574,1.547603024447964,1.547800655087532,56407.01358899,87306.81258457004,149.0
2026-09-26 15:24:00+00:00,1.547729475907592,1.549658131448997,1.547729307211176,1.5492884061345789,97005.06035284995,150288.81534105554,223.0
2026-09-26 15:25:00+00:00,1.5491724354611758,1.549681578768427,1.5483190137962177,1.548690884541224,68195.75401049001,105614.14260046149,179.0
2026-09-26 15:26:00+00:00,1.5489776498381194,1.549786152785807,1.5489129177840695,1.5494721891975698,12875.153891680002,19949.692886797024,145.0
2026-09-26 15:27:00+00:00,1.549410352124474,1.5499803502968832,1.5491195757981104,1.5498846706487182,23966.5454599,37145.381416704644,140.0
2026-09-26 15:28:00+00:00,1.549851606394262,1.5500978266575531,1.549783623737563,1.5499673755635262,16507.394298810003,25585.922618718854,118.0
2026-09-26 15:29:00+00:00,1.5499332714733483,1.5500841421783762,1.5497301501256644,1.5500838851365266,27364.56056323,42417.36435290534,118.0
2026-09-26 15:30:00+00:00,1.5499733177475359,1.5506630399069103,1.5497419104756422,1.5498440099211757,292111.04381110007,452726.5514824556,265.0
2026-09-26 15:31:00+00:00,1.549734264903811,1.5503784521871384,1.5494347466778855,1.5500907616292823,37128.79527768,57553.002550356694,150.0
2026-09-26 15:32:00+00:00,1.5502400940461016,1.5510924016765153,1.5498164107521264,1.5510709662258533,34250.40288903,53124.80550271252,163.0
2026-09-26 15:33:00+00:00,1.5512169774748277,1.5515221954850318,1.550678212174422,1.5510680233460332,19934.936210239997,30920.442103146215,136.0
2026-09-26 15:34:00+00:00,1.551044462567262,1.55158718740081,1.5508486480689134,1.551237912286214,106671.28600888999,165472.54300931614,194.0
2026-09-26 15:35:00+00:00,1.551661091438657,1.55362076886013,1.5502982178563909,1.553620240258248,227283.10354602002,353111.62993780785,357.0
2026-09-26 15:36:00+00:00,1.5534198594418207,1.5537768118705868,1.552819399075886,1.552850218146248,193750.27536046,300865.1573593859,215.0
2026-09-26 15:37:00+00:00,1.5531682435403644,1.553170908531086,1.5517044600786976,1.5523992277845298,46580.43114535,72311.4253399118,156.0
2026-09-26 15:38:00+00:00,1.5524211270158053,1.5526200631424176,1.5512891043383095,1.5521275764085256,13004.570407069998,20184.75234815959,124.0
2026-09-26 15:39:00+00:00,1.55233269565576,1.5525037561744282,1.552067001131482,1.5523708734483828,23496.806825420004,36475.758534825174,117.0
2026-09-26 15:40:00+00:00,1.5524464752037455,1.5535029855201734,1.5508236207724342,1.5508236207724342,151561.88155311014,235045.74592127706,292.0
2026-09-26 15:41:00+00:00,1.5511688600958935,1.5516113301022005,1.5508256544296,1.5509558763006093,54196.0418122,84055.6695208651,134.0
2026-09-26 15:42:00+00:00,1.550827126034699,1.5518637040384708,1.550827126034699,1.5517854109863736,173987.48843725002,269991.24625108496,170.0
2026-09-26 15:43:00+00:00,1.5517762083299058,1.5517799287105103,1.5512070841922583,1.5513953279440573,21363.51806802,33143.26211917468,114.0
2026-09-26 15:44:00+00:00,1.551318677036536,1.552178622408968,1.5513119125449548,1.5519407182353402,96490.34937804,149747.30211653432,167.0
2026-09-26 15:45:00+00:00,1.5520179452448883,1.5526858517962911,1.551341929964625,1.5515413459025638,73597.73601351002,114189.93038978292,162.0
2026-09-26 15:46:00+00:00,1.5512511937099078,1.551505884930549,1.5507381658423864,1.5512014796156075,47555.74402494,73768.54049570802,141.0
2026-09-26 15:47:00+00:00,1.550953110244172,1.5510666572772909,1.550241636485067,1.5506218009194142,3721.9477078000004,5771.333257596722,81.0
2026-09-26 15:48:00+00:00,1.5503025593018496,1.5503488481094208,1.5498822206639797,1.550086860388617,20215.281483779996,31335.44220706468,109.0
2026-09-26 15:49:00+00:00,1.5499988122653137,1.550038678888049,1.5493546056745329,1.5494214022167752,64798.675708250004,100400.45497766681,98.0
2026-09-26 15:50:00+00:00,1.5490889923466113,1.5495156455888455,1.5489985069844339,1.5495156455888455,28333.184118339992,43902.71208071722,127.0
2026-09-26 15:51:00+00:00,1.5496398198981005,1.5501774754171462,1.5492082557411322,1.5492086656322277,65472.79248690001,101431.01748384611,165.0
2026-09-26 15:52:00+00:00,1.5491685638265642,1.5518848363772761,1.5485466868017492,1.5515563976377713,578986.7978943498,898330.6704207857,437.0
2026-09-26 15:53:00+00:00,1.5516128231716695,1.5519541799898486,1.550094260831861,1.5511383176824178,245152.19910465993,380264.96969534736,262.0
2026-09-26 15:54:00+00:00,1.5512884088186207,1.5525943154803148,1.5512247253077112,1.5525943154803148,16843.61947194,26151.307844247585,120.0
2026-09-26 15:55:00+00:00,1.5526994368151241,1.5530782426388576,1.5516961136280878,1.5517641947162235,69485.90785400002,107825.74384518804,150.0
2026-09-26 15:56:00+00:00,1.5517477637958965,1.5524578058466445,1.5517477637958965,1.5524578058466445,9835.100301120001,15268.57823375843,76.0
2026-09-26 15:57:00+00:00,1.552511876539791,1.5527336533776568,1.552042942409099,1.5523174762885363,51393.80727728,79779.5052095267,153.0
2026-09-26 15:58:00+00:00,1.5523043553101683,1.5523511736692912,1.5518255748134773,1.5521832536596327,20854.386635439998,32369.829700873215,104.0
2026-09-26 15:59:00+00:00,1.5518448077519151,1.5523844134225198,1.5517186687071098,1.5523530791965474,13663.08650873,21209.93441315582,93.0
2026-09-26 16:00:00+00:00,1.5524520795699581,1.5524755230910585,1.5504276311081684,1.5506557898421507,40774.35635146999,63226.99175349402,199.0
2026-09-26 16:01:00+00:00,1.5508422882232689,1.5514770483417537,1.5501439834432031,1.5502893607994175,73427.60701465003,113834.03794377261,184.0
2026-09-26 16:02:00+00:00,1.5504391422746062,1.5504976654133986,1.549663065527641,1.5499412676112716,34838.59615786999,53997.777890726196,124.0
2026-09-26 16:03:00+00:00,1.5496918742840518,1.5505110807518843,1.5494720572995868,1.5505110807518843,28640.84634779,44407.94962436053,151.0
2026-09-26 16:04:00+00:00,1.5504308089546077,1.5504308089546077,1.5497243693008014,1.5498218222220213,11228.56423184,17402.27387872728,73.0
2026-09-26 16:05:00+00:00,1.5496098334513269,1.550361927596385,1.5496098334513269,1.5499599315886052,30632.692132350003,47479.44540183202,145.0
2026-09-26 16:06:00+00:00,1.550103662414005,1.5501065010620207,1.5492860935884214,1.5494752054823033,20414.32043931,31631.483357481444,122.0
2026-09-26 16:07:00+00:00,1.54929768853472,1.5493613316251573,1.5487428088939021,1.5488927448992036,43060.56184386,66696.19183123823,132.0
2026-09-26 16:08:00+00:00,1.5486625174644213,1.5489081967257765,1.5483248106905243,1.5487121444065717,16396.235612520002,25393.04921566125,104.0
2026-09-26 16:09:00+00:00,1.5487188421680165,1.549092042794035,1.548330340757643,1.5485899050787248,87348.21420531,135266.56274499712,153.0
2026-09-26 16:10:00+00:00,1.5485672942355708,1.548755903047151,1.548017143251813,1.5481423709943416,69312.84650043999,107306.15452155803,172.0
2026-09-26 16:11:00+00:00,1.5479724098544707,1.5480338717016757,1.547314974637312,1.5475059596963001,21474.207234589998,33231.463675281426,111.0
2026-09-26 16:12:00+00:00,1.5472670305760643,1.5474816951427495,1.5468821532342754,1.547110599902931,27650.14909037,42777.83874660781,141.0
2026-09-26 16:13:00+00:00,1.5470972902004805,1.5473983073131312,1.5469413449253198,1.547157924573126,28070.659070920003,43429.74262956438,141.0
2026-09-26 16:14:00+00:00,1.5471507470061079,1.5474321873205932,1.5470940483153524,1.547238241143569,12234.326629100002,18929.418015184616,100.0
2026-09-26 16:15:00+00:00,1.5472592436004373,1.5478188691141808,1.547028805164442,1.547566467337062,29846.199676319997,46188.9777965191,138.0
2026-09-26 16:16:00+00:00,1.5475312446392475,1.5475833856840353,1.54704706924109,1.5472893475470484,42405.08649999,65612.93862324567,99.0
2026-09-26 16:17:00+00:00,1.5472932961033206,1.5474835795746598,1.5470068844456164,1.547288422508981,38365.43854294998,59362.39888198633,89.0
2026-09-26 16:18:00+00:00,1.5472434319234716,1.5474631720205099,1.5468556013572923,1.5468556984214474,48245.101458109995,74628.21011139832,110.0
2026-09-26 16:19:00+00:00,1.5468907177301061,1.5474437772823644,1.5465987367897236,1.54692092568144,47740.31919012,73850.49875390784,146.0
2026-09-26 16:20:00+00:00,1.546650688845292,1.5466670051888767,1.5453949710805428,1.5454080755370179,83626.58616107,129237.2015829098,109.0
2026-09-26 16:21:00+00:00,1.5453998597731595,1.545602309045212,1.5448147112768778,1.545384172924925,40021.83232997,61849.10625419071,111.0
2026-09-26 16:22:00+00:00,1.5456349438162915,1.5463750741329128,1.5456103906827567,1.546370061048622,31331.958567370002,48450.80268259684,101.0
2026-09-26 16:23:00+00:00,1.546182730717971,1.5465429708960001,1.5457157833027868,1.5460651300880643,28206.274748849995,43608.73783888045,78.0
2026-09-26 16:24:00+00:00,1.545814517474377,1.5459637447975816,1.544858045686031,1.5452321543709242,16851.209990209994,26039.03151692903,100.0
2026-09-26 16:25:00+00:00,1.5454089503298454,1.5455811426578907,1.545044113795572,1.5452607943812877,13296.07328393,20545.90076487749,82.0
2026-09-26 16:26:00+00:00,1.5453161371767272,1.5455936300942412,1.545198949280098,1.5454765658753638,31795.688943330002,49139.49215777893,112.0
2026-09-26 16:27:00+00:00,1.5453903874666084,1.545449119412512,1.5446389274158916,1.5446945591777728,10548.991841280002,16294.970302035934,88.0
2026-09-26 16:28:00+00:00,1.5445101705863558,1.5452509007355175,1.5444007790194498,1.5452509007355175,20357.499820770005,31457.444934767987,97.0
2026-09-26 16:29:00+00:00,1.5451623663183196,1.5459710675768292,1.5451623663183196,1.5459325764751113,66606.30890183999,102968.86273011864,129.0
2026-09-26 16:30:00+00:00,1.545717384834267,1.5463578869668602,1.5457067050806366,1.5462576722409376,25537.269706569998,39487.199211869935,95.0
2026-09-26 16:31:00+00:00,1.5463788196117556,1.5479854252074754,1.5461964631576643,1.5479850681722729,22344.688623740007,34589.244342508384,115.0
2026-09-26 16:32:00+00:00,1.5480512908420434,1.5484070453589187,1.5477673582216345,1.5483911935674435,27855.463019300005,43131.153631827714,118.0
2026-09-26 16:33:00+00:00,1.5482771789089118,1.5490528218011885,1.5479187933493312,1.5479990620815942,54938.031797200005,85044.0216946744,109.0
2026-09-26 16:34:00+00:00,1.5481804064886207,1.5483084982977415,1.5476506373215122,1.5481212648947915,14025.97303046,21713.907109295968,94.0
2026-09-26 16:35:00+00:00,1.5479996989251434,1.5480719834751069,1.5470407194096596,1.5471563839746814,13834.540026960003,21404.196922064428,120.0
2026-09-26 16:36:00+00:00,1.5471278389145622,1.5474756196844397,1.546794749152187,1.5471168843698393,64232.253370349994,99374.80371039,101.0
2026-09-26 16:37:00+00:00,1.5471973412921596,1.5475910079710378,1.5468032901123479,1.5472892328764078,75580.35828157996,116944.67458602991,88.0
2026-09-26 16:38:00+00:00,1.5470822718268544,1.548167125972371,1.5470819699649703,1.548167125972371,13172.98502321,20393.982363860112,74.0
2026-09-26 16:39:00+00:00,1.5480471716264936,1.5484812781622215,1.5480433290343019,1.5484642119732175,7800.00736625,12078.032259765598,77.0
2026-09-26 16:40:00+00:00,1.5482859111918614,1.548503110728803,1.5481615122264345,1.548408068555666,7595.750447360002,11761.321279427537,61.0
2026-09-26 16:41:00+00:00,1.5482261709538734,1.54823361550423,1.5475412376473674,1.5478268942266793,39958.71578586,61849.17495211426,117.0
2026-09-26 16:42:00+00:00,1.5478852102164316,1.5481003407206988,1.5477270264067517,1.5477580666524753,27483.14455785,42537.25868638841,102.0
2026-09-26 16:43:00+00:00,1.5477881055052154,1.5478939754176335,1.5475099782574262,1.5478833933674645,12040.32258309,18637.015377152264,96.0
2026-09-26 16:44:00+00:00,1.5476916579926554,1.5477781739473893,1.5467459406657307,1.5469682532430555,16259.143319320003,25152.37853991696,106.0
2026-09-26 16:45:00+00:00,1.5469625345892597,1.5474181122983806,1.5466809091484932,1.5474181122983806,8518.31468556,13181.39443069283,99.0
2026-09-26 16:46:00+00:00,1.5472661388033808,1.5473451667739684,1.5466054601847568,1.547173495805699,21340.186930019998,33016.97161366613,93.0
2026-09-26 16:47:00+00:00,1.547221731260157,1.5482816047437242,1.5472217010591092,1.5474896734579575,15979.89223707,24728.718219836806,131.0
2026-09-26 16:48:00+00:00,1.5475221527144958,1.5477878628062094,1.546053566774745,1.5465950967186368,81380.47785818999,125862.64802409623,174.0
2026-09-26 16:49:00+00:00,1.5464820143297489,1.5478825772500167,1.5459156826195515,1.547710265466698,64604.40636954,99988.9029325192,134.0
2026-09-26 16:50:00+00:00,1.5477733261348754,1.5479361737282273,1.5461045757672587,1.546339692674564,39623.39361642,61271.226307538185,138.0
2026-09-26 16:51:00+00:00,1.5462066211680483,1.546317496749529,1.5459410717501292,1.546095206842039,4670.82955854,7221.547192434811,79.0
2026-09-26 16:52:00+00:00,1.5462796730694854,1.5462796730694854,1.5457609295091344,1.5460143107431765,5972.96721429,9234.292790892145,64.0
2026-09-26 16:53:00+00:00,1.5460228653430597,1.5460939004915895,1.5454854950287857,1.545549595125208,25785.584229230004,39852.89926555338,91.0
2026-09-26 16:54:00+00:00,1.5452987563379688,1.5471153136581848,1.5452976689765536,1.5462884239404624,192853.31608051993,298206.850173839,235.0
2026-09-26 16:55:00+00:00,1.546108903867733,1.5461119616053198,1.5454881624187944,1.5455686340351849,25365.546067050003,39204.19238640703,130.0
2026-09-26 16:56:00+00:00,1.545387193745004,1.54563081253356,1.544638055847142,1.5455958703998456,98618.69152416,152424.64236397797,184.0
2026-09-26 16:57:00+00:00,1.5453972187838811,1.5468678001170875,1.545055242015987,1.5463463756909255,175097.77651371987,270761.8121035304,208.0
2026-09-26 16:58:00+00:00,1.5463103357904138,1.5464963588346472,1.5456574045248455,1.5460307577343078,20093.691357720003,31065.464875455167,111.0
2026-09-26 16:59:00+00:00,1.5457979092164058,1.5462867041260069,1.545522835792283,1.5462859323388074,17915.942504429993,27703.169859191,99.0
2026-09-26 17:00:00+00:00,1.54649241936388,1.5464999882931287,1.545147632243513,1.545559901000329,13785.306186899996,21306.01646548438,107.0
2026-09-26 17:01:00+00:00,1.5453938869230581,1.545974410037292,1.5453433534042176,1.545619123719513,14887.627640910003,23010.60198860572,104.0
2026-09-26 17:02:00+00:00,1.5458119489604512,1.5460457196077988,1.5448014612358993,1.5450092946050886,25486.87596828,39377.46026143967,138.0
2026-09-26 17:03:00+00:00,1.544704929245749,1.544704929245749,1.5425716223990973,1.5426942491133835,58215.67287120003,89808.9837466663,186.0
2026-09-26 17:04:00+00:00,1.5426820751095751,1.5430295861549888,1.5421534959028467,1.5422922475863157,46686.67567265999,72004.49795552014,147.0
2026-09-26 17:05:00+00:00,1.5423765890365895,1.5425300454806248,1.5411834847978536,1.5419223922546152,102264.72802577002,157684.2740807629,248.0
2026-09-26 17:06:00+00:00,1.5418773235195151,1.5419435369660721,1.540976965000521,1.541109156259651,94059.60712553999,144956.1217753552,188.0
2026-09-26 17:07:00+00:00,1.5410874213719095,1.5410918570767107,1.5393595551677264,1.5399440129682216,393918.37095003005,606612.2369426938,359.0
2026-09-26 17:08:00+00:00,1.53986793302696,1.5405948163042729,1.5394373867743725,1.540422337776879,154662.79928876003,238246.03084750797,229.0
2026-09-26 17:09:00+00:00,1.5404047786381325,1.540643685621066,1.5396219295914109,1.5398561811710905,50795.78063665999,78218.19679077168,115.0
2026-09-26 17:10:00+00:00,1.5399090580742827,1.540033035159611,1.5396516547642332,1.5398196541125875,29671.921002810002,45689.407135402915,119.0
2026-09-26 17:11:00+00:00,1.5396002220071574,1.5403269571960152,1.5392550143519688,1.5403234529607897,38226.766680320005,58881.58524855697,143.0
2026-09-26 17:12:00+00:00,1.5405206904052324,1.540806632729267,1.5401213697117049,1.5402660623547737,35423.00676612,54560.85514841816,129.0
2026-09-26 17:13:00+00:00,1.5403433537698281,1.5410211816391128,1.5400558136676121,1.540809240103948,57128.14290693,88023.57046097655,170.0
2026-09-26 17:14:00+00:00,1.5405636101575009,1.5408270940025446,1.5402804698106818,1.5405255630065176,25568.81737428,39389.41678092352,102.0
2026-09-26 17:15:00+00:00,1.5402474729400826,1.5404797752296675,1.539145172233257,1.5392245778426048,220563.59035756002,339496.89925556455,233.0
2026-09-26 17:16:00+00:00,1.5394006553634416,1.5398413710809342,1.5384970198003554,1.5386556834874254,70870.39764869,109045.14013317075,160.0
2026-09-26 17:17:00+00:00,1.538869817407011,1.5393831093804429,1.5386109551132927,1.538673578573542,82996.32942475,127704.25920444864,185.0
2026-09-26 17:18:00+00:00,1.5381513765754566,1.5393695148496571,1.5379752283661725,1.5391885248820667,40158.85914213,61812.055163921774,162.0
2026-09-26 17:19:00+00:00,1.5391109822961992,1.5391138100374955,1.5371385943126241,1.538458916329329,91467.16958237997,140718.48259541925,200.0
2026-09-26 17:20:00+00:00,1.5385800384382124,1.53915584230348,1.538029478272227,1.5384103081970248,84435.73477107997,129896.80475201938,197.0
2026-09-26 17:21:00+00:00,1.5382826024986955,1.538282711894651,1.5369867666352253,1.537050388043276,16772.40568218001,25780.032662214035,165.0
2026-09-26 17:22:00+00:00,1.5370578356550264,1.537802088782097,1.5362810302211392,1.537552709156126,121274.98547513993,186466.68247017122,226.0
2026-09-26 17:23:00+00:00,1.5375276415377788,1.5381520498932912,1.5373203488165932,1.5379096385139526,37650.49048708001,57903.052214858224,169.0
2026-09-26 17:24:00+00:00,1.5379148842583164,1.5386825182424273,1.537649623335257,1.5386123340714477,12775.393348239995,19656.377778216385,115.0
2026-09-26 17:25:00+00:00,1.5386254577509482,1.5393891325045868,1.5384486545082159,1.5392992614518688,15649.945368020002,24089.949346755286,113.0
2026-09-26 17:26:00+00:00,1.5393239956446823,1.5395525075095555,1.5379523615765591,1.5380366252913242,59138.888344690014,90957.77625314746,192.0
2026-09-26 17:27:00+00:00,1.5380200320991588,1.5386910568418388,1.5378787612376728,1.5386908229124747,27648.180998180007,42542.00237212264,146.0
2026-09-26 17:28:00+00:00,1.5385615457760748,1.5387441264612887,1.5376975459417044,1.5380011747133664,76899.66131735999,118271.76944115969,197.0
2026-09-26 17:29:00+00:00,1.537967500280011,1.537971572838959,1.5369967860862896,1.5377023678802282,35231.434569740006,54175.46036170654,178.0
2026-09-26 17:30:00+00:00,1.5376936319024033,1.5379621419214107,1.5370907101103826,1.5376354038635305,45177.654511570014,69466.761040505,150.0
2026-09-26 17:31:00+00:00,1.5371360529915394,1.5371360555291211,1.534565402218439,1.5357652047397652,378476.60809406,581251.2055187859,347.0
2026-09-26 17:32:00+00:00,1.535830016205618,1.537057880210545,1.535676406416959,1.5368673561279216,21412.270486900004,32907.819531897934,139.0
2026-09-26 17:33:00+00:00,1.5367475593464328,1.5367478933377383,1.5354081057501716,1.5357085944296722,23119.071875070003,35504.15737378232,114.0
2026-09-26 17:34:00+00:00,1.535591175681738,1.5356461435847664,1.5332478796345255,1.534050883417696,351093.4090123599,538595.1542575412,566.0
2026-09-26 17:35:00+00:00,1.5341451971328648,1.53485562722279,1.533894345287143,1.5342450593644799,77225.38629997,118482.66738824238,198.0
2026-09-26 17:36:00+00:00,1.534240816789488,1.5346340358855286,1.5338590271509456,1.534616512784743,25362.362906860006,38921.50092010662,142.0
2026-09-26 17:37:00+00:00,1.534731024592243,1.5362630312896621,1.5347306809865218,1.5355642972775105,39640.829689910024,60871.04278628416,209.0
2026-09-26 17:38:00+00:00,1.5356752422044313,1.5361175151879005,1.5352439965598688,1.535969338541012,21821.546943320005,33517.22702447287,157.0
2026-09-26 17:39:00+00:00,1.5359080989932978,1.5383579970755743,1.5358763497937873,1.537592704428728,175968.46587542002,270567.8293395614,177.0
2026-09-26 17:40:00+00:00,1.5376041605798403,1.5376865745043875,1.5349969672696702,1.5370542677591263,245035.15240105998,376632.32674905716,241.0
2026-09-26 17:41:00+00:00,1.5370348292724059,1.5370348292724059,1.535411471994814,1.535595874983206,35825.61390236001,55013.66492720503,147.0
2026-09-26 17:42:00+00:00,1.5359362162810526,1.5363549364112574,1.5357962774675884,1.5361796424054095,17307.774301980004,26587.850538049177,117.0
2026-09-26 17:43:00+00:00,1.5362440205879342,1.5370398413678634,1.5362072873366823,1.5363737082484177,60884.92339317001,93541.99552998543,155.0
2026-09-26 17:44:00+00:00,1.5366543244471411,1.5377078344083999,1.536529824470225,1.537411696652704,120278.57083134993,184917.68165278813,188.0
2026-09-26 17:45:00+00:00,1.5371188203481476,1.5371682684478627,1.5360898043645204,1.536367699769711,40975.393412100006,62953.27092370706,130.0
2026-09-26 17:46:00+00:00,1.536140321306648,1.5361560419372127,1.5341761768730415,1.5352882567610313,185166.42105605005,284283.83179382223,201.0
2026-09-26 17:47:00+00:00,1.5356858076158084,1.5363202455860185,1.5351611942741297,1.5362215897672207,33022.79411869998,50730.32927958491,139.0
2026-09-26 17:48:00+00:00,1.5361601658899326,1.536568373478277,1.535735510353914,1.536568300153093,24664.647719790002,37898.915820672584,122.0
2026-09-26 17:49:00+00:00,1.5366975593935333,1.5368709976090502,1.53443281937281,1.5347157599611958,200361.64998108998,307498.1819178076,261.0
2026-09-26 17:50:00+00:00,1.534455261339459,1.5344989724412428,1.533954526451239,1.5340623294512405,12131.673611950002,18610.743481290167,102.0
2026-09-26 17:51:00+00:00,1.53409813312901,1.534292290232458,1.5338050435203372,1.5340016111200638,23145.48178389,35505.20634663735,99.0
2026-09-26 17:52:00+00:00,1.533891927444777,1.5345623933221018,1.533728369443443,1.5339056821165968,27916.726293400003,42821.625087540066,145.0
2026-09-26 17:53:00+00:00,1.5338662740513076,1.5347517332397143,1.5338662740513076,1.5347517332397143,14286.932378579999,21926.894230704245,86.0
2026-09-26 17:54:00+00:00,1.5349930445637239,1.53548512729872,1.5346149829165525,1.5346165338412858,51414.71988242999,78901.87921439536,130.0
2026-09-26 17:55:00+00:00,1.5347262241142579,1.5353400056841144,1.5346192940443437,1.5353399531877323,15480.001988929998,23767.065529029787,106.0
2026-09-26 17:56:00+00:00,1.5353576087122507,1.5363215507676824,1.534675715491112,1.5363215507676824,217767.31058684996,334560.6123072969,323.0
2026-09-26 17:57:00+00:00,1.5363276412502722,1.5364059513248787,1.5353966622491246,1.5358664915742208,31218.84320604,47947.97518586636,118.0
2026-09-26 17:58:00+00:00,1.5356815582902792,1.5363474341342682,1.5356521023255154,1.5356611463963508,37937.20651322,58258.69404516653,103.0
2026-09-26 17:59:00+00:00,1.5356645013449777,1.5360986667489316,1.5356564190393336,1.5360986667489316,96674.07799687001,148500.92232017423,127.0
2026-09-26 18:00:00+00:00,1.536153535576334,1.536153535576334,1.534305564063317,1.5346141468666423,110883.15261636,170162.854654239,227.0
2026-09-26 18:01:00+00:00,1.5345516607742935,1.5347778941596437,1.534148553878005,1.5343241666573035,26502.73877095,40663.79257887407,98.0
2026-09-26 18:02:00+00:00,1.5342366101099036,1.535753515671749,1.534235455714865,1.535753504818431,35777.52729258,54945.462933316805,143.0
2026-09-26 18:03:00+00:00,1.535744976434269,1.5368890725708655,1.5354080911699404,1.536876835614422,127686.03320543,196237.70666491927,193.0
2026-09-26 18:04:00+00:00,1.536927331126198,1.5372291232153033,1.536735936130167,1.537000870940467,29342.355043360003,45099.22525708873,113.0
2026-09-26 18:05:00+00:00,1.5368984042937868,1.5370857097215886,1.536003678585448,1.5370250513091757,37533.33773376,57689.68035603709,129.0
2026-09-26 18:06:00+00:00,1.53705107671305,1.5370512698744736,1.5361254798863957,1.5363693265148437,20267.16426118,31137.84950631483,92.0
2026-09-26 18:07:00+00:00,1.5367345608890477,1.5368484928586328,1.5348244333830454,1.5348857561790172,34411.69848071999,52818.025843984244,190.0
2026-09-26 18:08:00+00:00,1.5349061128109889,1.535098665078173,1.5345295500240486,1.5349770564326155,41938.28922449004,64374.311745627405,150.0
2026-09-26 18:09:00+00:00,1.5348107834792517,1.5348207593159897,1.5339906575234878,1.5340470327350293,33186.910383320006,50910.28139917539,165.0
2026-09-26 18:10:00+00:00,1.5339502258009068,1.5343569193809556,1.5337195006213789,1.534301578310903,31848.83726539,48865.72128365498,137.0
2026-09-26 18:11:00+00:00,1.5344525516228726,1.5348936401046005,1.533146075471985,1.5348936401046005,216439.00536559,332210.8528062096,214.0
2026-09-26 18:12:00+00:00,1.535204418412961,1.5359881841429206,1.5351037805145866,1.5359865391501408,15319.21617594,23530.109836574935,126.0
2026-09-26 18:13:00+00:00,1.535915043180904,1.5368979056800727,1.5357386787464262,1.5368015665612333,12161.48052953,18689.78232948564,96.0
2026-09-26 18:14:00+00:00,1.536681407951616,1.5367780965001259,1.5356143852565602,1.5360013965213146,68540.81701730996,105278.7906573,125.0
2026-09-26 18:15:00+00:00,1.536025009375068,1.5360640559552516,1.535506654635681,1.535597082130327,105142.19599411002,161456.04937733032,115.0
2026-09-26 18:16:00+00:00,1.5354162444696593,1.5355579331450406,1.534615859619496,1.534724368014477,61130.52310942,93818.503445499,180.0
2026-09-26 18:17:00+00:00,1.5347611570780155,1.5355384588181586,1.5342513145130283,1.5351744068904527,20889.259148480007,32068.656023648757,171.0
2026-09-26 18:18:00+00:00,1.5352234201641433,1.5358923287827624,1.5351893687593985,1.5352051942388578,14034.97257255,21546.562794378664,96.0
2026-09-26 18:19:00+00:00,1.5350939488130604,1.53568091625848,1.5344446743749556,1.5354826937316925,35792.743318960005,54959.13792744375,140.0
2026-09-26 18:20:00+00:00,1.5354874700776693,1.5357585675905403,1.5348430116303509,1.5356707288343512,31133.458030780006,47810.74018526162,109.0
2026-09-26 18:21:00+00:00,1.5357433257619817,1.5363833456574878,1.5356120451279418,1.5362375778324169,24152.821318879996,37104.47172073537,113.0
2026-09-26 18:22:00+00:00,1.536441849632142,1.5369191926974084,1.5357875845724618,1.5358250791968338,24937.61529446,38299.8149845942,120.0
2026-09-26 18:23:00+00:00,1.5360208453921727,1.536034069567918,1.53503148743716,1.5350705631589054,41285.089516880005,63375.525614742815,137.0
2026-09-26 18:24:00+00:00,1.534836283351187,1.5354409921154,1.534706769033282,1.5351056122214184,29268.932260590005,44930.90217696024,105.0
2026-09-26 18:25:00+00:00,1.535392450982957,1.5359456976929127,1.5353014300274495,1.5358977396667897,12205.465184929999,18746.34638911568,97.0
2026-09-26 18:26:00+00:00,1.5356872390886203,1.5358427669334271,1.5351986015671921,1.5358348165156799,41126.757401869996,63163.90590818589,133.0
2026-09-26 18:27:00+00:00,1.5353374860381566,1.5358162143085354,1.5352157031140954,1.5353454010888883,52561.96534190999,80700.77175989504,123.0
2026-09-26 18:28:00+00:00,1.5352763431511398,1.5354299973319114,1.5347741609246168,1.5348367640955078,22572.071844499995,34644.44570874369,109.0
2026-09-26 18:29:00+00:00,1.5348953743683293,1.534942431131959,1.5347004473621688,1.534844732816251,3363.05477339,5161.766905110191,60.0
2026-09-26 18:30:00+00:00,1.534516653127707,1.5350610385345218,1.5342142154058802,1.5343909950210393,17785.93739313,27290.58217402665,112.0
2026-09-26 18:31:00+00:00,1.5344058114912795,1.5344963538961278,1.5340014467247736,1.5343827272772026,29068.690351369998,44602.4963797116,96.0
2026-09-26 18:32:00+00:00,1.53430267157559,1.5349604466005837,1.534113535959668,1.5347070892151429,86607.65337394002,132917.37961327354,164.0
2026-09-26 18:33:00+00:00,1.5343353804573385,1.5344397967541326,1.5321041108154128,1.5328898653565846,182013.10156856998,279006.03875657957,383.0
2026-09-26 18:34:00+00:00,1.5328643555500292,1.533066467388299,1.5317826579317337,1.532520622994064,119354.25418847005,182912.85598590598,202.0
2026-09-26 18:35:00+00:00,1.532386866335433,1.5326054220047594,1.5315219567118876,1.5316222991331543,50484.3302888,77322.9260271294,140.0
2026-09-26 18:36:00+00:00,1.5317582203459637,1.5318382051961674,1.5230852973852484,1.528718676947692,3292277.05600905,5032965.425207397,1405.0
2026-09-26 18:37:00+00:00,1.5281199863438888,1.5285512222465891,1.5274220275188128,1.5284171969096578,110721.22089489998,169228.21807859806,260.0
2026-09-26 18:38:00+00:00,1.5284343777533302,1.5285213777060473,1.5241973631546162,1.525671940858586,344877.9881183402,526170.6694919125,629.0
2026-09-26 18:39:00+00:00,1.5256040344691306,1.5259286591337602,1.522581523965337,1.5238756286520934,666019.3554784398,1014930.6640241696,594.0
2026-09-26 18:40:00+00:00,1.5239159751783418,1.5244404664078894,1.5216712295130708,1.5235247046192963,385176.1665479599,586825.4053663735,403.0
2026-09-26 18:41:00+00:00,1.5237795906938394,1.5244407574982752,1.5227977679652245,1.5237846992628594,203110.90207661004,309497.2848378153,355.0
2026-09-26 18:42:00+00:00,1.523940987361478,1.5247309540889242,1.5232710324511547,1.5245450769555144,113937.11413585997,173702.26643834388,257.0
2026-09-26 18:43:00+00:00,1.5242660477026755,1.524547582593713,1.5237083756589664,1.5240800165822064,47480.89941186999,72364.68996298089,210.0
2026-09-26 18:44:00+00:00,1.5242261565837494,1.5242502538818992,1.5223522366345288,1.523038563330419,207121.21366627,315453.5956975286,307.0
2026-09-26 18:45:00+00:00,1.5232409165517837,1.5238230943465112,1.522200615037242,1.5223755810075092,93354.51567633002,142120.63504242754,202.0
2026-09-26 18:46:00+00:00,1.522233655314278,1.5226819468702355,1.5215375127106556,1.5226793959187095,35867.52596992,54614.74277697642,217.0
2026-09-26 18:47:00+00:00,1.5223609768848063,1.5228459332030164,1.5214458669169015,1.5219912347740197,45698.441779600005,69552.62783138207,206.0
2026-09-26 18:48:00+00:00,1.5221575640492369,1.5223522019641367,1.5194412030140259,1.52111751158814,252984.18277729,384818.67057735054,408.0
2026-09-26 18:49:00+00:00,1.5214738844787046,1.5223860260664146,1.5210414446358504,1.5211291316727165,50078.850221040004,76176.3979518986,211.0
2026-09-26 18:50:00+00:00,1.5210220941040091,1.5210390829389449,1.5199286403376546,1.5201329102068235,303204.31665705,460910.86026715266,248.0
2026-09-26 18:51:00+00:00,1.5201991052787387,1.5202316869726524,1.5178983187784638,1.519781998706244,238906.56137294002,363085.8913474027,445.0
2026-09-26 18:52:00+00:00,1.5197639377574963,1.5199760453859144,1.5182595137089288,1.519823119969279,93625.01181582002,142293.4575650802,281.0
2026-09-26 18:53:00+00:00,1.5198765096776379,1.521170943801282,1.5196496362431828,1.521170943801282,247074.39497258994,375842.39058958535,259.0
2026-09-26 18:54:00+00:00,1.521706942762793,1.5225335059741416,1.5214503889537168,1.5222729637938435,42160.59810727003,64179.93863607506,216.0
2026-09-26 18:55:00+00:00,1.522425156732732,1.5228283607103485,1.5220011720558972,1.5224195595919099,58236.38425450996,88660.2104689763,232.0
2026-09-26 18:56:00+00:00,1.522140006854204,1.522206644169036,1.521557260360933,1.521557260360933,222144.39229457,338005.4129442703,134.0
2026-09-26 18:57:00+00:00,1.5210544685481364,1.5213794606454811,1.5203729908281334,1.520423984845987,56015.564274300006,85167.40744732773,165.0
2026-09-26 18:58:00+00:00,1.5203796301064147,1.5207249230696351,1.5197122573062656,1.5203444024826553,49902.06750772,75868.32900767369,118.0
2026-09-26 18:59:00+00:00,1.5204253184754295,1.5210173881041942,1.5202718533718542,1.5208357717554206,20713.306249650006,31501.537095792843,137.0
2026-09-26 19:00:00+00:00,1.5209218880598059,1.5223824786893314,1.5209218880598059,1.52181056266704,245414.65869624,373474.61983726453,272.0
2026-09-26 19:01:00+00:00,1.522229620218109,1.5249724635370898,1.522229620218109,1.524719733951264,587160.25420817,895254.8265830375,355.0
2026-09-26 19:02:00+00:00,1.5246386572708317,1.5253075010594808,1.5244737031726916,1.5252678225381722,53233.54862767003,81195.41880130618,240.0
2026-09-26 19:03:00+00:00,1.5252959043711336,1.5253825362274327,1.5246360504992613,1.5251841118008784,69276.24717855999,105659.03152193013,153.0
2026-09-26 19:04:00+00:00,1.5249627044557492,1.5255684562375103,1.5249252878227737,1.525171715521648,122950.0729326,187519.97365812527,181.0
2026-09-26 19:05:00+00:00,1.5254286235315013,1.5263582380548475,1.5254221679339852,1.526290292996857,118161.90345504004,180349.3662454594,256.0
2026-09-26 19:06:00+00:00,1.526307697242836,1.5268387397445702,1.5257826258637643,1.5257826258637643,88319.68723409998,134756.64430351145,165.0
2026-09-26 19:07:00+00:00,1.5256194053315548,1.5261801045644745,1.5241639183502558,1.5256572657163263,160564.42563377,244966.28258372998,201.0
2026-09-26 19:08:00+00:00,1.525636064697931,1.5258346739724185,1.5252530991804034,1.5253456800221992,57071.60738422998,87053.92977545825,168.0
2026-09-26 19:09:00+00:00,1.5253021223730956,1.5254119549524003,1.5248536167242261,1.5249267794500536,21320.20328401,32511.748931105827,133.0
2026-09-26 19:10:00+00:00,1.5250717823239117,1.5251839520679433,1.5244020355508867,1.5251826418645982,60028.782067809996,91554.85642209667,145.0
2026-09-26 19:11:00+00:00,1.525252601318448,1.5255023558857457,1.5246919544180475,1.5248908874277918,67891.38477855001,103526.9539836648,149.0
2026-09-26 19:12:00+00:00,1.524896551427735,1.5254284845479498,1.5248474452600789,1.5254030900196214,36865.05554406001,56234.06964065411,100.0
2026-09-26 19:13:00+00:00,1.5253861619331175,1.5255492153176284,1.525219065210763,1.525381355492582,17384.40281659,26517.843932799115,89.0
2026-09-26 19:14:00+00:00,1.5253608755673265,1.5255394425284918,1.5252798926510573,1.5253990338830978,8283.32942706,12635.382705372758,74.0
2026-09-26 19:15:00+00:00,1.5250928582019692,1.52520260515217,1.5248776850243972,1.525171354552725,12306.011410090001,18768.776091468255,106.0
2026-09-26 19:16:00+00:00,1.5251881466333321,1.5260665040365857,1.5245044688929894,1.5257807659653073,79784.94815154,121734.33930315902,189.0
2026-09-26 19:17:00+00:00,1.5254962330825608,1.5260650311735227,1.5253585774334715,1.525476161540145,75157.71873808,114651.30829068011,134.0
2026-09-26 19:18:00+00:00,1.525368214371057,1.5254503031740245,1.5248979064719619,1.5251377693704558,38861.96395564001,59269.84902065985,132.0
2026-09-26 19:19:00+00:00,1.5252732332781447,1.525862507298001,1.5247101462510473,1.5252983930533293,45510.273952169984,69416.74772666166,163.0
2026-09-26 19:20:00+00:00,1.5249040474724738,1.5249902430614137,1.5239783583559714,1.5240374377382027,42689.5716995,65060.50547104726,126.0
2026-09-26 19:21:00+00:00,1.5238753984843871,1.5249092493667598,1.5238753984843871,1.5248665895351912,28929.599125989997,44113.779155868615,138.0
2026-09-26 19:22:00+00:00,1.5249395669342078,1.5252829921903008,1.5246021779770804,1.5250101372509963,17405.93166099,26544.222231307824,120.0
2026-09-26 19:23:00+00:00,1.5250430926155565,1.5251772841263893,1.5243279530449458,1.5244691603464875,45006.56508505001,68611.12048528573,141.0
2026-09-26 19:24:00+00:00,1.5245060661203294,1.5247789949357091,1.5244668481211425,1.5246052143717634,16538.45895385,25214.620758713092,113.0
2026-09-26 19:25:00+00:00,1.524404171737334,1.5247676093274787,1.524230530443322,1.524675924626575,21317.10571416,32501.677865099344,97.0
2026-09-26 19:26:00+00:00,1.5245218747594347,1.524672180634766,1.5242131949090962,1.5243198034731331,17436.3873529,26578.630543053954,103.0
2026-09-26 19:27:00+00:00,1.524289387077551,1.5243828004386217,1.5241064492716396,1.5243805800417207,4135.318044029999,6303.798518615445,68.0
2026-09-26 19:28:00+00:00,1.5241512045157228,1.5244945673744446,1.5238479498235784,1.5243773437438748,73936.62273069,112707.31256360222,163.0
2026-09-26 19:29:00+00:00,1.5243966718392434,1.5245126811336334,1.5241702204848362,1.5242478882916515,65319.060203260015,99562.43958001432,207.0
2026-09-26 19:30:00+00:00,1.5241459744476966,1.5241496893265554,1.523388652230828,1.5237231806987936,94194.08824097001,143525.71573755366,207.0
2026-09-26 19:31:00+00:00,1.5236113980774775,1.5236289070210165,1.5226483854041655,1.52335682558035,98227.01215971001,149634.78942985827,214.0
2026-09-26 19:32:00+00:00,1.5230980688881872,1.5231127681984542,1.5208030259615248,1.5220273484709854,183047.76411398005,278603.70305794344,199.0
2026-09-26 19:33:00+00:00,1.522041297975588,1.5221654590076379,1.520649649448842,1.5217658065781527,122138.49203040998,185866.18083889614,234.0
2026-09-26 19:34:00+00:00,1.5217602993739736,1.5222408507202363,1.5209200556599796,1.5222408507202363,59594.068746749996,90716.52590693296,157.0
2026-09-26 19:35:00+00:00,1.5225660158985683,1.523044764433171,1.522464513189259,1.5228097724077374,6737.822011029999,10260.421203140437,113.0
2026-09-26 19:36:00+00:00,1.5225991957972402,1.5225997944165395,1.521855990430049,1.5220665147444083,13102.691492700002,19943.1679740651,211.0
2026-09-26 19:37:00+00:00,1.5218950067457357,1.5219746657139077,1.5210193827166134,1.5210941419833641,37908.01301556,57661.656532197434,140.0
2026-09-26 19:38:00+00:00,1.5211931669711172,1.5212159906899239,1.5195318544402026,1.520374774770995,118014.69989645996,179426.5727747469,213.0
2026-09-26 19:39:00+00:00,1.5204257601061726,1.52052115088218,1.5202192572977484,1.520383558938255,34393.63763151999,52291.52118704306,126.0
2026-09-26 19:40:00+00:00,1.5204419199590935,1.5210204712771447,1.5198115497425653,1.5209386122641588,41066.354576319995,62459.40434005602,208.0
2026-09-26 19:41:00+00:00,1.5207447456764918,1.5219290666398837,1.5207359603911665,1.5219085560930663,48229.57308843,73400.9999399975,143.0
2026-09-26 19:42:00+00:00,1.5218254543955052,1.522254017422503,1.5213146727456925,1.5222524061024278,21163.15007717999,32215.656125694022,133.0
2026-09-26 19:43:00+00:00,1.5220855156383684,1.5228182291756094,1.521867555329507,1.5228182291756094,32303.04657892,49191.66818828818,146.0
2026-09-26 19:44:00+00:00,1.5227876707842916,1.5237048046504333,1.5222951707813734,1.522965908334732,61241.893453259996,93269.31589118298,186.0
2026-09-26 19:45:00+00:00,1.5230450305485301,1.5234555881710306,1.5227802271208126,1.5229697333381638,23587.39062759,35922.88201424385,114.0
2026-09-26 19:46:00+00:00,1.522925395178972,1.5234420974467582,1.5228753996095454,1.5233816465247798,111003.59166101,169100.83423471372,140.0
2026-09-26 19:47:00+00:00,1.523380682648731,1.5235234548272953,1.5233661236198497,1.523409228676662,68243.26787874996,103962.4240815413,83.0
2026-09-26 19:48:00+00:00,1.5236756170915693,1.5238866057325455,1.5233698999437773,1.523823041090672,26726.77185054001,40726.870759826445,168.0
2026-09-26 19:49:00+00:00,1.5236799134361245,1.5243967285406987,1.5234823408882618,1.5240632344322977,39742.12333873999,60569.509038847376,167.0
2026-09-26 19:50:00+00:00,1.5236147129616542,1.5237049684941688,1.5229342937903498,1.5235828645049403,16980.90751257,25871.819709894862,126.0
2026-09-26 19:51:00+00:00,1.523661167845486,1.523763557122682,1.5233747192478841,1.5235015272717194,21413.079886279997,32622.85991033891,128.0
2026-09-26 19:52:00+00:00,1.52348974880113,1.5238738120393789,1.5233421711695903,1.5238432484252078,123595.68010216,188340.4426581983,128.0
2026-09-26 19:53:00+00:00,1.5241125833756917,1.5242739263663247,1.5231277906458898,1.523488777301789,103918.36270937,158318.45934330195,244.0
2026-09-26 19:54:00+00:00,1.523436832874264,1.5277101785267575,1.5232903754514453,1.5238636432679935,1564437.08699559,2383988.799052667,362.0
2026-09-26 19:55:00+00:00,1.5237917083224852,1.523837437265244,1.523513196397452,1.5237915344997481,30590.672628479995,46613.80798593097,90.0
2026-09-26 19:56:00+00:00,1.5237121915450407,1.5237121915450407,1.5232933895981946,1.5233924581833644,91284.07871733999,139061.4770702123,202.0
2026-09-26 19:57:00+00:00,1.5233918723027362,1.523443768313443,1.523283198496384,1.5233870220839316,14493.33819863,22078.96331846625,87.0
2026-09-26 19:58:00+00:00,1.5233905151697937,1.5235681773653689,1.523238024380496,1.5234702871731516,8762.624695080001,13349.598360604079,68.0
2026-09-26 19:59:00+00:00,1.5233859950503015,1.5233859950503015,1.5226146155929856,1.522948833474745,32690.8605163,49786.50788858468,116.0
2026-09-26 20:00:00+00:00,1.523146067923631,1.523170803973952,1.5204532421125432,1.5212764006142854,206301.08122236005,313840.9662847872,240.0
2026-09-26 20:01:00+00:00,1.5211322770500806,1.5216775623692618,1.5208207855912905,1.5215178574479566,81588.29262849,124138.04419293703,174.0
2026-09-26 20:02:00+00:00,1.5216848850564402,1.523122817168981,1.5216848850564402,1.5230994173588663,65854.59175764001,100303.0903364675,260.0
2026-09-26 20:03:00+00:00,1.523315864201893,1.5233166127571565,1.5226199666966527,1.5228625768667703,68567.09902486,104418.26910927732,176.0
2026-09-26 20:04:00+00:00,1.5229928407448967,1.5232256810218625,1.5214196017748463,1.521924781273225,74012.04332806001,112640.76285364218,199.0
2026-09-26 20:05:00+00:00,1.5220288502475177,1.525047678638903,1.522020955428006,1.5248684308138858,42133.24460358994,64247.654583773816,230.0
2026-09-26 20:06:00+00:00,1.5247275153895974,1.5253587509953643,1.522580638212468,1.5229280435640806,52441.96859894999,79865.34463904786,197.0
2026-09-26 20:07:00+00:00,1.522814795800231,1.522814795800231,1.520310716633797,1.520842370707926,209556.58682220013,318702.5363001362,286.0
2026-09-26 20:08:00+00:00,1.5209882019339114,1.5219460190316172,1.520173852210729,1.5202656054024706,77736.94050335001,118180.79691646123,208.0
2026-09-26 20:09:00+00:00,1.5197658360093915,1.5200130926022977,1.5138897910284355,1.5166709712438153,1425709.6634672189,2162332.46000252,1418.0
2026-09-26 20:10:00+00:00,1.5165337268701813,1.5189322359514446,1.5162634205915553,1.5189081004005003,144121.72002661997,218907.64799208607,310.0
2026-09-26 20:11:00+00:00,1.518975727370708,1.5195818852524294,1.5182912498244459,1.5189734670340755,128247.42060026,194804.42910735426,258.0
2026-09-26 20:12:00+00:00,1.5189341299988386,1.5191471627969315,1.5181822949884658,1.5183448011073817,90154.50847461997,136885.62923883062,195.0
2026-09-26 20:13:00+00:00,1.5184139984971976,1.519355870865855,1.5183976689977867,1.518746099951496,32540.90554836001,49421.37339046176,175.0
2026-09-26 20:14:00+00:00,1.518549423161115,1.5209549791344597,1.518336888104762,1.5190272163955956,461482.5110656202,701004.4941992586,249.0
2026-09-26 20:15:00+00:00,1.519178899357365,1.5202565074728627,1.519178899357365,1.5198649704453417,107490.93512971004,163371.70694405888,186.0
2026-09-26 20:16:00+00:00,1.519879538831261,1.5205421043792038,1.5196940823119747,1.5201972596757862,41187.79454514,62613.57239961113,136.0
2026-09-26 20:17:00+00:00,1.5201052039870169,1.521105669793202,1.519544025730716,1.520960932374556,67871.46052322001,103229.8398790196,210.0
2026-09-26 20:18:00+00:00,1.52119153139221,1.5213678066114151,1.5203298621884418,1.5206534450744678,55112.92966328,83807.66636061357,180.0
2026-09-26 20:19:00+00:00,1.5204746315076814,1.5205910549122281,1.5199635449323237,1.5204371810499933,16495.730468140006,25080.721932339275,136.0
2026-09-26 20:20:00+00:00,1.5204466703243842,1.5205356168850273,1.519378255577409,1.519378255577409,24466.818329950005,37174.35175368881,141.0
2026-09-26 20:21:00+00:00,1.5192160469561802,1.5200428857403185,1.5188946569294688,1.5198628372864245,50803.9427947,77215.02464128994,171.0
2026-09-26 20:22:00+00:00,1.5200299135649589,1.5206436249906112,1.5198365912838032,1.5202581105593924,30732.59344988,46721.47445070453,140.0
2026-09-26 20:23:00+00:00,1.5201618089663707,1.5202308636490385,1.5196452989032543,1.5201432150748084,19926.656757779998,30291.372069463843,132.0
2026-09-26 20:24:00+00:00,1.520027126258321,1.5203420892592652,1.5194234748345583,1.5203002312513225,15983.143573579997,24299.176871036758,103.0
2026-09-26 20:25:00+00:00,1.5204298533115295,1.522279059989065,1.5204148453229926,1.521396144628812,52702.60178822,80181.53517250545,221.0
2026-09-26 20:26:00+00:00,1.5215053008061166,1.5219531330651974,1.5209491732637388,1.521142619109503,21148.612791090007,32170.05625157139,156.0
2026-09-26 20:27:00+00:00,1.5209048086480363,1.5213181273535052,1.5205325570493256,1.5212512748720515,41779.578890139994,63557.23765024292,155.0
2026-09-26 20:28:00+00:00,1.5214858575862569,1.5226983247780874,1.5214775780265477,1.5225382505941574,82547.07429856002,125681.0780941955,187.0
2026-09-26 20:29:00+00:00,1.522369883111717,1.5224665808841653,1.5216771722923965,1.5222400638322466,18275.705088579998,27820.01048061933,128.0
2026-09-26 20:30:00+00:00,1.5219176187604593,1.5224829587738897,1.5217108912466555,1.5218406472338075,33021.598566190005,50253.610934665565,117.0
2026-09-26 20:31:00+00:00,1.5217776147575732,1.5222282121864255,1.5213767277577501,1.5218587164372652,23837.16847005,36276.80261132914,106.0
2026-09-26 20:32:00+00:00,1.5216874230636614,1.5219909320022866,1.5212312932886727,1.5219393958225278,27469.670585340005,41807.17385409623,99.0
2026-09-26 20:33:00+00:00,1.5222713514425654,1.5225049923731448,1.5207254123027765,1.5209489666504237,30304.03416092001,46090.88944239043,132.0
2026-09-26 20:34:00+00:00,1.5210111702175322,1.5210115744865815,1.5208717714387483,1.5210028619455511,4335.01650174,6593.572505727732,84.0
2026-09-26 20:35:00+00:00,1.5208537859602083,1.5209388773259689,1.5201503567883774,1.5206702334324123,23994.193038680005,36487.25512915188,105.0
2026-09-26 20:36:00+00:00,1.5205269336036098,1.521151031210551,1.5204213736923227,1.5211336162911497,80793.39369212001,122897.54711932907,137.0
2026-09-26 20:37:00+00:00,1.5208881755938781,1.5208883017372972,1.5193622093034185,1.5196088986370548,52082.19244756001,79144.5631038398,156.0
2026-09-26 20:38:00+00:00,1.5195778126940263,1.5195778126940263,1.518060361202758,1.5182806903533228,68411.08657262,103867.23174929843,206.0
2026-09-26 20:39:00+00:00,1.5187107662119346,1.5187764897285525,1.5139836198871157,1.5143920915804028,670295.7147100597,1015090.5293771483,541.0
2026-09-26 20:40:00+00:00,1.5133328407652185,1.5142394242548884,1.5083407552449346,1.5101078628310114,650060.4296295805,981661.3660989348,979.0
2026-09-26 20:41:00+00:00,1.509417114022915,1.5119609404845362,1.5077276861560285,1.5117717932200485,301385.1687225996,455625.59696969134,538.0
2026-09-26 20:42:00+00:00,1.5112218596044142,1.5112558645436134,1.504752980614975,1.5073314914925713,632643.2032516197,953603.0231399018,769.0
2026-09-26 20:43:00+00:00,1.5072507358667062,1.5087656567026562,1.506662908646562,1.5069291817594952,225013.7406437499,339079.7720729293,400.0
2026-09-26 20:44:00+00:00,1.5066962581428311,1.5088109345993224,1.505539951179046,1.508684008043664,91728.41572211999,138389.19388314342,268.0
2026-09-26 20:45:00+00:00,1.5090301794966012,1.5104352781491592,1.5089723645419755,1.509066799805103,155948.30093350992,235336.40342477497,309.0
2026-09-26 20:46:00+00:00,1.5092004180741891,1.5110815900555616,1.5087429794736558,1.5093463149731843,113490.27403198997,171296.12689548093,312.0
2026-09-26 20:47:00+00:00,1.5093875281973594,1.5093883201716396,1.5028087635364535,1.505286294042302,366141.13402507047,551147.2307330441,641.0
2026-09-26 20:48:00+00:00,1.5051723305412326,1.5066588317149383,1.5038094483767894,1.5055811024068428,180935.72241295988,272413.40441528265,335.0
2026-09-26 20:49:00+00:00,1.505633298268641,1.505633298268641,1.5008265198609603,1.502644358637574,1343110.4385540204,2018217.3235204367,954.0
2026-09-26 20:50:00+00:00,1.5025168275034244,1.505970907457706,1.5024857330848445,1.5058264624202977,240416.72127374006,362025.86090232275,415.0
2026-09-26 20:51:00+00:00,1.5057984024134166,1.5077254710442254,1.5055905940023702,1.5074079125242439,143962.43595793,217010.1150692484,281.0
2026-09-26 20:52:00+00:00,1.5075497540956917,1.5102406618109225,1.5072555458464034,1.5098179436262598,239759.96986597,361993.9046669328,393.0
2026-09-26 20:53:00+00:00,1.5096699024522104,1.5113161992287725,1.5095335818491793,1.5113161992287725,102221.22342902003,154488.5908732617,228.0
2026-09-26 20:54:00+00:00,1.5114313860500352,1.511686806970701,1.5108540546550409,1.5112985440629816,79848.14203093997,120674.38079749374,163.0
2026-09-26 20:55:00+00:00,1.5113153873894078,1.5125897464646763,1.5113077826890362,1.5125670428755607,21363.48678222,32313.70602769363,112.0
2026-09-26 20:56:00+00:00,1.5126210622588514,1.514047298090831,1.5123071561350796,1.5131930821532984,164741.38931988995,249285.53066318075,243.0
2026-09-26 20:57:00+00:00,1.5132605191526265,1.5132605191526265,1.5114072478331693,1.5119987950360154,32721.053185460005,49474.1929887249,180.0
2026-09-26 20:58:00+00:00,1.5120110922857055,1.5121984513755053,1.5114054814999573,1.5116854617698396,49102.45825854002,74227.47228659535,142.0
2026-09-26 20:59:00+00:00,1.511309689687017,1.5118307871595182,1.5107863084420594,1.511312113517342,64148.503954259984,96948.41109008822,140.0
2026-09-26 21:00:00+00:00,1.5115202094240427,1.5123100797449642,1.5109171690811298,1.512119182590338,57233.03167290999,86543.16507040757,213.0
2026-09-26 21:01:00+00:00,1.5118666249192,1.5128556673991396,1.5106464641463315,1.512719649253185,148111.53710232003,224051.23245577165,233.0
2026-09-26 21:02:00+00:00,1.5124494761762395,1.5137717613175663,1.5124494464989877,1.5132518236804695,141423.99476099003,214010.11798424533,240.0
2026-09-26 21:03:00+00:00,1.5131703279761695,1.5145233593063108,1.5131702186530052,1.5145233593063108,29990.336655429997,45421.06541810903,153.0
2026-09-26 21:04:00+00:00,1.5146459993523735,1.5162667931207272,1.5146459033868889,1.5155307162203344,97798.05825123002,148215.96126644462,251.0
2026-09-26 21:05:00+00:00,1.5156078676130682,1.5167618826528944,1.5155703109672254,1.516663071127103,58400.98652566,88574.61958086006,183.0
2026-09-26 21:06:00+00:00,1.516589518724915,1.5173158948515069,1.5165894883983888,1.5172178567635457,51774.859543800005,78553.74143127786,143.0
2026-09-26 21:07:00+00:00,1.5162857094364546,1.5164337195407067,1.515465517887051,1.515965573442813,136576.52327951,207045.30743224808,232.0
2026-09-26 21:08:00+00:00,1.515969625914695,1.5160630231749492,1.5150043152411232,1.5153542877632722,51695.32002784001,78336.72486148193,161.0
2026-09-26 21:09:00+00:00,1.5152989542224622,1.515790185293119,1.5149967756682732,1.5150949390223,110631.23633387998,167616.82626724156,124.0
2026-09-26 21:10:00+00:00,1.5151391822723943,1.5155958590650593,1.5149993919617912,1.5153257588465046,37787.492354300004,57260.36052668614,129.0
2026-09-26 21:11:00+00:00,1.5154503437948201,1.5158869197569953,1.5148679940056349,1.5158863644360172,75456.78123843005,114383.90578356759,190.0
2026-09-26 21:12:00+00:00,1.515719002357261,1.5173041657416446,1.5155389566385278,1.5172202534873998,22075.610211810003,33493.562921451405,115.0
2026-09-26 21:13:00+00:00,1.5171985309775389,1.5181054688866065,1.5171278041770786,1.5174882867337094,93448.35694318,141806.78707578636,214.0
2026-09-26 21:14:00+00:00,1.5174097718532222,1.517473782330095,1.5170342849380747,1.5173164409729805,31419.844562030004,47673.846726783624,117.0
2026-09-26 21:15:00+00:00,1.517184905342956,1.517585420051374,1.5170396139752633,1.5174280967148668,41854.500120419994,63511.19445668108,113.0
2026-09-26 21:16:00+00:00,1.5175714971361172,1.5175799723308907,1.5172248386530722,1.5174474884788625,51997.94362644001,78904.14896200686,111.0
2026-09-26 21:17:00+00:00,1.5173094904582283,1.5187576986145461,1.5173094904582283,1.5181803472156947,36801.13545051,55870.76059618709,144.0
2026-09-26 21:18:00+00:00,1.5181983461497865,1.5198664194955416,1.5180956353954018,1.5197527035100475,46328.41628604999,70407.73590006339,171.0
2026-09-26 21:19:00+00:00,1.5193859909085077,1.5200823389287879,1.5193801750581026,1.5199754833867885,32766.31965835999,49804.00256152175,127.0
2026-09-26 21:20:00+00:00,1.5200093284182947,1.5201894058068322,1.5192182453485865,1.5194882026614285,25823.525127020002,39238.54178163786,97.0
2026-09-26 21:21:00+00:00,1.5194782217363838,1.519678363020739,1.5180208243028768,1.5185012288790813,79421.20813081002,120601.2021456963,155.0
2026-09-26 21:22:00+00:00,1.5188735430325933,1.5197820361873915,1.5186500181223614,1.519409170226524,104448.37296036005,158699.81569121117,186.0
2026-09-26 21:23:00+00:00,1.5194865638418413,1.520305408892954,1.5189076302641453,1.51890946303396,18953.665204049998,28788.90143760903,148.0
2026-09-26 21:24:00+00:00,1.518719860608547,1.5208429035271562,1.518718700234872,1.5201784432063714,52074.21305095,79162.09612699007,167.0
2026-09-26 21:25:00+00:00,1.5203359984272704,1.5208762803565112,1.5201602775525576,1.5205034826881185,38039.28964775,57838.87238838597,157.0
2026-09-26 21:26:00+00:00,1.5205518432815563,1.5210484654381828,1.520449054907342,1.520855962285958,29127.177491429997,44298.241552402666,122.0
2026-09-26 21:27:00+00:00,1.5209601157769113,1.5225418932295498,1.520869664636344,1.5224120819304001,158456.94031619997,241236.76040310715,219.0
2026-09-26 21:28:00+00:00,1.5221579752403136,1.5241188170433917,1.521968702750017,1.5235516239119369,117662.48503063004,179264.87014193035,216.0
2026-09-26 21:29:00+00:00,1.5234978988930012,1.5248545681283225,1.5233339221460644,1.5248545681283225,74889.23911608002,114195.19836980887,207.0
2026-09-26 21:30:00+00:00,1.5249749145267875,1.5260716329913138,1.5231252287914383,1.5231252287914383,172714.12634102005,263065.2431986795,274.0
2026-09-26 21:31:00+00:00,1.523329143906264,1.5251030165146884,1.5233202498022698,1.5247820426119285,98083.09908814002,149555.34817332233,207.0
2026-09-26 21:32:00+00:00,1.5250281074606065,1.5252900947704786,1.5247549454819518,1.5252191078749453,134566.38811724,205243.22643413045,173.0
2026-09-26 21:33:00+00:00,1.5251371721734257,1.5258313681350006,1.5248072929364271,1.5250781707055951,158350.08699068998,241496.2609988333,202.0
2026-09-26 21:34:00+00:00,1.5250804777589355,1.5279708569285015,1.5248723521563767,1.5279362790664228,375517.0276493999,573766.089952707,493.0
2026-09-26 21:35:00+00:00,1.5275237804374275,1.5275834771716708,1.5256341971414875,1.5262581252058243,167737.02556803005,256009.99817106294,242.0
2026-09-26 21:36:00+00:00,1.5261971851915024,1.5262945154461431,1.525415692272478,1.5257075145887644,38986.58782914001,59482.130019093776,144.0
2026-09-26 21:37:00+00:00,1.5258359844838054,1.5261288885095927,1.525729762238908,1.5259953588463158,35348.980445540015,53942.380099843234,120.0
2026-09-26 21:38:00+00:00,1.5259959210926621,1.5268983059442376,1.5252491228323608,1.5253230298240412,46491.44720252999,70914.47510786749,162.0
2026-09-26 21:39:00+00:00,1.5252595830520712,1.526032339514404,1.5251716784507687,1.525443592862842,204963.72545131,312660.60175899946,220.0
2026-09-26 21:40:00+00:00,1.5252249753632892,1.5255391158859666,1.5237141832837076,1.5240699705343608,136392.44980307,207871.63695247416,329.0
2026-09-26 21:41:00+00:00,1.5240214759162833,1.5244209663936303,1.523192712699368,1.5239768555693636,110862.97127140997,168952.60235728006,178.0
2026-09-26 21:42:00+00:00,1.5240369299091534,1.5242131487103072,1.5239073246767647,1.5240367458947612,6278.6388903299985,9568.876383066825,80.0
2026-09-26 21:43:00+00:00,1.524162192647387,1.5251317034240786,1.52367226083743,1.5244546890164383,81172.37008504,123743.6001947169,270.0
2026-09-26 21:44:00+00:00,1.5241047387941788,1.524764268343819,1.5238621233505363,1.5243180756941532,14652.939714960003,22335.740869570265,127.0
2026-09-26 21:45:00+00:00,1.52400393825718,1.5242479497662536,1.5230900694037317,1.5237366613210293,18108.839127980005,27593.102073267873,141.0
2026-09-26 21:46:00+00:00,1.5238626491649088,1.5242079638400574,1.5232925471527738,1.5235084046199345,12105.831560539995,18443.336127395938,112.0
2026-09-26 21:47:00+00:00,1.5231634258493283,1.5231680260756935,1.5224448536912345,1.5226918575123018,113163.73210644,172313.49344417965,160.0
2026-09-26 21:48:00+00:00,1.5228508204983537,1.5235787229896387,1.5226978907666548,1.523051671919578,43221.30044340999,65828.27390287399,167.0
2026-09-26 21:49:00+00:00,1.5228727796891637,1.5229241378168084,1.521424574487179,1.5216489557908588,24817.04804383,37762.83524170549,130.0
2026-09-26 21:50:00+00:00,1.521558882627593,1.5216822159118353,1.5202500089698867,1.5209365340697854,72203.59058952,109817.07881861832,195.0
2026-09-26 21:51:00+00:00,1.5211446381039062,1.5217862295160212,1.5206315418832599,1.5216333539586238,51340.69976952,78121.72118487746,185.0
2026-09-26 21:52:00+00:00,1.521756770174819,1.5233469061654779,1.521600870907319,1.522853840174312,18300.823669999998,27869.47960421244,159.0
2026-09-26 21:53:00+00:00,1.5222162516698858,1.5230770254831836,1.5217903935069956,1.5227591210573521,53745.826111329996,81841.94692979015,146.0
2026-09-26 21:54:00+00:00,1.5228431125884854,1.5234840748287917,1.5223030925780656,1.5224606732677675,31466.79288878,47906.9546870294,138.0
2026-09-26 21:55:00+00:00,1.5225810192220104,1.52327519613897,1.5220096244909895,1.5223858132454153,28949.75998429,44072.70389694292,125.0
2026-09-26 21:56:00+00:00,1.521922356276968,1.5237370693657035,1.5217856860646028,1.5236839402241724,29645.032800809993,45169.660386013005,184.0
2026-09-26 21:57:00+00:00,1.5235803664365266,1.5242304078180673,1.5233537100082315,1.5242304078180673,9888.135447420002,15071.796725581276,133.0
2026-09-26 21:58:00+00:00,1.5243874885049404,1.5247600298835633,1.5239813421099175,1.524571165062598,47369.07873322,72217.53155224715,189.0
2026-09-26 21:59:00+00:00,1.524204462584064,1.5244330453082173,1.5239316555961295,1.523931792369248,26597.02722704,40532.05537379675,88.0
2026-09-26 22:00:00+00:00,1.5241138408370365,1.5247066641231755,1.5229668202981055,1.524577531050469,29033.07500567,44263.17381094745,162.0
2026-09-26 22:01:00+00:00,1.5249082206895328,1.5258562507284799,1.5240404230146805,1.5240404230146805,37400.48243892,56999.84707716476,185.0
2026-09-26 22:02:00+00:00,1.5240285185654467,1.5243139240262242,1.5226262283943552,1.522899077068947,45336.48182164001,69042.88632372866,200.0
2026-09-26 22:03:00+00:00,1.5226196309151216,1.5239098714582981,1.5210268074882,1.5233953323949145,61157.75898097003,93167.4445713429,251.0
2026-09-26 22:04:00+00:00,1.5234469781480269,1.5247437458079558,1.5230885482966134,1.5241685802506582,30727.49796008999,46833.886940485354,208.0
2026-09-26 22:05:00+00:00,1.5241168382929795,1.5255828798381121,1.5240968072576417,1.524827723549359,73697.27926053997,112375.65456663056,291.0
2026-09-26 22:06:00+00:00,1.524675226770087,1.5276609729015256,1.5242790320042139,1.5242790320042139,140456.59097351995,214095.0365277288,407.0
2026-09-26 22:07:00+00:00,1.5243586240864675,1.5248629584202964,1.523996173115588,1.5244355006567198,34420.31255440999,52471.54640164277,158.0
2026-09-26 22:08:00+00:00,1.5243806462910099,1.5256529854790228,1.523922077432379,1.525387988172023,56335.908245210005,85934.11774000457,230.0
2026-09-26 22:09:00+00:00,1.5253425417403321,1.5258665991363363,1.524924808500442,1.5258664988293025,70982.06110327,108309.1490553342,226.0
2026-09-26 22:10:00+00:00,1.5257826325018495,1.5269961449872387,1.525493320222023,1.525663916013958,92649.21561135,141351.56510523378,207.0
2026-09-26 22:11:00+00:00,1.5256560362784524,1.5264794234844778,1.5255877873249255,1.5259532555996427,19100.24061858,29146.074354658682,164.0
2026-09-26 22:12:00+00:00,1.5257021110140905,1.5266637956123472,1.5256909925654356,1.5262424251572195,25916.341202409996,39554.6194479682,187.0
2026-09-26 22:13:00+00:00,1.5260832551190289,1.5265968405178867,1.5257054828286007,1.5262971820895714,70115.54170894998,107017.15373105418,199.0
2026-09-26 22:14:00+00:00,1.526262385174149,1.5265188331320843,1.5257689770546505,1.5263021535767551,43892.67311047999,66993.48149476614,170.0
2026-09-26 22:15:00+00:00,1.5264882306371954,1.5264924393077373,1.5256944886469137,1.525887997893906,81276.37915265004,124018.65146130318,146.0
2026-09-26 22:16:00+00:00,1.52592354841558,1.5264845259765494,1.5254466174371895,1.5256154801076143,17370.553933550003,26500.785979068096,145.0
2026-09-26 22:17:00+00:00,1.5256627223895627,1.5256627223895627,1.5240231425034587,1.52408422846102,18881.831544409994,28777.501661293056,177.0
2026-09-26 22:18:00+00:00,1.5241076169941392,1.5250703259645928,1.5235564602277645,1.5235829099054172,86861.09276930003,132340.07647901453,265.0
2026-09-26 22:19:00+00:00,1.5235538832268574,1.5235941818014513,1.5227831871878674,1.5233289314660885,40431.83327736,61590.98138361584,158.0
2026-09-26 22:20:00+00:00,1.5231509252819015,1.52319469852225,1.5222625789067321,1.522577043356962,53023.73601753999,80732.7232133261,129.0
2026-09-26 22:21:00+00:00,1.5225846345722869,1.5228619857812329,1.5224689457040168,1.5225817494263492,16149.037322300002,24588.229497738943,103.0
2026-09-26 22:22:00+00:00,1.5225566931796792,1.5226203992982943,1.5217838946383444,1.5221565467395906,11133.899176129999,16947.53752168481,109.0
2026-09-26 22:23:00+00:00,1.5222327160349516,1.522734404396778,1.5215737852625364,1.5220614852814758,28051.890203220002,42696.70166766592,155.0
2026-09-26 22:24:00+00:00,1.5220626112568731,1.5230420057023515,1.522062478076251,1.5225444488006754,47979.31126901,73050.63402991087,169.0
2026-09-26 22:25:00+00:00,1.522402653619203,1.5226184725342622,1.521726277909267,1.5221903201895095,19952.779508649997,30371.927828942622,147.0
2026-09-26 22:26:00+00:00,1.5221808990295167,1.52250182641466,1.5218327325427283,1.5219698949008216,9766.061610589999,14863.651763064609,87.0
2026-09-26 22:27:00+00:00,1.522048067625003,1.5223546943311494,1.521226690943075,1.5213121931596438,23929.89597221001,36404.84252356494,162.0
2026-09-26 22:28:00+00:00,1.5214294061267242,1.522786790959741,1.5214285439139694,1.5227816119354722,148161.57217799002,225617.71770809346,231.0
2026-09-26 22:29:00+00:00,1.5226223593734083,1.5230511223673946,1.5225248800602036,1.5226125476383507,23283.086237200005,35451.11925250652,156.0
2026-09-26 22:30:00+00:00,1.5226908286467937,1.522825722159487,1.5221178347123914,1.5227556772370745,14516.424994780002,22104.96857398742,118.0
2026-09-26 22:31:00+00:00,1.5226439882810476,1.522960762254566,1.5216711027736423,1.5217877162813023,7845.1750432399995,11938.691012879266,108.0
2026-09-26 22:32:00+00:00,1.5217009459706887,1.522889118945496,1.5216328090330342,1.5225832959940124,9213.668486890001,14028.577732965143,102.0
2026-09-26 22:33:00+00:00,1.5220665705167533,1.5220727280467918,1.5213332164738096,1.5218131467881055,57494.506378030004,87495.89567417864,142.0
2026-09-26 22:34:00+00:00,1.5217802948063524,1.5222940385098398,1.5214011160769298,1.5220823373861285,8921.73377491,13579.613397651781,140.0
2026-09-26 22:35:00+00:00,1.5220116419636052,1.5222387547936527,1.5217291187206983,1.5220654054400837,8150.389269220001,12405.425547549848,88.0
2026-09-26 22:36:00+00:00,1.5220819698621266,1.522252013071622,1.5211268031795764,1.5217806444960706,141665.14514876987,215583.27588712442,211.0
2026-09-26 22:37:00+00:00,1.5216337917066332,1.5216391394815294,1.5210363817261923,1.521244169971995,3675.833973590001,5591.841002108781,117.0
2026-09-26 22:38:00+00:00,1.5212342420723868,1.5212342420723868,1.5207006011435675,1.5208248225992977,26634.53728142,40506.465436029954,167.0
2026-09-26 22:39:00+00:00,1.521052879633451,1.5212576893402605,1.5206952933610403,1.5210798022410752,20199.29228110001,30724.73550834528,135.0
2026-09-26 22:40:00+00:00,1.5208738598552771,1.5209076971987818,1.5199743129941672,1.5199743129941672,19823.06592494,30130.551010698764,137.0
2026-09-26 22:41:00+00:00,1.5201517399658144,1.5209810774107746,1.5199578174533916,1.5208069676856633,12469.999493489997,18964.46211673628,148.0
2026-09-26 22:42:00+00:00,1.5208668852598797,1.521086237679378,1.5206052822803369,1.5209018487277026,21117.151431209997,32117.114651590135,150.0
2026-09-26 22:43:00+00:00,1.5208390597670294,1.52162268313797,1.520589219131407,1.5211281451411824,39225.701657159996,59667.31880361719,201.0
2026-09-26 22:44:00+00:00,1.5211175044030558,1.5214836497752025,1.5208138357520364,1.521021067980863,20905.660837660005,31797.95057414332,143.0
2026-09-26 22:45:00+00:00,1.5210848774177483,1.5218484319208372,1.5210848774177483,1.521755988970149,17877.248098070002,27204.809359543233,125.0
2026-09-26 22:46:00+00:00,1.5216083050499702,1.5230466991628888,1.5215512397508746,1.5226157572161885,84818.44749284,129145.9046552121,197.0
2026-09-26 22:47:00+00:00,1.522630924088013,1.5229595090918409,1.5220839340906223,1.5220966968017229,122708.72173130995,186774.54001598866,210.0
2026-09-26 22:48:00+00:00,1.5222999640672032,1.5228200848449038,1.5219162130953392,1.5224691033787878,81023.87804980998,123356.35096676645,201.0
2026-09-26 22:49:00+00:00,1.5228049134916146,1.5232950510692915,1.522804111044662,1.5231978578771173,25378.027031589994,38655.756411665454,151.0
2026-09-26 22:50:00+00:00,1.5230177073701892,1.523423544484471,1.5225947231775707,1.523142659526208,27576.741549940005,42003.31146544251,174.0
2026-09-26 22:51:00+00:00,1.5231121883780896,1.5239595278272597,1.522760593040693,1.5234625496226182,10104.196079230005,15393.364320750607,136.0
2026-09-26 22:52:00+00:00,1.5231570984964673,1.524435494668272,1.5230650533014864,1.523280024753514,106370.51671511999,162032.08333485207,183.0
2026-09-26 22:53:00+00:00,1.5234615053808738,1.5235674416548766,1.5233517714455327,1.5234577835312375,5434.08485711,8278.598871933462,101.0
2026-09-26 22:54:00+00:00,1.5233211789417447,1.523349851404725,1.5221570976508976,1.5221997991921297,39554.8660733,60210.40919384884,109.0
2026-09-26 22:55:00+00:00,1.5222583547287023,1.522601625483338,1.5216233005030455,1.522587274470104,31300.74751202001,47658.119843203436,130.0
2026-09-26 22:56:00+00:00,1.522706600279073,1.5229774140439398,1.5223501205318883,1.5223508663322765,5908.28051421,8994.4759593417,86.0
2026-09-26 22:57:00+00:00,1.522568463340436,1.5226660092972977,1.521740062609079,1.521746029300234,4306.614727,6553.573860538162,62.0
2026-09-26 22:58:00+00:00,1.5218869071032493,1.5220768239299647,1.521698375796298,1.5219817469070767,7167.25478041,10908.43095121651,69.0
2026-09-26 22:59:00+00:00,1.5219897542231753,1.5223787422364605,1.5216212577808657,1.521817811252714,8404.264385810004,12789.759232802515,91.0
2026-09-26 23:00:00+00:00,1.5218056959346977,1.5222636608259226,1.5216504587385271,1.522097133804131,30270.683010539997,46074.91984863633,143.0
2026-09-26 23:01:00+00:00,1.5222043280123134,1.5241371267390453,1.5221687003593056,1.52389987489764,15686.938950940003,23905.324304864385,175.0
2026-09-26 23:02:00+00:00,1.5238460036908945,1.524127174187931,1.523667955141819,1.5236925248222497,28170.956402059994,42923.87568691231,118.0
2026-09-26 23:03:00+00:00,1.523806670539141,1.5253779715586042,1.523803845601945,1.5249344258791049,31604.242430510014,48194.39728611383,165.0
2026-09-26 23:04:00+00:00,1.524929215249763,1.5257041335929113,1.5246544303520218,1.5255566941874927,54392.79741278001,82979.29620865069,186.0
2026-09-26 23:05:00+00:00,1.5254775542881747,1.5260513449288655,1.5249983694652622,1.5255926025619726,23548.373249240005,35925.2240314088,108.0
2026-09-26 23:06:00+00:00,1.5255821169151063,1.526366291196806,1.525406137206236,1.5262783013423709,20966.29860845,32000.406625541982,132.0
2026-09-26 23:07:00+00:00,1.5262716860985175,1.5265132082416968,1.5258851895016439,1.526054800995278,44623.560286690015,68097.99841300552,154.0
2026-09-26 23:08:00+00:00,1.5260406186269606,1.5261046603206923,1.5258531370809587,1.5260025881715478,44732.35762398,68261.69350920875,93.0
2026-09-26 23:09:00+00:00,1.5262421834497042,1.5270362698676108,1.5262421683248042,1.5268859231971532,25629.052561319993,39132.639580759445,129.0
2026-09-26 23:10:00+00:00,1.5270563642044053,1.527213804992461,1.5268258741987895,1.5268316615299478,47559.065597099994,72614.68714643196,112.0
2026-09-26 23:11:00+00:00,1.5268177643789935,1.5275920940850671,1.5268135822719182,1.5269476088373524,39502.00421556001,60317.49088123237,138.0
2026-09-26 23:12:00+00:00,1.5268975981928394,1.527780805577653,1.5266461638878686,1.5276037968807208,19244.97943611,29398.703657493028,102.0
2026-09-26 23:13:00+00:00,1.5274740532902038,1.5277750860822334,1.5271113190564727,1.5277750860822334,11626.39005738,17762.509070739354,66.0
2026-09-26 23:14:00+00:00,1.5277828665225759,1.5277870320674907,1.527314805403574,1.5275017489472196,10236.437427469999,15636.1760734492,64.0
2026-09-26 23:15:00+00:00,1.5276338643480905,1.5283733756091509,1.5273628646327497,1.5276299181136797,81905.11741555999,125120.70781062322,216.0
2026-09-26 23:16:00+00:00,1.5276101851634536,1.5278732617250663,1.5273055128055064,1.5277196539529594,166722.02580372983,254704.5155672105,236.0
2026-09-26 23:17:00+00:00,1.5279810209736515,1.52888197562059,1.5278078362387875,1.5288347055164897,74015.35632343,113157.24548842915,185.0
2026-09-26 23:18:00+00:00,1.5288856557777986,1.5297411826584313,1.5288254005435757,1.5293404633195538,100465.09861171001,153645.34045827723,209.0
2026-09-26 23:19:00+00:00,1.5292780727366122,1.529278139822943,1.528653769954603,1.5287407108016993,49203.685907119994,75219.67776771418,135.0
2026-09-26 23:20:00+00:00,1.528742524688745,1.5292841519316611,1.528701911670855,1.528769726887345,33781.239971810006,51643.73700561985,110.0
2026-09-26 23:21:00+00:00,1.5288182213131336,1.5303831800776004,1.5288182213131336,1.5294007916444945,111984.23722517006,171268.78106387996,183.0
2026-09-26 23:22:00+00:00,1.5291631439692663,1.5292353384125388,1.5284520450677292,1.5286330002338118,67942.90458733999,103859.76608394514,127.0
2026-09-26 23:23:00+00:00,1.5285602882597493,1.5285770320609364,1.5278045375294542,1.5278924404876313,36961.32123948,56472.92331223642,111.0
2026-09-26 23:24:00+00:00,1.5277478535217683,1.528055991431542,1.527389024300264,1.5277776703051549,50576.104336740005,77269.04285669509,118.0
2026-09-26 23:25:00+00:00,1.52792600451882,1.5281771289497008,1.527742528189969,1.5281279830262098,13199.677657530001,20170.796795397444,81.0
2026-09-26 23:26:00+00:00,1.5282114210199986,1.5282243916727807,1.5278203684654788,1.5279447302936087,26695.474075290003,40789.208936029005,95.0
2026-09-26 23:27:00+00:00,1.527901424605349,1.5283519260742167,1.5278339703596067,1.5282271455485228,23828.43788155,36415.265606601446,84.0
2026-09-26 23:28:00+00:00,1.5282135694969947,1.5282973927055126,1.5279934095285235,1.528069797692876,11496.639674230002,17567.667861148533,63.0
2026-09-26 23:29:00+00:00,1.528080279515655,1.5288656271329106,1.5279762593073243,1.5284720935671732,169380.1952769501,258892.90168377655,187.0
2026-09-26 23:30:00+00:00,1.5283063631467435,1.5289726302552689,1.5283030004932556,1.5285929235183082,52914.72531338,80885.07466394776,86.0
2026-09-26 23:31:00+00:00,1.52866505659373,1.5290597363426197,1.5283758554737674,1.528381898046696,89720.79223583,137127.63473165114,108.0
2026-09-26 23:32:00+00:00,1.5286241273823253,1.5290376500369092,1.5286167449210972,1.5288937226644572,80718.22830716,123409.59256341342,100.0
2026-09-26 23:33:00+00:00,1.529030490438827,1.5295999778628027,1.528866668793041,1.5295225050125767,23213.885014830004,35506.15955895671,111.0
2026-09-26 23:34:00+00:00,1.5295013649144473,1.5299637276994078,1.5293099181932002,1.5295861526604853,39453.84765597,60348.05904374806,113.0
2026-09-26 23:35:00+00:00,1.529485356357638,1.5299341691995125,1.529312768126993,1.529759525328796,68116.75413990002,104202.25347999176,132.0
2026-09-26 23:36:00+00:00,1.5295337533564668,1.5297137758133834,1.5286552521417505,1.529276444729532,74099.45624730001,113318.55300626246,177.0
2026-09-26 23:37:00+00:00,1.5291854918049776,1.529654968543609,1.528884077749347,1.5294467265833733,34068.57759566,52106.07448303384,96.0
2026-09-26 23:38:00+00:00,1.5292283654620529,1.5297006345127504,1.5291911982896045,1.5296822301925608,20596.13325847,31505.539056159563,102.0
2026-09-26 23:39:00+00:00,1.5297568006675153,1.5299513099883644,1.5288689671052593,1.5290052314315492,84810.50523155999,129675.706179408,178.0
2026-09-26 23:40:00+00:00,1.5290303662879354,1.5298736216618447,1.5289238384656514,1.529522622058249,33881.11701536001,51821.9349355958,152.0
2026-09-26 23:41:00+00:00,1.5294924862552766,1.5296148093205697,1.5289593186464678,1.5290338137531183,30384.47932684,46458.89630402094,128.0
2026-09-26 23:42:00+00:00,1.529199261857905,1.5292014765474635,1.5287288480986674,1.5287288480986674,19608.409485920005,29975.94124645747,122.0
2026-09-26 23:43:00+00:00,1.5287405260328197,1.5287499921439944,1.5276743570473112,1.5277952708997207,70622.45522202,107896.65310752943,125.0
2026-09-26 23:44:00+00:00,1.5277764621648267,1.5285775508764587,1.5276979478175834,1.5283350042770538,28278.78967428,43219.46413779063,141.0
2026-09-26 23:45:00+00:00,1.5283807470489517,1.5287906442927783,1.527828723520195,1.5283223498881313,19128.027262239993,29233.791574150866,140.0
2026-09-26 23:46:00+00:00,1.5281773715974745,1.5288501124381342,1.5281556569304184,1.5283944049352216,28175.393246210002,43063.113394356995,122.0
2026-09-26 23:47:00+00:00,1.528439426685609,1.5289018154980627,1.5282475730495846,1.5285713702916537,84534.63305446,129217.21988515805,112.0
2026-09-26 23:48:00+00:00,1.528670962351627,1.5294681617731054,1.5285219641452448,1.5291646280044082,10808.64716563,16528.2009222615,126.0
2026-09-26 23:49:00+00:00,1.5292740167319847,1.529274782334442,1.5289855870508833,1.529085649464254,59211.45328404999,90539.38350056391,118.0
2026-09-26 23:50:00+00:00,1.528960948407359,1.5294214319840918,1.5288048433396904,1.5290348847995434,56820.12179387003,86879.94838138609,127.0
2026-09-26 23:51:00+00:00,1.5290999444926996,1.5298878574389494,1.5286042826436672,1.5288268195167616,94834.88413363998,144986.1142892734,196.0
2026-09-26 23:52:00+00:00,1.5288128223896849,1.5290490820192368,1.5285997670895228,1.528616255867613,9118.278757640004,13938.349134460854,89.0
2026-09-26 23:53:00+00:00,1.5286328039941866,1.5287961351024275,1.5285798170444853,1.5287431192804077,11236.81903484,17178.209782110764,74.0
2026-09-26 23:54:00+00:00,1.5287799366696617,1.5290532538408284,1.528312291929453,1.528312291929453,20660.01118577,31574.949046612284,99.0
2026-09-26 23:55:00+00:00,1.5282891991596639,1.5285508184891512,1.5282201906714068,1.5285150530859115,22870.12779148,34957.334595275635,71.0
2026-09-26 23:56:00+00:00,1.5284240631202006,1.52843410466996,1.5267966990253552,1.5278835651908353,242063.27829860998,369844.5046486616,163.0
2026-09-26 23:57:00+00:00,1.5278282986250664,1.5283011139246627,1.5275891628040077,1.52822434107235,38475.89000945998,58799.79165687919,110.0
2026-09-26 23:58:00+00:00,1.527943453424703,1.5280105157674528,1.527195206621293,1.527325768327438,27114.989211949993,41413.42173133171,123.0
2026-09-26 23:59:00+00:00,1.5273785256917851,1.5280370566023407,1.5269589529528635,1.5270476974386873,63934.41490610003,97630.90106944974,159.0
2026-09-27 00:00:00+00:00,1.5270041001558403,1.5279257814038427,1.5267014970037969,1.5276710476990447,114848.76469142994,175451.13268309782,222.0
2026-09-27 00:01:00+00:00,1.5275959238004304,1.5276618970791793,1.5265333969050896,1.5266048418976326,20402.37634874,31146.366520204225,88.0
2026-09-27 00:02:00+00:00,1.5267280817316524,1.526822722189814,1.5256215092381096,1.5259632459608357,192335.9480221,293497.58755875827,152.0
2026-09-27 00:03:00+00:00,1.5259730274941339,1.5265487638473068,1.5253024539447533,1.5253097512687803,78308.48475951003,119444.69541076332,163.0
2026-09-27 00:04:00+00:00,1.525199753409189,1.5254430243914245,1.525097094057379,1.525298362455356,25398.75375125,38740.677505188454,101.0
2026-09-27 00:05:00+00:00,1.525495526751868,1.525505981796132,1.5249055689672308,1.5250971299194818,26941.834850320007,41088.91500498771,120.0
2026-09-27 00:06:00+00:00,1.5250177767147337,1.525123847245895,1.5243849754039032,1.5243876437109418,23028.70835914,35104.67847329589,114.0
2026-09-27 00:07:00+00:00,1.52441809309902,1.5245540020038049,1.5243422404103264,1.5244425353816484,14682.102742719999,22382.02192984593,61.0
2026-09-27 00:08:00+00:00,1.5245776250941536,1.5251345431528371,1.5244341638996923,1.5251345431528371,56762.10024059999,86569.83981884301,144.0
2026-09-27 00:09:00+00:00,1.5257580619582307,1.5257582383356918,1.5251164693428052,1.5256629056973878,42262.460980850024,64478.26902196612,113.0
2026-09-27 00:10:00+00:00,1.5256761099890639,1.5259481350591424,1.5249623140514057,1.5250344594261485,22826.380345139998,34811.01661030624,90.0
2026-09-27 00:11:00+00:00,1.5249152686039602,1.5252873591323686,1.5245274310476242,1.5246282160980433,24751.036976260002,37736.129351692,106.0
2026-09-27 00:12:00+00:00,1.5246940709898456,1.5247781057121743,1.5242286301248322,1.52439669956949,14165.325194289999,21593.57497450422,93.0
2026-09-27 00:13:00+00:00,1.5242843236109755,1.5245721683739548,1.5237908794693609,1.5245191015352018,45805.905813310004,69831.97837551344,129.0
2026-09-27 00:14:00+00:00,1.5245699622046522,1.5245699622046522,1.5235173119435608,1.5236021613094373,15068.895540869999,22959.001814615673,84.0
2026-09-27 00:15:00+00:00,1.5236447653625316,1.523725533991974,1.5230983407853191,1.5232267437625606,19155.62376183,29178.358407473042,96.0
2026-09-27 00:16:00+00:00,1.5232005458131135,1.5233982002271858,1.5224031040731933,1.5227984129013377,130455.56203449999,198657.52282028858,172.0
2026-09-27 00:17:00+00:00,1.5227719359094385,1.5229400693312507,1.5221555618360467,1.522176831864906,78560.61550585998,119583.14882006696,141.0
2026-09-27 00:18:00+00:00,1.5221044360062788,1.522691505483256,1.5221042353182956,1.5225006971478663,72764.24202514002,110783.60921071174,120.0
2026-09-27 00:19:00+00:00,1.522148876174012,1.5221489501925078,1.5211569309089326,1.5212743063790124,27896.05850212,42437.557048520954,120.0
2026-09-27 00:20:00+00:00,1.5214685992800892,1.5215542430910125,1.520968481826149,1.5211001485355764,58939.67190007001,89653.14368183463,134.0
2026-09-27 00:21:00+00:00,1.5210819349216769,1.521472045559814,1.520958388148087,1.5212256421287065,32673.939329860008,49704.434337940686,96.0
2026-09-27 00:22:00+00:00,1.5211125036333355,1.5222002731010287,1.5210696618773845,1.5218293652402042,61068.562471540004,92935.93166219548,144.0
2026-09-27 00:23:00+00:00,1.5216992310093242,1.5221849635619018,1.5210638198185837,1.521193044224455,101378.65693639,154216.50776445377,156.0
2026-09-27 00:24:00+00:00,1.5211731609882784,1.521339993330174,1.5203983265101755,1.5207510765680583,41360.667847720004,62899.28015699407,94.0
2026-09-27 00:25:00+00:00,1.5207366738107229,1.5209385638612458,1.5206634617246555,1.5207932247079972,10834.63886705,16477.24538116757,66.0
2026-09-27 00:26:00+00:00,1.520957926621149,1.521166871751526,1.5203845241189005,1.5203874395596988,40843.713859380005,62098.269536771746,131.0
2026-09-27 00:27:00+00:00,1.5204499538115774,1.520451627212612,1.5196778345693653,1.519678354368477,43644.036892369986,66324.89816259392,139.0
2026-09-27 00:28:00+00:00,1.519667789915122,1.5201426781760987,1.5195254452146953,1.5201426781760987,39896.91761817,60649.00719905613,114.0
2026-09-27 00:29:00+00:00,1.519956874788956,1.5200367352117548,1.5194836084552064,1.5196674863996087,26418.71934208,40147.66881647544,108.0
2026-09-27 00:30:00+00:00,1.5197198572093193,1.5207499094056964,1.5196488054856498,1.5206482474569096,56168.511023420004,85412.54785002774,179.0
2026-09-27 00:31:00+00:00,1.5205642180107062,1.5221290635484601,1.5203647594205563,1.5213516661046045,57755.05262170002,87865.74553198244,197.0
2026-09-27 00:32:00+00:00,1.52139454980614,1.5219856365126758,1.5211928444194716,1.5213900027063683,63687.4557756,96893.4585148018,149.0
2026-09-27 00:33:00+00:00,1.5210233418888273,1.5223276578474068,1.5208165294964076,1.5223276578474068,26818.18098145999,40826.05864123386,136.0
2026-09-27 00:34:00+00:00,1.522575775975328,1.5233698532610975,1.522478104936382,1.5224803968880587,91265.10079960003,138949.32688740373,181.0
2026-09-27 00:35:00+00:00,1.5226811529697837,1.5233644612649373,1.5224086719399619,1.5233637946057657,26163.09914207999,39855.91798772583,77.0
2026-09-27 00:36:00+00:00,1.5231719582402585,1.523346226891027,1.522283588152045,1.522283588152045,22797.72327199,34704.599984182314,78.0
2026-09-27 00:37:00+00:00,1.5220522903731284,1.5220534637818839,1.5203454716076046,1.5206969166109343,40804.19527357,62050.81393730836,95.0
2026-09-27 00:38:00+00:00,1.5205831694263852,1.5224836562847177,1.5205821646335203,1.5223448304422613,28566.261170319995,43487.70001770015,116.0
2026-09-27 00:39:00+00:00,1.522210555394565,1.522210555394565,1.521100258432652,1.5213527505325861,32555.785389339995,49528.83364782098,101.0
2026-09-27 00:40:00+00:00,1.5209809608830895,1.5210402753665484,1.5204641713197447,1.520464216066057,29377.58762446,44667.57073733647,88.0
2026-09-27 00:41:00+00:00,1.52087831577904,1.5209899428199103,1.520600656284779,1.5209089708139394,44535.65957681,67734.68417148606,96.0
2026-09-27 00:42:00+00:00,1.520682941871955,1.5210365111307091,1.5202553730072312,1.5205776199557113,59346.54895878,90241.03416832678,109.0
2026-09-27 00:43:00+00:00,1.5205238072327285,1.5208679856988063,1.5202556131007927,1.5204886635696255,18218.35760181,27700.806202409614,75.0
2026-09-27 00:44:00+00:00,1.5205483920157088,1.520676420355381,1.5200688737332702,1.5200690442170262,23208.314340979996,35278.24019818176,70.0
2026-09-27 00:45:00+00:00,1.5200945190745598,1.521506270481566,1.5200928048842668,1.5214157041047116,53820.022537490004,81882.6274838068,153.0
2026-09-27 00:46:00+00:00,1.521121006962904,1.521121006962904,1.5195705798845949,1.5196492212297203,61620.42840773002,93641.43604164866,118.0
2026-09-27 00:47:00+00:00,1.5194381912132924,1.5195157915062691,1.518746059382346,1.5193074176671273,56589.24947128,85976.46648193127,134.0
2026-09-27 00:48:00+00:00,1.51924248254618,1.5193511851895143,1.5186564376824463,1.5189449334677385,43225.41838236,65657.03024890898,102.0
2026-09-27 00:49:00+00:00,1.5186815336329977,1.5192324009014437,1.5180159456607685,1.5181996032691374,80181.08770438,121730.89554247762,147.0
2026-09-27 00:50:00+00:00,1.5181422494468342,1.5182294180568987,1.5169495096509331,1.5173834548475333,100181.51491033004,152013.77320649626,213.0
2026-09-27 00:51:00+00:00,1.5172356866225833,1.5178233671858719,1.5170079058860515,1.5170558257489088,43345.551732989996,65757.62177683318,123.0
2026-09-27 00:52:00+00:00,1.516981542929608,1.517015403826285,1.5158165055520416,1.516745072607231,99577.57244478996,151033.79234782472,236.0
2026-09-27 00:53:00+00:00,1.5166936780384104,1.5168007803156103,1.5155362840659414,1.5159268342939876,52174.172967239996,79092.22885813507,124.0
2026-09-27 00:54:00+00:00,1.5159003374846058,1.5169003897693292,1.5158656568793965,1.516134544443787,96903.91493494001,146919.37292470477,121.0
2026-09-27 00:55:00+00:00,1.5162854462667703,1.5163860378237506,1.5155381611200915,1.516276257500442,20844.56822918,31606.12390375367,91.0
2026-09-27 00:56:00+00:00,1.515903411464266,1.5163467332570595,1.515903411464266,1.516206663959219,14725.30136927,22326.60006489499,76.0
2026-09-27 00:57:00+00:00,1.5164055410873996,1.5170703624673385,1.516310498986205,1.5170703624673385,27221.81105933,41297.40277079517,100.0
2026-09-27 00:58:00+00:00,1.5172575256392251,1.5178093771666261,1.5170145891491487,1.5176307516603176,22020.45733927,33418.92322370029,107.0
2026-09-27 00:59:00+00:00,1.5175719898737046,1.5175723387069446,1.516777147954235,1.5173163613537648,17145.693454030003,26015.441204555867,78.0
2026-09-27 01:00:00+00:00,1.5172594398447563,1.5179704224312989,1.5172007362113256,1.5175872732140199,18027.10832793,27357.710171317038,91.0
2026-09-27 01:01:00+00:00,1.5173784114833626,1.5173808278942826,1.5159146600203792,1.5165605533919142,34045.50229522,51632.06580134453,133.0
2026-09-27 01:02:00+00:00,1.5167013782920917,1.5168792330783962,1.5161907017662843,1.5166246486691308,37283.861442789996,56545.62326169993,107.0
2026-09-27 01:03:00+00:00,1.5163660488229853,1.5163668471768097,1.515875208450269,1.516042128264254,26033.81807436,39468.364960297135,93.0
2026-09-27 01:04:00+00:00,1.5156509123771453,1.5158875901591577,1.5154696982498241,1.515671105678368,16473.37850302,24968.223809930587,61.0
2026-09-27 01:05:00+00:00,1.515620855153831,1.5156252918543565,1.5143844708766427,1.5145881845614788,103417.57202004,156635.03265758837,215.0
2026-09-27 01:06:00+00:00,1.5149587485222256,1.5158846510182755,1.514871773378336,1.5153994002597053,86554.40916939997,131164.49974514186,155.0
2026-09-27 01:07:00+00:00,1.5154192187980489,1.517104989516615,1.5154191982229002,1.517104989516615,44753.579779800006,67895.87918266449,158.0
2026-09-27 01:08:00+00:00,1.5170361820247855,1.5172840843269486,1.516934799657463,1.517174999734483,21050.37561593,31937.103619509366,84.0
2026-09-27 01:09:00+00:00,1.5171902850161063,1.5184416399870009,1.5171902850161063,1.5178392797207225,88159.90596651006,133812.56817245425,190.0
2026-09-27 01:10:00+00:00,1.5178491211750798,1.5196739635646321,1.5177712406450605,1.5190786216119072,188685.35830644006,286627.8940144958,249.0
2026-09-27 01:11:00+00:00,1.5190248295741247,1.5200792494475972,1.5188293597962021,1.5200197171355145,75044.44820648001,114069.04093540451,136.0
2026-09-27 01:12:00+00:00,1.5200415763612565,1.5201249545328668,1.519613903741222,1.5198078355475513,59680.94611358999,90703.56953632525,99.0
2026-09-27 01:13:00+00:00,1.5193588404452067,1.5200811358541886,1.519356671676576,1.5195175421014016,80835.36034910995,122830.74807256064,146.0
2026-09-27 01:14:00+00:00,1.5195074245685212,1.519855911055898,1.5192895398984243,1.519823103544822,42732.35958108,64945.62736031032,87.0
2026-09-27 01:15:00+00:00,1.5196348206799397,1.5200424444324703,1.5189553524576125,1.5200424444324703,57418.314884720014,87278.2757125631,108.0
2026-09-27 01:16:00+00:00,1.5200047426562522,1.5204058905564457,1.51823570628125,1.5184845457458587,189876.71514383005,288324.8575428946,289.0
2026-09-27 01:17:00+00:00,1.5185962595069293,1.5193853608868992,1.5178696284077065,1.5179672036024092,212137.86382233,322018.31992457097,146.0
2026-09-27 01:18:00+00:00,1.5188202540222866,1.519172319987529,1.5180039658415678,1.518303842773898,157238.25714211995,238735.45004995103,174.0
2026-09-27 01:19:00+00:00,1.518360489234038,1.518364517571557,1.5174963971568374,1.5179829477254274,37884.07196450999,57507.3752325291,115.0
2026-09-27 01:20:00+00:00,1.517697685873565,1.5178810872484199,1.517408029656786,1.5177708455671401,40521.36562092,61502.14736199899,115.0
2026-09-27 01:21:00+00:00,1.5175946386685513,1.5175947243480603,1.5165903562374887,1.5166988383382367,396305.76858807984,601076.4988442827,246.0
2026-09-27 01:22:00+00:00,1.5165828702249569,1.5169250442694606,1.5155188386441223,1.5168838433836085,70553.43315263999,107021.36284448505,193.0
2026-09-27 01:23:00+00:00,1.516797762913511,1.5169789598543977,1.516124155386031,1.5161324462935197,30612.149916299997,46412.07373890388,78.0
2026-09-27 01:24:00+00:00,1.516078402625995,1.5162724913375139,1.5158691339323425,1.5160526790503641,84887.04362750001,128693.22990813653,174.0
2026-09-27 01:25:00+00:00,1.5159424386315656,1.5159594044835707,1.5151854839620478,1.5153894596480082,32035.83320472998,48546.76396948948,103.0
2026-09-27 01:26:00+00:00,1.5154810527677784,1.517548591083531,1.5151613339206171,1.5169401571615198,138751.80069637005,210478.17835479544,225.0
2026-09-27 01:27:00+00:00,1.516966124832938,1.5175227359335364,1.5155239160270848,1.5156767272670515,90062.91594662002,136506.26569010058,175.0
2026-09-27 01:28:00+00:00,1.5157064489540943,1.5170205964004753,1.5154901630443733,1.5161632933891234,88631.65146994998,134380.0565911963,149.0
2026-09-27 01:29:00+00:00,1.5169029074195368,1.5172932812672482,1.5167234476629545,1.5171251769503211,18345.29998818,27832.116490774304,106.0
2026-09-27 01:30:00+00:00,1.5172241422464163,1.5177071131974356,1.5167721877979516,1.5170837047491654,56012.320750560015,84975.37907585815,97.0
2026-09-27 01:31:00+00:00,1.5175731947534152,1.5186536972654012,1.516995661000736,1.5170021912904796,123310.39687007004,187062.14226079494,219.0
2026-09-27 01:32:00+00:00,1.517282256132241,1.5177480493476347,1.5170918159018856,1.5171805577973065,63354.78192176001,96120.64337518257,117.0
2026-09-27 01:33:00+00:00,1.5170182237710237,1.5179310700294244,1.5156002576369376,1.5159533812984622,127949.11402685,193964.89204314575,222.0
2026-09-27 01:34:00+00:00,1.516048400740205,1.5160689385813513,1.515502170702067,1.5157873890601954,21556.796601240007,32675.520436695282,57.0
2026-09-27 01:35:00+00:00,1.5155204850447876,1.516614570168312,1.5150923720113376,1.5163713984680929,26843.79254450999,40705.15924090598,124.0
2026-09-27 01:36:00+00:00,1.5163745662035506,1.5171186400442358,1.5163745662035506,1.5167525001107396,25620.40315739999,38859.81054283152,112.0
2026-09-27 01:37:00+00:00,1.5167435745669244,1.517348164083019,1.5167433828562191,1.517066302774153,15061.410597950002,22849.158490395457,125.0
2026-09-27 01:38:00+00:00,1.517278910086303,1.5174665466876367,1.5163927691213255,1.5165916594791224,18158.84205097,27539.548400299864,93.0
2026-09-27 01:39:00+00:00,1.5165941843117803,1.517777595084655,1.5164028208269114,1.5177770909631882,25708.089920949995,39019.14993443954,105.0
2026-09-27 01:40:00+00:00,1.5175868428786379,1.5192572571094267,1.5173044888474816,1.519253302457144,88349.20606526997,134224.82308412815,210.0
2026-09-27 01:41:00+00:00,1.5190019111910245,1.520663562448312,1.5190019111910245,1.520663562448312,46101.32634074999,70104.60714691709,154.0
2026-09-27 01:42:00+00:00,1.5204402719365306,1.5213816193057443,1.5202557323393828,1.5210348161026155,100679.58244094001,153137.1501633433,172.0
2026-09-27 01:43:00+00:00,1.5209307614202834,1.5210223462506123,1.5206596024530155,1.5208624761552383,24623.465141210003,37448.90416618284,71.0
2026-09-27 01:44:00+00:00,1.5206642139788642,1.520756341439866,1.5199575102891834,1.5203673090839565,65105.942654969986,98984.94683971109,138.0
2026-09-27 01:45:00+00:00,1.5204335974856509,1.5209557676615892,1.5201579290100178,1.5201757026963485,18580.12079277,28245.04818233217,82.0
2026-09-27 01:46:00+00:00,1.5199256764330336,1.5201680680078806,1.519202994556499,1.5194101810418852,45133.960693760004,68576.99938884322,121.0
2026-09-27 01:47:00+00:00,1.5193990731690576,1.5203838329854504,1.519397966644384,1.5199916540056122,19456.7362533,29574.076719204426,82.0
2026-09-27 01:48:00+00:00,1.520023535444167,1.5206783379355184,1.5198716271311212,1.5206783379355184,9750.302927370001,14827.074449960834,81.0
2026-09-27 01:49:00+00:00,1.520577675919943,1.520690708585401,1.5202423735807638,1.5203981750361129,11099.93720055,16876.32426273168,62.0
2026-09-27 01:50:00+00:00,1.5202172448559266,1.5218194103834577,1.519970767165979,1.521417421380564,32304.33105329999,49148.37205053575,135.0
2026-09-27 01:51:00+00:00,1.5215404937694874,1.5251751681625758,1.5213916395612,1.5246845027425355,161181.83533247007,245751.44645501638,300.0
2026-09-27 01:52:00+00:00,1.5246495668847944,1.5254629266610369,1.5221989701219363,1.5226648233696016,149858.42007962003,228184.14474098218,253.0
2026-09-27 01:53:00+00:00,1.5224491214590252,1.5244829174019583,1.5224268117276436,1.5231063240153278,143193.03913144005,218098.22345607064,295.0
2026-09-27 01:54:00+00:00,1.5229186718578747,1.5256501745828446,1.5224415588100686,1.5250852172680798,243832.63098092002,371865.54099658394,460.0
2026-09-27 01:55:00+00:00,1.5250990922710108,1.5253893735035842,1.5239056122345582,1.524594121003937,79379.76612866005,121021.92476642257,149.0
2026-09-27 01:56:00+00:00,1.52417337089592,1.5241767701723765,1.5227049843071843,1.5227061173993364,73419.05386452,111795.64245317598,101.0
2026-09-27 01:57:00+00:00,1.5227504446422313,1.5238509003013123,1.5226611019963825,1.523025150597482,34890.56830318,53139.21304438245,113.0
2026-09-27 01:58:00+00:00,1.5229757181041654,1.5232660155061495,1.522391342777374,1.5227813977221611,102249.72544175002,155703.97982489533,156.0
2026-09-27 01:59:00+00:00,1.5225556952759687,1.5235942707034573,1.5221859172606242,1.523224698378415,247719.11373138987,377331.8722960646,259.0
2026-09-27 02:00:00+00:00,1.5232607695951943,1.525260372682572,1.522847132708773,1.524501375038143,103175.64237835002,157291.40867623832,196.0
2026-09-27 02:01:00+00:00,1.5245412210003673,1.5248099457062367,1.5243027584422442,1.5244053192870584,24429.8488737,37240.99157244723,100.0
2026-09-27 02:02:00+00:00,1.524488171182327,1.526985169215234,1.5241280708031448,1.524223446112035,629596.3439000902,959645.5089589334,483.0
2026-09-27 02:03:00+00:00,1.5242895153285843,1.5249892602329957,1.5241023778131466,1.524296257306763,22006.64020837999,33544.639305530145,88.0
2026-09-27 02:04:00+00:00,1.5242777422287488,1.5246837927977885,1.523627580109957,1.524331187496074,130475.36666442007,198887.67060656112,215.0
2026-09-27 02:05:00+00:00,1.5240070832223143,1.5249859794813574,1.523906899904276,1.524009609408218,77414.66301895,117980.69034997882,169.0
2026-09-27 02:06:00+00:00,1.523892110080629,1.524240173589188,1.5230119198941832,1.5242328351265138,58279.533077860026,88831.57793311603,181.0
2026-09-27 02:07:00+00:00,1.5243824433648736,1.5257770710651781,1.5242619669496298,1.5257757849116536,117342.13459161994,179037.7875097378,216.0
2026-09-27 02:08:00+00:00,1.5257794396384012,1.5267391476053727,1.5256871529797642,1.5267303316688607,79932.3187784,122035.09555960774,186.0
2026-09-27 02:09:00+00:00,1.5266414170348805,1.5278159039295562,1.5266414170348805,1.5277082380969902,29128.909998090003,44500.47577086788,136.0
2026-09-27 02:10:00+00:00,1.5277788910432535,1.5277788910432535,1.5267992575456406,1.5268810602966219,64746.55405210001,98860.28710162299,162.0
2026-09-27 02:11:00+00:00,1.526894632256635,1.527883897059567,1.5255990194688793,1.5257036906727888,188705.94989809013,287909.3642114305,288.0
2026-09-27 02:12:00+00:00,1.5258032998915325,1.5259926720888695,1.5251251218404198,1.525219458204511,20934.354049219994,31929.484140812732,127.0
2026-09-27 02:13:00+00:00,1.5250762328448737,1.5256416473778225,1.5245960007557138,1.5245960007557138,27292.782664039994,41610.467299090255,166.0
2026-09-27 02:14:00+00:00,1.52486443983804,1.5266067553889104,1.5248113578606983,1.5256302433138422,135120.69616776996,206144.22057117062,230.0
2026-09-27 02:15:00+00:00,1.5257767764562837,1.5260818530492177,1.5251641655855854,1.5257281818549215,17753.94788893,27087.69863332419,122.0
2026-09-27 02:16:00+00:00,1.5256156701807364,1.5264348809583304,1.5253749943705008,1.52607622141328,57450.82715560002,87674.34122268553,153.0
2026-09-27 02:17:00+00:00,1.5259248877559095,1.526882825670637,1.525924795773691,1.5266090472150766,26950.618367130002,41143.057827301476,129.0
2026-09-27 02:18:00+00:00,1.5266122467603143,1.5271774517693721,1.526272833345575,1.5263412900788802,31148.76167989001,47543.6410868429,113.0
2026-09-27 02:19:00+00:00,1.526241865006363,1.5268266189705941,1.5258217998911128,1.5266867127717416,93570.84234031002,142853.3617038108,148.0
2026-09-27 02:20:00+00:00,1.5271138725791997,1.5275828265699665,1.527006272901416,1.5271899119245338,61526.88647199,93963.2403321492,127.0
2026-09-27 02:21:00+00:00,1.5272760434943822,1.5279762797973764,1.5265852444815855,1.5279745763296122,45045.45951008001,68828.31691048719,179.0
2026-09-27 02:22:00+00:00,1.5280212752063236,1.529133528054592,1.526457924878217,1.5272725810725944,200678.15875402006,306490.24948514806,367.0
2026-09-27 02:23:00+00:00,1.5272855679031945,1.5279997831472847,1.5271959613245436,1.5276080128191492,84376.35474159993,128893.99559573906,146.0
2026-09-27 02:24:00+00:00,1.5275319051206897,1.5276646651257741,1.5264293589701503,1.526632697249317,35000.44730975,53432.82728141624,138.0
2026-09-27 02:25:00+00:00,1.5265390834025416,1.527088443073609,1.5257581772600362,1.5268171507875195,23172.840676850006,35380.69057788126,121.0
2026-09-27 02:26:00+00:00,1.52677290441596,1.5268342691070038,1.5259485270959798,1.5264345799648915,24035.161341280003,36688.10140636514,136.0
2026-09-27 02:27:00+00:00,1.526582761346076,1.527117135126785,1.5265029013401366,1.5269145760808844,12927.221721430002,19738.763274680892,72.0
2026-09-27 02:28:00+00:00,1.5267767796410652,1.5270623821304241,1.5258911995652755,1.5260841843952124,64864.94994209,98989.3742282107,159.0
2026-09-27 02:29:00+00:00,1.5260322882472717,1.5267291234940068,1.5259314959785737,1.5265297204781345,26659.346190320004,40696.284288039016,94.0
2026-09-27 02:30:00+00:00,1.526349376208446,1.526439237469201,1.5255818851243448,1.5258370784176365,20613.657372050002,31453.08274007095,103.0
2026-09-27 02:31:00+00:00,1.525750405425831,1.526503120511255,1.5252004646529012,1.526503120511255,22403.84852303,34199.54468186676,118.0
2026-09-27 02:32:00+00:00,1.526407742434686,1.526407742434686,1.5252088137421245,1.525485886577202,29438.176925500004,44907.5234264129,105.0
2026-09-27 02:33:00+00:00,1.5252658810569866,1.5253687730710337,1.5249347444897121,1.5252654754487605,15119.380807330002,23061.06955558306,96.0
2026-09-27 02:34:00+00:00,1.5252395740940965,1.5252489788901709,1.5245634984076266,1.5247346816382843,8519.620586320003,12990.160982361604,73.0
2026-09-27 02:35:00+00:00,1.524743058702988,1.5248526315621747,1.5245262702486115,1.5247781332258947,24354.623146500006,37135.396816740446,73.0
2026-09-27 02:36:00+00:00,1.5247506394414005,1.5248458742106508,1.5231491073062002,1.5233390938380598,84584.83849096991,128851.39121927274,169.0
2026-09-27 02:37:00+00:00,1.5233925388516159,1.5236806230695712,1.522996848293236,1.5231864829150203,31775.570633810003,48400.11967633086,93.0
2026-09-27 02:38:00+00:00,1.5232166157639107,1.5232191920779317,1.522932144487207,1.5229358712915366,17268.330137360004,26298.559403490257,89.0
2026-09-27 02:39:00+00:00,1.5229507934320712,1.5232232404286756,1.5225222756722188,1.5226848186667497,16457.87579872,25060.15762621385,82.0
2026-09-27 02:40:00+00:00,1.522645036560262,1.5228414806270787,1.5223865491746826,1.5225001741156978,111322.75200819,169488.90931550792,119.0
2026-09-27 02:41:00+00:00,1.522501090175354,1.522984511778314,1.5224964183417835,1.522590934065702,21009.315817149993,31988.593794115735,82.0
2026-09-27 02:42:00+00:00,1.5223948828281761,1.5226485410331638,1.5220946343713178,1.5225555012558594,6193.718881549999,9430.28075633624,57.0
2026-09-27 02:43:00+00:00,1.5224534659369695,1.5226349747386625,1.5221463410047387,1.5225366788750163,22722.283469280002,34595.51000977426,82.0
2026-09-27 02:44:00+00:00,1.5221279394014646,1.5227970755524205,1.5221125950833312,1.5224176189329586,13362.30340631,20343.006135294232,60.0
2026-09-27 02:45:00+00:00,1.5227843994166324,1.523377119693962,1.522769719889584,1.5231848372715713,32682.693366600004,49781.78297720129,88.0
2026-09-27 02:46:00+00:00,1.5230752118353728,1.5234334780295973,1.5227621750436438,1.5228174537058101,23130.19587297,35223.06598299282,99.0
2026-09-27 02:47:00+00:00,1.5227756989984311,1.523159234573083,1.5221895720164034,1.5221970174522237,56705.32963551999,86316.68364483373,149.0
2026-09-27 02:48:00+00:00,1.5222144013339673,1.5223918826780265,1.5213817897113115,1.5214519515030935,27683.18866098,42118.64141207633,125.0
2026-09-27 02:49:00+00:00,1.5215578616448755,1.5221630152386756,1.5214893605005584,1.5220691701364268,44633.04311246999,67934.57889086056,110.0
2026-09-27 02:50:00+00:00,1.5221292192614653,1.5229683240467902,1.522129102029885,1.5228601183848727,22689.278011540002,34552.596598721095,70.0
2026-09-27 02:51:00+00:00,1.5228365559750452,1.5233495422139693,1.522801163331279,1.5230534391347827,4946.754167939999,7534.170948035337,57.0
2026-09-27 02:52:00+00:00,1.5229810485618527,1.5234849088689213,1.5224995704390751,1.5225142616141316,213566.35080908998,325157.81490772625,186.0
2026-09-27 02:53:00+00:00,1.5223399005295757,1.5224925499048818,1.5220401633105562,1.5221283434537802,10842.553281550001,16503.757665255052,64.0
2026-09-27 02:54:00+00:00,1.521896957593937,1.521896957593937,1.520923639344391,1.5210585678989008,15437.672305689997,23481.60372898535,98.0
2026-09-27 02:55:00+00:00,1.5210765685601328,1.5211285542057498,1.5203814541266043,1.5203814541266043,29204.418619430002,44401.85644753106,108.0
2026-09-27 02:56:00+00:00,1.5203707157895872,1.5203707157895872,1.5197206490462614,1.519809570480674,44732.997069430014,67985.63706240368,101.0
2026-09-27 02:57:00+00:00,1.519749668918885,1.52038738704067,1.5196773950817921,1.5200447232671195,29844.074794160002,45364.32841165215,80.0
2026-09-27 02:58:00+00:00,1.5203316186847105,1.5203465918124834,1.5197610688611034,1.5199827143834712,31647.985310850003,48104.39061755401,87.0
2026-09-27 02:59:00+00:00,1.5198260185585526,1.520398462540494,1.51949176303325,1.5202526853908407,32338.652259999995,49162.92294018557,107.0
2026-09-27 03:00:00+00:00,1.520131110690444,1.52049171684271,1.5197860327086818,1.520299747524292,14027.484607,21325.981306422993,68.0
2026-09-27 03:01:00+00:00,1.5202726285812864,1.5203928531084725,1.5197389028445047,1.519957363693669,16582.287280220004,25204.369658454256,81.0
2026-09-27 03:02:00+00:00,1.5199448188898332,1.520430231207428,1.5197029199279115,1.5199078467236604,26357.193881879997,40060.50579868626,93.0
2026-09-27 03:03:00+00:00,1.5198350168930712,1.5202512822848042,1.5198347932493024,1.5201627159631648,14920.89835297,22682.19336486119,70.0
2026-09-27 03:04:00+00:00,1.5199192469734826,1.5199977022584517,1.519150005834261,1.5192287480290732,38744.346389180006,58861.52485803868,106.0
2026-09-27 03:05:00+00:00,1.519362686976356,1.5204869396882807,1.5193028617061186,1.520210888614692,36610.51681376,55655.70629808921,142.0
2026-09-27 03:06:00+00:00,1.5203444197940772,1.5216349793420654,1.5203444197940772,1.5215384264727845,23387.094450929995,35584.36289063841,89.0
2026-09-27 03:07:00+00:00,1.5215888940848115,1.5218637163369593,1.5214919802085485,1.5215837546258273,13093.820500619997,19923.344559730005,60.0
2026-09-27 03:08:00+00:00,1.5215330419036504,1.521779178312139,1.5214274301429265,1.5217068169691998,33575.205312980004,51091.618805902166,71.0
2026-09-27 03:09:00+00:00,1.5213386835409468,1.5213432004653349,1.5203350412344183,1.5205010891685853,113104.20951169997,171975.07375209167,148.0
2026-09-27 03:10:00+00:00,1.51993967674837,1.5200404800613039,1.519462245481644,1.5195646465208381,48687.00898502999,73983.05759849396,112.0
2026-09-27 03:11:00+00:00,1.5196745593367282,1.5198645830534192,1.5185070714705766,1.5190791163760489,59720.29530007,90719.85341414704,148.0
2026-09-27 03:12:00+00:00,1.5188495600983785,1.519313816084771,1.5178821326307097,1.5192918026814175,75877.21473237999,115279.6303532026,111.0
2026-09-27 03:13:00+00:00,1.5194026696881606,1.5200953176556147,1.5194026607640865,1.5200602572659363,22012.969212719996,33461.03964467429,74.0
2026-09-27 03:14:00+00:00,1.5201397216135177,1.5207231114505417,1.5197876498007659,1.5205651694016948,23897.395769639996,36337.547646721985,81.0
2026-09-27 03:15:00+00:00,1.5207279709082735,1.5207279709082735,1.5197426286245916,1.519758121032835,10201.185481039998,15503.334478972785,54.0
2026-09-27 03:16:00+00:00,1.5195129846847528,1.5199234191514885,1.5191573605402229,1.519179601627101,15695.98947501,23845.027037788863,76.0
2026-09-27 03:17:00+00:00,1.5189794503349112,1.5200413507846398,1.5188706920508555,1.5196889043300992,17266.709197419998,26240.026381613643,94.0
2026-09-27 03:18:00+00:00,1.5199296160468383,1.5204058425906137,1.5198387347980014,1.519935482298204,21454.92794962,32610.10626077889,85.0
2026-09-27 03:19:00+00:00,1.5199600080063542,1.5200553167952515,1.5185207743550508,1.5185561770070413,119856.36101132995,182008.617367341,206.0
2026-09-27 03:20:00+00:00,1.5186310752626768,1.5187076654250287,1.517107617099225,1.517260789308762,51441.54939091,78050.24583211777,154.0
2026-09-27 03:21:00+00:00,1.5170987016934914,1.5171873113290257,1.5164158289829377,1.5170605471564964,31014.90751052999,47051.492557932754,116.0
2026-09-27 03:22:00+00:00,1.5170216189157955,1.5174982562452017,1.5162825791099928,1.5162825791099928,33409.62895624999,50658.43836089063,106.0
2026-09-27 03:23:00+00:00,1.5162000943783869,1.5166062902715791,1.5159479446605664,1.516306674541018,52756.678683009995,79995.3040136639,110.0
2026-09-27 03:24:00+00:00,1.5163933050535583,1.516691100038444,1.516096060897331,1.5161959099420437,14687.305253130005,22268.832152866005,79.0
2026-09-27 03:25:00+00:00,1.5160056357242075,1.5166418847719765,1.5153688506664023,1.5160362280720352,51847.69630608,78602.98594209392,140.0
2026-09-27 03:26:00+00:00,1.5159725320692403,1.5164455589229247,1.5157894325602987,1.5157997866828854,43258.29488835001,65570.9141640263,113.0
2026-09-27 03:27:00+00:00,1.5155911375807918,1.5156674135613668,1.5152762163517692,1.5152982319710369,19092.681530150003,28931.10656622237,66.0
2026-09-27 03:28:00+00:00,1.5155154281385876,1.5158582191549554,1.5154949689216233,1.5157117315804856,26228.698458530005,39755.14595768093,59.0
2026-09-27 03:29:00+00:00,1.5155900698999387,1.5157219271551936,1.515303586737231,1.5156176770935295,15347.44574917,23260.860075676,65.0
2026-09-27 03:30:00+00:00,1.5157421017229145,1.516706755561391,1.5153185939770772,1.5167067400557126,50881.53536210002,77172.36762808017,113.0
2026-09-27 03:31:00+00:00,1.5159808246989204,1.5161164821848863,1.5154055371767383,1.5156220970778571,9549.900945969997,14474.040898616859,62.0
2026-09-27 03:32:00+00:00,1.515783620178912,1.5160024892806148,1.5153065912404762,1.5160024892806148,10794.97774624,16365.21313502868,69.0
2026-09-27 03:33:00+00:00,1.5159893905486588,1.5172295651002576,1.5159893905486588,1.5169925776006423,6141.1851027,9316.13221846754,59.0
2026-09-27 03:34:00+00:00,1.5170147544565507,1.5170161478342987,1.5165631977961112,1.516661423978579,6867.367993539999,10415.47212006729,43.0
2026-09-27 03:35:00+00:00,1.516814023592407,1.517002317000562,1.5165715791603658,1.5165765312438375,37816.37635589,57351.42887802713,74.0
2026-09-27 03:36:00+00:00,1.5159179893229333,1.5168966939334945,1.5158535426745687,1.5167946467433937,59040.0438074,89551.62239055977,118.0
2026-09-27 03:37:00+00:00,1.5168864741766945,1.5183131192303314,1.5168864741766945,1.5183131192303314,96664.12082275003,146766.40280404722,140.0
2026-09-27 03:38:00+00:00,1.5177537855097443,1.5177539452971065,1.5164819591740435,1.5169730626235207,64094.64779510002,97229.85416350876,96.0
2026-09-27 03:39:00+00:00,1.517018196704116,1.5172915308515897,1.5169855781001975,1.5169963793148273,2703.4531171099998,4101.128590303254,39.0
2026-09-27 03:40:00+00:00,1.5171908980224535,1.5176351983455847,1.5169532560752166,1.5169532560752166,3658.079594059999,5549.135751191622,52.0
2026-09-27 03:41:00+00:00,1.5170678698554572,1.5170678698554572,1.5166975667199822,1.516882890351174,1910.7016439999998,2898.3106323494594,33.0
2026-09-27 03:42:00+00:00,1.5167781895399242,1.5173243105862737,1.515828119021016,1.516584393465965,216135.93112616008,327788.3800131691,207.0
2026-09-27 03:43:00+00:00,1.5165997641360318,1.5170980472425628,1.5164996395688624,1.5166991814779587,56140.2866105,85147.92675008335,65.0
2026-09-27 03:44:00+00:00,1.516486668653877,1.5165831130437009,1.5160209183049889,1.5163945597394373,63994.342010759996,97040.67207922137,74.0
2026-09-27 03:45:00+00:00,1.5164383749283468,1.5164383749283468,1.5159035144234911,1.5159314519360292,62824.715265639985,95237.96183010924,104.0
2026-09-27 03:46:00+00:00,1.5157950103894902,1.5159402357457288,1.515149226972897,1.5153036349821436,19970.05343497,30260.69456079768,72.0
2026-09-27 03:47:00+00:00,1.5151054675218099,1.5153057004789938,1.5148177408273336,1.5150212723240384,68099.72398954,103172.53048354873,102.0
2026-09-27 03:48:00+00:00,1.5150783954597722,1.5156404701786954,1.5150581778155603,1.5153352915341434,60607.151728180004,91840.1559330757,126.0
2026-09-27 03:49:00+00:00,1.5149395968492123,1.515095515732091,1.5147917826129258,1.514853992571741,10057.876782750001,15236.214801143456,45.0
2026-09-27 03:50:00+00:00,1.5150090019559195,1.515056114718611,1.5149101030984453,1.5150509202386993,11013.29676204,16685.705394190587,36.0
2026-09-27 03:51:00+00:00,1.5150672955600215,1.5152535840128782,1.514909029601118,1.5152529922589415,9533.410121980001,14445.528213761878,45.0
2026-09-27 03:52:00+00:00,1.5152539577526656,1.5161194427735372,1.515202612146087,1.5156284605486983,44896.85082638,68046.94490147088,91.0
2026-09-27 03:53:00+00:00,1.5156349887773781,1.5157543372417246,1.5154260808230868,1.5154318497307526,7986.815298349999,12103.474281036411,38.0
2026-09-27 03:54:00+00:00,1.5155034654901194,1.5157192273811377,1.5149882792410696,1.5150603329912438,12930.47701321,19590.452809369566,85.0
2026-09-27 03:55:00+00:00,1.515074399518122,1.5153545889497126,1.5149842500781512,1.515265005256342,20537.305649110003,31119.46055234977,53.0
2026-09-27 03:56:00+00:00,1.515071410217816,1.5151555586633836,1.5147277411039224,1.5147722344280723,19466.36852435,29487.114545829947,65.0
2026-09-27 03:57:00+00:00,1.514715844026282,1.5150691081077328,1.514715844026282,1.51496308873421,7649.84299596,11589.229773491325,31.0
2026-09-27 03:58:00+00:00,1.5149004152136696,1.5152897297069956,1.5149003963256473,1.51509699403648,48880.60222542999,74058.85349844185,70.0
2026-09-27 03:59:00+00:00,1.5152033654445207,1.5156980215563811,1.5150820303271733,1.5150881629209456,6875.627721919999,10417.182174132098,57.0
2026-09-27 04:00:00+00:00,1.5151067019323872,1.5155400500666611,1.5149533537879618,1.5154460215898897,8535.79271142,12935.533105637416,69.0
2026-09-27 04:01:00+00:00,1.5152210143640295,1.5152260307859007,1.513514478085021,1.5136796640406167,41117.440008109996,62238.63277768615,162.0
2026-09-27 04:02:00+00:00,1.5136718897227326,1.513671963369295,1.5126232345264148,1.5134029479939988,30273.722757620002,45816.34126813512,140.0
2026-09-27 04:03:00+00:00,1.5132840847299973,1.5134145248942004,1.5128527911125176,1.5133356316856679,44061.37117331999,66679.64297751288,132.0
2026-09-27 04:04:00+00:00,1.5139868014046167,1.5148790215251846,1.5139827955454668,1.5143395876106447,19372.369490180005,29336.346024800223,108.0
2026-09-27 04:05:00+00:00,1.5140291779433368,1.5140291779433368,1.5130882052420753,1.5135375838340686,30556.837157889993,46248.921481563906,109.0
2026-09-27 04:06:00+00:00,1.5136723804882548,1.5149522020076043,1.5133170653553267,1.514951184970339,46882.57783756002,71024.81684947571,110.0
2026-09-27 04:07:00+00:00,1.5147257660616404,1.5163306348650116,1.514654449737273,1.5160354616991893,17696.655749379996,26828.757669542916,115.0
2026-09-27 04:08:00+00:00,1.5159441861293854,1.5159446415567788,1.5144185805572854,1.51567166581731,121325.64950789993,183889.84929600576,162.0
2026-09-27 04:09:00+00:00,1.5152740078877327,1.5152895571969018,1.5146409000508476,1.5147172113243674,24512.18652828,37129.03082157901,80.0
2026-09-27 04:10:00+00:00,1.514712179095067,1.5155259418600866,1.514700495178049,1.5155121512463787,17240.015467999998,26127.45292942952,72.0
2026-09-27 04:11:00+00:00,1.5156407822110323,1.51688097827235,1.515640426486457,1.5168806225477744,16841.5546585,25546.627915057852,92.0
2026-09-27 04:12:00+00:00,1.517303170302287,1.5183227188982824,1.5172967660741599,1.5182271111769319,31603.908540209988,47981.910764902976,116.0
2026-09-27 04:13:00+00:00,1.5183683231913259,1.5183683231913259,1.5172758348416695,1.5172758348416695,9550.366287,14490.539981151662,76.0
2026-09-27 04:14:00+00:00,1.5174694606457706,1.5175943560190124,1.5169418110063124,1.5170866706744857,52300.85279043,79344.92663326983,87.0
2026-09-27 04:15:00+00:00,1.5169457454557753,1.5176533739121683,1.5167845810389746,1.5171928499050589,61289.56323164999,92988.08710886336,125.0
2026-09-27 04:16:00+00:00,1.5174330699710845,1.5174355623420923,1.516517301312094,1.5166871338140058,6222.60082134,9437.738604586842,58.0
2026-09-27 04:17:00+00:00,1.5165987505142464,1.5172524391042514,1.5162865412105722,1.5163456519484957,18881.95444935,28631.569529561424,105.0
2026-09-27 04:18:00+00:00,1.5161222266776626,1.5161614236986714,1.5151257832246667,1.515201507077043,26521.438472549995,40185.32354345882,98.0
2026-09-27 04:19:00+00:00,1.5151887603511711,1.5152444785309545,1.5148096101777693,1.514939529123436,30808.31351101,46672.73196345668,63.0
2026-09-27 04:20:00+00:00,1.51493209985074,1.5149919202429927,1.514216048329315,1.514226986483918,24446.57431766,37017.662558885444,75.0
2026-09-27 04:21:00+00:00,1.5141429728369538,1.5161562829439603,1.5141413812557798,1.5151018200892448,240143.31984195005,363841.58097481215,276.0
2026-09-27 04:22:00+00:00,1.5151186693819776,1.515203627895389,1.5139296500174937,1.5139408145407312,6708.57540006,10156.386105574747,67.0
2026-09-27 04:23:00+00:00,1.5141555058820417,1.5142581217581337,1.5135975177848184,1.5136166742087007,20079.58882401,30392.80045527621,79.0
2026-09-27 04:24:00+00:00,1.5137872029616322,1.5137916937224563,1.5132359152965662,1.513542941742032,18832.01287653,28503.060168067044,83.0
2026-09-27 04:25:00+00:00,1.5133949649070888,1.5142822878938693,1.513390562316734,1.5142813032027056,8426.85714797,12760.632223931047,51.0
2026-09-27 04:26:00+00:00,1.5140172524322117,1.514038513468623,1.5134327245233843,1.5134721679382577,10855.9543339,16430.184740766355,47.0
2026-09-27 04:27:00+00:00,1.5134784727967987,1.5135437491444999,1.5131958154125986,1.5132731685210972,12482.96690449,18890.138880101575,47.0
2026-09-27 04:28:00+00:00,1.5134140069630684,1.5134239143143606,1.51233946379434,1.51233946379434,54503.74401234,82428.16299440624,117.0
2026-09-27 04:29:00+00:00,1.5123539392410283,1.5123577322656414,1.5099084681983799,1.511143558576436,170191.99786355998,257184.5412927732,284.0
2026-09-27 04:30:00+00:00,1.5111459637358495,1.511148913765823,1.5103577310620866,1.5105736243730008,50630.713331620005,76481.42014193564,111.0
2026-09-27 04:31:00+00:00,1.5106307020902032,1.5107319772951229,1.509644071825633,1.510134992376908,81662.01165965002,123320.66135512856,181.0
2026-09-27 04:32:00+00:00,1.5102610645426418,1.5105130624146659,1.509897774757271,1.5104766352720078,104686.78112779002,158126.93691536138,199.0
2026-09-27 04:33:00+00:00,1.5105238992312764,1.5107052168979191,1.5098101071433807,1.5098131457555923,448727.83811202,677495.188848015,158.0
2026-09-27 04:34:00+00:00,1.5099799712384554,1.510045756723902,1.50977815526216,1.5098389055702963,17751.95380047,26802.59049783609,45.0
2026-09-27 04:35:00+00:00,1.5097953953434766,1.5102654026751388,1.5095139597737572,1.5098932501891664,13970.957135779998,21094.65387799639,78.0
2026-09-27 04:36:00+00:00,1.50988141428473,1.509951262084978,1.5093530185871056,1.5094694315875188,35512.667361479995,53605.28581628984,73.0
2026-09-27 04:37:00+00:00,1.5093195298964521,1.5093195298964521,1.5070485113107175,1.5074734416819835,480602.4385204098,724495.4120771161,393.0
2026-09-27 04:38:00+00:00,1.5075921864950759,1.5077925414903643,1.5075388304373283,1.5076998809125626,10108.201241870001,15240.133808607618,48.0
2026-09-27 04:39:00+00:00,1.5074908457181015,1.5075699459474927,1.5062715373774411,1.5068036549127686,39951.27719918999,60198.730502172635,119.0
2026-09-27 04:40:00+00:00,1.506541991650448,1.5074205262927736,1.5065416996885586,1.507344202149069,32110.259314510004,48401.2132072298,83.0
2026-09-27 04:41:00+00:00,1.5074830361256573,1.508064549351864,1.5069980238510232,1.5069980238510232,42974.613430950005,64762.6575162033,91.0
2026-09-27 04:42:00+00:00,1.5068889955039784,1.5075444850896285,1.50666062621302,1.5075146931919652,10591.47457875,15966.803550034805,61.0
2026-09-27 04:43:00+00:00,1.507745063478146,1.507833171643504,1.506751537411695,1.5069128315667213,31419.04350811,47345.75981792405,93.0
2026-09-27 04:44:00+00:00,1.5067163600762237,1.5072674192080275,1.5061386891330744,1.5062498287215211,170894.85841887997,257410.35122282658,224.0
2026-09-27 04:45:00+00:00,1.5064020820316406,1.5069792646058202,1.5062804557305531,1.5068666288381392,16945.2000231,25534.156433796652,76.0
2026-09-27 04:46:00+00:00,1.5064974307923054,1.5067898595744813,1.5055955092558457,1.5061201723866044,126395.08655033002,190366.18954400285,220.0
2026-09-27 04:47:00+00:00,1.506225155010966,1.5085659872581676,1.5061928382319723,1.5082092792035722,461616.36451138975,696214.0843882966,323.0
2026-09-27 04:48:00+00:00,1.508109562587712,1.5081623403765383,1.5077796276884183,1.5079879760343764,43839.37037553,66109.24340321688,71.0
2026-09-27 04:49:00+00:00,1.5078606526125728,1.5079282814079868,1.5073282389798708,1.5074278530737026,104001.87830281,156775.32812563737,134.0
2026-09-27 04:50:00+00:00,1.5073789132464008,1.507546331730969,1.506558470426181,1.506558470426181,28362.966997649997,42730.46817672783,87.0
2026-09-27 04:51:00+00:00,1.506298404802437,1.5063637137477377,1.5060135649018167,1.5061906820096613,17204.574165720005,25913.369296351615,63.0
2026-09-27 04:52:00+00:00,1.5065817338804557,1.5082695555806076,1.5065161062827048,1.5066059110902033,185252.09065206998,279101.8948182268,119.0
2026-09-27 04:53:00+00:00,1.5065005925170742,1.507736608522155,1.5063975373903369,1.5076850809587865,36305.752744720005,54737.641766192864,93.0
2026-09-27 04:54:00+00:00,1.507596023512841,1.5075961853924515,1.506902099344347,1.5070012737737408,12888.870128000002,19423.54370040032,45.0
2026-09-27 04:55:00+00:00,1.5070712975697655,1.5071789918076481,1.506536000230084,1.5071479334406614,6606.517660399999,9956.999439111092,50.0
2026-09-27 04:56:00+00:00,1.5073595213990596,1.5076792667305858,1.5070074231205393,1.5076639082024135,8859.720934480001,13357.481489660857,45.0
2026-09-27 04:57:00+00:00,1.5077522634099818,1.5078239228006338,1.5073653945226977,1.5075081413721665,12780.38964331,19266.541437198342,46.0
2026-09-27 04:58:00+00:00,1.5076500498970438,1.5076506946342227,1.5074152148503674,1.5074158595875464,49984.92655792,75348.07103372735,56.0
2026-09-27 04:59:00+00:00,1.5070758513900604,1.507538669554192,1.5067429823158918,1.5067538043418263,12414.810162250002,18706.062442151757,66.0
2026-09-27 05:00:00+00:00,1.5069525462289723,1.5071380467738804,1.506568846117158,1.5067426379106048,39018.64632424,58791.0580902863,72.0
2026-09-27 05:01:00+00:00,1.5068047407797796,1.5073418483362178,1.5067174557740464,1.5073418483362178,18300.9962064,27585.857448149083,38.0
2026-09-27 05:02:00+00:00,1.5073800472776624,1.5091021455366618,1.5073139682544572,1.509005556448959,31402.721424569998,47386.8811172949,118.0
2026-09-27 05:03:00+00:00,1.509061549085765,1.5101688375080087,1.5090373273447326,1.5094037018280033,102869.75552184,155271.98979080698,94.0
2026-09-27 05:04:00+00:00,1.5096271298004154,1.509777957195471,1.5093425441252757,1.5094933715203311,6345.138574019999,9577.944618861155,36.0
2026-09-27 05:05:00+00:00,1.5094152150379583,1.5109577250906183,1.5094150831320743,1.5107977365883545,123897.66289884002,187184.30867615444,133.0
2026-09-27 05:06:00+00:00,1.5108997362440273,1.511478672952557,1.5106028224431345,1.5111719519372464,81144.05947506998,122622.62674505352,84.0
2026-09-27 05:07:00+00:00,1.5107083306525682,1.512888663950454,1.5107083306525682,1.5128881796300477,171494.14910410007,259451.47105530594,194.0
2026-09-27 05:08:00+00:00,1.5129164876061443,1.513668708526802,1.5128616431443753,1.5135401367945847,18722.263294500004,28336.89694786177,73.0
2026-09-27 05:09:00+00:00,1.5138179895916815,1.5140969544052294,1.5129265066786466,1.5132314140407788,73076.33699221999,110581.40875965753,122.0
2026-09-27 05:10:00+00:00,1.5132746875493275,1.513780969006778,1.5132731658073848,1.5137794472648354,12005.912098000003,18174.302979620643,51.0
2026-09-27 05:11:00+00:00,1.5137059998732225,1.5139347279023596,1.5130144558582765,1.5130905347160286,14260.151114999997,21576.899675726716,69.0
2026-09-27 05:12:00+00:00,1.5130054264932096,1.5130054264932096,1.512390060680949,1.5125327982140315,17324.374347629997,26203.684409328187,64.0
2026-09-27 05:13:00+00:00,1.5129502578588103,1.5132326147252628,1.512390030654509,1.5124569533217795,31017.19998079,46912.179783518004,88.0
2026-09-27 05:14:00+00:00,1.5123458072938818,1.512648136791948,1.5120291037117322,1.5125215685602988,16995.49091249,25706.04657341168,73.0
2026-09-27 05:15:00+00:00,1.5127435475389481,1.5133266115248374,1.5124491755045795,1.5133260533991537,4593.028262830001,6950.7493341392965,49.0
2026-09-27 05:16:00+00:00,1.51343503499325,1.514355444116364,1.5133843821225352,1.513704559315152,147340.4939793099,223029.97750822807,143.0
2026-09-27 05:17:00+00:00,1.5133869382249758,1.5134264492145861,1.5130787877173297,1.5133350423303633,8862.06530518,13411.27397374902,55.0
2026-09-27 05:18:00+00:00,1.5137776426901972,1.5160090118837481,1.513684008577857,1.5147838519926002,118797.42484081004,179952.42080716364,136.0
2026-09-27 05:19:00+00:00,1.5148115252396543,1.5150259309335008,1.5143888646769097,1.5150256207059416,5609.269545780001,8498.187075302281,57.0
2026-09-27 05:20:00+00:00,1.5150483754828776,1.5150486710330853,1.5136866214538478,1.513974185286495,22195.890331219995,33604.00498091718,75.0
2026-09-27 05:21:00+00:00,1.5140992191982552,1.5143188049877,1.5140992191982552,1.5141863624222016,4611.01561615,6981.936962890135,35.0
2026-09-27 05:22:00+00:00,1.5143138542758678,1.514775557757682,1.5142992785045908,1.5143907560422718,16210.416691260001,24548.905188837496,58.0
2026-09-27 05:23:00+00:00,1.514485839173664,1.5148591095345294,1.5141508058559632,1.5143116629772784,10801.179490870003,16356.352076935427,59.0
2026-09-27 05:24:00+00:00,1.5146655767660457,1.5148704076714377,1.5143988624220064,1.514484780534685,11513.31009254,17436.732908728216,53.0
2026-09-27 05:25:00+00:00,1.5144131915131713,1.514638766903779,1.514283481686312,1.514283481686312,32556.636126399993,49299.97630547935,51.0
2026-09-27 05:26:00+00:00,1.5141531130078503,1.5141531130078503,1.5132990332150873,1.513343423677568,14601.79838813,22097.53556454225,48.0
2026-09-27 05:27:00+00:00,1.5134612004108607,1.5137189805815194,1.5133795897612004,1.513701244268858,10033.84092565,15188.237493952194,50.0
2026-09-27 05:28:00+00:00,1.5137955360588071,1.5137955360588071,1.5134024939478266,1.5134024939478266,6397.26427043,9681.635701312085,24.0
2026-09-27 05:29:00+00:00,1.5136341937937665,1.5136341937937665,1.512993149342742,1.5130881618624021,47368.80479188999,71673.17777217977,50.0
2026-09-27 05:30:00+00:00,1.5130958765664795,1.5141457845080453,1.512794010594905,1.5138735696446801,80293.98306911004,121554.93876982311,127.0
2026-09-27 05:31:00+00:00,1.5138766052165367,1.513989774645193,1.5133668213825189,1.5133668213825189,11059.42273338,16736.96342834086,49.0
2026-09-27 05:32:00+00:00,1.513261829203472,1.513953122707816,1.5132518278008324,1.5139431213051764,31715.410564099988,48015.3276628887,74.0
2026-09-27 05:33:00+00:00,1.5141531807917585,1.5146751771504596,1.514115423529148,1.5144951982336028,13170.793286790002,19947.103189770827,65.0
2026-09-27 05:34:00+00:00,1.5143997754382756,1.5148135327857173,1.5143997754382756,1.5147293801787292,12014.153903039998,18198.191894923635,46.0
2026-09-27 05:35:00+00:00,1.5148798612557743,1.5161116601012836,1.5148683820000701,1.5161116601012836,55687.111034140005,84427.87835621451,107.0
2026-09-27 05:36:00+00:00,1.5162249681546265,1.51842641078421,1.5161479448583473,1.5184138565137324,56362.26801305999,85581.248735571,130.0
2026-09-27 05:37:00+00:00,1.5191360911834266,1.5217676561739184,1.5190325072029893,1.5212349291046083,226017.25569503006,343825.34394364717,294.0
2026-09-27 05:38:00+00:00,1.5213093237993367,1.5233349239447807,1.5213083880447593,1.5232807739220129,50274.29432382,76581.86596597159,171.0
2026-09-27 05:39:00+00:00,1.5234964649236047,1.5238242882062734,1.5190320016183902,1.5201609356772994,338364.87573012983,514369.0660902473,307.0
2026-09-27 05:40:00+00:00,1.5204431413945638,1.5204932420491515,1.518816382420859,1.5193078027638272,79692.34823539997,121077.20649461528,110.0
2026-09-27 05:41:00+00:00,1.5195749112772439,1.5198968461490332,1.5179857929656846,1.5180662437992352,176983.63233718995,268672.8779560628,149.0
2026-09-27 05:42:00+00:00,1.517918387554992,1.5183192658519846,1.5177405021838664,1.51820572311136,6309.93258128,9579.775757346131,48.0
2026-09-27 05:43:00+00:00,1.5180253570737225,1.5186632107117086,1.5180185362935457,1.5183423153825903,4778.66842811,7255.65448558222,48.0
2026-09-27 05:44:00+00:00,1.5184778061884836,1.5191799445605723,1.5184171910691358,1.5191663654226375,22188.933453630005,33708.681387355864,72.0
2026-09-27 05:45:00+00:00,1.51890545602474,1.5196442203402083,1.5185538741437843,1.5188714481344827,60037.05159363999,91188.56349575662,118.0
2026-09-27 05:46:00+00:00,1.5187520364901714,1.5214800194302958,1.5187520364901714,1.5213540420097735,67925.19767062002,103338.27403051063,156.0
2026-09-27 05:47:00+00:00,1.5215255060982749,1.5217731872714766,1.5197982173543698,1.5198161804049526,56317.611858200034,85592.41774385824,103.0
2026-09-27 05:48:00+00:00,1.5197707590529468,1.5209555362755283,1.5194193478972182,1.5203861154355696,10616.722506120002,16141.517489737176,86.0
2026-09-27 05:49:00+00:00,1.5206654556877364,1.5216756439575407,1.5204297939109435,1.5208269363686293,72912.43859691,110887.20061450443,123.0
2026-09-27 05:50:00+00:00,1.5211214375910167,1.52130569517094,1.5204784806188747,1.5204784806188747,3037.6953110000004,4618.75035105236,52.0
2026-09-27 05:51:00+00:00,1.5203816022369048,1.520484695415506,1.5198967059912818,1.5201993639832527,21346.999041429997,32451.694365732987,57.0
2026-09-27 05:52:00+00:00,1.5201377072518794,1.520431580978296,1.5199127860120227,1.5203359983760878,8164.147364319999,12412.247134022951,53.0
2026-09-27 05:53:00+00:00,1.5208785069618904,1.5222023952492287,1.5200155808495441,1.5200669899910517,314312.47956576996,477776.0247301639,182.0
2026-09-27 05:54:00+00:00,1.5200813810727811,1.5203079972787634,1.5199424697542754,1.5200816847321,32698.39030742,49704.22422653076,54.0
2026-09-27 05:55:00+00:00,1.5202778138538597,1.5205493120733988,1.520030771888142,1.520350733142779,16114.9541374,24500.38233735835,66.0
2026-09-27 05:56:00+00:00,1.5202890540263692,1.5203884792623719,1.5188569380891128,1.5197116834634006,232149.2365011999,352799.90701798163,179.0
2026-09-27 05:57:00+00:00,1.519899071161813,1.5199488393125653,1.519394968773994,1.5194521080018104,89194.13145635003,135526.21106274164,181.0
2026-09-27 05:58:00+00:00,1.519510829309605,1.5196655059591997,1.5192141718289636,1.5193688484785586,7785.935134709999,11829.707299953083,52.0
2026-09-27 05:59:00+00:00,1.5192954465108381,1.5199868075357217,1.518704012595418,1.5189042140549895,96369.70958395008,146376.35799431728,134.0
2026-09-27 06:00:00+00:00,1.5190830189649476,1.519467099039129,1.5181703088259317,1.518880515148047,115731.42197710004,175782.2018313937,145.0
2026-09-27 06:01:00+00:00,1.5184270797317811,1.518497810321041,1.5175334395575792,1.517914612219493,39924.09955226,60601.374090081175,99.0
2026-09-27 06:02:00+00:00,1.51836526457926,1.5193814840901665,1.5182241581024303,1.5193305589979063,23999.829003190003,36463.67361527083,119.0
2026-09-27 06:03:00+00:00,1.519282544364754,1.51997059110581,1.5190418714112692,1.5197082503636516,13797.707678609999,20968.490195289523,107.0
2026-09-27 06:04:00+00:00,1.5194248828578947,1.5202030380675993,1.5186103207159296,1.520122180994767,9161.36915489,13926.400460629573,92.0
2026-09-27 06:05:00+00:00,1.5202862872222775,1.520858939438463,1.519295611235265,1.5194617408210618,13033.662173620003,19804.151015602274,112.0
2026-09-27 06:06:00+00:00,1.5190903362786934,1.519389312248825,1.5188038352541622,1.519389312248825,6263.0027136399995,9515.939385690002,44.0
2026-09-27 06:07:00+00:00,1.519391221485863,1.5216833879739937,1.519391221485863,1.5216832957585944,56115.868428000016,85390.57961387472,139.0
2026-09-27 06:08:00+00:00,1.521974358544534,1.5223085261773988,1.5215038635196847,1.5216421431708966,9628.82311188,14651.623036174544,82.0
2026-09-27 06:09:00+00:00,1.522083997219557,1.5222349814890097,1.5216156963305445,1.5219128200363492,29170.411228689998,44394.82281467558,63.0
2026-09-27 06:10:00+00:00,1.5218419527985272,1.523181924928951,1.5218333997567393,1.5227840115693807,16255.228054079998,24753.201385167078,110.0
2026-09-27 06:11:00+00:00,1.5230779341497698,1.5232119498777132,1.5220622292061192,1.5221540969306737,56255.961756699995,85630.2426647362,123.0
2026-09-27 06:12:00+00:00,1.5219646204267325,1.5230528607368017,1.521890499155338,1.5229289671551172,8490.812893299999,12930.904909900719,79.0
2026-09-27 06:13:00+00:00,1.523200791729312,1.523294265652682,1.523014124368831,1.523020382887398,39773.14806821,60575.31519948237,68.0
2026-09-27 06:14:00+00:00,1.523115808898739,1.524579706283356,1.5230550127671496,1.5244581140201778,34816.640359699995,53076.50989926706,101.0
2026-09-27 06:15:00+00:00,1.5244249184585166,1.5250012831479483,1.5236068025975207,1.5236068025975207,79656.36406914,121364.97816592644,143.0
2026-09-27 06:16:00+00:00,1.5235509512618295,1.5239534282180283,1.522514889118363,1.5226902989881184,47614.86210218,72502.6886106465,120.0
2026-09-27 06:17:00+00:00,1.5224934234537397,1.5240118774014544,1.5222309562910323,1.5228340067366193,167201.79526945998,254620.57982374766,189.0
2026-09-27 06:18:00+00:00,1.5229193708124042,1.5240648299305541,1.5229158543197032,1.5234191502218364,34939.321315819994,53227.23118827419,112.0
2026-09-27 06:19:00+00:00,1.5229452965246937,1.5238601190888468,1.5227517342269499,1.5237761548390556,23457.382154139996,35743.79958142572,80.0
2026-09-27 06:20:00+00:00,1.5237709803130413,1.524552391478536,1.523724959360965,1.524261263756367,32823.08841457,50030.962227179436,103.0
2026-09-27 06:21:00+00:00,1.5241889556998791,1.5242033418999787,1.5218053715879247,1.522442978618241,240788.06855561998,366586.1043075513,227.0
2026-09-27 06:22:00+00:00,1.5226490059742868,1.5228177337205926,1.5219200258581564,1.5225459357456397,29690.820076020005,45205.637435699304,75.0
2026-09-27 06:23:00+00:00,1.522567564236939,1.523228417824166,1.522449619215072,1.5228632963008035,25144.17253101001,38291.13746333002,89.0
2026-09-27 06:24:00+00:00,1.5228418774846115,1.5231451915192609,1.5224903890405224,1.522753925571333,41309.56318094999,62904.2994974286,115.0
2026-09-27 06:25:00+00:00,1.5226045342836396,1.5233866632043955,1.5226015903623167,1.5227996361631075,29810.633914030008,45395.62247807649,73.0
2026-09-27 06:26:00+00:00,1.5226111775604874,1.5244170261116698,1.5223180407221284,1.5244154730055826,65388.59206948,99679.38150876544,157.0
2026-09-27 06:27:00+00:00,1.524591463456479,1.5249494653912135,1.524381055447962,1.524554019029035,79777.75902353002,121625.50314845255,120.0
2026-09-27 06:28:00+00:00,1.524565532714859,1.524830324065892,1.5239098329634027,1.5239108897637395,18640.81440669,28406.940068419688,60.0
2026-09-27 06:29:00+00:00,1.5239517611192162,1.5239747416582223,1.522777224502593,1.5229310997028787,15963.337583240002,24311.063260571987,69.0
2026-09-27 06:30:00+00:00,1.5226566808049062,1.5228121091801805,1.522173632964655,1.5223989461373082,26194.033862440003,39877.769547263626,68.0
2026-09-27 06:31:00+00:00,1.5223774452686845,1.5227730436745284,1.5217807669120433,1.522262771286937,57001.729088650005,86771.61009063557,110.0
2026-09-27 06:32:00+00:00,1.5220149072995526,1.5220149072995526,1.5202845666116613,1.5203513229400645,7176.848470550001,10911.331066741073,55.0
2026-09-27 06:33:00+00:00,1.5202818119032209,1.5202947959352429,1.5182717941346227,1.5189643854626191,208966.20524156,317412.22352720174,234.0
2026-09-27 06:34:00+00:00,1.518745130080803,1.5200491052700649,1.518307066998971,1.5200336673721238,96582.82352193995,146809.143443209,131.0
2026-09-27 06:35:00+00:00,1.5200213705461818,1.5212440621648022,1.5197789087893707,1.5207710334639353,17654.75458189,26848.839371053,69.0
2026-09-27 06:36:00+00:00,1.5207713324933017,1.5210956058714364,1.5204700912794769,1.5209835842773267,9224.92871585,14030.96514293637,60.0
2026-09-27 06:37:00+00:00,1.52114423831294,1.5217792862278485,1.5204805326681605,1.5217328267236434,86905.51347640996,132246.97268032702,180.0
2026-09-27 06:38:00+00:00,1.5220144808575835,1.522587859468946,1.5213690449089674,1.5218903478234047,27193.59894466,41385.675756458775,77.0
2026-09-27 06:39:00+00:00,1.521750243380193,1.5222231218166493,1.520573156075425,1.520573156075425,133794.07475712002,203443.67851762535,155.0
2026-09-27 06:40:00+00:00,1.5209743007388536,1.5215610713537873,1.5207931698793018,1.521458189578191,30706.525098830003,46718.694085103176,72.0
2026-09-27 06:41:00+00:00,1.5215052925985975,1.522370175926005,1.52098531889928,1.5210852248110802,48169.142398880016,73269.37079475734,94.0
2026-09-27 06:42:00+00:00,1.5209490849063705,1.520951791500102,1.52035651844914,1.5204466903859661,18919.691532949997,28766.38237439721,55.0
2026-09-27 06:43:00+00:00,1.5204508770483958,1.5207683888509822,1.520284736963648,1.5206361797173638,45608.41961412999,69353.81296497711,72.0
2026-09-27 06:44:00+00:00,1.5202612917124931,1.521120473915048,1.520260970939832,1.5209936199543697,18330.73921991,27880.93740253045,53.0
2026-09-27 06:45:00+00:00,1.5209612288610392,1.5212249995314981,1.5208493537021588,1.5212249995314981,2966.95168596,4513.401077084479,32.0
2026-09-27 06:46:00+00:00,1.5213434971195277,1.522115983416717,1.5210932090793687,1.521791854689966,83828.26703938,127569.17397330386,123.0
2026-09-27 06:47:00+00:00,1.5219938493060057,1.5224918156768519,1.5217948048996854,1.521993138595915,7766.880014260001,11821.138090001463,45.0
2026-09-27 06:48:00+00:00,1.5218438829768575,1.5221069525108035,1.5212687802997977,1.5217132950422125,18466.9879774,28101.46112459428,61.0
2026-09-27 06:49:00+00:00,1.5220681396694964,1.522353043202307,1.521738599958008,1.521923880601193,20217.1532439,30768.968319665284,76.0
2026-09-27 06:50:00+00:00,1.5219063839194458,1.521981922974203,1.520942934821857,1.5210327846822234,22287.144784970005,33899.47789489882,52.0
2026-09-27 06:51:00+00:00,1.5210143835955376,1.5214597409410349,1.5204623429066189,1.5212699314696168,87768.76043936003,133519.97617875846,128.0
2026-09-27 06:52:00+00:00,1.5212979558897959,1.5216751002017301,1.5211613303598461,1.521580660747917,13380.901315750001,20360.12066542156,64.0
2026-09-27 06:53:00+00:00,1.52174535530971,1.5218882305632155,1.5216604119347539,1.5217418382045103,9124.66739679,13885.38813739598,43.0
2026-09-27 06:54:00+00:00,1.5215417375077647,1.521588818349001,1.5209239200152718,1.5210757783122457,14856.707526400001,22598.177963876282,55.0
2026-09-27 06:55:00+00:00,1.5211065902888978,1.5213746110663102,1.5202213544880154,1.5209211355974728,24220.02147836,36836.742571062474,77.0
2026-09-27 06:56:00+00:00,1.5208242979303321,1.5208752117033064,1.5206696243039848,1.520719963091379,4832.53293122,7348.929300802753,34.0
2026-09-27 06:57:00+00:00,1.520781953467484,1.5207823891263186,1.5198055203501242,1.5206609238282827,23313.73986369,35452.293199011096,94.0
2026-09-27 06:58:00+00:00,1.5207202383288165,1.5211860211841866,1.520510199014263,1.5210811759188914,27141.473234110003,41284.38402311116,82.0
2026-09-27 06:59:00+00:00,1.5207192051726879,1.521547339222114,1.520669386228008,1.5211039066901257,45114.96921969,68624.55593027524,123.0
2026-09-27 07:00:00+00:00,1.5210425884921626,1.5219963766279823,1.5206228348601778,1.5219963766279823,12873.040750690001,19592.721378734543,82.0
2026-09-27 07:01:00+00:00,1.5222803930154687,1.5224941187332823,1.5219831345450912,1.5221139010548874,16085.242309600002,24483.570921278388,70.0
2026-09-27 07:02:00+00:00,1.5217911739033576,1.5229081073407995,1.5217911739033576,1.52290279794941,18740.3777008,28539.77363517705,66.0
2026-09-27 07:03:00+00:00,1.5229836263722882,1.523368764786242,1.5222286450332605,1.5232688722169316,67511.38313149002,102837.98844450997,110.0
2026-09-27 07:04:00+00:00,1.5230079125489009,1.523021754688242,1.5221250292424235,1.522314011018834,5721.92858664,8710.572057491265,49.0
2026-09-27 07:05:00+00:00,1.5223654690154185,1.5225524902663068,1.5216858790642132,1.52191153135094,4510.557555619999,6864.669556720185,73.0
2026-09-27 07:06:00+00:00,1.5214978741089311,1.5214978741089311,1.5198064363458859,1.5198064363458859,20903.896260480004,31769.876081384205,86.0
2026-09-27 07:07:00+00:00,1.5197613261343197,1.5206035287949815,1.5197411732772106,1.520400737793327,21563.9440099,32785.836382385954,87.0
2026-09-27 07:08:00+00:00,1.5205080351438331,1.52111967128935,1.5203665338169654,1.5210591040159371,17436.111179760002,26521.355648608012,75.0
2026-09-27 07:09:00+00:00,1.5213334602431643,1.522574583079128,1.5210691608262044,1.521416212906466,45145.25517497999,68684.72315901409,136.0
2026-09-27 07:10:00+00:00,1.521414375939334,1.5225237506612865,1.5214026246515786,1.5217581126830901,38292.52726629999,58271.96402263045,116.0
2026-09-27 07:11:00+00:00,1.52179529051526,1.5229921332337235,1.52179413037898,1.5225309757067407,26169.33934474999,39843.629766163,101.0
2026-09-27 07:12:00+00:00,1.5223547791245873,1.5232505370605844,1.5218058061293223,1.5226132164502817,187679.60555654002,285763.44787856354,190.0
2026-09-27 07:13:00+00:00,1.5226704231451786,1.5227861699850287,1.522214910361346,1.522214910361346,14226.996574850004,21656.546315896474,57.0
2026-09-27 07:14:00+00:00,1.5220112482838024,1.5225854062750925,1.5220016980288271,1.5225615306376543,21406.75420222,32593.10044411612,63.0
2026-09-27 07:15:00+00:00,1.5227757113019722,1.5239322148682644,1.5223096360310828,1.5226638299371988,76694.16393534998,116779.42939163139,123.0
2026-09-27 07:16:00+00:00,1.5227978848354187,1.523691873796808,1.522503526628087,1.5233972146156407,23124.933707159995,35228.459597658875,78.0
2026-09-27 07:17:00+00:00,1.523395958228491,1.5242237382720558,1.521718363134907,1.5217184911056103,308460.1246126101,469389.4753917495,233.0
2026-09-27 07:18:00+00:00,1.5216703102894624,1.5222653136165385,1.5214873929636419,1.521553594451326,17655.78166582,26864.218056476242,56.0
2026-09-27 07:19:00+00:00,1.5216970832563534,1.5221926888268986,1.5211011283361375,1.5221926888268986,22650.401743999995,34478.27593370883,75.0
2026-09-27 07:20:00+00:00,1.5220953086017797,1.5226954431529531,1.5220953086017797,1.5226954431529531,25636.491371999997,39036.568590574396,55.0
2026-09-27 07:21:00+00:00,1.522582687068767,1.5230918208619586,1.522503543442789,1.5230917945254672,9923.49956972,15114.400767617535,39.0
2026-09-27 07:22:00+00:00,1.5232229730783597,1.5234822561738741,1.5228884741247253,1.5230906039683088,11414.527255359997,17385.35921137898,53.0
2026-09-27 07:23:00+00:00,1.5234041867243153,1.5241460791899182,1.523325646914243,1.5239270647977963,10473.647345540001,15961.074657016004,56.0
2026-09-27 07:24:00+00:00,1.5235151513171974,1.5255524334836528,1.5234289616768544,1.5255095949543793,97623.44346387,148925.49969662007,138.0
2026-09-27 07:25:00+00:00,1.5247691944453343,1.5254553241919302,1.52476835924624,1.5253618048565747,14373.36305865,21924.579017001182,71.0
2026-09-27 07:26:00+00:00,1.5254675718345094,1.5260995891106295,1.5249859312090188,1.5250009906903812,15280.65571878,23303.01510953814,74.0
2026-09-27 07:27:00+00:00,1.5248051072324487,1.5251706428484681,1.5248048490586676,1.5248094023835994,6507.2448239000005,9922.30809109473,39.0
2026-09-27 07:28:00+00:00,1.525050398032677,1.5261608329723724,1.525050398032677,1.5261608329723724,11791.08602033,17995.093662435727,47.0
2026-09-27 07:29:00+00:00,1.5258888607178964,1.5258984405783382,1.524980476948276,1.5254498457311483,27483.090994489998,41924.07691775988,99.0
2026-09-27 07:30:00+00:00,1.5258865654747975,1.5258891771934286,1.5253026434036885,1.5253139389921593,18520.558072949996,28249.665386584395,56.0
2026-09-27 07:31:00+00:00,1.5254587373582873,1.5257198264083973,1.5252757641694346,1.5256428790168532,18560.89669719,28317.299874235356,54.0
2026-09-27 07:32:00+00:00,1.5253481473740207,1.5263475671751647,1.5252858270520315,1.526346940002333,75353.50960832,115015.59880909564,96.0
2026-09-27 07:33:00+00:00,1.5264707117183902,1.5280543142134433,1.5264706645526593,1.5271931254143465,163070.14923918003,249039.61087836727,194.0
2026-09-27 07:34:00+00:00,1.5272206949796374,1.5283861483105083,1.5272206949796374,1.5281916915788438,134351.3034265301,205314.54564921153,180.0
2026-09-27 07:35:00+00:00,1.5282927932320858,1.5287839892073725,1.527308272272651,1.5275036775012052,43901.61370506003,67059.87638271651,134.0
2026-09-27 07:36:00+00:00,1.527470832853762,1.5281762357889037,1.5270780633709178,1.52778126572994,74919.82834305997,114461.11017423001,151.0
2026-09-27 07:37:00+00:00,1.5278807839099442,1.527911868323553,1.5268812737383566,1.5275334108257472,5010.988953349999,7654.453047520865,60.0
2026-09-27 07:38:00+00:00,1.5277761879632248,1.529504447474411,1.52770265043899,1.5293294436110279,134695.61067265001,205993.96332685146,205.0
2026-09-27 07:39:00+00:00,1.52953630739444,1.5307090209989254,1.529534968093973,1.529873800972001,150717.06298334,230578.08601765885,143.0
2026-09-27 07:40:00+00:00,1.5300997774268346,1.531340065985472,1.5291711695604402,1.5304759371953178,183486.96556890005,280822.3855921873,168.0
2026-09-27 07:41:00+00:00,1.5304890008876524,1.5318006056270996,1.5299416411047067,1.53019874856331,50768.69453471,77686.1928432062,132.0
2026-09-27 07:42:00+00:00,1.5300553119792586,1.5308948291493203,1.5299699213674467,1.5307351323600258,11461.117115039999,17543.934624084508,55.0
2026-09-27 07:43:00+00:00,1.5306560582385484,1.531876783249867,1.5299314374590456,1.5315290725672897,42121.33702354001,64510.05222695647,109.0
2026-09-27 07:44:00+00:00,1.5314767602268364,1.5324338843971952,1.5311453600663174,1.5317381335419809,44980.49499538,68898.33945001778,104.0
2026-09-27 07:45:00+00:00,1.5319097802885784,1.5323369909804618,1.5311564712738974,1.5311594242222242,50387.13815467,77150.74144511018,97.0
2026-09-27 07:46:00+00:00,1.5316830917717998,1.5327863943858098,1.5316830917717998,1.532359901895461,41674.03397714,63859.61861679836,111.0
2026-09-27 07:47:00+00:00,1.5322010898899077,1.5329550997690178,1.532107901978368,1.5328475504563481,48816.699171730026,74828.55774675081,116.0
2026-09-27 07:48:00+00:00,1.5325354499938801,1.5336057029946035,1.5324713259896257,1.5335435665349406,31513.848047619995,48327.85893018734,126.0
2026-09-27 07:49:00+00:00,1.5337168056989976,1.5348418009044291,1.5328217973317337,1.5345506901670518,195118.82647702994,299419.72983491153,236.0
2026-09-27 07:50:00+00:00,1.5343455572216045,1.5350167186477586,1.5337450659067802,1.5348855958114092,63038.803387049986,96757.3512959705,146.0
2026-09-27 07:51:00+00:00,1.5344041363407188,1.5354926558561848,1.5343631368081114,1.5351854007766477,204478.12870206012,313911.8379615311,220.0
2026-09-27 07:52:00+00:00,1.5344568981394715,1.5352490774350211,1.5341397368873537,1.5341410712179215,11511.935327489999,17660.932795106943,78.0
2026-09-27 07:53:00+00:00,1.5341796248580857,1.5348716277421017,1.5334086070506536,1.5335799029151391,74945.84753972001,114935.44559385662,122.0
2026-09-27 07:54:00+00:00,1.5333938610551832,1.5342529112629388,1.5331477056401206,1.5332897422290417,14096.349359140002,21613.78787524629,91.0
2026-09-27 07:55:00+00:00,1.5331128955554765,1.5341608120312253,1.5331128955554765,1.5338401582350003,30201.38169047,46324.09207102615,75.0
2026-09-27 07:56:00+00:00,1.533616749508099,1.5363826748841722,1.533611650976812,1.5349804873127864,166422.68543791003,255455.5747933857,237.0
2026-09-27 07:57:00+00:00,1.5348178336347564,1.5369091106117976,1.5346489856026593,1.5368997552088874,39554.8294193,60791.807651851464,147.0
2026-09-27 07:58:00+00:00,1.5367649168142505,1.5372204946055197,1.5363990323927834,1.5370017569532015,88205.77944313001,135572.4379775174,156.0
2026-09-27 07:59:00+00:00,1.536949835935234,1.5395341769414048,1.5366855465462035,1.5386081776278688,282483.0534799103,434630.7361254806,476.0
2026-09-27 08:00:00+00:00,1.538634018906797,1.539320813132426,1.5371798630899995,1.537415779084723,101340.37900366004,155802.2977386531,210.0
2026-09-27 08:01:00+00:00,1.5377739082677113,1.5393878794759708,1.537735313284371,1.5389451069476718,145794.70093241998,224370.04161884688,226.0
2026-09-27 08:02:00+00:00,1.5389850378773275,1.5403923412475276,1.5377219530176875,1.5391755142134642,295969.16571737995,455548.49283437827,355.0
2026-09-27 08:03:00+00:00,1.538863782226439,1.5389517841444826,1.5374107782875936,1.53782606942908,86471.37009265002,132977.92718772727,182.0
2026-09-27 08:04:00+00:00,1.5375809638663973,1.5385423923813688,1.537571110368201,1.5383262197113536,59330.77296224999,91270.08368357061,127.0
2026-09-27 08:05:00+00:00,1.5383510498450184,1.5397832522712744,1.5381914663003442,1.5387660510420145,72442.95656465004,111472.76219879472,163.0
2026-09-27 08:06:00+00:00,1.5388689465598633,1.5403895033074637,1.5388675750447094,1.5402934507457569,297258.44463823,457865.2354551359,303.0
2026-09-27 08:07:00+00:00,1.540360299720421,1.5408853064052515,1.5400884507609491,1.5406694449056726,51419.98108165998,79221.19371014126,144.0
2026-09-27 08:08:00+00:00,1.5408907887064425,1.5425613340988402,1.5402868378991847,1.540287057977339,297608.1354440898,458401.9593732985,292.0
2026-09-27 08:09:00+00:00,1.5395967425995785,1.5401739251063353,1.5394758415219638,1.5396759195291136,187665.03628591003,288943.337306973,149.0
2026-09-27 08:10:00+00:00,1.5397045928205868,1.540114321611823,1.538981239261586,1.539042741216327,66807.91975842998,102820.2439599745,153.0
2026-09-27 08:11:00+00:00,1.5390550692403728,1.5395881342664035,1.5385400321314413,1.5394401695423028,50480.01022175,77710.955494268,161.0
2026-09-27 08:12:00+00:00,1.5395062979292284,1.5397225313610248,1.5358913766461457,1.5362602204620446,344081.4332805199,528598.6185484278,348.0
2026-09-27 08:13:00+00:00,1.5360532809573089,1.5370454840024905,1.5358893803518847,1.536878920489535,19917.05731004,30610.105537982476,109.0
2026-09-27 08:14:00+00:00,1.5369551010044207,1.5379204705517604,1.5365559117425696,1.5379202055136356,138995.47743052003,213763.95321541125,147.0
2026-09-27 08:15:00+00:00,1.5377834607412069,1.5397934344590092,1.5375747858044104,1.5391773530590047,88498.48101188,136214.85775360803,176.0
2026-09-27 08:16:00+00:00,1.5395182930543039,1.5417590045291545,1.5395182930543039,1.5410595772190374,69553.60797634,107186.2537020772,134.0
2026-09-27 08:17:00+00:00,1.5407949786850461,1.541844991969786,1.5405064280981515,1.5407064793110805,55004.106192650004,84745.1827997306,152.0
2026-09-27 08:18:00+00:00,1.5405592430160189,1.5405790222874074,1.5376639181174672,1.538525887858899,78095.98524428999,120152.69503618672,205.0
2026-09-27 08:19:00+00:00,1.5386158250054032,1.5387746339551163,1.5371203626113847,1.5372233727820936,42222.837126449995,64905.93209595046,116.0
2026-09-27 08:20:00+00:00,1.5371597564738697,1.5391364265463594,1.5364685481137916,1.5384395051184727,162144.51636178998,249449.52950930627,250.0
2026-09-27 08:21:00+00:00,1.5386020348666105,1.5392008543031184,1.5379131683213114,1.5383729920539062,148839.5541031,228970.7501815552,165.0
2026-09-27 08:22:00+00:00,1.537899494324494,1.5379008737062103,1.536184587874009,1.5365373252948562,41153.07754337999,63233.23969615691,109.0
2026-09-27 08:23:00+00:00,1.5361817692104867,1.536456616326122,1.5357548352521933,1.5359670304062758,12414.882731709999,19068.850562266758,69.0
2026-09-27 08:24:00+00:00,1.5359535460512903,1.5366667198881003,1.5353294467447227,1.5359220692329327,18341.927573700003,28171.771352717893,77.0
2026-09-27 08:25:00+00:00,1.5357646079030227,1.5371402544507573,1.534565091541235,1.5368568130095095,24705.33050345999,37968.555501894145,114.0
2026-09-27 08:26:00+00:00,1.5369853600842518,1.5376154374415059,1.5362146444744953,1.5374357029385586,20301.493860840004,31212.241484643382,89.0
2026-09-27 08:27:00+00:00,1.5372300287976697,1.537534121724522,1.5365139015551108,1.5366545561082592,20288.38526819,31176.239658443847,77.0
2026-09-27 08:28:00+00:00,1.5367156696018203,1.5376146976268765,1.536699068263655,1.537532769165374,17719.204163899994,27243.857045527784,58.0
2026-09-27 08:29:00+00:00,1.5377807096149934,1.5388705604427177,1.5377804332523177,1.5385951457962614,130263.61071328004,200422.95911734656,145.0
2026-09-27 08:30:00+00:00,1.5383091610536825,1.5384045237119006,1.5371978501493178,1.537346859313629,65288.64997615999,100371.3009896764,96.0
2026-09-27 08:31:00+00:00,1.5374480139872497,1.5393471788587998,1.5374464943066934,1.5388359291589793,59326.07024476998,91293.08842846149,120.0
2026-09-27 08:32:00+00:00,1.5392566790930955,1.5412958412938311,1.5392566790930955,1.5411389652908825,51543.9260513,79436.35286173024,133.0
2026-09-27 08:33:00+00:00,1.541162252667676,1.5427058169051107,1.54114917027578,1.5422446303323398,40934.219677849986,63130.580495008544,124.0
2026-09-27 08:34:00+00:00,1.54140170659907,1.5414033284386428,1.5399584020553139,1.540402993884983,37451.36547740999,57690.19550648305,103.0
2026-09-27 08:35:00+00:00,1.540140379373274,1.540140379373274,1.537778861942463,1.5379765302947734,52772.50057883999,81162.86733522324,133.0
2026-09-27 08:36:00+00:00,1.5378956519116447,1.5389435579252426,1.5378956519116447,1.538621307711023,22099.97606477,34003.49407315872,70.0
2026-09-27 08:37:00+00:00,1.5385573748748984,1.5393748895242985,1.5383137602874282,1.5385274966147189,13224.03671168,20345.544097162172,81.0
2026-09-27 08:38:00+00:00,1.5385943643858324,1.5385943643858324,1.5374162875738053,1.5374162875738053,31914.55405056,49065.955207985506,81.0
2026-09-27 08:39:00+00:00,1.5373082884314453,1.5377888309646004,1.5367974038581504,1.5371835434837353,129064.25389670003,198395.44714201384,103.0
2026-09-27 08:40:00+00:00,1.5370854260870852,1.5370854260870852,1.536495025483036,1.5365826252928858,28830.89434657,44301.05132459435,56.0
2026-09-27 08:41:00+00:00,1.5363891694073075,1.5366952065643564,1.535991668686623,1.5366203449658973,34681.860794659995,53292.85289834967,62.0
2026-09-27 08:42:00+00:00,1.5364342400077695,1.5364998184561458,1.5357041258582413,1.5359329973561195,126586.64951946001,194428.6120216928,91.0
2026-09-27 08:43:00+00:00,1.5362071344816606,1.5375743884432451,1.5362056030563234,1.5363063132885435,127897.25401653005,196489.35879786365,146.0
2026-09-27 08:44:00+00:00,1.5362987815597977,1.53708122780961,1.5357152555446456,1.536648139822036,146656.47969808005,225359.4067209029,134.0
2026-09-27 08:45:00+00:00,1.5368841455708508,1.5368842606673256,1.5359073808726742,1.5359073808726742,68116.76903937,104621.04832876765,72.0
2026-09-27 08:46:00+00:00,1.5359913856103835,1.5362915785702427,1.5356063725979692,1.5358992175109705,32149.301065689986,49378.086350317855,68.0
2026-09-27 08:47:00+00:00,1.535780225488759,1.535875440537957,1.5345865949194812,1.5354815826430444,212059.78270665996,325613.8907653623,178.0
2026-09-27 08:48:00+00:00,1.5354152565368102,1.5369984409899162,1.5354152565368102,1.536798184330039,256227.18278422003,393769.46927879035,112.0
2026-09-27 08:49:00+00:00,1.5367891290363762,1.5368926994621865,1.5363002866170334,1.5368923710813087,60059.33831287999,92304.73886525662,57.0
2026-09-27 08:50:00+00:00,1.5365470543745736,1.5365470543745736,1.5360384724647846,1.5361744106200863,21497.02603213,33023.181294991955,51.0
2026-09-27 08:51:00+00:00,1.5362538589769508,1.5365622856007837,1.5360349524269383,1.5365622856007837,6193.016363159999,9515.955377740182,42.0
2026-09-27 08:52:00+00:00,1.5366109669661363,1.5371979559672826,1.5363336301772053,1.5370053869383078,80799.72639233005,124189.61472815265,81.0
2026-09-27 08:53:00+00:00,1.5371260580796573,1.5375085433368454,1.5369597294711552,1.5369611056816528,19326.82566405,29704.57934193483,50.0
2026-09-27 08:54:00+00:00,1.536848547520166,1.5370699575784033,1.5366153684742596,1.5369479515824098,9009.34296116,13846.891209258265,50.0
2026-09-27 08:55:00+00:00,1.5369700764171272,1.536971193530241,1.536088659162389,1.5363939415271635,67591.70543225,103847.48672359757,86.0
2026-09-27 08:56:00+00:00,1.5366392690309958,1.536639383077841,1.5346208513629342,1.5347926660619384,353063.1891404402,541878.7933491867,272.0
2026-09-27 08:57:00+00:00,1.5345729716562193,1.5346713557813165,1.53373328265164,1.5346600601329903,63629.30145281001,97649.34759378957,72.0
2026-09-27 08:58:00+00:00,1.5345871133303266,1.535157745464376,1.5341198631052637,1.534475989986044,72628.49079252,111446.6753100444,66.0
2026-09-27 08:59:00+00:00,1.534499521545125,1.534796056306367,1.5344039364784336,1.5345068654369507,11658.04390282,17889.348406442674,37.0
2026-09-27 09:00:00+00:00,1.5344100334308344,1.5347500789613302,1.532821410436048,1.5340321528496175,157426.41672491003,241497.18496391477,180.0
2026-09-27 09:01:00+00:00,1.5338218270304071,1.5340691931511707,1.5327763559355339,1.5330693828935114,74808.89045796,114687.21952933303,118.0
2026-09-27 09:02:00+00:00,1.5328035359841825,1.5334461166521385,1.5323926991019832,1.5324865253218238,63545.65259770001,97382.85634875702,110.0
2026-09-27 09:03:00+00:00,1.532408074622226,1.532492494400538,1.5321523105285897,1.5322356580784073,18049.4032209,27655.939222098237,50.0
2026-09-27 09:04:00+00:00,1.5319133950769228,1.531974828438345,1.531387261152917,1.5318998290872456,36451.43777271001,55839.95129399883,97.0
2026-09-27 09:05:00+00:00,1.5319417881813973,1.5319436453205482,1.5310094469063171,1.5310316913858155,36408.356510369995,55742.34764864954,102.0
2026-09-27 09:06:00+00:00,1.5308384804760022,1.530880683173659,1.529865364670183,1.5300352013419627,43517.63953671998,66583.5203704923,85.0
2026-09-27 09:07:00+00:00,1.5300548420507876,1.5302458647761723,1.5300542700897108,1.5301515721177852,22128.24499477,33859.568866954825,54.0
2026-09-27 09:08:00+00:00,1.530151328023492,1.530151328023492,1.5289482016161347,1.5290294701231133,394343.05924531,602962.1589245838,243.0
2026-09-27 09:09:00+00:00,1.5288797291611989,1.5288797291611989,1.5277877614973492,1.5280014856532276,98682.75961538003,150787.403300661,124.0
2026-09-27 09:10:00+00:00,1.5278803522299411,1.5280598193526254,1.526806379867477,1.5274477590946978,113766.99386279006,173773.1398346589,146.0
2026-09-27 09:11:00+00:00,1.5272473925541237,1.5289435395105155,1.5268976069764297,1.5289435395105155,138202.98761270003,211304.5650514895,184.0
2026-09-27 09:12:00+00:00,1.5285884762784292,1.5311640602656484,1.528298212697583,1.5304971401405771,425682.85410148994,651506.3908092089,364.0
2026-09-27 09:13:00+00:00,1.5303663339244753,1.5306650322973474,1.529673918488765,1.5303214513956,37728.446651959996,57736.65123932889,80.0
2026-09-27 09:14:00+00:00,1.5299715911277734,1.5300773829907128,1.5293144493072794,1.529412064348067,13121.025197180003,20067.45423318207,58.0
2026-09-27 09:15:00+00:00,1.5294397555997334,1.5296439303261518,1.5291293004595556,1.5291293004595556,19920.36897442,30460.819874751087,73.0
2026-09-27 09:16:00+00:00,1.5289869534155458,1.529184937808606,1.5278941708636948,1.5278942461911433,99821.56080081999,152516.78839339226,135.0
2026-09-27 09:17:00+00:00,1.5279819312718401,1.5286943094017984,1.5269037157286214,1.528105527986091,149619.06810295992,228633.72506026048,168.0
2026-09-27 09:18:00+00:00,1.5280045661531885,1.5289130327605092,1.527823493296338,1.5281046027412477,374483.6484298702,572250.1868170198,253.0
2026-09-27 09:19:00+00:00,1.5281047555011655,1.5282954878873298,1.5272224155314202,1.5275207849084835,92229.34207782,140882.23700230464,100.0
2026-09-27 09:20:00+00:00,1.5274762949343024,1.5282608803556748,1.5271362250644092,1.5282608803556748,37033.44283061,56596.761942909594,108.0
2026-09-27 09:21:00+00:00,1.52812056934693,1.5281615173518708,1.5277089154448882,1.528027665748169,22417.85933239,34255.1092667427,54.0
2026-09-27 09:22:00+00:00,1.5283072298003673,1.5300286596254313,1.5283072298003673,1.5297309099693197,47916.70971958,73299.67196206887,107.0
2026-09-27 09:23:00+00:00,1.5297758887447288,1.529890457077353,1.5288859550914862,1.5294934423607782,80968.21616976999,123840.35567131313,84.0
2026-09-27 09:24:00+00:00,1.5299320299355499,1.5301437574106416,1.5288438484463527,1.5292441469040645,70291.80020208997,107493.32403439604,101.0
2026-09-27 09:25:00+00:00,1.5297178209514861,1.5308352015981475,1.5296628974383977,1.5305968764223967,3888.7660088899997,5952.133106344624,54.0
2026-09-27 09:26:00+00:00,1.5305007005203384,1.530698169392519,1.5302968650077056,1.5306906232421749,22750.897489210005,34824.585457077694,49.0
2026-09-27 09:27:00+00:00,1.5303889598413007,1.530388972759849,1.5288988556929208,1.5288988556929208,51493.78933698,78728.79559260105,104.0
2026-09-27 09:28:00+00:00,1.5290274962806034,1.530465866722404,1.529024754826634,1.5301977378101634,24673.797465619984,37755.78906507784,102.0
2026-09-27 09:29:00+00:00,1.5301850259198002,1.53065089904147,1.5300675268028983,1.5302421261398758,5626.498562970001,8609.90512372217,60.0
2026-09-27 09:30:00+00:00,1.5304918117334476,1.5306897453055057,1.530158997764115,1.5305180838896075,1362.6593790800002,2085.574821863724,42.0
2026-09-27 09:31:00+00:00,1.5306748195877182,1.5312569670139555,1.5306193276301743,1.5312495125932766,4789.1045512,7333.314009783243,49.0
2026-09-27 09:32:00+00:00,1.5313895902630714,1.532498895179138,1.5309977640805175,1.5320112199973965,385987.3880929999,591337.0093359654,249.0
2026-09-27 09:33:00+00:00,1.5316802890764358,1.5328336299848633,1.5316802890764358,1.5326215595798773,31144.33586741,47732.48060918943,118.0
2026-09-27 09:34:00+00:00,1.5323226690218894,1.5323667411834467,1.5314708697773676,1.5317906182159062,17556.124273520003,26892.306454410482,86.0
2026-09-27 09:35:00+00:00,1.532604825795898,1.532604825795898,1.5305112471879714,1.5311327326958488,12337.50322372,18890.355025578247,71.0
2026-09-27 09:36:00+00:00,1.5311434216838928,1.5317677409302106,1.5311092563813502,1.531483150983848,14785.525010320001,22643.782431755368,66.0
2026-09-27 09:37:00+00:00,1.531997131846717,1.533270257186727,1.5319956253323832,1.5327772412824658,100503.2061623,154049.0270814931,107.0
2026-09-27 09:38:00+00:00,1.5325269872409177,1.5340249810637914,1.5325269872409177,1.5340249810637914,7910.20900273,12134.458215623521,57.0
2026-09-27 09:39:00+00:00,1.534145879561561,1.5346360820186504,1.5338702745714743,1.5344554250541678,10567.575958730002,16215.47425954525,54.0
2026-09-27 09:40:00+00:00,1.5346245803702292,1.534801188838459,1.5345399427117612,1.5345852871021815,13117.383896349998,20129.744332609793,46.0
2026-09-27 09:41:00+00:00,1.5346825235411554,1.5355890052077406,1.5344037414563338,1.5354137885994035,72826.04079695002,111818.10720873976,115.0
2026-09-27 09:42:00+00:00,1.5354851280951627,1.5361812566819644,1.5351898873607628,1.5351922748311322,68797.98835077004,105618.1402400244,69.0
2026-09-27 09:43:00+00:00,1.5353986689688834,1.53571746271066,1.5353050023337182,1.5356059243702598,7155.354882650001,10987.805348769007,40.0
2026-09-27 09:44:00+00:00,1.53540074307438,1.5354008121787692,1.5346052660998455,1.5353965313577316,35743.02623018999,54879.71849406213,80.0
2026-09-27 09:45:00+00:00,1.5354150819209584,1.536647834560994,1.5351961792418658,1.536647834560994,17521.50778511,26924.38699623288,75.0
2026-09-27 09:46:00+00:00,1.5368971908474887,1.5375922514003908,1.535715668628202,1.5364287452402443,129906.15278267005,199591.54731886522,184.0
2026-09-27 09:47:00+00:00,1.536614281550672,1.5367169750702447,1.5358874769789015,1.5361243855315745,7568.78273079,11626.59172155678,69.0
2026-09-27 09:48:00+00:00,1.5364265821705987,1.5385107987323998,1.5362491795093796,1.5372236302890827,274490.5321527599,421953.33231584774,212.0
2026-09-27 09:49:00+00:00,1.5375565792662818,1.537652786976322,1.5364481605509475,1.537644827769772,44804.379984650004,68893.22314482857,94.0
2026-09-27 09:50:00+00:00,1.5373615832415322,1.5375394441674555,1.5369739023903626,1.537422856931265,120329.88570290002,184997.91665156512,103.0
2026-09-27 09:51:00+00:00,1.5371784018418826,1.5381742801019112,1.5369907841830237,1.5371928329079374,125377.88252135001,192729.9824169926,124.0
2026-09-27 09:52:00+00:00,1.537187965779289,1.537855040917612,1.5371802504997705,1.537855040917612,8097.85851832,12453.332543036036,55.0
2026-09-27 09:53:00+00:00,1.5377867011757678,1.5377867011757678,1.5369996886531028,1.5372910213481312,26952.300193560008,41433.529092239296,74.0
2026-09-27 09:54:00+00:00,1.5369479182462653,1.5369479182462653,1.5361504622907485,1.5365358971264267,135014.73803562002,207454.9916328509,116.0
2026-09-27 09:55:00+00:00,1.5359411561221656,1.5359824050881954,1.5355268435073155,1.5356546567016278,4008.7627283500005,6156.075151402601,45.0
2026-09-27 09:56:00+00:00,1.536284792808437,1.5384990908593887,1.536284792808437,1.5372928959220873,402893.0282754098,619364.5901843241,297.0
2026-09-27 09:57:00+00:00,1.5372226256188128,1.5372625136499,1.5368216792064615,1.5369448373981005,55362.85398482001,85089.65261559396,51.0
2026-09-27 09:58:00+00:00,1.5370930635961475,1.5391434681891636,1.53699739080418,1.5383899671777823,127858.93614710004,196696.9045827234,124.0
2026-09-27 09:59:00+00:00,1.5381994964359595,1.5385621683703277,1.5379344605792447,1.538258013623698,4586.46320974,7055.163786572823,37.0
2026-09-27 10:00:00+00:00,1.5381488452774206,1.5385554788776608,1.5378909328963457,1.5383602389065787,30918.032603260028,47563.07202207248,104.0
2026-09-27 10:01:00+00:00,1.5381942460977402,1.538648478987561,1.5378298440189568,1.5386144908062944,38204.99575474,58782.76008943592,86.0
2026-09-27 10:02:00+00:00,1.5392048609690268,1.5396593020510319,1.538640321199987,1.5393867448929013,63518.77659551,97779.96274294154,114.0
2026-09-27 10:03:00+00:00,1.5392368941990222,1.5393153694001465,1.5374876116729068,1.5374895555092805,247433.63162247004,380426.6243012785,266.0
2026-09-27 10:04:00+00:00,1.5375177003389284,1.5377878733159158,1.5371111392804688,1.537457037921135,24449.67532057,37590.32539649703,61.0
2026-09-27 10:05:00+00:00,1.5375042188919905,1.5377562572038073,1.5367003397857708,1.5371144517504263,20386.656812470002,31336.62480932392,78.0
2026-09-27 10:06:00+00:00,1.5369572452442002,1.536995688606218,1.5363934086387623,1.5368484106423503,9156.049121979999,14071.459540878248,51.0
2026-09-27 10:07:00+00:00,1.53700422505131,1.5389786090804831,1.5368751633150328,1.5386332162469645,464555.20819228,714780.074105166,342.0
2026-09-27 10:08:00+00:00,1.5387261687207903,1.5393360244001522,1.5386508511995804,1.5393360244001522,23477.98949485,36140.51500991094,82.0
2026-09-27 10:09:00+00:00,1.5393319211561125,1.5395177220117304,1.539265323355382,1.5394966567481168,56813.032503890005,87463.47359946075,73.0
2026-09-27 10:10:00+00:00,1.5394633611575028,1.5399625445521912,1.538913673876575,1.53969416819306,57834.73743826,89047.80795266577,65.0
2026-09-27 10:11:00+00:00,1.5395105079349447,1.5402080050854985,1.5391532871754408,1.5402028461879962,60057.66728829001,92500.99009283599,158.0
2026-09-27 10:12:00+00:00,1.5402953444676322,1.5408763630246727,1.5388515805433622,1.539676119654353,241102.4408862298,371219.67062290333,232.0
2026-09-27 10:13:00+00:00,1.5394692595898245,1.5413600577987008,1.539456199860073,1.5413110297621093,69463.68954497004,107065.15086363324,151.0
2026-09-27 10:14:00+00:00,1.5413824554031739,1.5413824554031739,1.5404762480686278,1.5410416412527632,28662.419251590003,44169.98160574506,82.0
2026-09-27 10:15:00+00:00,1.5408228247836813,1.542126748274274,1.5404240586069473,1.5408386916498904,182289.00886471002,280877.9579212551,235.0
2026-09-27 10:16:00+00:00,1.5409913482442013,1.5424838464455697,1.5409844535143382,1.5420059896968465,82681.51817346,127495.396260704,129.0
2026-09-27 10:17:00+00:00,1.5420911634022882,1.5421907390710745,1.541106372494792,1.5412028923754018,217803.95586954005,335680.0867569395,141.0
2026-09-27 10:18:00+00:00,1.5410471243222579,1.5416420568524096,1.5407664372638321,1.5407664372638321,10127.472460050001,15604.069660758818,65.0
2026-09-27 10:19:00+00:00,1.540408664423738,1.5405272050091485,1.5397627748199614,1.5403123189494263,32853.78802425,50605.09441790541,95.0
2026-09-27 10:20:00+00:00,1.5403363851075662,1.54036444022034,1.5392244201573493,1.5400029587089572,24980.20243247,38469.58565515249,105.0
2026-09-27 10:21:00+00:00,1.539906538487343,1.5402511708343247,1.5395316999593203,1.5401767355108638,11660.26002501,17958.861220527724,87.0
2026-09-27 10:22:00+00:00,1.5403910393578935,1.540780966795536,1.5394749499298637,1.5397888262506756,9757.2565578,15024.114622561568,82.0
2026-09-27 10:23:00+00:00,1.5402260335437354,1.5406585964446406,1.539884915488746,1.5399682964129626,70352.78864114996,108341.06407161294,124.0
2026-09-27 10:24:00+00:00,1.5397554472992603,1.5403366792948003,1.5394902754546786,1.5394987456998328,21121.80140089,32516.986763591125,68.0
2026-09-27 10:25:00+00:00,1.5395212988193383,1.5395212988193383,1.5385727713281965,1.5386819547627426,125785.57945294997,193544.00127362934,111.0
2026-09-27 10:26:00+00:00,1.538450728242956,1.5384539363990322,1.5374686022320427,1.538038885699186,14220.190338750002,21871.205703041385,61.0
2026-09-27 10:27:00+00:00,1.538206823806711,1.5392002962286058,1.5382064708037444,1.5384996033424934,353245.12885637005,543467.4906281932,198.0
2026-09-27 10:28:00+00:00,1.538560638371853,1.5392735564731037,1.5385557827882845,1.5390848661252203,8069.977997040002,12420.381005207786,41.0
2026-09-27 10:29:00+00:00,1.539017173808483,1.5390177880177087,1.538600825787203,1.5386383611372572,45998.633880479996,70775.26264841446,47.0
2026-09-27 10:30:00+00:00,1.5386740330129152,1.538745600983941,1.538174385785329,1.5382454877124048,148001.12383339,227662.06091307703,109.0
2026-09-27 10:31:00+00:00,1.5384475939779616,1.5390414948364257,1.5381600948862322,1.5389536921776634,27370.726568880003,42122.28071076315,77.0
2026-09-27 10:32:00+00:00,1.538979071264447,1.5396663091687972,1.5389245174742188,1.5393322684960449,7181.16016249,11054.191563359158,55.0
2026-09-27 10:33:00+00:00,1.5399040009481182,1.540003138872965,1.53960109318636,1.5396121269669887,17523.676094430004,26979.664224025953,52.0
2026-09-27 10:34:00+00:00,1.539696468969922,1.5399937532841046,1.5395974961188232,1.539993690421224,40418.39848430999,62244.078642768145,47.0
2026-09-27 10:35:00+00:00,1.5399896433087858,1.5407787464164235,1.5391946344817393,1.5396859977650388,147802.5688582899,227569.54570481193,99.0
2026-09-27 10:36:00+00:00,1.5395987417217492,1.5395987417217492,1.538574899302586,1.5388366932073323,37904.034801409995,58328.1195730174,54.0
2026-09-27 10:37:00+00:00,1.5386043280670911,1.5386193816423672,1.5380331624197225,1.5383237427071164,24532.55681717,37739.01462116394,73.0
2026-09-27 10:38:00+00:00,1.538336997637224,1.5384858998035158,1.53810061473208,1.5381822322480128,2438.60957178,3751.0259147019306,30.0
2026-09-27 10:39:00+00:00,1.538026855058971,1.5381273229237122,1.5375671340992727,1.5375934303033953,2374.54288871,3651.0815456541427,36.0
2026-09-27 10:40:00+00:00,1.537475524008764,1.5375743516011176,1.537072358508119,1.537072358508119,9587.91688143,14737.322014119418,30.0
2026-09-27 10:41:00+00:00,1.537327209191641,1.5377259675434485,1.5367168329009955,1.536923111813051,19288.125530880006,29644.365911960856,85.0
2026-09-27 10:42:00+00:00,1.5366713372251841,1.5369525051152328,1.536384991558361,1.5367613371567495,34378.53886415,52831.60935436644,63.0
2026-09-27 10:43:00+00:00,1.5367005109587892,1.536895246583158,1.5364986272563135,1.5364986272563135,8192.540580960002,12587.827356386682,39.0
2026-09-27 10:44:00+00:00,1.5364853924385438,1.5364853924385438,1.5359862828316668,1.5359898845987576,10188.443472530002,15649.346113612322,43.0
2026-09-27 10:45:00+00:00,1.535775100644837,1.5358951893412844,1.5357550096064747,1.5358614410373315,2383.0715733399998,3660.067740725073,34.0
2026-09-27 10:46:00+00:00,1.536356498446912,1.5364093554861533,1.536051919618814,1.5361679246266309,13020.400968599997,20001.52233374083,52.0
2026-09-27 10:47:00+00:00,1.5360927736837993,1.536476480096904,1.5360927736837993,1.536476480096904,29770.019993749997,45740.93553241145,57.0
2026-09-27 10:48:00+00:00,1.53681104566994,1.5370540674858844,1.5367308302628726,1.5368916851060632,5659.98948083,8698.79077087541,30.0
2026-09-27 10:49:00+00:00,1.5369152482931279,1.5390571039410343,1.5369152482931279,1.538427201254304,59567.606954940005,91640.42685310477,105.0
2026-09-27 10:50:00+00:00,1.5381884347512493,1.5382854202649328,1.5361970290372067,1.5361970290372067,75511.73976704001,116000.91028755756,129.0
2026-09-27 10:51:00+00:00,1.536367989660167,1.5364597492475403,1.535766289458175,1.5359889588180697,27625.046695029996,42431.76671039968,51.0
2026-09-27 10:52:00+00:00,1.5360391834344636,1.5360435579691003,1.5351771332427921,1.53534207232378,44593.14011365,68465.72415351607,74.0
2026-09-27 10:53:00+00:00,1.5355595250617458,1.5355645519096899,1.5353896022407643,1.5353896022407643,8026.76254277,12324.207747824696,35.0
2026-09-27 10:54:00+00:00,1.535454805040182,1.5356104879792825,1.5352287225886831,1.5352468608017582,8985.93413804,13795.627176797263,40.0
2026-09-27 10:55:00+00:00,1.5352462743725117,1.5355322244222371,1.535162583988886,1.5354480821053917,12160.93261985,18672.48066776158,34.0
2026-09-27 10:56:00+00:00,1.5356374469067187,1.5386845257130266,1.5356374469067187,1.5376790099782969,512053.11865517916,787373.3325499953,447.0
2026-09-27 10:57:00+00:00,1.5380899205174254,1.5398693968041461,1.5374403835129093,1.5375274947350561,173288.59006183012,266435.97174393584,169.0
2026-09-27 10:58:00+00:00,1.537494906940361,1.5377189683678145,1.5369510771088521,1.5374196361204633,21484.4702143,33030.64637911004,69.0
2026-09-27 10:59:00+00:00,1.537350012966166,1.5382195330674866,1.5369743968851093,1.537937821006694,2952.7657209999998,4541.170078898,37.0
2026-09-27 11:00:00+00:00,1.5377728763556213,1.5378881516497904,1.5363344044788034,1.5364203501224112,158441.81743843,243433.23262278378,170.0
2026-09-27 11:01:00+00:00,1.5366008688651729,1.5374795640656285,1.5364463643077853,1.537341875705998,17742.58039273,27276.411820824,64.0
2026-09-27 11:02:00+00:00,1.537228767257548,1.5375099098165799,1.5361463209876052,1.5362073045157096,22867.77700719,35129.64607648167,111.0
2026-09-27 11:03:00+00:00,1.5359249217802762,1.535960861352098,1.535099148558454,1.5351023492158462,35065.655560700005,53829.37022802428,96.0
2026-09-27 11:04:00+00:00,1.5349802207491707,1.535150662726608,1.5340512446070538,1.5346758218067253,62168.22997673,95408.0794298076,143.0
2026-09-27 11:05:00+00:00,1.5349749779590596,1.5370215036666661,1.5349700692699733,1.5370215036666661,78756.62422732,121050.62499358598,167.0
2026-09-27 11:06:00+00:00,1.5367964312697302,1.5367989387560828,1.5361189012451848,1.5364796205008233,44195.56294402999,67905.58178006345,69.0
2026-09-27 11:07:00+00:00,1.5361356140195033,1.536150933663436,1.5354882491875739,1.5356805632576602,1821.6059952,2797.4049207422668,44.0
2026-09-27 11:08:00+00:00,1.5356075869494534,1.536024173955024,1.535237566705468,1.536024173955024,5645.1525985,8671.09085696102,48.0
2026-09-27 11:09:00+00:00,1.5362145954721274,1.5367932581786208,1.536212763067467,1.536600827252723,37815.86001695,58107.88178531854,62.0
2026-09-27 11:10:00+00:00,1.5364274896793484,1.5375467074680327,1.536299853768135,1.5363844935859352,21896.83454303,33641.95705052816,108.0
2026-09-27 11:11:00+00:00,1.5366086054902506,1.536988296620438,1.5358563690458844,1.536054123780218,20406.98486923,31346.233262301255,78.0
2026-09-27 11:12:00+00:00,1.5360446276663022,1.5367349838257314,1.5359736429675934,1.5367347402577272,13138.014620709999,20189.643485659002,63.0
2026-09-27 11:13:00+00:00,1.536676517484258,1.536676517484258,1.5352801610360276,1.5352801610360276,9703.61973921,14897.774875846706,84.0
2026-09-27 11:14:00+00:00,1.5350912624886428,1.535195566184033,1.534815965489367,1.5348169931488322,22242.027583220002,34137.44189681111,69.0
2026-09-27 11:15:00+00:00,1.5348009712327768,1.5358789776622033,1.5341071524304364,1.53499803613258,215697.43174131995,331095.1341217673,150.0
2026-09-27 11:16:00+00:00,1.5347156607633736,1.5350936138602513,1.5342344668958918,1.5344418537871942,25985.130273640003,39872.67146798591,71.0
2026-09-27 11:17:00+00:00,1.5345267579574893,1.5345673521041203,1.5334459155793816,1.5341516479467452,72904.75581381997,111846.95127492695,172.0
2026-09-27 11:18:00+00:00,1.5336601758754178,1.5345245813785398,1.533599691326568,1.5336327281482858,116162.77556917997,178151.03440543852,172.0
2026-09-27 11:19:00+00:00,1.533657169210316,1.5343065609174704,1.533600080212236,1.5342149133910474,15176.727739840002,23284.362034938134,50.0
2026-09-27 11:20:00+00:00,1.534296505628847,1.5344131382602046,1.5330717016157747,1.5330717016157747,36716.072287359995,56288.371418230774,117.0
2026-09-27 11:21:00+00:00,1.5331033842771022,1.5339909559252816,1.532910330386545,1.5332085301577705,83722.78685783005,128364.49097900592,112.0
2026-09-27 11:22:00+00:00,1.533352942449962,1.5349859238231942,1.53335010325623,1.5348536522179315,46754.69916053,71761.62076489012,96.0
2026-09-27 11:23:00+00:00,1.5346041561189876,1.5347577566036994,1.5342839094042169,1.5344391352794082,7897.711960199999,12118.558310895127,41.0
2026-09-27 11:24:00+00:00,1.5344619206911085,1.5347633628580037,1.534180159006462,1.5347633628580037,17941.48720802,27535.93724205463,50.0
2026-09-27 11:25:00+00:00,1.534809420730285,1.535520557959996,1.534805623151862,1.5350647790810454,19769.871133079992,30348.032863362176,76.0
2026-09-27 11:26:00+00:00,1.5350818545035032,1.5375788129274357,1.5350814002756845,1.5375788129274357,26819.174301389994,41236.59418602521,124.0
2026-09-27 11:27:00+00:00,1.5372159898197073,1.5380931547686385,1.5372127907452513,1.5379688769122928,14236.37634651,21895.103740942715,70.0
2026-09-27 11:28:00+00:00,1.5379425430048452,1.5381066542701967,1.5363276169001499,1.536451775317833,223826.17013730016,343898.11647004617,237.0
2026-09-27 11:29:00+00:00,1.5364191761567687,1.536591455500686,1.5358814526956355,1.5359827162000248,6971.02998812,10707.381575864383,64.0
2026-09-27 11:30:00+00:00,1.5360563115886434,1.5362640559683882,1.5357238714129333,1.5358858253955783,11886.904236960003,18256.92772538151,64.0
2026-09-27 11:31:00+00:00,1.5360650457686915,1.5366677264963995,1.5360313072108678,1.536382971557423,9722.91686007,14938.123897680116,59.0
2026-09-27 11:32:00+00:00,1.536762023679339,1.5370498247127204,1.536460334699129,1.5366576523679782,10357.55147046,15916.010726877563,45.0
2026-09-27 11:33:00+00:00,1.5366802139704892,1.5366802139704892,1.5354927540873633,1.5355920826521448,137771.58667659998,211560.95771501065,93.0
2026-09-27 11:34:00+00:00,1.535239559780376,1.5355877941705431,1.5344269991514263,1.5344494763398053,22274.92490406,34179.74685454336,88.0
2026-09-27 11:35:00+00:00,1.5347128630522744,1.5358353737452943,1.5344658470873864,1.5353554331834358,124971.76620705002,191876.08024052434,151.0
2026-09-27 11:36:00+00:00,1.5352469768389492,1.5356073101109726,1.5350207396071813,1.5355883172157108,6689.985852770001,10273.064117851996,50.0
2026-09-27 11:37:00+00:00,1.535620792386286,1.5358478481857225,1.5354667818890428,1.535592211880652,12873.452030159997,19768.372677532858,47.0
2026-09-27 11:38:00+00:00,1.5358898617104397,1.5360973262927693,1.5346281374781483,1.5346425033990472,50823.29070381002,77995.58207667252,93.0
2026-09-27 11:39:00+00:00,1.5345298923391761,1.5347109197046778,1.5340271676600246,1.534138893784372,10126.146397370001,15534.915032359819,54.0
2026-09-27 11:40:00+00:00,1.5344865014647484,1.5347636356602188,1.5338087313563018,1.534448149648137,13086.43208733,20080.451501899526,60.0
2026-09-27 11:41:00+00:00,1.534563784204747,1.5348081243475868,1.5342893480724906,1.5344471255138776,13404.756481989996,20568.89005200307,50.0
2026-09-27 11:42:00+00:00,1.5345903790360862,1.5347655228798232,1.534304290622572,1.5347613230216897,10324.95403514,15846.340115109599,56.0
2026-09-27 11:43:00+00:00,1.5347549737009114,1.5349912024591268,1.5346979032392223,1.534934176859861,5778.51529655,8869.64062018209,37.0
2026-09-27 11:44:00+00:00,1.5347024159971367,1.5360733748641984,1.5344970801774165,1.53577103652633,158370.8309134,243221.33514740845,136.0
2026-09-27 11:45:00+00:00,1.5356645003142604,1.5356645343084168,1.5345646274896332,1.5347376451069585,62894.85255016,96527.09789218195,70.0
2026-09-27 11:46:00+00:00,1.5344877786116253,1.534636245810269,1.5342055325626842,1.5344950026252264,2746.6126031100002,4214.66331361976,44.0
2026-09-27 11:47:00+00:00,1.5346652519463366,1.5346652519463366,1.5334884854930488,1.5334896346644693,65956.07617206,101142.9591529942,82.0
2026-09-27 11:48:00+00:00,1.5334970384983102,1.5337832063354608,1.533493021927977,1.5336838004860773,2135.418974,3275.0574876744004,32.0
2026-09-27 11:49:00+00:00,1.5337607639246797,1.5343552773652895,1.533576389373222,1.533796531389075,17336.632539180002,26590.866854561256,66.0
2026-09-27 11:50:00+00:00,1.5338418229965909,1.5346855209493602,1.5333857763177432,1.5346632688739326,187037.1581767299,287039.0565683911,204.0
2026-09-27 11:51:00+00:00,1.5344545017321274,1.5351129983279104,1.5343851983600494,1.5349050882116761,3271.05263139,5020.755327728703,43.0
2026-09-27 11:52:00+00:00,1.5351949618806762,1.537034114381114,1.5351949618806762,1.5369280041069184,16144.244758480001,24812.54187446425,83.0
2026-09-27 11:53:00+00:00,1.5368109950654465,1.537113386307655,1.5365235004632833,1.5366113563623576,8166.562533200002,12548.832730958466,54.0
2026-09-27 11:54:00+00:00,1.5365129640206507,1.5373738701439053,1.5364836707105578,1.5373095210132859,34809.55845552,53513.06563593942,74.0
2026-09-27 11:55:00+00:00,1.5374900392840403,1.5383740754054205,1.537401256077434,1.538285121341834,32726.809003259998,50343.16335871083,64.0
2026-09-27 11:56:00+00:00,1.5383479632191042,1.5390403800980577,1.5380719783674746,1.5390399654173192,55261.101066060015,85049.04307363198,124.0
2026-09-27 11:57:00+00:00,1.5386248543901218,1.5398207438169234,1.5385533739794268,1.5394584236243134,46003.53763115,70820.53352279196,97.0
2026-09-27 11:58:00+00:00,1.5395674271246076,1.5399684085111813,1.537529720472338,1.5379104171455074,283927.38056966994,436654.8762909323,269.0
2026-09-27 11:59:00+00:00,1.5381648898868883,1.538488741293922,1.537522849078023,1.5375374566943443,73378.12720172999,112821.61907474202,92.0
2026-09-27 12:00:00+00:00,1.5375754804905715,1.5392768360313611,1.5375400881102537,1.537706666628339,74276.86899828,114216.03663493495,143.0
2026-09-27 12:01:00+00:00,1.5376181284752932,1.5392134754485984,1.5376181284752932,1.5391410041884905,15336.464210780001,23604.980926080778,97.0
2026-09-27 12:02:00+00:00,1.538652218858076,1.5398926030524507,1.538652218858076,1.5396080606912683,13561.481964880002,20879.36694804851,92.0
2026-09-27 12:03:00+00:00,1.5393942160049148,1.5395917687691054,1.5383959736158799,1.5384950572615432,26802.538459489995,41235.572941987775,68.0
2026-09-27 12:04:00+00:00,1.5383967719414913,1.5395856165675024,1.538298588394567,1.5393898694198027,92072.51330500001,141735.49423373703,86.0
2026-09-27 12:05:00+00:00,1.5392868074862867,1.5405007980575902,1.5391847288875296,1.5403662226004098,93095.65854487,143401.40789325896,128.0
2026-09-27 12:06:00+00:00,1.5402386796757583,1.5408537422373636,1.539778688459716,1.5408537422373636,98772.74099177001,152194.34758821066,128.0
2026-09-27 12:07:00+00:00,1.5409742623829474,1.5412124617611165,1.539581336668937,1.53966073646166,39632.67176044,61020.868590622274,136.0
2026-09-27 12:08:00+00:00,1.5398384216177068,1.54111263976533,1.5398300501348792,1.5400723176003013,175060.52235942002,269605.86439039133,163.0
2026-09-27 12:09:00+00:00,1.5395892489841632,1.5408912667660717,1.5394045809035168,1.540705166585711,92782.52062301002,142950.5088927168,100.0
2026-09-27 12:10:00+00:00,1.5407918475453293,1.5408864860132165,1.5403088894199044,1.5403101546998816,28627.752630519994,44095.618083026195,78.0
2026-09-27 12:11:00+00:00,1.5401883283168774,1.5401888105544619,1.539605132883061,1.5396056151206454,19529.126334659995,30067.152563243,71.0
2026-09-27 12:12:00+00:00,1.539698302055777,1.54059795209255,1.5394993114605284,1.5402994661996772,173818.63850200002,267732.7561001853,102.0
2026-09-27 12:13:00+00:00,1.5404709769518834,1.5406554418279308,1.5402656929812668,1.5404488099928348,46881.20518070999,72218.09673165463,55.0
2026-09-27 12:14:00+00:00,1.5404577416874181,1.5414281862616899,1.5402664636128216,1.541235809328422,35659.38158411999,54959.515835952196,100.0
2026-09-27 12:15:00+00:00,1.5411833664528038,1.5413185374626843,1.5409552890556275,1.541271718050158,13932.444760049999,21473.683071961183,59.0
2026-09-27 12:16:00+00:00,1.5413275419381876,1.5418339995641017,1.5409694163774559,1.5414775362538282,47299.46415469999,72911.06147131321,89.0
2026-09-27 12:17:00+00:00,1.5415275839376723,1.541870344879706,1.541449586397595,1.5417959718675591,80750.21192542999,124500.3514740797,123.0
2026-09-27 12:18:00+00:00,1.5416150421986,1.5416835682195391,1.5406274390528667,1.5409327714986847,226225.110683,348597.6867873519,228.0
2026-09-27 12:19:00+00:00,1.5407524697478332,1.5407530755663288,1.540481484668647,1.540647725506703,10977.936542430001,16913.132964851702,52.0
2026-09-27 12:20:00+00:00,1.5406867631838308,1.5411896263392584,1.5404042994103648,1.540607827784531,17895.265129670006,27569.58553904917,98.0
2026-09-27 12:21:00+00:00,1.5407387414825453,1.5415586772657088,1.540479693126185,1.540479693126185,214875.19105027,331010.86836955027,188.0
2026-09-27 12:22:00+00:00,1.5402178616880504,1.5411689718170765,1.5402178616880504,1.541167126061479,16036.792757220004,24715.377804888296,74.0
2026-09-27 12:23:00+00:00,1.5412945378484246,1.5415933475909778,1.5405981927438275,1.5406970031119418,66874.82932201,103033.84912004342,102.0
2026-09-27 12:24:00+00:00,1.5406803557334874,1.5406809529515282,1.5397939888652799,1.5406629114273063,23040.161316940004,35497.122014311586,96.0
2026-09-27 12:25:00+00:00,1.5400997955646694,1.5400997955646694,1.538969239095749,1.538969239095749,151586.41643,233286.83195052846,168.0
2026-09-27 12:26:00+00:00,1.539246037485227,1.5400743627977884,1.5391510425613488,1.5399972042545347,23613.96729484,36365.44361541162,102.0
2026-09-27 12:27:00+00:00,1.5400362634958993,1.540068476495289,1.5392126537236557,1.5395734033196753,23001.981493710016,35413.23893136732,95.0
2026-09-27 12:28:00+00:00,1.5395874257343796,1.5396859644906093,1.5390906737988057,1.5393888793332764,9639.79834883,14839.398377204181,66.0
2026-09-27 12:29:00+00:00,1.5393841495678209,1.539728855302817,1.539167537854481,1.5394181224074446,37378.1204065,57540.55593529362,107.0
2026-09-27 12:30:00+00:00,1.539459155210553,1.5395493528209607,1.5383596474818588,1.538728589536816,31913.42676473999,49106.102152994834,91.0
2026-09-27 12:31:00+00:00,1.5388790298003068,1.5398517124959947,1.5388790298003068,1.5394152013287319,5657.120111890001,8708.656695985965,83.0
2026-09-27 12:32:00+00:00,1.539280755460427,1.5399548313786657,1.5390470219680388,1.5397030081414025,9176.423419400004,14128.9667428294,83.0
2026-09-27 12:33:00+00:00,1.5397688495783368,1.5403147340247565,1.5397688495783368,1.5401571836204946,35062.59327364,54001.904906760275,100.0
2026-09-27 12:34:00+00:00,1.5402289997390655,1.541139263417378,1.5401458478515702,1.541139263417378,17824.9015981,27470.655719383078,90.0
2026-09-27 12:35:00+00:00,1.5413163100814042,1.5417770705808769,1.5413163100814042,1.5415277853813794,67170.41796506,103545.06564882056,98.0
2026-09-27 12:36:00+00:00,1.5413729543557178,1.5426447004437274,1.541267182771154,1.5425500503744667,86912.38698185004,134066.70691701793,147.0
2026-09-27 12:37:00+00:00,1.5425622991994214,1.543825381528936,1.5411763776492247,1.5411775428882029,105973.45216552996,163323.90461985196,209.0
2026-09-27 12:38:00+00:00,1.5412982631405476,1.5421761016121376,1.5412015692855894,1.541562474699569,88083.78099604999,135786.6514131657,109.0
2026-09-27 12:39:00+00:00,1.5423945701369894,1.542979184974693,1.5418324834632573,1.5421578518425751,248478.0674513901,383192.40273083025,293.0
2026-09-27 12:40:00+00:00,1.5424444288557397,1.542564506540764,1.5416989191090156,1.5421976489038054,17080.79358964,26341.959715354,90.0
2026-09-27 12:41:00+00:00,1.5425236267195266,1.5439476637085259,1.5425236267195266,1.5436239831087786,22136.320296320002,34170.15490717718,115.0
2026-09-27 12:42:00+00:00,1.5436472493827296,1.5440937585715888,1.5434024257517813,1.5435110986034861,13227.268159700001,20416.43520870146,80.0
2026-09-27 12:43:00+00:00,1.5436388621335908,1.5441305042826976,1.5433748525837065,1.5436910599179448,38108.205329799996,58827.295877129625,107.0
2026-09-27 12:44:00+00:00,1.543683673997913,1.5437810709809034,1.5432085482839915,1.5434972829418523,8020.059235900004,12378.939639644364,59.0
2026-09-27 12:45:00+00:00,1.5437115028104271,1.5456251201139841,1.5432250918298411,1.5451082331352652,321489.2747542303,496735.7252874466,419.0
2026-09-27 12:46:00+00:00,1.5449447446084508,1.5459575302414754,1.5431319346586778,1.5434809228011828,86708.49403541001,133832.9063884755,213.0
2026-09-27 12:47:00+00:00,1.5431201339115006,1.5440682443343923,1.5429315390270426,1.5434061371312495,24450.213080030007,37736.60892188506,89.0
2026-09-27 12:48:00+00:00,1.5432743873814854,1.5433415817305454,1.5424386996939197,1.5428626972808837,24506.30634222,37809.86590354917,89.0
2026-09-27 12:49:00+00:00,1.542874752785716,1.542967396578027,1.5420852725543353,1.542098911896282,34059.693557280014,52523.416374202316,122.0
2026-09-27 12:50:00+00:00,1.5419977009163106,1.5424169388636528,1.5417571646399504,1.5422272910313204,46621.71901079001,71901.28741323408,98.0
2026-09-27 12:51:00+00:00,1.5421078189917132,1.5421078189917132,1.5409605657754888,1.5409605657754888,8218.912530040001,12665.020102349694,90.0
2026-09-27 12:52:00+00:00,1.5411322449996259,1.5413115815450655,1.5406616048799795,1.5406626096706542,33519.41936387,51642.11611178501,80.0
2026-09-27 12:53:00+00:00,1.5408830493266183,1.5408843485223371,1.5398034408960988,1.5401940944661945,80223.03133051001,123559.03909542802,95.0
2026-09-27 12:54:00+00:00,1.540169023673983,1.5405916240349495,1.5397486153306175,1.5397727127001417,65106.35161475002,100248.98363985289,117.0
2026-09-27 12:55:00+00:00,1.5395410866417696,1.5395654907360994,1.5387005700108474,1.5389782130140326,64742.25186077001,99636.91507519226,98.0
2026-09-27 12:56:00+00:00,1.5387038108512145,1.5387319174324543,1.5363129755927976,1.5369229507455318,103137.18908279997,158513.91297673678,166.0
2026-09-27 12:57:00+00:00,1.5369706025760823,1.5375495045229028,1.5368701877612954,1.537522266675075,27691.90767094001,42576.92465078058,71.0
2026-09-27 12:58:00+00:00,1.537540130810817,1.5375447870328356,1.5357562820204946,1.5363153290243448,32801.900268319994,50394.06220334778,127.0
2026-09-27 12:59:00+00:00,1.5360603978835363,1.5361239943517586,1.5348633663864373,1.534990643542892,61587.16388012,94535.72031832696,113.0
2026-09-27 13:00:00+00:00,1.534973980676755,1.5349743436139358,1.5281839128156838,1.5285029806411754,721196.8188894702,1102351.487301489,747.0
2026-09-27 13:01:00+00:00,1.5281815381753452,1.528378024075614,1.5215019650404802,1.527779040284333,499398.41859240003,762970.4366766105,576.0
2026-09-27 13:02:00+00:00,1.5269364847719973,1.5303680016121983,1.5248940496240684,1.5298984061264702,420240.0172634301,642924.532601882,516.0
2026-09-27 13:03:00+00:00,1.530064951983508,1.5309523467612025,1.527637657065649,1.527642537805701,126093.39309477003,192625.63102782634,281.0
2026-09-27 13:04:00+00:00,1.5274617608127052,1.5294339189703459,1.52597016030153,1.5282678616150576,290432.0424381001,443857.95644136885,366.0
2026-09-27 13:05:00+00:00,1.5279670226721966,1.5280565848216672,1.526399002341747,1.5272040159898874,70888.45482640002,108261.13289819582,214.0
2026-09-27 13:06:00+00:00,1.527030499644748,1.5275279210663706,1.5247418258666214,1.5274408430496855,86761.11374972003,132522.46872980203,273.0
2026-09-27 13:07:00+00:00,1.5273262252322959,1.528604166268254,1.526259954536176,1.5279776257930353,169921.96120433,259636.9548510884,309.0
2026-09-27 13:08:00+00:00,1.5277966969031314,1.5290475280976001,1.5277002887697388,1.5278087999402237,64223.03545897003,98120.51873308743,187.0
2026-09-27 13:09:00+00:00,1.5276561480529551,1.527807524120358,1.5262599732183157,1.5265308898651029,80372.89995841004,122691.71449455057,214.0
2026-09-27 13:10:00+00:00,1.5261889192905993,1.5270844023758907,1.5253850214817906,1.5261759086608,40977.41976459999,62538.75084381341,177.0
2026-09-27 13:11:00+00:00,1.5257007574416699,1.5264332587975247,1.525156996210462,1.525892084632289,156083.01947581995,238165.84396366106,198.0
2026-09-27 13:12:00+00:00,1.5251898361278893,1.5257290270353625,1.522290091790231,1.523199616006238,197608.89719808003,300997.79633153166,350.0
2026-09-27 13:13:00+00:00,1.5229381092042855,1.5241501361589735,1.5221610527603382,1.5234359724734636,188984.53322434996,287905.83615508117,268.0
2026-09-27 13:14:00+00:00,1.523397302013224,1.5246877373985106,1.5209110211728811,1.5219306916922166,237199.53284442984,361001.2490909938,401.0
2026-09-27 13:15:00+00:00,1.5221288839781444,1.5238983750719428,1.5214851417710373,1.5236887632108842,358716.6315867096,546572.5007255279,428.0
2026-09-27 13:16:00+00:00,1.5237756011639696,1.525355382697985,1.5233926380830574,1.5253521006245279,49526.42516993001,75545.23666937623,181.0
2026-09-27 13:17:00+00:00,1.5253784654431928,1.5254914700195903,1.5244922184634526,1.5254913198885163,30754.85576472001,46916.26551350367,128.0
2026-09-27 13:18:00+00:00,1.5252609435255073,1.5255226350481768,1.5240656757487259,1.525495849548594,31739.32001867,48418.20095597569,144.0
2026-09-27 13:19:00+00:00,1.525589373025405,1.5259791330104833,1.5254048569012646,1.5258849140727593,23266.126511999995,35501.43145356906,122.0
2026-09-27 13:20:00+00:00,1.525585732775847,1.525585732775847,1.5243827893933612,1.5253846691010033,34337.823690820005,52378.38982827007,117.0
2026-09-27 13:21:00+00:00,1.5254372064577302,1.5262119364741555,1.5249340614045273,1.526208356492879,120385.29764332004,183733.04726211753,177.0
2026-09-27 13:22:00+00:00,1.5263915322609207,1.5273922499423582,1.5261978581895725,1.5270991025773262,246834.91531542002,376941.3776629282,171.0
2026-09-27 13:23:00+00:00,1.5270908989332002,1.5275826780894584,1.5269868579370294,1.52729952684859,101476.54260692002,154985.07550977974,97.0
2026-09-27 13:24:00+00:00,1.5272800781289648,1.527879897332409,1.5270800811515095,1.527879897332409,150053.48177967005,229263.69833589278,99.0
2026-09-27 13:25:00+00:00,1.5277970885854923,1.528694784192293,1.5276977988391685,1.527997999601807,44852.07329187,68533.878267971,77.0
2026-09-27 13:26:00+00:00,1.52775963834857,1.5283140765729615,1.5275476438022135,1.5283140765729615,12765.372678790001,19509.49875769465,54.0
2026-09-27 13:27:00+00:00,1.528564411682316,1.5293129916288586,1.5282085407691013,1.5282085407691013,59185.357106010015,90447.56821787372,102.0
2026-09-27 13:28:00+00:00,1.5282732738513947,1.5294768838534112,1.5278865608793613,1.5292774959522049,19030.75291291,29103.302160740135,109.0
2026-09-27 13:29:00+00:00,1.5292364626164234,1.53070887070861,1.529133765539527,1.5303160031742906,80184.88889721,122708.21869215295,134.0
2026-09-27 13:30:00+00:00,1.5303949162861468,1.532623531390744,1.5303941549262499,1.5323355706683923,142534.58457486,218410.81399450032,238.0
2026-09-27 13:31:00+00:00,1.5324498810688751,1.5344458542668473,1.5323753594918113,1.534394633656704,91999.80309105001,141164.00416038057,186.0
2026-09-27 13:32:00+00:00,1.5344834881809972,1.5352045340773957,1.5343788966209269,1.5347036456101883,90842.34243069,139416.07410414904,130.0
2026-09-27 13:33:00+00:00,1.5344494141224332,1.5349419793743462,1.5329160826016923,1.5348419962859798,36393.62289398,55858.460814675396,126.0
2026-09-27 13:34:00+00:00,1.535165121978089,1.537283533184255,1.5322046875525912,1.5327512691472212,93328.30392117999,143049.07628254622,270.0
2026-09-27 13:35:00+00:00,1.5327639288950055,1.5327678022871445,1.5301715266856117,1.5316768573155988,96961.12089535999,148513.10493480283,256.0
2026-09-27 13:36:00+00:00,1.531699894188848,1.5323560714037259,1.530152256170781,1.5304046745945046,29665.14576530999,45399.67775175778,156.0
2026-09-27 13:37:00+00:00,1.5301153303665602,1.530169084717038,1.5283017918876183,1.5291517767926766,149359.44328491998,228393.25807990038,194.0
2026-09-27 13:38:00+00:00,1.5292786414453543,1.5304816428758496,1.5258252439604025,1.5265600544698463,166650.29501109,254401.68342954552,301.0
2026-09-27 13:39:00+00:00,1.5269795905450516,1.528389401141366,1.526784306312446,1.526969544522817,83717.92352318001,127834.71955058622,188.0
2026-09-27 13:40:00+00:00,1.5272892659824293,1.5278104156624914,1.5262076494144514,1.5270627013490907,90611.63070824002,138369.64156297123,151.0
2026-09-27 13:41:00+00:00,1.5271330962065275,1.5277471542330563,1.5257095688795947,1.5267760117478726,59570.71685968001,90951.141503984,157.0
2026-09-27 13:42:00+00:00,1.526880740295819,1.5270968023152716,1.5263158164057635,1.5265081301793086,24777.09877705,37822.44272542263,77.0
2026-09-27 13:43:00+00:00,1.526478113520382,1.5269698749930578,1.5263629837263284,1.526525120265959,18178.93582197,27750.602191939906,99.0
2026-09-27 13:44:00+00:00,1.526271110141301,1.5262738564766871,1.5244582324402838,1.5251401746312967,113955.49194906995,173798.0988913999,212.0
2026-09-27 13:45:00+00:00,1.525249967687964,1.5270797538204801,1.5236313847645042,1.5270797538204801,219987.7471868901,335938.83481767814,279.0
2026-09-27 13:46:00+00:00,1.527284718958351,1.5276596810382765,1.5257846590182855,1.5257846590182855,90501.31508499991,138085.51817767302,170.0
2026-09-27 13:47:00+00:00,1.5258027308757505,1.5278874608850492,1.525605598739859,1.527788862503456,137770.20706629998,210483.78794068802,194.0
2026-09-27 13:48:00+00:00,1.5278464593291723,1.5296495263047483,1.5273882027411487,1.529374572351934,57816.28673855004,88422.75880574677,135.0
2026-09-27 13:49:00+00:00,1.5293470205422874,1.5303458617953065,1.5283103209154454,1.5302518497357915,27856.46861319999,42627.41262245631,125.0
2026-09-27 13:50:00+00:00,1.5303118916221512,1.530330511736802,1.5294398704303915,1.5294428372458242,39660.21179400999,60658.02685200094,94.0
2026-09-27 13:51:00+00:00,1.5292330835045038,1.5294149425685561,1.528259609499173,1.528425956999272,16631.44028048,25419.925026968886,98.0
2026-09-27 13:52:00+00:00,1.5287600952514366,1.5292507204013828,1.528347407432154,1.5291619459229675,22373.66618283,34212.958917567215,101.0
2026-09-27 13:53:00+00:00,1.5290620269005935,1.5296639357519328,1.5288043942570253,1.5292919659581066,11615.762234930002,17763.891864358033,88.0
2026-09-27 13:54:00+00:00,1.5296362271304464,1.530045254440801,1.5292320042029248,1.5297519661037606,53879.93318562001,82422.93372424146,138.0
2026-09-27 13:55:00+00:00,1.5295097754387965,1.5304054008418742,1.5293815085319005,1.5298358867351332,97461.78490628002,149100.53613488772,129.0
2026-09-27 13:56:00+00:00,1.5301676145635519,1.531569665959849,1.5299825708725705,1.530738054190764,72634.28022337997,111184.05677668336,143.0
2026-09-27 13:57:00+00:00,1.5302928172789543,1.531234485837445,1.5301201086348442,1.5305955442681825,26272.079220869993,40211.927394124315,89.0
2026-09-27 13:58:00+00:00,1.5305837633456743,1.5320495164320604,1.5303112033950554,1.531867195145213,200478.57434767004,307106.55137267633,170.0
2026-09-27 13:59:00+00:00,1.5318672294528117,1.532699081995924,1.5318477119083247,1.5326433345682393,23315.05893958,35733.669678812934,128.0
2026-09-27 14:00:00+00:00,1.5330135745281028,1.5335409712234527,1.5324828420017043,1.5335389736832883,60286.64142685001,92451.91422054397,127.0
2026-09-27 14:01:00+00:00,1.533752720230201,1.5340636671255306,1.5303959677743086,1.5304683317568935,63470.78474062003,97140.02603727762,196.0
2026-09-27 14:02:00+00:00,1.5304877323119888,1.531168658921983,1.5290030502038692,1.5307931706981912,275850.0289267599,422269.34041798254,266.0
2026-09-27 14:03:00+00:00,1.5309272225265396,1.5312237774695001,1.5283350534011366,1.5290693459110622,128030.02434771997,195766.78558634553,252.0
2026-09-27 14:04:00+00:00,1.529002097567648,1.5292257145990216,1.5272147880738998,1.5276925054823889,41680.20843291999,63674.54204991574,127.0
2026-09-27 14:05:00+00:00,1.5279406821296295,1.528570578966957,1.5268544404361986,1.5283500247961694,93104.09958123005,142295.65290359798,178.0
2026-09-27 14:06:00+00:00,1.528716692384834,1.5300232869558223,1.5287161587084241,1.529092912851036,24264.769797809997,37103.087529793134,107.0
2026-09-27 14:07:00+00:00,1.5294419690102148,1.5310101477969285,1.5294415055325574,1.5309619308439875,79119.32502230999,121128.67460322872,130.0
2026-09-27 14:08:00+00:00,1.5311898035335458,1.5319238898809782,1.5305303875458824,1.531362774627822,32391.189264379987,49602.66146539586,128.0
2026-09-27 14:09:00+00:00,1.5313165255024557,1.532033026558692,1.5308805028689023,1.5318569682664758,27795.853476649998,42579.27183712024,99.0
2026-09-27 14:10:00+00:00,1.5321216159575934,1.5321896454375876,1.5286804219551797,1.5300585362627372,551211.9581456697,843386.5618508805,446.0
2026-09-27 14:11:00+00:00,1.5298927330846492,1.5309131821697715,1.5292412851438961,1.5302115623713064,71402.07657548002,109260.28315312095,155.0
2026-09-27 14:12:00+00:00,1.5300588425806092,1.5307293676653688,1.53000893349048,1.530255324695276,54259.96611229,83031.602061117,143.0
2026-09-27 14:13:00+00:00,1.530245099562137,1.5311958910269097,1.530245099562137,1.5308251246797757,56118.656022070005,85907.84860184677,120.0
2026-09-27 14:14:00+00:00,1.5305910442135706,1.5315626130653974,1.5303980258119119,1.5311906573936023,25477.553693809998,39010.99218920573,111.0
2026-09-27 14:15:00+00:00,1.5313888049645368,1.5316794008431085,1.530589332107138,1.5309903890716563,218222.60387570012,334096.7092118881,249.0
2026-09-27 14:16:00+00:00,1.5304750081770435,1.532076180760237,1.5304373277586223,1.5312802328623027,427467.27170963015,654572.1833645357,327.0
2026-09-27 14:17:00+00:00,1.5312858590988179,1.5314680731522778,1.5303611687796128,1.530569183952068,83251.89553220001,127422.7858071822,136.0
2026-09-27 14:18:00+00:00,1.5305645727405714,1.5316394113840097,1.5301134887282886,1.5301135042791787,105871.78660139,161995.85040095026,177.0
2026-09-27 14:19:00+00:00,1.5296934184565691,1.5298217584953389,1.5282097842842126,1.5282459410988434,29659.934269689995,45327.674160912225,112.0
2026-09-27 14:20:00+00:00,1.5282249702195263,1.5282250256057706,1.5268348305742694,1.5275595664103945,34807.90631535999,53171.15027874494,112.0
2026-09-27 14:21:00+00:00,1.5275736389712666,1.5285331718367667,1.5275196018699086,1.5279457950534072,144764.92407704,221192.957014739,135.0
2026-09-27 14:22:00+00:00,1.5278622481027364,1.5291512438595827,1.5278611383649328,1.5282338223260523,12952.45110501,19794.373860700733,107.0
2026-09-27 14:23:00+00:00,1.5285516684663256,1.5287228898759486,1.5250711075502539,1.5251416932363553,48930.28379928001,74625.61588416932,141.0
2026-09-27 14:24:00+00:00,1.5252942638568365,1.5265186424002923,1.5241022605044579,1.524979621439482,157669.7119851,240443.09769550996,178.0
2026-09-27 14:25:00+00:00,1.5241877188943895,1.5270094297078416,1.5240444292291906,1.5268679975165274,54716.14131915999,83544.32512781714,134.0
2026-09-27 14:26:00+00:00,1.5266048624964272,1.527324820083804,1.52400800043815,1.5242859883768383,94059.87358631006,143374.1473761091,205.0
2026-09-27 14:27:00+00:00,1.5240184373767873,1.524497577538276,1.5217620361307806,1.5224925910577998,162729.21373920003,247754.02226659315,274.0
2026-09-27 14:28:00+00:00,1.5225392907933237,1.5225605454479814,1.5196932365845335,1.5203493167052369,555143.0705869598,844011.3880405314,688.0
2026-09-27 14:29:00+00:00,1.5195918590507964,1.5206991426164274,1.5175816084081926,1.5196898751127692,289438.3500992899,439856.53011523583,312.0
2026-09-27 14:30:00+00:00,1.5200685895523374,1.5223780536514717,1.5187840778365693,1.5209721588129763,35761.775261649986,54392.66452269627,144.0
2026-09-27 14:31:00+00:00,1.5206553735914006,1.5229185228029876,1.5205279094048034,1.5222196509630677,10386.907244820004,15811.154320795666,118.0
2026-09-27 14:32:00+00:00,1.5221971707642603,1.5235545646417548,1.5221930029103095,1.5230226200359105,5665.301442080001,8628.382245609904,97.0
2026-09-27 14:33:00+00:00,1.5229830675398996,1.5242212177695074,1.521908548905773,1.5234346462480033,204441.85830213985,311453.81008080486,281.0
2026-09-27 14:34:00+00:00,1.5231708522071548,1.5239317835916144,1.522817292389223,1.5232448353695474,10771.85356592,16408.170311644684,104.0
2026-09-27 14:35:00+00:00,1.523259621842397,1.5235053600952118,1.52000940202581,1.520494787337622,18881.229639210007,28708.811244943427,158.0
2026-09-27 14:36:00+00:00,1.5214464830394547,1.5220168394456244,1.5208258306337155,1.5215325685291963,5759.95935298,8763.965748963428,97.0
2026-09-27 14:37:00+00:00,1.5206511863987648,1.5208123185819098,1.5157543346433389,1.5159535535875872,337817.29115102993,512115.3229837364,413.0
2026-09-27 14:38:00+00:00,1.5160524300156395,1.5182527338686747,1.5148819578303896,1.5160765807731726,205484.05116024002,311529.5576864364,340.0
2026-09-27 14:39:00+00:00,1.5161929101307232,1.5177334440421437,1.515940100717309,1.5166936318417414,64399.59690332998,97674.4585164557,170.0
2026-09-27 14:40:00+00:00,1.5171899460945828,1.5176793953580574,1.5160651009487136,1.5169261322967473,252250.9394544399,382646.0419548445,253.0
2026-09-27 14:41:00+00:00,1.5167243252779352,1.5198763382998428,1.515229036982567,1.5189385875074028,242528.9085213098,368386.5177390704,339.0
2026-09-27 14:42:00+00:00,1.518915685864113,1.5203820655428801,1.5189017070182846,1.519989601690562,60226.77812065001,91544.07648671267,119.0
2026-09-27 14:43:00+00:00,1.5200341087895846,1.5213438338628114,1.5199942849142583,1.5199972993155357,25716.549610299993,39089.085955369985,145.0
2026-09-27 14:44:00+00:00,1.5202734797250002,1.521409791277895,1.5202010682546327,1.520560708195808,62277.424094420014,94696.60408562196,154.0
2026-09-27 14:45:00+00:00,1.5203384193145095,1.5213217257882032,1.5199132304659007,1.5212089196601364,65829.10004484002,100139.81416141012,126.0
2026-09-27 14:46:00+00:00,1.521356514985492,1.5219129300221506,1.5190009674874259,1.519009975152232,55433.10674586004,84203.44210063988,129.0
2026-09-27 14:47:00+00:00,1.5193408379129154,1.519830274926769,1.5176624475970928,1.5177919129025783,34693.60543255,52657.67375495735,130.0
2026-09-27 14:48:00+00:00,1.517724447128271,1.5179899318528913,1.5121794876221755,1.5162073139392356,596716.9794520696,904746.6485969565,671.0
2026-09-27 14:49:00+00:00,1.5163517266589484,1.51831535270246,1.5155321127606385,1.5183152933126738,173323.27244213008,263159.3752358852,274.0
2026-09-27 14:50:00+00:00,1.5181381450234273,1.5193935372700331,1.5175295114441743,1.5175878768497246,40492.09442186997,61450.311602884234,149.0
2026-09-27 14:51:00+00:00,1.5180245083684096,1.519258632794799,1.5162633865443214,1.5170286381563907,246686.21079124982,374230.04640861,323.0
2026-09-27 14:52:00+00:00,1.5175483437749522,1.519227010071002,1.517215002327031,1.5183213991927653,89114.45056903998,135304.3772762793,182.0
2026-09-27 14:53:00+00:00,1.5179785446329168,1.5184538832536871,1.5169474576173922,1.5183307800185852,19741.94647976999,29974.804997714335,106.0
2026-09-27 14:54:00+00:00,1.5181036478531864,1.519175892985449,1.517407117973764,1.5190431548069412,23407.635265819994,35557.20812076142,139.0
2026-09-27 14:55:00+00:00,1.519217202504335,1.5192341708944577,1.5174174950804122,1.5174254802051759,11872.258039929999,18015.266857360537,89.0
2026-09-27 14:56:00+00:00,1.517501993600263,1.5182540948480396,1.5163013139819168,1.5169996918936368,67172.01476176002,101899.92569746477,126.0
2026-09-27 14:57:00+00:00,1.5171635241246917,1.518637560227093,1.5168508572782304,1.517684181618143,266784.79443897965,404895.0624162873,308.0
2026-09-27 14:58:00+00:00,1.517408060363024,1.5177847935917914,1.516778289085504,1.5168849257768333,96579.01268799999,146499.2484928367,139.0
2026-09-27 14:59:00+00:00,1.5166631289740682,1.5173647141258608,1.5162555828582036,1.5164601211643307,76534.72302276001,116061.85534837314,142.0
2026-09-27 15:00:00+00:00,1.5163691134028956,1.5176000600341237,1.5155636460608557,1.5161509961571462,113426.08982599003,171971.07907988472,179.0
2026-09-27 15:01:00+00:00,1.5159532023119682,1.5161831409812756,1.5121262854594388,1.512892862101534,134260.88398766005,203122.33304437305,212.0
2026-09-27 15:02:00+00:00,1.5126060174686518,1.5167615004077801,1.5118027904531872,1.5167561970739967,92515.39126497012,140323.29302586894,273.0
2026-09-27 15:03:00+00:00,1.516845766155806,1.5180255584957516,1.5137760895643448,1.5151315434254076,112155.29689449014,169930.02808708366,243.0
2026-09-27 15:04:00+00:00,1.5151515345438085,1.5155032381969817,1.5102855494072762,1.5105605966781879,272984.09979358007,412359.0246678483,487.0
2026-09-27 15:05:00+00:00,1.5105119184392442,1.5114084306835736,1.5080944580952074,1.5106451259761773,925027.7367446799,1397388.641906125,750.0
2026-09-27 15:06:00+00:00,1.5107340575067465,1.5144693721723894,1.5098496867724567,1.5143196856310916,481649.12063075986,729370.744938064,509.0
2026-09-27 15:07:00+00:00,1.514729791155467,1.5149508746709661,1.5124083281968739,1.5140586845582509,252962.23499762005,382999.66876341176,331.0
2026-09-27 15:08:00+00:00,1.5142723397834248,1.5149777131695312,1.5136412449891863,1.5146022467713816,186552.37000048,282552.6387432531,233.0
2026-09-27 15:09:00+00:00,1.5146575455137115,1.5161823794606906,1.514258438342075,1.5160599190558883,256193.07753319998,388404.0563876621,283.0
2026-09-27 15:10:00+00:00,1.5156055620587103,1.5166525074149955,1.5154110854521523,1.5156720412681113,23705.137523999998,35929.21417954238,121.0
2026-09-27 15:11:00+00:00,1.5153682354812812,1.5156205419841278,1.5142363107747865,1.5145559406345315,76958.26734581002,116557.60098953704,127.0
2026-09-27 15:12:00+00:00,1.5147932864750815,1.5152911422389397,1.514403055412454,1.5151933718799337,34350.63665276,52047.85697611786,146.0
2026-09-27 15:13:00+00:00,1.51499989427249,1.5150028521176664,1.5136155429516798,1.5136157699027142,89607.55295463,135631.4052545205,210.0
2026-09-27 15:14:00+00:00,1.5138544123926623,1.5157890097091387,1.5138544123926623,1.5155033859524591,35859.01855223,54344.464032836615,162.0
2026-09-27 15:15:00+00:00,1.5155339623988604,1.5168056414150686,1.5150395778448413,1.516790961463889,49272.48737886002,74736.06350509843,191.0
2026-09-27 15:16:00+00:00,1.51712119778718,1.5192269243605099,1.5170510308065455,1.5189402115998059,71499.97674743997,108604.18981013767,212.0
2026-09-27 15:17:00+00:00,1.518645241862445,1.5191434493426015,1.5160863977485208,1.5161499850941773,60502.58867969999,91730.99892488628,188.0
2026-09-27 15:18:00+00:00,1.515860285800138,1.517171396506387,1.5157737648831093,1.5163282713300719,24923.103284309993,37791.60611927861,120.0
2026-09-27 15:19:00+00:00,1.5161875860445961,1.5165100653370653,1.5159208218820994,1.5161926791954259,8131.681481639999,12329.19593201158,96.0
2026-09-27 15:20:00+00:00,1.5165451436208506,1.5171393625628846,1.514986460326745,1.5153422220251274,9236.93860646,13997.12307262278,100.0
2026-09-27 15:21:00+00:00,1.5153674973912936,1.5166302580433444,1.5143784183494484,1.5166262915624018,275640.82307238,418044.1192994718,317.0
2026-09-27 15:22:00+00:00,1.5166185474877605,1.5173567853130816,1.515854386788422,1.5170840851216227,68790.15817574003,104360.45418141427,154.0
2026-09-27 15:23:00+00:00,1.5168855271729778,1.517935126657235,1.516799837188034,1.517584832818924,8423.215883110002,12782.944667767199,105.0
2026-09-27 15:24:00+00:00,1.5174255734442155,1.517845499436843,1.5145242731333408,1.5160436928303738,174195.11102791008,264087.3993957498,270.0
2026-09-27 15:25:00+00:00,1.5163697670235567,1.516541877454291,1.5151894867230147,1.5151894867230147,267716.66461184993,405641.4756404264,220.0
2026-09-27 15:26:00+00:00,1.5148715245319722,1.5150766387221313,1.5136234906082422,1.5136591633220038,105430.22867926,159585.43173149624,120.0
2026-09-27 15:27:00+00:00,1.5131946748848293,1.5143615580828422,1.5112614882129027,1.5141494806379148,363023.8791199999,549672.418028709,293.0
2026-09-27 15:28:00+00:00,1.5140843193515001,1.514903299902105,1.5134116862643008,1.514707372950462,186761.02192557006,282888.29689042387,171.0
2026-09-27 15:29:00+00:00,1.5145079545858182,1.5160713000939718,1.514507607558837,1.5157632440167623,10944.621498100001,16589.454986495653,119.0
2026-09-27 15:30:00+00:00,1.5157539162813096,1.5167932176018533,1.5145779289523256,1.51677434584423,25152.807429919998,38151.133035662795,138.0
2026-09-27 15:31:00+00:00,1.517280110231654,1.5182353132560147,1.5137813050144702,1.5137813050144702,295720.7946850897,447656.61049831135,354.0
2026-09-27 15:32:00+00:00,1.5137482601024228,1.516483389398015,1.5132203768588337,1.5164833322587778,34930.651915899994,52971.75141539548,169.0
2026-09-27 15:33:00+00:00,1.5165082151597271,1.5168301180588606,1.5147471641853087,1.5153087819393714,29086.017259180004,44074.29738447558,129.0
2026-09-27 15:34:00+00:00,1.5153109481561413,1.5160853832036605,1.514102011786901,1.5143989787752505,111659.03491846984,169096.32845156078,211.0
2026-09-27 15:35:00+00:00,1.514175414154777,1.5144623090814129,1.5132100640946118,1.513593193728266,9936.78076452,15040.243732747427,85.0
2026-09-27 15:36:00+00:00,1.513599130330678,1.5153936702612774,1.513402333360099,1.5145976030450101,180329.07386911995,273125.98304149567,181.0
2026-09-27 15:37:00+00:00,1.5146592124476572,1.51530593637209,1.5135011511929348,1.5140869690943768,8044.966545950004,12180.779014023099,114.0
2026-09-27 15:38:00+00:00,1.5143618374711356,1.5146912507234755,1.5137338656993589,1.514691149961588,25430.00852098,38518.608850176184,127.0
2026-09-27 15:39:00+00:00,1.514152417822829,1.5144672294359962,1.513861718230929,1.5140630462163815,41447.628126250005,62754.32209927386,134.0
2026-09-27 15:40:00+00:00,1.5136760597507992,1.514633958716462,1.5136459467708725,1.5140111050421352,25018.878640490006,37878.86009740335,119.0
2026-09-27 15:41:00+00:00,1.5139617351913894,1.5146577564798362,1.5134683580864416,1.5135196935078992,18271.614956230005,27654.449068447582,128.0
2026-09-27 15:42:00+00:00,1.5134156156905063,1.513984592071515,1.5128170587340635,1.513486568169659,280815.5017784398,425010.4900754916,249.0
2026-09-27 15:43:00+00:00,1.5130796102801425,1.51357135362795,1.5128716813191605,1.5130640462760037,79085.81225447,119661.89909277274,127.0
2026-09-27 15:44:00+00:00,1.5130019966373394,1.5141364722953592,1.5118408457310317,1.5118483481155744,168623.04283045002,254932.46875743763,238.0
2026-09-27 15:45:00+00:00,1.5118611097731183,1.5127741367192882,1.511530629517891,1.5121624022815003,28483.41184599,43071.54448220558,109.0
2026-09-27 15:46:00+00:00,1.5121809251275624,1.5128072656727556,1.5121797232571923,1.5127026671884134,201766.00994554997,305211.9813925974,205.0
2026-09-27 15:47:00+00:00,1.5131458259548205,1.5143280077650292,1.5130781263971318,1.5143133176935106,22043.02629951,33380.04828761629,114.0
2026-09-27 15:48:00+00:00,1.5142398102151469,1.5146660220693666,1.5141993431422447,1.514475192156481,18977.93555155,28741.612591166995,75.0
2026-09-27 15:49:00+00:00,1.5143323306093945,1.5148652851922617,1.514246627356282,1.5144237285344153,8030.0239047899995,12160.858742112556,80.0
2026-09-27 15:50:00+00:00,1.5141794739818382,1.514366613127589,1.513523847806434,1.5135241454552875,12788.428121840003,19355.59474482426,71.0
2026-09-27 15:51:00+00:00,1.5138829231427031,1.514593182316859,1.513123320012501,1.5131280938575538,31019.03653553,46935.77562630433,123.0
2026-09-27 15:52:00+00:00,1.5129812685554123,1.5139089615709354,1.5125529054248696,1.5129814179013361,64266.47904055999,97233.98858231296,123.0
2026-09-27 15:53:00+00:00,1.513302278833984,1.5141909263934576,1.5125988622518884,1.5126013832526264,97995.33110592004,148227.87338311377,148.0
2026-09-27 15:54:00+00:00,1.512501653479142,1.5135010297012974,1.5118705949013913,1.5135010297012974,166350.66406481984,251771.90135359945,208.0
2026-09-27 15:55:00+00:00,1.5135956207154608,1.5144807837559762,1.513314421834351,1.5140953195455056,117764.08790633004,178306.0543095198,211.0
2026-09-27 15:56:00+00:00,1.5142931280019445,1.515085581532142,1.5140005988086602,1.5150840490895146,72061.42985354,109179.12292568141,154.0
2026-09-27 15:57:00+00:00,1.5148882399675703,1.5157861753155537,1.5146016264510223,1.515500519413873,89798.50909291,136089.68717289652,147.0
2026-09-27 15:58:00+00:00,1.5156485951528968,1.5163567849250763,1.5154994674734936,1.516143870845715,6600.482685050002,10007.281367561827,96.0
2026-09-27 15:59:00+00:00,1.5162000860254718,1.5164919939561905,1.5153015311300666,1.5161902364255675,26889.699303639994,40769.89954459834,99.0
2026-09-27 16:00:00+00:00,1.5162471850819568,1.5184000650380476,1.5156119411136835,1.5184000650380476,124173.78680591003,188545.48596211444,230.0
2026-09-27 16:01:00+00:00,1.518739421559196,1.519249435898846,1.518465576461405,1.5189701448441235,178457.62647586002,271071.80673657556,194.0
2026-09-27 16:02:00+00:00,1.5188408054464426,1.5189144774907692,1.517938456530696,1.518567592726592,74572.17471873002,113242.88784700868,189.0
2026-09-27 16:03:00+00:00,1.5184376890781006,1.5190359124286779,1.5180153718542142,1.5188704291107595,68813.17448504001,104518.2958585663,157.0
2026-09-27 16:04:00+00:00,1.5187989332026042,1.5204076982829964,1.5187989332026042,1.5202038571214387,185759.52505129995,282392.3464800327,217.0
2026-09-27 16:05:00+00:00,1.5202220932279742,1.5207864216125462,1.5200705272665922,1.5206780501707324,82520.4493104,125487.03595655183,150.0
2026-09-27 16:06:00+00:00,1.5206766657887993,1.5217843046949615,1.520299485743743,1.52167479955199,189501.90542063004,288360.27394565736,178.0
2026-09-27 16:07:00+00:00,1.5218145660957831,1.5220679305121776,1.5207531553800109,1.5210089823700002,101782.29167766996,154811.7798879393,157.0
2026-09-27 16:08:00+00:00,1.5210003878928962,1.5221589069208936,1.5210003878928962,1.5218934937471356,67791.70240363,103171.75081812654,146.0
2026-09-27 16:09:00+00:00,1.521768274251631,1.5219838102992953,1.5212230887927882,1.5214951737833613,100588.39636004,153044.7596004087,162.0
2026-09-27 16:10:00+00:00,1.5215480863973196,1.5215914314962682,1.519586216535324,1.5202404325889043,230312.12569416984,350129.80559577484,344.0
2026-09-27 16:11:00+00:00,1.5201680086572111,1.5202709527812477,1.5189945526374278,1.5193532458682792,45224.88285908,68712.5725659559,170.0
2026-09-27 16:12:00+00:00,1.5194905127028198,1.5207476264841815,1.5194904301910006,1.520301679048175,149028.24025007006,226567.8838777763,199.0
2026-09-27 16:13:00+00:00,1.5202882508704334,1.5208084387508123,1.5201774538202315,1.5206962760093237,59379.48235666999,90298.15769114939,120.0
2026-09-27 16:14:00+00:00,1.5206442180406479,1.520887002946573,1.5205096582592532,1.5208633366349142,7188.127668499998,10932.159830072655,78.0
2026-09-27 16:15:00+00:00,1.5208843386067215,1.521495049375416,1.5203918820094051,1.521495049375416,94718.09181965995,144113.1077898987,169.0
2026-09-27 16:16:00+00:00,1.521573981970446,1.521800891308107,1.5205153064418766,1.5206590129468867,49791.72711423004,75716.23860644578,194.0
2026-09-27 16:17:00+00:00,1.5209730923236986,1.5209787840770201,1.5195206677392952,1.520298239483191,32218.447114810006,48981.64842752794,135.0
2026-09-27 16:18:00+00:00,1.5209555075781975,1.5224149206147648,1.5209555075781975,1.5222550266047792,117636.85399074,179073.29230137644,209.0
2026-09-27 16:19:00+00:00,1.5225704033314618,1.5230141989392538,1.522232131332545,1.5223283498517244,255716.31550503994,389284.19661295036,199.0
2026-09-27 16:20:00+00:00,1.5220532241727731,1.5234686033963993,1.5216495088437176,1.523468081855022,123757.81219639,188541.07676140833,201.0
2026-09-27 16:21:00+00:00,1.5235036304306027,1.5243000444408799,1.522838911750137,1.5233656355846281,113534.67917589989,172954.82870369157,167.0
2026-09-27 16:22:00+00:00,1.5231698872183417,1.5236228858087684,1.5213479335221214,1.5217215440848868,81429.09034833999,123912.40109830369,161.0
2026-09-27 16:23:00+00:00,1.5215994664792807,1.5218840673682086,1.5202270752290068,1.5210714238958207,102646.07819651997,156132.01631970238,160.0
2026-09-27 16:24:00+00:00,1.521039600431858,1.521264010250141,1.5199531668880757,1.5202060198925345,43506.140927830034,66138.29734078019,96.0
2026-09-27 16:25:00+00:00,1.5201014847806371,1.5206855937297619,1.5196110053720229,1.520091338353926,69913.57787470997,106275.02416067931,174.0
2026-09-27 16:26:00+00:00,1.5200573224575618,1.5201958096990078,1.5192215709249481,1.5194543836498935,69238.71354588002,105205.06681556665,153.0
2026-09-27 16:27:00+00:00,1.5193963987834516,1.5193989280345146,1.518345653956373,1.5186090048369576,92416.60912814994,140344.69481850587,176.0
2026-09-27 16:28:00+00:00,1.5188877551588298,1.5191688934647294,1.5175787713114355,1.5178720764372116,85061.61591926002,129112.65158047178,171.0
2026-09-27 16:29:00+00:00,1.517635518387373,1.5183768701502178,1.5171405908127453,1.5172429906254372,125960.23554297,191112.28447510028,160.0
2026-09-27 16:30:00+00:00,1.5169943481555657,1.5173553387464618,1.5150955026009043,1.5150955026009043,45607.48365013002,69099.69336325627,172.0
2026-09-27 16:31:00+00:00,1.514990227677827,1.5182910181814224,1.514123050376639,1.5171555352242294,304089.9683492401,461351.7786872103,353.0
2026-09-27 16:32:00+00:00,1.5171998743307014,1.5194207698722697,1.5157901768758468,1.5192478165995762,81560.98669613001,123911.3509578026,213.0
2026-09-27 16:33:00+00:00,1.5193005951919134,1.5197645294725506,1.517820551848148,1.517820551848148,18942.786126529994,28751.750092111197,129.0
2026-09-27 16:34:00+00:00,1.5179348377546078,1.5194483185116496,1.5179116993271253,1.5190544621455313,59064.286965330015,89721.8686681287,156.0
2026-09-27 16:35:00+00:00,1.5190160047914953,1.5197663831848034,1.5158116801215047,1.5159839231985621,354382.6917529501,537238.463357304,408.0
2026-09-27 16:36:00+00:00,1.5160664492956537,1.517549417895391,1.515816042788737,1.5172428302214538,132310.23106078,200746.74944191237,241.0
2026-09-27 16:37:00+00:00,1.5177439249293179,1.5193921029933528,1.5174040549595842,1.5174250647463885,45404.231737019996,68897.5192833076,143.0
2026-09-27 16:38:00+00:00,1.5174261272892118,1.5191698696385898,1.5163526307544741,1.5174756783295489,83107.13815038998,126113.06083879055,207.0
2026-09-27 16:39:00+00:00,1.5175108864494635,1.5186682419310686,1.5175093363635535,1.5185746156263447,14222.703641120002,21598.23671498122,114.0
2026-09-27 16:40:00+00:00,1.5185678996451841,1.5185914073099422,1.517344339634135,1.5179859798657203,11871.982419190002,18021.50286554274,104.0
2026-09-27 16:41:00+00:00,1.5177458494440792,1.5183596077741917,1.5174377814083624,1.5178501421935666,31096.087907060006,47199.20145139468,118.0
2026-09-27 16:42:00+00:00,1.517628519182768,1.517628519182768,1.5166693202736776,1.5167477358032384,4072.6720560099993,6177.216119622286,80.0
2026-09-27 16:43:00+00:00,1.5168034108354185,1.517080822994845,1.5152192221950722,1.5158334845630466,289111.8835346299,438245.4738468837,251.0
2026-09-27 16:44:00+00:00,1.5159698414460065,1.516448048806561,1.5156026499857052,1.515880935870328,41641.44468533,63123.472140590544,88.0
2026-09-27 16:45:00+00:00,1.5160299224530256,1.5177526182707854,1.5160285178285,1.5170964478285207,72085.78391554003,109361.08671720009,147.0
2026-09-27 16:46:00+00:00,1.5171978648992852,1.5179356521481138,1.5167863760342915,1.5177505189357339,131262.51562097998,199223.75120055224,236.0
2026-09-27 16:47:00+00:00,1.5178261750765043,1.5188058269110358,1.5176991691717774,1.5176993583085872,260513.74172764982,395381.5386506231,181.0
2026-09-27 16:48:00+00:00,1.5177195852697107,1.5182830048593434,1.5176978857687404,1.5178295778105413,8226.502209009997,12486.428374759129,105.0
2026-09-27 16:49:00+00:00,1.5175881788127823,1.5187502942721176,1.5170226041785413,1.5177126020989729,123326.93116035995,187174.83760027078,241.0
2026-09-27 16:50:00+00:00,1.517668270282498,1.518007124942363,1.5173071778769263,1.517389692106059,15095.97019035,22906.469559177433,114.0
2026-09-27 16:51:00+00:00,1.5173576234572086,1.5186233647752094,1.5166014191604766,1.517137917664956,179135.36299520003,271773.0515946938,211.0
2026-09-27 16:52:00+00:00,1.5172292159345182,1.5185939944965576,1.517070364728584,1.5183408756734535,8090.322875690001,12283.867919556129,113.0
2026-09-27 16:53:00+00:00,1.5181323046880177,1.5185454299237349,1.5170507931308512,1.5171563711132354,7826.890865959998,11874.6173432992,100.0
2026-09-27 16:54:00+00:00,1.5171135920152876,1.517492225348811,1.5161697748939327,1.5162607992047992,41533.13256219999,62975.06077224023,121.0
2026-09-27 16:55:00+00:00,1.516469702637377,1.5165291067382394,1.5154537817937195,1.515571128616023,121504.23670149004,184148.31314930564,117.0
2026-09-27 16:56:00+00:00,1.5159660008659663,1.5173204789191093,1.5159658892221868,1.5171513642216357,34938.140207560005,53006.44707926644,132.0
2026-09-27 16:57:00+00:00,1.5169916669972618,1.5178577838311997,1.516838885142182,1.5177943366465478,96666.05659667999,146719.19324839555,128.0
2026-09-27 16:58:00+00:00,1.518052818691161,1.518697455601412,1.5180326959784733,1.518604266207158,101327.57250145002,153876.4838851171,129.0
2026-09-27 16:59:00+00:00,1.5187992679765907,1.5190734410377333,1.5180138696904533,1.5184003590983493,291397.17268298985,442457.57164209546,173.0
2026-09-27 17:00:00+00:00,1.518078176319507,1.5188004438363547,1.5179126041650288,1.518543235501734,80329.21792834999,121983.3904982405,151.0
2026-09-27 17:01:00+00:00,1.5185870370743932,1.5209627945255937,1.5181452565013578,1.5183976221599549,370604.26303854963,562724.6317600763,621.0
2026-09-27 17:02:00+00:00,1.5183044155177277,1.5207734841277634,1.5183044155177277,1.5207551736939178,251853.88615862993,383008.10039065545,249.0
2026-09-27 17:03:00+00:00,1.5208093167028012,1.5211972665154136,1.520706457594908,1.521193693461248,32089.620584999993,48814.52845946623,86.0
2026-09-27 17:04:00+00:00,1.5207708281291283,1.5207800163719465,1.5204353819538068,1.520451295479297,40918.493275559995,62214.5761098861,54.0
2026-09-27 17:05:00+00:00,1.5206986660825552,1.5212971435070688,1.5205990344764408,1.521099212806975,134551.85103756003,204666.7146949539,169.0
2026-09-27 17:06:00+00:00,1.5211399902219127,1.5216548605752906,1.5189904710830517,1.519067569413627,204046.86130485995,309960.96964885306,303.0
2026-09-27 17:07:00+00:00,1.518958762412456,1.519806701311963,1.5177597003833316,1.5198056676958709,320634.67845961987,487302.4015827734,294.0
2026-09-27 17:08:00+00:00,1.5198439230546084,1.520478690685827,1.518950992570578,1.5196795820937352,209562.47280478,318467.8110944978,216.0
2026-09-27 17:09:00+00:00,1.519599499919185,1.5196996583338287,1.5192038015374654,1.5196018153355393,67444.92943213,102489.43720024209,152.0
2026-09-27 17:10:00+00:00,1.519784013558196,1.520476543166469,1.5197836005937515,1.5200768440716206,319970.1128234,486379.15929783427,225.0
2026-09-27 17:11:00+00:00,1.5197577160054567,1.5202248147302604,1.519437254677342,1.5196693278794067,46972.804677949985,71383.1305135509,127.0
2026-09-27 17:12:00+00:00,1.519496034803937,1.5199921126011802,1.5192624519895825,1.5199921126011802,47582.1434666,72324.48276988977,91.0
2026-09-27 17:13:00+00:00,1.5203581438986846,1.5207422348061648,1.5201542079001304,1.5205467382738616,28583.20454723,43462.09844370519,104.0
2026-09-27 17:14:00+00:00,1.520239140992907,1.520949271725219,1.5202354058703231,1.5207804951276611,60201.54872856,91553.3410828715,106.0
2026-09-27 17:15:00+00:00,1.5209979222216203,1.5222602094787647,1.5209979107126004,1.522074024679126,170155.89278975,258989.86456136467,211.0
2026-09-27 17:16:00+00:00,1.5221056100198012,1.522541739682022,1.52159626843316,1.5220131997505122,94058.76259895999,143158.6782278169,161.0
2026-09-27 17:17:00+00:00,1.5222574070575323,1.5224996583276242,1.5218826998628794,1.5220615044038432,75582.00759535,115040.46418644114,132.0
2026-09-27 17:18:00+00:00,1.521791095321417,1.522085784688647,1.5213939183212055,1.5214916929113433,22165.955895119994,33725.317759864294,90.0
2026-09-27 17:19:00+00:00,1.5213851132610665,1.521635379698711,1.520961529743392,1.5212611246372871,39246.10254439,59703.57009430903,111.0
2026-09-27 17:20:00+00:00,1.5212920313418132,1.5223533721275921,1.5212920313418132,1.5215801391276456,144100.1536487501,219259.93183718028,105.0
2026-09-27 17:21:00+00:00,1.5216318424638895,1.5219247438622623,1.5214855512918302,1.5215614890271758,11464.304819489998,17443.64471180463,64.0
2026-09-27 17:22:00+00:00,1.5215653177580621,1.5217617735485258,1.5212094786135737,1.5215991780615967,8118.762408910001,12353.502208274846,74.0
2026-09-27 17:23:00+00:00,1.5214025088195093,1.5218356049239512,1.521310188732687,1.5214026541670376,15374.30395995,23390.50685063873,78.0
2026-09-27 17:24:00+00:00,1.5214941363646017,1.5219950363566523,1.52065474595717,1.5219949834479602,61897.01365702002,94206.94427639435,130.0
2026-09-27 17:25:00+00:00,1.521865850559826,1.5221505568265106,1.5215059350391404,1.521684539806884,58465.85051054999,88966.58082856433,154.0
2026-09-27 17:26:00+00:00,1.5217478828286422,1.5218479733318784,1.521170407185877,1.521481618519068,43489.40262246,66168.32669044785,103.0
2026-09-27 17:27:00+00:00,1.5210566520508966,1.5210706746750418,1.5203638250824922,1.520479570327307,18895.240518969997,28729.827185514623,112.0
2026-09-27 17:28:00+00:00,1.5206543189621862,1.5206543797276646,1.519944691257513,1.5199465406612205,19445.806919559996,29556.586957751242,87.0
2026-09-27 17:29:00+00:00,1.519798533911844,1.519975017626068,1.5196612350679106,1.5196736860766096,15439.860710900004,23463.55003904283,64.0
2026-09-27 17:30:00+00:00,1.5197753462294743,1.5210207600764454,1.5197009619862252,1.5206448608784284,119612.15979406,181887.6160894067,138.0
2026-09-27 17:31:00+00:00,1.5203993969848877,1.5218597507437965,1.5201022483294915,1.5216783676763452,229910.25539610992,349849.4621432042,192.0
2026-09-27 17:32:00+00:00,1.5217175786828745,1.522114984273988,1.5212663787792269,1.5215795097670757,38937.14501470001,59245.96202319677,90.0
2026-09-27 17:33:00+00:00,1.5214707007541695,1.5218557129578631,1.5211198571203406,1.521640352355141,17721.85937307,26966.296340826495,80.0
2026-09-27 17:34:00+00:00,1.521450956753642,1.5225515627786679,1.5214486188508347,1.5225515627786679,16392.04041374,24957.72674907092,94.0
2026-09-27 17:35:00+00:00,1.5230210339144097,1.5231573182022868,1.5228487938370059,1.522873509791282,41312.27931984,62913.37580528254,113.0
2026-09-27 17:36:00+00:00,1.5226942651018345,1.5236812217752773,1.5211224365917917,1.5218902684132591,125992.70264034004,191747.06803941904,170.0
2026-09-27 17:37:00+00:00,1.5219999895805927,1.5221981589535176,1.5216690975176246,1.5216699648629322,17570.856573610003,26737.044704976754,72.0
2026-09-27 17:38:00+00:00,1.5216466414919227,1.5218488037325921,1.520802449338562,1.521608170745576,12293.175038820002,18705.395583474077,78.0
2026-09-27 17:39:00+00:00,1.5217796852021026,1.5219837750980871,1.5211156013524296,1.521406169672966,22160.304076909997,33714.82334443985,101.0
2026-09-27 17:40:00+00:00,1.521404197490949,1.521768200723366,1.5209039531099995,1.5210058018632637,18336.49433957,27889.914276318865,80.0
2026-09-27 17:41:00+00:00,1.521108914067147,1.521403243838232,1.520613713986408,1.520757036718441,11983.816232650002,18224.47286254317,85.0
2026-09-27 17:42:00+00:00,1.5207083779567794,1.5210202449924215,1.5203096512324286,1.5209918557033495,125595.95499854001,191030.42466206374,112.0
2026-09-27 17:43:00+00:00,1.521215500370516,1.5227317614061722,1.5212016952690948,1.5218618705260274,168588.95690201997,256569.10530093993,175.0
2026-09-27 17:44:00+00:00,1.5218432366874617,1.5221262459611382,1.5216752872748796,1.5219515322230084,1656.00618141,2520.3611451677225,50.0
2026-09-27 17:45:00+00:00,1.5218942557779316,1.5230571129232724,1.5218902553911806,1.5229623717015999,35510.881840080016,54081.73682838353,99.0
2026-09-27 17:46:00+00:00,1.5230116457460654,1.523505678074229,1.5230116457460654,1.5232693500354846,55672.29364877,84803.89856134652,83.0
2026-09-27 17:47:00+00:00,1.5233435065087573,1.5249378343986355,1.5233435065087573,1.5243551667431046,346701.53312817006,528496.2733416817,376.0
2026-09-27 17:48:00+00:00,1.524318159500957,1.5251058910026862,1.5240381273005443,1.5250806644574149,159865.74914578992,243808.16293124369,211.0
2026-09-27 17:49:00+00:00,1.5253426035151212,1.5254896493910555,1.5252608850988691,1.5254895591632043,41486.22621657999,63286.80494247558,81.0
2026-09-27 17:50:00+00:00,1.5253032568003377,1.5253453168298976,1.524899582460197,1.524899582460197,20304.044044989998,30961.628286458697,70.0
2026-09-27 17:51:00+00:00,1.5248200449256664,1.524904517946342,1.5242826220933865,1.5242826287679787,19601.879539280002,29878.80447292698,69.0
2026-09-27 17:52:00+00:00,1.5244622233586242,1.5245538493425739,1.5236752371995188,1.524049025919023,27335.340564289992,41660.39916017092,90.0
2026-09-27 17:53:00+00:00,1.5239060578552455,1.5240205120715957,1.5236268782332232,1.5237551195111123,5583.360831759999,8507.674651472122,48.0
2026-09-27 17:54:00+00:00,1.5236451934721706,1.5242864906610816,1.5230745800526329,1.52404268670387,47427.73310838999,72281.88979078477,119.0
2026-09-27 17:55:00+00:00,1.524184608642325,1.5244421217698498,1.5240279711980478,1.5243056676728248,16954.167397229998,25843.33345427151,97.0
2026-09-27 17:56:00+00:00,1.5243730239975992,1.5246938934027638,1.5238067291994308,1.5240164070456734,12368.145789650003,18849.257108159472,98.0
2026-09-27 17:57:00+00:00,1.5242011521611762,1.5244909370184208,1.5241973735329724,1.5242945546660371,4038.718296670002,6156.196307444176,40.0
2026-09-27 17:58:00+00:00,1.5242953111269142,1.524394238929615,1.5241018630570344,1.5242978828849558,23087.576983919997,35192.34471753269,86.0
2026-09-27 17:59:00+00:00,1.5243780350346978,1.5244345393449068,1.5241865330129758,1.524301517084443,15465.8261285,23574.582230636766,72.0
2026-09-27 18:00:00+00:00,1.5242317282557076,1.524661305607914,1.5239268441537792,1.5241803177282094,26910.499314110002,41016.45339480494,80.0
2026-09-27 18:01:00+00:00,1.5240234678048166,1.5242368324178905,1.5236675018736658,1.5237617999057853,73967.89041688,112709.44583685897,91.0
2026-09-27 18:02:00+00:00,1.5236029339482002,1.5242413237622374,1.523600897709744,1.523983412369173,28493.412473479995,43423.487971376395,102.0
2026-09-27 18:03:00+00:00,1.5239323605264559,1.5241293463535162,1.5235689339307743,1.5237629514845854,16257.036232699998,24771.869512330795,67.0
2026-09-27 18:04:00+00:00,1.5237459431866558,1.5241340950903834,1.5235451195844556,1.5237325212455752,22533.89595118,34335.63009117696,77.0
2026-09-27 18:05:00+00:00,1.5239164570550958,1.5250650761106241,1.5237848690749998,1.5245337169101028,19335.072329030005,29476.96968450179,125.0
2026-09-27 18:06:00+00:00,1.5247397703604086,1.5252095328541537,1.524466282553985,1.5247968419033386,28686.35975248,43740.870756284545,106.0
2026-09-27 18:07:00+00:00,1.5246604745615975,1.5253094769872777,1.5244957323799477,1.5252123776413922,13014.18947158,19849.402867024106,91.0
2026-09-27 18:08:00+00:00,1.525298213008136,1.5254935770597347,1.5252011185471603,1.5253964825987592,6474.429164999998,9876.071475125818,38.0
2026-09-27 18:09:00+00:00,1.5252790308250843,1.5259037903024635,1.5252790308250843,1.5257658674263623,13527.681008799998,20640.073948658857,80.0
2026-09-27 18:10:00+00:00,1.5256478276974619,1.5257663011998084,1.5255430091757223,1.525721464010324,13646.643053150001,20820.97621787834,68.0
2026-09-27 18:11:00+00:00,1.525739470874846,1.526960395473903,1.5257318570721892,1.5267868594769136,342098.28684498015,522311.1690044796,258.0
2026-09-27 18:12:00+00:00,1.526903422908168,1.5269386294999907,1.5263665857819293,1.5264490574482563,36150.74330758,55182.268047909354,86.0
2026-09-27 18:13:00+00:00,1.5265683195134332,1.52759236402811,1.5265683195134332,1.52750333242926,37336.74216485,57031.99807886044,117.0
2026-09-27 18:14:00+00:00,1.5275453898711222,1.5277058597700048,1.5273749612710616,1.527561167186278,18153.45751118,27730.51674424463,84.0
2026-09-27 18:15:00+00:00,1.527555924129416,1.5294695157982496,1.527555924129416,1.5293438284741772,165031.66730195997,252390.16189105614,190.0
2026-09-27 18:16:00+00:00,1.5293639482402601,1.5308478810653288,1.5290965628511752,1.5308478810653288,72794.94302646,111437.98428432761,171.0
2026-09-27 18:17:00+00:00,1.5307547196662032,1.531445182599478,1.5304547721918291,1.5313624596295574,61224.18091798997,93756.41227937814,158.0
2026-09-27 18:18:00+00:00,1.5314665320870156,1.5316652563869249,1.5311959140378497,1.531333526473687,26962.53682105999,41288.63659287043,113.0
2026-09-27 18:19:00+00:00,1.5313102155786047,1.5315984930270514,1.5306188130248992,1.5306678240844849,46596.73421912,71324.12177662348,125.0
2026-09-27 18:20:00+00:00,1.5307615739908287,1.5309140505266448,1.529446632649258,1.530052866991507,257513.53572975006,394009.32363242394,273.0
2026-09-27 18:21:00+00:00,1.5301085962370393,1.5308317069260902,1.5298706538079185,1.5306612834362718,105800.16891567998,161944.22234024908,170.0
2026-09-27 18:22:00+00:00,1.5306972195322932,1.5313402910513183,1.5296852691353218,1.5311706906124245,180081.12212917997,275734.93613679684,228.0
2026-09-27 18:23:00+00:00,1.531240360505723,1.5335458110150122,1.5299485846131757,1.5309526468687493,842100.2133940895,1289215.55062442,704.0
2026-09-27 18:24:00+00:00,1.5310809618796917,1.53176111475889,1.5306278232926043,1.531571321050662,124183.73301807001,190196.2440314882,186.0
2026-09-27 18:25:00+00:00,1.5314426716333462,1.531822859417899,1.5313767011227322,1.5316060833567453,26909.509216289996,41214.76801581416,106.0
2026-09-27 18:26:00+00:00,1.5315350863088333,1.5317348863526274,1.5315191600711147,1.5315607670545583,27511.136370630004,42134.977122344644,73.0
2026-09-27 18:27:00+00:00,1.5319412406263524,1.5331713379514822,1.5318690207513437,1.5329226724341722,96682.74298487001,148207.16875463317,248.0
2026-09-27 18:28:00+00:00,1.5329220337950635,1.533671111867004,1.5329220337950635,1.533449736558349,29872.76924681999,45808.39013180447,115.0
2026-09-27 18:29:00+00:00,1.533456647932116,1.537471162732968,1.5334486406283134,1.537471162732968,366540.7510671803,563545.8347322731,515.0
2026-09-27 18:30:00+00:00,1.5377787916115393,1.5378490528028805,1.5347208357881528,1.5355396884720438,285243.1561497901,438002.18713303126,385.0
2026-09-27 18:31:00+00:00,1.5353585522000959,1.5366942114862454,1.534997949346246,1.5353655569879399,67254.26003304003,103259.87441544025,159.0
2026-09-27 18:32:00+00:00,1.5352169087304917,1.5362360925408685,1.534563924782762,1.5357871944976573,61203.70497068999,93995.8663497983,179.0
2026-09-27 18:33:00+00:00,1.5357640753912063,1.536185505903216,1.5351027197853888,1.5361366000411534,47263.76710257,72603.6025020788,116.0
2026-09-27 18:34:00+00:00,1.5360656152554246,1.5361193177578083,1.5349021914187906,1.534902858296114,16068.302401750001,24663.283284412388,120.0
2026-09-27 18:35:00+00:00,1.5349950807705843,1.535970476154449,1.5348910642652267,1.5357901619782093,29969.484562239988,46026.839550246,90.0
2026-09-27 18:36:00+00:00,1.5356167763959754,1.5363061186551827,1.535137028360161,1.536203491208762,68535.77630105002,105284.89882637578,144.0
2026-09-27 18:37:00+00:00,1.5359433765200088,1.5360325877104593,1.5352600250507349,1.535445787941479,53295.53665325,81832.40727031342,115.0
2026-09-27 18:38:00+00:00,1.535381957130034,1.5357742877974947,1.5345651897846104,1.534567985487144,41051.26441085999,62995.956128673504,152.0
2026-09-27 18:39:00+00:00,1.5348263592112854,1.5353320187284052,1.5345830590443776,1.5353142328357026,21030.47689839,32288.390505420608,84.0
2026-09-27 18:40:00+00:00,1.5351073942890414,1.5353705142756513,1.5350427749139677,1.5350427749139677,47198.138978120005,72451.16222774843,68.0
2026-09-27 18:41:00+00:00,1.5349657759018684,1.5359021187899067,1.5349652237624873,1.535367004133565,233144.17123416,357961.8677189951,161.0
2026-09-27 18:42:00+00:00,1.5354574519196975,1.5367909500219585,1.535363948891881,1.5365105630793185,89950.29568750999,138209.57947596718,132.0
2026-09-27 18:43:00+00:00,1.5365703087515732,1.5366568487142889,1.536226614836956,1.5365634338958187,47361.02773323,72773.223406607,87.0
2026-09-27 18:44:00+00:00,1.5365416202377529,1.5380299011714669,1.5362596999229747,1.5378854282839436,437604.3195937999,672985.3064574146,304.0
2026-09-27 18:45:00+00:00,1.5377171287102442,1.5379580664437735,1.537582865027869,1.5376663289343255,77441.04593445,119078.4888108602,144.0
2026-09-27 18:46:00+00:00,1.5377521856204632,1.5396575551221074,1.5376580667786106,1.5392069605485759,176974.71640054,272400.71532482136,244.0
2026-09-27 18:47:00+00:00,1.539182948490795,1.5395843078185203,1.5384662068047128,1.5390197965382821,228195.54741173005,351197.4649485427,270.0
2026-09-27 18:48:00+00:00,1.5390503146354413,1.5398292862864054,1.5389915643605585,1.5396124203148789,49525.53221109999,76250.12451491415,144.0
2026-09-27 18:49:00+00:00,1.5397366465449687,1.5399500641706267,1.5387669320527682,1.5399500641706267,58392.26153229003,89921.16689371805,141.0
2026-09-27 18:50:00+00:00,1.5400003906108655,1.5412833029700481,1.5400003906108655,1.540925685787161,264611.8906207399,407747.25902220083,216.0
2026-09-27 18:51:00+00:00,1.5408508089526103,1.5408508089526103,1.536553708023748,1.5377014561117903,525367.6717347507,807858.6338205873,432.0
2026-09-27 18:52:00+00:00,1.537686000422104,1.537686352798626,1.5365993439020151,1.536904492510236,285604.52378100005,438946.8756802655,181.0
2026-09-27 18:53:00+00:00,1.5369389835021583,1.5370756290426904,1.5366623154589716,1.5369464947058487,15220.984660380002,23393.839019742536,53.0
2026-09-27 18:54:00+00:00,1.5370161385990588,1.5378957654223682,1.5370160906529262,1.5374075126804503,74158.35069775001,114011.60549071238,132.0
2026-09-27 18:55:00+00:00,1.5374195539394735,1.537494147667067,1.5366961971551552,1.5368618419985987,88931.63191903998,136675.63164303717,136.0
2026-09-27 18:56:00+00:00,1.5370882312707967,1.5376493318207385,1.5370882312707967,1.5375702208683037,17891.88220184,27510.0252688328,80.0
2026-09-27 18:57:00+00:00,1.5375629146760526,1.5377629008791636,1.5371574520851174,1.5376827251653276,119840.98509941997,184277.4125541735,161.0
2026-09-27 18:58:00+00:00,1.5378197662978117,1.5389493058868466,1.537815827057157,1.53806192955215,91482.58589053998,140705.8825752242,181.0
2026-09-27 18:59:00+00:00,1.5380917311325426,1.5389229753192488,1.5379218120370326,1.5385937675541714,142474.14348309007,219209.82920070115,153.0
2026-09-27 19:00:00+00:00,1.5387105524027591,1.5389649012034683,1.5358097838520797,1.5360394560971953,219935.22479982005,337829.18307812995,181.0
2026-09-27 19:01:00+00:00,1.536294764943322,1.5374651886501527,1.5357455636090593,1.5361936614453868,178766.94677803983,274620.6505163696,215.0
2026-09-27 19:02:00+00:00,1.5362121552556538,1.5362879099423492,1.5339958880443108,1.5346790941157118,128462.70669186002,197149.03033351613,246.0
2026-09-27 19:03:00+00:00,1.5345704290587332,1.534835648297971,1.53335420667706,1.5337676010682646,113349.21836436997,173851.3587336826,183.0
2026-09-27 19:04:00+00:00,1.533903385527813,1.5346016876363109,1.5338156024575584,1.534014917464211,101595.10112366996,155848.40066499476,164.0
2026-09-27 19:05:00+00:00,1.5339876248409707,1.5341062632094578,1.5338861287656145,1.5339438076895529,7615.46707292,11681.698559169317,70.0
2026-09-27 19:06:00+00:00,1.5341816330399631,1.534768369935303,1.5338097395195918,1.5338202763194844,99105.50330530999,152010.03046453214,111.0
2026-09-27 19:07:00+00:00,1.5341541004749106,1.5343161106517615,1.5332245039361991,1.5335157490380815,38257.0308638,58667.75934107326,109.0
2026-09-27 19:08:00+00:00,1.5334955360551108,1.5337866012938794,1.532211666042831,1.532601952311308,235494.03391643,360918.61613798595,205.0
2026-09-27 19:09:00+00:00,1.53279635693066,1.5336813293601934,1.532695421607759,1.5336781265243427,128518.47538994995,197105.97455982328,125.0
2026-09-27 19:10:00+00:00,1.5336897785946648,1.5342556081260743,1.5329192197236066,1.5337769995306785,183958.55111230997,282151.3945630497,167.0
2026-09-27 19:11:00+00:00,1.5336899861091382,1.5341863360904293,1.5334026351235426,1.5334107576877072,101914.31548602998,156276.50772865728,148.0
2026-09-27 19:12:00+00:00,1.5335122952796867,1.5337865450105186,1.533272838378398,1.5336453795487375,8090.443669359998,12407.871552013296,98.0
2026-09-27 19:13:00+00:00,1.5336764980790623,1.5340389132021517,1.5334118859615378,1.5339521686100375,15923.83898674,24426.407346306885,96.0
2026-09-27 19:14:00+00:00,1.533944865901606,1.5342447610347805,1.5328661259612946,1.5330688829609882,77217.65388968999,118379.98239353523,135.0
2026-09-27 19:15:00+00:00,1.5334298578691297,1.5346054055424059,1.5334286789859772,1.5346054055424059,18308.63994826,28096.537832729427,117.0
2026-09-27 19:16:00+00:00,1.5346578693418902,1.5357342945209114,1.5346576151534528,1.5356347072802023,29508.550339250003,45314.354062477294,134.0
2026-09-27 19:17:00+00:00,1.5359953555618102,1.5363425955514285,1.5349386417674515,1.5349386417674515,36456.04769844,55957.79633845292,138.0
2026-09-27 19:18:00+00:00,1.5348846733781631,1.5367702233537317,1.5348846733781631,1.5362451960240116,344545.33661840006,529306.1181924931,280.0
2026-09-27 19:19:00+00:00,1.5360418891261887,1.536329239973185,1.5352915299983922,1.5355594033496172,51665.7107798,79335.76801866357,130.0
2026-09-27 19:20:00+00:00,1.535750024844828,1.535755886074525,1.5343392457839136,1.5345153281649104,37996.046629369994,58305.51596243693,127.0
2026-09-27 19:21:00+00:00,1.5345827843236444,1.5354743549477876,1.5338969593351466,1.5338969593351466,50225.97667630998,77041.47290342988,130.0
2026-09-27 19:22:00+00:00,1.5340364274628495,1.53426345798335,1.533391836277754,1.5334099624907866,19367.19282633,29697.84642537452,73.0
2026-09-27 19:23:00+00:00,1.5334045793271205,1.5342561149362484,1.5333122056682655,1.5334769779323072,189603.66214597004,290752.8508325003,189.0
2026-09-27 19:24:00+00:00,1.533412686942196,1.5347799000443991,1.533412686942196,1.5346404601983377,28187.269025349993,43257.32350879746,131.0
2026-09-27 19:25:00+00:00,1.53491484507568,1.5352826976420701,1.5342182138766127,1.5351086054810348,188323.24864145,289096.63960163447,212.0
2026-09-27 19:26:00+00:00,1.5344159628626153,1.53487526015128,1.5330984550916757,1.5331012065244725,67545.05548976998,103553.4060661288,152.0
2026-09-27 19:27:00+00:00,1.5323089270183523,1.532557221090987,1.5314164621603081,1.5321882209318198,24779.4356007,37966.75934873113,105.0
2026-09-27 19:28:00+00:00,1.53220678010921,1.5322339374809342,1.531535523256119,1.531535523256119,3389.9376817699995,5191.809981255251,50.0
2026-09-27 19:29:00+00:00,1.5315392102786443,1.531984103063509,1.5313048606590578,1.5318184342024554,18410.964809290002,28202.25528632312,96.0
2026-09-27 19:30:00+00:00,1.5326840143077491,1.5327926742137836,1.5312457172764478,1.5312457172764478,19887.41203435,30452.514505310526,90.0
2026-09-27 19:31:00+00:00,1.5314125604387907,1.5323836049357387,1.5312980617982976,1.5315909191048216,167163.81247168,256026.5771845664,164.0
2026-09-27 19:32:00+00:00,1.5316010810835436,1.531853380008535,1.5296686070908654,1.5298524394614539,115170.85899070007,176194.41958179363,181.0
2026-09-27 19:33:00+00:00,1.5296641260969421,1.5298970345113143,1.5283081007935264,1.5298363384860405,148517.42480881003,227207.35337088577,227.0
2026-09-27 19:34:00+00:00,1.5298248966540622,1.5305422258613088,1.5296504761304104,1.529786862340938,25502.898536189998,39013.9991322774,112.0
2026-09-27 19:35:00+00:00,1.5296613994644228,1.5306175414735652,1.5296555291022933,1.5304768162145665,11915.789598080004,18236.839726752132,97.0
2026-09-27 19:36:00+00:00,1.5305568271467767,1.5309459095285078,1.5305471585860362,1.5308519655002784,22285.44456283001,34115.71661105581,96.0
2026-09-27 19:37:00+00:00,1.5308967801516151,1.533177177785801,1.530706053573037,1.5322531592792825,496056.15265004,760083.6070779498,425.0
2026-09-27 19:38:00+00:00,1.5323756182344446,1.53483934702623,1.5323722250259197,1.5345481632912794,427733.7485623699,656378.0382340787,352.0
2026-09-27 19:39:00+00:00,1.534631532366347,1.5352885499599456,1.5342351399367598,1.5351210169349296,51847.58417619999,79592.3161461875,156.0
2026-09-27 19:40:00+00:00,1.5350758163640719,1.5350758263158801,1.5340219171555751,1.5340625152603318,13057.221757239999,20030.594451223522,78.0
2026-09-27 19:41:00+00:00,1.5342670085999175,1.5362295450930463,1.534071674434816,1.5361666216418366,28097.305734730013,43162.143227758,166.0
2026-09-27 19:42:00+00:00,1.536239532774916,1.536239532774916,1.534027323759368,1.5341816653458862,45312.90419679,69518.22682228987,123.0
2026-09-27 19:43:00+00:00,1.5342727453992664,1.5346367950601834,1.534025632647764,1.5340898084194399,17391.460434989993,26680.062206848066,85.0
2026-09-27 19:44:00+00:00,1.5339773376766965,1.534389388770043,1.5338333890081361,1.5342590417282138,21982.35121737,33726.62111369513,93.0
2026-09-27 19:45:00+00:00,1.5343228337258346,1.5345471539740578,1.5340444488095706,1.5341842704919375,19213.83988677,29477.570930033125,88.0
2026-09-27 19:46:00+00:00,1.5338154058135127,1.5357329323964848,1.5336170843824755,1.5352942520984936,12203.655435210001,18736.202044268455,129.0
2026-09-27 19:47:00+00:00,1.5353809563242937,1.535479173709997,1.5338161610729728,1.5340063066761382,24816.187610780005,38068.188302594775,131.0
2026-09-27 19:48:00+00:00,1.5340549694926413,1.5346271442417643,1.5337578408213148,1.5337792685515879,7951.197628229999,12195.38208233573,90.0
2026-09-27 19:49:00+00:00,1.5334882060137138,1.533959705900417,1.5331781280797876,1.5337515698802884,15835.155592619998,24287.19474947955,84.0
2026-09-27 19:50:00+00:00,1.5334261176651351,1.533685670925099,1.5330346562024564,1.5330373887338928,17244.51356123,26436.484039894243,92.0
2026-09-27 19:51:00+00:00,1.533221583051352,1.533221583051352,1.5326952046715392,1.5328089633013111,14179.227704960002,21734.04731885297,58.0
2026-09-27 19:52:00+00:00,1.5329979789222619,1.5332616454612271,1.532398675749662,1.532682486517992,24191.016132440003,37077.146757265,109.0
2026-09-27 19:53:00+00:00,1.532594508482196,1.532768874375182,1.5320429946664433,1.5322186955874444,1560.1620909999995,2390.509523976999,51.0
2026-09-27 19:54:00+00:00,1.5323924973380323,1.5331136423804457,1.5323919107737685,1.5329192017541255,13133.547959,20132.667853509804,92.0
2026-09-27 19:55:00+00:00,1.532976637292063,1.533122662853702,1.5326113442650757,1.5326213427853241,23557.93885118,36105.39987535005,83.0
2026-09-27 19:56:00+00:00,1.5326053351931879,1.5326944429298264,1.5321390860405883,1.5323562038333889,8516.147404100004,13049.771307432251,66.0
2026-09-27 19:57:00+00:00,1.5323499915267782,1.5323499915267782,1.531721340909252,1.5317215182741144,12447.906831380002,19066.726751096096,73.0
2026-09-27 19:58:00+00:00,1.5318071140362988,1.5319485194111273,1.5311414263917196,1.5312284389226867,2665.4614430999995,4081.430364526624,49.0
2026-09-27 19:59:00+00:00,1.5315037312585602,1.5315870648205088,1.5309347127599022,1.5311298240011473,21747.02429948001,33297.5174882115,80.0
2026-09-27 20:00:00+00:00,1.5315836893800856,1.5322129998175182,1.5307364294791164,1.5321729247902223,70978.11331828998,108750.74347897619,204.0
2026-09-27 20:01:00+00:00,1.5322604224928018,1.5324438411054866,1.5320456814516252,1.5323336363656306,28215.921798590014,43236.2060530417,113.0
2026-09-27 20:02:00+00:00,1.5324570578130436,1.5326989513340123,1.5323606485298895,1.5324251241851363,21946.121303110005,33630.78766330041,88.0
2026-09-27 20:03:00+00:00,1.5323992421778623,1.5333511674866633,1.5323942976809448,1.5332170348304628,16422.624516910008,25179.447665950822,103.0
2026-09-27 20:04:00+00:00,1.5333261126694786,1.5342202077951221,1.533318048296247,1.5341196767326715,38831.54769049,59572.241389963834,127.0
2026-09-27 20:05:00+00:00,1.5341655173872382,1.5343981921117713,1.5318812227514778,1.5322698231709342,22113.62842263001,33884.045512811026,151.0
2026-09-27 20:06:00+00:00,1.532339680164064,1.5324018821261367,1.5316645956908241,1.5320642592979485,42994.51956487999,65870.36677103903,124.0
2026-09-27 20:07:00+00:00,1.5319811600685487,1.532098097561196,1.5313061729994792,1.5316132928280943,19367.81423475,29664.001734968286,112.0
2026-09-27 20:08:00+00:00,1.5317919382533518,1.5337041902623991,1.531621918616755,1.5332593675881645,138830.82625143998,212863.66486002522,204.0
2026-09-27 20:09:00+00:00,1.5333844857657974,1.5346390587815175,1.5333648015253813,1.5341944666089657,72371.89598176,111032.56235321584,152.0
2026-09-27 20:10:00+00:00,1.5343606191493158,1.5346461725873017,1.534165538304873,1.5344498530618784,22647.47804206001,34751.4193538611,87.0
2026-09-27 20:11:00+00:00,1.5344143124170304,1.5350783406805766,1.5343853221975154,1.534639921579184,15042.049016000003,23084.128922304484,94.0
2026-09-27 20:12:00+00:00,1.5346399245106073,1.5349712564680533,1.534507610727643,1.5346820970433384,19522.812150970003,29961.310292033813,87.0
2026-09-27 20:13:00+00:00,1.534695611804239,1.534875860593828,1.5343866077040884,1.5348750560870215,4716.895281300001,7239.844909441947,74.0
2026-09-27 20:14:00+00:00,1.534716329662791,1.5350188888689962,1.5342987573351334,1.5350188888689962,14486.915526729998,22237.68897498009,90.0
2026-09-27 20:15:00+00:00,1.534842985507593,1.5349878302906992,1.5338578314510556,1.5347391521012543,49059.67643643997,75293.80621642376,133.0
2026-09-27 20:16:00+00:00,1.5347495784322878,1.5347503485089804,1.5335384735843336,1.5338315644647995,105866.00363027997,162380.61797186846,173.0
2026-09-27 20:17:00+00:00,1.5339902841059043,1.5345527317977594,1.5338575382844146,1.5343901135307911,20768.204320690005,31866.527385454203,139.0
2026-09-27 20:18:00+00:00,1.534487627218089,1.5347668420962757,1.5337251841682835,1.534200185611054,43719.25767051001,67074.09323287396,104.0
2026-09-27 20:19:00+00:00,1.5342086654996043,1.5342994629425977,1.5338650860305398,1.5340107299363093,21164.821365210002,32467.06307141739,88.0
2026-09-27 20:20:00+00:00,1.5339421552252646,1.5340572221873359,1.532661934253274,1.5327983190881076,86588.36670323003,132722.50293529566,193.0
2026-09-27 20:21:00+00:00,1.5328384031049351,1.5331908090633632,1.528995739560195,1.5298871620003198,463610.9761624299,709272.4805933378,459.0
2026-09-27 20:22:00+00:00,1.5297931817626362,1.5299906874902016,1.5290972253307855,1.529783001247632,102891.76707829999,157402.07624471406,148.0
2026-09-27 20:23:00+00:00,1.5295596247519445,1.5295604809253878,1.5284026848893562,1.5292681275393718,143882.08396069997,220034.2851250423,199.0
2026-09-27 20:24:00+00:00,1.5292231040044184,1.5299699274843088,1.5291881444751716,1.5298633796856185,73857.65813434002,112992.12648906643,176.0
2026-09-27 20:25:00+00:00,1.5298880645123634,1.5298881429906925,1.5285163559030601,1.528609968224367,55353.41033876,84613.77481904227,146.0
2026-09-27 20:26:00+00:00,1.5285974361023213,1.5287867229301348,1.5258818310260491,1.5276674964927444,439560.11101211864,671501.6943479561,553.0
2026-09-27 20:27:00+00:00,1.5277093998622369,1.5278851429090095,1.527585154801965,1.527760871762624,23213.96331759,35465.38483514688,86.0
2026-09-27 20:28:00+00:00,1.5278776083212213,1.5285596507074208,1.527396268515644,1.5285596507074208,34831.60636817,53242.188063708316,138.0
2026-09-27 20:29:00+00:00,1.528575371570286,1.529152503689817,1.5283076904886794,1.528367620122863,16475.792430830006,25181.067667145937,118.0
2026-09-27 20:30:00+00:00,1.5285289975178804,1.5289834348889881,1.5284853935995728,1.5289040062677604,12321.931207840003,18839.049988622326,99.0
2026-09-27 20:31:00+00:00,1.5291006541051289,1.5294367515222054,1.528684924117072,1.5288013788417967,23176.74688080001,35432.64258843436,125.0
2026-09-27 20:32:00+00:00,1.5289811902596977,1.5291118736750853,1.5274088451971903,1.5274539115374095,38314.94247275,58524.30875033281,128.0
2026-09-27 20:33:00+00:00,1.5273053330078061,1.5283747745807643,1.5271619433686277,1.528349318569418,14423.912802640007,22044.777303019557,95.0
2026-09-27 20:34:00+00:00,1.5283066631517923,1.529376508581977,1.528211560185395,1.5287062344770226,31192.485533950006,47684.14710458372,115.0
2026-09-27 20:35:00+00:00,1.5286702681898638,1.5288404387992924,1.5282589637320139,1.5287645022398435,4150.73162499,6345.491166609014,78.0
2026-09-27 20:36:00+00:00,1.5289298955041897,1.529721555138477,1.5287041953435223,1.529277629846847,18386.809123800005,28118.53587729125,117.0
2026-09-27 20:37:00+00:00,1.5294485167736571,1.5295420210457147,1.5280049960394706,1.528188717982564,18033.01790011,27557.85450612573,104.0
2026-09-27 20:38:00+00:00,1.5281808205057932,1.5282033885188766,1.5273409676485716,1.5280990493871465,46743.46447052999,71428.64362247873,129.0
2026-09-27 20:39:00+00:00,1.5279326642792563,1.5285564495730566,1.5273808063757828,1.5273808063757828,30435.1901496,46486.12527289633,126.0
2026-09-27 20:40:00+00:00,1.5275177123237336,1.5279000404648317,1.5275177123237336,1.5276437281310349,6272.8187366799975,9582.63220079204,79.0
2026-09-27 20:41:00+00:00,1.5278057956116844,1.5286823279908888,1.5273437084372978,1.5276835066082906,71530.92221474001,109276.6100799389,147.0
2026-09-27 20:42:00+00:00,1.5276126769545606,1.528085949996311,1.5276118116966222,1.5279179340047124,3842.4611351400004,5870.965279096511,59.0
2026-09-27 20:43:00+00:00,1.528195528054373,1.5290935794447766,1.528195528054373,1.5290935794447766,5937.964906999998,9079.704014262097,61.0
2026-09-27 20:44:00+00:00,1.5289806221254345,1.5293709610026829,1.5289162778036205,1.5293708647175337,3382.15646765,5172.57156153988,64.0
2026-09-27 20:45:00+00:00,1.5294926902135655,1.5295660306693692,1.5288851408744948,1.528909921865307,14036.279416540006,21460.2068660218,86.0
2026-09-27 20:46:00+00:00,1.5287741017736955,1.5289528377295218,1.5283479598823806,1.5288174976540085,17736.69973729,27116.17690900421,93.0
2026-09-27 20:47:00+00:00,1.528606458488453,1.528606458488453,1.525179078153724,1.5254634601635004,304709.50996819005,464823.2234207998,327.0
2026-09-27 20:48:00+00:00,1.5253512011407109,1.5260017727379833,1.5250351166621856,1.5259749219289256,54384.07622135001,82988.73646605133,114.0
2026-09-27 20:49:00+00:00,1.5258558674476441,1.5263781498069833,1.523843113322757,1.523993900940632,257407.75731956013,392287.852209816,353.0
2026-09-27 20:50:00+00:00,1.5240827958566494,1.5247096593069642,1.5239948638385024,1.5243048523258587,54290.402581530005,82755.1240897505,173.0
2026-09-27 20:51:00+00:00,1.5241925840990658,1.5243951741463202,1.522575116409375,1.5238166189857598,235268.9843319501,358506.78825692594,230.0
2026-09-27 20:52:00+00:00,1.5236699712377668,1.5242233942301964,1.5219656474574017,1.5239945000300856,155221.35581678987,236556.4925520007,207.0
2026-09-27 20:53:00+00:00,1.52387758596053,1.5243960366844638,1.5235140926178414,1.52378341159904,136114.17832206987,207408.52701060372,279.0
2026-09-27 20:54:00+00:00,1.5238559962118992,1.5251682028233222,1.5223175239732851,1.5232218612924013,381683.9285157198,581389.3040191105,390.0
2026-09-27 20:55:00+00:00,1.522824915294886,1.523278217800334,1.5226621350278582,1.523104406499209,18453.29127595,28106.289256812855,116.0
2026-09-27 20:56:00+00:00,1.5231406330801696,1.5235536839388146,1.5223226425724965,1.522912842134261,16755.86660324,25517.724431162773,111.0
2026-09-27 20:57:00+00:00,1.5228871193063873,1.5245586471111823,1.5227947997285112,1.5234018760646273,305121.5015949099,464822.6679573419,300.0
2026-09-27 20:58:00+00:00,1.5233987900926962,1.523404898146348,1.522997064185103,1.5232777182052106,10937.06584776,16660.18870843599,83.0
2026-09-27 20:59:00+00:00,1.5230668153098783,1.5231157404471711,1.522783531501961,1.5229338855377366,28130.845421230002,42841.417720815254,75.0
2026-09-27 21:00:00+00:00,1.5230796472881707,1.523349494243488,1.5224989506864712,1.5232666272651298,70779.20334125002,107815.59835413872,115.0
2026-09-27 21:01:00+00:00,1.5232959063627756,1.5233828398990854,1.5228724881151747,1.5230438573795124,47712.85502923,72668.77077030792,140.0
2026-09-27 21:02:00+00:00,1.5228997753907065,1.5229436459703998,1.516231259035673,1.5183680642041228,749192.2985269903,1137549.6600310637,858.0
2026-09-27 21:03:00+00:00,1.5187052795102018,1.5223298458114374,1.5186442412956074,1.5222680257844228,377267.86961113004,574302.81506483,326.0
2026-09-27 21:04:00+00:00,1.5220388082991525,1.5228697412450372,1.5217832666972142,1.5220706771887418,127425.44699944003,193950.5364055158,232.0
2026-09-27 21:05:00+00:00,1.52192866166114,1.522543913297071,1.5206820926226472,1.521640124554646,227882.94519545988,346755.83311109914,230.0
2026-09-27 21:06:00+00:00,1.5217432210076152,1.5225232089498582,1.521634584289246,1.522412982879785,132214.8032575699,201285.5330082209,166.0
2026-09-27 21:07:00+00:00,1.5225529077725874,1.522911524714491,1.5221045345376873,1.5221865130411045,35473.93569913,53997.946485703054,106.0
2026-09-27 21:08:00+00:00,1.5220643383421717,1.5225810851783221,1.5215123992638593,1.5223035193548322,34826.96333654001,53017.208855656565,132.0
2026-09-27 21:09:00+00:00,1.5222869685451723,1.523382025086851,1.5221544625950312,1.5231186152624328,50935.05325509001,77580.12778221097,163.0
2026-09-27 21:10:00+00:00,1.5232193964309353,1.5238713964096198,1.5231308580133063,1.5237681566870331,41127.98840981001,62669.51908746186,150.0
2026-09-27 21:11:00+00:00,1.5237486153683601,1.5239495503158693,1.523457151110489,1.5238661402647327,36748.13959696001,55999.245649529046,143.0
2026-09-27 21:12:00+00:00,1.5239011688786044,1.524197504834574,1.5233196930386153,1.5241900622033788,127361.36048703988,194122.91996304828,207.0
2026-09-27 21:13:00+00:00,1.5241400493383592,1.5255478214593658,1.5239876635626979,1.5254721978863959,43851.29908796,66893.93759988404,175.0
2026-09-27 21:14:00+00:00,1.5254664807145806,1.5275788013248026,1.5254659889555235,1.5275096620536797,350875.13886394014,535965.1647890952,349.0
2026-09-27 21:15:00+00:00,1.5274287121098096,1.5294777132713016,1.527428243693613,1.5282346834457543,237771.55101573005,363370.73099893023,352.0
2026-09-27 21:16:00+00:00,1.5281229115346096,1.529069915812962,1.5250334216851418,1.526342847693906,280452.26193067,428066.3041174561,403.0
2026-09-27 21:17:00+00:00,1.526169458465175,1.5268421015735378,1.525444192980864,1.5262059845533604,125015.32880193998,190799.14297842688,170.0
2026-09-27 21:18:00+00:00,1.5260942202130403,1.5278661669979956,1.5259492236405743,1.5272332473099537,224034.92145790008,342153.58060897916,280.0
2026-09-27 21:19:00+00:00,1.5271625894661671,1.5271625894661671,1.526012609435328,1.5261158152806602,56927.17672742,86877.46472299281,146.0
2026-09-27 21:20:00+00:00,1.526271518143804,1.5271654533837793,1.525893941982482,1.5259000627172195,84722.52369318999,129278.10421699971,179.0
2026-09-27 21:21:00+00:00,1.5259682591975416,1.5261446132924172,1.5257042335319508,1.5257668362047736,77438.54565301002,118153.16480129202,126.0
2026-09-27 21:22:00+00:00,1.5260822558987934,1.526321383896116,1.5254025969678175,1.5256293326416046,25930.853887080004,39560.871310572824,108.0
2026-09-27 21:23:00+00:00,1.5257553935051724,1.5264527115125766,1.5255715661969862,1.5262695363726746,28366.977011990006,43295.6528523843,101.0
2026-09-27 21:24:00+00:00,1.5265553584692204,1.5267766263340188,1.525964703907532,1.5264103324213811,99779.31290263994,152304.17417649564,175.0
2026-09-27 21:25:00+00:00,1.5265317962636726,1.5275181340141217,1.5265052350738162,1.5268417617523988,138285.16472078004,211139.56452649646,142.0
2026-09-27 21:26:00+00:00,1.5267914525915212,1.5268589959863832,1.5252822066771836,1.5254172934669081,82520.78019929002,125878.6251863786,158.0
2026-09-27 21:27:00+00:00,1.5252119180043466,1.5252224431919055,1.522431066440248,1.5228827630461927,311067.40038446995,473719.18219109793,394.0
2026-09-27 21:28:00+00:00,1.522687740421972,1.5229891380448402,1.5223110358783414,1.5224029798767245,47831.35432523,72818.59635626961,117.0
2026-09-27 21:29:00+00:00,1.5225561320532457,1.5228596343317204,1.522066578172361,1.5221215615051447,60361.6649204,91877.79166368955,103.0
2026-09-27 21:30:00+00:00,1.5221602595469137,1.5223759899524294,1.521688735674646,1.522037227356915,103949.88144067004,158215.58933203746,202.0
2026-09-27 21:31:00+00:00,1.5219025342408656,1.523678985937419,1.521511861665625,1.523678985937419,61545.18443582002,93775.10421050167,145.0
2026-09-27 21:32:00+00:00,1.523547220546623,1.5235473118690595,1.5223289881148072,1.5223290098582445,30050.25796712,45746.379457070616,114.0
2026-09-27 21:33:00+00:00,1.5222619189574602,1.5232748644029297,1.5219565510183743,1.5231229862372455,151674.36393736003,231018.7101359066,183.0
2026-09-27 21:34:00+00:00,1.5230853484513187,1.5238017168346372,1.5225186801284587,1.5231986366899735,167666.49322636,255389.37390098022,161.0
2026-09-27 21:35:00+00:00,1.5230298765792323,1.5230331115513442,1.5207579947590895,1.520764002486374,128444.24380514998,195333.38230545554,194.0
2026-09-27 21:36:00+00:00,1.520829780035915,1.5209539050311096,1.5162551840543845,1.5178561049561266,295947.54150303,449205.7826171307,358.0
2026-09-27 21:37:00+00:00,1.517928165626679,1.5189899183588444,1.5142398126168564,1.517325671187637,629639.5629923202,955368.2725236127,566.0
2026-09-27 21:38:00+00:00,1.517668415656598,1.5186111436416014,1.5160954214753426,1.5181832900256658,74116.49449588999,112522.4234589394,159.0
2026-09-27 21:39:00+00:00,1.5181405835737312,1.5197623075404323,1.5181310165987068,1.5191852678186977,276282.00932627014,419723.5583318176,284.0
2026-09-27 21:40:00+00:00,1.5192836709343962,1.5197173217279674,1.518417463125164,1.5185042568880516,113200.11868820997,171894.8621082795,191.0
2026-09-27 21:41:00+00:00,1.5188426141305886,1.5195675500859824,1.5188193592141583,1.5194945928769747,24624.037076059994,37416.09119187531,134.0
2026-09-27 21:42:00+00:00,1.5195669851998166,1.5205659097142816,1.5194667201864571,1.5197190725973222,50966.65684876,77455.00047958351,167.0
2026-09-27 21:43:00+00:00,1.5198018928089359,1.5199241702551454,1.5181875607206747,1.519303693823411,113207.46846230999,171996.52500318488,187.0
2026-09-27 21:44:00+00:00,1.5190709900345272,1.5193930484885503,1.5188217893276699,1.519204934569639,75890.40451517001,115293.07702593229,136.0
2026-09-27 21:45:00+00:00,1.519055818588308,1.520782153225666,1.5190557287229964,1.5206656704352872,40115.28886023999,61001.942629362056,132.0
2026-09-27 21:46:00+00:00,1.5206720291590083,1.5209380915549093,1.5202467025508337,1.5208353309200084,19486.67198438001,29636.01923589423,113.0
2026-09-27 21:47:00+00:00,1.5210328059496345,1.5219893193982341,1.5205410890178144,1.5215929480957633,94616.24293115998,143967.40801936865,146.0
2026-09-27 21:48:00+00:00,1.5216773129001613,1.5219787415144563,1.521194419200871,1.5219787415144563,5734.78059782,8728.214157131606,77.0
2026-09-27 21:49:00+00:00,1.5219548784903523,1.5221179045988344,1.5203977863515123,1.5206423255142358,27719.939358620006,42152.11304940552,135.0
2026-09-27 21:50:00+00:00,1.5205627373917694,1.5217000077839256,1.5203942761551594,1.5217000077839256,6169.159865450001,9387.610615275547,92.0
2026-09-27 21:51:00+00:00,1.521910093712173,1.5220973305926497,1.5209157800660182,1.521767041264449,28842.058963980006,43890.894733590634,126.0
2026-09-27 21:52:00+00:00,1.522044346887037,1.5228992892714628,1.522044346887037,1.5227788832688978,31113.85268535,47379.51784639027,125.0
2026-09-27 21:53:00+00:00,1.5226941111563594,1.5228883066748575,1.5215506442135567,1.521582448481774,43464.609636170004,66134.98715250805,164.0
2026-09-27 21:54:00+00:00,1.5215905887535763,1.5224752641154538,1.5215866910121318,1.5223671827500307,18029.00661562,27446.768009203086,119.0
2026-09-27 21:55:00+00:00,1.5223853815770318,1.5228996422464982,1.521970160554812,1.5222080729457625,10440.060805410003,15891.944840039747,105.0
2026-09-27 21:56:00+00:00,1.521960468236352,1.5223642584649753,1.5208948812311407,1.52197648571407,29847.511037059998,45427.209955496495,142.0
2026-09-27 21:57:00+00:00,1.5218227752751605,1.5223422520565546,1.521308204996353,1.52195921568383,16389.04904181,24943.464225476975,117.0
2026-09-27 21:58:00+00:00,1.5221045150395582,1.5227559137430582,1.522104359601196,1.522514142569427,15511.861888900003,23617.02910343396,118.0
2026-09-27 21:59:00+00:00,1.5220779754398857,1.523032605559555,1.521902225058923,1.5220699871634598,222701.01816123008,338966.53585395287,179.0
2026-09-27 22:00:00+00:00,1.5222580419086096,1.5242399393336183,1.5200393921086006,1.5208311891626782,115742.1710506,176024.3036351541,316.0
2026-09-27 22:01:00+00:00,1.5197061613706055,1.5208834298743008,1.5129006536670828,1.5159224829101245,697848.8680030201,1057884.7886791578,557.0
2026-09-27 22:02:00+00:00,1.5155996833225969,1.5157123452697938,1.5105328095068307,1.5137762861496393,976682.6877871802,1478479.0918651253,698.0
2026-09-27 22:03:00+00:00,1.513169003320421,1.514077816748492,1.5109160643764241,1.5123939312839583,244867.20903165019,370335.6809099082,403.0
2026-09-27 22:04:00+00:00,1.5123562621734223,1.5139020987119005,1.511621955435633,1.5138058472388185,125001.16586827993,189227.4958030716,251.0
2026-09-27 22:05:00+00:00,1.5139283900042229,1.5144941398341096,1.5123696116564476,1.5133350428371228,107667.72290837,162937.33805971357,287.0
2026-09-27 22:06:00+00:00,1.5134839851666546,1.515774077937977,1.5133302640069637,1.513977019390643,850461.4587903698,1287579.1044860622,616.0
2026-09-27 22:07:00+00:00,1.5136130716929574,1.513750186967487,1.5094560078466313,1.5119984957964703,651106.9095170998,984472.6677925434,579.0
2026-09-27 22:08:00+00:00,1.5118385177366251,1.5118453907120304,1.5092704892777742,1.5108348684537836,205672.30355873003,310736.8876917405,315.0
2026-09-27 22:09:00+00:00,1.5109601626189015,1.5116995833589089,1.5095821151422506,1.511116707276049,290634.58566142013,439182.77810522396,453.0
2026-09-27 22:10:00+00:00,1.5110946277564905,1.5119741895483008,1.509987479223494,1.5117768158511373,265311.6096050199,401091.940377017,344.0
2026-09-27 22:11:00+00:00,1.512015041929288,1.512590070536226,1.510000726954534,1.510187902918063,135782.71437214006,205057.41267018454,285.0
2026-09-27 22:12:00+00:00,1.5101994719689282,1.511004558376835,1.5100016462805104,1.5107896408258323,493721.0045917395,745908.5791953233,355.0
2026-09-27 22:13:00+00:00,1.5104859444403358,1.5106949916438583,1.5077362140996942,1.5079370803805041,2558247.1643891316,3857675.7599606505,813.0
2026-09-27 22:14:00+00:00,1.5078788068103213,1.5085116441593684,1.5060486091577727,1.5080380282649206,324565.2569342803,489456.75011046935,530.0
2026-09-27 22:15:00+00:00,1.5077831488507296,1.5078481587959478,1.5044495841270447,1.506495599850346,446773.8094653399,673062.7780879114,649.0
2026-09-27 22:16:00+00:00,1.5065560078770843,1.5067493692121552,1.5048539825768235,1.5054899169766733,555868.0657437199,836853.768146497,395.0
2026-09-27 22:17:00+00:00,1.5056931012444397,1.5089516975555113,1.5051780514015025,1.5087425682126863,531739.8600088499,802258.5620108064,506.0
2026-09-27 22:18:00+00:00,1.508833786058947,1.5105152104354331,1.5083328670786198,1.5101197692442931,94352.03936463004,142482.87991304358,285.0
2026-09-27 22:19:00+00:00,1.5098564190150467,1.512485540320986,1.509452114102223,1.5123184824546563,117127.41580344999,177133.955721709,343.0
2026-09-27 22:20:00+00:00,1.512406818298427,1.5137842441532,1.5107957544871173,1.5107961419698424,521226.1055908399,787466.3894206067,387.0
2026-09-27 22:21:00+00:00,1.510804388521801,1.5137909649652541,1.5101083349408198,1.5125352999464798,158197.27812347005,239278.96751719946,257.0
2026-09-27 22:22:00+00:00,1.512878360384273,1.5152719936733396,1.5128465627843632,1.5152708673223831,61763.95248632999,93589.11785321971,232.0
2026-09-27 22:23:00+00:00,1.515101691354018,1.5157545864858581,1.5150190873021159,1.5156223466242102,45594.753011659996,69104.4265532834,160.0
2026-09-27 22:24:00+00:00,1.5155037417069126,1.515956151347944,1.5150093647882001,1.5153843507099962,44512.22612011,67453.13087767942,141.0
2026-09-27 22:25:00+00:00,1.515592305384754,1.5171861911853068,1.5155920862438985,1.5168980487926806,54576.76973330001,82787.39551785022,220.0
2026-09-27 22:26:00+00:00,1.5169661774938779,1.5171721296000538,1.5145836698653221,1.5150133595036286,95417.70456225004,144559.09714497914,175.0
2026-09-27 22:27:00+00:00,1.514738122276097,1.517283756103866,1.5147371601241326,1.5171911966609346,93620.79286911001,142040.6427654305,170.0
2026-09-27 22:28:00+00:00,1.517396661094101,1.517854288610464,1.516629679696243,1.5171330062231125,28728.473878579993,43584.91593961223,166.0
2026-09-27 22:29:00+00:00,1.5170659227973746,1.5174444981040465,1.5165200822098994,1.5170109016199296,38746.95743758999,58779.55683742743,148.0
2026-09-27 22:30:00+00:00,1.5166312667315496,1.5166312667315496,1.513627005528297,1.513627005528297,133725.24788590005,202410.14652106413,233.0
2026-09-27 22:31:00+00:00,1.513104101488207,1.513768336313909,1.5119384527579665,1.5128898009817995,40238.87372319,60876.98165880868,169.0
2026-09-27 22:32:00+00:00,1.512522577372792,1.5128181116489698,1.5108759653621582,1.5108852557379757,189696.12921089004,286609.0846952997,269.0
2026-09-27 22:33:00+00:00,1.5113795978660356,1.5117513991931673,1.5084656700122756,1.5084656700122756,295480.97612762,445722.90863023145,443.0
2026-09-27 22:34:00+00:00,1.5089084976981717,1.509894436504839,1.5069743842781793,1.5069743842781793,319706.4910526598,481789.4925038193,361.0
2026-09-27 22:35:00+00:00,1.5065871121152483,1.5079053047682502,1.504986958147885,1.507077269199366,460623.19768677006,694194.7508996571,542.0
2026-09-27 22:36:00+00:00,1.5069013303061007,1.508686447618762,1.506014226009789,1.5069786091779769,83908.67944128999,126448.58504239589,247.0
2026-09-27 22:37:00+00:00,1.506446548631362,1.5071478021198028,1.5055828530699622,1.506753453822932,83602.09658074,125967.74776986834,196.0
2026-09-27 22:38:00+00:00,1.5067277528116496,1.508682059963158,1.5064736798003304,1.5075975219734816,125816.49784596998,189680.64037596624,272.0
2026-09-27 22:39:00+00:00,1.50734356142938,1.5094283735002398,1.5073342833913186,1.5087203260474467,255550.31715238997,385553.95781568217,333.0
2026-09-27 22:40:00+00:00,1.5085083372133095,1.5092886036163777,1.5080204319366994,1.5084809388052212,108582.83584938997,163795.13816022102,224.0
2026-09-27 22:41:00+00:00,1.5083788531633437,1.5084212517425135,1.5062539333522222,1.5065891867051509,83260.32582125002,125439.10656384294,227.0
2026-09-27 22:42:00+00:00,1.5064172284018176,1.507086090600997,1.5060420298146027,1.5066762250814494,138698.10103110003,208973.13128750326,269.0
2026-09-27 22:43:00+00:00,1.5068730195902822,1.5069736251668433,1.5053365184319534,1.5054289729595103,59771.95608518,89982.43446109348,192.0
2026-09-27 22:44:00+00:00,1.505604132617595,1.506894560418983,1.5056030771646094,1.506097576103499,49210.06939859999,74115.16624111641,175.0
2026-09-27 22:45:00+00:00,1.5057647341191975,1.5061112167382478,1.5043981872948509,1.505070507034669,183726.62923772,276521.53102258587,233.0
2026-09-27 22:46:00+00:00,1.5046538379209418,1.5053832569683205,1.5029455397058467,1.5053460752141554,369102.63745906,555627.2066501892,380.0
2026-09-27 22:47:00+00:00,1.5053722519520991,1.5059695010205452,1.5037157338250347,1.5059650450573436,391508.44368082064,589598.0310281175,529.0
2026-09-27 22:48:00+00:00,1.5057076874263653,1.5059368699503777,1.5050096451795754,1.5052362092142948,76754.29251947998,115533.34031294714,196.0
2026-09-27 22:49:00+00:00,1.5051729321826985,1.506358941865349,1.5051729321826985,1.506303833608082,257558.25449168,387960.98611822363,224.0
2026-09-27 22:50:00+00:00,1.5062097176112745,1.5077025081001516,1.505814435595019,1.5076077431459722,382599.1938891796,576809.5072287343,386.0
2026-09-27 22:51:00+00:00,1.5075173568421807,1.5080093176973062,1.5066254504151544,1.5069637887280738,105638.61595349993,159193.5689332762,250.0
2026-09-27 22:52:00+00:00,1.507069158768573,1.5088864251412741,1.507069158768573,1.5083481213886047,166824.25386114002,251629.04991350626,308.0
2026-09-27 22:53:00+00:00,1.5084919798738028,1.508798705737455,1.5074069213360206,1.5087980721114134,95358.29055943999,143876.40495592306,164.0
2026-09-27 22:54:00+00:00,1.5085901018033632,1.5085933815511838,1.5075638423194804,1.508062580985133,31230.647849650006,47097.77140198098,122.0
2026-09-27 22:55:00+00:00,1.5082717712244156,1.5092943717220202,1.508223097022316,1.5087648574799224,38151.20577699,57561.19854680751,180.0
2026-09-27 22:56:00+00:00,1.5087683632880267,1.5088146352055927,1.5074562695831857,1.508442748707908,175124.27921058,264164.94909789844,246.0
2026-09-27 22:57:00+00:00,1.5083328066501742,1.5086807956066468,1.5080344129465606,1.5082627089436802,25260.04926684001,38098.79033525494,155.0
2026-09-27 22:58:00+00:00,1.5081931210986204,1.5085085900015307,1.5079077902368287,1.5079129341825188,46497.22735914002,70113.77053847253,147.0
2026-09-27 22:59:00+00:00,1.5080078488782254,1.5081434509553913,1.507014312494402,1.5075742511077848,22095.03871573,33309.911445064165,120.0
2026-09-27 23:00:00+00:00,1.5071240663255652,1.5115494102796085,1.5067493749361223,1.5113100076894102,324725.55857669987,490760.9864295003,373.0
2026-09-27 23:01:00+00:00,1.5117683607217811,1.512687245971698,1.511249743855986,1.5123748702016833,140885.13912627994,213071.14399945372,286.0
2026-09-27 23:02:00+00:00,1.5124331933352653,1.5143479997234794,1.512382692644611,1.5125552720943602,178115.0261404899,269408.8218280228,267.0
2026-09-27 23:03:00+00:00,1.512732024391164,1.5138917519331399,1.5118197023317481,1.5124050835788263,69590.58426027,105249.153404453,211.0
2026-09-27 23:04:00+00:00,1.5123452513150135,1.5131064175883666,1.5115307783179324,1.5117125532476599,62922.36043300004,95120.52214654001,204.0
2026-09-27 23:05:00+00:00,1.5115139077099233,1.5121877069183116,1.5102321357758175,1.5104207451409049,123890.30209383994,187126.48240430953,197.0
2026-09-27 23:06:00+00:00,1.5100708838338415,1.5107929681697532,1.5086692311812357,1.509244768683195,102678.13096885002,154966.43202290483,203.0
2026-09-27 23:07:00+00:00,1.509313529362384,1.5094157586725618,1.5080387466438052,1.508411923089879,58977.69921946001,88962.66469904213,202.0
2026-09-27 23:08:00+00:00,1.508188141523815,1.5084985106552622,1.5063389323803649,1.5070105676273229,106653.72931621004,160728.29715639254,231.0
2026-09-27 23:09:00+00:00,1.5073009323405573,1.5079537782267018,1.5069034945264315,1.507288034705653,30304.662864240003,45677.8557310577,105.0
2026-09-27 23:10:00+00:00,1.5072027094313867,1.5099919900675474,1.5062952479180283,1.5084594305302113,514965.6190101493,776804.7443946876,483.0
2026-09-27 23:11:00+00:00,1.5083150662404885,1.5101938508356925,1.5081367663757146,1.5093611703782284,53926.38319043001,81394.38884657226,178.0
2026-09-27 23:12:00+00:00,1.509457902202746,1.5103377008332606,1.5081580015282203,1.5086080142557794,197691.91348926,298239.6050434579,299.0
2026-09-27 23:13:00+00:00,1.5084840076905184,1.5119670265051572,1.5083823239956127,1.5118582285062658,177763.74187630997,268753.5758857631,317.0
2026-09-27 23:14:00+00:00,1.5117237200891291,1.5117237200891291,1.5087921572387386,1.5092114109549728,89773.04370894,135486.50196169177,208.0
2026-09-27 23:15:00+00:00,1.5088946134403307,1.509623672547213,1.5077920231322661,1.508780499551474,157124.50324511,237066.3864979343,211.0
2026-09-27 23:16:00+00:00,1.5085173217263403,1.5120501016695698,1.5082019056939087,1.5120501016695698,100357.79024354005,151746.00694107809,263.0
2026-09-27 23:17:00+00:00,1.5118271567109838,1.513385213308186,1.5112162468211443,1.5114293552523326,97323.43819318005,147097.50143925837,253.0
2026-09-27 23:18:00+00:00,1.511408963464941,1.5129593610141006,1.5110422699422348,1.5118760427133924,208436.19715066996,315129.69290638337,283.0
2026-09-27 23:19:00+00:00,1.5119114998809808,1.51278367717661,1.5116988659827053,1.512780116124973,143507.70492134,217095.60251573307,228.0
2026-09-27 23:20:00+00:00,1.5128627137887787,1.5146973250917495,1.5125049987258359,1.5143509455872417,137692.85163105003,208515.30006808438,202.0
2026-09-27 23:21:00+00:00,1.5142854914048183,1.514748638617533,1.5136145803457168,1.5142077581553772,31978.923590360002,48422.734197981124,159.0
2026-09-27 23:22:00+00:00,1.514431094158849,1.5147124881632354,1.5130822311861674,1.5136254012950654,18457.97393146,27938.4581991,116.0
2026-09-27 23:23:00+00:00,1.5134319872378053,1.5139334706285528,1.5116695902747892,1.5121613458990106,175362.79316379994,265176.83733118157,195.0
2026-09-27 23:24:00+00:00,1.5121976576477567,1.5143616084504126,1.5119347522272122,1.5133312846093008,169013.75360424008,255773.80085854448,168.0
2026-09-27 23:25:00+00:00,1.5132014286762785,1.5142984963878765,1.5130012738982133,1.5139011128202964,115633.66200064006,175057.92958225502,135.0
2026-09-27 23:26:00+00:00,1.5140013177229266,1.5153948915025208,1.5137065316418141,1.515100256756334,487876.9539309595,739182.4981662949,287.0
2026-09-27 23:27:00+00:00,1.5151421738234105,1.51636391439082,1.5141293380622722,1.5163575347686402,414937.99961771996,629194.3621821568,423.0
2026-09-27 23:28:00+00:00,1.5159121650147258,1.5163253163683381,1.5142616300985339,1.5147299450691842,22582.730209889993,34206.73769033888,124.0
2026-09-27 23:29:00+00:00,1.5147297776321844,1.5150627848936837,1.5135194805284256,1.5136091953695014,89444.01267949003,135383.2800624224,161.0
2026-09-27 23:30:00+00:00,1.5137487166598897,1.515420656230559,1.512968784335944,1.515420656230559,206315.8488143099,312655.2990009463,246.0
2026-09-27 23:31:00+00:00,1.5151624356881486,1.516240956262659,1.5147045128389873,1.51503707649454,221756.2399083801,335968.9254052141,209.0
2026-09-27 23:32:00+00:00,1.5149363929520983,1.5155895462415987,1.513117077382989,1.514583454669719,312246.13360443,472922.82774186024,288.0
2026-09-27 23:33:00+00:00,1.5145948702468857,1.5146881330036102,1.5131370199230987,1.5135170140930583,67391.32733251,101997.92052006844,131.0
2026-09-27 23:34:00+00:00,1.5132204875683795,1.5140380837266871,1.5125110340647492,1.5137662628847963,92808.24374845008,140489.98830399255,165.0
2026-09-27 23:35:00+00:00,1.5138924763996071,1.514496986873514,1.5105830345747149,1.5121433104205526,288322.69446786004,435985.23368200345,330.0
2026-09-27 23:36:00+00:00,1.5118167142125936,1.5125939310579117,1.5111095611999066,1.5113020678626863,190483.60984548996,287878.27345343813,192.0
2026-09-27 23:37:00+00:00,1.5111225025817765,1.5129523599207628,1.5110989678151874,1.5121180290012672,250872.24944359984,379348.45135977044,292.0
2026-09-27 23:38:00+00:00,1.5123207632118207,1.5130519193139251,1.5119207257970158,1.5121895142335302,38153.419697859994,57695.20119925491,116.0
2026-09-27 23:39:00+00:00,1.512115751580563,1.5130026459739119,1.5121155609844488,1.5129093072488664,118154.57334191004,178757.1537029945,168.0
2026-09-27 23:40:00+00:00,1.5129113110592114,1.5132784498221912,1.5124106630588896,1.5128250285827607,33544.68768507,50747.243105965805,116.0
2026-09-27 23:41:00+00:00,1.5127205810597486,1.5128122859467996,1.5119626188011457,1.5122434073307394,38259.25110627002,57857.30025486814,82.0
2026-09-27 23:42:00+00:00,1.5122039138106613,1.5124004389955525,1.511107865013363,1.5116462816908713,90724.12316275,137142.78343863567,194.0
2026-09-27 23:43:00+00:00,1.5117088652385768,1.5117458867396811,1.5111205691454388,1.511398122760271,36681.63466273999,55440.55376904331,136.0
2026-09-27 23:44:00+00:00,1.511599420622805,1.51179065422085,1.510072500451229,1.5112901648706152,166045.95070294008,250943.61221394438,179.0
2026-09-27 23:45:00+00:00,1.5114205609744333,1.5120785682969657,1.5103304779819058,1.5109949550370607,141803.49635469014,214264.36759855304,216.0
2026-09-27 23:46:00+00:00,1.5111266546131827,1.513781059921619,1.5110437426375882,1.513669979955214,26229.191202420003,39702.33932160856,187.0
2026-09-27 23:47:00+00:00,1.5135886344174505,1.514642147485748,1.51204102186979,1.5144287069774696,344137.0782159801,521171.07038563106,322.0
2026-09-27 23:48:00+00:00,1.5146196339699034,1.5174290756563167,1.5145183000430515,1.517274402541763,347976.10947298,527975.2435994229,358.0
2026-09-27 23:49:00+00:00,1.5173488677294455,1.517646661629222,1.5162213249521994,1.5172065583889764,94498.99216269003,143374.4906703818,187.0
2026-09-27 23:50:00+00:00,1.5171999222529657,1.5183991712492015,1.5167015386473899,1.5183991709509908,1500313.75649155,2278075.1640231363,273.0
2026-09-27 23:51:00+00:00,1.5181916899841592,1.5191011073014218,1.5168053621225157,1.5191011073014218,286591.07660752995,435360.82181720535,242.0
2026-09-27 23:52:00+00:00,1.5189972778184475,1.5195834429636257,1.5182194863735428,1.5192028236264263,167978.54049169004,255193.4730236215,201.0
2026-09-27 23:53:00+00:00,1.519420802338567,1.5196682842444136,1.5187483900849403,1.519165628688366,64641.513037289995,98201.16479266186,136.0
2026-09-27 23:54:00+00:00,1.5189067713265956,1.518957174167106,1.5178716974786701,1.5187720593588017,45740.784404759994,69469.82532710429,140.0
2026-09-27 23:55:00+00:00,1.518794084046912,1.5189772455616066,1.5180668867457427,1.5188825963145198,54484.880701300026,82756.13705947746,105.0
2026-09-27 23:56:00+00:00,1.5189821392320897,1.5197986983612737,1.5187381402203908,1.5191281406872192,36832.81294272,55953.762641954374,128.0
2026-09-27 23:57:00+00:00,1.5194333017971355,1.519628275210998,1.5184674367858393,1.51856318223748,30987.097166040003,47055.86488076371,122.0
2026-09-27 23:58:00+00:00,1.5182098310080214,1.51821828482947,1.5158198915672638,1.5167011085645128,198427.85258656996,300955.7439881264,223.0
2026-09-27 23:59:00+00:00,1.5165679826328105,1.5165679826328105,1.5154888835930005,1.516380895768688,32615.683945129993,49457.800036824636,109.0
2026-09-28 00:00:00+00:00,1.5163819773758302,1.5174049742430211,1.5158610399504235,1.5164966531859319,181721.30705265017,275579.75395791704,310.0
2026-09-28 00:01:00+00:00,1.5164446516345589,1.5176602371269488,1.5157115619510548,1.5173770388300978,97644.49488316996,148163.51450388506,231.0
2026-09-28 00:02:00+00:00,1.517256282955559,1.5192649105655531,1.5166509101481893,1.5169218508966067,49885.43551543001,75672.30717484941,203.0
2026-09-28 00:03:00+00:00,1.5170324533999968,1.5179551983608461,1.5167246142975375,1.5178111244792305,29444.378491469994,44691.00522773014,184.0
2026-09-28 00:04:00+00:00,1.5178872877027758,1.5183939382639244,1.516912896862394,1.5175960277629035,186730.10937823,283380.87225613435,225.0
2026-09-28 00:05:00+00:00,1.517491989542343,1.5175841065174491,1.5163229594323349,1.5166892560343943,127373.90052749007,193186.62642923786,188.0
2026-09-28 00:06:00+00:00,1.5167720507367355,1.5170499744892822,1.5150713679178784,1.5155929934653012,262602.95468183,397999.1981790676,380.0
2026-09-28 00:07:00+00:00,1.5155028388302143,1.5155754228300535,1.5142093942402712,1.5145771840597906,125302.12682612002,189779.7424050076,200.0
2026-09-28 00:08:00+00:00,1.5145360853774998,1.5150990236400763,1.5131651152120575,1.51316558663116,58440.30785246001,88429.86271447325,162.0
2026-09-28 00:09:00+00:00,1.513076953564575,1.5135047136975155,1.51200741585481,1.5128642500965988,65877.15487293,99663.19250533274,148.0
2026-09-28 00:10:00+00:00,1.5131374158713953,1.5133392833401136,1.5119373739850444,1.5120195761614572,179563.47203332995,271503.48487791524,161.0
2026-09-28 00:11:00+00:00,1.5118775397849769,1.5141546317414663,1.5116188771626162,1.5132150817266936,65274.48332592001,98774.33262069974,190.0
2026-09-28 00:12:00+00:00,1.5130196376509355,1.514158096419896,1.5125210266631086,1.514153451489931,90849.96235373,137560.78406563058,218.0
2026-09-28 00:13:00+00:00,1.5137953140853293,1.5143829307014032,1.5135018124641708,1.513991082370826,56788.06277595002,85976.62062790299,175.0
2026-09-28 00:14:00+00:00,1.5141217311770918,1.5156770018468517,1.514121469230418,1.5150795858551747,38493.72961579,58321.063924312184,165.0
2026-09-28 00:15:00+00:00,1.5154336568889113,1.5169802692108363,1.5147752096480842,1.516928294846856,41701.910352989995,63258.807763617566,216.0
2026-09-28 00:16:00+00:00,1.5174725073962625,1.5184807085651513,1.5174724787260794,1.5179628759252743,231489.33692495007,351392.21962463204,227.0
2026-09-28 00:17:00+00:00,1.5180158070472394,1.5180610086332909,1.5165198926576116,1.5172105281933639,37485.27713239001,56873.05711750807,165.0
2026-09-28 00:18:00+00:00,1.517230934852899,1.519357468433402,1.5166236368359594,1.5193170315554547,85052.73947500001,129222.07566481645,182.0
2026-09-28 00:19:00+00:00,1.519335672767409,1.5241624770019457,1.5190679419219308,1.5240863104488929,130663.93475889004,199143.11423541157,320.0
2026-09-28 00:20:00+00:00,1.5242005440273525,1.5265541093276571,1.5241004116667534,1.5263049505813802,246604.74177357985,376394.0382058578,327.0
2026-09-28 00:21:00+00:00,1.5263438884647014,1.5326818146923673,1.5263438884647014,1.5318218049369527,1007501.7974830501,1543313.22189771,777.0
2026-09-28 00:22:00+00:00,1.531846994146265,1.5340396529468323,1.5300435333560618,1.5306922073745302,492088.7920676294,753236.4793542658,454.0
2026-09-28 00:23:00+00:00,1.5307059562758345,1.531990027912093,1.528568676481895,1.530081375083784,648640.5224140494,992472.7824703527,558.0
2026-09-28 00:24:00+00:00,1.5303832183546169,1.530461166300995,1.5273244844542195,1.5274032807197178,243008.21347255,371171.5424998104,241.0
2026-09-28 00:25:00+00:00,1.5271262470865903,1.5281952313751712,1.5257206090206226,1.5281952313751712,92876.47243785998,141933.38228648514,206.0
2026-09-28 00:26:00+00:00,1.5281168295243943,1.5303871166178076,1.5281160021650757,1.5285947189952143,160975.12533383002,246065.72647488528,216.0
2026-09-28 00:27:00+00:00,1.5289438485465554,1.529510096841622,1.5261303598588842,1.5264390341925278,215301.64972427022,328644.842265173,318.0
2026-09-28 00:28:00+00:00,1.5260478638814081,1.5269904020586913,1.5241782743431818,1.5267771603966498,25755.083484569986,39322.273228350416,168.0
2026-09-28 00:29:00+00:00,1.5267426134424729,1.5288701276065857,1.5266506611581014,1.5287747594559555,51664.08431032996,78982.74806403689,222.0
2026-09-28 00:30:00+00:00,1.528601325104081,1.528970187693099,1.5265882280811958,1.5277545202081608,44664.855769270005,68236.9352959478,161.0
2026-09-28 00:31:00+00:00,1.526736777363627,1.526736777363627,1.5206908170324598,1.5232186922997408,396984.22671776026,604693.7946846506,523.0
2026-09-28 00:32:00+00:00,1.5229934011455566,1.5232897060322959,1.51588648708518,1.5174732617265339,155672.48095167006,236228.82743079247,282.0
2026-09-28 00:33:00+00:00,1.5175699901649606,1.5195367673478941,1.5139930191937137,1.5144662951380996,343849.7630719804,520748.8767637355,455.0
2026-09-28 00:34:00+00:00,1.5143847070770649,1.5170366948683298,1.5125180573268713,1.514849778756615,410307.94346838986,621554.8973851721,499.0
2026-09-28 00:35:00+00:00,1.5147156908098813,1.5164624845886663,1.5115095637185934,1.5131740089623877,261771.6057002,396105.99002989306,421.0
2026-09-28 00:36:00+00:00,1.5134970965015555,1.514944444753126,1.5114425505020677,1.5121197843578669,334995.69040446996,506553.61113522184,267.0
2026-09-28 00:37:00+00:00,1.512391751432756,1.5139793919648878,1.510809052023441,1.5129938484611898,196783.92639246976,297732.87010784633,211.0
2026-09-28 00:38:00+00:00,1.5129982206663148,1.5145759908814669,1.5125467521954996,1.5139183483741654,227184.72499918,343939.12364659755,229.0
2026-09-28 00:39:00+00:00,1.513591132172797,1.5143217599489633,1.511422418908404,1.511422418908404,65382.315677840015,98820.29771563382,146.0
2026-09-28 00:40:00+00:00,1.5112375684921422,1.5119094071648742,1.5105296390910379,1.5117213998754346,157439.7103348701,238004.97930341275,213.0
2026-09-28 00:41:00+00:00,1.5114265400104245,1.512904178462651,1.5110191153556085,1.5129041572961908,124013.40516287001,187620.39623136292,261.0
2026-09-28 00:42:00+00:00,1.5126963411328203,1.5130711350723032,1.5117756765062862,1.512349138428494,45729.93395999999,69159.6262247979,158.0
2026-09-28 00:43:00+00:00,1.512647229735755,1.514830117180767,1.5125579982867057,1.5129576053991425,71697.85822486,108475.8198921314,203.0
2026-09-28 00:44:00+00:00,1.5136484799372674,1.515099969137573,1.5132106915121228,1.5141052905771462,61995.17084345997,93867.21616431678,150.0
2026-09-28 00:45:00+00:00,1.5173685302561575,1.5196020967240051,1.5160690149504674,1.5178582892214267,78329.96349962999,118893.78439232518,227.0
2026-09-28 00:46:00+00:00,1.519503319709117,1.5212963156650223,1.519106672840244,1.520690346225058,132462.70109831012,201434.7507950956,228.0
2026-09-28 00:47:00+00:00,1.5209820640769622,1.524752525763529,1.520892644980401,1.5244494956866514,145744.0238179601,222179.40360863257,391.0
2026-09-28 00:48:00+00:00,1.5239791268936762,1.5256218716462786,1.5237073712522688,1.525269709490873,168285.70961546007,256681.09541663819,213.0
2026-09-28 00:49:00+00:00,1.5251323265228514,1.526467576123587,1.524941139031856,1.5255184287780204,41966.565280639996,64020.76872813215,174.0
2026-09-28 00:50:00+00:00,1.5258230650570332,1.5267883875199022,1.525043788514058,1.5266493878862641,344519.9513253401,525961.172805436,322.0
2026-09-28 00:51:00+00:00,1.526523383388109,1.527444658939994,1.5258428488515037,1.5260320809405385,170768.78485302,260598.64410894125,243.0
2026-09-28 00:52:00+00:00,1.5256742502486595,1.526290041907771,1.5225382946514587,1.5227546404142769,79302.79631078005,120758.70108006851,205.0
2026-09-28 00:53:00+00:00,1.5231822466132088,1.5232782195185992,1.5218282144980173,1.5221203958464848,69911.99066355999,106414.46690323368,146.0
2026-09-28 00:54:00+00:00,1.522172948602122,1.5226715284356622,1.5197462449457557,1.519829627514531,776599.5272444519,1180298.9702198964,432.0
2026-09-28 00:55:00+00:00,1.5194823897899137,1.519965860081422,1.5174082032829643,1.5174086138628748,144863.1354873101,219816.56961962904,235.0
2026-09-28 00:56:00+00:00,1.517584801746148,1.5177763893937835,1.5156007973533883,1.5156446629020914,75411.60473793007,114297.19624192579,179.0
2026-09-28 00:57:00+00:00,1.5152760360372282,1.5161564046067941,1.5139870689601511,1.5144052736132692,222685.33414959998,337235.8443924872,245.0
2026-09-28 00:58:00+00:00,1.5146907816773267,1.5173763408061505,1.5145625354395231,1.5154897687487874,164660.54960645008,249541.37824512727,246.0
2026-09-28 00:59:00+00:00,1.5156257805665203,1.515689419139676,1.51411812819217,1.5145322983816314,37877.918705770004,57367.331275362434,151.0
2026-09-28 01:00:00+00:00,1.5144232563726485,1.515710100505429,1.5129395164631154,1.5143037215972328,157713.2809884401,238825.80834610492,419.0
2026-09-28 01:01:00+00:00,1.5145521573978433,1.5152137072202936,1.5117413574650063,1.5125676868846476,202878.57516846005,306867.5771610107,388.0
2026-09-28 01:02:00+00:00,1.5128772884033141,1.516467336446785,1.5116973863327863,1.5153498914569523,245056.41609440994,371346.21352949383,500.0
2026-09-28 01:03:00+00:00,1.5152561506762117,1.5161719204044692,1.5115208365178416,1.513098266045441,226618.4090027199,342895.9217159921,354.0
2026-09-28 01:04:00+00:00,1.5125887589132363,1.5152816795412276,1.5112028997733096,1.5152766049652844,226347.03182410984,342978.36192640633,368.0
2026-09-28 01:05:00+00:00,1.5153248899977165,1.5155552993504615,1.5107127451672375,1.5107784931384192,207078.87740911008,312850.31437293073,341.0
2026-09-28 01:06:00+00:00,1.5106477072163618,1.511532448086958,1.5078795311833224,1.5106931082514865,510916.18456076016,771837.5589100849,705.0
2026-09-28 01:07:00+00:00,1.510973280114124,1.5189974407349542,1.5107179264145485,1.5182843262806893,394591.4746807696,599102.0512917959,639.0
2026-09-28 01:08:00+00:00,1.5178177130012231,1.5202432212337869,1.516795940974994,1.5202432212337869,239868.3558232501,364658.24192878994,356.0
2026-09-28 01:09:00+00:00,1.5203911514004012,1.5204582052709081,1.5136763049496667,1.5145826794319737,352138.7278528697,533343.217963166,406.0
2026-09-28 01:10:00+00:00,1.5148007711751963,1.5158658551317061,1.5128075291078629,1.5138398252493885,163794.3841481,247958.46187559093,277.0
2026-09-28 01:11:00+00:00,1.513597622206869,1.513892214653069,1.511921234444565,1.5136923687936867,189569.62000060003,286950.08715002734,303.0
2026-09-28 01:12:00+00:00,1.5136001805668744,1.514988327751114,1.5098094678259624,1.5099747438752391,410982.25775221986,620572.8293866757,478.0
2026-09-28 01:13:00+00:00,1.5097353635975164,1.5105788413469243,1.5076347584378298,1.5088063971844439,234439.7421120799,353724.1826529774,419.0
2026-09-28 01:14:00+00:00,1.5087897514352433,1.511609985567136,1.508398314896883,1.5088510270142663,288792.6804853799,435745.1325445683,412.0
2026-09-28 01:15:00+00:00,1.5090153079148736,1.511112557085896,1.5076484830896013,1.5100555373875109,309012.65550026984,466626.2715610017,510.0
2026-09-28 01:16:00+00:00,1.5098679656544687,1.509909870830549,1.5057010541751532,1.5082748563722077,515048.44702763984,776834.622465342,688.0
2026-09-28 01:17:00+00:00,1.5080955872671609,1.5107705235440247,1.5070975806642233,1.5071867335833193,204623.76057884973,308406.2173203717,325.0
2026-09-28 01:18:00+00:00,1.5078017034477464,1.5125494344020174,1.5076049343840092,1.511458644227032,255287.70607686997,385856.8101147749,269.0
2026-09-28 01:19:00+00:00,1.5109218053861104,1.5120639344833786,1.5067146341199944,1.511627931066291,343810.6496384996,519713.7809916026,410.0
2026-09-28 01:20:00+00:00,1.5115809283516837,1.5133579163804218,1.5109208821365445,1.5126000879936614,230919.39538205988,349288.69777434686,271.0
2026-09-28 01:21:00+00:00,1.5129673277220819,1.5192259953165326,1.5129534867248875,1.519013823784806,298169.01284029,452922.8523286698,349.0
2026-09-28 01:22:00+00:00,1.5185405111952743,1.5186128111771229,1.514115685524612,1.514186943509626,202062.26200766,305960.0389080199,306.0
2026-09-28 01:23:00+00:00,1.514058680423231,1.517436207167667,1.5126665465457525,1.5143580575482911,149464.93523756997,226343.42899794757,261.0
2026-09-28 01:24:00+00:00,1.5139881458694975,1.51448268793747,1.513106877022605,1.5138595297659598,125507.81235442,190001.1977928166,169.0
2026-09-28 01:25:00+00:00,1.5141858401084833,1.5164842225887498,1.5132128253960837,1.5164842225887498,88394.48255981001,134048.83816584828,187.0
2026-09-28 01:26:00+00:00,1.516861095683992,1.5199064821828956,1.516860834477473,1.5197851969182221,73760.6707133,112100.37546483279,146.0
2026-09-28 01:27:00+00:00,1.5197311823565107,1.520988845088773,1.5183421733339333,1.5184964425090972,138394.59330656,210151.6975985047,153.0
2026-09-28 01:28:00+00:00,1.5185181525557832,1.5187442365404973,1.5162746389064008,1.5178930015921341,68926.50446879002,104623.05875738534,207.0
2026-09-28 01:29:00+00:00,1.5181910279190551,1.5193974063647464,1.5167918146275576,1.5171350910506984,52898.06537882,80253.51123490187,171.0
2026-09-28 01:30:00+00:00,1.5170171489580344,1.5205237864321277,1.5167188637102909,1.5170660785282135,66555.75791057003,100969.4826568616,237.0
2026-09-28 01:31:00+00:00,1.5171044016901079,1.519041074237065,1.5162028406603516,1.5164067490084934,124150.20953157001,188262.21562449136,213.0
2026-09-28 01:32:00+00:00,1.516946099037973,1.51769317304588,1.5143144342858372,1.5167568538889278,43434.92330322999,65880.217618314,181.0
2026-09-28 01:33:00+00:00,1.5166052886239265,1.517960474294036,1.5160086117446754,1.5167385557723365,99301.55485703012,150614.4968997993,216.0
2026-09-28 01:34:00+00:00,1.5165879879876392,1.5182905141105636,1.5158097186885966,1.5158125524823642,54018.507856489996,81881.93227523475,162.0
2026-09-28 01:35:00+00:00,1.516263060048541,1.5174629463315956,1.513346455223288,1.5155903470451548,58048.73943622998,87978.10914768957,196.0
2026-09-28 01:36:00+00:00,1.516007235319424,1.5166883279532228,1.5135942489357188,1.5136547914052918,48236.94662378002,73014.08537984594,193.0
2026-09-28 01:37:00+00:00,1.5135042148323423,1.5144032479917209,1.5130097083419072,1.5130101765242943,279517.54455066007,422912.88942223147,206.0
2026-09-28 01:38:00+00:00,1.5133082310695989,1.5140370428831944,1.5123754802820872,1.512698921456481,125115.67188307007,189262.34191482305,191.0
2026-09-28 01:39:00+00:00,1.5127425420264504,1.5148240922803349,1.5117839270297315,1.514469768783732,83683.51830913001,126736.15862463733,193.0
2026-09-28 01:40:00+00:00,1.514600546331206,1.5146509000557777,1.5115350367548037,1.5115357842791304,107658.24079748004,162729.28343793048,190.0
2026-09-28 01:41:00+00:00,1.5114984415065396,1.5147994637261148,1.5110115575697352,1.5142301680799466,264150.1611975499,399984.14298851095,260.0
2026-09-28 01:42:00+00:00,1.5148133103029415,1.5159101952117269,1.512402333627892,1.512403825427277,100668.43861836009,152251.33166619882,175.0
2026-09-28 01:43:00+00:00,1.5125835105476517,1.512789897714445,1.5114012295053294,1.5115011107986396,22676.146962499988,34275.02132245193,118.0
2026-09-28 01:44:00+00:00,1.511360386845757,1.5113803894691369,1.5084363995924752,1.5085530520598809,277370.9201399799,418428.7481298242,379.0
2026-09-28 01:45:00+00:00,1.5086417964768937,1.5113551324181789,1.507947402702917,1.5091941981323655,177082.2222779999,267251.4624543434,299.0
2026-09-28 01:46:00+00:00,1.5088801241429923,1.5093546064453778,1.5081351354344226,1.508729212146591,61007.70106361,92044.10076057506,152.0
2026-09-28 01:47:00+00:00,1.5088227157611886,1.5118148424678297,1.5084489741504874,1.5113883326110997,137329.29201304005,207557.8896742514,172.0
2026-09-28 01:48:00+00:00,1.5113675638010549,1.5117961768964339,1.50811723941469,1.5081544053448523,137355.03041889006,207152.59422252525,242.0
2026-09-28 01:49:00+00:00,1.5081536043479868,1.5083249205296556,1.4952053014646909,1.4995379218286402,4711846.40045275,7065592.359310675,2381.0
2026-09-28 01:50:00+00:00,1.498476477224896,1.5059352053821826,1.4963164147692536,1.5051779630993272,583967.63118064,878975.2096164147,773.0
2026-09-28 01:51:00+00:00,1.5053213267606116,1.5079999267525215,1.5049126803938035,1.506057116769399,121416.79134961005,182860.62270738542,315.0
2026-09-28 01:52:00+00:00,1.506060874553769,1.5081293562259097,1.5045762243298908,1.5067099108075102,168304.74484784013,253586.42709816995,317.0
2026-09-28 01:53:00+00:00,1.5072037274926149,1.5089833000888906,1.5065121234654832,1.5086835616373455,140921.19899683006,212605.4964127427,307.0
2026-09-28 01:54:00+00:00,1.5088442699222129,1.510861074100951,1.5064040748560008,1.5064073808373524,241797.0342077598,364244.8369951511,365.0
2026-09-28 01:55:00+00:00,1.5063256754749752,1.5077993591974037,1.5057487028967758,1.5064930837776898,70033.01045859004,105504.24589199651,217.0
2026-09-28 01:56:00+00:00,1.5065180477412872,1.5100786936776198,1.505590148063429,1.5100786936776198,77211.42968101999,116595.33486969606,224.0
2026-09-28 01:57:00+00:00,1.5102181844924176,1.5112263153907008,1.5046335969200575,1.5046335969200575,270435.8092774897,406906.804449176,458.0
2026-09-28 01:58:00+00:00,1.5043677047722033,1.506058911838618,1.5040241880666538,1.504980408394266,93758.24252761003,141104.31812953117,154.0
2026-09-28 01:59:00+00:00,1.5051839581353594,1.5055005498938139,1.50430998959199,1.504710949705242,61389.04708214,92372.7713364667,141.0
2026-09-28 02:00:00+00:00,1.5046171646426323,1.504814108190811,1.5000820719954653,1.5001053501008716,144774.7531527,217177.3817638983,433.0
2026-09-28 02:01:00+00:00,1.5004835830692702,1.505199141072286,1.499694606975585,1.504816962486804,372017.48938834,559818.2283733286,478.0
2026-09-28 02:02:00+00:00,1.5044567366967485,1.5046505595407187,1.5006915270097336,1.5025156477470343,118383.54360735009,177873.1267057869,352.0
2026-09-28 02:03:00+00:00,1.5024465077915297,1.503840176134747,1.4988515376819103,1.503751922337378,528277.7705482298,794398.7129900049,581.0
2026-09-28 02:04:00+00:00,1.5043959809517014,1.507082458512092,1.502887550963769,1.5050779424907823,390404.66365323943,587589.4479100235,512.0
2026-09-28 02:05:00+00:00,1.5056299199945031,1.5069553759434848,1.5046520918783435,1.505617999309441,99228.20295977013,149399.76841536025,289.0
2026-09-28 02:06:00+00:00,1.5054432433927645,1.50645298204337,1.5036131858499666,1.505210622996708,83708.70077570004,125999.22564483646,282.0
2026-09-28 02:07:00+00:00,1.5054415226269426,1.505764563819343,1.503004933922717,1.503459597147823,86378.24436586004,129866.20047663215,283.0
2026-09-28 02:08:00+00:00,1.5032669555482014,1.5084173909455831,1.5020204115071412,1.5081301169470323,111526.09126860001,168195.85706755912,320.0
2026-09-28 02:09:00+00:00,1.5086179858432889,1.5101202391467532,1.507312551520375,1.507316423121424,226179.37993135987,340923.89394195896,410.0
2026-09-28 02:10:00+00:00,1.5075927859203313,1.5099835342624566,1.50675294029667,1.5094827697020918,191577.6500073498,289183.16174611234,242.0
2026-09-28 02:11:00+00:00,1.5095628622109247,1.5129237286325035,1.5095625657461238,1.512823578198932,158471.95469720004,239740.10954919722,224.0
2026-09-28 02:12:00+00:00,1.5126923565291668,1.51552989635219,1.512350617542876,1.5148573157700853,462036.7508576398,699919.7521913359,347.0
2026-09-28 02:13:00+00:00,1.5149944457078708,1.515962336749694,1.514706606033117,1.5150808805422105,118114.57457874999,178953.13365764113,188.0
2026-09-28 02:14:00+00:00,1.514861093929922,1.516007312367654,1.5120377035526946,1.512950093359735,111784.11624356998,169123.7891068447,234.0
2026-09-28 02:15:00+00:00,1.513395115279103,1.5138528229402444,1.5097085904564025,1.5117849004431057,167990.0866626701,253964.8764407534,228.0
2026-09-28 02:16:00+00:00,1.5114178903365598,1.511459163331367,1.509916927815319,1.5103275307994128,97064.13227766997,146598.63123212088,156.0
2026-09-28 02:17:00+00:00,1.5102479947186194,1.5126846898013668,1.509817985000448,1.51052788696805,56844.00113959003,85864.44892819435,182.0
2026-09-28 02:18:00+00:00,1.5100527270676074,1.510055561593332,1.5076434742752711,1.5076434742752711,20546.647185159993,30977.018546942832,117.0
2026-09-28 02:19:00+00:00,1.507649456179283,1.5093551129136396,1.5067955254795218,1.508893626019891,125762.15579636002,189761.71527564814,177.0
2026-09-28 02:20:00+00:00,1.508885192147558,1.5099324274637478,1.507227958854755,1.5090348043686213,39244.93290491998,59221.96964863559,146.0
2026-09-28 02:21:00+00:00,1.5087846380203218,1.511041040945187,1.5072282203391327,1.5072283699937432,78212.40747809006,117883.95943648812,191.0
2026-09-28 02:22:00+00:00,1.5073027361436842,1.5073833625045427,1.5056288335545207,1.505815966765795,48573.98566419,73143.48318259013,163.0
2026-09-28 02:23:00+00:00,1.5058072682788266,1.5062949660335663,1.504906309677937,1.505600733042966,38893.840141630004,58558.594228094065,136.0
2026-09-28 02:24:00+00:00,1.506038036990774,1.5090545535878528,1.5049619377116077,1.5081673246699339,307789.3074054198,464197.7763116439,306.0
2026-09-28 02:25:00+00:00,1.5076555973572545,1.507697392861321,1.5060664203281613,1.5064747179672517,121081.90033415999,182406.82165684254,152.0
2026-09-28 02:26:00+00:00,1.5062925363039814,1.5103018230200398,1.5062218870543345,1.5099548665879055,118843.8094185001,179448.78839530976,221.0
2026-09-28 02:27:00+00:00,1.510079166528873,1.511915812332006,1.5086172335052306,1.508884701463555,77036.42279985006,116239.07981817194,187.0
2026-09-28 02:28:00+00:00,1.5091701368373123,1.509193077034308,1.5066408218087075,1.5068939675196844,38706.258081140004,58326.22680772991,136.0
2026-09-28 02:29:00+00:00,1.5068555807345767,1.5074675918702096,1.5053535051806477,1.5057671434296886,137114.09723952002,206461.9025242926,136.0
2026-09-28 02:30:00+00:00,1.5057970235674527,1.5057974730775734,1.502931591059944,1.5033215340752348,58466.58018008,87894.06900845059,219.0
2026-09-28 02:31:00+00:00,1.5034300563504783,1.5046118951653622,1.5025950758915865,1.503412313849311,170887.32410488004,256914.10734003483,188.0
2026-09-28 02:32:00+00:00,1.5034330561578966,1.5038729655206733,1.501299038228935,1.5015889803802893,47484.365592369984,71302.00011385174,155.0
2026-09-28 02:33:00+00:00,1.5016931666851683,1.5030215592858316,1.5008394595317989,1.5014381698016561,56063.34616527006,84175.64785933978,146.0
2026-09-28 02:34:00+00:00,1.5015193403579945,1.5019249510752068,1.4957818144498003,1.4980957581072376,851352.8084497198,1275408.0309912087,1149.0
2026-09-28 02:35:00+00:00,1.4976455054647606,1.500869590201193,1.4966660591397856,1.4997182943532297,191245.8932980798,286814.964899056,337.0
2026-09-28 02:36:00+00:00,1.4997005399282215,1.5010482016373192,1.4974319644065825,1.4984294432799246,122369.55761963002,183362.14809839288,320.0
2026-09-28 02:37:00+00:00,1.4983882563320898,1.4984532672603512,1.4969137443753926,1.497607946231418,82431.56608518999,123450.1683894808,191.0
2026-09-28 02:38:00+00:00,1.4975114452121971,1.5007785766739632,1.4967238541016696,1.496725138997093,91598.45181405007,137097.70552330263,261.0
2026-09-28 02:39:00+00:00,1.4966023152906254,1.4984070387148838,1.495025637396814,1.4984017639570408,873373.8795943895,1308664.9617782373,592.0
2026-09-28 02:40:00+00:00,1.4983296511295758,1.50148584761315,1.4978530396647904,1.500956235797072,189528.3052723698,284473.69165861455,303.0
2026-09-28 02:41:00+00:00,1.5007056125457092,1.5022734059476468,1.4984442003824352,1.4984923451178187,193732.39380920015,290306.5091244371,338.0
2026-09-28 02:42:00+00:00,1.4984932226732137,1.5014846568421816,1.4976115097942093,1.5001238546691602,188455.34073330014,282706.3521738282,305.0
2026-09-28 02:43:00+00:00,1.5001230348530108,1.5007657881278895,1.4991503208224655,1.5005279274462948,63653.08801287,95513.23623150842,180.0
2026-09-28 02:44:00+00:00,1.5009227085509336,1.5015836906604643,1.4993406891073788,1.500393144410373,192218.20046376003,288402.8702067243,260.0
2026-09-28 02:45:00+00:00,1.5004067801313996,1.5018942112910652,1.4993347216416322,1.5006097444718276,120830.61398278996,181319.59677308847,237.0
2026-09-28 02:46:00+00:00,1.5006842866708947,1.500955085510735,1.4971298394782886,1.4978927302956986,221486.06132655998,331762.36112288147,279.0
2026-09-28 02:47:00+00:00,1.497778709446514,1.4982710232172702,1.494417791689065,1.495770318099658,235080.9201278699,351627.06267882424,288.0
2026-09-28 02:48:00+00:00,1.4958803945454306,1.4959148416848784,1.493350205668836,1.494589980655657,317832.8578489402,475029.8048641797,501.0
2026-09-28 02:49:00+00:00,1.49461181319877,1.4972857696513024,1.4940662401520362,1.4966950216259858,145262.65377670008,217413.8907357662,326.0
2026-09-28 02:50:00+00:00,1.4966997479624256,1.498564293337434,1.4965709795735507,1.4969498020413625,268553.98900489975,402011.8406783029,310.0
2026-09-28 02:51:00+00:00,1.4971166634346333,1.498010872025156,1.4931152521292361,1.4941376799475399,250096.53549972965,373678.6573144836,505.0
2026-09-28 02:52:00+00:00,1.4941455012379061,1.4980165638876861,1.49400133934423,1.4980165638876861,74713.3073654,111921.77197620107,208.0
2026-09-28 02:53:00+00:00,1.4982888895644408,1.4989819695277438,1.4969412750116777,1.498067853245368,58260.424728219994,87278.06940176788,224.0
2026-09-28 02:54:00+00:00,1.4975952512632855,1.4986708266735727,1.4967735326469178,1.4976529408488684,97506.12428530003,146030.33378665484,196.0
2026-09-28 02:55:00+00:00,1.4976814292000826,1.4981699457419941,1.4963792021024178,1.4967056893029944,15979.725641060002,23916.946280475444,105.0
2026-09-28 02:56:00+00:00,1.496514761419378,1.4972297111151232,1.4952621118601952,1.495262390079675,83831.40777420999,125349.95115220909,157.0
2026-09-28 02:57:00+00:00,1.4952929578122158,1.497033468039445,1.495041085434531,1.4951910810365163,188092.23145187003,281233.8268790922,290.0
2026-09-28 02:58:00+00:00,1.4958219445472738,1.4968679012604922,1.4949380375764143,1.4958509416476675,63452.06506065006,94914.83127046245,211.0
2026-09-28 02:59:00+00:00,1.4955263286954077,1.4962051731067523,1.4947580208057412,1.4959405553755871,114332.72225603001,171034.9560292883,175.0
2026-09-28 03:00:00+00:00,1.4966508554303997,1.5034168503924592,1.4965040871552393,1.5013448839389247,301104.55959602015,452061.79008016794,586.0
2026-09-28 03:01:00+00:00,1.5013705538602118,1.5023755917117585,1.5004266123549719,1.5006052265739724,73479.32028113003,110263.45205896662,217.0
2026-09-28 03:02:00+00:00,1.5001163521243137,1.5004597513272264,1.4976442603866431,1.4978152692091027,58143.33989493,87087.98229744095,192.0
2026-09-28 03:03:00+00:00,1.497953204145657,1.4989799076427743,1.4976030336856252,1.4987768297752306,54772.50891565999,82091.76727144844,135.0
2026-09-28 03:04:00+00:00,1.4987413116803137,1.5000953125867273,1.4980059999394237,1.5000907768938618,36389.92435013002,54588.18988949541,158.0
2026-09-28 03:05:00+00:00,1.499607143670804,1.5003267535524238,1.4977651391430984,1.497929263179884,49658.68641639999,74385.19955419896,179.0
2026-09-28 03:06:00+00:00,1.4975708007200303,1.4995372296817153,1.497395071140615,1.4983453767687147,80088.81823499002,120000.71053326722,160.0
2026-09-28 03:07:00+00:00,1.4982269454109662,1.5002921513846905,1.4981175572256251,1.499127756275991,130915.28282310997,196258.73420084565,218.0
2026-09-28 03:08:00+00:00,1.4994270569796977,1.500799920350355,1.4983601797159407,1.499207281209858,330616.3573340601,495662.4502023032,230.0
2026-09-28 03:09:00+00:00,1.4991150223164076,1.5006678672708096,1.4985164967191973,1.5004777188273102,225606.43046001997,338517.42212942295,206.0
2026-09-28 03:10:00+00:00,1.500703767739498,1.5014139650994491,1.5001912009179106,1.5009064518403017,54040.91514330999,81110.35820194823,146.0
2026-09-28 03:11:00+00:00,1.5007112697960125,1.5007112697960125,1.4966948467516634,1.4967811959822943,57064.090405900024,85412.4574853848,165.0
2026-09-28 03:12:00+00:00,1.4968716393374444,1.4977916165698992,1.495657771255089,1.4961479510523399,32617.87378399999,48801.16502961542,128.0
2026-09-28 03:13:00+00:00,1.4966176430295912,1.4995228511467604,1.4965494252548637,1.4990418057229846,69158.45460795,103671.41467651243,199.0
2026-09-28 03:14:00+00:00,1.4990008464862272,1.4995986780561967,1.498221119592301,1.4982510723361675,61796.60842383003,92586.83483774158,130.0
2026-09-28 03:15:00+00:00,1.4980609438484036,1.499285820978958,1.496817836020322,1.4969128593226477,121632.89111410001,182073.83882528773,230.0
2026-09-28 03:16:00+00:00,1.4973772887958046,1.4996211295713155,1.4968626559219753,1.4996211295713155,96938.16138788003,145370.51507905914,210.0
2026-09-28 03:17:00+00:00,1.4992624224599724,1.5011343094495968,1.4990980147739554,1.501116406484679,89617.84300565007,134526.81444954954,181.0
2026-09-28 03:18:00+00:00,1.5013353982743909,1.5015464788447415,1.4987345539845165,1.499110526465102,43801.05505848999,65662.62270845985,103.0
2026-09-28 03:19:00+00:00,1.4987186280075735,1.5013749795218976,1.4987186280075735,1.4993314279141776,40129.18523113997,60166.94859363762,147.0
2026-09-28 03:20:00+00:00,1.4992790614237257,1.5002097752428893,1.4991928382595874,1.5002097752428893,68872.90107308999,103323.79943918608,100.0
2026-09-28 03:21:00+00:00,1.5005234982568978,1.5005281299957418,1.4981894771980189,1.4981901201239864,96442.78726496002,144489.63103758253,177.0
2026-09-28 03:22:00+00:00,1.498029260762778,1.4982832726760267,1.4961313428995993,1.4965617616665954,123706.57902790005,185134.535839742,187.0
2026-09-28 03:23:00+00:00,1.4966126995670508,1.4984542026712269,1.4964034190439766,1.496787814990015,47277.89741995999,70764.98077654398,129.0
2026-09-28 03:24:00+00:00,1.4963946417764047,1.4981230861544508,1.4958242412002065,1.4967910184089308,124799.66183588005,186799.01293641707,171.0
2026-09-28 03:25:00+00:00,1.4966206568476468,1.4966222840074552,1.4934349607179063,1.4948092417832795,126876.93189825001,189656.81037061187,251.0
2026-09-28 03:26:00+00:00,1.4950253491508163,1.4959822634367896,1.4935641370692145,1.4940035857333953,138363.17594456003,206715.08099463335,238.0
2026-09-28 03:27:00+00:00,1.4938120663377394,1.4950119277682237,1.4931378743302175,1.4933577342754392,56936.29855663998,85026.26181057384,173.0
2026-09-28 03:28:00+00:00,1.4938260533617853,1.4949929513183784,1.49293072699291,1.493079026036393,81270.42496123006,121343.16694667716,174.0
2026-09-28 03:29:00+00:00,1.4927434598692795,1.4927444628342093,1.4883030153033387,1.489821655111995,937460.4982319298,1396648.951078009,957.0
2026-09-28 03:30:00+00:00,1.4901224240348854,1.4916271897738052,1.4887238942603178,1.4907819211745312,454289.86561232957,677247.1186276682,474.0
2026-09-28 03:31:00+00:00,1.4905627574678948,1.490599581016971,1.4856499192833303,1.4862521724662647,810710.8167425994,1204920.712625588,813.0
2026-09-28 03:32:00+00:00,1.486829178661889,1.4883112122181636,1.4835658899679385,1.4848155762814403,539473.1712304696,801018.1676289459,713.0
2026-09-28 03:33:00+00:00,1.4849076656776399,1.485598588365636,1.482855326100006,1.48539620851003,322224.6699962299,478631.3031007955,571.0
2026-09-28 03:34:00+00:00,1.4855964105964585,1.4892039538820878,1.4855947932729927,1.486676663733869,136473.27926478008,202891.63950618386,312.0
2026-09-28 03:35:00+00:00,1.4862969137405149,1.4891099082861525,1.4852988064902883,1.4888150132285705,150312.18088760998,223787.03157660234,239.0
2026-09-28 03:36:00+00:00,1.4886136261118066,1.4914982088945115,1.4885135100102134,1.4913965537989544,406769.4256720097,606654.5196380152,349.0
2026-09-28 03:37:00+00:00,1.491555460173586,1.4947471911698234,1.4910504247557634,1.4929858206484858,140599.6573904801,209913.29487202188,348.0
2026-09-28 03:38:00+00:00,1.492751562335617,1.4959785356151438,1.4926433923523295,1.4959785356151438,177480.60976435005,265507.1826953552,275.0
2026-09-28 03:39:00+00:00,1.4958844171390855,1.49605222069239,1.493179203431505,1.495087824538176,40836.64142306999,61054.365386663274,149.0
2026-09-28 03:40:00+00:00,1.4948085284776136,1.495387194107899,1.4928250096680702,1.4930231556956175,55214.61902226006,82436.70473314599,149.0
2026-09-28 03:41:00+00:00,1.4931207509726587,1.4957825997985061,1.4920703410865421,1.4956787324361747,330762.38941171,494714.27133286686,294.0
2026-09-28 03:42:00+00:00,1.4958407156639162,1.4973656000374445,1.4955092973756792,1.4973656000374445,89739.05821374997,134372.17874902688,196.0
2026-09-28 03:43:00+00:00,1.497718980537082,1.4989694032978846,1.497718980537082,1.4987581028815071,188199.91516564012,282066.14781611535,145.0
2026-09-28 03:44:00+00:00,1.4982589745098225,1.4983307437175675,1.4959734236494882,1.4964806184769481,105049.86174819009,157205.0820798494,149.0
2026-09-28 03:45:00+00:00,1.4957578001606882,1.4965699714565481,1.4951628097364003,1.4956388684706488,18722.423472430004,28001.984257333526,92.0
2026-09-28 03:46:00+00:00,1.4960129870131103,1.4960452268891875,1.4947717761893355,1.495736644006631,35759.23480466999,53486.397858982215,145.0
2026-09-28 03:47:00+00:00,1.4952259814452702,1.4979068818350347,1.4952202153643857,1.4975900708362295,85520.91122559008,128075.26750031035,197.0
2026-09-28 03:48:00+00:00,1.4969929523198648,1.497372975919588,1.4963015944983469,1.4968742747080113,12462.734757630002,18655.14705120573,116.0
2026-09-28 03:49:00+00:00,1.496909331844142,1.4991367418723014,1.4964523529897762,1.4984186745676948,124059.2573374001,185892.70794735962,225.0
2026-09-28 03:50:00+00:00,1.498261107779733,1.4987257994542216,1.4956092407207535,1.4982253318091834,86579.77673496005,129716.01472670054,198.0
2026-09-28 03:51:00+00:00,1.498055163293657,1.498442614440866,1.4960062668084033,1.4967597592885136,38424.506259069996,57512.25473910559,148.0
2026-09-28 03:52:00+00:00,1.4967790240718633,1.4967806329916402,1.4956202235842317,1.495908583960546,15743.149583079998,23550.312599904257,90.0
2026-09-28 03:53:00+00:00,1.496030827979654,1.4971689130724362,1.4948924799188523,1.4950378824973045,40395.109396309985,60392.21881510625,168.0
2026-09-28 03:54:00+00:00,1.4949751514966139,1.4965703838819933,1.494376500973466,1.4944636822113968,35819.75411358998,53531.32162850251,148.0
2026-09-28 03:55:00+00:00,1.4943822928958,1.4947480698544107,1.4941981100699806,1.4944435252218278,22350.60689185,33401.719754303595,81.0
2026-09-28 03:56:00+00:00,1.4944583900705672,1.4946391575977949,1.493677826252617,1.4940984202862038,27038.93184136,40398.825350402316,102.0
2026-09-28 03:57:00+00:00,1.4933413144807826,1.493370597425929,1.4922187182490618,1.4923940085762741,67855.52681479,101267.18166717932,115.0
2026-09-28 03:58:00+00:00,1.4925742505430883,1.4927507831404143,1.4911623698080616,1.491695980082013,136324.70788061005,203355.01873136073,202.0
2026-09-28 03:59:00+00:00,1.4915178688710902,1.491775474063593,1.4912763237383997,1.4914498755805838,234033.0527639699,349048.56742656714,170.0
2026-09-28 04:00:00+00:00,1.4921404568096097,1.4928115277291591,1.4882322122634262,1.4884218602403583,384920.7672615699,572924.4844526119,335.0
2026-09-28 04:01:00+00:00,1.4882059168528252,1.4889546608937312,1.4868543783994066,1.4869819439901482,75347.79171237002,112040.80579582474,245.0
2026-09-28 04:02:00+00:00,1.4870171956744476,1.4872557869584178,1.4854844608478621,1.4859185329507199,365223.95074515,542693.0370896992,393.0
2026-09-28 04:03:00+00:00,1.4860059568914015,1.4865547217894428,1.484767172978202,1.4851825661784486,79407.78067354001,117935.05147526356,267.0
2026-09-28 04:04:00+00:00,1.4853865023860138,1.4869435816922796,1.4841641570332698,1.4845825332823392,140745.94024069005,208948.96451172835,337.0
2026-09-28 04:05:00+00:00,1.484745934855349,1.4873718812406016,1.4838160711510155,1.4873222760957243,162849.48904130014,242209.67270193223,413.0
2026-09-28 04:06:00+00:00,1.4871252556402026,1.488837895193673,1.4860807784726513,1.4883145552420103,498861.29784454,742462.5306289486,557.0
2026-09-28 04:07:00+00:00,1.4889058833986675,1.4912703619630974,1.4885184047955708,1.491076804184851,404848.2726951204,603659.8686299972,523.0
2026-09-28 04:08:00+00:00,1.490910022489937,1.492392137924889,1.4894116799056243,1.4894120490040517,150727.47449936997,224495.31663531257,344.0
2026-09-28 04:09:00+00:00,1.489451538881683,1.490907061969437,1.4881877296630883,1.4891792421293366,469362.8489851402,698965.4117353574,369.0
2026-09-28 04:10:00+00:00,1.4893963251388072,1.4912405420644772,1.488603510891813,1.490526943225218,39765.227937989985,59271.14364506625,229.0
2026-09-28 04:11:00+00:00,1.490586393145522,1.4909399816858713,1.490094754375263,1.4906759844421038,56240.81051301,83836.82557730301,204.0
2026-09-28 04:12:00+00:00,1.4905891855295026,1.4930354598043474,1.489515081811792,1.4920086375544526,243076.5762763,362672.35139140335,326.0
2026-09-28 04:13:00+00:00,1.4918050551559858,1.49317074473402,1.4916112584851726,1.492399583700411,113811.12710949,169851.67871867743,149.0
2026-09-28 04:14:00+00:00,1.4926212766895615,1.4939864098338251,1.492604256146958,1.493283627437062,138773.3737531501,207228.00694978316,186.0
2026-09-28 04:15:00+00:00,1.4932102271924712,1.4937339052347607,1.4910064342934308,1.4916687316551436,182093.14732132,271622.6541078866,322.0
2026-09-28 04:16:00+00:00,1.4916937183738643,1.4918650372260984,1.4895799527758897,1.4900080312858184,74711.01470221001,111320.01193180577,224.0
2026-09-28 04:17:00+00:00,1.4901837060547374,1.494786975553049,1.4897238431133368,1.4946087522390656,25019.676376460004,37394.627290446115,207.0
2026-09-28 04:18:00+00:00,1.494915499847262,1.4974638747295115,1.494832530346856,1.4973809052291054,41945.84371328003,62808.905429989834,244.0
2026-09-28 04:19:00+00:00,1.4972659379746338,1.498129566606277,1.4966310972724857,1.497702816416974,93226.71266189998,139625.91011902355,184.0
2026-09-28 04:20:00+00:00,1.4976497205031243,1.4977315613582987,1.4969082180953515,1.4972615754595378,74339.14251862,111305.1416457401,141.0
2026-09-28 04:21:00+00:00,1.49704915555891,1.4977901004779648,1.496889880698492,1.497285321603756,71377.44218209999,106872.39647287907,152.0
2026-09-28 04:22:00+00:00,1.4970469987737713,1.4981162511581423,1.4958859182424222,1.4981162418176672,27912.04491107999,41815.4878236331,148.0
2026-09-28 04:23:00+00:00,1.4976996935453943,1.497756574228973,1.4971709652902945,1.4974458008350964,84931.64772402999,127180.53924235437,93.0
2026-09-28 04:24:00+00:00,1.4976287125893322,1.4997081427197656,1.4974316755926809,1.4980348001034902,207743.55185930984,311207.0701823503,207.0
2026-09-28 04:25:00+00:00,1.4979118102005036,1.4991024252702938,1.497317470227842,1.4991024252702938,82594.35550291999,123817.39864806419,130.0
2026-09-28 04:26:00+00:00,1.4987582583326435,1.4989644759013085,1.4976510638498026,1.4980679970101338,21659.160274300004,32446.894849042066,99.0
2026-09-28 04:27:00+00:00,1.4979013960931908,1.498258147593448,1.4974058276844668,1.4977862097697756,33099.49900894,49575.97316587869,87.0
2026-09-28 04:28:00+00:00,1.4977367693979895,1.4980136870193155,1.496827293536431,1.496870689022277,19418.50376385,29066.989108775826,96.0
2026-09-28 04:29:00+00:00,1.496697081799303,1.4974018779008842,1.4965148320192698,1.4967617192055604,8577.2009168,12838.025990201078,55.0
2026-09-28 04:30:00+00:00,1.496756172454496,1.4971532459069796,1.495766566613835,1.4962195919670005,13471.070707530002,20155.67991737915,92.0
2026-09-28 04:31:00+00:00,1.4960818311678608,1.4961695148015655,1.4940061141977992,1.4948614673973861,76797.37495729001,114801.43662092183,178.0
2026-09-28 04:32:00+00:00,1.49500848082708,1.4951690255955092,1.494516825345745,1.4946439660529662,22813.61929373,34098.23842120308,89.0
2026-09-28 04:33:00+00:00,1.4946517263317365,1.4946517263317365,1.4936061292820089,1.4941696901248793,20235.950338879997,30235.94364722677,100.0
2026-09-28 04:34:00+00:00,1.4938126897287978,1.4943848406184115,1.4927192820329949,1.4943848406184115,21988.32306583,32859.01666019651,100.0
2026-09-28 04:35:00+00:00,1.4944995023671677,1.4946490672320991,1.493438889657079,1.4938420899237044,32652.829385310004,48778.17089087364,103.0
2026-09-28 04:36:00+00:00,1.4937391788116903,1.4948157426146649,1.4934103919490727,1.4944424416072932,203828.83796436005,304610.4662774356,178.0
2026-09-28 04:37:00+00:00,1.4946191642303839,1.4954550938303677,1.4944004388713357,1.4950387539933345,192384.50532231,287622.2911246904,167.0
2026-09-28 04:38:00+00:00,1.4954289457559726,1.4966431160889035,1.495150142812339,1.4966431160889035,74977.96272005,112215.25176333328,116.0
2026-09-28 04:39:00+00:00,1.49687346077752,1.4973941041583332,1.4963520555097878,1.4963604498065952,11646.57701575,17427.47722199482,76.0
2026-09-28 04:40:00+00:00,1.4962962675119666,1.4971554603570894,1.4962029668908512,1.4968244281193546,31428.309759769993,47042.66178292565,104.0
2026-09-28 04:41:00+00:00,1.4963631315770514,1.4967030737312048,1.4960805526450593,1.4966761933866075,11541.795671060001,17274.330809808107,82.0
2026-09-28 04:42:00+00:00,1.496882127834173,1.498893838182125,1.4967024579821615,1.4986238682768547,187174.8434267401,280504.68790029583,219.0
2026-09-28 04:43:00+00:00,1.4986132812196797,1.499191931046675,1.4981069443265822,1.4982964983447233,181814.14142085993,272411.49144042673,141.0
2026-09-28 04:44:00+00:00,1.4982189711626777,1.4982212392147718,1.4973509530315532,1.4976235241400384,58032.360411600006,86910.62811378525,106.0
2026-09-28 04:45:00+00:00,1.4974002368382595,1.49740061653881,1.4965987925692616,1.496993490386659,68580.35878981001,102664.35067672707,83.0
2026-09-28 04:46:00+00:00,1.496826952761475,1.4970706677780217,1.4957439717047833,1.4957534122791378,19496.27291552,29161.616740114376,86.0
2026-09-28 04:47:00+00:00,1.4955367760208014,1.495539435666911,1.4944192579828555,1.4944211851165583,18125.28105701001,27086.8039977876,102.0
2026-09-28 04:48:00+00:00,1.494212683787373,1.494606070582293,1.4935280772930082,1.494606070582293,31989.132446989996,47811.15154793225,100.0
2026-09-28 04:49:00+00:00,1.4945080579756713,1.4946936145972585,1.4938725187777975,1.494148318683149,9071.449734000003,13554.091368074805,57.0
2026-09-28 04:50:00+00:00,1.4943452730070028,1.495387240779734,1.4937795954904107,1.495387240779734,24767.794066199996,37037.44322885548,109.0
2026-09-28 04:51:00+00:00,1.4954130047255254,1.4960161299558803,1.4952428382655463,1.4958130218475,34515.783688129995,51629.15869997638,80.0
2026-09-28 04:52:00+00:00,1.4958097915504602,1.4975117844272499,1.4955293809149497,1.4975103648878565,44420.99254809998,66520.89675938596,111.0
2026-09-28 04:53:00+00:00,1.497298347436529,1.497716266495204,1.4969528097507039,1.4974461732428244,33943.506830529994,50828.57440981881,95.0
2026-09-28 04:54:00+00:00,1.497493928804697,1.497494012733712,1.4961133894179148,1.4961856551682389,14322.556271230002,21429.20323835423,84.0
2026-09-28 04:55:00+00:00,1.4960189028641162,1.496110879074626,1.495132292434327,1.495794422065058,25316.42510317999,37868.167455964445,71.0
2026-09-28 04:56:00+00:00,1.495817933840907,1.4967199337723451,1.4955725791725873,1.4956101173561123,22308.75741344,33365.20329318404,69.0
2026-09-28 04:57:00+00:00,1.4954971228294947,1.4965816946856547,1.4952007194289787,1.4963882429780697,149153.13051204,223190.99090159024,140.0
2026-09-28 04:58:00+00:00,1.4967970367924175,1.496971992731469,1.496304134499735,1.496789716940069,77122.58018791,115436.2849691496,116.0
2026-09-28 04:59:00+00:00,1.4963819204547533,1.4965126997219693,1.4957311861579061,1.495998905470726,7938.699127920001,11876.285206229728,74.0
2026-09-28 05:00:00+00:00,1.4960561834573016,1.4990874619965706,1.495891058031051,1.498846736877005,160563.03344967996,240659.37874912622,218.0
2026-09-28 05:01:00+00:00,1.4990615706186994,1.499343834026176,1.4982026945334186,1.4982414834898734,29737.470627209994,44553.91210774764,124.0
2026-09-28 05:02:00+00:00,1.4979347970764778,1.4979496653535282,1.4942798839240279,1.4945595951352912,72656.15197951999,108588.94908659958,207.0
2026-09-28 05:03:00+00:00,1.4944524024897468,1.4946236945049085,1.492798386790262,1.4938072765559698,224435.43847393006,335263.29110938637,210.0
2026-09-28 05:04:00+00:00,1.4937528432226568,1.49376190999009,1.4923046498789787,1.4923162553412932,42908.14318951001,64032.51956821759,161.0
2026-09-28 05:05:00+00:00,1.492298257182891,1.4948912015218683,1.492200875135778,1.4940075078684596,469659.0557142298,701674.1553754705,293.0
2026-09-28 05:06:00+00:00,1.4937380690878768,1.4942979126934863,1.4927257027645793,1.4927257027645793,28809.449636119996,43004.605954337974,110.0
2026-09-28 05:07:00+00:00,1.4925633815262314,1.4925633852247262,1.4915251484741272,1.491736119971098,54056.635823140015,80638.23618150155,125.0
2026-09-28 05:08:00+00:00,1.4916789363947989,1.4916789363947989,1.4908226535751132,1.4909031114097808,26622.24030571999,39691.18090449681,97.0
2026-09-28 05:09:00+00:00,1.4909163853788454,1.4909854561969471,1.490198352572868,1.490198352572868,30283.18465871999,45127.95188908448,98.0
2026-09-28 05:10:00+00:00,1.4905141411371068,1.490777664222567,1.4897290942948753,1.49019428440959,61192.04376205002,91188.03386554844,253.0
2026-09-28 05:11:00+00:00,1.4901162944529887,1.4901173351741623,1.4888019704470308,1.4888019704470308,42488.804905330006,63257.41646499478,136.0
2026-09-28 05:12:00+00:00,1.4887915221172698,1.489176277103435,1.4877201675426555,1.4877201675426555,61105.13266312003,90907.33820329311,178.0
2026-09-28 05:13:00+00:00,1.4878159915954665,1.48781690860233,1.4846910484420728,1.486376768298462,291336.9644232601,433036.4956653294,344.0
2026-09-28 05:14:00+00:00,1.486292035769533,1.4876377897113588,1.4834036505345503,1.4870008799002918,214633.64918495007,319160.4251942313,391.0
2026-09-28 05:15:00+00:00,1.4868524201836992,1.4880081987602338,1.4862662852998707,1.4874466872471,183678.02745063006,273211.2734515216,241.0
2026-09-28 05:16:00+00:00,1.4872983174741385,1.4873888557974657,1.4832079039502877,1.4846781720964985,221440.89958855996,328768.47002854745,397.0
2026-09-28 05:17:00+00:00,1.4847138696859696,1.4860154847255231,1.4843664755523924,1.485949094877892,122716.68767390009,182350.7509754448,298.0
2026-09-28 05:18:00+00:00,1.4859833424604796,1.4860649989769361,1.4836297981961968,1.4849241602847238,241973.1047834601,359311.70943206694,301.0
2026-09-28 05:19:00+00:00,1.484842390386268,1.4857201532199318,1.4843332063971766,1.4853101870305747,73787.21752338002,109596.90586011729,182.0
2026-09-28 05:20:00+00:00,1.4851645041522035,1.4865668941095325,1.4838136789260592,1.4846284703248478,48179.93610117999,71529.30483424377,212.0
2026-09-28 05:21:00+00:00,1.4851901714212536,1.4854772330620232,1.4843735981772044,1.484587606649934,21826.61318268999,32403.51942616363,89.0
2026-09-28 05:22:00+00:00,1.4847633801979399,1.4849814800230194,1.4829364796315827,1.4831510636908094,41844.622776779994,62061.89678112192,159.0
2026-09-28 05:23:00+00:00,1.4832192151538828,1.4834693166191784,1.479880799913237,1.4802496501364786,896395.5565407102,1326889.2089532802,1013.0
2026-09-28 05:24:00+00:00,1.4805862658566271,1.48194327713061,1.479406187605274,1.479770586492515,239516.34714955004,354429.2454960345,277.0
2026-09-28 05:25:00+00:00,1.4800138183248495,1.481946914821914,1.4800059740344256,1.4805364823132205,102609.71076604007,151917.42022872996,196.0
2026-09-28 05:26:00+00:00,1.480370581414674,1.4831091990585763,1.4802939639200023,1.482949964743793,128643.03338851006,190771.18182802555,233.0
2026-09-28 05:27:00+00:00,1.483603191672329,1.4845937158027085,1.483282422992133,1.4840907155990573,88721.70469883001,131671.05821565486,184.0
2026-09-28 05:28:00+00:00,1.4835453309767148,1.4843669351881803,1.4831040916401064,1.4831826718739232,54929.320316969985,81470.21607194211,151.0
2026-09-28 05:29:00+00:00,1.4833436525273107,1.4833436525273107,1.4805517469542862,1.481345087163993,109011.95600082999,161484.32546396687,208.0
2026-09-28 05:30:00+00:00,1.4809156439209792,1.481524683717855,1.4785140863124413,1.4794743534921204,171459.63490764998,253670.13250499044,436.0
2026-09-28 05:31:00+00:00,1.479407625897284,1.480512502047628,1.4763352100495417,1.4782794700547197,816581.3829455691,1207135.494037326,812.0
2026-09-28 05:32:00+00:00,1.4782938013510947,1.4784997535938946,1.474870050861024,1.4754127806907025,373956.5712907701,551740.304705676,525.0
2026-09-28 05:33:00+00:00,1.4756582412329367,1.476308387868822,1.4733675649775906,1.4743968765204052,2974097.2180750836,4384999.648797929,1037.0
2026-09-28 05:34:00+00:00,1.4742750566699683,1.4746481821643178,1.4721938550945177,1.4726258206939589,276691.47535533004,407463.01097416517,364.0
2026-09-28 05:35:00+00:00,1.4731412726481903,1.475507120327812,1.4731412726481903,1.474615208329785,48510.877741309996,71534.87808676258,197.0
2026-09-28 05:36:00+00:00,1.4745033827946918,1.4748859418593685,1.472837846702951,1.474174098609384,237508.35858415006,350128.6704279838,278.0
2026-09-28 05:37:00+00:00,1.4738179017994526,1.4746243551018643,1.472464739448223,1.473933398324839,95674.82579824,141018.32112293685,251.0
2026-09-28 05:38:00+00:00,1.4739666578949544,1.4744192130509344,1.4706360772470983,1.4708421562339884,92208.90181406005,135624.73996816023,288.0
2026-09-28 05:39:00+00:00,1.4714226284658491,1.473472549683788,1.4708138210567379,1.471491299504895,226128.4438770301,332746.03773563076,333.0
2026-09-28 05:40:00+00:00,1.4714088293668306,1.4749996302450767,1.4710438190156654,1.4749988501199591,61591.80282888001,90847.83834941326,246.0
2026-09-28 05:41:00+00:00,1.4748252492970895,1.4779296400228898,1.474661688185318,1.4776981893791103,179612.67248152997,265413.3209155,231.0
2026-09-28 05:42:00+00:00,1.477632247177368,1.480910048494079,1.4770923286313453,1.4808367351451894,203536.45502376984,301404.25954042503,329.0
2026-09-28 05:43:00+00:00,1.4805082369769091,1.4807103842056282,1.4779309829449194,1.4807061937980324,155730.87473700993,230591.67078867613,257.0
2026-09-28 05:44:00+00:00,1.4811107422188352,1.4836874834171292,1.4810897117399018,1.4836870052159405,204702.1499917999,303713.91988259787,249.0
2026-09-28 05:45:00+00:00,1.483539249031855,1.4861164206850552,1.4821275452739584,1.4827698349390916,362023.1687365895,536797.0341516797,399.0
2026-09-28 05:46:00+00:00,1.4825341260893488,1.4832354510156014,1.480993632988579,1.4824951442012488,103036.28264484,152750.78869752272,223.0
2026-09-28 05:47:00+00:00,1.4829865743282524,1.4856689008102502,1.48295859746856,1.4846660912306806,158322.72196860003,235056.3767781232,301.0
2026-09-28 05:48:00+00:00,1.4843023744232327,1.4844329796978248,1.4817603488628346,1.4817603488628346,40947.2934333,60674.075802715466,194.0
2026-09-28 05:49:00+00:00,1.481481558898305,1.4819409605842346,1.4805675532382236,1.4813574894571009,98218.65576933004,145496.94132830595,285.0
2026-09-28 05:50:00+00:00,1.4810582309059945,1.4816485942987645,1.4793031041258238,1.4794790706895613,52139.15888912999,77138.79433982541,183.0
2026-09-28 05:51:00+00:00,1.4795396408470265,1.4805830240677353,1.4787893271671018,1.4803047957663988,115928.89720633003,171610.10250244022,199.0
2026-09-28 05:52:00+00:00,1.4807265279596338,1.4817575953556417,1.480467410674226,1.4817575953556417,22799.815945519993,33783.80044998492,158.0
2026-09-28 05:53:00+00:00,1.481506827728175,1.4817266420505353,1.480136879694206,1.480136879694206,18854.86139916,27907.775718419412,111.0
2026-09-28 05:54:00+00:00,1.4800278103834938,1.482685422718638,1.479934990950858,1.4817189366647372,23398.105499289995,34669.416000377314,113.0
2026-09-28 05:55:00+00:00,1.4814865575650635,1.4820285918597993,1.4807888567378367,1.4819286875645767,32384.26908251999,47991.177379196946,117.0
2026-09-28 05:56:00+00:00,1.482588843864826,1.4842314639426668,1.4825132930551161,1.4840682840351234,41955.17019568999,62264.337438719194,153.0
2026-09-28 05:57:00+00:00,1.4836674900769804,1.4839778709306388,1.48318965129782,1.4833802413730834,52235.15278773001,77484.59355042284,106.0
2026-09-28 05:58:00+00:00,1.4833466501248243,1.4841323524375356,1.483183084460444,1.4841323524375356,12225.90427684,18144.860075062676,71.0
2026-09-28 05:59:00+00:00,1.4840457596186523,1.4841810914237443,1.4837125255854098,1.4838468630658557,8015.699321020001,11894.070292774637,71.0
2026-09-28 06:00:00+00:00,1.4836540605279271,1.484026808223232,1.4827990740653885,1.4828001817602252,43137.28594250999,63963.97543619662,138.0
2026-09-28 06:01:00+00:00,1.4826425097666736,1.483404503760785,1.481964092646906,1.483054490714729,251215.06364831014,372565.6282788128,257.0
2026-09-28 06:02:00+00:00,1.483131357123361,1.4836339691726461,1.4830268079116582,1.4830305607119347,20579.203778730007,30519.588118975127,113.0
2026-09-28 06:03:00+00:00,1.4830391917712236,1.4846836114770487,1.4825061973817013,1.4831921601529319,103288.62804121005,153196.88334367503,236.0
2026-09-28 06:04:00+00:00,1.4832008551371547,1.484198433154285,1.4818287344622525,1.4819704544400167,40706.84028047,60326.33458926531,160.0
2026-09-28 06:05:00+00:00,1.4821331726834603,1.4839109867680695,1.481720249362981,1.4838734486751566,27376.109581100005,40622.68213541586,150.0
2026-09-28 06:06:00+00:00,1.4841060322849127,1.4877580365171283,1.4841060322849127,1.486320151397969,356584.12096461,529998.1646582308,334.0
2026-09-28 06:07:00+00:00,1.4863570381598779,1.4872375513976774,1.4839765123079136,1.4853968180836745,287334.92554385995,426806.3841271591,345.0
2026-09-28 06:08:00+00:00,1.4853525304738935,1.486307272135119,1.484846217677553,1.4861041701076865,27862.255232519983,41406.21368965266,143.0
2026-09-28 06:09:00+00:00,1.4863122396919066,1.4870418755643693,1.4863092069896031,1.4870300480054177,22890.692514969996,34039.14758941309,141.0
2026-09-28 06:10:00+00:00,1.4871308473339928,1.48781904612143,1.4868377678286837,1.4877259225269648,19209.168310899997,28577.977646309435,120.0
2026-09-28 06:11:00+00:00,1.487942369640152,1.4890287444438581,1.4875273593326457,1.4888100479831128,108712.45347907001,161852.19308053615,210.0
2026-09-28 06:12:00+00:00,1.488876695900209,1.4894966975513373,1.4886327858975252,1.48943182392359,154087.75581881005,229503.207193503,184.0
2026-09-28 06:13:00+00:00,1.4893427882677008,1.4901518753975629,1.4889540020410303,1.4889540020410303,146060.69330485002,217477.65383714397,180.0
2026-09-28 06:14:00+00:00,1.4892479036593929,1.489376036799027,1.487509849771943,1.4877882156339977,86581.91910415998,128815.55893014531,155.0
2026-09-28 06:15:00+00:00,1.487975193032642,1.488002635929199,1.4860648142908588,1.4872876993528497,160898.0400336801,239301.67579207476,228.0
2026-09-28 06:16:00+00:00,1.488078819985208,1.489345241753002,1.4879770131076622,1.4893064829483615,225367.77585232,335641.6896245134,208.0
2026-09-28 06:17:00+00:00,1.4883719537421685,1.4884137411192895,1.4858375737372989,1.4858375737372989,18573.633645680005,27597.40275158264,129.0
2026-09-28 06:18:00+00:00,1.4856805683813121,1.486027959678926,1.4849595878608977,1.484996137351716,9330.67819534,13856.02107895178,80.0
2026-09-28 06:19:00+00:00,1.4849685408456454,1.4851015582904508,1.4841989746933726,1.4841989746933726,10888.858004159998,16161.231885355992,108.0
2026-09-28 06:20:00+00:00,1.4840276715229561,1.4849037269546672,1.4810829664857013,1.481723551460393,208718.78380719994,309263.5375992983,325.0
2026-09-28 06:21:00+00:00,1.4820735585964377,1.48332635932077,1.4809342386976148,1.4826042517537474,34398.07539095999,50998.73282678323,147.0
2026-09-28 06:22:00+00:00,1.4824040221679007,1.482873888747248,1.4805110378052277,1.4813638904912438,44819.55665416,66394.07281529917,111.0
2026-09-28 06:23:00+00:00,1.481217560585823,1.481655877692888,1.4803568971403402,1.4816385992648688,68975.29683425001,102196.46218537673,107.0
2026-09-28 06:24:00+00:00,1.4818131421423049,1.4819078788876208,1.4808115720859754,1.4808582233905465,40291.38992017001,59665.836095118735,115.0
2026-09-28 06:25:00+00:00,1.4808089799379438,1.4810465129122021,1.4801284533388195,1.4802977406021556,56417.831150590006,83515.18798189229,119.0
2026-09-28 06:26:00+00:00,1.4803182852467442,1.4822859870670713,1.4798252943528496,1.4813949212414688,130118.71662821004,192757.2059714882,262.0
2026-09-28 06:27:00+00:00,1.4812492906352803,1.48153481144733,1.4789049765447881,1.4790930104347257,341393.6749006699,504952.9983522059,333.0
2026-09-28 06:28:00+00:00,1.4791087388267752,1.4801035856766003,1.4787487900213847,1.4799650805255207,35706.72082627998,52844.699962967745,146.0
2026-09-28 06:29:00+00:00,1.4795281478759013,1.4795393454663153,1.4785476036039202,1.4787636908718098,12429.433016720002,18380.194243248803,75.0
2026-09-28 06:30:00+00:00,1.478534253535868,1.480503184468188,1.47783938201242,1.4801094573423803,123452.66816246016,182723.46168140785,241.0
2026-09-28 06:31:00+00:00,1.4799156893712746,1.4811960907341533,1.4795723158604215,1.4808168774408654,73990.11669153004,109565.81356063677,178.0
2026-09-28 06:32:00+00:00,1.4818142613330494,1.4831948181378414,1.4813248918459119,1.4827796565575475,11705.877447949999,17357.23694197604,98.0
2026-09-28 06:33:00+00:00,1.4815638869662835,1.4816852780945005,1.4799390935390433,1.480934611818576,223806.43630781007,331442.69787600555,210.0
2026-09-28 06:34:00+00:00,1.4809051351426656,1.4819063589886157,1.4800189312481302,1.4817202695728793,247666.08911634004,366971.8643295241,229.0
2026-09-28 06:35:00+00:00,1.4816937048574412,1.4828398117600063,1.4811036372966222,1.4820695032583064,41676.12461676999,61766.913308507574,129.0
2026-09-28 06:36:00+00:00,1.4816043256492377,1.4820692054908404,1.4801353013916005,1.4802640356823291,53278.44259778,78866.16245465913,121.0
2026-09-28 06:37:00+00:00,1.4801832272359792,1.4801832272359792,1.4782998235170863,1.4783747406255716,57526.72706171001,85046.06019889358,113.0
2026-09-28 06:38:00+00:00,1.4783810602628722,1.4787784141089049,1.4780631943174969,1.4782031734559051,41996.71112087001,62079.67165358095,98.0
2026-09-28 06:39:00+00:00,1.477929130135803,1.4782715853797193,1.4775399499812227,1.4778260365151983,14674.039761840002,21685.678020906435,66.0
2026-09-28 06:40:00+00:00,1.4782539470277036,1.4796433082445646,1.4781722944267626,1.4785127083152023,139725.3735391101,206585.74045166298,174.0
2026-09-28 06:41:00+00:00,1.4793095124608084,1.4806662147879923,1.4789101834047906,1.4798164903131767,46798.19104847,69252.7348303524,134.0
2026-09-28 06:42:00+00:00,1.4794807856758172,1.480971782986885,1.4794807856758172,1.4807752735141686,61558.72881671,91154.64350074828,99.0
2026-09-28 06:43:00+00:00,1.4810528957540476,1.4819423091867905,1.4805576608942472,1.4807509750868035,14831.099135999992,21961.164507241036,80.0
2026-09-28 06:44:00+00:00,1.4804535883949053,1.4805147570128936,1.479173456233338,1.479173456233338,65603.36237071999,97038.752258426,89.0
2026-09-28 06:45:00+00:00,1.4789070420205934,1.480715321504453,1.4781543207745442,1.4806402661656113,116336.53914783998,172252.56428864386,169.0
2026-09-28 06:46:00+00:00,1.4806363467358086,1.4815847943622331,1.4796402579648968,1.4797094160361537,17204.60288597999,25457.81288954738,122.0
2026-09-28 06:47:00+00:00,1.4791592142268595,1.4791755997450824,1.4778383463198128,1.4781870813346898,61554.239676850004,90988.68189169887,148.0
2026-09-28 06:48:00+00:00,1.4778913535246292,1.4781647135503215,1.4775109227286012,1.4779565576238487,11211.94064206,16570.761195621923,94.0
2026-09-28 06:49:00+00:00,1.4778700628959862,1.478524648712352,1.4775757051677734,1.4783778505270013,23185.522091969997,34276.962313672906,131.0
2026-09-28 06:50:00+00:00,1.4785677963822332,1.4785833519537956,1.4768910689991863,1.4773305393408553,105670.38698053999,156110.08979031804,207.0
2026-09-28 06:51:00+00:00,1.4773805774877231,1.4782772349131084,1.4772337754287233,1.4773003134483076,45307.82543215995,66933.2647125911,167.0
2026-09-28 06:52:00+00:00,1.4774068650059609,1.478454356394272,1.4773015958515217,1.478454356394272,64981.96177669997,96072.86447580815,190.0
2026-09-28 06:53:00+00:00,1.4781020006512586,1.4795210386416573,1.4778824959193197,1.4794913645552181,50669.94842931998,74965.75114363714,190.0
2026-09-28 06:54:00+00:00,1.4793728941916338,1.4793728941916338,1.477662959071317,1.4783025683139628,20436.25474595,30210.967877656294,115.0
2026-09-28 06:55:00+00:00,1.4779119954291489,1.4781468272178038,1.477236796415589,1.4773279760521758,26812.979736890007,39611.565086627714,103.0
2026-09-28 06:56:00+00:00,1.4772182319667007,1.4776999236308297,1.477115724725147,1.4773077160396157,92977.69781779998,137356.67040583567,135.0
2026-09-28 06:57:00+00:00,1.477237163228722,1.477957493110841,1.4768667815047622,1.4779340446777514,51200.003338449984,75670.22802150976,120.0
2026-09-28 06:58:00+00:00,1.4780279830124858,1.4784263646617672,1.4776729292775859,1.4784263646617672,3864.566511000002,5713.477017851342,73.0
2026-09-28 06:59:00+00:00,1.4784480182838018,1.479961180010089,1.4784257812516293,1.4794946703269267,6097.6041870399995,9021.372896488832,100.0
2026-09-28 07:00:00+00:00,1.4794167310172794,1.4820383363122362,1.4792116620380122,1.4819455961504415,19474.825639810006,28860.632092714142,160.0
2026-09-28 07:01:00+00:00,1.4820133852195834,1.4853472045582965,1.481234039461135,1.4853472045582965,109788.57216086006,163074.1487515803,273.0
2026-09-28 07:02:00+00:00,1.4855615592147118,1.4869368124860964,1.4853334557274869,1.4868520397251235,39481.68727381999,58703.4272548687,225.0
2026-09-28 07:03:00+00:00,1.4871762275768334,1.4878867950897448,1.484804316339745,1.4854707116867716,39550.91279860999,58751.722582812625,171.0
2026-09-28 07:04:00+00:00,1.4853505150579616,1.4863426459125892,1.483492624412682,1.486337396871432,149889.23640887009,222785.97746300662,216.0
2026-09-28 07:05:00+00:00,1.4859149821670137,1.4859284080637407,1.483095230153306,1.483108656050033,120848.22088839005,179231.0424678177,254.0
2026-09-28 07:06:00+00:00,1.4831367857737472,1.4833162073009913,1.4822343810895693,1.4823973029295634,69570.77155172,103131.52411099852,139.0
2026-09-28 07:07:00+00:00,1.482307398843773,1.4835511086590036,1.4807632775912014,1.4811031233634497,83770.77860485003,124073.16183823142,201.0
2026-09-28 07:08:00+00:00,1.4810219824604047,1.4814500368900279,1.4802357656357423,1.480739943461607,174180.02816204005,257915.32505280033,197.0
2026-09-28 07:09:00+00:00,1.4806446247209695,1.4817370334266553,1.4801393320527576,1.4808554690486717,149056.94074991008,220731.78590916816,191.0
2026-09-28 07:10:00+00:00,1.4810472880514254,1.4822454768338593,1.480290167135923,1.4803966397410604,42027.369562149994,62217.17667696257,115.0
2026-09-28 07:11:00+00:00,1.4804615510459338,1.48111236229057,1.4802530579298967,1.4809967319228976,28605.179650249993,42364.17757808761,89.0
2026-09-28 07:12:00+00:00,1.4805046022737212,1.4805046022737212,1.4796022081253795,1.4797000720102833,128734.97925787001,190489.15807811258,131.0
2026-09-28 07:13:00+00:00,1.4794269026836502,1.4794270197447337,1.4785376023589951,1.4785376023589951,79302.04514287,117251.0556877038,97.0
2026-09-28 07:14:00+00:00,1.4781546221093265,1.4781950914383792,1.4771393538533069,1.4777916985338189,90366.20519541,133542.42786578054,135.0
2026-09-28 07:15:00+00:00,1.478122293842777,1.4794602120039249,1.4776574045503,1.4794602120039249,41678.34933928998,61661.4595494796,183.0
2026-09-28 07:16:00+00:00,1.4800137534654516,1.4814808333674172,1.4794230581333154,1.480747251775832,88729.76118841012,131386.35003046418,213.0
2026-09-28 07:17:00+00:00,1.4804005945689045,1.481403922582991,1.4790941763822403,1.4791612205723643,27292.227355959996,40369.60432798026,155.0
2026-09-28 07:18:00+00:00,1.4790732603030987,1.4798410642041957,1.4785397593434588,1.479028612571493,19518.961781449998,28869.10296245399,95.0
2026-09-28 07:19:00+00:00,1.480182256143731,1.4815414943376393,1.4801158436881356,1.480791513461058,56886.059131379996,84236.39359599142,156.0
2026-09-28 07:20:00+00:00,1.4804791100021515,1.4812113732267354,1.479480398514632,1.4811215913618643,29033.799753490002,43002.58769417081,132.0
2026-09-28 07:21:00+00:00,1.4800630719179326,1.4801357047607433,1.4784800898162933,1.4788376429477705,15540.836703070003,22982.374319404244,84.0
2026-09-28 07:22:00+00:00,1.4784420368349525,1.4784420368349525,1.4752296447104685,1.475244245306905,33964.224274010005,50105.526406546356,152.0
2026-09-28 07:23:00+00:00,1.4755271997200137,1.4755538074154806,1.4742561698583596,1.4744332730196266,52445.50010263999,77327.39037148665,94.0
2026-09-28 07:24:00+00:00,1.4740161666909408,1.474235685789978,1.4720600241984851,1.4720600241984851,141087.60593554,207689.42460757733,164.0
2026-09-28 07:25:00+00:00,1.4723995689896643,1.4754070486322572,1.47205598281373,1.4740970284030186,124731.09994771,183865.7437823592,251.0
2026-09-28 07:26:00+00:00,1.4742443084102408,1.4744197344280752,1.4732403143351886,1.4740054899698691,27701.326494619996,40831.907332517665,111.0
2026-09-28 07:27:00+00:00,1.4740358862635008,1.4745108635233277,1.4700131713536648,1.4706838656166787,389809.86231832963,573287.0751698264,676.0
2026-09-28 07:28:00+00:00,1.470743326394471,1.4724416986417654,1.470742261770212,1.4722395260411374,189317.49704881996,278720.70212644915,170.0
2026-09-28 07:29:00+00:00,1.4724324883900195,1.4731237492141136,1.4721535753422619,1.4727928249781996,75958.59624983,111871.27555216562,132.0
2026-09-28 07:30:00+00:00,1.4726699606045743,1.4736337816698122,1.472468654805878,1.4733761809308255,40793.068386599996,60103.535307898695,118.0
2026-09-28 07:31:00+00:00,1.4733024343356818,1.474052252879536,1.4726104790809482,1.4730229012835392,66178.93712100001,97483.08996183635,114.0
2026-09-28 07:32:00+00:00,1.4730991753892546,1.474508848526485,1.4716392551637336,1.471645931157956,59042.118360580025,86889.09325229404,160.0
2026-09-28 07:33:00+00:00,1.4724549687896682,1.473489599228345,1.472242476648919,1.4728169114916765,66363.61412676999,97741.45319361477,149.0
2026-09-28 07:34:00+00:00,1.4716077843222222,1.473738811287879,1.4700288717062997,1.4736908083724982,126979.02993486001,187127.82927105948,280.0
2026-09-28 07:35:00+00:00,1.4737857569508948,1.4763964696510241,1.473620980379961,1.4755434058006698,50157.857913869986,74010.0964938978,177.0
2026-09-28 07:36:00+00:00,1.4756407130778422,1.4772949613300241,1.4755616628002475,1.4757028252015685,71793.14442346002,105945.34605580418,142.0
2026-09-28 07:37:00+00:00,1.475796913995247,1.477255452729089,1.4753953666589634,1.4771071108205387,40231.15858543999,59425.73042310217,154.0
2026-09-28 07:38:00+00:00,1.476455227922341,1.4764908794437615,1.4744750066842902,1.4745838458780414,52920.37948117998,78035.53670068376,117.0
2026-09-28 07:39:00+00:00,1.4751403049900516,1.475532219982072,1.474256056145276,1.4744479827581043,6898.808810950002,10171.934734739067,69.0
2026-09-28 07:40:00+00:00,1.4743885497204747,1.4780049203476426,1.4743885497204747,1.4775782034194436,20350.579826879995,30069.573179145314,116.0
2026-09-28 07:41:00+00:00,1.4770470446697255,1.4783701049167461,1.473389374259619,1.4754084674061105,820516.3258618984,1210596.7348215962,529.0
2026-09-28 07:42:00+00:00,1.4755234577029819,1.4755341488257365,1.4728236691046468,1.4732187075821792,46385.17698751001,68335.51049251013,151.0
2026-09-28 07:43:00+00:00,1.4731572797678798,1.4737149369518066,1.4725336879083732,1.4732802001066692,153331.14544019004,225899.74063670798,220.0
2026-09-28 07:44:00+00:00,1.4739035549684956,1.474006671185131,1.4728031395295438,1.473355576383407,65881.80522176002,97067.32510568558,212.0
2026-09-28 07:45:00+00:00,1.473325412720307,1.4753619348910896,1.4732349791966708,1.4735460804321945,108084.32804961006,159267.23795365042,229.0
2026-09-28 07:46:00+00:00,1.473798541562381,1.474842405073425,1.4736260308968336,1.474299061392104,78847.28185982004,116244.47363925136,192.0
2026-09-28 07:47:00+00:00,1.475867578603681,1.4762626096892486,1.4751147165453997,1.4759032118922593,37645.089446440004,55560.50842597219,145.0
2026-09-28 07:48:00+00:00,1.4745760660476657,1.4764550976484037,1.4743270402782922,1.4758361863777625,21426.563471819994,31622.097721431892,133.0
2026-09-28 07:49:00+00:00,1.4761368178407372,1.4762969090659952,1.4727863873708904,1.4733602631103948,72808.48867333002,107273.13402840772,215.0
2026-09-28 07:50:00+00:00,1.4724487445957721,1.4730089062720928,1.4717166515514246,1.4728427398260922,64596.06097300002,95139.83942544665,168.0
2026-09-28 07:51:00+00:00,1.4732434771148943,1.4745074231172275,1.4732023001157342,1.4742753837456481,49185.16854845,72512.48323636051,154.0
2026-09-28 07:52:00+00:00,1.4735813694670448,1.4739399956360055,1.4724733469061109,1.4726224614782146,94962.30359679999,139843.62127036112,174.0
2026-09-28 07:53:00+00:00,1.471917738872125,1.4719236458714027,1.4708458020248485,1.4714605162024785,27036.54179492999,39783.20374589757,101.0
2026-09-28 07:54:00+00:00,1.4722964688119362,1.4742438941476987,1.4722964688119362,1.4742159603163913,12048.89682765,17762.676007527167,149.0
2026-09-28 07:55:00+00:00,1.4740546014576066,1.4766482541603254,1.4739092551204682,1.4765081173088896,36463.63446469999,53838.85227371373,181.0
2026-09-28 07:56:00+00:00,1.4768237964444275,1.4769868155961934,1.4748151726368326,1.4755713012357157,140580.67968686,207436.81645414137,219.0
2026-09-28 07:57:00+00:00,1.4758141047541673,1.475937342469113,1.4726352344459266,1.472655618416353,37679.70009459999,55489.22204455586,146.0
2026-09-28 07:58:00+00:00,1.4724029785023212,1.4727823043347212,1.4713130670021386,1.472329118161549,26478.512017099998,38985.08424836682,89.0
2026-09-28 07:59:00+00:00,1.472038121775641,1.4726217236925458,1.470757360367985,1.4710325901626835,129538.29101265002,190555.04775358603,198.0
2026-09-28 08:00:00+00:00,1.4710654298797106,1.4747860268526825,1.470043647819065,1.4747860268526825,95554.12030357009,140921.88143190538,324.0
2026-09-28 08:01:00+00:00,1.4750344493110077,1.4776003948478529,1.4748108916326612,1.4773254253931056,87058.69247728001,128614.01989816526,291.0
2026-09-28 08:02:00+00:00,1.4777762932405354,1.479537532059444,1.4774798172411008,1.479300268520794,114226.61963124007,168975.46909271606,245.0
2026-09-28 08:03:00+00:00,1.4798528095817736,1.480530290648952,1.4770162727439895,1.477037392688945,79733.23406850998,117768.96815920934,202.0
2026-09-28 08:04:00+00:00,1.4777181789741975,1.4793840486162881,1.4768775002864498,1.4786489870519106,55953.88771089,82736.15938532384,191.0
2026-09-28 08:05:00+00:00,1.4772478598573004,1.4789338098900697,1.4766336736665713,1.4783774376953356,140836.87709711,208210.06149583837,164.0
2026-09-28 08:06:00+00:00,1.4753278614988061,1.4761569372393057,1.474670317325053,1.4749727560893056,43463.92082385999,64108.099088016126,151.0
2026-09-28 08:07:00+00:00,1.475222126605598,1.4763112107225689,1.4740837582183874,1.4742080409878915,84879.82651245,125130.52276231101,196.0
2026-09-28 08:08:00+00:00,1.474985925408729,1.4780123271109555,1.474985925408729,1.4773035179000513,56612.00857024001,83633.11941620342,259.0
2026-09-28 08:09:00+00:00,1.4779512810605115,1.4796153287196983,1.4773794503018045,1.4782979337129696,43060.33066840002,63655.997852092965,170.0
2026-09-28 08:10:00+00:00,1.4766373180167403,1.4775011844852888,1.4755941173952316,1.477412436896425,27061.90388213,39981.59336155451,150.0
2026-09-28 08:11:00+00:00,1.4776750127865483,1.4786505792743396,1.4775265574274346,1.4784475947910427,16891.77617822,24973.60586243799,104.0
2026-09-28 08:12:00+00:00,1.4775653721675786,1.4783933831415337,1.4769864453099473,1.4776794627445986,122316.62603554002,180744.76624492876,180.0
2026-09-28 08:13:00+00:00,1.4781561973118125,1.4794731495716755,1.4776977884656088,1.4794731495716755,32597.24403443,48226.74729897467,132.0
2026-09-28 08:14:00+00:00,1.4784446522321295,1.4801047859160557,1.4782404109209757,1.4799453439570986,47154.39070204001,69785.92096661801,124.0
2026-09-28 08:15:00+00:00,1.4804008772042558,1.480937720621685,1.479108678271541,1.4800467946267317,50525.17181657,74779.61859507932,157.0
2026-09-28 08:16:00+00:00,1.4800307414182645,1.4816792619982646,1.4795901437358328,1.4816792619982646,207859.5201450799,307981.1404078754,261.0
2026-09-28 08:17:00+00:00,1.4823834952141146,1.4825744511320507,1.4812004552689135,1.4815965969603901,51761.461712309996,76689.60552665402,115.0
2026-09-28 08:18:00+00:00,1.4817300029851774,1.482325772920079,1.480137733937969,1.4802013869101347,25012.965665719992,37024.226469134315,122.0
2026-09-28 08:19:00+00:00,1.4795802544101213,1.480548883855243,1.47927439904682,1.4799384152124992,21876.167458170003,32375.38059896736,90.0
2026-09-28 08:20:00+00:00,1.4790972390356094,1.4793189684130246,1.4786509108113666,1.4788071306431545,104214.85030613998,154113.66375162874,127.0
2026-09-28 08:21:00+00:00,1.4787895972832552,1.4793517467851869,1.4780370989937954,1.4783688434487465,29953.68321639,44282.592013644615,121.0
2026-09-28 08:22:00+00:00,1.4778548367115512,1.478008269583021,1.4774185238059296,1.4774828484821165,13704.32107639,20247.899340458203,62.0
2026-09-28 08:23:00+00:00,1.4784084281153032,1.4788098521792876,1.4778217015106245,1.4780253819298783,27163.653507329993,40148.569349782294,96.0
2026-09-28 08:24:00+00:00,1.4777559633906034,1.477849915901103,1.475526697946902,1.475811856247719,80118.09455936002,118239.23385067937,176.0
2026-09-28 08:25:00+00:00,1.4761604829296602,1.478132053527513,1.4761604072580827,1.4770495347042731,48777.85583129002,72047.30925947904,145.0
2026-09-28 08:26:00+00:00,1.47690764023957,1.4802352519510105,1.4768190583784502,1.4801544719559239,76253.02039726001,112866.24914115069,206.0
2026-09-28 08:27:00+00:00,1.4791258644577732,1.4796654155329538,1.4761179706265193,1.4762785061642618,106858.22808343,157752.50532636602,146.0
2026-09-28 08:28:00+00:00,1.475917323706985,1.4771061629820224,1.4758182861526674,1.4763115051458335,32658.058076000016,48213.46687331963,76.0
2026-09-28 08:29:00+00:00,1.4766449567747346,1.477196119403316,1.4761639700826505,1.4771553012392613,31749.0232163,46898.23795312593,91.0
2026-09-28 08:30:00+00:00,1.4777776294721612,1.4795728724815755,1.4777213622596,1.4784107632446042,85849.60582448001,126920.98127121791,183.0
2026-09-28 08:31:00+00:00,1.4788761133625057,1.479697918894602,1.4785345234916183,1.479618382035587,54974.66028919002,81341.51791004738,137.0
2026-09-28 08:32:00+00:00,1.4791146901732184,1.4796807615961927,1.478837258178611,1.4796159902657813,62127.18184622999,91924.37168983187,123.0
2026-09-28 08:33:00+00:00,1.480257490757038,1.4808848985135745,1.4795193952074401,1.4803288295466184,56155.93761598001,83129.2534031566,159.0
2026-09-28 08:34:00+00:00,1.4789460685500264,1.47899510501906,1.4781209994314486,1.4789283699679439,62255.86847736002,92071.97008816076,145.0
2026-09-28 08:35:00+00:00,1.4787521607765386,1.4797046226081676,1.4786284332613013,1.4790577149204835,16774.22821474,24810.051652848048,92.0
2026-09-28 08:36:00+00:00,1.4784451252173176,1.4785134570858922,1.4770423616518977,1.4780141578924795,20736.253727209998,30648.476590467075,112.0
2026-09-28 08:37:00+00:00,1.4773908598262568,1.477586607350001,1.4761897885044297,1.476271307034419,14229.992187560001,21007.329165818774,85.0
2026-09-28 08:38:00+00:00,1.4754276636019847,1.478295314892775,1.4740558190209807,1.4782134242858294,55179.895160060005,81567.66177628536,179.0
2026-09-28 08:39:00+00:00,1.477522724707373,1.477730025569581,1.475442580724963,1.4768078203887145,65149.83581264997,96213.78702516222,177.0
2026-09-28 08:40:00+00:00,1.4769903793111916,1.47838054846562,1.4760825173918608,1.4763556251691374,103934.72409665005,153444.6145704916,218.0
2026-09-28 08:41:00+00:00,1.475841379898701,1.475888218108051,1.474697928606816,1.4755587472913718,42505.19887163,62718.91800039299,144.0
2026-09-28 08:42:00+00:00,1.4756260459112047,1.476129910634341,1.47216511470783,1.4743319461144613,283826.4724528799,418454.43549025693,370.0
2026-09-28 08:43:00+00:00,1.4741975059091437,1.4745934783240697,1.4736479731274048,1.4741806469191174,16098.881778800003,23732.65995534578,94.0
2026-09-28 08:44:00+00:00,1.4742104742062923,1.4753788718599903,1.4742104742062923,1.4750273976451032,18078.287316859994,26665.969094868473,79.0
2026-09-28 08:45:00+00:00,1.4758048553233472,1.476431855393984,1.4753291899531256,1.476074424095085,9564.394055879995,14117.757447851518,96.0
2026-09-28 08:46:00+00:00,1.4754389349442252,1.4774807048387266,1.4747314986007842,1.4770260821643886,153321.6649345801,226460.09806924395,205.0
2026-09-28 08:47:00+00:00,1.47816929334122,1.4790972537131872,1.4777810268269762,1.4789462698615616,33516.31267753999,49568.82561396153,137.0
2026-09-28 08:48:00+00:00,1.4792858917390403,1.4794229278302582,1.4783840498526368,1.4786560742917327,35283.72113979999,52172.48858698088,112.0
2026-09-28 08:49:00+00:00,1.4777366941980985,1.478070620728938,1.4769548564345751,1.4771921874317986,55323.1179164,81722.87757047424,122.0
2026-09-28 08:50:00+00:00,1.477285599812817,1.4791365573111301,1.477260567547341,1.4787481853682996,29016.248816789997,42907.725284023276,130.0
2026-09-28 08:51:00+00:00,1.4788609274444384,1.481231443646017,1.4788588567756964,1.4811602206713892,43826.115128690006,64913.4983551802,157.0
2026-09-28 08:52:00+00:00,1.4813846444848167,1.482547421254698,1.4807841136080446,1.482547421254698,19318.092683209998,28639.988491052234,104.0
2026-09-28 08:53:00+00:00,1.4826922185889593,1.48435435879863,1.4821218505742273,1.4842603966404138,163953.7888538298,243350.1156748841,204.0
2026-09-28 08:54:00+00:00,1.4838738475019513,1.483923742269267,1.483068378708177,1.4830752285334459,106926.98672860999,158580.765278926,144.0
2026-09-28 08:55:00+00:00,1.4822337690631153,1.4838210789305288,1.4818004667655165,1.482532365432869,84922.36210716,125900.15037287457,206.0
2026-09-28 08:56:00+00:00,1.481754895332076,1.483682980479702,1.481651411522198,1.4825031752707383,105150.72080478999,155886.27747510804,163.0
2026-09-28 08:57:00+00:00,1.4821454432181844,1.4831898628936908,1.48214056321447,1.482718846066167,22013.53859219998,32639.88853925979,99.0
2026-09-28 08:58:00+00:00,1.4838172167799535,1.4839906446772904,1.4812054053806127,1.4813468491714892,43086.82018355999,63826.52531973512,136.0
2026-09-28 08:59:00+00:00,1.4807303103512317,1.4809673884080663,1.4804925278417427,1.480746010119335,7097.709074429999,10509.90439295002,52.0
2026-09-28 09:00:00+00:00,1.480462725009586,1.4824748255170446,1.4803079006270006,1.4821504225410604,98608.46827373003,146152.5829180357,243.0
2026-09-28 09:01:00+00:00,1.482296774279431,1.482296774279431,1.47957608550404,1.4804268444437012,66090.61369994999,97842.3186871646,191.0
2026-09-28 09:02:00+00:00,1.4800455102121286,1.4800586420304853,1.4742604305879432,1.474267026956079,137342.1740969201,202479.03868155056,270.0
2026-09-28 09:03:00+00:00,1.4746633798817093,1.475072851554097,1.4716172233399027,1.4726880923523018,120224.17579564004,177052.7121071089,280.0
2026-09-28 09:04:00+00:00,1.472011746653395,1.4747285418729583,1.4711566395848086,1.4745503957947779,112711.67132267002,166199.039559534,310.0
2026-09-28 09:05:00+00:00,1.474918816793057,1.4754090075328465,1.4727076411067541,1.474240662804092,155052.2333510501,228584.30726470682,327.0
2026-09-28 09:06:00+00:00,1.4740258716533392,1.4740288009342357,1.4718377626112995,1.4719524494255052,105636.78995304002,155492.33172082485,240.0
2026-09-28 09:07:00+00:00,1.471936643331035,1.4743619814814646,1.4710310527261587,1.4720704198215835,96672.06478513,142308.08699326564,318.0
2026-09-28 09:08:00+00:00,1.4719417916801059,1.4728394125065487,1.4697189126832557,1.472412918334105,465345.5349878593,685180.7772052193,452.0
2026-09-28 09:09:00+00:00,1.4725788100504191,1.4730201069614937,1.4702254553959944,1.470420546066481,64067.39732802003,94206.01736412542,219.0
2026-09-28 09:10:00+00:00,1.4704742305754668,1.472739026288981,1.4698860824086104,1.4725463805860193,147799.20170746997,217641.1795278379,264.0
2026-09-28 09:11:00+00:00,1.4724724936464637,1.4758524111778777,1.4723700918239164,1.474801708073951,58428.03754310996,86169.7695679875,264.0
2026-09-28 09:12:00+00:00,1.475323277465768,1.477470458336541,1.4753086668377224,1.4764136697525596,146307.52103352005,216010.42404149915,355.0
2026-09-28 09:13:00+00:00,1.476084158578933,1.4791965956851791,1.4759930295280639,1.4791772525665334,60281.167300750014,89166.53142942696,225.0
2026-09-28 09:14:00+00:00,1.4799079632316237,1.482785042054966,1.479852870836842,1.4818102203442556,328426.6236964301,486665.92762652703,508.0
2026-09-28 09:15:00+00:00,1.4812025191082299,1.4856278860246017,1.4810864530401973,1.4848373138416113,183175.1324289601,271985.2715983985,357.0
2026-09-28 09:16:00+00:00,1.4850695549588113,1.4865129790261873,1.4812808591357398,1.4815812859447175,118785.0282597801,175989.67492010462,292.0
2026-09-28 09:17:00+00:00,1.4810167865945152,1.481529853616693,1.479450975281096,1.4811224735225665,97840.67425004007,144914.02145633503,235.0
2026-09-28 09:18:00+00:00,1.4814798890747312,1.4828911969744436,1.4811207993281275,1.4828266277676625,32650.141022229986,48414.49850813191,158.0
2026-09-28 09:19:00+00:00,1.483122221133548,1.4848875465208375,1.4829723170021625,1.484259356206605,155949.37231426005,231469.3149519878,247.0
2026-09-28 09:20:00+00:00,1.4846130430576807,1.4854659008748234,1.4829477743131547,1.4833866577311297,118780.78012021007,176197.8244252146,243.0
2026-09-28 09:21:00+00:00,1.4833182001213936,1.4866662722292896,1.4832952530938652,1.485751175579801,62384.340428359996,92687.60712920637,176.0
2026-09-28 09:22:00+00:00,1.4857318834317386,1.4858288165593634,1.4843651861689882,1.4847838568139018,15031.479709770005,22318.498417092218,103.0
2026-09-28 09:23:00+00:00,1.4851686567058775,1.485332948524786,1.4836557871875242,1.4838439057228279,27385.357610289993,40635.595996069074,104.0
2026-09-28 09:24:00+00:00,1.483785643072462,1.4840148603626164,1.4827701360805972,1.4828779554986136,30512.78053362,45246.72961427232,98.0
2026-09-28 09:25:00+00:00,1.4825246637671918,1.483101351157434,1.4817059680035516,1.4819279954708773,21552.282833960002,31938.931297951745,83.0
2026-09-28 09:26:00+00:00,1.482465222373458,1.4824667648421799,1.480611639912645,1.480611639912645,20891.194815069997,30931.746214875337,81.0
2026-09-28 09:27:00+00:00,1.4796736485130373,1.4797691300535563,1.4783107080947748,1.4785065662413532,106865.19355703003,158000.89037672206,139.0
2026-09-28 09:28:00+00:00,1.479021772345206,1.481061366842557,1.479021772345206,1.481061366842557,15456.055017760002,22891.365970597388,132.0
2026-09-28 09:29:00+00:00,1.4809962715097655,1.482422291499724,1.4805453407430789,1.4821879020009534,28561.09957424999,42332.916256797915,156.0
2026-09-28 09:30:00+00:00,1.4825138697931664,1.4840297527450406,1.482449814370526,1.4839119203280984,22589.550152860007,33520.90274667838,125.0
2026-09-28 09:31:00+00:00,1.484177157906259,1.484241909830133,1.4828429749246923,1.4830022469182658,17382.008205489998,25777.5572246934,108.0
2026-09-28 09:32:00+00:00,1.4824952127254447,1.4834189586040574,1.4824434784237257,1.4830230857011708,17301.367423530006,25658.327303293183,90.0
2026-09-28 09:33:00+00:00,1.4829672150492894,1.483027571284638,1.4816915748510757,1.4821005184297282,14106.889690579997,20907.828523839602,65.0
2026-09-28 09:34:00+00:00,1.4809486736397075,1.4809486736397075,1.4786461353121663,1.47874038141574,57032.7751293,84336.66764789922,132.0
2026-09-28 09:35:00+00:00,1.4790296082841727,1.4809048164291205,1.4789867360579771,1.4805297867115097,10686.67251604,15821.936980828454,99.0
2026-09-28 09:36:00+00:00,1.4801208545666231,1.4806671432030336,1.4788524958191327,1.4797452511574793,26077.404139459995,38587.91493788032,122.0
2026-09-28 09:37:00+00:00,1.4799625393182685,1.4803616177892192,1.4787072038586568,1.4787917166264037,87002.77418853002,128658.98179351568,144.0
2026-09-28 09:38:00+00:00,1.4790671588552142,1.4794154461085076,1.4770434782332034,1.4770434782332034,49653.85301527999,73340.89976536938,176.0
2026-09-28 09:39:00+00:00,1.4771862646344136,1.4789029548305614,1.4770869886278593,1.4771651359476254,51610.494915710005,76237.223738489,154.0
2026-09-28 09:40:00+00:00,1.4777378055623873,1.478571937176195,1.4776487875428979,1.4782272246898587,21223.67257089999,31373.410602207772,123.0
2026-09-28 09:41:00+00:00,1.4776095275502534,1.4784959433049474,1.4765277507622456,1.4784959433049474,47133.08707078003,69686.07802958714,98.0
2026-09-28 09:42:00+00:00,1.4778165020517935,1.4786955388488732,1.4768134248323255,1.4786882103237837,55630.2057191,82259.7293347199,134.0
2026-09-28 09:43:00+00:00,1.4788173643959222,1.4793034827530542,1.477834996651085,1.4778423621290846,115823.97578736003,171169.57796877404,150.0
2026-09-28 09:44:00+00:00,1.4779529164643486,1.4784249588036076,1.4764727601165952,1.4768071745170046,78003.98227698999,115196.8406675561,171.0
2026-09-28 09:45:00+00:00,1.477341253792803,1.4788362378472877,1.4771294843716758,1.4774964804312738,42897.790188779996,63381.33402220167,143.0
2026-09-28 09:46:00+00:00,1.4768704658796659,1.477720488748018,1.475929653155611,1.4761425242193393,103565.05985464004,152876.78887475532,177.0
2026-09-28 09:47:00+00:00,1.4765720622462672,1.4783507069307757,1.4759845705091938,1.4773856018731226,161860.93052382997,239131.00826169222,221.0
2026-09-28 09:48:00+00:00,1.4773344303498337,1.4792224545362405,1.477038986637819,1.4789256601121095,252996.0611110099,374162.3666843639,285.0
2026-09-28 09:49:00+00:00,1.4788013298594314,1.47999660238621,1.4786049599836968,1.47999660238621,150491.30332470007,222726.61760922865,153.0
2026-09-28 09:50:00+00:00,1.4800139310403755,1.4817106418987946,1.4800138457567187,1.4815113716988124,307220.41149429017,455150.5332467794,226.0
2026-09-28 09:51:00+00:00,1.481182905769388,1.4812219172252332,1.4799776791594097,1.4799776791594097,20384.39373199,30168.447726542177,86.0
2026-09-28 09:52:00+00:00,1.480462586545117,1.480995873029987,1.4779406736221192,1.4779406736221192,22289.975038919994,32943.26072404164,121.0
2026-09-28 09:53:00+00:00,1.4777285566199194,1.4777285566199194,1.4764878515404978,1.476546019616106,40305.568260299995,59513.02638311122,105.0
2026-09-28 09:54:00+00:00,1.476587342051563,1.4776280903895311,1.4763363736523414,1.4765259933391524,11336.66296511,16738.877545710224,96.0
2026-09-28 09:55:00+00:00,1.4765153962921689,1.476740013659894,1.47611904888579,1.4766531217492154,82257.3216772,121465.53084136678,109.0
2026-09-28 09:56:00+00:00,1.4766115875218775,1.4769604902179254,1.476211365781614,1.4768365922715678,41963.38688559999,61973.06528830289,118.0
2026-09-28 09:57:00+00:00,1.4766725727194143,1.4780679529339014,1.4761884733571962,1.4775932125668978,46275.17844363996,68375.88957864443,135.0
2026-09-28 09:58:00+00:00,1.477634361216974,1.4788324725665354,1.4771667052462758,1.4781826440340609,30245.653890349997,44708.600638176635,115.0
2026-09-28 09:59:00+00:00,1.478143005350188,1.4788818776879191,1.4775401871354983,1.4785875851055987,85619.72953046006,126596.26912383745,148.0
2026-09-28 10:00:00+00:00,1.4790011703794492,1.4824991097398232,1.4789149302312943,1.482072952554343,42273.36061548,62652.20438177892,172.0
2026-09-28 10:01:00+00:00,1.4820591426395051,1.4827550811595638,1.481514539511888,1.482707305125944,86261.90853078,127901.16193269349,166.0
2026-09-28 10:02:00+00:00,1.4830947205426308,1.4846746703450546,1.4830574300555426,1.4839322881205583,47440.01924698999,70397.77630966919,171.0
2026-09-28 10:03:00+00:00,1.4839018245711535,1.486826246228111,1.4838686565894421,1.486791373619517,122971.12323962002,182832.40523696956,200.0
2026-09-28 10:04:00+00:00,1.4868307669394054,1.4884226178751885,1.4864668948615756,1.4875435901972967,106671.0675398601,158677.8627784218,176.0
2026-09-28 10:05:00+00:00,1.4874402357101377,1.4876219096279129,1.4840792184966338,1.4845676989177488,64746.63697929004,96120.76587300743,188.0
2026-09-28 10:06:00+00:00,1.4845573421148028,1.485640971353383,1.4834523894660863,1.4848674100638557,42925.92395399999,63739.305526173994,155.0
2026-09-28 10:07:00+00:00,1.484960280959096,1.4850223286780175,1.4832285586925382,1.483421876770429,61742.10039313999,91589.58244093996,164.0
2026-09-28 10:08:00+00:00,1.483253731138141,1.483581951541878,1.481949318050911,1.4824615279050548,30191.56390668999,44757.83195895475,126.0
2026-09-28 10:09:00+00:00,1.4823826037537289,1.4843092565351612,1.4822792592221676,1.4839583261016855,49183.51019903,72986.27946675774,181.0
2026-09-28 10:10:00+00:00,1.4837687420011882,1.4838848283948571,1.4821399457418518,1.4821399457418518,96008.87721120002,142298.5920605441,158.0
2026-09-28 10:11:00+00:00,1.48205570444907,1.4825477428416034,1.4810817665195222,1.481678248708864,30601.33898006999,45341.3383481364,159.0
2026-09-28 10:12:00+00:00,1.4815927576064174,1.4834791696048375,1.4808143069002653,1.4811284163435574,70359.16590566999,104210.9599731186,221.0
2026-09-28 10:13:00+00:00,1.4813910239559327,1.482999353493984,1.4808809620129317,1.4821097348333416,32874.13199035,48723.07104709391,159.0
2026-09-28 10:14:00+00:00,1.482139490575946,1.483403659856215,1.480566224277496,1.483403659856215,43782.66930793999,64947.37188967256,173.0
2026-09-28 10:15:00+00:00,1.4838837779104472,1.4861415906849433,1.4838447507373504,1.4859972502189784,33428.73222457999,49675.00416403241,167.0
2026-09-28 10:16:00+00:00,1.485010439096466,1.4857856587279512,1.4843836059591862,1.4856181203582284,47177.32763723002,70087.49280794596,153.0
2026-09-28 10:17:00+00:00,1.4855022822857995,1.4864613664760098,1.4847081402853883,1.4847081402853883,31486.320347669982,46747.99612781908,142.0
2026-09-28 10:18:00+00:00,1.4843031161018951,1.4850700085806134,1.4826987375440632,1.4828690202965942,104895.71024132008,155546.59907886173,189.0
2026-09-28 10:19:00+00:00,1.483177167836053,1.4841439026173657,1.481956161746397,1.481956161746397,36195.56266799,53640.237123705636,101.0
2026-09-28 10:20:00+00:00,1.4816816202810372,1.482469796291459,1.4811688997990742,1.4820617216024856,27685.09671919,41031.02210637406,114.0
2026-09-28 10:21:00+00:00,1.4817881910306983,1.4823683497929714,1.4813527832286406,1.4817718921377026,57773.33603581002,85606.90545288952,113.0
2026-09-28 10:22:00+00:00,1.4819376285186785,1.4832253161215225,1.4815394223284377,1.4816370515688742,63117.73995356,93517.58212648357,137.0
2026-09-28 10:23:00+00:00,1.481872835986405,1.4827645597544148,1.4813644313221437,1.4825903714120832,20921.404346670002,31017.87264079185,102.0
2026-09-28 10:24:00+00:00,1.4823369973049767,1.4844002254751019,1.482335680902667,1.4841481464896191,46247.260094940015,68637.78535012856,187.0
2026-09-28 10:25:00+00:00,1.4841014999800595,1.4857139700398165,1.4841014999800595,1.4853751809239009,76478.03912040003,113598.58119516936,121.0
2026-09-28 10:26:00+00:00,1.4859826623302002,1.486621354064697,1.4854994853521943,1.4856034506263889,48002.70006814999,71312.97686062723,152.0
2026-09-28 10:27:00+00:00,1.4848820751814702,1.4849381320155441,1.4823026448376417,1.4831775572948949,223379.0355732799,331310.7723324667,266.0
2026-09-28 10:28:00+00:00,1.4831885203701751,1.4842912339432863,1.483052157681293,1.4841979897759592,59859.058263579995,88842.69394468745,125.0
2026-09-28 10:29:00+00:00,1.4838971068295,1.4847868673112687,1.4834954578470971,1.484682667326685,52225.71688186003,77538.61664320824,111.0
2026-09-28 10:30:00+00:00,1.4847450795446733,1.484935952912118,1.483150375390467,1.4835085774038261,32880.53665397998,48778.5581558202,105.0
2026-09-28 10:31:00+00:00,1.4837041120537913,1.4862108088732588,1.483461590083865,1.48596529083789,42269.62646811999,62811.19778830889,127.0
2026-09-28 10:32:00+00:00,1.4857470856271302,1.4863454893070038,1.4843359007919747,1.4863138414862156,111132.71321550001,165178.08989411575,164.0
2026-09-28 10:33:00+00:00,1.4858451782301039,1.4875105666329316,1.4858143330044045,1.4872556635426388,120128.85413481997,178662.31866689853,142.0
2026-09-28 10:34:00+00:00,1.487290685054792,1.4889268890003404,1.4870024774309565,1.4887659234277284,157057.31961107996,233821.58546187333,169.0
2026-09-28 10:35:00+00:00,1.4889902049746029,1.4914175588558019,1.4889079341376004,1.4912850890671487,109215.74481287,162871.81173079583,198.0
2026-09-28 10:36:00+00:00,1.491554606707573,1.4921899137949501,1.4912787109870052,1.4920342114961154,93942.39303173001,140165.26431315544,166.0
2026-09-28 10:37:00+00:00,1.49197301206172,1.493930552552349,1.4919692844817867,1.4928342291356953,101150.92866573,151001.56862106474,161.0
2026-09-28 10:38:00+00:00,1.4929072533630265,1.4930048221060168,1.4920845268339031,1.492611573767729,67176.37731292001,100268.2382610523,126.0
2026-09-28 10:39:00+00:00,1.492718111971489,1.4932696043515237,1.4919053940132692,1.492966404209827,49861.97065861002,74442.2470410009,138.0
2026-09-28 10:40:00+00:00,1.4927767709960764,1.4931630433221499,1.4914000650563675,1.4915214335729483,50059.801811739984,74665.2673626241,131.0
2026-09-28 10:41:00+00:00,1.4917553664796377,1.492709519519792,1.4911458449710657,1.4913940637011636,85449.46962079998,127438.83173887401,142.0
2026-09-28 10:42:00+00:00,1.4906224571313214,1.4910935831210275,1.4899746826894487,1.4904807673030036,105193.29958719999,156788.58988386457,171.0
2026-09-28 10:43:00+00:00,1.4909902795063141,1.4915308843139714,1.4906416896421981,1.4913483574624231,20940.246883639997,31229.202794774134,82.0
2026-09-28 10:44:00+00:00,1.4906804292657552,1.4912105468050598,1.4906171727087851,1.4910110333593307,5945.03741257,8864.116375875878,60.0
2026-09-28 10:45:00+00:00,1.4909998945950895,1.4910967129811394,1.4895065495902633,1.4899994406824153,85111.2742660401,126815.7510521674,114.0
2026-09-28 10:46:00+00:00,1.4900831012634725,1.4907649965918293,1.48928823111286,1.4895948458583808,30956.844654069988,46113.15624074122,103.0
2026-09-28 10:47:00+00:00,1.4896044265230215,1.49018198899105,1.4885310783850096,1.4893847939671083,48020.43761298,71520.90958041859,99.0
2026-09-28 10:48:00+00:00,1.4894011962622093,1.489772555623771,1.4880877873906508,1.488425253781368,61000.2812915,90794.35916203573,123.0
2026-09-28 10:49:00+00:00,1.4882399544024154,1.4897756164200542,1.4879308429672706,1.4888353252320325,36994.222035829975,55078.304596420945,125.0
2026-09-28 10:50:00+00:00,1.4886510000573743,1.4894461796485252,1.488164258107853,1.489158149401741,29165.264203619994,43431.69086827559,103.0
2026-09-28 10:51:00+00:00,1.48932416524681,1.4899357186260298,1.4886952614363715,1.4892313363842464,44454.08906243,66202.42246218694,92.0
2026-09-28 10:52:00+00:00,1.4893589648097179,1.4924158126523952,1.4892634250032715,1.4918948740088398,324796.58293432946,484562.3571753131,390.0
2026-09-28 10:53:00+00:00,1.4915632584414844,1.49236487350288,1.490797405685076,1.4908546542728183,489397.4200114198,729620.4214131346,261.0
2026-09-28 10:54:00+00:00,1.4907969115888338,1.4914628485154466,1.4901548418397774,1.4910986531197519,79513.74677147996,118562.84071545878,152.0
2026-09-28 10:55:00+00:00,1.4909144954683615,1.4909249417966473,1.4896501646879508,1.4906980417391982,65649.59883504003,97863.72842435812,123.0
2026-09-28 10:56:00+00:00,1.4907486990883654,1.4912986216187547,1.4903856967351354,1.4907373538528814,29521.122096270003,44008.23943656137,90.0
2026-09-28 10:57:00+00:00,1.4904320592972957,1.4912082036662566,1.4897861227760893,1.4901087609184214,44302.71662979,66015.86618253631,113.0
2026-09-28 10:58:00+00:00,1.490481696394955,1.4905154129353388,1.489812346064265,1.4900139883457268,16185.843041920003,24117.132545629156,131.0
2026-09-28 10:59:00+00:00,1.4898816922534805,1.489911867836853,1.489147701395631,1.4892364861603462,32226.752901890002,47993.25625196841,113.0
2026-09-28 11:00:00+00:00,1.4885833324671736,1.4917067492665435,1.487733034800675,1.4905490335530116,283274.5968172799,422234.67651611555,434.0
2026-09-28 11:01:00+00:00,1.490819294334658,1.4926849844278387,1.489839953539535,1.4904366565322074,106207.10039958009,158294.9556195306,284.0
2026-09-28 11:02:00+00:00,1.4900571416410646,1.4905770421387634,1.4889311007093937,1.4904119536464553,83667.57449772001,124699.15316400722,236.0
2026-09-28 11:03:00+00:00,1.4903055355816235,1.4910487781425872,1.4882916667021497,1.4887434354020277,254699.66452765942,379182.45356465166,337.0
2026-09-28 11:04:00+00:00,1.488761244633568,1.4890809397257982,1.4869492056915965,1.4887455784659533,64988.68832870004,96751.6223996541,255.0
2026-09-28 11:05:00+00:00,1.489047374317596,1.4898103337446365,1.4876682848730902,1.4881570966933035,49399.351917320026,73513.99612780975,217.0
2026-09-28 11:06:00+00:00,1.4878323917552798,1.4894394229061452,1.4877529837099657,1.4888619305736126,66516.69527825003,99034.17534735204,225.0
2026-09-28 11:07:00+00:00,1.4891417385624326,1.4899904958912378,1.487979287271322,1.4883206918965846,89759.12877474999,133590.36864207053,241.0
2026-09-28 11:08:00+00:00,1.487926953042488,1.4886079438242426,1.4872258950404225,1.4878834968000445,139069.88824841994,206919.7916266505,280.0
2026-09-28 11:09:00+00:00,1.4879136634741952,1.4879139337520613,1.4867158921006056,1.4867159553676672,173351.42660381002,257724.33181763146,261.0
2026-09-28 11:10:00+00:00,1.4867200823251472,1.487315431671973,1.486019758710799,1.4870178671591807,204200.92033902992,303650.417034486,187.0
2026-09-28 11:11:00+00:00,1.4869654612395795,1.4869657445019822,1.4857323837584802,1.4857340572197997,50511.27963451999,75046.32842675922,154.0
2026-09-28 11:12:00+00:00,1.4856334243706655,1.4860089836022878,1.484921950228235,1.4849282402000032,55410.461236480034,82280.55869255679,142.0
2026-09-28 11:13:00+00:00,1.484953805596553,1.486483413109122,1.4846291028693597,1.4852777712994665,151851.4537078299,225541.5887317497,277.0
2026-09-28 11:14:00+00:00,1.4853482804856595,1.4859378680226496,1.4848704804799375,1.485554959640244,39888.695102340025,59256.84884285874,134.0
2026-09-28 11:15:00+00:00,1.4858056415367726,1.4870877312491437,1.4854227470142893,1.4868678763465366,65981.00436510002,98105.03583954783,211.0
2026-09-28 11:16:00+00:00,1.486731267938707,1.488662774009543,1.485014609663161,1.487562818707697,475053.38233647,706671.7484650646,634.0
2026-09-28 11:17:00+00:00,1.4876359924814129,1.4901254481665758,1.4875394144638063,1.4899563969933676,258351.79858019986,384932.9149693108,348.0
2026-09-28 11:18:00+00:00,1.4899274478334474,1.4906866939886527,1.487505043609181,1.487603741043166,141320.20438855985,210228.46473340646,205.0
2026-09-28 11:19:00+00:00,1.487388224739219,1.487522661655561,1.4858491310965385,1.487245399335779,25674.453816870013,38184.21331959886,125.0
2026-09-28 11:20:00+00:00,1.4874293794199578,1.4874293794199578,1.485527874330943,1.4867411142653526,220571.69152068996,327933.00242686423,242.0
2026-09-28 11:21:00+00:00,1.4866659241383702,1.4866710294400516,1.4854755321935758,1.4860172434965868,13920.240766569996,20685.71781274716,86.0
2026-09-28 11:22:00+00:00,1.4862497021043108,1.4884872618457463,1.4862363683480624,1.4875542592932045,21905.777028720004,32586.03192219968,163.0
2026-09-28 11:23:00+00:00,1.487332338544383,1.490101626299599,1.4870922715854995,1.4892450715225432,247357.4599276398,368375.87810157257,238.0
2026-09-28 11:24:00+00:00,1.489522008002445,1.4896894479839624,1.487796898613105,1.4888743944973353,36333.53367133,54096.067944849994,139.0
2026-09-28 11:25:00+00:00,1.4889543722986331,1.489140902141307,1.4881540910362958,1.4882583830008573,22570.89994935001,33591.33106149378,120.0
2026-09-28 11:26:00+00:00,1.4883910995964311,1.4892799216730102,1.4881008599190773,1.4891825753415753,68720.57545933001,102337.48354148012,140.0
2026-09-28 11:27:00+00:00,1.4890232353940354,1.4891226139463902,1.4886336601453003,1.4887334221074795,20442.589386310006,30433.566053819333,73.0
2026-09-28 11:28:00+00:00,1.4884572563904408,1.4902659563746188,1.4883965637089416,1.4890111534392592,294751.0436523099,438887.59148615145,179.0
2026-09-28 11:29:00+00:00,1.489562937384279,1.4911319124439404,1.4895189649424663,1.4901439883608472,172055.20578232,256387.0305627126,212.0
2026-09-28 11:30:00+00:00,1.4898978220665848,1.4902844272964706,1.4889469702022384,1.4890038464399422,176852.29623536998,263333.749346202,187.0
2026-09-28 11:31:00+00:00,1.488997977547025,1.4905033775960095,1.488997977547025,1.48987374899858,200445.15365961,298637.9725514396,238.0
2026-09-28 11:32:00+00:00,1.490558104140904,1.490828825863257,1.4901232619289924,1.4901298165704135,17162.135956410002,25573.810504681736,111.0
2026-09-28 11:33:00+00:00,1.4890875347256867,1.4919816948887703,1.488969982262336,1.4908968450705782,531234.9435107398,792016.5012714089,378.0
2026-09-28 11:34:00+00:00,1.4907798974453164,1.4932578298597596,1.4905206397715536,1.4931487403019175,225706.58233469998,337013.49909090827,251.0
2026-09-28 11:35:00+00:00,1.4931610848664465,1.4955310920654319,1.4923135289044709,1.492502081503862,226027.60668843996,337346.6734598329,239.0
2026-09-28 11:36:00+00:00,1.4924226083187073,1.4931791088398427,1.4920074093839155,1.49303145539141,47396.00998677,70763.73377029301,152.0
2026-09-28 11:37:00+00:00,1.4929882267918326,1.494367746849154,1.4929357855021603,1.4938862007030647,58039.681135030005,86704.67874082731,133.0
2026-09-28 11:38:00+00:00,1.4937832526507464,1.4954850779418059,1.4936140170961925,1.4943226720553142,111188.78388723,166151.9206409464,221.0
2026-09-28 11:39:00+00:00,1.4944553132167,1.4953164477630905,1.4943292280829017,1.494614623736237,52294.278584780004,78159.79351054892,149.0
2026-09-28 11:40:00+00:00,1.4943699960693546,1.4949930447711968,1.493251335223747,1.4945833755167537,94884.4403547901,141812.70714948027,199.0
2026-09-28 11:41:00+00:00,1.494665125706326,1.4948067106875145,1.4937036605325877,1.4939599025734955,79844.82494888,119284.96690162658,161.0
2026-09-28 11:42:00+00:00,1.4939434870839068,1.494293514771709,1.493388066127541,1.4938459209861654,129916.78662592999,194075.66176877552,257.0
2026-09-28 11:43:00+00:00,1.4937372724310358,1.49481953405622,1.4929564448986192,1.4935351433894029,152126.5317045601,227206.3213427027,207.0
2026-09-28 11:44:00+00:00,1.4934722557379454,1.4935646536063059,1.4926190713911835,1.493080701368896,36839.592419320026,55004.48448758261,155.0
2026-09-28 11:45:00+00:00,1.4927913139979305,1.4934559053759557,1.492268738606844,1.4925531453045262,82526.31340318,123174.90864030339,182.0
2026-09-28 11:46:00+00:00,1.4925687623342148,1.4925959038069305,1.4921710711260845,1.4923688647527429,29033.139998839997,43328.154180276295,137.0
2026-09-28 11:47:00+00:00,1.4921230192592783,1.492903744711152,1.4920839544244888,1.4925512147627322,21680.9837651,32359.978655851082,147.0
2026-09-28 11:48:00+00:00,1.4924296452101975,1.4924296452101975,1.4911554120473844,1.4913285296230094,60017.46161554998,89505.75278282356,167.0
2026-09-28 11:49:00+00:00,1.4912443736320158,1.4916108069337124,1.4909313902739658,1.4910257109452985,29780.37402631999,44403.30335481066,114.0
2026-09-28 11:50:00+00:00,1.4910867731343567,1.4915494638815452,1.4909980004141445,1.4912681527414962,22296.185911649998,33249.591977647266,86.0
2026-09-28 11:51:00+00:00,1.4912433041086584,1.492192774932656,1.4911439963456619,1.4918282489851449,14342.0894101,21395.93413145787,93.0
2026-09-28 11:52:00+00:00,1.4915197210990119,1.492114440308208,1.4903493998910453,1.490411192327581,51390.135274500004,76592.43278834323,168.0
2026-09-28 11:53:00+00:00,1.490449032988508,1.4912666947516713,1.4898428064142237,1.4901832264795702,72396.4291186,107883.94432955487,145.0
2026-09-28 11:54:00+00:00,1.4900992398708246,1.4905018635245144,1.4897539509160647,1.4902373268374185,69519.44942046,103600.47846755544,103.0
2026-09-28 11:55:00+00:00,1.4901114424976263,1.49089171794092,1.4899255826130284,1.490856030561901,81026.05693087004,120798.18560803951,168.0
2026-09-28 11:56:00+00:00,1.4908195032715656,1.4927719102207417,1.4907324692415596,1.4917175020531925,106319.12025347997,158598.09248501412,195.0
2026-09-28 11:57:00+00:00,1.4919147781964044,1.492860578215325,1.4918787168607628,1.4924790811965944,47537.57369980999,70948.8343178078,144.0
2026-09-28 11:58:00+00:00,1.4922938292416092,1.4933582013476232,1.492124851588422,1.4931411793328222,64386.008416119985,96137.40053897841,175.0
2026-09-28 11:59:00+00:00,1.4930067438946029,1.493307016453268,1.4923828611835095,1.4931036604785057,43943.697636200006,65612.49579557088,104.0
2026-09-28 12:00:00+00:00,1.4924683667404424,1.4928597956220142,1.4905442683974361,1.4912419942741288,92443.37130106999,137855.43737643136,208.0
2026-09-28 12:01:00+00:00,1.4913369464981345,1.492267219620737,1.4902762214224254,1.4918551146588301,62655.60852455999,93473.09003942621,180.0
2026-09-28 12:02:00+00:00,1.4914555526776079,1.4914555796776523,1.4894545104614878,1.4908243019247467,274304.4764326199,408939.7795924937,309.0
2026-09-28 12:03:00+00:00,1.4906885163901684,1.4914981278166686,1.490563042946979,1.49148397224698,46210.137302600015,68921.67914216021,148.0
2026-09-28 12:04:00+00:00,1.4914840175876116,1.497610910961167,1.4914840175876116,1.497598459586364,539894.1955856591,808544.7156487022,757.0
2026-09-28 12:05:00+00:00,1.4973141408259272,1.5035929910061556,1.4973119218907418,1.5030078480583988,542460.3119382093,815322.1061033357,775.0
2026-09-28 12:06:00+00:00,1.5024831488334651,1.5073785343538686,1.5021394521290705,1.5050681411475715,2131626.50085624,3208243.135264603,1048.0
2026-09-28 12:07:00+00:00,1.5051732521343795,1.5086149759222098,1.504060995897058,1.5084082079297247,411443.6757795596,620625.0176466642,582.0
2026-09-28 12:08:00+00:00,1.5082799956548496,1.5086105292364616,1.5051296230401152,1.5075391434468721,214769.05151974008,323772.7519669661,363.0
2026-09-28 12:09:00+00:00,1.507818101269011,1.5119594601506963,1.507818101269011,1.5105065732540186,190524.29427492002,287788.19886684965,405.0
2026-09-28 12:10:00+00:00,1.5105455665899643,1.5124584267462953,1.5091320641067052,1.509190514988744,505355.9222686693,762678.3645812647,494.0
2026-09-28 12:11:00+00:00,1.5094429355913181,1.5102863631298673,1.5073055977087684,1.5075198480510583,606556.0241318299,914395.2453336702,444.0
2026-09-28 12:12:00+00:00,1.5074765545212636,1.507820378131357,1.5059608713975194,1.5067716959166217,177104.02911973986,266855.3383104172,334.0
2026-09-28 12:13:00+00:00,1.5065737749594583,1.5072438549562224,1.5050185179809332,1.5066986038733692,172702.59337388005,260210.75632173524,331.0
2026-09-28 12:14:00+00:00,1.5067401027358276,1.508595159251746,1.5057220631485484,1.5083317122856088,251877.04073982986,379914.1281445396,393.0
2026-09-28 12:15:00+00:00,1.5083399080340683,1.508431865473489,1.5061871850967683,1.5064247553643613,258796.86907627,389858.0101872827,261.0
2026-09-28 12:16:00+00:00,1.5066565814752892,1.5085192786823187,1.5063486019674464,1.5083945912516135,54388.09088284998,82038.7021161921,222.0
2026-09-28 12:17:00+00:00,1.5086700687314316,1.5117236836128105,1.5084326393747016,1.5114506352602375,357778.7671978902,540764.9449638758,353.0
2026-09-28 12:18:00+00:00,1.5118580988624697,1.515794934785752,1.511695100532896,1.5133760390867514,462858.66720887006,700479.2164375326,419.0
2026-09-28 12:19:00+00:00,1.5133565732644836,1.5171801325173542,1.5133565732644836,1.5165616088690275,521056.4561340099,790214.2174261878,466.0
2026-09-28 12:20:00+00:00,1.516490424471594,1.5191083686569262,1.5164209483205917,1.5189294846629953,244769.75948021992,371788.00462837575,319.0
2026-09-28 12:21:00+00:00,1.5188202180590722,1.5189146174783479,1.5157310168161722,1.5158039039167996,245843.46991167,372650.49144456163,348.0
2026-09-28 12:22:00+00:00,1.5154629498576497,1.516035163339481,1.5133788838778754,1.5134939185428404,385743.8136281901,583820.9160417885,349.0
2026-09-28 12:23:00+00:00,1.513292973249052,1.5147997896266736,1.5128426967667392,1.5144933284772006,63564.48631411999,96267.99045081505,151.0
2026-09-28 12:24:00+00:00,1.5146788815202081,1.5151140890691606,1.5132042272423296,1.5146269708035913,112758.66165308001,170787.31013147163,190.0
2026-09-28 12:25:00+00:00,1.5147804326564966,1.5150674781484221,1.5124727640102997,1.512960916751922,154194.56981152,233290.35770020552,236.0
2026-09-28 12:26:00+00:00,1.5130805435113543,1.5171105366260158,1.5130805435113543,1.514539212356078,251609.5111485701,381072.4708362532,359.0
2026-09-28 12:27:00+00:00,1.5149326615564869,1.5169303105481675,1.5147930315359375,1.5166369537511213,299271.75493947003,453886.60275514994,236.0
2026-09-28 12:28:00+00:00,1.5165771675981738,1.5179867695515163,1.5162366270046803,1.5164551264649788,208850.5482139401,316712.4845040507,200.0
2026-09-28 12:29:00+00:00,1.5164059051543846,1.5174530255627436,1.5152316323292276,1.515670437410129,238629.56358395994,361683.7750162888,272.0
2026-09-28 12:30:00+00:00,1.515817727619114,1.5166292772847485,1.5144298098184443,1.515104877123064,101939.48490184003,154449.01074619076,221.0
2026-09-28 12:31:00+00:00,1.5150593783152322,1.5173787735402366,1.5141129369340591,1.516489654650363,201908.33062636998,306191.8945826151,269.0
2026-09-28 12:32:00+00:00,1.5162601626201668,1.51787797744557,1.5158781900611653,1.5174280351179714,41637.08986545001,63181.28746256021,162.0
2026-09-28 12:33:00+00:00,1.517423333548141,1.517618463951274,1.5138375697039503,1.5172138831659931,421938.13717239,640170.3995551473,461.0
2026-09-28 12:34:00+00:00,1.5170497904859122,1.5195499548699603,1.5170360172546653,1.5193936952277671,125465.51842940999,190631.51767012876,283.0
2026-09-28 12:35:00+00:00,1.5192986815494716,1.5203726055713866,1.5183928715199821,1.5200328748325143,351487.7232313398,534272.8944116685,383.0
2026-09-28 12:36:00+00:00,1.519705433474603,1.5197896390215218,1.5180990918353148,1.5190967842173277,96012.18798199002,145851.80600911062,173.0
2026-09-28 12:37:00+00:00,1.5188231926160125,1.5188359670694451,1.5141663361708377,1.5141663361708377,74841.84925232,113323.00867463552,206.0
2026-09-28 12:38:00+00:00,1.5141702908977364,1.5141743791343507,1.5116115840601994,1.5116115840601994,59205.71657231,89496.04701328871,155.0
2026-09-28 12:39:00+00:00,1.511616080697456,1.5131853900792516,1.511610915882951,1.5131636711053889,131349.11268980007,198752.70555413328,204.0
2026-09-28 12:40:00+00:00,1.5126366589957716,1.5126366589957716,1.5091376400367156,1.5097119425961456,231111.94348782994,348912.46116018237,262.0
2026-09-28 12:41:00+00:00,1.5101042628537757,1.5123794615266284,1.5101042628537757,1.5117982479169805,277600.0364267902,419675.24869171134,284.0
2026-09-28 12:42:00+00:00,1.5118201925231485,1.5118531152097012,1.5103972095862421,1.5107410850294074,38289.026699309994,57844.80574043553,134.0
2026-09-28 12:43:00+00:00,1.5107598370530277,1.512701877721819,1.5107598370530277,1.5117340442896907,62716.335651580004,94810.41973759276,265.0
2026-09-28 12:44:00+00:00,1.5115929454452774,1.5141666698802045,1.5115421147120238,1.5141666698802045,89604.91782664001,135676.78003045288,173.0
2026-09-28 12:45:00+00:00,1.514405211220163,1.516884932725596,1.514221294968081,1.5164106825037151,167357.73355095004,253783.05495627105,250.0
2026-09-28 12:46:00+00:00,1.5173037473925874,1.518784293360469,1.5168690131966494,1.5170067234796427,167404.76421306003,253954.15285373633,237.0
2026-09-28 12:47:00+00:00,1.517257717165639,1.5177707069392654,1.51543539055652,1.5156909851178508,110696.45981468006,167781.626225571,197.0
2026-09-28 12:48:00+00:00,1.5152949311747466,1.5183949311747464,1.51484397434455,1.5173220722255207,59716.92462711003,90609.80782214183,151.0
2026-09-28 12:49:00+00:00,1.5174835042840789,1.5187348061253343,1.5170546650702705,1.5181625309365967,178673.05383117002,271254.7356144999,227.0
2026-09-28 12:50:00+00:00,1.5176115303416529,1.519935484852077,1.5176070553227259,1.5191602594142797,522898.51338409964,794366.6412399301,441.0
2026-09-28 12:51:00+00:00,1.5187062082751577,1.5196332293272372,1.5180571547951232,1.5191114921179032,322112.29470107,489324.4886328642,310.0
2026-09-28 12:52:00+00:00,1.5188823974451284,1.5231434560368922,1.5188807689112427,1.5212877653047854,175142.16306534005,266441.6298603175,357.0
2026-09-28 12:53:00+00:00,1.5212646020421015,1.5222338703589233,1.519590898409893,1.521590549451601,348538.02989415964,530332.172411433,409.0
2026-09-28 12:54:00+00:00,1.5215506702844037,1.524858247880155,1.5212216987843514,1.5246102718977952,209249.06645206016,319023.2760978353,440.0
2026-09-28 12:55:00+00:00,1.5246364789760167,1.526402546524561,1.5208079562160512,1.522006107981975,549884.6049420598,836927.7274070705,549.0
2026-09-28 12:56:00+00:00,1.5218982594794042,1.522412963693757,1.520628633704616,1.5218870067683974,289872.98988633987,441153.9369211277,300.0
2026-09-28 12:57:00+00:00,1.522184218853393,1.5256809743386606,1.5220288963991448,1.5252989415751077,319525.82875482,487372.40840563603,312.0
2026-09-28 12:58:00+00:00,1.5250048079306955,1.5254620370791259,1.524462165937118,1.5251801376723484,199403.42397957004,304126.1416374983,242.0
2026-09-28 12:59:00+00:00,1.5249213981524659,1.5249213981524659,1.5227847417798048,1.5235505816052546,85952.91022161003,130953.60635879819,170.0
2026-09-28 13:00:00+00:00,1.523453339179396,1.5237066645708506,1.5196356843629748,1.520726861278602,234688.09876142011,356896.49580889696,316.0
2026-09-28 13:01:00+00:00,1.5204287820394176,1.5212971796546257,1.520108664382492,1.52041215577129,229708.25771309005,349251.2273080263,211.0
2026-09-28 13:02:00+00:00,1.5205488085024388,1.5206331426426722,1.5186380825216605,1.5186402076331518,154796.16666475995,235079.68268458702,241.0
2026-09-28 13:03:00+00:00,1.5184564009721249,1.519479891290852,1.5176177301454397,1.5184341497940281,132439.84686175006,201101.18626837275,272.0
2026-09-28 13:04:00+00:00,1.5184516419269616,1.5189133028232091,1.5178362715614189,1.5184256326772627,113393.14937173999,172179.06457605163,258.0
2026-09-28 13:05:00+00:00,1.5182535719408659,1.5187823396537445,1.5179181994927409,1.518001917540868,49469.39197473,75094.63187722098,179.0
2026-09-28 13:06:00+00:00,1.5176269098354243,1.518058560391773,1.5166925386761279,1.5169615833175165,164762.99838917016,249939.13890857698,323.0
2026-09-28 13:07:00+00:00,1.5170173777210412,1.5199339773480305,1.517006278277142,1.5193729493474997,215570.79616463996,327532.4363618577,342.0
2026-09-28 13:08:00+00:00,1.5193410262536438,1.5200817462343903,1.5172506358490316,1.518247555101885,51863.39869200999,78741.47826341847,224.0
2026-09-28 13:09:00+00:00,1.5180773580552192,1.5181712748645722,1.5168633876857678,1.5171489155531566,82045.63276711002,124475.44277849348,178.0
2026-09-28 13:10:00+00:00,1.5171394454422593,1.5174756056346776,1.5145100503956521,1.515907187606986,156635.7964006,237445.329600214,309.0
2026-09-28 13:11:00+00:00,1.5159446322487713,1.5179127513802504,1.515875232416413,1.5168060763726374,90782.17468950004,137698.9541953559,238.0
2026-09-28 13:12:00+00:00,1.5167020364028088,1.5174803679441002,1.5160189776546527,1.5165059567284709,99198.88897624995,150435.70603332928,193.0
2026-09-28 13:13:00+00:00,1.5167168695954192,1.5182269358372675,1.5160331738171173,1.5178055108678494,88582.02737891997,134450.28931957146,232.0
2026-09-28 13:14:00+00:00,1.517783864889762,1.5191535211496408,1.5177806056577234,1.5187538635908784,130556.0565652299,198282.51532363216,265.0
2026-09-28 13:15:00+00:00,1.5188148794693708,1.5198658606840127,1.5187421163685315,1.5196651435104216,96173.54916012002,146151.59038632037,222.0
2026-09-28 13:16:00+00:00,1.5195818018011915,1.5205863646093891,1.5186752721413503,1.5187255040785455,155646.80265333003,236384.76881789253,270.0
2026-09-28 13:17:00+00:00,1.518620278552295,1.5211432619026501,1.518293666472261,1.5185855275335465,171839.31891613998,260952.70276727175,340.0
2026-09-28 13:18:00+00:00,1.5186301790315628,1.5190081001129814,1.5164732206158402,1.518004888870167,113734.4915870799,172649.51426235016,282.0
2026-09-28 13:19:00+00:00,1.5179816873984635,1.5192696375952104,1.5177200394643906,1.5192014814791965,48579.12224699999,73801.47448660138,197.0
2026-09-28 13:20:00+00:00,1.5189693311721246,1.5198765378550787,1.518582549182426,1.519593728251778,41877.63467446999,63636.991005343785,146.0
2026-09-28 13:21:00+00:00,1.5195335630119626,1.5204191885425478,1.5192985243408446,1.5198642379792242,188582.2350949699,286619.3950390353,224.0
2026-09-28 13:22:00+00:00,1.5196387461340874,1.5205040457415455,1.5186331770494144,1.5193823189361295,142237.67213571,216113.40412963193,233.0
2026-09-28 13:23:00+00:00,1.51942910091541,1.5212678657548584,1.5191709044012311,1.5211058437221985,70001.31225121999,106479.40513355305,161.0
2026-09-28 13:24:00+00:00,1.5206182765704448,1.52150478084042,1.519880635545941,1.5214812513527105,85675.54046590008,130353.72851837744,166.0
2026-09-28 13:25:00+00:00,1.5213250654520654,1.5236037897709809,1.5202412537751444,1.5233239783793173,250995.8192268399,382347.9499012057,266.0
2026-09-28 13:26:00+00:00,1.5232615674177536,1.5250034717768612,1.5232563917691988,1.5239255502444775,106809.10555679,162769.12495675168,233.0
2026-09-28 13:27:00+00:00,1.523694554469842,1.525506767236273,1.5235913080536723,1.5249182524914449,117112.65596045004,178587.22667184126,229.0
2026-09-28 13:28:00+00:00,1.5243833240940623,1.5249514242163786,1.5219915761397391,1.5228586496468772,77369.83407707003,117823.3210460098,186.0
2026-09-28 13:29:00+00:00,1.523018678366156,1.5232106734964128,1.5221005991070347,1.5225561353572261,64257.999479779995,97836.41135372048,126.0
2026-09-28 13:30:00+00:00,1.5227431822452557,1.5262699406362374,1.5196450192657642,1.5198165674895519,298098.5528090101,453055.1193037926,445.0
2026-09-28 13:31:00+00:00,1.519613547934714,1.5227688257178298,1.5176503466609275,1.5194829121762405,326424.56548184005,495996.5493642102,532.0
2026-09-28 13:32:00+00:00,1.51948922858628,1.5217915693825126,1.5186425172385056,1.520365725523144,158401.40761591,240828.07101385025,309.0
2026-09-28 13:33:00+00:00,1.5204676723953758,1.5222534568352573,1.5186984828696244,1.5199207237967662,564258.7900984999,857628.6286551995,404.0
2026-09-28 13:34:00+00:00,1.5194373725292016,1.523200142970971,1.5186622199362365,1.5220911921230988,152197.74780347996,231658.85139264955,337.0
2026-09-28 13:35:00+00:00,1.5220698047520607,1.5246118386763645,1.5197033958423216,1.5197119051463257,133222.77979794997,202460.24449563198,387.0
2026-09-28 13:36:00+00:00,1.519650948227627,1.5212093335855923,1.5179456282967054,1.5205891255851434,256522.99141457994,390066.0712075814,313.0
2026-09-28 13:37:00+00:00,1.5213593032483534,1.5268202928532675,1.5212496104233513,1.52539795455929,389111.09545660985,593549.2691058373,549.0
2026-09-28 13:38:00+00:00,1.5249413484067658,1.5290083083974393,1.5248620245886242,1.5286658807278775,280690.79837062006,429082.44650343497,467.0
2026-09-28 13:39:00+00:00,1.5287949634231257,1.532050850831406,1.5283871263685622,1.528545508067837,697355.8855453304,1065940.2063749833,711.0
2026-09-28 13:40:00+00:00,1.5281879109445868,1.5289351453021836,1.525031927264411,1.5288205376150446,548480.6678804997,838528.5095405243,487.0
2026-09-28 13:41:00+00:00,1.528443527851642,1.5291336698088038,1.5255431378885616,1.526695058939919,267957.87451523007,409089.9630264446,360.0
2026-09-28 13:42:00+00:00,1.526806441990118,1.5292539158791114,1.5266927753460187,1.5280756509432412,191063.5833579201,291959.60951120197,383.0
2026-09-28 13:43:00+00:00,1.5278236113054504,1.528288552609176,1.52664007659917,1.5271462363015469,225990.30060574005,345120.2370107111,282.0
2026-09-28 13:44:00+00:00,1.5268053039951548,1.5268053039951548,1.5234338763629385,1.5256545904634613,103704.24712796,158216.8606813294,379.0
2026-09-28 13:45:00+00:00,1.5255059756735971,1.5266899735289614,1.524309845396909,1.524309845396909,118945.64115487,181310.01187941612,282.0
2026-09-28 13:46:00+00:00,1.5240121238376352,1.5257735631017857,1.521964901926015,1.5254610725740756,244544.62531665002,373043.3064277624,327.0
2026-09-28 13:47:00+00:00,1.5256956744190528,1.5273607967384335,1.5238289914851648,1.5253715331566315,250331.37946081004,381848.36008535034,472.0
2026-09-28 13:48:00+00:00,1.5256377863069546,1.5268014779174086,1.5248785988983835,1.5256182656677928,124302.42080668992,189638.04364941042,227.0
2026-09-28 13:49:00+00:00,1.5249242032519472,1.5256689665257843,1.5216893315807036,1.5216893315807036,468977.14065313997,713637.5116871062,376.0
2026-09-28 13:50:00+00:00,1.5215251888242916,1.5222330044468841,1.5175026684864883,1.5201955014189679,256469.71398828988,389884.1054552076,413.0
2026-09-28 13:51:00+00:00,1.520292368887978,1.520854395398783,1.5181907507186083,1.5185749531849202,244469.56715436993,371245.361496585,348.0
2026-09-28 13:52:00+00:00,1.5184087528759531,1.5205913249911645,1.5182540347274838,1.5195439417338346,147914.13459977,224762.02712788348,295.0
2026-09-28 13:53:00+00:00,1.5195688186335201,1.521976388868984,1.519564245069716,1.5208637959675007,157879.75425617004,240113.60236445494,260.0
2026-09-28 13:54:00+00:00,1.5209447217662957,1.5242049867840255,1.5208502803007684,1.5238266890891463,114228.35820956003,174064.22089056286,230.0
2026-09-28 13:55:00+00:00,1.5237647392180071,1.5255896632411914,1.5212283558814559,1.5212487242228117,178074.96594573001,270896.31476096244,284.0
2026-09-28 13:56:00+00:00,1.520950925781829,1.5209813424783878,1.5195403869219186,1.520537427719749,151390.81089360008,230195.39417656162,253.0
2026-09-28 13:57:00+00:00,1.520658690301085,1.5219771371088628,1.5202863486043285,1.521507663894611,90353.30375857001,137473.24412686203,203.0
2026-09-28 13:58:00+00:00,1.521684563639816,1.5225165141825965,1.5206120941603942,1.5206120941603942,63189.89756774001,96087.32247026193,179.0
2026-09-28 13:59:00+00:00,1.5206750990150688,1.5222650407640481,1.5203471154599897,1.5206937732983148,86576.25135966999,131655.9663581599,224.0
2026-09-28 14:00:00+00:00,1.5203767014127314,1.5203767014127314,1.5161028110709431,1.5167821600295306,291021.8951330899,441416.81871585565,379.0
2026-09-28 14:01:00+00:00,1.516256649645684,1.5165077028320864,1.5133347188669055,1.5135020876578404,1565841.1683768423,2369903.8772789426,605.0
2026-09-28 14:02:00+00:00,1.5137883734304032,1.5170006996166652,1.5123103570089633,1.5159791568415384,608315.9562518089,922194.3104518714,727.0
2026-09-28 14:03:00+00:00,1.5159950659659678,1.5165415909527762,1.5139991901805352,1.5140172261665126,203977.03930354991,308824.75124801835,272.0
2026-09-28 14:04:00+00:00,1.5138763750027713,1.5138763750027713,1.510146057101461,1.5108292227921472,323597.52578070975,488900.59837273153,435.0
2026-09-28 14:05:00+00:00,1.5110122380539779,1.5134384641578034,1.5095707333424557,1.5102114027773883,408392.3275883799,616758.7499307699,567.0
2026-09-28 14:06:00+00:00,1.5104425608948986,1.5143805101326866,1.5082963301688004,1.5143680199824028,361797.2879587096,547894.2426010342,437.0
2026-09-28 14:07:00+00:00,1.5146666620107503,1.5159943455531184,1.512561485914339,1.5154264342685477,143965.88781090008,218169.71202157807,353.0
2026-09-28 14:08:00+00:00,1.5154305890221031,1.5167796891474972,1.5135432774806192,1.5135432774806192,137260.15331885012,207749.1823217047,283.0
2026-09-28 14:09:00+00:00,1.5138625995608141,1.5143849439287158,1.5116598905419598,1.5122183444005006,106418.23083980002,160927.6008545927,204.0
2026-09-28 14:10:00+00:00,1.5121096216870165,1.5122325069037268,1.510174631700437,1.5101819447474265,187378.2377544702,282975.23149539146,403.0
2026-09-28 14:11:00+00:00,1.510441637610699,1.5127838839439813,1.5093057211558836,1.5121513206360988,151777.3627481502,229510.33952227954,330.0
2026-09-28 14:12:00+00:00,1.5121281383530762,1.5121576768583538,1.509787092348107,1.5104655293864961,181890.43279478006,274739.2288617064,300.0
2026-09-28 14:13:00+00:00,1.50993948161129,1.5105059872997026,1.5062869088706459,1.5080861762861353,462055.17830181005,696819.0270783852,451.0
2026-09-28 14:14:00+00:00,1.5079595764277918,1.5080397960422762,1.5033795814938808,1.5035683898203975,580713.2052642801,873142.0189866556,561.0
2026-09-28 14:15:00+00:00,1.5035618043554662,1.504034730061771,1.4996472764221689,1.5000412506544225,618593.6046832699,927915.9244159196,676.0
2026-09-28 14:16:00+00:00,1.4999711364623107,1.501045120548419,1.4970516618036025,1.501034828843326,1012458.4491239806,1519735.3948917934,841.0
2026-09-28 14:17:00+00:00,1.5011476574836071,1.5053387133263842,1.5004434291604907,1.5017642846646684,193168.87160945003,290094.1122920469,357.0
2026-09-28 14:18:00+00:00,1.501638329030264,1.5020011110972376,1.4975998395788954,1.4976997828968195,263112.1956056297,394063.07823605713,367.0
2026-09-28 14:19:00+00:00,1.497552709774186,1.5037836751150313,1.4975405511809456,1.5027811803771378,187585.07412229985,281899.31911064265,368.0
2026-09-28 14:20:00+00:00,1.502751540534173,1.5053725691561322,1.5008369038994895,1.5051740972412078,145548.38751945007,219075.66278950174,296.0
2026-09-28 14:21:00+00:00,1.5052965153674456,1.5071833868267634,1.504098803650942,1.5069434791534604,255934.21013126982,385678.38904960855,294.0
2026-09-28 14:22:00+00:00,1.5072174206399191,1.5103315986971246,1.5071907280424344,1.5103315986971246,189813.94313912987,286681.99619632715,288.0
2026-09-28 14:23:00+00:00,1.5101964100187186,1.5101971582780247,1.5071397306969332,1.5083598918009258,108946.90650800009,164331.1441124526,247.0
2026-09-28 14:24:00+00:00,1.5082120971061008,1.5124712767085775,1.5069248986524533,1.512464010987291,394209.2335525797,596227.2785471606,346.0
2026-09-28 14:25:00+00:00,1.5120244523517974,1.512551721583166,1.5094357214887222,1.5101685133858778,121718.97801680006,183816.16808247927,282.0
2026-09-28 14:26:00+00:00,1.5098219669784658,1.5100592571912406,1.5060082142110913,1.5067457484618232,99237.29429120997,149525.37126213536,380.0
2026-09-28 14:27:00+00:00,1.506531403113257,1.50693218678402,1.5008459744600184,1.5009462451787905,185911.69798601998,279043.46502693,391.0
2026-09-28 14:28:00+00:00,1.5011990262188548,1.5016069535220007,1.4970723950842222,1.497317294846868,732710.7972766001,1097100.548883291,585.0
2026-09-28 14:29:00+00:00,1.4970999780335275,1.4971499642113342,1.4904549568989005,1.4951920343530147,1223745.8217382396,1829735.0047358002,1037.0
2026-09-28 14:30:00+00:00,1.4956507175185996,1.4989879616955433,1.494647218449888,1.4980922266636134,593604.8113700493,889274.7536235913,608.0
2026-09-28 14:31:00+00:00,1.498170475784757,1.498274222925101,1.492308844832796,1.492371762468559,556812.8096556591,830971.7141108863,622.0
2026-09-28 14:32:00+00:00,1.4927508950759296,1.4978760369097004,1.4923126897499477,1.4951985936814953,429494.56736303004,642179.6731150448,582.0
2026-09-28 14:33:00+00:00,1.4948474221679682,1.4990683728476473,1.4941571400691522,1.4968008035791587,307144.47271622973,459734.09357654967,410.0
2026-09-28 14:34:00+00:00,1.496497395854151,1.4989945153174054,1.495619702381186,1.497684848678781,280374.5805428799,419912.76123373973,330.0
2026-09-28 14:35:00+00:00,1.4977455837194271,1.5006593857359558,1.49580496717212,1.5006593836608977,293349.35234646,440217.45828956214,347.0
2026-09-28 14:36:00+00:00,1.5011345393672941,1.5042613722986657,1.501127276399208,1.501896220755244,148432.09108515002,222929.59663958495,263.0
2026-09-28 14:37:00+00:00,1.501734331837256,1.505163186897361,1.4993080958478797,1.5000483597980299,221533.4308465999,332310.8595818724,362.0
2026-09-28 14:38:00+00:00,1.4998800596803883,1.5006112453128777,1.498018498160636,1.499359124120627,124836.23036758002,187174.3410224556,222.0
2026-09-28 14:39:00+00:00,1.4994165312151158,1.5043951547690921,1.4988684556837082,1.5032811082168418,231588.2329618201,348142.21549682505,308.0
2026-09-28 14:40:00+00:00,1.5019900595695823,1.5029226810315244,1.4991928736785234,1.4994256010640985,153405.18237407005,230019.65778758764,305.0
2026-09-28 14:41:00+00:00,1.4995107006582153,1.4995107006582153,1.494165577964886,1.4946838946349865,168536.12560045999,251908.2325991868,350.0
2026-09-28 14:42:00+00:00,1.493999419863659,1.4940286933073488,1.4870244660915186,1.4891605425366619,418165.94054083014,622716.2188861361,741.0
2026-09-28 14:43:00+00:00,1.4892851893501415,1.4895858511606705,1.483663073342215,1.4838732201193758,847670.880396369,1257836.1188951863,1021.0
2026-09-28 14:44:00+00:00,1.483779411326879,1.4876348441227105,1.4815403793879627,1.4874092171133952,743495.5547949596,1105882.1410848603,582.0
2026-09-28 14:45:00+00:00,1.4877039539844708,1.4881191537086988,1.484704939458742,1.4873588630548886,419497.1648897698,623942.8262251972,553.0
2026-09-28 14:46:00+00:00,1.4871189882615847,1.4884130968907578,1.4849698645803024,1.4858195416028341,450213.9414636296,668936.6721286953,547.0
2026-09-28 14:47:00+00:00,1.4854399441684476,1.4855870457317681,1.4813522489441766,1.4820254139899083,437629.3539274297,648577.8244284351,651.0
2026-09-28 14:48:00+00:00,1.4820244095775825,1.4870733670720941,1.4809000606188933,1.486260357688191,272984.0401110897,405725.3570986757,487.0
2026-09-28 14:49:00+00:00,1.4859876963540526,1.487669838077834,1.485335142646013,1.4858335010428718,159875.57696604996,237548.48825471514,355.0
2026-09-28 14:50:00+00:00,1.4861725671402484,1.4896955567095684,1.4861641533330838,1.4887914335293577,168999.44377321994,251604.92416079622,346.0
2026-09-28 14:51:00+00:00,1.488649777484584,1.4902171773746828,1.4792569772426685,1.479641987939777,750141.2838306597,1109940.540442894,810.0
2026-09-28 14:52:00+00:00,1.4794627965904437,1.4817153873164535,1.4763918850462665,1.4778263233638387,2434470.127062797,3597724.0372163104,1227.0
2026-09-28 14:53:00+00:00,1.4781219405295465,1.4864269180081928,1.4735729643996809,1.484981139111192,1182001.4637739803,1755249.8801061816,1110.0
2026-09-28 14:54:00+00:00,1.4850700840623736,1.4883466262304097,1.4830707499184115,1.4835614586781514,326530.88144872966,484428.6307855399,538.0
2026-09-28 14:55:00+00:00,1.4833134012552953,1.4850979368548343,1.4805738941981859,1.4821254702965,246766.17329005955,365738.43064079713,505.0
2026-09-28 14:56:00+00:00,1.4818261134630974,1.4863125089836375,1.4813510566052355,1.486184432821145,390638.07901118975,580560.2318935867,507.0
2026-09-28 14:57:00+00:00,1.4863608397972858,1.4865895327254952,1.4840700979425632,1.4856339984442521,128766.3461268501,191299.66166148885,355.0
2026-09-28 14:58:00+00:00,1.4858704813572572,1.4863876431689789,1.4817219252402196,1.4824805720283418,94544.21536700004,140159.96247924096,269.0
2026-09-28 14:59:00+00:00,1.4828038285804603,1.4853474719761826,1.4823154568027306,1.4852674019762706,180179.93867573986,267615.3894051599,316.0
2026-09-28 15:00:00+00:00,1.485340933434206,1.4888216523940028,1.4835614804485442,1.4865439607043933,371674.5574174095,552510.5686763284,590.0
2026-09-28 15:01:00+00:00,1.4865369575055003,1.4887253492767532,1.4849298326735998,1.4861903654048083,173903.28509909002,258453.38682651316,451.0
2026-09-28 15:02:00+00:00,1.4864010551034708,1.4882503491606136,1.4856809400601967,1.4882152462870015,282358.89667981985,420210.8149636841,455.0
2026-09-28 15:03:00+00:00,1.4884315151972443,1.4908065764591911,1.4873398169138023,1.4884888845934134,175701.01889849995,261529.01364215446,449.0
2026-09-28 15:04:00+00:00,1.487631640970326,1.4878459804366049,1.485021209288866,1.4854903762725782,165917.2378425101,246468.46007277718,363.0
2026-09-28 15:05:00+00:00,1.4855942292067805,1.4878426188585163,1.4842577663190952,1.487837530310772,142675.85874647993,212278.49731233128,394.0
2026-09-28 15:06:00+00:00,1.4877690128450785,1.487863636764023,1.4854829260922928,1.4873679177279977,103693.19555274003,154229.932351841,396.0
2026-09-28 15:07:00+00:00,1.4872607307664985,1.4872786172421901,1.482709185331803,1.483949657391146,278840.51970558014,413785.2936838647,432.0
2026-09-28 15:08:00+00:00,1.4843217366303934,1.485097818458835,1.4830085765618817,1.4839855293723871,89499.21306798002,132815.5370830984,342.0
2026-09-28 15:09:00+00:00,1.4841848324147782,1.4939074409765423,1.4841512367600667,1.4937549702470432,188288.9818440901,281257.60247236484,541.0
2026-09-28 15:10:00+00:00,1.4938605707642179,1.494332771090729,1.4893624441609588,1.489384656799619,199507.4124196999,297143.27897569473,418.0
2026-09-28 15:11:00+00:00,1.489328808203625,1.489328808203625,1.4830280402212985,1.4832475875561775,184431.17402500007,273557.0939427349,409.0
2026-09-28 15:12:00+00:00,1.4830268855512279,1.4858674118198942,1.4809200949786772,1.4851154452221342,231753.7275278398,344181.04023939697,522.0
2026-09-28 15:13:00+00:00,1.48505926509166,1.4853459178315964,1.4799857408496178,1.4816643255143025,273125.5924016398,404680.44664646994,425.0
2026-09-28 15:14:00+00:00,1.4810345898464314,1.483279202118593,1.4797524853570692,1.481255598207263,119565.9587911701,177107.7458144396,375.0
2026-09-28 15:15:00+00:00,1.4813301996192692,1.48289900863194,1.4792522635945677,1.4810938019311424,287044.9586393598,425140.50911633694,510.0
2026-09-28 15:16:00+00:00,1.4808494729020802,1.4815267163432555,1.478708228977732,1.4795687062204983,102549.69015387006,151729.3123842745,356.0
2026-09-28 15:17:00+00:00,1.4798862741924892,1.4802580760763675,1.4747393020429065,1.4756830884429386,157884.8403504002,232987.98882659886,427.0
2026-09-28 15:18:00+00:00,1.475330343418681,1.4793524874013029,1.4747719497023564,1.479015681863285,170806.65180485995,252625.71658594962,414.0
2026-09-28 15:19:00+00:00,1.4789906306520777,1.482808985337745,1.4785991096579147,1.4818547770873967,112664.78989768012,166952.85711942517,356.0
2026-09-28 15:20:00+00:00,1.4815882126174198,1.4835023556114548,1.4806831328808097,1.4811903783635785,161307.74140079998,238927.47451842518,360.0
2026-09-28 15:21:00+00:00,1.481499681846627,1.4834032062636835,1.4778860512975656,1.483280957375864,206217.3729874899,305878.3024324197,419.0
2026-09-28 15:22:00+00:00,1.4834259079520065,1.4851709590717297,1.4812899999914995,1.4815648271777582,167082.6599991701,247543.7922860706,328.0
2026-09-28 15:23:00+00:00,1.4816063900268883,1.4852003483298,1.4785424632305197,1.4850036101771076,211241.93054925985,313695.02948643273,441.0
2026-09-28 15:24:00+00:00,1.4845919193312225,1.4899244257296282,1.4837649706827585,1.4877955011610553,290232.76570133,431807.00309996936,517.0
2026-09-28 15:25:00+00:00,1.4882653722106054,1.4904548743410968,1.4859082467026967,1.4896886237890703,474603.3122751095,707011.1551088423,590.0
2026-09-28 15:26:00+00:00,1.489462695189565,1.4928877888174303,1.4881210115509873,1.4928492850927904,213472.46183878,318682.2120430207,382.0
2026-09-28 15:27:00+00:00,1.492500528479181,1.4927480801209332,1.4902128609694847,1.4913853163907962,254353.27748050998,379338.74321030633,424.0
2026-09-28 15:28:00+00:00,1.4914359117018594,1.4919676295890907,1.4900655879716618,1.491601180248178,101343.56153716006,151164.17599938178,279.0
2026-09-28 15:29:00+00:00,1.4918258085603449,1.4922304894937481,1.4891431591115323,1.4902575783196923,91002.00679612003,135616.430270218,249.0
2026-09-28 15:30:00+00:00,1.490153891996087,1.4905030119320442,1.4880521243785396,1.4892343970564936,43801.087104519975,65230.08554451876,211.0
2026-09-28 15:31:00+00:00,1.488731726407396,1.4892707526410258,1.4866599802187423,1.486819195084201,165019.7684470901,245354.5592954837,261.0
2026-09-28 15:32:00+00:00,1.4872177243844615,1.491530334040832,1.4869626981495805,1.4902907774031653,100505.78878662002,149782.85010433028,304.0
2026-09-28 15:33:00+00:00,1.4902912799326333,1.4906773189272156,1.486868235289533,1.4869535912190743,78497.31801996005,116721.86893084535,257.0
2026-09-28 15:34:00+00:00,1.486912710286075,1.488977968714334,1.4869117307385562,1.48828543382731,90490.76057122005,134676.08085410146,274.0
2026-09-28 15:35:00+00:00,1.4885210294076308,1.4901115600452337,1.4871242635181188,1.489818009680494,61469.69583303,91578.6599016301,261.0
2026-09-28 15:36:00+00:00,1.4900315401015742,1.4955451587376203,1.4898147180078065,1.4953129907562726,281051.78013908,420260.3779171421,521.0
2026-09-28 15:37:00+00:00,1.4952379537141745,1.4962487453775233,1.4914942445214598,1.4952017873543966,500407.4828886498,748210.1628206238,532.0
2026-09-28 15:38:00+00:00,1.4952810807508305,1.4977629424755594,1.4934679000266233,1.4956498469586152,113725.02476531013,170092.8158856008,310.0
2026-09-28 15:39:00+00:00,1.4955648232105447,1.4960559378449758,1.4926909192484306,1.4960383130698593,167036.8388177001,249893.51056535405,315.0
2026-09-28 15:40:00+00:00,1.496001490390873,1.496246256591956,1.493754660319363,1.4939493392222665,239568.2805473698,357902.87442235765,420.0
2026-09-28 15:41:00+00:00,1.493437424241781,1.4948778421542166,1.4924123689950206,1.4945647534550928,99369.68422639,148514.427606725,241.0
2026-09-28 15:42:00+00:00,1.4947188119778876,1.4954087772012299,1.492494889437746,1.493032707283604,188137.74055754,280895.80012684426,302.0
2026-09-28 15:43:00+00:00,1.492650064699093,1.493346988103579,1.4910404924510534,1.4910404924510534,101953.75852378004,152017.18231653277,202.0
2026-09-28 15:44:00+00:00,1.4909154757212078,1.4914874205354924,1.4893667747546986,1.490042275327607,207892.98712030004,309769.33955338475,254.0
2026-09-28 15:45:00+00:00,1.4902417284092597,1.4933882669035934,1.4896855478213789,1.4933882669035934,66654.16987808995,99540.55523613845,265.0
2026-09-28 15:46:00+00:00,1.4935145836549877,1.4956183972614154,1.491713422045975,1.4929535416550588,59502.91380639,88835.08590604564,275.0
2026-09-28 15:47:00+00:00,1.4924189073410647,1.4939691646219222,1.4919760570328622,1.4938231151710615,54158.351439049984,80902.99725921078,180.0
2026-09-28 15:48:00+00:00,1.493612892590989,1.4942693154426643,1.4924115764096968,1.4924357081841735,36754.85519127999,54854.2583366047,206.0
2026-09-28 15:49:00+00:00,1.492475398645333,1.49353357562963,1.4917032252340428,1.4934702396697344,120222.2425417001,179548.34138238578,274.0
2026-09-28 15:50:00+00:00,1.4938228958737036,1.4966131405516905,1.493727292830632,1.4961301496052795,180990.44711604994,270785.2647208622,293.0
2026-09-28 15:51:00+00:00,1.495865666218063,1.496057597097522,1.4928713205225297,1.4929505316192078,99897.08658200009,149141.40851980707,252.0
2026-09-28 15:52:00+00:00,1.4928648846353239,1.4934071333074561,1.4911846415850964,1.4922062023957114,97697.65982609,145785.05395203782,250.0
2026-09-28 15:53:00+00:00,1.4915708336466074,1.4929330021028904,1.4909669713467917,1.4920858375378587,93457.25947631999,139446.2532797179,203.0
2026-09-28 15:54:00+00:00,1.4918898707513624,1.4951627513638137,1.4914286793044793,1.4951625780698117,146762.56950499993,219433.90178524563,329.0
2026-09-28 15:55:00+00:00,1.4950101709328774,1.4952910245765572,1.4930394397066518,1.4930394410850336,528291.0047264998,788759.306427104,438.0
2026-09-28 15:56:00+00:00,1.492797400782971,1.4935615731809142,1.4919293868102617,1.492741696500429,44373.613661079995,66238.34333629516,188.0
2026-09-28 15:57:00+00:00,1.4928588971572827,1.494069101348266,1.4927783528704803,1.4936511123764,68507.08649261997,102325.68594536807,293.0
2026-09-28 15:58:00+00:00,1.493963706185883,1.494356581417103,1.4930375765952861,1.4936032956545402,103499.79782555005,154587.63913182018,212.0
2026-09-28 15:59:00+00:00,1.493292517926751,1.4952907686030001,1.4930034531602854,1.4943139526518376,1358159.5908109196,2029516.8264766678,606.0
2026-09-28 16:00:00+00:00,1.4943696889410858,1.495118948232541,1.49310015095172,1.4949860962232746,500333.8315891396,747992.1216958811,409.0
2026-09-28 16:01:00+00:00,1.4951466041863575,1.498107624112279,1.4943621285045579,1.495946948874876,137100.14255159008,205094.53994036172,315.0
2026-09-28 16:02:00+00:00,1.496005334636383,1.4960126438551067,1.4923380724141968,1.4925171931954793,95001.18298078004,141790.89897272395,283.0
2026-09-28 16:03:00+00:00,1.4925008026525965,1.4930987661209063,1.4898215046169572,1.491211937791082,105205.58934193017,156883.8307490325,241.0
2026-09-28 16:04:00+00:00,1.4909963746461399,1.4946976310137097,1.4909294684820027,1.4935073952458913,99368.50644386001,148407.59922844393,328.0
2026-09-28 16:05:00+00:00,1.4932211734871568,1.494398203459015,1.4908767688738156,1.4917388290155758,155916.93212953,232587.34175860608,333.0
2026-09-28 16:06:00+00:00,1.4914110460020313,1.4931471348082772,1.4908752097686164,1.4925302563783927,116013.37331254005,173153.46981348758,254.0
2026-09-28 16:07:00+00:00,1.4928927439477324,1.4976325471354532,1.4922020634111137,1.49593714191215,138635.83477745004,207390.49444358368,407.0
2026-09-28 16:08:00+00:00,1.495952269750358,1.4991515445455847,1.4959507057077663,1.4979815840832003,130488.49327084004,195469.359854483,409.0
2026-09-28 16:09:00+00:00,1.4976772091167831,1.4984164719593989,1.4956970678247574,1.4973338590446388,305757.03910825,457820.36729801854,349.0
2026-09-28 16:10:00+00:00,1.4974069569304447,1.4984966533129571,1.496447577837213,1.4975065842673951,167615.03107043006,251004.61265015302,264.0
2026-09-28 16:11:00+00:00,1.4975026565329195,1.4987004949009564,1.4970031339187313,1.497203482344827,450546.02166643,674559.0725955869,433.0
2026-09-28 16:12:00+00:00,1.4973305469379918,1.4975404431520316,1.4943918201082789,1.4953014320945794,85433.12124967002,127748.26855294143,275.0
2026-09-28 16:13:00+00:00,1.4949123741418422,1.4956353731927337,1.4940769497529112,1.495045204407544,182902.98909676,273448.23672091635,271.0
2026-09-28 16:14:00+00:00,1.4947694487638403,1.4949974664411247,1.4933502407407642,1.494997008498015,106909.06750561007,159828.73610219941,208.0
2026-09-28 16:15:00+00:00,1.4950270856193073,1.495803823051307,1.494468739131695,1.4946201057140684,163472.45433322995,244329.21697687038,286.0
2026-09-28 16:16:00+00:00,1.4946312618713864,1.5001045488690967,1.493687213057708,1.4998321013920353,672257.17727583,1008272.894869486,790.0
2026-09-28 16:17:00+00:00,1.4997206795406817,1.506149331750913,1.499361299421293,1.5058038711547694,393266.8442255199,592182.7364316076,625.0
2026-09-28 16:18:00+00:00,1.5058367508953059,1.5084586791282495,1.5023142888798204,1.5023874599245055,290337.5800544499,436199.53941863275,427.0
2026-09-28 16:19:00+00:00,1.5021375300281516,1.5068673413308624,1.5019886015891108,1.5068673413308624,95757.75370175,144294.23173237158,263.0
2026-09-28 16:20:00+00:00,1.506875782363283,1.5103296365832506,1.5061811405779646,1.5094744850926147,165418.2224920801,249694.58622116817,391.0
2026-09-28 16:21:00+00:00,1.5097238069905332,1.512439434803934,1.5082830950107287,1.509617608937811,339681.0704234902,512788.52533414547,539.0
2026-09-28 16:22:00+00:00,1.5101996673429072,1.5125555574992797,1.5098359326121267,1.5118631876106534,148412.57857574002,224379.51412703487,356.0
2026-09-28 16:23:00+00:00,1.5120896001589597,1.5149991430927625,1.5091808291420825,1.514312355246795,313991.30106053007,475480.90663597675,402.0
2026-09-28 16:24:00+00:00,1.5137713765801115,1.5164520867355258,1.5129257730338201,1.5144628985380195,211031.4187972201,319599.2541942287,432.0
2026-09-28 16:25:00+00:00,1.5146756368280092,1.5156628600067714,1.513046989080057,1.5139881406180578,150345.31952641002,227621.03076041728,321.0
2026-09-28 16:26:00+00:00,1.514026412103753,1.5196691106960507,1.5136089382634996,1.5191302905743813,780928.1021946804,1186331.5348047048,699.0
2026-09-28 16:27:00+00:00,1.5189200646265353,1.5211740341954805,1.5182587121272804,1.5198305577286628,457419.05020723975,695199.4501921844,583.0
2026-09-28 16:28:00+00:00,1.5194505187935197,1.5204661247403668,1.5175044503533894,1.5191532267597831,353574.86166362,537134.3919974322,445.0
2026-09-28 16:29:00+00:00,1.5190287668919245,1.5196463099943105,1.5135675449787303,1.5143364421301184,303810.04841295996,460070.6277970608,391.0
2026-09-28 16:30:00+00:00,1.5142879833149836,1.5160738463592427,1.512358415649813,1.513335650910756,656088.6665027892,992882.3691771685,648.0
2026-09-28 16:31:00+00:00,1.5132256546396867,1.5144626830158492,1.5119664897254248,1.5130735384955707,189074.41540009002,286083.49474839563,304.0
2026-09-28 16:32:00+00:00,1.5129686214933404,1.5144750302118408,1.5097062143087805,1.51064841109448,309508.6852314996,467558.8035649064,397.0
2026-09-28 16:33:00+00:00,1.5107294042957808,1.5118460215891134,1.5089078724759397,1.5100522332887545,243791.51865835994,368137.9272069135,286.0
2026-09-28 16:34:00+00:00,1.5098607357930223,1.5118274055624268,1.509365009511606,1.5097314145977838,229102.08121745996,345882.60916373215,322.0
2026-09-28 16:35:00+00:00,1.509818161109943,1.5111815735844716,1.5088069906555868,1.5088069906555868,150539.8903147,227135.63887934462,234.0
2026-09-28 16:36:00+00:00,1.5087132884843688,1.509568968382514,1.508252395988423,1.5084368010504312,43557.41158405999,65703.60259189644,151.0
2026-09-28 16:37:00+00:00,1.5083382386046345,1.508886845958453,1.5070784664840287,1.5083686984434284,105263.30181421996,158775.86955137274,224.0
2026-09-28 16:38:00+00:00,1.5080240009484664,1.5080240009484664,1.5043872904728657,1.5051450363399792,658631.6114514903,991336.1007528125,469.0
2026-09-28 16:39:00+00:00,1.5053730431967405,1.5053730431967405,1.502256078084391,1.5031882612878023,767987.9655795194,1154430.4946694344,508.0
2026-09-28 16:40:00+00:00,1.5031752750117964,1.505594841393656,1.501987136481146,1.5032286802002122,214617.17775914003,322618.6968711664,275.0
2026-09-28 16:41:00+00:00,1.502903921413701,1.5036689730860247,1.5005040121229745,1.5005297843789878,132292.28633312,198508.51588643985,260.0
2026-09-28 16:42:00+00:00,1.5006430267754005,1.502748051977662,1.4997203898363474,1.5011670646607516,165078.43149155998,247810.30444098607,283.0
2026-09-28 16:43:00+00:00,1.5008233672068565,1.5011413832860798,1.4996609468124311,1.500439938356081,45349.44221431999,68044.11428053695,161.0
2026-09-28 16:44:00+00:00,1.5002608030018127,1.5015842476748773,1.499499549540778,1.500815168832822,112061.35618711005,168183.38320559257,234.0
2026-09-28 16:45:00+00:00,1.500811047530949,1.5026653575908082,1.5007239464811362,1.5011513507518983,91522.93930267011,137389.78395898725,263.0
2026-09-28 16:46:00+00:00,1.5007964708109587,1.5021467751509796,1.499902263154048,1.500220451000217,199055.20513931988,298626.6896280512,284.0
2026-09-28 16:47:00+00:00,1.5000183092547887,1.5003079679907556,1.4985099741181216,1.4992637528441417,172840.47201164006,259133.4547115243,341.0
2026-09-28 16:48:00+00:00,1.4990993469723,1.4992857611215251,1.4972750929098522,1.4975959042477784,92771.69692591002,138934.51334635905,223.0
2026-09-28 16:49:00+00:00,1.4978787479416178,1.4982737917049223,1.4964072568188007,1.4972009445365577,123163.70683630998,184400.81820794698,234.0
2026-09-28 16:50:00+00:00,1.4969115694224475,1.4991424965385187,1.4961719228474066,1.4984964402847951,81799.30733241003,122575.97085537836,254.0
2026-09-28 16:51:00+00:00,1.4983505900336012,1.498476568619629,1.496263242561159,1.4982251642933586,142503.81673171,213502.80423529685,268.0
2026-09-28 16:52:00+00:00,1.4974257926489611,1.4996097317667543,1.496246243944502,1.4987389232758304,162916.41890049004,244169.1782468746,269.0
2026-09-28 16:53:00+00:00,1.498528022879833,1.499448666917298,1.4977390454997785,1.498795162801719,104188.20664204001,156156.7801360755,226.0
2026-09-28 16:54:00+00:00,1.499049593561477,1.4995894252382111,1.4983381983756507,1.4994503581353418,26117.91610134,39162.518651903076,203.0
2026-09-28 16:55:00+00:00,1.4997999972900038,1.5007034223982392,1.4991472312368923,1.4998949412453162,58200.40854676999,87294.49835771098,221.0
2026-09-28 16:56:00+00:00,1.5003627819852163,1.5010867405723578,1.4990388347559813,1.499233373359273,29012.302760259994,43496.21253618514,175.0
2026-09-28 16:57:00+00:00,1.4988312690652421,1.4998489454490016,1.4978938359518235,1.4988675167365877,57838.11915762999,86691.67803451171,238.0
2026-09-28 16:58:00+00:00,1.4991679750485511,1.4999093647383246,1.4991154201075545,1.4993983849544497,29070.65989761001,43588.500500036535,164.0
2026-09-28 16:59:00+00:00,1.499386904414608,1.500034229576734,1.498880122975103,1.4998288509118944,26031.600297670007,39042.945161852134,144.0
2026-09-28 17:00:00+00:00,1.4992095735967357,1.4992362376114456,1.4944320295421987,1.4948209431882482,114254.60904589007,170790.18245758195,367.0
2026-09-28 17:01:00+00:00,1.4945303059720925,1.4952726838173276,1.4928654761321314,1.4928706792916258,172782.18807262997,257941.46247748056,337.0
2026-09-28 17:02:00+00:00,1.4930387434106132,1.4985252106091094,1.492660630880331,1.4985174052251007,259671.1213212201,389121.6949341671,391.0
2026-09-28 17:03:00+00:00,1.4984413995745238,1.4992679862974265,1.491882374655955,1.4934179684375226,361569.6727521802,539974.6461301808,596.0
2026-09-28 17:04:00+00:00,1.493326081057416,1.4939339076056775,1.4925493740657763,1.4931977311224063,92499.04867445998,138119.36961168467,303.0
2026-09-28 17:05:00+00:00,1.4932154851798685,1.493579333476151,1.4921525473854762,1.4928236208068906,65973.25242330003,98486.42955895772,254.0
2026-09-28 17:06:00+00:00,1.4925189219535637,1.493802888568843,1.4910813471885758,1.4936392544447208,78292.22083066007,116940.33435032854,315.0
2026-09-28 17:07:00+00:00,1.4934308814350248,1.4937233906867422,1.4912672884623104,1.4913609011103839,70317.97632538002,104869.48053687738,241.0
2026-09-28 17:08:00+00:00,1.4911083714042972,1.4915833006334043,1.4895429093914827,1.489922874799858,220820.70324242004,329005.81699027284,349.0
2026-09-28 17:09:00+00:00,1.4900152830292492,1.491088354623785,1.4894479226042372,1.490286816584703,134873.81830928006,201000.6733287606,285.0
2026-09-28 17:10:00+00:00,1.4900993645971834,1.4909620382987399,1.4898503152213196,1.4906088989235013,45634.73922471,68023.5483884061,200.0
2026-09-28 17:11:00+00:00,1.4907921565573816,1.5030274147258211,1.4907765373706499,1.5024665647057864,1268232.3793526897,1905476.7462546814,1220.0
2026-09-28 17:12:00+00:00,1.5036209999685741,1.507706156186548,1.5026270362924476,1.507067935053953,561604.7393379903,846376.4948306186,786.0
2026-09-28 17:13:00+00:00,1.5068687602029467,1.5137364976844232,1.5062207587601497,1.5134291277304095,533555.1079191897,807497.8415742439,712.0
2026-09-28 17:14:00+00:00,1.513180467542698,1.5190275370907074,1.5131608241854977,1.5190275370907074,345696.5698609102,525122.6090965241,593.0
2026-09-28 17:15:00+00:00,1.5191838437577396,1.519410953091429,1.5121188740787384,1.515102804861209,321593.21407645,487246.7806715606,482.0
2026-09-28 17:16:00+00:00,1.5151062148254317,1.51920717303332,1.5148903005550296,1.5172870554521087,195031.8348843499,295919.2784710971,435.0
2026-09-28 17:17:00+00:00,1.517426250741147,1.5176257977528391,1.5115681346286052,1.512352095101679,342894.6603677899,518577.4580064057,556.0
2026-09-28 17:18:00+00:00,1.5118513856418228,1.5119264576025717,1.5079304157258049,1.5080183189935363,136150.10010459,205316.84509052552,306.0
2026-09-28 17:19:00+00:00,1.5081957290236552,1.5091452987705591,1.5055038278579813,1.507217993871298,373264.9920615801,562591.7125174408,378.0
2026-09-28 17:20:00+00:00,1.5072949907105877,1.508792556237803,1.5067672129746472,1.5085270007521538,326400.03521133005,492383.26616274513,321.0
2026-09-28 17:21:00+00:00,1.507715885690819,1.5096874483410916,1.5076276563308328,1.5095845557587104,237288.13866658992,358206.50939581543,262.0
2026-09-28 17:22:00+00:00,1.5094352286979902,1.5095404609278917,1.5076401827470813,1.5087970306239216,114737.58104810999,173115.7215863599,264.0
2026-09-28 17:23:00+00:00,1.509018084383109,1.5111504917443848,1.5074748206043074,1.5078049256386141,115906.99779183994,174765.14218652024,317.0
2026-09-28 17:24:00+00:00,1.507337563234851,1.508444931999203,1.5063094199562328,1.5064545704852197,113388.18341790003,170814.1471489119,271.0
2026-09-28 17:25:00+00:00,1.5064253004956216,1.5075650419380942,1.5060808201476457,1.5068616299729776,195429.79568694002,294485.6604741084,226.0
2026-09-28 17:26:00+00:00,1.5069327375117691,1.5069801560550442,1.5042813478566868,1.5044931467166243,140028.48886040002,210671.901835557,259.0
2026-09-28 17:27:00+00:00,1.504451844258635,1.505115461171727,1.5025038842745042,1.5034883522511584,218981.6242063201,329236.3213512426,297.0
2026-09-28 17:28:00+00:00,1.503391595015371,1.5045994888194962,1.503144189160877,1.5037799498773383,124533.5813708,187271.10275182707,219.0
2026-09-28 17:29:00+00:00,1.503475789463703,1.5054434054031058,1.5034096346395567,1.5045196668234508,214454.77958889006,322651.4335357735,224.0
2026-09-28 17:30:00+00:00,1.5045345584846102,1.509331752047632,1.5045270536758655,1.5090891385304352,83861.49124600997,126554.46558031882,240.0
2026-09-28 17:31:00+00:00,1.5089141639161383,1.5091828599705392,1.5070414971225534,1.5089300375086923,84514.67686154002,127526.73452671859,198.0
2026-09-28 17:32:00+00:00,1.5086867082325919,1.5097728569367013,1.5082146910863414,1.5092888289021544,61824.34491142002,93310.793129,146.0
2026-09-28 17:33:00+00:00,1.5090519085869185,1.5093967680275906,1.5053009553625387,1.505593405537281,64777.591885770016,97528.71516980062,215.0
2026-09-28 17:34:00+00:00,1.5054624405148362,1.5055441586386722,1.503321249215861,1.5034487224481592,39429.78877698998,59280.66556316635,155.0
2026-09-28 17:35:00+00:00,1.5033029194235947,1.5064077276135321,1.5032251279330764,1.5064077276135321,44665.87908788998,67285.02541864914,180.0
2026-09-28 17:36:00+00:00,1.5065618706752544,1.507181923982182,1.505884619330232,1.5063189185643218,48105.725884240004,72462.5649907001,168.0
2026-09-28 17:37:00+00:00,1.5062025663247038,1.5066323325563404,1.5033461097808543,1.5039048501453625,45805.41304594998,68886.98284271584,167.0
2026-09-28 17:38:00+00:00,1.5035994636857506,1.5069839221192978,1.5034206043194656,1.5063788973861947,41159.87114571999,62002.36131304753,158.0
2026-09-28 17:39:00+00:00,1.5061974784345942,1.506482744739613,1.50541309768528,1.5060096232635811,52660.833080249984,79307.7213879336,203.0
2026-09-28 17:40:00+00:00,1.5061070114435073,1.5067755067456672,1.505511430488994,1.5061134071627886,87487.2190337,131765.67354204308,166.0
2026-09-28 17:41:00+00:00,1.5064177808763444,1.5087639265585657,1.506083723225066,1.5085850822248519,62733.77603724001,94639.23868141515,157.0
2026-09-28 17:42:00+00:00,1.5085841147005175,1.508715364241103,1.5052635578002331,1.5073515494681424,93190.74996863004,140471.22136131275,200.0
2026-09-28 17:43:00+00:00,1.5075686086982607,1.5079076894161765,1.506815399959336,1.5070749789057516,66662.64457707002,100465.60366978942,165.0
2026-09-28 17:44:00+00:00,1.5070541597582732,1.507060272667505,1.5063369340344592,1.506440767397022,25600.83684123999,38566.14429712352,113.0
2026-09-28 17:45:00+00:00,1.5063347663000421,1.5074043241663444,1.505650014824564,1.5061723269042688,67284.40626175003,101341.9107436322,199.0
2026-09-28 17:46:00+00:00,1.5063861864093633,1.5065278391577421,1.5053017380962934,1.505741394122803,34054.63859761999,51277.478998328545,120.0
2026-09-28 17:47:00+00:00,1.505746804433389,1.5068636185113882,1.5049787382496311,1.5055354727072436,145475.77578830998,219018.94086890627,182.0
2026-09-28 17:48:00+00:00,1.5050270766470515,1.5067497364477473,1.5048061278842628,1.5066924132676143,46051.292379269995,69385.1328490148,145.0
2026-09-28 17:49:00+00:00,1.5066508761166921,1.5074979386665055,1.5043559718927828,1.5052881189971772,151388.37006829,227883.11481814482,253.0
2026-09-28 17:50:00+00:00,1.5050210575740095,1.5059486855745956,1.5045893657403235,1.5046067112230614,34107.638588459995,51318.58192416758,120.0
2026-09-28 17:51:00+00:00,1.5042010573785765,1.5045662247250224,1.5034392256785583,1.5043444207824792,74043.1117693,111386.34208751998,142.0
2026-09-28 17:52:00+00:00,1.5041159924357113,1.5063018555738823,1.5041155609005383,1.5062049729658458,70816.93896000003,106664.8256317708,174.0
2026-09-28 17:53:00+00:00,1.5060991839457598,1.5064811575716317,1.504339319281366,1.5043484416506128,35627.41165198998,53596.04119871602,124.0
2026-09-28 17:54:00+00:00,1.5045424843282527,1.505774408345165,1.5045393377427965,1.504799692660908,22831.097708999987,34356.22881561434,94.0
2026-09-28 17:55:00+00:00,1.5047336905116702,1.5050571430100472,1.5027559434790987,1.5050009620107783,155977.8419971899,234746.80225813598,316.0
2026-09-28 17:56:00+00:00,1.504864927770582,1.5071183045354386,1.5043468277446588,1.5065177911620105,37232.215603439996,56090.995210962166,135.0
2026-09-28 17:57:00+00:00,1.506440711869844,1.5081953309014504,1.5064322389911102,1.5076190979362476,55511.06380397002,83689.53993762277,174.0
2026-09-28 17:58:00+00:00,1.5079379355712548,1.5081947242264924,1.507166207184918,1.5075942760402383,46655.73637470999,70337.92110295512,162.0
2026-09-28 17:59:00+00:00,1.5073120617909024,1.5075686149901206,1.506166582648192,1.5063549706031956,38078.257869339985,57359.373013390534,151.0
2026-09-28 18:00:00+00:00,1.506470117588171,1.5069280088086185,1.5041731881822604,1.5042491629653492,44037.99324188,66244.11447277169,163.0
2026-09-28 18:01:00+00:00,1.5042045205214882,1.5054447583080997,1.5032445172587114,1.5052887670869635,37040.61949265999,55756.828448243505,161.0
2026-09-28 18:02:00+00:00,1.5053160738069455,1.5098301433648564,1.5052688118500668,1.509735619451099,130393.01154669002,196858.97405953635,255.0
2026-09-28 18:03:00+00:00,1.5095590385557622,1.5106838741929072,1.5087601642961652,1.509169506627691,130408.07916480002,196807.8964934061,243.0
2026-09-28 18:04:00+00:00,1.5092086844926937,1.5119465409403132,1.5088231246349395,1.5118208425174768,75983.64284190004,114873.65493878837,229.0
2026-09-28 18:05:00+00:00,1.5115787210053497,1.5118793256146537,1.5097517138811702,1.5103031884638969,152631.49041571995,230519.82663485856,248.0
2026-09-28 18:06:00+00:00,1.5104365615531825,1.5110151161736458,1.5083444841573184,1.5089831896494055,109874.64958273001,165798.99918895864,242.0
2026-09-28 18:07:00+00:00,1.508727194166042,1.5098906216367385,1.5081014192733206,1.5087937495338237,150585.70007818998,227202.76304714807,220.0
2026-09-28 18:08:00+00:00,1.509189386467447,1.5105116365703044,1.5087835344531788,1.5094050671077581,85345.67666217002,128821.19680961977,170.0
2026-09-28 18:09:00+00:00,1.509208175760253,1.5095662260996119,1.5088686126536872,1.5092899376353257,49178.75689084001,74225.00292075876,184.0
2026-09-28 18:10:00+00:00,1.5092006827949405,1.51135137562731,1.509199134176833,1.5100457739386557,74340.17891889001,112257.07301031341,183.0
2026-09-28 18:11:00+00:00,1.5103595959861758,1.5117665851382105,1.5103487002297367,1.5109659374281597,335488.06649948005,506911.04089434765,315.0
2026-09-28 18:12:00+00:00,1.51173718424717,1.5118707250153283,1.5108665173967575,1.5109945297947966,38154.10413178,57650.64263234063,150.0
2026-09-28 18:13:00+00:00,1.5110869976343677,1.5120847721708899,1.5107868692232798,1.5120552089708181,40109.73983623999,60648.14104985101,157.0
2026-09-28 18:14:00+00:00,1.51204267021742,1.5128518827351776,1.5118085645633104,1.5124247699959943,44396.36888245003,67146.1679956968,144.0
2026-09-28 18:15:00+00:00,1.51230771553452,1.5131614646745444,1.5120415031544439,1.5127296956677585,71469.31724031999,108113.75851853174,174.0
2026-09-28 18:16:00+00:00,1.5128358903208965,1.5153685616235277,1.5127629789361796,1.5152779484364767,58838.53193260999,89156.7299558594,168.0
2026-09-28 18:17:00+00:00,1.5149443020636748,1.5149975586210758,1.5129317305854004,1.5129317305854004,64740.71376228999,97948.28011171544,195.0
2026-09-28 18:18:00+00:00,1.5131200499561779,1.515095242103186,1.5128148955964544,1.514635942620612,102810.12029237003,155719.90345997238,200.0
2026-09-28 18:19:00+00:00,1.5143638257600833,1.5143638257600833,1.5116963684418003,1.5117766284442915,85820.49085635002,129741.41231824698,184.0
2026-09-28 18:20:00+00:00,1.511621242451935,1.5118338153692104,1.5104572062315396,1.510647706536779,75492.58930257004,114042.7068904504,148.0
2026-09-28 18:21:00+00:00,1.510618366454226,1.5108427920601775,1.5082976424467955,1.5086311770280032,396675.17919679015,598436.5424894476,272.0
2026-09-28 18:22:00+00:00,1.5086260746323492,1.5111260482881788,1.5086176924793326,1.510200550522949,205925.04891818,310988.1222427006,225.0
2026-09-28 18:23:00+00:00,1.510246865816216,1.5109677067661407,1.5088717086904055,1.509355744871527,144959.91919426003,218796.0868119687,233.0
2026-09-28 18:24:00+00:00,1.509569495808804,1.5104248758928742,1.5091759914661382,1.5101162955838208,61160.90868084,92360.08485165045,171.0
2026-09-28 18:25:00+00:00,1.510133849101125,1.511720159992377,1.5087484008665233,1.509447166787012,49562.61913064001,74812.15502528832,212.0
2026-09-28 18:26:00+00:00,1.5098044574161062,1.5102135076553505,1.509197342254124,1.5101421821040193,23054.039618360002,34814.87769558268,124.0
2026-09-28 18:27:00+00:00,1.5105118992125433,1.511583270004831,1.5097862571344098,1.5100913537761524,69890.94617794,105541.71353054163,200.0
2026-09-28 18:28:00+00:00,1.5100148773396114,1.5100149724267238,1.5081331563883817,1.509002036107178,30499.55231419,46023.88654247011,144.0
2026-09-28 18:29:00+00:00,1.5091288514005747,1.509401846329293,1.5085493498104288,1.508755407958469,29631.429580119988,44706.57962454658,108.0
2026-09-28 18:30:00+00:00,1.5085515763638673,1.5093022277459316,1.506533345962383,1.5086589358669602,228392.77176151,344566.7960054252,375.0
2026-09-28 18:31:00+00:00,1.508502083902877,1.508502083902877,1.505260586408522,1.506957467593728,66399.10428365,100060.62604178106,184.0
2026-09-28 18:32:00+00:00,1.5069191692856916,1.5069191692856916,1.5045259360946455,1.5047048560702247,103168.08056941003,155237.51182423547,223.0
2026-09-28 18:33:00+00:00,1.5042670230524822,1.5067703747849017,1.5041221526808832,1.50600533914375,51353.185571969996,77338.1716534266,172.0
2026-09-28 18:34:00+00:00,1.5062499483738327,1.509964512911419,1.5062499483738327,1.5097715639927518,76004.68571035007,114749.71321569277,221.0
2026-09-28 18:35:00+00:00,1.5096195830070764,1.509622400957153,1.5084745321719168,1.5094258057319454,39670.57589981999,59879.79099143608,138.0
2026-09-28 18:36:00+00:00,1.50929204752537,1.5095521896204322,1.5078293748761429,1.5092863577563818,74760.91783201002,112835.63337719854,178.0
2026-09-28 18:37:00+00:00,1.5096854012613246,1.5103817877149277,1.5092323318163763,1.509388061737624,23708.898265,35785.92799814287,99.0
2026-09-28 18:38:00+00:00,1.5094323935180287,1.5098110274500423,1.5074191818960216,1.5074191818960216,147846.60351035002,222866.8061096773,266.0
2026-09-28 18:39:00+00:00,1.5075191570125661,1.5075405622945806,1.5054703521843664,1.5062743681549886,79554.95655551998,119831.59191926343,190.0
2026-09-28 18:40:00+00:00,1.5062034873977295,1.5064885922632782,1.5049173297254959,1.506189705209053,40959.13896549,61692.23344404801,173.0
2026-09-28 18:41:00+00:00,1.5064671708805486,1.5073739413320748,1.505448581925275,1.5072899361047487,64143.10335549999,96682.25415827187,192.0
2026-09-28 18:42:00+00:00,1.5073978574626357,1.508216105501639,1.506155173865472,1.506662686463187,50548.650049469994,76159.76488062197,150.0
2026-09-28 18:43:00+00:00,1.506767611065694,1.5070121119348223,1.5059386083012425,1.5067772919614753,38077.29158105999,57373.99829373705,129.0
2026-09-28 18:44:00+00:00,1.5068334826563792,1.5093655623537139,1.5067135348256218,1.509087894114339,448166.77520863985,676323.0550116207,299.0
2026-09-28 18:45:00+00:00,1.508533225661957,1.5085333683567643,1.5066502647084035,1.5075997246286017,61621.844859199955,92901.07634083627,206.0
2026-09-28 18:46:00+00:00,1.5075641487457059,1.5086464557146166,1.507340276056623,1.5079273977635002,46314.658486149994,69839.14244932537,160.0
2026-09-28 18:47:00+00:00,1.5081716634432636,1.508928792317238,1.5064692912802753,1.508927689338468,48130.506270139995,72625.45361289299,190.0
2026-09-28 18:48:00+00:00,1.5091118008230209,1.5112626512542882,1.5083512010887237,1.5096433647594123,142843.67732076003,215643.00966511993,294.0
2026-09-28 18:49:00+00:00,1.5095152141954513,1.5106086219199755,1.509016578171885,1.5101621604430462,82643.76147083996,124805.48136994346,187.0
2026-09-28 18:50:00+00:00,1.5102087403215683,1.511890974566512,1.510002614978063,1.5113750157361858,36287.05542341999,54843.34896159123,136.0
2026-09-28 18:51:00+00:00,1.5112078461205578,1.511483525470128,1.5102880940233967,1.5113757756421424,78454.34815586999,118574.00129657668,191.0
2026-09-28 18:52:00+00:00,1.5115014382980696,1.5148366610478199,1.5115011532160467,1.514833240063546,180847.06758268,273953.14934226224,238.0
2026-09-28 18:53:00+00:00,1.5149333319423035,1.516461484569683,1.5133902930671,1.513409292799276,186745.22453056998,282621.9581904519,299.0
2026-09-28 18:54:00+00:00,1.5135063128945927,1.5141140085159828,1.512265113339413,1.5136838872144711,57791.16492116,87477.55516451405,189.0
2026-09-28 18:55:00+00:00,1.5137320762181776,1.5142551213999123,1.5131032996590952,1.51357288999598,38894.31502478001,58869.38079647034,178.0
2026-09-28 18:56:00+00:00,1.5133995039565322,1.5137922003811153,1.511437432927368,1.511787046044144,111589.80137512991,168700.0161895604,243.0
2026-09-28 18:57:00+00:00,1.5118702451896044,1.5128015588219388,1.5110369175991,1.5113629503448458,37080.345608849995,56041.860539198075,128.0
2026-09-28 18:58:00+00:00,1.5114613911074217,1.5123523913001746,1.5114199638611423,1.5118986320114594,27142.545296050004,41036.777102407075,130.0
2026-09-28 18:59:00+00:00,1.5118585840551886,1.5125130699293032,1.5114848171104307,1.511831418512191,39659.61462726,59958.65143957733,169.0
2026-09-28 19:00:00+00:00,1.512023693598433,1.5120990763045816,1.5090238013543793,1.5096116466583638,143254.48981043996,216258.64625394208,235.0
2026-09-28 19:01:00+00:00,1.5098893451350328,1.509978831436054,1.507951454293082,1.508040855591578,84354.17346017998,127209.53991761021,188.0
2026-09-28 19:02:00+00:00,1.5080066399344634,1.508058703099584,1.504820488346081,1.5060590114000791,275503.3647604701,414924.325168549,383.0
2026-09-28 19:03:00+00:00,1.5059155579743435,1.506155646476021,1.5042824201735994,1.5042824201735994,76284.46542919002,114753.38027747124,263.0
2026-09-28 19:04:00+00:00,1.5042088995283391,1.5045554758223203,1.5034322734379915,1.5036866746115667,81006.77643057998,121808.81027190144,191.0
2026-09-28 19:05:00+00:00,1.5033997169949578,1.5034403387794109,1.5018565271689086,1.503007104861657,211983.94143277005,318613.3700900308,306.0
2026-09-28 19:06:00+00:00,1.5030548481030077,1.5031121930528328,1.498769958315036,1.4991025979542212,141621.89280345,212305.7474288461,403.0
2026-09-28 19:07:00+00:00,1.4989446063373386,1.500305161129758,1.4980887092591513,1.498294668747115,73954.42204837,110805.51628534688,251.0
2026-09-28 19:08:00+00:00,1.4982943648901248,1.4984165728980603,1.4970248934804165,1.497251487971941,117228.79938567997,175520.9943133735,294.0
2026-09-28 19:09:00+00:00,1.4968969198442945,1.4971012180685368,1.4950393038896344,1.495815262903843,125481.80807215,187697.60373109262,323.0
2026-09-28 19:10:00+00:00,1.4957278537611405,1.4961568239428755,1.4941987180494944,1.4949334602813664,113087.42003362,169058.16814515187,365.0
2026-09-28 19:11:00+00:00,1.4951923206195217,1.4959843009580966,1.4945236415219691,1.4946214412771621,165695.80660645,247652.5052837142,286.0
2026-09-28 19:12:00+00:00,1.4947131556538107,1.4976479645630085,1.4946859556444874,1.4969147046203581,126728.60188315989,189701.90765488124,286.0
2026-09-28 19:13:00+00:00,1.496805969915563,1.4992097897789385,1.4967829881490058,1.4985713108586867,143266.26913992,214694.72074684335,295.0
2026-09-28 19:14:00+00:00,1.498286918381093,1.4983377838434817,1.4971879480672428,1.4973652459013123,51536.539304879996,77169.02284915428,191.0
2026-09-28 19:15:00+00:00,1.4971453658350977,1.4973110588892056,1.494379130202379,1.4972705804886521,153361.07579208005,229623.02697557188,339.0
2026-09-28 19:16:00+00:00,1.497388740781459,1.4980039647000813,1.4937968630151932,1.4940231038082834,113327.1584049899,169313.392945996,273.0
2026-09-28 19:17:00+00:00,1.4943334350346484,1.4966014510267887,1.493122937417131,1.4947076495649514,129939.11179887992,194220.98438346124,243.0
2026-09-28 19:18:00+00:00,1.4948103207982362,1.4971419934319117,1.4942665182737997,1.4966075798549596,82433.8109930801,123371.06636857477,198.0
2026-09-28 19:19:00+00:00,1.496636398802226,1.4968677907716834,1.4950678163457192,1.4968129942724633,127327.07920526003,190584.82667719235,215.0
2026-09-28 19:20:00+00:00,1.49681130581968,1.4970200569321355,1.4959848098865791,1.4966487720802375,239619.40092453,358626.08216029993,273.0
2026-09-28 19:21:00+00:00,1.496422007600013,1.4975300320844496,1.4954374548166802,1.496734989995279,131830.60257993007,197315.47563354325,235.0
2026-09-28 19:22:00+00:00,1.4961870398829709,1.496723093249882,1.4944900031116595,1.4950436525082884,170587.46283114003,255035.7035031895,294.0
2026-09-28 19:23:00+00:00,1.4953250747405142,1.4954708313783793,1.494625353132605,1.4950747902357442,75796.94857983004,113322.10699849889,130.0
2026-09-28 19:24:00+00:00,1.49518184969993,1.4962206322126488,1.4951687181249347,1.4960520996728843,52966.82518692001,79241.1300338983,176.0
2026-09-28 19:25:00+00:00,1.4960007724235442,1.4962067723880583,1.4939492126791738,1.4942241665724083,90607.47032001999,135387.8718241661,265.0
2026-09-28 19:26:00+00:00,1.494045969135844,1.495309629857513,1.4940425354857185,1.4948741775651717,80506.19663272,120346.63448023732,168.0
2026-09-28 19:27:00+00:00,1.4954952420467642,1.4961468003865237,1.4951724866133684,1.49559588931715,43326.92794255,64799.57532761814,160.0
2026-09-28 19:28:00+00:00,1.4949365152078413,1.4959275039932507,1.4947436479622578,1.4957348695551806,86077.86252324999,128749.6604728021,180.0
2026-09-28 19:29:00+00:00,1.4957831124963743,1.4957831124963743,1.4932914870398746,1.4935592345875153,131429.58714733997,196297.87358193423,248.0
2026-09-28 19:30:00+00:00,1.4935134223084297,1.49382041458931,1.492494981218738,1.4930326595998957,151005.80763986002,225456.60259557047,266.0
2026-09-28 19:31:00+00:00,1.4930841534965296,1.4938531815603182,1.491852755371108,1.493308061117592,273286.81154281,408101.3986740023,346.0
2026-09-28 19:32:00+00:00,1.4933412815632627,1.4940990894310486,1.491536060918087,1.4919763910134178,104578.62905029996,156028.8455475975,253.0
2026-09-28 19:33:00+00:00,1.4922256927727535,1.4926465901616208,1.4888859403295942,1.4894123983164855,233335.98995643,347533.5164145578,388.0
2026-09-28 19:34:00+00:00,1.4896184354179778,1.4907761953988048,1.4886877761371047,1.4899313172912834,236971.33994851998,353071.0206897789,356.0
2026-09-28 19:35:00+00:00,1.4898172457931058,1.4900088418868873,1.4883629762061203,1.4889223200169834,305574.99339923,454977.4281111559,438.0
2026-09-28 19:36:00+00:00,1.4887579438622391,1.4887595241154887,1.4867919157535854,1.4872156997791364,167740.0843624,249465.68694603807,410.0
2026-09-28 19:37:00+00:00,1.487102096079986,1.487150543192295,1.4837684058825753,1.484068257447697,472689.39227386995,701503.3227058931,712.0
2026-09-28 19:38:00+00:00,1.4841914934158433,1.4851385798026193,1.48167447647734,1.4836662430098018,881284.6953583799,1307532.3529844051,819.0
2026-09-28 19:39:00+00:00,1.483660144680194,1.4848059545094068,1.4808241511246625,1.4817007426676168,314843.59428095014,466503.98747022566,531.0
2026-09-28 19:40:00+00:00,1.4815147378673164,1.481594346943902,1.4799958229188688,1.4800016093863673,1683868.4059154303,2492127.9507496934,1164.0
2026-09-28 19:41:00+00:00,1.4801828816625504,1.4824219567458747,1.479016232876464,1.4824093165731633,832825.3489734806,1234588.0563965838,625.0
2026-09-28 19:42:00+00:00,1.4823231313518297,1.4845938800262835,1.4820228128307018,1.4845934039853501,224083.78243902983,332673.3053490719,217.0
2026-09-28 19:43:00+00:00,1.4845901068026695,1.4865189804582615,1.4838611121590435,1.4843966110206277,461154.29808259994,684535.8772314077,334.0
2026-09-28 19:44:00+00:00,1.4842174049175263,1.487542050873114,1.4835562564292382,1.486383068655489,411268.32742876984,611302.2785643854,417.0
2026-09-28 19:45:00+00:00,1.4861366137058514,1.4895327312670588,1.4861352931120435,1.4893965865392662,163870.62530505005,244068.34996339664,278.0
2026-09-28 19:46:00+00:00,1.4893553037462783,1.4893553037462783,1.4870205892215638,1.4874693820061438,218966.98594569016,325706.6872643837,270.0
2026-09-28 19:47:00+00:00,1.4872878711410027,1.4886330789137048,1.4867117111089392,1.4871720790383476,105255.94577472004,156533.70370893797,228.0
2026-09-28 19:48:00+00:00,1.487151196969655,1.4875983859700463,1.4862371194610817,1.486972414482632,62521.05947108001,92967.09075772406,197.0
2026-09-28 19:49:00+00:00,1.486960238911112,1.4873374132926076,1.4859515834204409,1.4867449799314691,108916.89486197004,161931.64666575758,228.0
2026-09-28 19:50:00+00:00,1.4868469827654747,1.4894192752815005,1.4863333890356523,1.4883736336189775,130688.63556146009,194513.51938331666,348.0
2026-09-28 19:51:00+00:00,1.488250334573502,1.4907801823042939,1.487894675105805,1.4906040579531539,130974.56303476,195231.21514825438,308.0
2026-09-28 19:52:00+00:00,1.4906708215860274,1.492387712753274,1.490500604705627,1.49148679695106,338128.60325795994,504314.3474307504,331.0
2026-09-28 19:53:00+00:00,1.4916616370376756,1.4927074154413376,1.4905619658701266,1.4910196151657233,81749.38201691999,121889.93211490374,234.0
2026-09-28 19:54:00+00:00,1.4912666289319394,1.4914156636717832,1.4896876683979459,1.4897964217067832,83550.28267308002,124472.91215894485,247.0
2026-09-28 19:55:00+00:00,1.48964854882252,1.4912199172838856,1.4894073157430654,1.4896620835029202,169879.70193188995,253063.35072471426,323.0
2026-09-28 19:56:00+00:00,1.489543362671875,1.4900584083082726,1.4888906557641595,1.4893540497755489,72311.77097478,107697.82894773058,262.0
2026-09-28 19:57:00+00:00,1.489335030684145,1.4895127042312633,1.4871596358683028,1.4874358546173339,144622.86729437995,215117.2382112253,346.0
2026-09-28 19:58:00+00:00,1.4874266193230792,1.4892486860768757,1.4863021165121781,1.4877311372585684,459070.88639208995,682974.0518944031,585.0
2026-09-28 19:59:00+00:00,1.486746259274761,1.4873968839044112,1.4793822797698168,1.4835796334401075,1879438.9969247924,2788297.4181307266,1953.0
2026-09-28 20:00:00+00:00,1.4839975763459896,1.4867332021937951,1.483926890825642,1.4850324885375141,390408.1794159,579768.8302233943,594.0
2026-09-28 20:01:00+00:00,1.4846518250393501,1.4851705914489166,1.4763249011633581,1.4774800760714797,3266545.3950899276,4826255.738828408,1648.0
2026-09-28 20:02:00+00:00,1.4778798559538222,1.48134360052804,1.4754930711176173,1.4813333779010174,363406.9202035496,538326.8006577296,577.0
2026-09-28 20:03:00+00:00,1.4813411858987964,1.4842302829313334,1.4813250917896361,1.4824444398699645,148161.07006203994,219640.55451865538,298.0
2026-09-28 20:04:00+00:00,1.4818998836295072,1.4869391995101373,1.4814158678716212,1.4862458038056396,334891.98884059,497731.813142452,422.0
2026-09-28 20:05:00+00:00,1.485837450764712,1.4881484050614744,1.4858298324870538,1.4871952172500762,102766.77192785,152834.2517033279,281.0
2026-09-28 20:06:00+00:00,1.487440943317621,1.4893208974252286,1.486381371078753,1.4893208974252286,118291.5202622,176174.03311469432,281.0
2026-09-28 20:07:00+00:00,1.4891965752628318,1.490674833300843,1.4890163134789978,1.4904129443326246,59576.51854091998,88793.61441165974,236.0
2026-09-28 20:08:00+00:00,1.4904603002881271,1.4914536385282275,1.4892907450238613,1.4906235525564773,123119.72981889994,183525.16905244227,350.0
2026-09-28 20:09:00+00:00,1.4906050380748719,1.4914322980200851,1.489945962102204,1.4913041363555695,136147.45280799005,203037.25952683025,290.0
2026-09-28 20:10:00+00:00,1.4913295630364967,1.4920625909512872,1.4907787954696359,1.4915378581851297,93219.29021394004,139040.10046723814,231.0
2026-09-28 20:11:00+00:00,1.4912318784564644,1.4923520303355227,1.4906844427313262,1.4914107692780951,171854.53735087003,256305.7077543922,295.0
2026-09-28 20:12:00+00:00,1.4909791232175724,1.4909791483945167,1.4882142857982774,1.4888110876205798,95480.15544577005,142151.91407539893,259.0
2026-09-28 20:13:00+00:00,1.489146549242317,1.4916910582733092,1.4881732022163574,1.4911048979202381,270687.4919684,403623.4450798264,380.0
2026-09-28 20:14:00+00:00,1.4910227819307678,1.4911573769653053,1.4898468396547295,1.4907823216236007,84925.10381064998,126604.84342296606,203.0
2026-09-28 20:15:00+00:00,1.4901444334071394,1.4908225951647585,1.488961631106749,1.4889616833418178,77915.13544487998,116012.65122981423,257.0
2026-09-28 20:16:00+00:00,1.4886020432624953,1.4887130912793034,1.4866270952576133,1.4866273395922958,68329.28094525001,101580.17714789156,213.0
2026-09-28 20:17:00+00:00,1.4867566275862851,1.4877243379211762,1.486747455226205,1.4872512714823594,70175.39616781002,104368.44717735374,165.0
2026-09-28 20:18:00+00:00,1.4865463596084425,1.487620934140721,1.4864581250268594,1.4875344909424661,148021.42844052,220186.98020384557,246.0
2026-09-28 20:19:00+00:00,1.4874393642161983,1.491050509421644,1.4873593510881582,1.4899587571712964,253453.81260418976,377635.7276280653,482.0
2026-09-28 20:20:00+00:00,1.4901656103753307,1.4915801653593506,1.490099870970139,1.4909813238202765,101094.75731072004,150730.39508642696,221.0
2026-09-28 20:21:00+00:00,1.4910213465761109,1.4913263946915674,1.4902583649576904,1.4910540075578382,55292.02395394999,82443.39390252111,182.0
2026-09-28 20:22:00+00:00,1.4910062528535444,1.4920197351412297,1.4907350878233365,1.4918093763119176,52138.03146877998,77780.0042075718,167.0
2026-09-28 20:23:00+00:00,1.4917843265069175,1.4919480776892209,1.4890544908830412,1.4891377190525075,171613.85799657993,255556.66905482794,264.0
2026-09-28 20:24:00+00:00,1.4890437777143797,1.4943276946316018,1.4889362689167582,1.4940753157782491,199813.25032939,298536.0450825617,308.0
2026-09-28 20:25:00+00:00,1.49395826736299,1.4941983121244078,1.4921803616663278,1.4930577490207664,158403.69327658994,236505.8617201213,257.0
2026-09-28 20:26:00+00:00,1.4929199396491883,1.4931553955294152,1.4921848776912048,1.4930931349313084,49918.18089227,74532.49319850755,166.0
2026-09-28 20:27:00+00:00,1.4930419456334179,1.4930419456334179,1.491110857277892,1.492502620701988,177421.02385188983,264801.3430665755,254.0
2026-09-28 20:28:00+00:00,1.492319855694686,1.4929996939424006,1.4922089998503447,1.492631711479095,101731.92249358002,151848.293583651,235.0
2026-09-28 20:29:00+00:00,1.49259189226287,1.4927485681347272,1.4904538163953802,1.491023824040303,626854.81106736,934655.4575157168,388.0
2026-09-28 20:30:00+00:00,1.4911157719533816,1.4913127072784977,1.4902396976484231,1.4904369695139927,23106.448424980004,34438.70496675857,90.0
2026-09-28 20:31:00+00:00,1.4905177643736436,1.4926406011448963,1.490160339154847,1.4917973509077704,89757.52907987002,133900.04410537725,234.0
2026-09-28 20:32:00+00:00,1.4917856579761888,1.492802996516049,1.491667388811349,1.4922269140773783,130507.58740421003,194746.93441586808,212.0
2026-09-28 20:33:00+00:00,1.4922495946114538,1.4926328994760876,1.4916937500696432,1.4920627254576617,42837.72928267001,63916.57910591809,127.0
2026-09-28 20:34:00+00:00,1.4919501881428825,1.492714347558837,1.4917632152596838,1.492624879780398,40673.69437801,60710.56818120182,160.0
2026-09-28 20:35:00+00:00,1.4926811265890376,1.4929207015835428,1.4918488628361746,1.4923991305750017,56081.09293074,83695.37433153225,184.0
2026-09-28 20:36:00+00:00,1.4924049521358675,1.4924058474368247,1.4915120261075285,1.491521793502223,508395.50998899963,758282.98286727,498.0
2026-09-28 20:37:00+00:00,1.4912244201979148,1.49134812214219,1.4896986188886323,1.4909140393661182,98987.02442499,147581.14443029446,208.0
2026-09-28 20:38:00+00:00,1.4907390816280754,1.4917503552286324,1.4903798149484984,1.4913722157718863,31938.602694189998,47632.34466869207,130.0
2026-09-28 20:39:00+00:00,1.491468401823023,1.4922034929696564,1.4911981406303496,1.4918424280850457,73918.90344457001,110275.35639613138,167.0
2026-09-28 20:40:00+00:00,1.4919102471261436,1.4934810127500486,1.4919087094091537,1.4928004825571284,981601.5999127212,1465335.3420285594,334.0
2026-09-28 20:41:00+00:00,1.4930080211302275,1.494317646809178,1.4930080211302275,1.4939695924558631,46909.028081979995,70080.66156613629,219.0
2026-09-28 20:42:00+00:00,1.4937651950629438,1.4938513797997068,1.4920113079032407,1.4920113079032407,45631.16457560998,68082.21353960388,206.0
2026-09-28 20:43:00+00:00,1.4916663146647093,1.4925103958927066,1.4899641003542665,1.4922704640187898,310652.6809905601,463577.8204104642,278.0
2026-09-28 20:44:00+00:00,1.4920795527752417,1.492280451867162,1.4915885599565504,1.4918282447231173,33581.614188200016,50098.00054935136,133.0
2026-09-28 20:45:00+00:00,1.4917483377752405,1.4917561540820392,1.4906921077879676,1.49082569696471,48288.67438149999,71989.99664030166,131.0
2026-09-28 20:46:00+00:00,1.4909364309221769,1.4920416227659736,1.4899118554289792,1.4920345551531196,44498.99223231,66394.03408009678,174.0
2026-09-28 20:47:00+00:00,1.4921893670634654,1.4932074136326257,1.4915305762034388,1.4921075533695205,47980.965744239984,71592.7614049447,169.0
2026-09-28 20:48:00+00:00,1.4922425467286373,1.4930032649596707,1.4912251064179076,1.4915035450260428,74912.76889450003,111732.66037386346,218.0
2026-09-28 20:49:00+00:00,1.4915785054977704,1.4917305300198844,1.4909270596490036,1.49143321598389,121244.24199023002,180827.68975101775,200.0
2026-09-28 20:50:00+00:00,1.4914716118020892,1.4914743862903561,1.490016676571008,1.4903345513532704,50527.57302242001,75302.98787133793,184.0
2026-09-28 20:51:00+00:00,1.4903238739757765,1.4921221328966028,1.489985926862408,1.4915870561066022,94593.43157518003,141094.3381302441,300.0
2026-09-28 20:52:00+00:00,1.4914796395410594,1.491717514770265,1.4905740977796937,1.4909209763020115,43174.45747732998,64369.7042934105,123.0
2026-09-28 20:53:00+00:00,1.4910467637323486,1.4918664264064707,1.4909728108679778,1.4918033641472412,32101.069335249995,47888.48322704979,127.0
2026-09-28 20:54:00+00:00,1.4921695412692328,1.4937261352919062,1.4921073512127614,1.49281463211938,51356.29731782001,76665.43208751499,194.0
2026-09-28 20:55:00+00:00,1.4928330558497211,1.494024787470667,1.4926285035262608,1.4935266334805375,55571.21585726999,82997.09093772872,207.0
2026-09-28 20:56:00+00:00,1.4935987473555774,1.4943803666545963,1.4934976652295808,1.4943756492538927,33189.68621747,49597.858889764706,163.0
2026-09-28 20:57:00+00:00,1.4944324564219997,1.4952918833177227,1.4933892715232127,1.4940018108295807,84571.61045833008,126350.13916951904,267.0
2026-09-28 20:58:00+00:00,1.4939091161725155,1.494387682634965,1.4935387726287561,1.49410662042499,39122.85171015002,58453.71175004028,147.0
2026-09-28 20:59:00+00:00,1.4942463978410836,1.494845059233769,1.4936701634878786,1.4944736115134873,50949.73439113999,76143.03356117991,213.0
2026-09-28 21:00:00+00:00,1.4944877868290973,1.4970139428952836,1.4944877868290973,1.4967105056105752,131377.54864648002,196634.15726055106,425.0
2026-09-28 21:01:00+00:00,1.4968304598573363,1.4989810474609555,1.4968304598573363,1.4987985605601921,89383.45402259007,133967.7922269561,347.0
2026-09-28 21:02:00+00:00,1.49881661212473,1.4995792407225663,1.4968875659403762,1.4986563314607073,358213.12213462,536838.3634993559,433.0
2026-09-28 21:03:00+00:00,1.499280675447059,1.5000639055488114,1.4984179358292635,1.4987525533887411,55780.20925036,83600.73104253532,214.0
2026-09-28 21:04:00+00:00,1.4987254177944422,1.5001008430045706,1.4983567702262555,1.498917562624823,74659.77240540004,111908.84408002625,262.0
2026-09-28 21:05:00+00:00,1.4989329904478477,1.4993163046196432,1.4973811020330434,1.4974618516824065,32723.75060697001,49002.568177906585,178.0
2026-09-28 21:06:00+00:00,1.4973250102908475,1.49809029739542,1.4963868226063608,1.497039179692766,80363.96301469003,120308.00126837136,244.0
2026-09-28 21:07:00+00:00,1.496942890800785,1.496942890800785,1.4939637020624597,1.4941538033669566,91184.52530597997,136243.70529414047,196.0
2026-09-28 21:08:00+00:00,1.4939934663677437,1.4963468290748076,1.4938272806508812,1.496089294959915,46329.44567903002,69312.9877218237,233.0
2026-09-28 21:09:00+00:00,1.49594646713137,1.4966970201983427,1.4958635596268903,1.4965793443162618,28565.76232457001,42750.92984959916,201.0
2026-09-28 21:10:00+00:00,1.4966134008439353,1.4970801712278758,1.4946334983912577,1.4950204823133537,54857.10705480002,82012.49864738241,289.0
2026-09-28 21:11:00+00:00,1.4949228739770362,1.4954097564305173,1.4941232150312076,1.494702213635347,74863.00065459,111897.8927978001,185.0
2026-09-28 21:12:00+00:00,1.4945893482926698,1.4949991566858443,1.493709456908017,1.4949990545847187,50848.31936864004,76018.1893833387,189.0
2026-09-28 21:13:00+00:00,1.4948000129061074,1.4948000294785542,1.4938088626155404,1.4941960588698104,34665.085330270005,51796.43388087512,154.0
2026-09-28 21:14:00+00:00,1.494092758421439,1.494311412201663,1.4931444646885734,1.4934352947069773,30267.299731659994,45202.25369473606,163.0
2026-09-28 21:15:00+00:00,1.4934848145365471,1.4940513523390409,1.4920490705992835,1.4921279256177118,21255.15899188999,31715.416295243467,182.0
2026-09-28 21:16:00+00:00,1.4920830846244368,1.4933131161118767,1.4919577647037867,1.4926645760560304,37187.601174619995,55508.614941854896,187.0
2026-09-28 21:17:00+00:00,1.4926037568834536,1.492606047806043,1.490050615155924,1.4903403788556666,93303.80442941995,139054.42724201674,310.0
2026-09-28 21:18:00+00:00,1.4901531955748166,1.490566556272801,1.489414474336278,1.4896239233378603,98897.63092493001,147320.27698721393,178.0
2026-09-28 21:19:00+00:00,1.490224244574521,1.4928305507525454,1.4888854923274666,1.492830432093696,70898.83122298004,105839.93284953931,256.0
2026-09-28 21:20:00+00:00,1.4927622871998638,1.492864004854933,1.4916404034270867,1.4916418058290168,69828.88078467002,104159.67783266433,200.0
2026-09-28 21:21:00+00:00,1.4914308419339102,1.4922122156031863,1.4903740835223362,1.4906202850400534,89501.70007368004,133413.0496753983,217.0
2026-09-28 21:22:00+00:00,1.4907451249114112,1.491162725855186,1.4902831548159625,1.4910872365856722,21888.444909290003,32637.580832950956,133.0
2026-09-28 21:23:00+00:00,1.4908446698371194,1.4912497162730403,1.48924718755316,1.4895597686955167,68321.93475173003,101769.60532561717,188.0
2026-09-28 21:24:00+00:00,1.4895708675643085,1.4903982651888856,1.489552564487158,1.4901472442049664,41708.06652162001,62151.16038830947,147.0
2026-09-28 21:25:00+00:00,1.4901039793529907,1.4910040596334084,1.4894009523261071,1.49052635847073,42634.16587181001,63547.348003346044,227.0
2026-09-28 21:26:00+00:00,1.4905166921913682,1.4907082675649936,1.4895223832487716,1.4898072684107209,75029.49945701995,111779.49363628656,227.0
2026-09-28 21:27:00+00:00,1.489614235928105,1.4898086221335074,1.488242742199902,1.489032215096961,86528.98586763997,128844.44749658559,207.0
2026-09-28 21:28:00+00:00,1.4892870296056948,1.4934895627137634,1.489203282386496,1.4926313855109778,406631.5437603101,606951.0045554194,459.0
2026-09-28 21:29:00+00:00,1.4924538972754486,1.4925348465300008,1.4918090249670841,1.4924375756393058,37320.69771437,55698.81161800174,126.0
2026-09-28 21:30:00+00:00,1.492499351279728,1.4936079951793433,1.49236975171585,1.493139974559681,74943.87283233,111901.69237426919,191.0
2026-09-28 21:31:00+00:00,1.4931124357835543,1.493114905639915,1.4915305637704324,1.491866763681114,65981.90064031002,98436.20456978814,196.0
2026-09-28 21:32:00+00:00,1.491635716284486,1.4921577189890862,1.4909312530699947,1.4918108082355457,93597.52706422005,139629.80249852248,187.0
2026-09-28 21:33:00+00:00,1.4917779813741137,1.4925036778576088,1.4916490239986004,1.4922587155822786,72851.40125542003,108713.1384657823,172.0
2026-09-28 21:34:00+00:00,1.4922130479569722,1.4932525975531064,1.4921278074617965,1.4930784518259008,42322.80542912999,63191.268807054235,117.0
2026-09-28 21:35:00+00:00,1.4929136492294193,1.4937831702796454,1.4929131793970907,1.4933017091450904,34497.52009763001,51515.205723058,123.0
2026-09-28 21:36:00+00:00,1.493214015282847,1.494676886499567,1.4931970482584622,1.4940214907153857,43564.34917170001,65086.073891548825,169.0
2026-09-28 21:37:00+00:00,1.4938968402545554,1.4941579387806967,1.4921523796698652,1.492501504632103,64092.30466423001,95657.86114670245,177.0
2026-09-28 21:38:00+00:00,1.4923186506325488,1.4924604611331627,1.4913499210480174,1.4914913169745923,56293.60271804,83961.41965517396,122.0
2026-09-28 21:39:00+00:00,1.4913632012067388,1.4914370481982726,1.4887490961869343,1.4889635541637196,88134.01025920002,131228.32915824017,181.0
2026-09-28 21:40:00+00:00,1.4888297725894786,1.4894346436562822,1.4876670924699158,1.4887514967120397,101124.23609038001,150548.8578334149,301.0
2026-09-28 21:41:00+00:00,1.488429725799661,1.4884461035386463,1.4868816510806195,1.4879561077228476,81310.68917235002,120986.73657715222,267.0
2026-09-28 21:42:00+00:00,1.4879301816388015,1.4882350412718675,1.4878299380715325,1.4879952299079873,72011.09950335004,107152.17256141429,118.0
2026-09-28 21:43:00+00:00,1.4880144918420037,1.4895330140904495,1.4876194963525955,1.4885482379080708,63189.23077240001,94060.21812102248,258.0
2026-09-28 21:44:00+00:00,1.4886018297624375,1.489525741099765,1.4883601829850004,1.4889317554000183,69130.09444994004,102929.99288031828,182.0
2026-09-28 21:45:00+00:00,1.4887817900374198,1.4912130503986791,1.4887270902495984,1.4896486849081796,76347.85166847,113731.4768335011,163.0
2026-09-28 21:46:00+00:00,1.4896068167427485,1.4898914758950472,1.4877168658404705,1.4879070190901988,65424.78523351999,97345.9971714232,186.0
2026-09-28 21:47:00+00:00,1.4879295206243968,1.4879295206243968,1.4855087752505929,1.486264401752658,45973.22492343001,68328.3676374621,260.0
2026-09-28 21:48:00+00:00,1.4859780549809851,1.4863424155067841,1.4852108875069177,1.486234012607947,56421.18659186001,83855.0865445218,161.0
2026-09-28 21:49:00+00:00,1.4860518393515865,1.487689484493425,1.4859079485522722,1.4862480715819006,59345.31724962001,88201.86331966385,194.0
2026-09-28 21:50:00+00:00,1.48567272453348,1.4858678196728443,1.484865651027054,1.485035893653351,72794.71065897,108102.75819668063,131.0
2026-09-28 21:51:00+00:00,1.485148064416378,1.4858905773223847,1.484284044935521,1.4855532067410042,70383.89604968001,104559.02247952764,269.0
2026-09-28 21:52:00+00:00,1.4856265821252599,1.4867915208509563,1.4848537571650757,1.4861077048400535,56531.45205362004,84011.82646268081,203.0
2026-09-28 21:53:00+00:00,1.4862701421471887,1.487353720026751,1.484326125318608,1.484326125318608,47353.060418630055,70287.38469316308,229.0
2026-09-28 21:54:00+00:00,1.484323858703899,1.4853264383883573,1.4835763687753918,1.4845932281878187,167413.60141882993,248541.0989729295,436.0
2026-09-28 21:55:00+00:00,1.4845480802077538,1.4855978892883728,1.4841506386658891,1.4853074295253395,90552.81046760004,134498.76215192626,245.0
2026-09-28 21:56:00+00:00,1.4852325026980469,1.4861618789955338,1.4851280384721703,1.4858321157473762,28868.619912530015,42893.92260334131,162.0
2026-09-28 21:57:00+00:00,1.4860996112316482,1.4869127580854877,1.4855232254926483,1.4863175934869888,21081.47418156,31333.765972694346,172.0
2026-09-28 21:58:00+00:00,1.486034413310489,1.4870145808229904,1.4859448830070148,1.4869266023219136,20706.11570447,30788.474271731997,151.0
2026-09-28 21:59:00+00:00,1.4869495640090553,1.4869495640090553,1.4843308328106302,1.4851058582062233,132215.13627532986,196353.47342602652,287.0
2026-09-28 22:00:00+00:00,1.4854152646320622,1.485885709669415,1.4819441358655872,1.4829760321611045,451002.16868533014,668825.4066130241,455.0
2026-09-28 22:01:00+00:00,1.482889991755063,1.483189199032913,1.4821648258576108,1.4823694382323955,113104.79626588002,167663.0933020421,305.0
2026-09-28 22:02:00+00:00,1.4823940483034812,1.4825916300009403,1.479050538703956,1.4825016799561421,390728.0613745797,579255.007393821,704.0
2026-09-28 22:03:00+00:00,1.4825205347607862,1.4845565758467012,1.4813194335757536,1.4816453709386814,488579.7385739499,723901.907992524,568.0
2026-09-28 22:04:00+00:00,1.4816991887091338,1.482933806046078,1.48050016920327,1.481348699575162,185273.65444724006,274454.88708095695,433.0
2026-09-28 22:05:00+00:00,1.481018609336741,1.4811485215459412,1.4776354095889688,1.4777403651160503,281440.7262305797,415896.3215385032,490.0
2026-09-28 22:06:00+00:00,1.4776977213225413,1.4789813897677633,1.4774767064572782,1.4780829081376594,1482953.2230855622,2191927.812610423,734.0
2026-09-28 22:07:00+00:00,1.4779289986709552,1.4791997210704035,1.4777523219832942,1.4785047943367322,47076.18596511003,69602.36664850276,263.0
2026-09-28 22:08:00+00:00,1.4785578916256001,1.4806182309919838,1.4785569450700895,1.4803561098740505,223412.93350475002,330730.7011386417,447.0
2026-09-28 22:09:00+00:00,1.4800987195079573,1.4802038568192104,1.4785879832358708,1.479136996819281,86999.00986085003,128683.45417182871,284.0
2026-09-28 22:10:00+00:00,1.479237167400084,1.4796179361696937,1.4780408012270072,1.4787458388260708,53713.54877201002,79428.68673519102,281.0
2026-09-28 22:11:00+00:00,1.4788058271409654,1.4790155400247211,1.477940596392077,1.4789069396678536,92194.52571945,136347.123885881,292.0
2026-09-28 22:12:00+00:00,1.4788029162608423,1.4794066680721134,1.4784296239590242,1.4790432757882754,38765.718026970004,57336.174578894315,231.0
2026-09-28 22:13:00+00:00,1.4790411531525254,1.4801207613595044,1.478950836805907,1.4799329362221592,34830.85777917002,51547.33362426353,259.0
2026-09-28 22:14:00+00:00,1.4801045149920729,1.4810143169492838,1.4793242403447804,1.4796526856556798,113723.14005067003,168270.7495971709,304.0
2026-09-28 22:15:00+00:00,1.4795653276741318,1.4798701878767386,1.478942757554749,1.4791215298186846,12914.379468869998,19101.936716654003,127.0
2026-09-28 22:16:00+00:00,1.4792323838356614,1.4809170459210643,1.4791308451867307,1.4803230240126872,101822.7989131599,150730.63360056462,240.0
2026-09-28 22:17:00+00:00,1.4803053130278807,1.483107914866643,1.4801602925835347,1.4829041113962733,114761.79456244994,170180.7369878715,313.0
2026-09-28 22:18:00+00:00,1.4831011333800173,1.4836644938495123,1.4827303013760595,1.483013769545057,35276.52472962001,52315.571915723194,188.0
2026-09-28 22:19:00+00:00,1.4828931421640539,1.4841295026763017,1.482378615441182,1.483674295216387,93695.60764798001,139013.76464198786,226.0
2026-09-28 22:20:00+00:00,1.4833425026796405,1.483403427663383,1.4813553080704573,1.4824326309022,89818.24918931001,133149.50344873822,238.0
2026-09-28 22:21:00+00:00,1.482402141778289,1.4837359940776187,1.4821515069651134,1.4836496804807642,59978.63523545001,88987.28300274772,212.0
2026-09-28 22:22:00+00:00,1.4834906001491193,1.483872454028862,1.4824223133838834,1.4827166716745332,130331.73183169994,193245.03163507595,236.0
2026-09-28 22:23:00+00:00,1.482630263425438,1.4830910193032494,1.4821271916930678,1.4828008741558123,78026.76485205999,115698.15513018456,133.0
2026-09-28 22:24:00+00:00,1.4826209237637715,1.4838919728129125,1.4825232831944528,1.4831982663500698,15446.172791870003,22909.736706645206,139.0
2026-09-28 22:25:00+00:00,1.4826251143326568,1.4832481483160036,1.4822817329738323,1.482742840017123,62331.786811339996,92422.01059998812,188.0
2026-09-28 22:26:00+00:00,1.4828940921478657,1.4841658305173235,1.4828146931465818,1.4840827663790688,37027.291873710004,54951.56575546075,192.0
2026-09-28 22:27:00+00:00,1.4838934133634722,1.4846883626954395,1.4838309572799477,1.484509717191852,38531.384110030005,57200.21412819126,177.0
2026-09-28 22:28:00+00:00,1.484330709392901,1.484330958544485,1.4838284909978303,1.483924664419274,61938.71753732999,91912.3906361426,122.0
2026-09-28 22:29:00+00:00,1.483657132613783,1.4838498335400971,1.482963740080946,1.483839588113324,20767.317746400004,30815.368211036704,145.0
2026-09-28 22:30:00+00:00,1.4835324295555952,1.484233420627013,1.4834722831638352,1.4838593267067943,22237.59799574,32997.46718953512,138.0
2026-09-28 22:31:00+00:00,1.4836922723638135,1.4837663930065628,1.483042504063659,1.4831607710159243,17395.787434840004,25800.74950428643,109.0
2026-09-28 22:32:00+00:00,1.4830617764458678,1.4856431870525517,1.4829047806944058,1.4856431870525517,25310.755879739998,37602.75203188604,193.0
2026-09-28 22:33:00+00:00,1.4855419141544495,1.4864919104855883,1.4854309564878794,1.4863028818948156,31779.171344689996,47233.47395384189,156.0
2026-09-28 22:34:00+00:00,1.4863283417263067,1.4865974737064855,1.4853344759217701,1.4861355411801749,110677.99826416002,164482.5068470459,218.0
2026-09-28 22:35:00+00:00,1.486202796814466,1.487699335611814,1.486202796814466,1.4876983971907007,212319.1108117499,315866.8008475951,259.0
2026-09-28 22:36:00+00:00,1.4876525018346476,1.4894355952501293,1.4876525018346476,1.4893208567072402,54302.97136990003,80874.54784236825,213.0
2026-09-28 22:37:00+00:00,1.489246765309653,1.4919150608165945,1.489246765309653,1.491767945954441,81727.51568413999,121918.48820008888,239.0
2026-09-28 22:38:00+00:00,1.4920721639033139,1.4929960498146047,1.491532285431299,1.4928811062772398,35916.64566524,53619.281714491124,178.0
2026-09-28 22:39:00+00:00,1.4924937343624523,1.492856438628698,1.49121978147248,1.4912883318282173,40244.81474414999,60016.62264453908,186.0
2026-09-28 22:40:00+00:00,1.4916314749791393,1.4929871697893613,1.491546040537314,1.4920130130249127,105661.20654053995,157647.89513039863,187.0
2026-09-28 22:41:00+00:00,1.4918381734789798,1.4926235502163077,1.4917365004460406,1.4920226352782495,51700.71270400001,77138.63361438578,179.0
2026-09-28 22:42:00+00:00,1.491830381124417,1.4920688930017532,1.4918276402625537,1.4920278291373918,11295.170020480002,16852.70800539453,85.0
2026-09-28 22:43:00+00:00,1.491878196155266,1.4920343451089844,1.4914433666206866,1.4918735424158984,74782.42515747003,111565.92153012662,192.0
2026-09-28 22:44:00+00:00,1.4917966351467782,1.491967894477109,1.4913313684053386,1.4917588487981,15426.861105180007,23013.15656283151,117.0
2026-09-28 22:45:00+00:00,1.4915982888230908,1.4918057190367173,1.4913035982246547,1.491511597650593,374373.86949656985,558382.9682114635,310.0
2026-09-28 22:46:00+00:00,1.4916193456155813,1.4916293675474588,1.4913157063650082,1.4916267004945774,584304.6350475501,871564.3948596653,228.0
2026-09-28 22:47:00+00:00,1.4915977613508031,1.4915977613508031,1.490450455746517,1.491235374897545,109650.33636657002,163514.46045924397,233.0
2026-09-28 22:48:00+00:00,1.4911126578305223,1.49148437506897,1.490608507426903,1.4914578005438537,16288.825596499995,24294.09599759831,108.0
2026-09-28 22:49:00+00:00,1.4914012366983216,1.491603834552006,1.4909043535054334,1.4915001059915558,179933.34029846,268370.5961265678,211.0
2026-09-28 22:50:00+00:00,1.4917481439157851,1.4920175584734865,1.491336631925736,1.4919450339683866,25917.844724259998,38667.99972752345,131.0
2026-09-28 22:51:00+00:00,1.4913070633023415,1.4920052373040813,1.491014561650828,1.4918096867511323,61864.04945970004,92289.38824563168,170.0
2026-09-28 22:52:00+00:00,1.49196176089866,1.4928317323642157,1.4917618414845744,1.4927384731723063,16466.00911349,24579.445303312343,139.0
2026-09-28 22:53:00+00:00,1.4925835235280565,1.4930802954319935,1.4921617165668835,1.493001055013829,78939.57191527003,117856.86415183819,184.0
2026-09-28 22:54:00+00:00,1.4929704492711178,1.493335794977066,1.4923489733025348,1.4926088557437802,49864.273806109995,74427.85666823239,185.0
2026-09-28 22:55:00+00:00,1.4926092591211737,1.493189236898469,1.4925748263365723,1.4926406436138269,39347.507212549994,58731.68849034032,120.0
2026-09-28 22:56:00+00:00,1.4927341989658212,1.4933735661603864,1.4924673201241738,1.4930973667722756,28981.051773309995,43271.53208902014,147.0
2026-09-28 22:57:00+00:00,1.4930435083898754,1.493047920314635,1.4925649896281254,1.4928187485587354,9637.449697310003,14386.965596436083,93.0
2026-09-28 22:58:00+00:00,1.4925798434567108,1.4925798434567108,1.4919286500519264,1.492130579479962,26623.846918130002,39726.25612993512,142.0
2026-09-28 22:59:00+00:00,1.492207441279453,1.492420683932865,1.4921409840787865,1.4924054198130818,8211.226288480002,12254.478616239212,80.0
2026-09-28 23:00:00+00:00,1.4923988183903472,1.4938930400615054,1.4918085226886344,1.4934283655083702,203772.87916623004,304320.1978681575,338.0
2026-09-28 23:01:00+00:00,1.493507078486564,1.4952186939153602,1.49349870813245,1.4949615527067552,182884.02475454018,273404.58561230806,297.0
2026-09-28 23:02:00+00:00,1.4950576655734729,1.4974523664051536,1.4948841256861198,1.4974523664051536,68957.54726313998,103260.64233068418,291.0
2026-09-28 23:03:00+00:00,1.4974976686646229,1.498692323340348,1.4974961697846214,1.4985510923720744,113042.37824580004,169399.77940458086,254.0
2026-09-28 23:04:00+00:00,1.4985832123530112,1.5000662556336901,1.4981262358245717,1.4981262358245717,303722.8272924,455015.1359855597,351.0
2026-09-28 23:05:00+00:00,1.4979043254843687,1.4979364543068345,1.496113435879983,1.4964682785379135,118109.70010364,176747.4195927234,188.0
2026-09-28 23:06:00+00:00,1.4964042987332322,1.4964722329655413,1.4943314943028518,1.4953158775208413,68072.29520948004,101789.58384602141,236.0
2026-09-28 23:07:00+00:00,1.4948688401526722,1.4956935814922792,1.4945011772441492,1.4956816639147317,72135.37019027,107891.55051328817,235.0
2026-09-28 23:08:00+00:00,1.4957426732969383,1.4959419873447974,1.4945757659136323,1.495053363493851,61089.28368170002,91331.73904175565,201.0
2026-09-28 23:09:00+00:00,1.4949304527167178,1.4954115112203545,1.494335921619981,1.4944363957103606,27965.5309322,41792.707250443564,165.0
2026-09-28 23:10:00+00:00,1.494417968753826,1.494595610809881,1.4930442201502359,1.4933222855533814,32474.50655245,48494.904347122894,167.0
2026-09-28 23:11:00+00:00,1.4930949110313314,1.493236217599257,1.4921954409868523,1.4926485914184442,48558.70243422002,72481.07878954588,146.0
2026-09-28 23:12:00+00:00,1.4928286999939056,1.4939436483813469,1.4927096638291155,1.493092036841472,17303.460941139998,25835.659741013573,166.0
2026-09-28 23:13:00+00:00,1.4928986367889545,1.4930782004621577,1.491341777281089,1.4914250126878368,30224.78052762,45077.993681892745,149.0
2026-09-28 23:14:00+00:00,1.4911110933202338,1.4921897450289137,1.491097907032907,1.4921897450289137,39676.96601095,59205.56179540035,149.0
2026-09-28 23:15:00+00:00,1.492289416491732,1.494475969306249,1.4922828464900075,1.4937120050875996,35370.89404275,52833.929062337134,259.0
2026-09-28 23:16:00+00:00,1.4935829435264598,1.4951811095908205,1.4934910543059716,1.4948446211717643,134030.81552382992,200355.24365706218,245.0
2026-09-28 23:17:00+00:00,1.4948509275424,1.4954252436795328,1.4946857369334083,1.4949329024374507,39891.30250581001,59634.82063702091,147.0
2026-09-28 23:18:00+00:00,1.4948642213342032,1.4952690460747382,1.4942473145878452,1.4951864869844038,52178.65584490001,78016.82112830428,167.0
2026-09-28 23:19:00+00:00,1.4953984869166028,1.495686652935079,1.4945392161066677,1.4949398827481672,34289.87942591002,51261.308328418716,159.0
2026-09-28 23:20:00+00:00,1.4949857380233105,1.4956876871946005,1.4944774144907593,1.4947366609610313,41170.23923666001,61538.66592757202,144.0
2026-09-28 23:21:00+00:00,1.494687285729365,1.4949967899356347,1.4937332171341537,1.4947414780343626,35177.44523272,52581.186480628734,147.0
2026-09-28 23:22:00+00:00,1.494791936607666,1.494910329120624,1.4944780512041298,1.4948107972899103,18462.226001680006,27597.534769317805,123.0
2026-09-28 23:23:00+00:00,1.4948985267692305,1.4953634739226396,1.4939640835040238,1.4952874004442152,83008.95103642001,124122.23860884961,244.0
2026-09-28 23:24:00+00:00,1.4951197445931594,1.4957125169351624,1.4948371969821626,1.4957125169351624,12249.541826019999,18321.793035898918,139.0
2026-09-28 23:25:00+00:00,1.4955932479343175,1.4963548324352915,1.4949576102444766,1.4960923582484407,9785.644601530003,14640.228108884145,152.0
2026-09-28 23:26:00+00:00,1.4961030699316473,1.497180629612466,1.4961029116578957,1.4970012374771642,56863.50328928999,85124.73479135391,187.0
2026-09-28 23:27:00+00:00,1.4970132504990574,1.497414051382502,1.4967375127178209,1.4973904173548367,35957.93145375001,53843.061986747336,140.0
2026-09-28 23:28:00+00:00,1.49740666047849,1.4976018489659135,1.4965174159254173,1.496517557289997,33906.182719870005,50741.197740968164,128.0
2026-09-28 23:29:00+00:00,1.496402630070291,1.4964978551106998,1.4960109499462697,1.4964931363522962,44021.88608909001,65878.45038160583,128.0
2026-09-28 23:30:00+00:00,1.4965003767601104,1.4969251803587704,1.4962443226761182,1.4963873900134974,17409.83167313,26051.852577929323,130.0
2026-09-28 23:31:00+00:00,1.4964536928025847,1.4965645962845073,1.4955263293323928,1.49620405430757,129169.40996852999,193263.79488743123,145.0
2026-09-28 23:32:00+00:00,1.4962128148653322,1.4966031015697983,1.4957313572849504,1.4963136974793048,28029.12158402,41940.35855448195,148.0
2026-09-28 23:33:00+00:00,1.4962489241250476,1.4963498182035393,1.4956390501340238,1.4961582104473516,11146.574259039999,16677.038596023798,137.0
2026-09-28 23:34:00+00:00,1.4963091602383383,1.4966582260693098,1.4941276518284081,1.4949978903953698,63813.573144880036,95401.15723018628,278.0
2026-09-28 23:35:00+00:00,1.4948208904586253,1.4955203004273858,1.4947960346087044,1.4949760238773606,32789.166002540005,49019.01701673199,132.0
2026-09-28 23:36:00+00:00,1.49530715434748,1.4957957566196443,1.4953036643274513,1.4955963588149574,17202.739428520013,25728.354450937033,132.0
2026-09-28 23:37:00+00:00,1.4955095420339972,1.4962102059867897,1.4954091334752508,1.4960073505967677,91589.4848688399,137018.54260115593,222.0
2026-09-28 23:38:00+00:00,1.4959087967364124,1.496099562099193,1.494821314199727,1.4950397451952715,46020.20407060001,68802.03416754423,164.0
2026-09-28 23:39:00+00:00,1.4951024912896314,1.495102943120351,1.4935275016557157,1.4945576884007141,27019.724812139997,40382.53745645537,148.0
2026-09-28 23:40:00+00:00,1.4944956627246566,1.4960434137983418,1.4943489868520499,1.4959720814161277,63232.24160873004,94593.66809201935,175.0
2026-09-28 23:41:00+00:00,1.4962812462084025,1.4962814865910596,1.4953114342795533,1.4957912923953498,119143.37051435997,178213.6161620125,212.0
2026-09-28 23:42:00+00:00,1.4958157309515139,1.4958161843803497,1.4950636095961798,1.4950710878555276,7238.209484950001,10821.637728790396,100.0
2026-09-28 23:43:00+00:00,1.4951036675912466,1.4965834265556002,1.4949126172200362,1.4962969046189456,80417.74010509998,120328.81559571193,216.0
2026-09-28 23:44:00+00:00,1.4961292067542988,1.496342381159693,1.495300774180314,1.496342335678383,37476.926912620016,56078.312350477885,139.0
2026-09-28 23:45:00+00:00,1.4963190825804358,1.4965987038286506,1.4947472224087224,1.4948383194272703,20495.991194420003,30638.19303206293,185.0
2026-09-28 23:46:00+00:00,1.4944751086486348,1.4958621032902335,1.4939616708398127,1.4958594364012667,42254.39070251002,63206.62906173556,157.0
2026-09-28 23:47:00+00:00,1.4962978491673635,1.496750740123642,1.4960964524324936,1.4965513400960844,20552.5536361,30757.951686502107,165.0
2026-09-28 23:48:00+00:00,1.496190411272589,1.4963584616385186,1.4955329463522997,1.4959761943306968,17134.934453570007,25633.454033957598,96.0
2026-09-28 23:49:00+00:00,1.4960973683779133,1.496177044696779,1.4956576332882026,1.4960009111285721,6973.4123587700005,10432.231242395166,97.0
2026-09-28 23:50:00+00:00,1.4959115631488031,1.4960369677299163,1.4947722429575871,1.4955411253310664,18887.910868380008,28247.647475249916,177.0
2026-09-28 23:51:00+00:00,1.4954267557329524,1.4959511377217385,1.495165879800436,1.4957761390856676,26599.25457327001,39786.530308162604,145.0
2026-09-28 23:52:00+00:00,1.495793401570449,1.4964756020102972,1.4956245306655807,1.4962187855810467,36046.53034573001,53933.495858298505,143.0
2026-09-28 23:53:00+00:00,1.4961986940284064,1.4965752767951903,1.496111863576413,1.496314892281381,53911.296650250035,80668.27603996845,168.0
2026-09-28 23:54:00+00:00,1.496264970631548,1.4971039907822281,1.4961716517819168,1.4971039907822281,36070.09355225,54000.68100496179,198.0
2026-09-28 23:55:00+00:00,1.4970256182974033,1.4972029218119132,1.495617420794508,1.4960861485156063,40236.431772350006,60197.16824030609,162.0
2026-09-28 23:56:00+00:00,1.4961580029541401,1.4964113864467972,1.4958793207334158,1.4963744357175053,53000.27264945999,79308.25307870962,164.0
2026-09-28 23:57:00+00:00,1.4965095441896503,1.4972165955666998,1.4964213332752765,1.4966196378965977,37525.88041066001,56161.96955195301,150.0
2026-09-28 23:58:00+00:00,1.4963456890877578,1.4970536578555662,1.4962809596265076,1.496611805413718,28339.373152590008,42413.04041819078,142.0
2026-09-28 23:59:00+00:00,1.4967002896227566,1.4967034286075998,1.495908188988907,1.4961851750474904,23284.540047290007,34837.9836265549,126.0
2026-09-29 00:00:00+00:00,1.4960409853766523,1.4960966273126406,1.4948904803076382,1.495195624214352,248253.4752764201,371187.50992930913,346.0
2026-09-29 00:01:00+00:00,1.4952112199047105,1.496752073636668,1.4949926828672595,1.4962231763335707,24367.21493788,36458.79173275764,179.0
2026-09-29 00:02:00+00:00,1.4962864788139996,1.4984727643741387,1.496153771717994,1.4983805178989438,53766.534473709995,80562.727770349,273.0
2026-09-29 00:03:00+00:00,1.4981838664268268,1.4984551940230044,1.4965210233220643,1.4980853045879832,13384.675847230004,20051.386193408984,212.0
2026-09-29 00:04:00+00:00,1.498005931237685,1.498892952930839,1.4977240653657626,1.4985967059305532,64748.34192586003,97031.65192455897,207.0
2026-09-29 00:05:00+00:00,1.4986120607368179,1.49896534697841,1.4973528521907302,1.4974450194031086,38091.628583530015,57040.11950336011,186.0
2026-09-29 00:06:00+00:00,1.4974202743990102,1.499727367621394,1.496887158658836,1.4994588007861487,30081.422958339997,45105.854395053415,213.0
2026-09-29 00:07:00+00:00,1.4991704871328129,1.499450366508278,1.4983056204519682,1.4984568074365325,105990.49120209004,158822.17306531372,200.0
2026-09-29 00:08:00+00:00,1.4981938355436677,1.4988963227813623,1.4977657568470235,1.4983889025670105,25415.88335629001,38082.877570002536,141.0
2026-09-29 00:09:00+00:00,1.4984201678213664,1.499348283233856,1.4980546907826515,1.498296101560278,25067.0566803,37557.87330168401,162.0
2026-09-29 00:10:00+00:00,1.497941527187538,1.4980998804227077,1.497403836720621,1.4975974953026443,92752.02704652,138905.20338911147,196.0
2026-09-29 00:11:00+00:00,1.4974496120369092,1.4981155902659133,1.4962334304273055,1.4981155902659133,36374.49673027001,54493.20063969399,205.0
2026-09-29 00:12:00+00:00,1.4983355579909967,1.4988901116431617,1.4968401496330497,1.4988857528068018,45346.85600664,67969.75640293425,235.0
2026-09-29 00:13:00+00:00,1.4989370609363273,1.5000401379948622,1.4986432445823246,1.499753875772077,76832.52470902,115229.87671770662,208.0
2026-09-29 00:14:00+00:00,1.4995425159529951,1.49972175692613,1.4987751994709022,1.4988833116454816,63302.87051576001,94883.61619532749,193.0
2026-09-29 00:15:00+00:00,1.4988213561300867,1.499044753667589,1.496782250857776,1.4970367637593252,20197.412822119994,30236.269527537614,182.0
2026-09-29 00:16:00+00:00,1.496685955239535,1.4967775874131668,1.4958239734414698,1.4964922457233834,120876.10227989993,180890.14975513684,203.0
2026-09-29 00:17:00+00:00,1.4965211807395247,1.4966141391773073,1.4944704165070402,1.4947542964287817,34063.38606616998,50916.392673319875,137.0
2026-09-29 00:18:00+00:00,1.494693896943166,1.4949597215298112,1.4930389185226398,1.4940759684959721,135677.01260240996,202711.76400658587,190.0
2026-09-29 00:19:00+00:00,1.4940448032090714,1.4964381778144504,1.4939545089996171,1.4959405171271458,192427.80380228997,287860.5483296386,269.0
2026-09-29 00:20:00+00:00,1.4956588557771489,1.4956949962411201,1.4944247412508365,1.494798448132001,66121.47396316001,98838.27666833208,155.0
2026-09-29 00:21:00+00:00,1.4951875044647154,1.495738455849428,1.4946492181495463,1.4948175028686315,99035.04887806998,148039.32446038944,177.0
2026-09-29 00:22:00+00:00,1.4945834745633868,1.4947960962773408,1.4938109821613808,1.494192586354049,44066.810828090005,65844.30204359842,184.0
2026-09-29 00:23:00+00:00,1.493983520670127,1.4940805215296982,1.4930809045813827,1.4932726060604895,16866.8285475,25186.773021100787,116.0
2026-09-29 00:24:00+00:00,1.4935431096212226,1.4935476566469195,1.492240086722885,1.4928564895523655,81517.09367024,121693.32229506585,169.0
2026-09-29 00:25:00+00:00,1.4926303077389729,1.4972877263270459,1.4925455888700112,1.4970550341661044,108410.59606625,162296.62859792763,253.0
2026-09-29 00:26:00+00:00,1.497008311778046,1.498466943991345,1.4966615182690473,1.4984085307000798,36688.49644301,54974.35604876572,139.0
2026-09-29 00:27:00+00:00,1.4983427200198558,1.4984912357449074,1.496027530960872,1.4963445600407517,44662.12500663,66829.92779353082,158.0
2026-09-29 00:28:00+00:00,1.4966633033508283,1.4995072160105696,1.4966627212466055,1.49946747087306,101700.00094267001,152495.84320129323,228.0
2026-09-29 00:29:00+00:00,1.4995132728521088,1.499649331046161,1.4974926823730967,1.4979984585720125,57926.181206919995,86773.33015892924,155.0
2026-09-29 00:30:00+00:00,1.49835834280008,1.4996713713715906,1.4978556932224667,1.4988954661510203,55084.59352524009,82566.04748975422,156.0
2026-09-29 00:31:00+00:00,1.4983935259907621,1.4985067584092944,1.4967603729783474,1.4967604482842762,85365.02955209,127770.99990018671,200.0
2026-09-29 00:32:00+00:00,1.496687227596012,1.4990479270822603,1.4958730760842607,1.4988952307019168,287141.79982661986,430395.47429528495,300.0
2026-09-29 00:33:00+00:00,1.4989965106303942,1.5011184362563632,1.4986396913777826,1.5011184362563632,149163.66283268,223912.32429766402,234.0
2026-09-29 00:34:00+00:00,1.5012253615802598,1.5020883767836897,1.4997379471016783,1.5000951389223898,175366.15933436004,263065.9231489628,314.0
2026-09-29 00:35:00+00:00,1.5001150398825358,1.5027883477035107,1.4998300582959727,1.5023587339688789,189311.76091938,284414.1774602588,262.0
2026-09-29 00:36:00+00:00,1.5024661327671993,1.503092981346837,1.501789550802726,1.5027475572332887,94197.89780896003,141555.66082892564,207.0
2026-09-29 00:37:00+00:00,1.5021673400336777,1.5025469258186792,1.5012692341413074,1.5025411886377529,75317.14121617,113167.10688774155,191.0
2026-09-29 00:38:00+00:00,1.5024098217415436,1.502493773169906,1.500374990617428,1.500540474760632,31653.19056306999,47496.8935951978,151.0
2026-09-29 00:39:00+00:00,1.500496602362306,1.5023251730474,1.5001913849306554,1.5011836860834369,72021.92594311998,108118.14026612116,223.0
2026-09-29 00:40:00+00:00,1.5010297251688838,1.5017758141578526,1.500665684487959,1.5012362819679868,56182.73503337001,84343.56025228895,176.0
2026-09-29 00:41:00+00:00,1.5011374727358284,1.5016409988485881,1.5009144875710705,1.5011677277562578,29853.66444661001,44815.35762251533,130.0
2026-09-29 00:42:00+00:00,1.5013642170631794,1.5024981825242678,1.5011846209270006,1.5015039684983373,28105.152481150002,42199.99798569762,154.0
2026-09-29 00:43:00+00:00,1.5016325808990958,1.5025587507099927,1.5008233308724992,1.5015916799840516,48307.70391167,72538.4462728967,171.0
2026-09-29 00:44:00+00:00,1.5015143408561982,1.5021982219230516,1.5013039917468218,1.5016237036215714,27094.43874762,40685.65145974895,130.0
2026-09-29 00:45:00+00:00,1.5011754052597504,1.501175416848778,1.4976469501820382,1.498510685165357,44926.22376004,67322.42634854968,214.0
2026-09-29 00:46:00+00:00,1.498372678946336,1.4997926757103408,1.4974714604379562,1.4978264849901333,67918.49747909005,101730.12434491666,249.0
2026-09-29 00:47:00+00:00,1.497959477520476,1.4983010612804482,1.496812665454585,1.4971092160622743,78756.93287586005,117907.730037248,221.0
2026-09-29 00:48:00+00:00,1.4970737195389088,1.497112271209676,1.4955044504983224,1.4957448356439704,36814.640644069994,55065.30861945631,161.0
2026-09-29 00:49:00+00:00,1.4957743839966005,1.4959580258879241,1.4933517056826626,1.4939023168641539,162440.44258197997,242670.15352565842,157.0
2026-09-29 00:50:00+00:00,1.4936440231630288,1.4941363570185915,1.4925875617595346,1.4925875617595346,13636.8992519,20354.266204353844,109.0
2026-09-29 00:51:00+00:00,1.492700104348323,1.492700104348323,1.4911093967633078,1.4913998057996665,201252.51499314996,300147.96177747834,182.0
2026-09-29 00:52:00+00:00,1.4913986640130816,1.4917907046067258,1.4903475136164892,1.4910918984263881,24446.8464895,36452.49474256704,179.0
2026-09-29 00:53:00+00:00,1.4912351538146427,1.491258732824284,1.489603676376551,1.4904742205712616,61040.667785540005,90979.54174080206,170.0
2026-09-29 00:54:00+00:00,1.4904561000713377,1.4907687147908808,1.4896945979137672,1.4902039144080899,59450.74744737003,88593.73656055758,161.0
2026-09-29 00:55:00+00:00,1.4904432446186102,1.4927896186076872,1.4902419662235222,1.4916344815325044,36785.90808698001,54871.12893702479,205.0
2026-09-29 00:56:00+00:00,1.4913755500836374,1.4914383883579156,1.489264166513551,1.4908947642434909,112774.68738420005,168135.19096030033,281.0
2026-09-29 00:57:00+00:00,1.4907795980024936,1.4908667753028961,1.487822073252524,1.4883826509937008,53598.50375524,79775.08310851995,180.0
2026-09-29 00:58:00+00:00,1.4883033313044922,1.489603040548922,1.4879184242292218,1.4892275409803026,45026.589939170066,67054.83781383868,142.0
2026-09-29 00:59:00+00:00,1.4892135440999763,1.4896388460673902,1.4876625495569644,1.487662595735257,102882.14491074001,153053.91875272233,179.0
2026-09-29 01:00:00+00:00,1.4874443744338544,1.4899110107366975,1.4866701537665716,1.4880377578371036,185981.00027768998,276746.7506535155,378.0
2026-09-29 01:01:00+00:00,1.4876078984188443,1.490057845012624,1.4867041276139008,1.4897414560453874,79172.65522379,117946.78667206837,263.0
2026-09-29 01:02:00+00:00,1.489740879665033,1.4946219170457102,1.4897399669041718,1.49366688396475,133441.30446834004,199316.85743741694,330.0
2026-09-29 01:03:00+00:00,1.4933106616055765,1.4938228484684164,1.4918269624419542,1.4919093055008068,81080.07595465008,120964.11980745466,248.0
2026-09-29 01:04:00+00:00,1.491275815609023,1.4914754926801428,1.4888580371101376,1.4888874290134153,157296.6423144301,234196.99336797462,293.0
2026-09-29 01:05:00+00:00,1.4883277943794808,1.489537143223851,1.487675492501416,1.489138488863823,130036.17452890999,193641.8724356134,300.0
2026-09-29 01:06:00+00:00,1.4891290392412142,1.4897267500434526,1.4862810364951782,1.4866171811945865,50337.24542930999,74832.2139092209,231.0
2026-09-29 01:07:00+00:00,1.4868284161781387,1.4873877944085454,1.4853425299416931,1.4854218616155304,99333.06875446008,147551.51190923355,309.0
2026-09-29 01:08:00+00:00,1.4855900685627959,1.485944560820754,1.4836569662034393,1.4841769555007627,93817.70182524002,139242.07106706308,321.0
2026-09-29 01:09:00+00:00,1.4841634986100827,1.484414712736626,1.4830955216320492,1.4839118355853862,109350.60677843011,162266.659626956,284.0
2026-09-29 01:10:00+00:00,1.483956354034626,1.484161494526841,1.4813146051012638,1.4813773518974769,202354.1077105499,299762.7922258312,414.0
2026-09-29 01:11:00+00:00,1.481233657840496,1.4817747233859615,1.480025818831569,1.4803868219491711,158302.67485356992,234349.19373252933,287.0
2026-09-29 01:12:00+00:00,1.480215089606398,1.4830072107816252,1.4800396830192386,1.4824164339097188,82941.75196277001,122954.21616687393,274.0
2026-09-29 01:13:00+00:00,1.4819987401183112,1.482177356676407,1.4800041484260136,1.4801827649841093,231134.00540670997,342120.57120475604,370.0
2026-09-29 01:14:00+00:00,1.4802099612249564,1.482599181775371,1.4800090887609574,1.4811014687004334,214293.19240977996,317389.96201062965,305.0
2026-09-29 01:15:00+00:00,1.4807966569873428,1.4823725971449744,1.4799598743253124,1.4802268699892185,447743.6580535096,662762.1935180695,445.0
2026-09-29 01:16:00+00:00,1.4798367775876229,1.4801903310909006,1.4780333672956625,1.4793887587343983,1675481.6192192826,2478688.6729391143,893.0
2026-09-29 01:17:00+00:00,1.4790291338401604,1.4795362545378798,1.4767138152447417,1.47689252070148,315042.03815212986,465283.2298534309,408.0
2026-09-29 01:18:00+00:00,1.476947963736573,1.4783567755907,1.4758257120334612,1.4766964364702548,203626.26098397977,300694.173966805,385.0
2026-09-29 01:19:00+00:00,1.476382397227241,1.4766975165618432,1.473121594120009,1.473948814128447,491906.7885512497,725045.4276468472,670.0
2026-09-29 01:20:00+00:00,1.4738629303969204,1.480367690660933,1.473666989989544,1.4781727940966296,396286.5657121699,585780.0201017158,433.0
2026-09-29 01:21:00+00:00,1.478352091453011,1.4822115966445708,1.477012533604848,1.4801306072282894,312796.40999422973,462979.5402635882,431.0
2026-09-29 01:22:00+00:00,1.480244560698839,1.4836492890277673,1.4794373181177363,1.4836492890277673,98090.42519026007,145531.78959396074,289.0
2026-09-29 01:23:00+00:00,1.4838985817689139,1.4848519351385658,1.4805547076976324,1.4809776619714865,208614.3761281198,308953.23101186316,325.0
2026-09-29 01:24:00+00:00,1.4810086741214918,1.4811561802598596,1.4791609516825381,1.4799761892537002,64326.265908670095,95201.34188843377,230.0
2026-09-29 01:25:00+00:00,1.47986369647467,1.4804633504558575,1.4780029027427162,1.478476998801285,33481.024262950006,49500.924269079325,192.0
2026-09-29 01:26:00+00:00,1.478587834651862,1.4793510861435346,1.4764952452262934,1.4767335373855444,168404.12403071005,248688.0177901844,318.0
2026-09-29 01:27:00+00:00,1.4763724912949399,1.4763728005774037,1.4740526488023233,1.4742581713497436,254356.5500927899,374987.2224106259,320.0
2026-09-29 01:28:00+00:00,1.4743356395075669,1.4744130660151438,1.471736065445195,1.473148227675808,410665.66499301925,604971.3965517734,572.0
2026-09-29 01:29:00+00:00,1.4729318807052292,1.4729679396529916,1.4714047963377546,1.4715923101970316,209546.44533092977,308366.93757811893,397.0
2026-09-29 01:30:00+00:00,1.4714693043425315,1.4737383026628352,1.4702302288198266,1.4723337163567238,211723.71114882967,311727.9584765939,488.0
2026-09-29 01:31:00+00:00,1.4725117349386008,1.473775860746658,1.4703347109413927,1.4704217079605506,87096.13839005004,128068.05256826586,311.0
2026-09-29 01:32:00+00:00,1.470133535544945,1.472197416769045,1.46511389252304,1.4719701199977262,1225713.2764434684,1804213.3186092984,1388.0
2026-09-29 01:33:00+00:00,1.4721991950310827,1.4749023663279508,1.4721987792840587,1.4743509524245344,110715.26022232007,163233.14935670776,321.0
2026-09-29 01:34:00+00:00,1.4743443852572198,1.4756206307136315,1.4723090439309146,1.4736860034178354,444940.9828907401,655703.2988330582,567.0
2026-09-29 01:35:00+00:00,1.4734655814228002,1.474159511756794,1.469616600791369,1.470078721488738,279663.62698614004,411127.5472066881,425.0
2026-09-29 01:36:00+00:00,1.4699186685781056,1.4699881823089802,1.465532384230065,1.467647194963218,467504.37882375007,686131.4902136984,607.0
2026-09-29 01:37:00+00:00,1.4674952933643532,1.4705024272686211,1.467417717116541,1.4687260679761387,429946.75601431006,631474.0083999939,559.0
2026-09-29 01:38:00+00:00,1.4688653147107202,1.4705971133750253,1.4681072805654496,1.469106142076768,72177.51012906004,106036.42345041024,257.0
2026-09-29 01:39:00+00:00,1.4691479804319907,1.4698073872894533,1.4653629334184772,1.4658426435279166,791743.1840857931,1160570.921955529,782.0
2026-09-29 01:40:00+00:00,1.4661217616620152,1.4675415850786155,1.4653855858198346,1.4670810962990173,115428.30558657997,169342.68510389773,328.0
2026-09-29 01:41:00+00:00,1.4663162119934798,1.4701454281219912,1.4655054610186466,1.4701269045965057,421599.4762825699,619804.7330468025,533.0
2026-09-29 01:42:00+00:00,1.4702606415271564,1.4749261001782816,1.4702606415271564,1.474376088788504,198898.76959549,293251.5899810444,347.0
2026-09-29 01:43:00+00:00,1.4744011133369594,1.476247460774684,1.4700389321520317,1.4704638214124983,226787.12284258983,333482.25930226035,381.0
2026-09-29 01:44:00+00:00,1.470833772216105,1.4736623562033464,1.4705476688761296,1.4733819427992305,160961.41208199,237157.63804906997,325.0
2026-09-29 01:45:00+00:00,1.4729200698741574,1.4778004703526402,1.472339301148759,1.4776391659734205,240428.82356328986,355267.0463260303,328.0
2026-09-29 01:46:00+00:00,1.4778849118715947,1.4786178288333522,1.474708688358056,1.4752821976082913,81285.51480206008,119919.07291090448,286.0
2026-09-29 01:47:00+00:00,1.4749485835836047,1.4757990332971374,1.473887249003759,1.4754684140597343,58715.20088025005,86632.42432398125,200.0
2026-09-29 01:48:00+00:00,1.4753369083464816,1.4757671682750746,1.4739274516056793,1.474468022161945,130918.86933827003,193035.68633687712,295.0
2026-09-29 01:49:00+00:00,1.4741144874017937,1.4755853478092884,1.4727501187099539,1.473689271981202,161402.04866536998,237856.4675939436,268.0
2026-09-29 01:50:00+00:00,1.4735795365856859,1.4735795365856859,1.470400321352885,1.471033181672954,112497.97665246998,165488.2565268526,318.0
2026-09-29 01:51:00+00:00,1.4709496224816376,1.4719884212521221,1.4704636151607602,1.4707462821379536,71791.57390498003,105587.19040958151,266.0
2026-09-29 01:52:00+00:00,1.4707636141344795,1.474309633171385,1.4706337981608895,1.4743039110789535,54619.195659339995,80525.29378055155,270.0
2026-09-29 01:53:00+00:00,1.4744721277303732,1.4778453677522243,1.474088385075854,1.4771063485221587,38944.35606042,57524.95557595379,206.0
2026-09-29 01:54:00+00:00,1.4763253356561177,1.476827959801548,1.4747444699901733,1.4761805788268878,140397.36677366003,207251.86614971232,202.0
2026-09-29 01:55:00+00:00,1.476383761103128,1.4767846872191435,1.4738896162184947,1.474333485888713,26150.46858059,38554.51150004452,171.0
2026-09-29 01:56:00+00:00,1.474155248454058,1.4764872470907495,1.4739310603482758,1.4762051975307322,68441.83586383009,101034.19383073124,238.0
2026-09-29 01:57:00+00:00,1.4757278894960033,1.4757278894960033,1.473884830532219,1.4740314728299078,64099.0366658,94483.99742346743,192.0
2026-09-29 01:58:00+00:00,1.4735231951214915,1.4768696013964489,1.4732658818910769,1.4753390102219721,328181.8228045501,484179.4456293076,439.0
2026-09-29 01:59:00+00:00,1.4756668494111311,1.477866805712276,1.475522561302466,1.4768311060722523,59650.52894244999,88093.75663587332,241.0
2026-09-29 02:00:00+00:00,1.4769655707123643,1.4798261345545813,1.4769655707123643,1.4797683987563852,116864.11912568001,172931.83043068295,246.0
2026-09-29 02:01:00+00:00,1.4794123984091323,1.4794123984091323,1.4749996771134464,1.4755090121877723,707813.6031461302,1044385.3503912145,582.0
2026-09-29 02:02:00+00:00,1.4753490227775217,1.4770393455029744,1.4744011107129409,1.4765670549544871,76232.24795756004,112562.02585925466,273.0
2026-09-29 02:03:00+00:00,1.476285252604882,1.47657605934849,1.4747334785235835,1.474931493415788,35714.446870340005,52676.3624589894,205.0
2026-09-29 02:04:00+00:00,1.4748528839611588,1.4781936799270587,1.4747083597138002,1.477469490017757,64378.87532990003,95117.82410158415,316.0
2026-09-29 02:05:00+00:00,1.4773292256082498,1.477447550119183,1.4750456173101294,1.475676085135902,109209.86887838,161158.391764653,336.0
2026-09-29 02:06:00+00:00,1.4757706244158597,1.4761788628079824,1.4739746833323382,1.475954682342175,78128.96337190003,115314.80931529612,286.0
2026-09-29 02:07:00+00:00,1.4761610911981327,1.477176352551551,1.474725220298253,1.4756271932188638,142360.37056558995,210070.83404329885,356.0
2026-09-29 02:08:00+00:00,1.4757679648962885,1.4763927665982306,1.4730121868820603,1.4736002809346695,85709.19525523,126301.09420679139,265.0
2026-09-29 02:09:00+00:00,1.4731482459082679,1.473301410107455,1.4714378399305716,1.4718443266502914,127420.68685807004,187543.41504993374,373.0
2026-09-29 02:10:00+00:00,1.4717985225573256,1.4724033316957372,1.469014877601302,1.4694072466971473,144770.72336186003,212727.15001750513,404.0
2026-09-29 02:11:00+00:00,1.4693097436689968,1.4705987949465706,1.4682388565131061,1.468940299639563,123395.10704965002,181260.04552356887,344.0
2026-09-29 02:12:00+00:00,1.4688462124574158,1.4758652268670427,1.4687643906336407,1.4744925859348796,609830.4866724302,899190.5312755577,525.0
2026-09-29 02:13:00+00:00,1.4741843579096146,1.4772270112052877,1.472866048159207,1.4766190330659734,247505.94797914004,365471.9935830349,359.0
2026-09-29 02:14:00+00:00,1.4762227654899638,1.4762391316212082,1.4742081144218175,1.4748785730307261,436211.5087991599,643359.0076372849,449.0
2026-09-29 02:15:00+00:00,1.4750358443118707,1.4770179270748751,1.47459756470584,1.4766340157787157,129539.24742927,191282.05913243565,369.0
2026-09-29 02:16:00+00:00,1.4767664174990909,1.4786339136441073,1.4756659261286338,1.4770395711950062,54791.61016914003,80929.37638931054,283.0
2026-09-29 02:17:00+00:00,1.4766638193881145,1.476779712668014,1.4746718909240633,1.4751458702721227,158664.72911884,234053.61991750187,337.0
2026-09-29 02:18:00+00:00,1.4748003801643004,1.476668050605451,1.4740919848842613,1.4755475751426337,98383.69542604008,145169.82321946486,281.0
2026-09-29 02:19:00+00:00,1.4759123076899545,1.478506853231106,1.475820202158652,1.4785063268103238,79163.40614275997,117043.59683392585,248.0
2026-09-29 02:20:00+00:00,1.478670472734019,1.4810949688761572,1.4781491854360822,1.4805423094649544,256100.73049309966,379167.9669799156,353.0
2026-09-29 02:21:00+00:00,1.4797892695862733,1.4800112475012448,1.4748607446691886,1.4748607446691886,191526.74057315005,282475.27122577856,380.0
2026-09-29 02:22:00+00:00,1.474520132885848,1.474520132885848,1.4691733050975824,1.4711481449782677,554916.58524056,816364.5049943246,642.0
2026-09-29 02:23:00+00:00,1.4714310809097992,1.4744552826333095,1.4707133376762453,1.4735642479618816,215698.62123164997,317845.77658163104,389.0
2026-09-29 02:24:00+00:00,1.4739482631704246,1.4744227916204073,1.471690020379375,1.472011071350201,54737.98153462999,80574.91484233821,224.0
2026-09-29 02:25:00+00:00,1.471762604978718,1.4725675562651972,1.470499504897562,1.4724486469738676,40199.76067167001,59192.0832096738,204.0
2026-09-29 02:26:00+00:00,1.4723929132318954,1.4728231396049767,1.4698358954962363,1.4703248309202228,174004.13024483,255842.5933816501,302.0
2026-09-29 02:27:00+00:00,1.470225828825162,1.4716800691240597,1.4696824747266868,1.4701389995303709,51829.423245970065,76196.45643706658,250.0
2026-09-29 02:28:00+00:00,1.4700514955907302,1.4700995340176262,1.4681266069994594,1.4693069472580853,116059.17452464014,170526.55142209234,332.0
2026-09-29 02:29:00+00:00,1.4692659599306717,1.4701966337172307,1.4687894344049317,1.469870755605764,68470.62322697,100642.96669942397,285.0
2026-09-29 02:30:00+00:00,1.4703410076782992,1.4715874906512436,1.46891914461195,1.4695282365815796,263087.8047645701,386614.9578017976,451.0
2026-09-29 02:31:00+00:00,1.4688239758392985,1.4717156361130046,1.468391164053272,1.471069010024937,557217.76863281,819705.7912709722,497.0
2026-09-29 02:32:00+00:00,1.4705495186871047,1.4707430714417715,1.4695804095520701,1.4700101894412338,43906.16039577,64542.50316102306,182.0
2026-09-29 02:33:00+00:00,1.4697453512779737,1.4703159283825387,1.4680432078154626,1.4684120723055711,98898.81485443002,145224.21366895857,258.0
2026-09-29 02:34:00+00:00,1.468763038263938,1.4696481843947788,1.4669112373991564,1.4670954714350457,104810.09166613009,153766.41084407148,351.0
2026-09-29 02:35:00+00:00,1.4673952250762212,1.4693525472897588,1.4671045483339487,1.4690706177691142,44423.80940278,65261.713122999405,256.0
2026-09-29 02:36:00+00:00,1.4692252609936245,1.469917474078164,1.4682266533159098,1.4697462330403654,98023.38857307,144069.50610512163,292.0
2026-09-29 02:37:00+00:00,1.4697587709839768,1.472207694702517,1.4697301273195198,1.4721459822462184,92751.43764096001,136543.65627069995,247.0
2026-09-29 02:38:00+00:00,1.4717563435598786,1.4743190389227685,1.4712433831587628,1.4743190389227685,63401.83628995001,93474.53434493781,224.0
2026-09-29 02:39:00+00:00,1.474476852317635,1.4758840907935982,1.4724430405642097,1.4727111951257958,109485.05039716007,161239.8594188096,265.0
2026-09-29 02:40:00+00:00,1.472890000047376,1.4749562323600907,1.4725458500881854,1.47418689180178,122129.86216534002,180042.24190170242,241.0
2026-09-29 02:41:00+00:00,1.4739593683823025,1.4754375476199866,1.4729291548580834,1.4754375476199866,108205.88142406,159651.02032637416,376.0
2026-09-29 02:42:00+00:00,1.4755762387249904,1.4770294175901983,1.473401299840402,1.4735651008435342,108461.53942351005,159825.13927824955,329.0
2026-09-29 02:43:00+00:00,1.4731808229147725,1.4763265834283532,1.4730169440396301,1.4761231753811879,152473.63590679003,225069.867596646,230.0
2026-09-29 02:44:00+00:00,1.4760528084864744,1.4770800888096969,1.4758840517472123,1.4766569667208786,140679.19510396998,207734.913522963,226.0
2026-09-29 02:45:00+00:00,1.4765408367428754,1.4782199524166768,1.4764640427314066,1.4778962796766661,386788.88398034003,571633.8526548342,396.0
2026-09-29 02:46:00+00:00,1.477930638526099,1.4794248909841126,1.4777470314252048,1.478824904881101,243982.33165414,360807.14840110287,269.0
2026-09-29 02:47:00+00:00,1.4783373003873135,1.4790656146214503,1.4764894666508832,1.477262624216045,132775.98132490998,196144.9946048971,309.0
2026-09-29 02:48:00+00:00,1.4779400846127746,1.4784482360093227,1.4770677423740384,1.4777603685453928,206365.78081149998,304959.17230716,202.0
2026-09-29 02:49:00+00:00,1.4771573984584372,1.4771635204824078,1.474394473109908,1.4743960331309365,158047.81912560007,233025.0775637805,340.0
2026-09-29 02:50:00+00:00,1.4740346631526262,1.4742923003169435,1.4729411383183009,1.4740269599919702,216562.07695511993,319218.33994370257,326.0
2026-09-29 02:51:00+00:00,1.4742282664021624,1.4753685071232376,1.4714332015808331,1.4715203784283857,250060.92183133986,367969.7423234042,319.0
2026-09-29 02:52:00+00:00,1.4715975107152623,1.4731699784800214,1.4715054257397833,1.472653435632399,84836.83748780003,124935.26019459622,248.0
2026-09-29 02:53:00+00:00,1.472457110732375,1.4754451827309056,1.4714509656539092,1.4752136995711478,191679.12157077,282767.66606296337,309.0
2026-09-29 02:54:00+00:00,1.4745389811217549,1.4754894228811,1.4743446631876163,1.4751020254433325,159065.94918459008,234638.50382125503,242.0
2026-09-29 02:55:00+00:00,1.4753353287107704,1.4757767658886767,1.474557983901363,1.475749907882932,71514.38088695,105537.34100622138,223.0
2026-09-29 02:56:00+00:00,1.4757215513261057,1.475964282068057,1.4752052585068218,1.475443993901644,136166.62424280995,200906.22790891593,190.0
2026-09-29 02:57:00+00:00,1.4751986367824141,1.475502228107953,1.4748007051414154,1.475401909772706,205946.95802973997,303854.5351889577,207.0
2026-09-29 02:58:00+00:00,1.475427252456969,1.4755381608648113,1.475139120603494,1.4754328991885188,526233.6032492795,776422.3708925053,370.0
2026-09-29 02:59:00+00:00,1.475300928294795,1.4755004926740565,1.4752011377429854,1.4754007348230327,157182.76704600002,231907.570001186,125.0
2026-09-29 03:00:00+00:00,1.4754705168104794,1.4781970487044276,1.4739276704205253,1.478194756718203,915765.3362311407,1353679.5184011543,398.0
2026-09-29 03:01:00+00:00,1.4784459665846115,1.4793633060557938,1.4768133129901997,1.478036915124257,256474.26217138994,379078.4272685711,283.0
2026-09-29 03:02:00+00:00,1.477939963537458,1.4786011111910426,1.4770524253106356,1.4782247094307366,49485.30476431001,73150.4002563136,214.0
2026-09-29 03:03:00+00:00,1.4786346410987994,1.4810498983354186,1.478247520953024,1.478306301357978,141983.53162092,209895.14948426577,305.0
2026-09-29 03:04:00+00:00,1.4781873639841054,1.4781907509283418,1.4750554888710967,1.4767120457265208,295002.6994635099,435634.0398196057,500.0
2026-09-29 03:05:00+00:00,1.4764775358036026,1.477225890190525,1.4760121663856225,1.4763226698394885,99642.57500849,147104.59236621545,353.0
2026-09-29 03:06:00+00:00,1.4763320414976964,1.4776412513703279,1.4763319970241915,1.477617222691441,106066.80760623992,156726.14167487965,207.0
2026-09-29 03:07:00+00:00,1.477926906292036,1.4790982315756527,1.4776890756786494,1.4781403870603922,65596.33392269,96960.59041422773,248.0
2026-09-29 03:08:00+00:00,1.478205818576974,1.4785940279656822,1.476338584747079,1.4771151393273665,40346.72686928,59596.76108091973,248.0
2026-09-29 03:09:00+00:00,1.4770522262403711,1.4774603202681191,1.4760424086329436,1.4767232025725374,155001.91712825,228894.9274665124,262.0
2026-09-29 03:10:00+00:00,1.4770024295056063,1.477260179142453,1.475961220833291,1.4766192874048714,117141.52754466,172973.43892851396,262.0
2026-09-29 03:11:00+00:00,1.476675489666826,1.476972453483151,1.4760165305634692,1.4760570733416154,44959.26565694,66362.44208517106,172.0
2026-09-29 03:12:00+00:00,1.4759010464835214,1.4763899780612242,1.475221564681892,1.475982940224549,38300.19103501998,56530.42857503071,188.0
2026-09-29 03:13:00+00:00,1.4757987567175892,1.4769887809575777,1.4757805053804707,1.4763990619960154,30025.675772790008,44329.87954674365,177.0
2026-09-29 03:14:00+00:00,1.476306601035903,1.4767602108694473,1.475276846859006,1.475791184466688,36024.68758788,53164.916365359815,169.0
2026-09-29 03:15:00+00:00,1.475551480895929,1.4775257242090063,1.4743795862035491,1.477525700894153,29877.342644759996,44144.54163205378,224.0
2026-09-29 03:16:00+00:00,1.4777061732788137,1.4785044495457325,1.476140974533088,1.47713676676574,63738.242072370005,94150.1008141127,223.0
2026-09-29 03:17:00+00:00,1.4774723339745388,1.4788946273343102,1.4774083672914053,1.4786759143942576,91736.04533328004,135647.88071610092,221.0
2026-09-29 03:18:00+00:00,1.4786212573973492,1.4788935755659942,1.4772038124776254,1.4785930643517755,51860.32775169999,76680.32092867351,187.0
2026-09-29 03:19:00+00:00,1.478724475175766,1.4817256776794054,1.478724475175766,1.480929340306318,64234.08024952002,95126.13408910477,232.0
2026-09-29 03:20:00+00:00,1.4814140944724872,1.4839423986593083,1.4813862802025417,1.4838448953409498,131170.84416423002,194637.1875306559,220.0
2026-09-29 03:21:00+00:00,1.4837683013135674,1.488207696404225,1.483726994900252,1.4873053583097227,116253.36353826008,172904.25051198236,303.0
2026-09-29 03:22:00+00:00,1.486450602869168,1.4886154138847016,1.4845357499375513,1.4847112433445044,441423.04016293003,655385.750801215,372.0
2026-09-29 03:23:00+00:00,1.4852101626236178,1.4881883216640408,1.4851633776087625,1.488098725320771,77283.62273712998,115005.66048329447,197.0
2026-09-29 03:24:00+00:00,1.4881381699753866,1.4896012551642506,1.4876686157082502,1.4892057533811456,122622.39161808997,182609.97109101556,230.0
2026-09-29 03:25:00+00:00,1.489192168997759,1.489846968170775,1.4871107613078027,1.4876371337227894,86727.3663327,129018.85066650416,234.0
2026-09-29 03:26:00+00:00,1.4876755462383888,1.4892563493804833,1.4874451216198803,1.4883057330144929,50244.71793911001,74779.50176247356,197.0
2026-09-29 03:27:00+00:00,1.488449222577879,1.4885571108890352,1.4862216793508822,1.48747664900407,38792.80372305,57703.389687435025,200.0
2026-09-29 03:28:00+00:00,1.4875449041606856,1.4879959931875772,1.4870894531070502,1.487677785165014,48256.35819026003,71789.91207261563,150.0
2026-09-29 03:29:00+00:00,1.488012528344515,1.4890825629851185,1.4875366952040128,1.4886224673885202,118668.43027548004,176652.4914778077,196.0
2026-09-29 03:30:00+00:00,1.4883248900734762,1.4884095541517843,1.484888189433065,1.486136580372416,114214.88388160997,169738.91695944843,270.0
2026-09-29 03:31:00+00:00,1.4860463293449802,1.487252252834977,1.4855347100729819,1.4870569110296261,90323.69157737,134316.4697898365,177.0
2026-09-29 03:32:00+00:00,1.4874312471394118,1.4886729950361697,1.4866696751344384,1.4886729950361697,9560.041922410002,14231.776241305439,154.0
2026-09-29 03:33:00+00:00,1.488798565520871,1.4899312763015877,1.4885210483572826,1.4897704412287553,27571.897467740007,41075.797856029036,150.0
2026-09-29 03:34:00+00:00,1.4895579054887587,1.4912876452730728,1.4894524653488552,1.4899272343518186,59368.567841820004,88454.84609199119,191.0
2026-09-29 03:35:00+00:00,1.4905745539504385,1.4908618787728356,1.4889696063872813,1.4898497876021732,42903.80678287,63920.22742278355,164.0
2026-09-29 03:36:00+00:00,1.4901721357079298,1.4914532132028049,1.489896861893641,1.491282186774209,55285.16028950005,82445.7747326883,190.0
2026-09-29 03:37:00+00:00,1.4911596932836044,1.4913267008094908,1.488169278113214,1.4896196934459605,377213.23839043995,561904.2685349252,403.0
2026-09-29 03:38:00+00:00,1.4896797108957833,1.4906561603089084,1.4887240611502839,1.4888696146685982,116027.34397619999,172749.58691686578,304.0
2026-09-29 03:39:00+00:00,1.4886754687312416,1.4891955912923645,1.48800292214472,1.488494042553809,115873.65743916003,172477.24878711055,189.0
2026-09-29 03:40:00+00:00,1.4884053431073183,1.4885201479333896,1.4871892923495262,1.4878620314193098,39173.362058000006,58284.55804914,106.0
2026-09-29 03:41:00+00:00,1.4875961208065833,1.4898178075291537,1.4875905300889414,1.4895678069538714,31600.289094670006,47070.77332585594,166.0
2026-09-29 03:42:00+00:00,1.489400915258588,1.4900126555479276,1.4888453917286713,1.4900126555479276,24336.619232850004,36261.870650197605,133.0
2026-09-29 03:43:00+00:00,1.4898068618647513,1.4901373695820939,1.4886539076933838,1.489007624800058,15091.575845910002,22471.471504808378,123.0
2026-09-29 03:44:00+00:00,1.489010813034692,1.489208814173453,1.487519180175433,1.4879117755390092,25641.97434809,38152.99558059232,114.0
2026-09-29 03:45:00+00:00,1.4880374396492144,1.4881329101627174,1.4874708773239482,1.4879506157340447,33698.7573429,50142.08673784021,116.0
2026-09-29 03:46:00+00:00,1.488005540534267,1.4887586992378425,1.4873436247377578,1.488668473473167,40766.402494999995,60687.65817122435,150.0
2026-09-29 03:47:00+00:00,1.487946800616903,1.4880057734923968,1.4871148238462681,1.4874144347739071,12273.28845399,18255.466408608656,128.0
2026-09-29 03:48:00+00:00,1.487625508872915,1.4891770406598543,1.4873357815451886,1.4881267948996142,25916.062605929998,38566.38718218035,155.0
2026-09-29 03:49:00+00:00,1.4880646357550562,1.4889716954984527,1.4877981437058738,1.4886145474358705,16234.682467399998,24167.18449397371,87.0
2026-09-29 03:50:00+00:00,1.4885866772036942,1.4889163113647423,1.487797479895935,1.4883365353174174,11065.38766463,16469.0207387195,96.0
2026-09-29 03:51:00+00:00,1.4879997723722296,1.488791447661074,1.4875120144585954,1.488096429828821,25189.579271939994,37484.522983463976,107.0
2026-09-29 03:52:00+00:00,1.4883438243674156,1.488597007391085,1.487679089559522,1.4881085895702224,31693.589248190005,47163.502394541996,131.0
2026-09-29 03:53:00+00:00,1.488281100087566,1.4913075220745908,1.488281100087566,1.4896865932904653,135939.16762013995,202506.7555067878,209.0
2026-09-29 03:54:00+00:00,1.48957407485776,1.4897094153214252,1.4882364452587726,1.4885247553751844,31009.390654810002,46158.24563878459,157.0
2026-09-29 03:55:00+00:00,1.4882439825077618,1.4884549874752233,1.4876563954515545,1.4883419609968884,24365.06414213,36263.54734511273,114.0
2026-09-29 03:56:00+00:00,1.4882087695125363,1.4882500699329055,1.4873608038022448,1.487490741039048,29535.892107,43934.3660374908,128.0
2026-09-29 03:57:00+00:00,1.487673789220976,1.4878298024481533,1.4872771194477739,1.4875814928350062,6366.0750941000015,9470.055491981033,71.0
2026-09-29 03:58:00+00:00,1.4874100193709925,1.487425108851616,1.4867065701692441,1.4870803173172216,14208.008146980002,21128.44926365669,89.0
2026-09-29 03:59:00+00:00,1.4870955654358025,1.488405914472064,1.487045402475866,1.4883808329920958,8028.97515038,11950.172722395422,84.0
2026-09-29 04:00:00+00:00,1.4884469412345207,1.489447167266906,1.4857667438417614,1.486205403640537,85007.81997765007,126339.08140248552,253.0
2026-09-29 04:01:00+00:00,1.4860822192352388,1.4892967421982501,1.486035290720572,1.4892892877746216,108448.20134964006,161510.7445484442,208.0
2026-09-29 04:02:00+00:00,1.4894165121968632,1.4897674277187842,1.4881984252288372,1.488987969990187,105426.63355016998,156978.98907276694,198.0
2026-09-29 04:03:00+00:00,1.488900424272091,1.4889038893600113,1.4847381213661694,1.4858544712667159,175535.34378136005,260819.97542287395,305.0
2026-09-29 04:04:00+00:00,1.4858283163769048,1.4864918061406487,1.4848424125070196,1.4852609574744957,86729.79709421996,128816.38147372988,206.0
2026-09-29 04:05:00+00:00,1.4851013367939463,1.4852612609457339,1.4835499875038995,1.483627671979905,41164.45569154999,61072.725565974266,203.0
2026-09-29 04:06:00+00:00,1.4834718427214204,1.4835876994264705,1.481582109382399,1.4833112335443666,553539.53113095,821071.4047374197,483.0
2026-09-29 04:07:00+00:00,1.48349594395119,1.4842888397250267,1.4812711103629674,1.4823330210500936,509782.3443188401,755667.2025321453,355.0
2026-09-29 04:08:00+00:00,1.4825102898902298,1.4825553692927396,1.4794679892280598,1.4809803144777032,378436.6937765699,560457.2937591268,267.0
2026-09-29 04:09:00+00:00,1.4811701186453015,1.4835326850954789,1.4810728814886704,1.4834622731063765,235993.33142868997,350087.2038791509,256.0
2026-09-29 04:10:00+00:00,1.4833779560123137,1.485220962004378,1.483073858841883,1.4848691465080521,35989.918290949994,53440.31925557745,208.0
2026-09-29 04:11:00+00:00,1.4849719078928327,1.4859998562465926,1.4849056081099574,1.485700217523862,17644.612640350002,26214.604837892282,151.0
2026-09-29 04:12:00+00:00,1.4857169254968392,1.4864072095438428,1.4848846010669765,1.4863131204465252,10980.592707579995,16320.599011555581,105.0
2026-09-29 04:13:00+00:00,1.4862300491625986,1.487024012230888,1.485927795904212,1.4866043357614287,18479.957117629994,27472.384375754023,114.0
2026-09-29 04:14:00+00:00,1.4863765004452594,1.486541942524007,1.4849086171728483,1.4856971718875602,41607.39784759001,61815.993311765036,147.0
2026-09-29 04:15:00+00:00,1.4859400470230817,1.4868443068570347,1.4858325338840601,1.4861246930979823,25274.13176254001,37560.511308922745,150.0
2026-09-29 04:16:00+00:00,1.4860672510861814,1.4864590804586388,1.4855733843305936,1.4860559102282986,15534.87516995,23085.693060963044,132.0
2026-09-29 04:17:00+00:00,1.4860974403662863,1.4889644017379011,1.4860974403662863,1.4879058684490802,34465.12045833001,51280.85498675368,171.0
2026-09-29 04:18:00+00:00,1.4877086679562748,1.4879167903237915,1.4853562739200754,1.4862741120750076,83530.34134202004,124148.98390943313,184.0
2026-09-29 04:19:00+00:00,1.486582100344588,1.4893411954239384,1.4865675860752863,1.4885794591566066,387469.5478464601,576779.2099729384,280.0
2026-09-29 04:20:00+00:00,1.4889482424412366,1.4900758949445085,1.4882819992257672,1.4889171572552151,19845.506726599993,29548.315459658512,144.0
2026-09-29 04:21:00+00:00,1.4884653015145437,1.4903289494337146,1.488244682546425,1.4903289494337146,17464.128703000002,26027.296582717176,128.0
2026-09-29 04:22:00+00:00,1.4905422507525876,1.491355893366265,1.490442862166222,1.491044329583286,190067.06678792997,283398.4221746707,165.0
2026-09-29 04:23:00+00:00,1.4908454766809665,1.4910648268704758,1.4899983889610164,1.4901127700571957,11224.716573320002,16726.09350617678,92.0
2026-09-29 04:24:00+00:00,1.4895519211326242,1.4899767465755223,1.4891354947562683,1.4894861368633332,29281.437734780004,43614.2955733817,123.0
2026-09-29 04:25:00+00:00,1.4896158974210805,1.490093739219749,1.4879499767298976,1.488516952756698,68062.89114483002,101312.76732271322,172.0
2026-09-29 04:26:00+00:00,1.4885953614294904,1.48876766397589,1.4870877635302588,1.4870877864577383,7507.5335508900025,11164.361449950218,91.0
2026-09-29 04:27:00+00:00,1.4870442749088857,1.4873851908629243,1.4867872905794903,1.4873111728676751,16117.136393300001,23971.197032387317,97.0
2026-09-29 04:28:00+00:00,1.4871596613188953,1.487605783491208,1.4867605273908235,1.4872418023879181,11591.93972663,17240.017332205312,95.0
2026-09-29 04:29:00+00:00,1.4872957828220006,1.4872968829088353,1.4865254741664153,1.4867167684960116,8604.168660270001,12791.961826191275,77.0
2026-09-29 04:30:00+00:00,1.4865448975311308,1.4868436608662454,1.4858941656137776,1.4862645784832564,25666.390521910005,38147.04709023322,118.0
2026-09-29 04:31:00+00:00,1.4860922441510103,1.4863557011766502,1.4850584967846334,1.4850650881131662,24140.80852003,35850.671931921424,127.0
2026-09-29 04:32:00+00:00,1.4852043438798472,1.4857108124948573,1.4847210202608683,1.4850659736213707,18687.196052350002,27751.71899973659,87.0
2026-09-29 04:33:00+00:00,1.4848994319997342,1.4849053102064391,1.48288511371626,1.48420312357513,51461.47887929002,76379.28769643784,114.0
2026-09-29 04:34:00+00:00,1.4839907511285553,1.4840321466227624,1.482467909627561,1.4827010993022838,9681.907272200006,14355.374555833723,90.0
2026-09-29 04:35:00+00:00,1.4825662912816366,1.4825709765007322,1.4810288003627556,1.4816867973259498,61346.52369291003,90896.33421762836,148.0
2026-09-29 04:36:00+00:00,1.481310886316226,1.4821173150259903,1.4811558337585025,1.481452194910498,109814.48149570999,162684.90464477782,200.0
2026-09-29 04:37:00+00:00,1.4817555609628854,1.4843310100361105,1.4816822337178677,1.4843310100361105,20116.78423405,29859.966660805938,144.0
2026-09-29 04:38:00+00:00,1.484090953685913,1.4860785984423504,1.4840851571458349,1.4860785984423504,72959.37059494003,108423.3591969645,138.0
2026-09-29 04:39:00+00:00,1.4862899261345048,1.486614099733675,1.485494217108158,1.4861017854638627,28153.860033930003,41839.50166412306,133.0
2026-09-29 04:40:00+00:00,1.485796135591271,1.4859936226461512,1.484884140042811,1.4851128781116116,31816.68864555,47251.37404637379,110.0
2026-09-29 04:41:00+00:00,1.4848434931785417,1.486390913773898,1.484839951546303,1.4860072524722614,54983.347599420005,81705.65329794143,132.0
2026-09-29 04:42:00+00:00,1.4856805158083746,1.4860219897238363,1.4846829941532595,1.4851479547830733,28867.87933505001,42873.07195337406,137.0
2026-09-29 04:43:00+00:00,1.4847790126714455,1.4847877168688401,1.4841290860849286,1.4844188381167838,31691.64474636002,47043.67447240162,108.0
2026-09-29 04:44:00+00:00,1.4843759727375638,1.4847117842040896,1.4823595071911022,1.483762151286332,338692.03497817006,502538.4224427552,262.0
2026-09-29 04:45:00+00:00,1.483796499732366,1.4843266616705177,1.4835667308893434,1.4835667308893434,21959.618471270005,32578.559386999284,98.0
2026-09-29 04:46:00+00:00,1.483394505759643,1.4834102593351624,1.4827631299454,1.482834341553849,36437.40038500001,54030.62860782545,126.0
2026-09-29 04:47:00+00:00,1.482302963396584,1.4826609656658458,1.4804956428991798,1.4809937833923295,38600.0831794,57166.48322711822,189.0
2026-09-29 04:48:00+00:00,1.480960991232772,1.4810392106281398,1.4795340312563676,1.4802203342395237,104486.15993580001,154662.53858357423,187.0
2026-09-29 04:49:00+00:00,1.480018212125966,1.4805418644481212,1.4790958476522347,1.479501789204435,30684.187010040005,45397.30958163767,170.0
2026-09-29 04:50:00+00:00,1.4795819946997812,1.4797137823103603,1.4788776467011815,1.4794182519545052,17273.573300250006,25554.839616863876,112.0
2026-09-29 04:51:00+00:00,1.479602612577457,1.4832509243549283,1.479602612577457,1.4832509243549283,29446.886709259994,43677.12193088474,182.0
2026-09-29 04:52:00+00:00,1.483615714629216,1.484979116055723,1.4831500610044897,1.484783946472437,41904.53755508002,62219.18464613416,126.0
2026-09-29 04:53:00+00:00,1.484665470758305,1.4860339650338898,1.4840413854852554,1.4859356251934177,40421.98008893001,60064.46025500009,144.0
2026-09-29 04:54:00+00:00,1.4861930844532432,1.486193574371643,1.4848506189454136,1.4850860131626993,7623.609178270002,11321.71536046756,78.0
2026-09-29 04:55:00+00:00,1.4851065828140881,1.485474736339894,1.4845637776602802,1.4854611070750283,9707.921525230002,14420.739856265656,105.0
2026-09-29 04:56:00+00:00,1.4853815912102495,1.4862962010405423,1.4853074530179593,1.485769671217571,17061.525265739998,25349.496784548795,108.0
2026-09-29 04:57:00+00:00,1.4851958412031832,1.4859823707258588,1.4848092624803824,1.4854029258612418,18004.837895830005,26744.438890123252,92.0
2026-09-29 04:58:00+00:00,1.4854655227315199,1.4855825221017147,1.4847674419868149,1.4855810135205472,5673.324832180004,8428.183654221259,97.0
2026-09-29 04:59:00+00:00,1.4855254594398624,1.485752921953816,1.4847932345297146,1.4851889511757328,2706.82620577,4020.1483735625343,59.0
2026-09-29 05:00:00+00:00,1.4848311626452229,1.4870836002348642,1.4847016514041829,1.4869269315628395,11355.816201520003,16885.268939917718,141.0
2026-09-29 05:01:00+00:00,1.4869669727518522,1.4879668500057268,1.4861579875747553,1.4879668500057268,32635.35113900001,48560.32063312865,141.0
2026-09-29 05:02:00+00:00,1.4878685161309728,1.4881938391654912,1.4868428360636474,1.487473887647469,9040.721966990002,13447.83785137849,100.0
2026-09-29 05:03:00+00:00,1.4875806036129222,1.488870103707248,1.486685049835502,1.4867041369488618,129791.07824441005,192960.93296501783,198.0
2026-09-29 05:04:00+00:00,1.4864917363676642,1.488026470992772,1.4855373018436175,1.4872511023041783,20189.506197679995,30026.865347476614,167.0
2026-09-29 05:05:00+00:00,1.486575614795273,1.487769052772685,1.486167575646784,1.4863833006835756,9959.871606210001,14804.186832423047,114.0
2026-09-29 05:06:00+00:00,1.4859499845835216,1.4859499845835216,1.4839765624490413,1.484352366960954,12377.146849990004,18372.04722300598,116.0
2026-09-29 05:07:00+00:00,1.4838315048678485,1.4844057997194078,1.4833483311746405,1.4833599153410206,27380.26858034,40614.79288334755,109.0
2026-09-29 05:08:00+00:00,1.4833778629099428,1.4834959184799563,1.482347984911219,1.4829313853913726,12573.813828359998,18646.10316014309,94.0
2026-09-29 05:09:00+00:00,1.4831111968490036,1.4843547476840384,1.4821678857451233,1.4843547476840384,20263.755299150005,30078.6013842009,101.0
2026-09-29 05:10:00+00:00,1.4839884267108334,1.484221460881174,1.482604898107743,1.4839461588698053,4366.3857640000015,6479.481382631602,100.0
2026-09-29 05:11:00+00:00,1.484469749896821,1.4858102710564287,1.483893865647942,1.48580621133142,29913.445411940003,44445.582995383826,163.0
2026-09-29 05:12:00+00:00,1.4861222157780285,1.4867794026491186,1.4860804950371662,1.4867650929009726,6032.525161550002,8968.947832239342,72.0
2026-09-29 05:13:00+00:00,1.4865960368039475,1.4870083131037293,1.4860423804668093,1.4864616864778466,18237.59355056,27109.484066462916,116.0
2026-09-29 05:14:00+00:00,1.486495138969401,1.4874770765495866,1.4860176464719723,1.4873943248434593,5169.909959829999,7689.694734202817,97.0
2026-09-29 05:15:00+00:00,1.4874354208847187,1.488353090180696,1.4871144304067607,1.4873871712979931,31202.695042089996,46410.48831552816,111.0
2026-09-29 05:16:00+00:00,1.4874741265449805,1.4879324906190623,1.4865661459093877,1.4871213807927037,42766.248940000005,63598.60317497731,139.0
2026-09-29 05:17:00+00:00,1.4868058210320791,1.4869520134158223,1.4843641079630685,1.4861708047901556,12075.13427029,17945.712016426078,150.0
2026-09-29 05:18:00+00:00,1.4868434601582117,1.4897229373511638,1.4868434601582117,1.4887427167930742,164762.97250481002,245289.67531371347,186.0
2026-09-29 05:19:00+00:00,1.488870647092865,1.4906039884269133,1.4884945189043746,1.4887414731724482,113062.39241761008,168320.67264819428,194.0
2026-09-29 05:20:00+00:00,1.4885305409878744,1.488888859416871,1.4881725390237972,1.4884237337204091,15358.90066961,22860.552280501808,141.0
2026-09-29 05:21:00+00:00,1.4886872404416387,1.4891592037899497,1.488354686517012,1.4888075502153717,4502.245278060001,6702.976762897234,81.0
2026-09-29 05:22:00+00:00,1.488896857152284,1.4893634419805601,1.488318594846493,1.4892745608203088,48836.32269160005,72730.69302861155,127.0
2026-09-29 05:23:00+00:00,1.4893760648569865,1.4897606180817156,1.4892151337348225,1.4893614423885237,16659.74436483,24812.380897027288,97.0
2026-09-29 05:24:00+00:00,1.489176611052332,1.4909747901662178,1.489176611052332,1.490961358385408,26273.838847539995,39173.278458127534,114.0
2026-09-29 05:25:00+00:00,1.491008417993456,1.4910377272347486,1.490173941504827,1.4902676345094132,10244.418247899997,15266.924949222997,130.0
2026-09-29 05:26:00+00:00,1.4901924885710633,1.490603978130526,1.488057584623263,1.4881431075407592,39532.069591199994,58829.37688896591,204.0
2026-09-29 05:27:00+00:00,1.4879872161525034,1.488642242867777,1.4869727985593648,1.488622574398226,27815.161906710007,41406.27792487012,165.0
2026-09-29 05:28:00+00:00,1.4885249603287196,1.489740117924435,1.4881395512637656,1.4897116462721423,31544.50002693,46992.20906594952,113.0
2026-09-29 05:29:00+00:00,1.4894970253684985,1.4895487435774997,1.4886281435997697,1.4887754114465483,11552.896278580005,17199.667910542244,100.0
2026-09-29 05:30:00+00:00,1.4885891393628685,1.488741293062148,1.4862306517464154,1.4863823993277316,59648.233654290016,88660.08465472475,183.0
2026-09-29 05:31:00+00:00,1.4861144506949158,1.4861593992227315,1.4844580220410593,1.484458286126758,51377.23058647,76267.3556623305,155.0
2026-09-29 05:32:00+00:00,1.4837377581903086,1.4846588929108417,1.4829424464526704,1.4831226449817394,109188.47817119,161939.90454678622,172.0
2026-09-29 05:33:00+00:00,1.4830085220145561,1.4830085220145561,1.4803658600433465,1.4806907280248411,19908.105197390003,29477.746778318528,155.0
2026-09-29 05:34:00+00:00,1.480429702511574,1.480429702511574,1.4768323643480663,1.4772075605205912,87990.07862123004,129979.60939008226,268.0
2026-09-29 05:35:00+00:00,1.4773986963227006,1.48016052061657,1.476477648853565,1.4800448222313367,141817.54445017,209896.32236503655,246.0
2026-09-29 05:36:00+00:00,1.4791583339877226,1.479488193896687,1.4755098849306527,1.4759160099993645,157085.66228540993,231845.24390838985,337.0
2026-09-29 05:37:00+00:00,1.4754436411015148,1.4773484811542112,1.4741418725220687,1.4741625754310894,424411.05594523007,625650.8952736486,368.0
2026-09-29 05:38:00+00:00,1.4745283339303938,1.478598969442511,1.4739670048148774,1.478598969442511,74723.18559434002,110485.62521325263,233.0
2026-09-29 05:39:00+00:00,1.478876563542336,1.4808458495215229,1.478739971147148,1.4807957444376487,41201.781715189994,61011.42302710227,182.0
2026-09-29 05:40:00+00:00,1.4811240209385075,1.4833763082619964,1.4810451758152667,1.4821406993881496,62138.27774287007,92097.67043259254,175.0
2026-09-29 05:41:00+00:00,1.481995104987547,1.4840577692854935,1.4807135774839382,1.483858390717452,144458.50946503988,214355.9713802359,189.0
2026-09-29 05:42:00+00:00,1.483845253150089,1.4853422912100358,1.4832023677982837,1.4849934974217578,64789.34190454004,96211.75143047696,154.0
2026-09-29 05:43:00+00:00,1.4851370791358534,1.4886741066494822,1.4848294304957526,1.4886436320168186,87745.37536969,130621.5942830144,199.0
2026-09-29 05:44:00+00:00,1.4886420634025626,1.4894655869685178,1.4870329037517804,1.4871882195353772,200789.82910345995,298612.26844518725,290.0
2026-09-29 05:45:00+00:00,1.4869599306965842,1.4875022072909174,1.4849780952740166,1.4853721072510042,31001.900954530007,46049.358949617155,175.0
2026-09-29 05:46:00+00:00,1.4854298282780656,1.4855453194745945,1.4850039244655497,1.4850914303535643,60728.26642315001,90187.02804524818,125.0
2026-09-29 05:47:00+00:00,1.484887420271939,1.4856230980048122,1.4843173312271372,1.4855324104958987,177895.61794720002,264269.7061457615,240.0
2026-09-29 05:48:00+00:00,1.4854731069894709,1.488608956392082,1.4853387779742249,1.487145070438677,31261.409930780013,46490.2516735222,155.0
2026-09-29 05:49:00+00:00,1.4868556082194062,1.4893321339340926,1.4867982818977978,1.4893321339340926,134928.17497701003,200952.86676634298,222.0
2026-09-29 05:50:00+00:00,1.489040816883846,1.4900166329776316,1.4888366418283117,1.4900166329776316,25424.844383260002,37883.44102192532,127.0
2026-09-29 05:51:00+00:00,1.4900467799696742,1.4909913944444457,1.4881510251408998,1.489416313776489,41012.90952126002,61085.296516403774,167.0
2026-09-29 05:52:00+00:00,1.4893304133419007,1.4906107795745227,1.4888403826004786,1.4889418382949349,52748.57099395002,78539.55426316283,166.0
2026-09-29 05:53:00+00:00,1.4888080157384904,1.4904046602506809,1.4885728016570363,1.4904046602506809,80294.97694222999,119672.00782942053,147.0
2026-09-29 05:54:00+00:00,1.4909210564964277,1.492100243182576,1.490740861934473,1.4920647729986896,32965.972000609996,49187.36552977131,177.0
2026-09-29 05:55:00+00:00,1.4922884805348373,1.4927489334819661,1.4915155026605356,1.491580885119361,28324.573512879997,42248.39243096996,140.0
2026-09-29 05:56:00+00:00,1.491457726491167,1.4924527950346074,1.4912830387977685,1.4920772713877828,13653.50611701,20372.08615194468,110.0
2026-09-29 05:57:00+00:00,1.4920147359987677,1.493210158867268,1.4912333291568223,1.4923300505762727,215120.69401898002,321031.07618534734,299.0
2026-09-29 05:58:00+00:00,1.4921081839672632,1.49317623576496,1.491717461659444,1.492988101718346,46831.389750899994,69918.70768502819,144.0
2026-09-29 05:59:00+00:00,1.4929956362978218,1.493503579191291,1.4926468561772475,1.4934218057511917,9012.511562890006,13459.481292604687,133.0
2026-09-29 06:00:00+00:00,1.4934257795981476,1.494335979441602,1.493211495211173,1.4941218506354863,51345.813603610004,76716.9020438105,154.0
2026-09-29 06:01:00+00:00,1.4943139231006017,1.4958560028708943,1.4939173767040055,1.495606376096283,97667.13809728998,146071.5944733831,219.0
2026-09-29 06:02:00+00:00,1.4955661996185476,1.4963472192714924,1.4955316933857334,1.4957431666513825,34647.364701970015,51823.55899544997,159.0
2026-09-29 06:03:00+00:00,1.4958690708265059,1.4961424099977618,1.4943027996161309,1.4953991681227174,47063.47564794001,70378.68233289327,237.0
2026-09-29 06:04:00+00:00,1.4950910984947643,1.49666182687489,1.4950545273302658,1.4952551885986918,221573.26585544006,331308.57542510406,253.0
2026-09-29 06:05:00+00:00,1.4955530151202143,1.4969179583759233,1.4952665877724318,1.4963618296511294,38990.39602230999,58343.7403307659,214.0
2026-09-29 06:06:00+00:00,1.496084216546622,1.4971993924274352,1.4956442405981014,1.4971993924274352,37019.40298387,55425.427655476546,124.0
2026-09-29 06:07:00+00:00,1.4969962427638968,1.4995831436495288,1.496862597524209,1.4987053272832096,96008.92487791,143889.0871812572,232.0
2026-09-29 06:08:00+00:00,1.498463805458424,1.5001108444693732,1.4983070718649305,1.5001079761588958,66747.07948461006,100127.82632017536,240.0
2026-09-29 06:09:00+00:00,1.5000131672301105,1.5013711064322215,1.5000131672301105,1.5006976941171086,163922.26999148002,245997.77259065618,267.0
2026-09-29 06:10:00+00:00,1.500638950650731,1.5011239162239904,1.5000201883583215,1.5009139894658343,131120.50883589993,196800.60601768075,219.0
2026-09-29 06:11:00+00:00,1.5008544167322801,1.5028018447227338,1.5008463529047744,1.5027868484609046,117115.05305364988,175998.96148582615,237.0
2026-09-29 06:12:00+00:00,1.5029738616594663,1.5033420850322163,1.5016331199699446,1.5021038406764802,203957.28002050004,306365.0136527214,357.0
2026-09-29 06:13:00+00:00,1.5013379984384614,1.5021592475464658,1.5010421040105701,1.5020999143239717,22262.42666019,33440.3891789151,157.0
2026-09-29 06:14:00+00:00,1.5025036526145488,1.503994317881277,1.5025036526145488,1.5038325363033525,284685.3322580701,428119.06525801617,355.0
2026-09-29 06:15:00+00:00,1.5038098610084563,1.504074615138208,1.5005213999922666,1.5005360082245431,80860.09456308998,121333.48352035812,205.0
2026-09-29 06:16:00+00:00,1.5004875267961815,1.5005633584044888,1.499320837511848,1.499505843732532,15867.198234660002,23792.956476535186,142.0
2026-09-29 06:17:00+00:00,1.4995543263517759,1.499579048288789,1.4979330352079367,1.4986281246511404,39297.863108950005,58892.88289376298,140.0
2026-09-29 06:18:00+00:00,1.4985010376816748,1.4995972686709385,1.4980508024737447,1.498810517678093,13993.936241000001,20974.25882172744,108.0
2026-09-29 06:19:00+00:00,1.4994434480114793,1.5010644411723992,1.4993968736720926,1.5005874950658187,20539.29453,30821.00852919177,163.0
2026-09-29 06:20:00+00:00,1.5001334021424766,1.5012944188550081,1.4991680456686294,1.5012944188550081,38752.16588117,58178.410355944,208.0
2026-09-29 06:21:00+00:00,1.5014043377784017,1.5023584840560977,1.5007846612748463,1.5019739228912032,66644.27711667004,100097.96633917335,178.0
2026-09-29 06:22:00+00:00,1.5019213375045504,1.502371764823407,1.5006366091377563,1.5011434188128243,35612.60128994001,53459.62205319854,142.0
2026-09-29 06:23:00+00:00,1.500841248315198,1.501088116126492,1.500075864134242,1.500075864134242,14214.093729390002,21322.21893399982,103.0
2026-09-29 06:24:00+00:00,1.499714344205013,1.5003838641853056,1.4990269225617758,1.5002262381508193,5739.763794889999,8610.944245882094,98.0
2026-09-29 06:25:00+00:00,1.5001281486991611,1.5013639282555,1.5000308699183555,1.500408915699908,16678.986056070004,25025.299383361882,117.0
2026-09-29 06:26:00+00:00,1.5003534390240547,1.500881135023808,1.4993500147389607,1.4997335799087768,29900.400084540008,44842.63405949188,114.0
2026-09-29 06:27:00+00:00,1.4995145034915434,1.5001187225474069,1.4987029745909357,1.4992449231215552,64611.83052978,96868.95889536297,139.0
2026-09-29 06:28:00+00:00,1.499272463726951,1.4997606794920988,1.4989785935312478,1.4992196294500242,8401.300526660001,12595.3946624775,96.0
2026-09-29 06:29:00+00:00,1.499120221546846,1.5010410757723605,1.499120221546846,1.5003757891316853,184291.46589628005,276506.4535743662,197.0
2026-09-29 06:30:00+00:00,1.5000546496307934,1.501583940671798,1.4996344861662607,1.5013913801968637,32475.17230906,48757.94377523056,141.0
2026-09-29 06:31:00+00:00,1.5017377925982383,1.5044835891265238,1.5017377925982383,1.5043930195085324,125678.76391919995,189070.2551405052,169.0
2026-09-29 06:32:00+00:00,1.5041113142783502,1.5043681379633291,1.5021795742676392,1.5034313878182848,22159.661743769993,33315.53100901988,118.0
2026-09-29 06:33:00+00:00,1.5035482877858564,1.5037405375736792,1.5027185132784067,1.5032933117927265,35333.92301427999,53117.25014676621,116.0
2026-09-29 06:34:00+00:00,1.5032075312505981,1.503734037862913,1.5024803970684226,1.5033851784413836,11569.298580780001,17393.11201130759,89.0
2026-09-29 06:35:00+00:00,1.5031596148459179,1.5034063430967117,1.5024113680666973,1.5025979764958977,6844.3246533500005,10284.268374604697,94.0
2026-09-29 06:36:00+00:00,1.502606678998625,1.5031580988975666,1.5021747083943204,1.5026059003917092,26197.88769922001,39365.100634647366,99.0
2026-09-29 06:37:00+00:00,1.5027603054639505,1.5031267728915476,1.5001258330051135,1.500694071282298,77492.04075286002,116291.84612938325,175.0
2026-09-29 06:38:00+00:00,1.5007739501951067,1.5008789241661469,1.5003648918905896,1.500549512515809,44657.6550215,67011.022472611,122.0
2026-09-29 06:39:00+00:00,1.500323680215433,1.500977585378825,1.4999037342390171,1.500775927191241,42108.91486471,63196.04574910219,84.0
2026-09-29 06:40:00+00:00,1.5009602148203722,1.5022154515182933,1.5008956624761838,1.501644124115785,12677.414421600004,19036.96487517636,94.0
2026-09-29 06:41:00+00:00,1.5016964473759038,1.5022937210071667,1.5016399053819787,1.5019828747485753,60733.618954909994,91220.85559178027,96.0
2026-09-29 06:42:00+00:00,1.5019941692215952,1.5025732869786395,1.5016028032006214,1.5022917925349513,41313.712400290024,62065.25105810515,106.0
2026-09-29 06:43:00+00:00,1.5023743083618697,1.5024003015236822,1.5018162107933002,1.50229486266563,5636.634301580001,8467.886753988507,57.0
2026-09-29 06:44:00+00:00,1.502067452915244,1.5025312405388636,1.501814485663481,1.502500262089494,5344.55091101,8030.189144543169,55.0
2026-09-29 06:45:00+00:00,1.502465164841682,1.5028537242554245,1.502259126678533,1.5026139333855306,6854.9029270400015,10300.272650175564,77.0
2026-09-29 06:46:00+00:00,1.5025171442428282,1.5029700045116856,1.5025170940088854,1.5029700045116856,18828.106006449998,28298.07856946065,72.0
2026-09-29 06:47:00+00:00,1.5028251013001246,1.5028251013001246,1.5020190935772404,1.5023834795314486,7762.120626590002,11661.681795519115,79.0
2026-09-29 06:48:00+00:00,1.5018798863475946,1.5026719950539058,1.5017060476748982,1.502662027032255,8622.07454101,12956.064007017289,80.0
2026-09-29 06:49:00+00:00,1.5031190654181672,1.50344704870282,1.5030821776310517,1.5033872964968353,10758.1347124,16173.643060623795,69.0
2026-09-29 06:50:00+00:00,1.5026386781632368,1.5027049572316789,1.5021417135680941,1.5022973982603305,5700.88416875,8564.423454496631,56.0
2026-09-29 06:51:00+00:00,1.5024604064430247,1.5043098426297896,1.502309271936944,1.5041898063931445,120452.70489861004,181183.7308609708,226.0
2026-09-29 06:52:00+00:00,1.5038477190965052,1.5058709019180607,1.5033599894534555,1.5047395940134785,615438.2679954498,926074.3295238315,308.0
2026-09-29 06:53:00+00:00,1.5048718534265428,1.5059089045242735,1.5047544048832597,1.5059089045242735,397993.6275420001,599342.147659415,173.0
2026-09-29 06:54:00+00:00,1.5060304548766377,1.507155368408668,1.5060236317782436,1.5067698873956243,134604.90519877,202818.61784924936,212.0
2026-09-29 06:55:00+00:00,1.50699432944136,1.5070591600542167,1.5059167707941779,1.506391436849519,17121.870155769997,25792.238585501265,104.0
2026-09-29 06:56:00+00:00,1.5066958926031726,1.5082896611275491,1.5063054564338152,1.506906369448998,209902.1926828498,316302.9511150972,224.0
2026-09-29 06:57:00+00:00,1.5066999063428819,1.5067143133253582,1.5058151878786352,1.50610188605921,43639.84069083,65726.04637178252,124.0
2026-09-29 06:58:00+00:00,1.5058064845567798,1.5063238127759173,1.5051717298890965,1.505930978404821,31556.81608501001,47522.38692224012,107.0
2026-09-29 06:59:00+00:00,1.5059636651329524,1.5062263722418334,1.5051846574886567,1.5052722265249503,15615.529128510007,23505.622299637474,99.0
2026-09-29 07:00:00+00:00,1.5050271964544786,1.5050943487867854,1.5026127364893138,1.5027487720430734,100473.99332836,150987.17009645695,221.0
2026-09-29 07:01:00+00:00,1.5027888318991034,1.5029346240844317,1.5020838216275425,1.5027218927375645,28601.57666198,42980.21541676914,107.0
2026-09-29 07:02:00+00:00,1.5025669428826587,1.5031690685047,1.5020801977700136,1.5031690685047,42714.70958978,64207.43022551838,158.0
2026-09-29 07:03:00+00:00,1.5035429298099492,1.5044622940245507,1.5027653878105316,1.5043719427234354,70689.80638662001,106343.76136458306,163.0
2026-09-29 07:04:00+00:00,1.5042998831339809,1.5050767472354512,1.503316071521296,1.5033428471908754,364585.0445430501,548096.3189065611,359.0
2026-09-29 07:05:00+00:00,1.503408162838425,1.5052741075805183,1.5031223320906293,1.50478385893576,190596.22715264003,286806.12619334634,232.0
2026-09-29 07:06:00+00:00,1.504859172842478,1.505254347740949,1.5038000838175425,1.5039707215006968,142932.00803974006,214965.55525707125,210.0
2026-09-29 07:07:00+00:00,1.5039670226387358,1.504551482772282,1.5032332134151465,1.5036816373269244,190891.30704894004,287039.75313482684,220.0
2026-09-29 07:08:00+00:00,1.5035240336528828,1.503810707200388,1.5017310719400707,1.5032945698389257,184730.85733802,277704.8947179347,229.0
2026-09-29 07:09:00+00:00,1.50373731363228,1.5056811881372059,1.5035628660081168,1.5049682807603915,156602.31190658,235681.5121131483,216.0
2026-09-29 07:10:00+00:00,1.5046784377081337,1.5046784377081337,1.5033944288733674,1.5045116771385296,59497.35635395999,89514.4673934051,189.0
2026-09-29 07:11:00+00:00,1.5048247459724515,1.5048786883040648,1.5038460152131048,1.5041156094880554,47064.43486539,70790.35113276697,194.0
2026-09-29 07:12:00+00:00,1.5045965367532468,1.5045967788357981,1.5035993445944302,1.503704176873983,70058.74615292999,105347.62921671491,134.0
2026-09-29 07:13:00+00:00,1.5037684860422655,1.503869249920656,1.502905345681439,1.503686751874355,77406.44601146999,116395.04737712494,147.0
2026-09-29 07:14:00+00:00,1.503928548951377,1.5046169384318566,1.503399189052068,1.5046168443395218,40269.212967340005,60589.73613895527,90.0
2026-09-29 07:15:00+00:00,1.5049274483855914,1.5061983595027457,1.5043795421072632,1.505571078032578,44098.52160943,66393.45871915246,151.0
2026-09-29 07:16:00+00:00,1.5051770469265853,1.506307322172172,1.5044737543675786,1.506307322172172,52308.042968249996,78791.98813157156,152.0
2026-09-29 07:17:00+00:00,1.5067084286967063,1.5077889423353865,1.5063136800584713,1.5071888533102502,98527.04011548003,148498.85661170338,159.0
2026-09-29 07:18:00+00:00,1.507212274067663,1.507506963051646,1.5037617472982285,1.5044670243132843,168687.11440976005,253784.20105604624,380.0
2026-09-29 07:19:00+00:00,1.5041660192866964,1.504791151782067,1.5030240026663901,1.5030382488359983,228568.26190987002,343546.84012049885,261.0
2026-09-29 07:20:00+00:00,1.5036557461020998,1.5050546510790535,1.503519647518658,1.504164238808638,19030.486556,28624.97732466376,129.0
2026-09-29 07:21:00+00:00,1.5038778718244046,1.5039497163056872,1.5028793003525558,1.5033260947884115,25541.74824345,38397.57664089446,122.0
2026-09-29 07:22:00+00:00,1.503024279007265,1.5032966805134353,1.5027870524286722,1.5029281952292801,45252.31772224,68010.98420422812,111.0
2026-09-29 07:23:00+00:00,1.502834848438989,1.504759846497145,1.5025791517654041,1.5039044596414783,32332.807265829997,48625.45303981013,122.0
2026-09-29 07:24:00+00:00,1.5041128080077608,1.5051877564114422,1.5036734582977676,1.5051877564114422,48162.30943348001,72493.31847977341,161.0
2026-09-29 07:25:00+00:00,1.5054280028202365,1.5074163845414235,1.5054280028202365,1.5071329801301794,29660.396572520003,44702.161878185034,108.0
2026-09-29 07:26:00+00:00,1.5068912489633057,1.5069840365794676,1.5049111973852627,1.5052299683711534,41125.07753478999,61902.69915695317,120.0
2026-09-29 07:27:00+00:00,1.5052679664399746,1.5067720406455178,1.5052679664399746,1.5067168616242976,130606.3037316199,196786.72006685613,196.0
2026-09-29 07:28:00+00:00,1.506402336817692,1.506526686012137,1.5047993272873152,1.5049521347899193,18996.80204655,28589.27779413693,102.0
2026-09-29 07:29:00+00:00,1.504750222877637,1.5049991792583017,1.5045598193408314,1.5048727020951795,25898.09965074,38973.34320053933,76.0
2026-09-29 07:30:00+00:00,1.5046478639677163,1.5050100913127802,1.5038629695032664,1.504812443375395,39449.66484899,59364.346551749084,123.0
2026-09-29 07:31:00+00:00,1.5042995717410128,1.5043187194116954,1.503547058197284,1.5040745826221011,52609.37178223,79128.41890536854,111.0
2026-09-29 07:32:00+00:00,1.5039718543422862,1.5071665992964736,1.5039718543422862,1.5064542604827167,65641.73872907,98886.27697390085,193.0
2026-09-29 07:33:00+00:00,1.5069580523817179,1.5070764820337825,1.5064530938764953,1.506502338976115,89467.66008239001,134783.23917684055,111.0
2026-09-29 07:34:00+00:00,1.5066068887990103,1.5077257909888093,1.5065609687275028,1.507713916801893,115113.60960047001,173558.39120792862,143.0
2026-09-29 07:35:00+00:00,1.5074696103122216,1.5083414732100306,1.507239814712706,1.508171168642659,45495.75312859002,68615.38316422352,136.0
2026-09-29 07:36:00+00:00,1.5079770627418385,1.5085425452781147,1.5078135076115338,1.5084608956791112,14378.802638700006,21689.86150716658,87.0
2026-09-29 07:37:00+00:00,1.5084699955131358,1.508873393750123,1.5082237654154689,1.5086275371259819,30363.598003000006,45807.36007354928,113.0
2026-09-29 07:38:00+00:00,1.5085172282928363,1.5096852169536965,1.508369457850858,1.5094869862703013,23589.837768340003,35608.55311953688,144.0
2026-09-29 07:39:00+00:00,1.509517294414827,1.5112162222999588,1.5094217634719578,1.5100753038234522,168269.4182910599,254099.49295006786,328.0
2026-09-29 07:40:00+00:00,1.5099932532364886,1.5108280553100473,1.5095175735023219,1.5096836337941983,111460.60138045998,168270.24571693945,149.0
2026-09-29 07:41:00+00:00,1.5098230967302977,1.5105172437029648,1.5095458365514245,1.5095483236606584,42000.46261705004,63401.72793654004,147.0
2026-09-29 07:42:00+00:00,1.509527924023132,1.5095923583286388,1.508388738028405,1.5085032838522747,28894.997589459996,43588.198750603966,113.0
2026-09-29 07:43:00+00:00,1.5086622028297252,1.5089348042148159,1.508075721235405,1.5081888600032571,30993.898031050005,46744.6517385065,119.0
2026-09-29 07:44:00+00:00,1.508124571628867,1.5088013643972362,1.507646361957445,1.5085211766857927,20192.07055921,30460.166039702017,94.0
2026-09-29 07:45:00+00:00,1.5084129982243804,1.5091296472117777,1.5079885735866414,1.5083555360945233,21509.483072410007,32443.947870801072,113.0
2026-09-29 07:46:00+00:00,1.5082460105177944,1.5083123103830656,1.5070268987829258,1.5071269935671068,87443.72127904999,131788.79275761466,152.0
2026-09-29 07:47:00+00:00,1.5080576195197932,1.5088867422171415,1.5078398296645035,1.5084607253682585,24645.694130050004,37177.06164461946,112.0
2026-09-29 07:48:00+00:00,1.5084991419175005,1.5089144024754526,1.5082493873538287,1.5085892624879789,11977.753091740004,18069.509702931162,82.0
2026-09-29 07:49:00+00:00,1.5087242179257647,1.5087988139090334,1.5078044917064704,1.5078731274007646,8976.77826,13535.842708889393,72.0
2026-09-29 07:50:00+00:00,1.5075774682052636,1.5080145005748202,1.5074014974396042,1.507897146347968,10576.185635970003,15947.800139725538,88.0
2026-09-29 07:51:00+00:00,1.5077633564191346,1.5080376839806275,1.5075185898912822,1.5078882678501364,12897.52786105,19448.03094594756,77.0
2026-09-29 07:52:00+00:00,1.5078074648242548,1.508428763021728,1.5071357399705771,1.5072222429592799,47589.38930121,71727.78608363209,124.0
2026-09-29 07:53:00+00:00,1.5070972523963597,1.5080709356419475,1.5070972523963597,1.5078882405499134,22704.983652369992,34236.57785128673,77.0
2026-09-29 07:54:00+00:00,1.5079361346097775,1.5087565928932039,1.507933532862651,1.508515311423686,13401.7735231,20216.78055982891,100.0
2026-09-29 07:55:00+00:00,1.5081518909727778,1.50823179719402,1.5073798254868263,1.5074127693199006,31645.986735439998,47703.56450273045,96.0
2026-09-29 07:56:00+00:00,1.5072357923302242,1.507831337436233,1.5069220598980886,1.5077085761078803,19733.274209630003,29752.026760547607,91.0
2026-09-29 07:57:00+00:00,1.5077279549983564,1.5081741270264533,1.5071637104939675,1.507315178544675,18417.224072689998,27760.56139142401,89.0
2026-09-29 07:58:00+00:00,1.507126415296919,1.507126415296919,1.50679557949049,1.5069194925579397,16863.18302414,25411.45920564871,65.0
2026-09-29 07:59:00+00:00,1.5071530350465423,1.5081623980872216,1.5071530350465423,1.5079048527715884,15995.951236679999,24120.37249448746,105.0
2026-09-29 08:00:00+00:00,1.5081148045900759,1.5090595879560396,1.5079978502310978,1.508747517623533,16687.489257890004,25177.207993210915,126.0
2026-09-29 08:01:00+00:00,1.5078271688180367,1.5080435168397122,1.507350258302105,1.5077695825706563,25656.135863049996,38683.54126060694,90.0
2026-09-29 08:02:00+00:00,1.5077271038626372,1.5088637704775083,1.5074337252866834,1.5075845263737653,26753.000240419995,40332.4091965308,132.0
2026-09-29 08:03:00+00:00,1.5071390714311281,1.507314824128244,1.5067871666227175,1.5070807763377663,92983.17976455999,140133.16274592714,138.0
2026-09-29 08:04:00+00:00,1.5068794989579857,1.507302569857261,1.5054074520318537,1.5057897668162559,100902.70633304998,151938.26264037247,194.0
2026-09-29 08:05:00+00:00,1.5057162186384172,1.5060980991940067,1.5049770915418745,1.505874040535461,40802.532855180005,61443.47501471081,155.0
2026-09-29 08:06:00+00:00,1.5057106322893867,1.5063300859731832,1.5052432581819895,1.5054132567635725,6621.184948200001,9967.61959650371,112.0
2026-09-29 08:07:00+00:00,1.5054120004580542,1.5057602673763426,1.5047370825116224,1.5047370825116224,23105.419783089994,34767.58195461316,123.0
2026-09-29 08:08:00+00:00,1.5047164336431038,1.5050506123710676,1.5040544097607917,1.504133017051594,14479.345304229997,21778.861337383296,100.0
2026-09-29 08:09:00+00:00,1.5037928251485686,1.505382083499202,1.503328278495257,1.505382083499202,27362.283805410003,41190.69180428459,142.0
2026-09-29 08:10:00+00:00,1.5054498083629897,1.5063776922745407,1.5047273608668523,1.5047569645623349,24152.015513550003,36342.91355223193,130.0
2026-09-29 08:11:00+00:00,1.50430847650613,1.504478782766814,1.5033886538940624,1.5041697428335905,55848.9222829,84006.25906780288,162.0
2026-09-29 08:12:00+00:00,1.504571161630373,1.5055525967224872,1.5043135625717852,1.5052665167965336,13361.117985710007,20112.04353085722,137.0
2026-09-29 08:13:00+00:00,1.5051076982750038,1.5055062001451733,1.503892890187878,1.5054369923882,62827.05370017001,94582.17076299587,184.0
2026-09-29 08:14:00+00:00,1.5052969748541714,1.5056450406625377,1.5045792535464955,1.504760222639126,8819.827737220003,13271.72594949791,95.0
2026-09-29 08:15:00+00:00,1.5048869134935878,1.506568621292082,1.5048869134935878,1.506568621292082,15019.995913660006,22628.65453545546,111.0
2026-09-29 08:16:00+00:00,1.5066073919548697,1.5075813300986556,1.5066073919548697,1.5073582337133908,26116.53747453,39366.97779831712,122.0
2026-09-29 08:17:00+00:00,1.5075819037406186,1.507994546606043,1.5067192560644662,1.5067192560644662,11977.024917780001,18046.014073983057,95.0
2026-09-29 08:18:00+00:00,1.5065863506528152,1.5070759830701075,1.5061378824713731,1.5065934584381078,19119.048036650005,28804.632703580846,129.0
2026-09-29 08:19:00+00:00,1.5063068900689398,1.5078831973116003,1.5062248824980493,1.507687523055702,20779.41390648,31328.863083210043,111.0
2026-09-29 08:20:00+00:00,1.5077402998170584,1.5088113876605946,1.507453373399126,1.5088113876605946,9360.210506050002,14122.79220242858,86.0
2026-09-29 08:21:00+00:00,1.5087348566200953,1.511467773857145,1.5087271557228839,1.5113671120136507,102631.09954874007,155113.26852776477,203.0
2026-09-29 08:22:00+00:00,1.5116692884118121,1.5135775093706,1.511332289782825,1.5120570366160702,66856.65332185998,101091.07309991955,248.0
2026-09-29 08:23:00+00:00,1.5109699854242027,1.5109699854242027,1.5078021589498847,1.509195320288934,210033.80344572003,316982.0332627665,274.0
2026-09-29 08:24:00+00:00,1.5093753091449986,1.509509799020513,1.5073058196507958,1.508794416501757,53911.84266696999,81341.88719924552,204.0
2026-09-29 08:25:00+00:00,1.5085588721903143,1.5105622791514457,1.5079517175391213,1.5105622791514457,19902.462763569994,30063.90951286507,142.0
2026-09-29 08:26:00+00:00,1.5105225500514265,1.5112010860025242,1.509433635269347,1.5099166556898103,30763.905415680012,46450.9331812012,115.0
2026-09-29 08:27:00+00:00,1.5098230886291635,1.5112880161807798,1.5094373765381999,1.5103296562832722,115924.69672610988,175084.5073610881,226.0
2026-09-29 08:28:00+00:00,1.51043292598293,1.5106734349599118,1.5085780353446907,1.5088917384597358,59585.57086142,89908.1756042038,119.0
2026-09-29 08:29:00+00:00,1.5087220630136937,1.5099030569093435,1.5079229784482306,1.5079992717682227,398751.12757038,601316.4099928907,234.0
2026-09-29 08:30:00+00:00,1.5079285922766563,1.5084931789511222,1.5058648697385713,1.5063901489268763,182136.45351911994,274368.55934168014,296.0
2026-09-29 08:31:00+00:00,1.5062933183210145,1.507237571497593,1.5060059215206518,1.5069547952622298,27257.07521699,41075.18020306636,123.0
2026-09-29 08:32:00+00:00,1.5066331170381138,1.5066541212509683,1.505320308500282,1.5059348018743526,37734.5593533,56825.78616352783,167.0
2026-09-29 08:33:00+00:00,1.5055944513227515,1.5055944513227515,1.5034205140900416,1.503582036196697,87996.84756913008,132310.47924688298,187.0
2026-09-29 08:34:00+00:00,1.503346213821775,1.504913166518824,1.502962589178908,1.5037942479190118,28373.505075730005,42667.913726183666,139.0
2026-09-29 08:35:00+00:00,1.5037974402655232,1.5045872968113407,1.5036599162646465,1.5037095684698154,42545.95963502,63976.76660291011,139.0
2026-09-29 08:36:00+00:00,1.503376811426284,1.5034292569007666,1.4998324016092712,1.499942068053426,174279.05277694997,261408.4828406505,202.0
2026-09-29 08:37:00+00:00,1.4999230482097043,1.499987967468086,1.49810581282994,1.4984696625214935,99571.07219375999,149204.2309470868,205.0
2026-09-29 08:38:00+00:00,1.4984434415416101,1.5003042625359686,1.4979435550995137,1.5001812184271084,149286.09727856997,223956.19930959292,253.0
2026-09-29 08:39:00+00:00,1.5004278781372165,1.5023031773075195,1.5002436941755941,1.5014864611094194,98213.01527253001,147465.51273643645,207.0
2026-09-29 08:40:00+00:00,1.5020454021569278,1.5024762752063505,1.4999301187736225,1.4999301187736225,25549.268728520008,38322.11767854822,136.0
2026-09-29 08:41:00+00:00,1.4994846113841684,1.500332087089285,1.4986482329610356,1.5002005426997918,40450.97321825003,60684.57197475344,129.0
2026-09-29 08:42:00+00:00,1.5018015698727758,1.502207270795892,1.5007380667690338,1.5017306901332563,30348.082886750002,45574.64745774035,126.0
2026-09-29 08:43:00+00:00,1.5012095378864354,1.5014313255286962,1.5005400737234966,1.500553339776324,53725.53399115999,80618.02946170153,123.0
2026-09-29 08:44:00+00:00,1.5001288988741017,1.5009524706857942,1.4988583952267578,1.498881322671747,190983.76303283012,286261.9953434759,240.0
2026-09-29 08:45:00+00:00,1.4990276757784875,1.4993084494314886,1.4980784117012296,1.4991174396221338,107361.82645185005,160947.98638365333,204.0
2026-09-29 08:46:00+00:00,1.4999245768483092,1.5011338522961024,1.499475245746315,1.4999826682269317,28150.46906522,42225.2157002884,155.0
2026-09-29 08:47:00+00:00,1.4995395993875047,1.4998023558398081,1.4987169298589031,1.4991507982561538,91817.56437904,137648.37493277362,161.0
2026-09-29 08:48:00+00:00,1.4985361814410192,1.5012769577229292,1.4984273818680458,1.5011681581499559,23383.760883170005,35102.9572556073,127.0
2026-09-29 08:49:00+00:00,1.5019683582930454,1.5021290585438936,1.5012526031148312,1.5015949758495903,11515.52234253,17291.650493826754,81.0
2026-09-29 08:50:00+00:00,1.5018170661819545,1.5025456429168045,1.5010212463162702,1.5021491688615634,24075.21664183,36164.56666868701,128.0
2026-09-29 08:51:00+00:00,1.5022505567558744,1.5028893916825379,1.5017268778199475,1.5020989585600568,30035.70540102,45116.60180248882,139.0
2026-09-29 08:52:00+00:00,1.5011967232088241,1.5011967232088241,1.4984877615945382,1.4985583108889453,44277.28848060998,66352.09863624546,148.0
2026-09-29 08:53:00+00:00,1.4981950718431385,1.4984469642114997,1.4977214496326439,1.4979712431809433,18306.44365913,27422.526166288862,89.0
2026-09-29 08:54:00+00:00,1.4978518883477596,1.4983931889922377,1.4974870872528863,1.4981038376508375,84498.85726538004,126588.06234637619,153.0
2026-09-29 08:55:00+00:00,1.498175160904327,1.4997753026822354,1.4981683817373979,1.4997437332670551,15870.279303250001,23801.351930247034,95.0
2026-09-29 08:56:00+00:00,1.499619666856164,1.500566629304398,1.4996025758725868,1.5003866040715648,17446.98228749,26177.21850562386,95.0
2026-09-29 08:57:00+00:00,1.5014635535533043,1.501583878218236,1.5002412167808266,1.501170609896331,18523.554229419995,27807.015200026177,108.0
2026-09-29 08:58:00+00:00,1.5002358912410962,1.5004366283318722,1.4995851867864476,1.5003467835852544,7923.615068210001,11888.17038195653,48.0
2026-09-29 08:59:00+00:00,1.5007309961007043,1.5014427647679962,1.5006203550651378,1.5007186232332757,11765.40376169,17656.56053502702,81.0
2026-09-29 09:00:00+00:00,1.5005166357826427,1.500533370468058,1.4979948030431924,1.5000523155674377,23775.71987698999,35664.82365576159,176.0
2026-09-29 09:01:00+00:00,1.4995376776584466,1.5020248845397752,1.4993647365069864,1.5012242835258165,29615.301296889997,44459.20947082487,172.0
2026-09-29 09:02:00+00:00,1.5023841626324468,1.5028512566098233,1.5011354799503418,1.5011801829503026,36033.3051131,54092.48356198754,166.0
2026-09-29 09:03:00+00:00,1.5000804913205743,1.5002917724930207,1.4987889077463807,1.498792229949335,24023.749885259993,36006.609662273906,132.0
2026-09-29 09:04:00+00:00,1.4989400664947714,1.501930484314889,1.498856922492243,1.501900035055982,24229.114993379997,36389.70865793283,169.0
2026-09-29 09:05:00+00:00,1.5019931491665652,1.5025574322397064,1.5003344256848306,1.5004198970495257,11377.207334260005,17070.588257181505,133.0
2026-09-29 09:06:00+00:00,1.5002624320489772,1.5018703978900252,1.4995734479904188,1.501179538581839,20708.89731451,31087.772915134803,145.0
2026-09-29 09:07:00+00:00,1.5011963777519073,1.5012725971498913,1.4996589130936164,1.4998995219655977,14162.194142409999,21241.868224184745,110.0
2026-09-29 09:08:00+00:00,1.4994006969659452,1.499917308418731,1.4992112712529395,1.499441832628664,52279.459629360004,78390.00875548382,126.0
2026-09-29 09:09:00+00:00,1.4991283368857977,1.499134039584656,1.4984341952259466,1.4986946720622778,6410.99958258,9608.130917006132,67.0
2026-09-29 09:10:00+00:00,1.4985469217198453,1.4995069412150122,1.4981005751922822,1.4981679996209718,36019.830837090005,53963.757911888926,144.0
2026-09-29 09:11:00+00:00,1.4981675602968758,1.4983535389273055,1.4975397972593243,1.4981932328662735,22172.190132140007,33218.225213796526,116.0
2026-09-29 09:12:00+00:00,1.498225987125252,1.4992318722873323,1.4980501700465054,1.4984784241889573,21536.199320829997,32271.530021296625,177.0
2026-09-29 09:13:00+00:00,1.498463109358071,1.4994173646558466,1.4983994320910943,1.499125247759197,9149.4896807,13716.230984449605,110.0
2026-09-29 09:14:00+00:00,1.498826658418804,1.499002547491491,1.4983837420990758,1.4990004157229622,5966.876716400001,8944.350678451265,69.0
2026-09-29 09:15:00+00:00,1.4987608999248838,1.4987992189208765,1.497730798905335,1.4978856787491948,22437.78276445,33609.23346575517,117.0
2026-09-29 09:16:00+00:00,1.497927942368539,1.4997807075801344,1.497845461195789,1.4997807075801344,15918.504730330002,23874.266288072045,140.0
2026-09-29 09:17:00+00:00,1.4998136797031203,1.5010081319615343,1.4998096721046712,1.500745439200641,25432.687753830003,38167.990153174374,112.0
2026-09-29 09:18:00+00:00,1.500724592879828,1.5012862354655825,1.5005957725829913,1.501264727071564,10655.82903492,15997.22026783042,94.0
2026-09-29 09:19:00+00:00,1.5010950319552412,1.5016783694715286,1.500660451292644,1.500963139511956,8468.523269050002,12710.941272943344,127.0
2026-09-29 09:20:00+00:00,1.5008235046709748,1.5018554815657164,1.5008132486650319,1.5017264972977284,46828.37655269001,70323.41389461025,162.0
2026-09-29 09:21:00+00:00,1.501748918862078,1.5031393103703163,1.5015773752333856,1.503036768190393,20562.85919116,30906.733423435246,132.0
2026-09-29 09:22:00+00:00,1.5030193305184805,1.5030533840826763,1.5022918959200802,1.5024802638210093,13715.20243375,20606.82097101925,88.0
2026-09-29 09:23:00+00:00,1.5033869313478398,1.5034805539803207,1.5020211078243173,1.5021976130890489,14429.327783269993,21675.70175450768,120.0
2026-09-29 09:24:00+00:00,1.5012739189143947,1.502794596005751,1.5012041224443569,1.5027238145689499,24516.79944506,36841.978383102476,130.0
2026-09-29 09:25:00+00:00,1.502851772211205,1.5031651725680284,1.5025452385223947,1.502949123721991,18762.60731690001,28199.244225674684,97.0
2026-09-29 09:26:00+00:00,1.502975727386783,1.5029840047502394,1.5017306229546248,1.502513641746356,15484.910232250006,23266.288865173367,105.0
2026-09-29 09:27:00+00:00,1.5027786612140936,1.5039132461310796,1.5022809894111524,1.5039132461310796,133382.42013340004,200595.5884396411,155.0
2026-09-29 09:28:00+00:00,1.5039527632540748,1.5041292542288418,1.5029796407017815,1.5030583492357779,34364.22991621,51651.44269061734,113.0
2026-09-29 09:29:00+00:00,1.5027768900853566,1.5030435265214108,1.5020080969460898,1.5020579976918558,14430.649792240005,21675.672932324418,106.0
2026-09-29 09:30:00+00:00,1.5019009486607349,1.5029523600668837,1.5017238432333369,1.5029461102759456,6953.997410090001,10451.483358363766,91.0
2026-09-29 09:31:00+00:00,1.5035239136481335,1.5052052068111452,1.5034798023878015,1.505158543935659,9990.49717857,15037.28218648973,113.0
2026-09-29 09:32:00+00:00,1.5053763380971004,1.5062951490218373,1.5052718536961256,1.5054729116723884,31546.53455556,47492.45323053253,136.0
2026-09-29 09:33:00+00:00,1.5053349325658603,1.506575988408935,1.5052239791098,1.506575988408935,26930.07812737001,40572.20907267231,115.0
2026-09-29 09:34:00+00:00,1.5066407832309758,1.506793322848363,1.5060034658692403,1.5065542261833735,30305.72932062001,45657.224585549455,111.0
2026-09-29 09:35:00+00:00,1.5067607017822715,1.506881771680635,1.5057544646774292,1.5065242736632392,11237.890679990007,16930.15509417883,100.0
2026-09-29 09:36:00+00:00,1.5062177774274232,1.5063545268837395,1.5055246708699244,1.5062004555672563,17399.94499497,26207.805078269015,106.0
2026-09-29 09:37:00+00:00,1.5061113625837765,1.5074735100928212,1.506092857639331,1.5070052411600572,68923.6822603,103868.35040632256,125.0
2026-09-29 09:38:00+00:00,1.507191252102063,1.5075829836944172,1.5071800106366198,1.5072211551225083,18990.919029,28623.514915727406,65.0
2026-09-29 09:39:00+00:00,1.5076750442734435,1.50803419629905,1.5075102851172115,1.5077434591878247,83089.30224813998,125277.35199311328,107.0
2026-09-29 09:40:00+00:00,1.5075325912728093,1.5077068225208217,1.5070112797321695,1.5070848419066845,55777.2739425,84061.08408161845,128.0
2026-09-29 09:41:00+00:00,1.5072808186345534,1.5075316539597976,1.5066767919990065,1.5068278749206916,12721.59624328,19169.255832860657,91.0
2026-09-29 09:42:00+00:00,1.506772519725009,1.5078992314536794,1.50645702256769,1.5078565251372344,104533.78237914003,157621.94585766195,150.0
2026-09-29 09:43:00+00:00,1.5077819281685596,1.508204625996512,1.5069817586339758,1.507666772664262,45207.06435089,68157.18881153195,97.0
2026-09-29 09:44:00+00:00,1.5072890693926646,1.507864185510225,1.5067583869009598,1.5078210565171326,19634.31921661,29605.039945183533,107.0
2026-09-29 09:45:00+00:00,1.507704593909613,1.5085618648842827,1.5063307013242595,1.5065188595747503,65148.71078908008,98147.76148073016,153.0
2026-09-29 09:46:00+00:00,1.506222962913686,1.5072760384553203,1.506222962913686,1.5071806131738164,12566.896261650001,18940.58241332539,84.0
2026-09-29 09:47:00+00:00,1.5071500326991352,1.510016954865683,1.5071500326991352,1.509564174996879,55758.15442099001,84170.51237787036,198.0
2026-09-29 09:48:00+00:00,1.5098362914367154,1.5106300192669813,1.5093189686363129,1.5105886121670384,36008.786610450006,54394.46299169871,117.0
2026-09-29 09:49:00+00:00,1.5101969763142422,1.5109562575294309,1.509366681969484,1.5109440786251214,47106.04727479005,71174.60319727907,160.0
2026-09-29 09:50:00+00:00,1.511057718476967,1.5133178254401103,1.5110146696031017,1.5133178254401103,85716.03595189002,129715.60513206052,174.0
2026-09-29 09:51:00+00:00,1.5134204027950464,1.5137000919308894,1.5104261549374136,1.510507723968641,54571.39267215,82430.51013900829,134.0
2026-09-29 09:52:00+00:00,1.510290706812797,1.5105234143585438,1.5092687594150167,1.5100836916894496,77637.03420782,117238.41922836492,230.0
2026-09-29 09:53:00+00:00,1.510324132455755,1.5114222379128517,1.510036999562855,1.5114181985989195,121498.92989475,183635.69375321947,257.0
2026-09-29 09:54:00+00:00,1.512026055936882,1.5131870644368646,1.5120243071387123,1.5123331962829565,128682.65982985997,194611.05824668455,159.0
2026-09-29 09:55:00+00:00,1.5123626501604388,1.514266674460608,1.5121220679859437,1.5136197883263522,101769.09174501999,154039.71110526228,273.0
2026-09-29 09:56:00+00:00,1.51336053106087,1.5139878647524354,1.5116413007746263,1.5121550750001762,90506.56607066002,136859.96320458731,170.0
2026-09-29 09:57:00+00:00,1.5120767913958453,1.512184991679879,1.510847177773583,1.5114326794173878,72393.61153442999,109418.07025418503,146.0
2026-09-29 09:58:00+00:00,1.5108630838484436,1.5110712220645584,1.5104385151322925,1.5109902950757674,17320.753768940005,26171.49084826537,96.0
2026-09-29 09:59:00+00:00,1.5109170039685018,1.5110794896165471,1.5103649425711803,1.510616546424314,8890.46335723,13430.081052810696,55.0
2026-09-29 10:00:00+00:00,1.5103353018088446,1.5104369174241787,1.5086533486168991,1.5087125685711347,75491.5947896,113895.1178805487,158.0
2026-09-29 10:01:00+00:00,1.5087223688671887,1.509985165907461,1.5085372557352517,1.5099845931471323,138425.27591910996,209020.0339399968,156.0
2026-09-29 10:02:00+00:00,1.5099534813455446,1.5101579836661239,1.5077697472661868,1.5078393519736966,35280.46261168,53197.2698817278,155.0
2026-09-29 10:03:00+00:00,1.5077198830366043,1.5096400932560534,1.5077198830366043,1.5090434877407413,55769.19468286002,84158.14005271549,156.0
2026-09-29 10:04:00+00:00,1.5090083694546899,1.509500874754434,1.508647370321205,1.5092903849314732,16665.37040073,25152.883307143362,107.0
2026-09-29 10:05:00+00:00,1.5090844733615176,1.509169173166942,1.5073858208534678,1.5087528045099368,285744.87189799984,431118.3768504399,292.0
2026-09-29 10:06:00+00:00,1.5087610239509266,1.5090550443423103,1.507588218299433,1.5082272143172624,42170.61114933998,63602.863379825525,161.0
2026-09-29 10:07:00+00:00,1.508463688680125,1.508872674038772,1.5078805879555024,1.508869319673373,96827.63139063005,146100.24230196408,156.0
2026-09-29 10:08:00+00:00,1.5087655257169907,1.5094409533859365,1.5082781551381845,1.508280721576277,11580.252056669999,17466.270928069393,126.0
2026-09-29 10:09:00+00:00,1.508473421946976,1.5098498113910919,1.5083367117018311,1.509814936870424,18039.52576408,27236.345452666832,128.0
2026-09-29 10:10:00+00:00,1.5098043698266177,1.5103839089747322,1.5096993057273536,1.5102002964115837,235357.9144606898,355437.59218134586,215.0
2026-09-29 10:11:00+00:00,1.510772989322103,1.511894521388426,1.5107177514347183,1.5113057874956157,31261.11641058999,47245.10615489882,133.0
2026-09-29 10:12:00+00:00,1.5108161163355842,1.5118724440909912,1.5102125771479238,1.5111476927594647,188172.57700664972,284356.5555842014,268.0
2026-09-29 10:13:00+00:00,1.5107131906139484,1.511189143339224,1.5100613458336478,1.510972957302199,43546.03682498001,65796.8840402305,172.0
2026-09-29 10:14:00+00:00,1.5107710982169398,1.5107820712113136,1.5089422299965247,1.5090339381963518,81639.43158702999,123196.67295988751,159.0
2026-09-29 10:15:00+00:00,1.508799185386108,1.5097164859781598,1.5086436611963692,1.5089833698752162,54791.303947700006,82679.16647085758,141.0
2026-09-29 10:16:00+00:00,1.50890282436388,1.5095220427361213,1.5083137281429093,1.5084851931510768,66921.25906493003,100949.72840647421,134.0
2026-09-29 10:17:00+00:00,1.508455850783514,1.5094871401899626,1.5081578836990048,1.508848790068753,66884.64049777006,100918.80888924387,171.0
2026-09-29 10:18:00+00:00,1.5082386731679573,1.5083585320637622,1.5074719545182211,1.5079572434953112,32404.549232060013,48864.67473668532,122.0
2026-09-29 10:19:00+00:00,1.5080161600804585,1.5081764010381142,1.5072239754470285,1.507384216404684,4980.747972780002,7507.900880058201,71.0
2026-09-29 10:20:00+00:00,1.5071412276917815,1.5073219077708393,1.5059067496549166,1.5071026288304714,123068.28532729998,185476.53634243234,157.0
2026-09-29 10:21:00+00:00,1.5067402126432972,1.506798489276532,1.5058665381545466,1.5062425669676154,35740.60361189001,53834.01852934523,114.0
2026-09-29 10:22:00+00:00,1.5064442985684394,1.5069976006496013,1.5064268953678173,1.5067131593947858,69206.77538076004,104274.75918547023,98.0
2026-09-29 10:23:00+00:00,1.5062896978922464,1.506828915423795,1.5059837138609558,1.5066193969258443,30248.023726530002,45572.259265063265,105.0
2026-09-29 10:24:00+00:00,1.5063530620396914,1.5072053135565324,1.5062467369654693,1.5064262610292884,9818.00848866,14790.1058183259,76.0
2026-09-29 10:25:00+00:00,1.506376939999622,1.507175130535832,1.5063718122458605,1.5071717863485963,4798.03142601,7231.457595296195,60.0
2026-09-29 10:26:00+00:00,1.507102881708198,1.5074889148549595,1.5065431267084741,1.5068020208948338,60748.62448717,91536.15014384914,120.0
2026-09-29 10:27:00+00:00,1.506754252609657,1.5075327750733405,1.5067541952325723,1.5074397753060471,115658.03384862999,174347.52055711797,102.0
2026-09-29 10:28:00+00:00,1.50731269829143,1.5074177852905242,1.506736010051462,1.5074146738340817,4139.54051349,6240.004112965496,54.0
2026-09-29 10:29:00+00:00,1.507728015643869,1.507758214650413,1.506850252526951,1.5074170193053367,24326.933942659994,36670.834252682354,112.0
2026-09-29 10:30:00+00:00,1.507580918126127,1.5078623743762412,1.506644969458903,1.506673847061648,28304.97246833,42646.3617598328,121.0
2026-09-29 10:31:00+00:00,1.5060422358174606,1.5061226388132058,1.505551583851135,1.5058148516261518,20027.89947655,30158.30847866462,107.0
2026-09-29 10:32:00+00:00,1.505922156363094,1.5061811034571249,1.504808645265571,1.5054109137198313,207174.01443354003,311882.022367401,268.0
2026-09-29 10:33:00+00:00,1.5054970392782365,1.5059436530511139,1.5039820199863534,1.5043392770040827,12756.37832064,19189.920940062133,112.0
2026-09-29 10:34:00+00:00,1.5042707355916016,1.5050667766404868,1.5038321327047122,1.5049895750776856,25144.36767291,37842.01121964992,120.0
2026-09-29 10:35:00+00:00,1.5044531685014022,1.5047654479781325,1.504124061632451,1.5046598606378365,12384.57022147,18634.565703496548,88.0
2026-09-29 10:36:00+00:00,1.5046885208859897,1.5047721355188273,1.5041265594287518,1.5045286975549081,5482.258644740001,8248.21545842981,73.0
2026-09-29 10:37:00+00:00,1.5044105713775489,1.504791507041874,1.5032094587281875,1.5033993218877961,105996.78613936002,159355.4964041996,150.0
2026-09-29 10:38:00+00:00,1.5035411685390305,1.5035411685390305,1.5025511255141362,1.502622483723312,24325.376890199994,36551.85824025797,87.0
2026-09-29 10:39:00+00:00,1.5024513523780265,1.5033947021816791,1.502433690986277,1.5033941573924907,42606.53916188003,64054.42204268478,103.0
2026-09-29 10:40:00+00:00,1.5041433229625225,1.5055828017327972,1.5039857745444256,1.5053226530764925,33946.49205998001,51100.4234903692,121.0
2026-09-29 10:41:00+00:00,1.5048218298418001,1.5048218298418001,1.5025238739050337,1.5026980114603128,9822.9464337,14760.922072602163,104.0
2026-09-29 10:42:00+00:00,1.502834309383135,1.5041700740828536,1.5027911836733927,1.50374255817978,23267.250487469995,34987.95476983787,97.0
2026-09-29 10:43:00+00:00,1.5034089087812332,1.5034112112519582,1.5021161154978693,1.5025262746081254,126653.16522909995,190299.7085190069,180.0
2026-09-29 10:44:00+00:00,1.5026049292016839,1.503502527475121,1.5022125311318706,1.503502527475121,10614.437335999997,15958.833362402287,66.0
2026-09-29 10:45:00+00:00,1.5042551507556547,1.5047993181520267,1.5039139731705977,1.5047823431099823,21537.160163660003,32408.738335007267,140.0
2026-09-29 10:46:00+00:00,1.5039720065703328,1.5052489446722963,1.50395366273232,1.5047809839347293,10072.83002648,15157.40307825386,98.0
2026-09-29 10:47:00+00:00,1.504342282336453,1.504559411015978,1.5028997960312225,1.5033549600793383,25250.33863423,37960.22182945262,134.0
2026-09-29 10:48:00+00:00,1.503588084818458,1.5042073810219088,1.5034298844589158,1.5042073810219088,20847.250257380005,31358.58771116189,113.0
2026-09-29 10:49:00+00:00,1.5041787076180295,1.5047077636436086,1.5040775561256765,1.5045359974015935,12914.557112999999,19430.416067007296,86.0
2026-09-29 10:50:00+00:00,1.5045205560658848,1.5052559460980102,1.504462643995023,1.505223379393209,9921.93358289,14934.726397752656,69.0
2026-09-29 10:51:00+00:00,1.5054339910247423,1.5064265057556736,1.5053375854511386,1.5063258821253944,26381.817165,39739.6140131395,109.0
2026-09-29 10:52:00+00:00,1.5063392200854706,1.5076064953721477,1.5062372951217702,1.5069372883071668,199208.14100751,300194.17581856885,198.0
2026-09-29 10:53:00+00:00,1.5068415500532144,1.507315163815774,1.5067527298087449,1.507121551318522,50183.88659896996,75633.2170222324,148.0
2026-09-29 10:54:00+00:00,1.5069729623537034,1.5070618325926564,1.506501842697407,1.5067248733379301,68843.93615118,103728.87097747123,85.0
2026-09-29 10:55:00+00:00,1.506634834419022,1.507875140163555,1.5064380714205512,1.507498510040927,36984.58671466,55754.20936682941,100.0
2026-09-29 10:56:00+00:00,1.5074836986122735,1.5080394092469678,1.506889203503554,1.5072001364839642,17240.57128154,25984.991388598602,80.0
2026-09-29 10:57:00+00:00,1.5070150806446754,1.5070586610379726,1.5066082105693086,1.5067477555161024,14186.032336720002,21374.77238303171,76.0
2026-09-29 10:58:00+00:00,1.5070012414698133,1.5079369952280937,1.5069202293006618,1.5077656244534436,10017.317485829999,15103.766954370869,118.0
2026-09-29 10:59:00+00:00,1.507848514944678,1.5081894661826207,1.5071919784777097,1.5076633355974671,35911.91121023002,54143.071842895464,105.0
2026-09-29 11:00:00+00:00,1.5075740434055391,1.508035910501021,1.5067714696472665,1.5070521717358996,20945.21052066,31565.525002626262,98.0
2026-09-29 11:01:00+00:00,1.507077697285745,1.5082824264556556,1.5070584023750127,1.5080229403202214,19744.9781736,29775.880041910867,123.0
2026-09-29 11:02:00+00:00,1.5077404030556072,1.5078854279783498,1.506468152584777,1.50759705658931,47785.948285549995,72041.95498162416,182.0
2026-09-29 11:03:00+00:00,1.507648782442878,1.5086674102674449,1.5070800060332001,1.5081284575598402,39841.85811410998,60086.640023950684,181.0
2026-09-29 11:04:00+00:00,1.5078100159113084,1.5079494790904726,1.5063414238573714,1.5063608865523828,26210.546473050003,39482.54202216603,132.0
2026-09-29 11:05:00+00:00,1.506092934737489,1.5067637368525943,1.5053553424824624,1.5067500267488496,52653.95010436002,79336.34072817705,155.0
2026-09-29 11:06:00+00:00,1.5073975242887396,1.5097780166955796,1.5072918269803397,1.509703898274423,17940.16589062,27084.33838075885,176.0
2026-09-29 11:07:00+00:00,1.5090437276086974,1.5094158562124942,1.507526691772,1.5088401749330753,60295.43799381007,90976.17921024677,202.0
2026-09-29 11:08:00+00:00,1.5086507040599386,1.5096661047772406,1.5071077029894597,1.5071077029894597,29439.58675006999,44368.62796385692,143.0
2026-09-29 11:09:00+00:00,1.506790790595141,1.5078260491557276,1.5066363879935751,1.5070031848846916,75870.25529226998,114336.7163634655,182.0
2026-09-29 11:10:00+00:00,1.5073479233442564,1.5076563077784484,1.5058632647981165,1.5058653399220572,212693.43791953998,320287.67619189905,210.0
2026-09-29 11:11:00+00:00,1.505844244663923,1.507275090143394,1.5057557227930491,1.507268320448915,24787.94021173,37362.0770103224,122.0
2026-09-29 11:12:00+00:00,1.5070544978930371,1.5081956362187816,1.5068156321607593,1.507686023748353,44675.63568845002,67356.83152954922,190.0
2026-09-29 11:13:00+00:00,1.5073535554034831,1.5073535554034831,1.506140858021725,1.506140858021725,52575.98007302,79186.83173851146,142.0
2026-09-29 11:14:00+00:00,1.5062943044774184,1.50680506811415,1.5054777904104348,1.5068044570100616,17561.797399590003,26462.194594809927,141.0
2026-09-29 11:15:00+00:00,1.5066998887201675,1.5071369085796797,1.5049262911840986,1.5049348364754664,47761.646688060006,71878.16594829458,196.0
2026-09-29 11:16:00+00:00,1.5050116895871033,1.5060042383210634,1.5045414948921887,1.5058159987528061,29359.424091399997,44209.89051099868,117.0
2026-09-29 11:17:00+00:00,1.5056687394407036,1.5062774156818832,1.5053121133092235,1.5056950417530652,24246.931080500006,36508.48390563715,102.0
2026-09-29 11:18:00+00:00,1.5056993697924985,1.5074372393887694,1.5055147546080014,1.5074263761575235,18402.905535250004,27741.025201771143,145.0
2026-09-29 11:19:00+00:00,1.5073891237817765,1.507399816755796,1.5059665911053108,1.5059700519182628,20711.896595249997,31191.49599087433,110.0
2026-09-29 11:20:00+00:00,1.505911552083508,1.5062507557778453,1.5053754393260297,1.5061794125348942,47151.349177979995,71018.39140511758,134.0
